{"event": "start", "run": "w11_mq_d512_1600M", "arm": "qwen", "seed": 0, "cfg": {"d": 512, "T": 256, "seed": 0, "M": 65536, "k": 32, "hops": 4, "softness": 0.25, "n_layer": 4, "M_big": 0, "value_init": "zero", "qgrad": 0.0, "ngram_orders": [1], "f": 1376, "train_name": "train_big", "n_back": 8, "decays": [0.5, 0.8, 0.9, 0.97, 0.99], "d_a": 256, "n_sub": 256, "heads": 1, "readout_f": 0, "share_store": false, "dense_f": null, "sched": "cosine", "wsd_decay": 0.2, "untie": false, "hop_mlp": 0, "ng_rows": 0, "ng_orders": [2, 3], "conj": 0, "rt_write": 0, "rt_buckets": 4096, "rt_shuffle": false, "graded": false, "mix_layers": 0, "mix_heads": 4, "mix_n_sub": 64, "mix_d_a": 64, "mix_k": 32, "mix_decays": [1.0, 0.999, 0.99, 0.9], "mix_f": 0, "mix_chunk": 256}, "B": 32, "T": 256, "tokens_target": 1600000000, "steps": 195312, "lr": 0.003, "loss_path": "chunked", "store_lr_mult": 3.0, "store_wd": 0.0, "params": {"embedding": 66191360, "non_embedding_trainable": 11605504, "frozen_store_values": 0, "total_trainable": 77796864}, "flops_per_token_fwd": {"head": 132382720, "body": 24248320.0, "total": 156631040.0}, "device": "cuda", "stamp_start": {"utc": "2026-10-03T16:53:27Z", "load": [82.41, 82.05, 83.24], "ncpu": 256, "powermode": "unknown", "torch": "2.8.0+cu128", "host": "3f0115c61e4a", "cuda": "12.8", "gpu": "NVIDIA GeForce RTX 5090", "driver": "595.71.05\n595.71.05", "mem_available_gb": 474.3}, "resumed_from_step": 0, "init": null, "train_name": "train_big"}
{"event": "step", "step": 100, "loss": 9.7679, "lr": 7.680491551459293e-05, "gnorm": 4.036, "tok_per_s": 32047.5, "load": 84.0625}
{"event": "step", "step": 200, "loss": 7.4169, "lr": 0.00015360983102918587, "gnorm": 1.479, "tok_per_s": 147816.9, "load": 84.41796875}
{"event": "step", "step": 300, "loss": 6.7119, "lr": 0.0002304147465437788, "gnorm": 1.877, "tok_per_s": 165124.0, "load": 85.185546875}
{"event": "step", "step": 400, "loss": 6.4039, "lr": 0.00030721966205837174, "gnorm": 1.594, "tok_per_s": 166075.3, "load": 85.8916015625}
{"event": "step", "step": 500, "loss": 6.243, "lr": 0.00038402457757296467, "gnorm": 1.655, "tok_per_s": 166079.0, "load": 87.181640625}
{"event": "step", "step": 600, "loss": 5.9241, "lr": 0.0004608294930875576, "gnorm": 1.319, "tok_per_s": 166076.7, "load": 88.28857421875}
{"event": "step", "step": 700, "loss": 5.8826, "lr": 0.0005376344086021505, "gnorm": 1.305, "tok_per_s": 165654.0, "load": 87.62451171875}
{"event": "step", "step": 800, "loss": 5.8437, "lr": 0.0006144393241167435, "gnorm": 1.37, "tok_per_s": 162130.9, "load": 88.93603515625}
{"event": "step", "step": 900, "loss": 5.6082, "lr": 0.0006912442396313364, "gnorm": 1.262, "tok_per_s": 151806.6, "load": 88.78076171875}
{"event": "step", "step": 1000, "loss": 5.8257, "lr": 0.0007680491551459293, "gnorm": 1.296, "tok_per_s": 141616.8, "load": 86.9560546875}
{"event": "step", "step": 1100, "loss": 5.2968, "lr": 0.0008448540706605224, "gnorm": 1.195, "tok_per_s": 144792.7, "load": 86.39892578125}
{"event": "step", "step": 1200, "loss": 5.5248, "lr": 0.0009216589861751152, "gnorm": 1.257, "tok_per_s": 161001.0, "load": 87.0078125}
{"event": "step", "step": 1300, "loss": 5.4896, "lr": 0.0009984639016897081, "gnorm": 1.544, "tok_per_s": 166027.3, "load": 84.9248046875}
{"event": "step", "step": 1400, "loss": 5.3354, "lr": 0.001075268817204301, "gnorm": 1.644, "tok_per_s": 159394.1, "load": 85.41162109375}
{"event": "step", "step": 1500, "loss": 5.4035, "lr": 0.001152073732718894, "gnorm": 1.697, "tok_per_s": 152466.0, "load": 86.98046875}
{"event": "step", "step": 1600, "loss": 5.2913, "lr": 0.001228878648233487, "gnorm": 1.837, "tok_per_s": 164955.0, "load": 84.89990234375}
{"event": "step", "step": 1700, "loss": 5.1327, "lr": 0.00130568356374808, "gnorm": 2.004, "tok_per_s": 152320.0, "load": 86.189453125}
{"event": "step", "step": 1800, "loss": 5.165, "lr": 0.0013824884792626728, "gnorm": 2.55, "tok_per_s": 140807.4, "load": 84.65234375}
{"event": "step", "step": 1900, "loss": 5.3061, "lr": 0.0014592933947772657, "gnorm": 2.303, "tok_per_s": 144073.4, "load": 82.11767578125}
{"event": "step", "step": 2000, "loss": 5.3949, "lr": 0.0015360983102918587, "gnorm": 2.481, "tok_per_s": 164566.6, "load": 82.9892578125}
{"event": "step", "step": 2100, "loss": 5.3711, "lr": 0.0016129032258064516, "gnorm": 2.691, "tok_per_s": 151366.3, "load": 81.70849609375}
{"event": "step", "step": 2200, "loss": 5.2366, "lr": 0.0016897081413210448, "gnorm": 2.67, "tok_per_s": 148805.6, "load": 80.03271484375}
{"event": "step", "step": 2300, "loss": 5.0834, "lr": 0.0017665130568356375, "gnorm": 2.535, "tok_per_s": 142586.1, "load": 80.7509765625}
{"event": "step", "step": 2400, "loss": 5.1184, "lr": 0.0018433179723502304, "gnorm": 2.985, "tok_per_s": 138355.5, "load": 81.17138671875}
{"event": "step", "step": 2500, "loss": 5.2099, "lr": 0.0019201228878648233, "gnorm": 2.927, "tok_per_s": 139639.3, "load": 83.23974609375}
{"event": "step", "step": 2600, "loss": 4.9846, "lr": 0.0019969278033794163, "gnorm": 3.456, "tok_per_s": 134774.2, "load": 82.49951171875}
{"event": "step", "step": 2700, "loss": 5.2273, "lr": 0.002073732718894009, "gnorm": 3.084, "tok_per_s": 148889.3, "load": 83.1005859375}
{"event": "step", "step": 2800, "loss": 5.0666, "lr": 0.002150537634408602, "gnorm": 2.944, "tok_per_s": 153301.0, "load": 83.9736328125}
{"event": "step", "step": 2900, "loss": 5.1146, "lr": 0.0022273425499231953, "gnorm": 2.654, "tok_per_s": 150226.8, "load": 82.9140625}
{"event": "step", "step": 3000, "loss": 5.2987, "lr": 0.002304147465437788, "gnorm": 2.802, "tok_per_s": 132185.4, "load": 82.6806640625}
{"event": "step", "step": 3100, "loss": 4.9036, "lr": 0.002380952380952381, "gnorm": 2.483, "tok_per_s": 140587.6, "load": 84.38818359375}
{"event": "step", "step": 3200, "loss": 5.0772, "lr": 0.002457757296466974, "gnorm": 2.758, "tok_per_s": 143275.8, "load": 82.83544921875}
{"event": "step", "step": 3300, "loss": 5.1921, "lr": 0.002534562211981567, "gnorm": 2.797, "tok_per_s": 152996.3, "load": 82.04736328125}
{"event": "step", "step": 3400, "loss": 5.1558, "lr": 0.00261136712749616, "gnorm": 1.918, "tok_per_s": 136949.2, "load": 79.88134765625}
{"event": "step", "step": 3500, "loss": 5.112, "lr": 0.002688172043010753, "gnorm": 1.453, "tok_per_s": 133488.5, "load": 81.47265625}
{"event": "step", "step": 3600, "loss": 5.2655, "lr": 0.0027649769585253456, "gnorm": 1.312, "tok_per_s": 135285.4, "load": 82.31591796875}
{"event": "step", "step": 3700, "loss": 4.9768, "lr": 0.0028417818740399383, "gnorm": 0.995, "tok_per_s": 135155.4, "load": 81.56982421875}
{"event": "step", "step": 3800, "loss": 5.1197, "lr": 0.0029185867895545315, "gnorm": 0.768, "tok_per_s": 134247.0, "load": 82.8056640625}
{"event": "step", "step": 3900, "loss": 4.9502, "lr": 0.0029953917050691246, "gnorm": 0.476, "tok_per_s": 136808.8, "load": 82.58056640625}
{"event": "step", "step": 4000, "loss": 5.2309, "lr": 0.002999998427255279, "gnorm": 0.488, "tok_per_s": 136279.5, "load": 83.8818359375}
{"event": "step", "step": 4100, "loss": 5.0974, "lr": 0.002999993226600707, "gnorm": 0.414, "tok_per_s": 132917.9, "load": 84.6923828125}
{"event": "step", "step": 4200, "loss": 5.0162, "lr": 0.0029999843891400707, "gnorm": 0.425, "tok_per_s": 139087.4, "load": 85.19775390625}
{"event": "step", "step": 4300, "loss": 4.9393, "lr": 0.0029999719148971794, "gnorm": 0.399, "tok_per_s": 136759.4, "load": 85.34228515625}
{"event": "step", "step": 4400, "loss": 4.9448, "lr": 0.0029999558039056373, "gnorm": 0.398, "tok_per_s": 134933.0, "load": 85.47509765625}
{"event": "step", "step": 4500, "loss": 5.0485, "lr": 0.002999936056208846, "gnorm": 0.399, "tok_per_s": 134726.0, "load": 86.01416015625}
{"event": "step", "step": 4600, "loss": 5.0251, "lr": 0.002999912671860006, "gnorm": 0.374, "tok_per_s": 136290.6, "load": 84.8916015625}
{"event": "step", "step": 4700, "loss": 5.0672, "lr": 0.0029998856509221125, "gnorm": 0.371, "tok_per_s": 137656.1, "load": 85.78125}
{"event": "step", "step": 4800, "loss": 5.0583, "lr": 0.0029998549934679587, "gnorm": 0.373, "tok_per_s": 136175.8, "load": 87.080078125}
{"event": "step", "step": 4900, "loss": 4.9807, "lr": 0.0029998206995801332, "gnorm": 0.361, "tok_per_s": 139909.5, "load": 86.9130859375}
{"event": "step", "step": 5000, "loss": 4.9799, "lr": 0.0029997827693510233, "gnorm": 0.371, "tok_per_s": 135819.1, "load": 85.103515625}
{"event": "step", "step": 5100, "loss": 4.9166, "lr": 0.0029997412028828106, "gnorm": 0.38, "tok_per_s": 110618.0, "load": 85.416015625}
{"event": "step", "step": 5200, "loss": 4.8835, "lr": 0.0029996960002874715, "gnorm": 0.358, "tok_per_s": 155756.1, "load": 85.30224609375}
{"event": "step", "step": 5300, "loss": 4.7051, "lr": 0.002999647161686781, "gnorm": 0.324, "tok_per_s": 147189.9, "load": 85.19775390625}
{"event": "step", "step": 5400, "loss": 4.802, "lr": 0.002999594687212306, "gnorm": 0.345, "tok_per_s": 139654.7, "load": 84.861328125}
{"event": "step", "step": 5500, "loss": 4.6255, "lr": 0.0029995385770054113, "gnorm": 0.318, "tok_per_s": 138818.0, "load": 84.1552734375}
{"event": "step", "step": 5600, "loss": 4.8385, "lr": 0.0029994788312172537, "gnorm": 0.33, "tok_per_s": 138732.4, "load": 85.02392578125}
{"event": "step", "step": 5700, "loss": 4.7699, "lr": 0.0029994154500087846, "gnorm": 0.337, "tok_per_s": 140400.8, "load": 83.90087890625}
{"event": "step", "step": 5800, "loss": 4.871, "lr": 0.0029993484335507506, "gnorm": 0.334, "tok_per_s": 139296.3, "load": 83.10791015625}
{"event": "step", "step": 5900, "loss": 5.0674, "lr": 0.0029992777820236896, "gnorm": 0.509, "tok_per_s": 140433.5, "load": 83.259765625}
{"event": "step", "step": 6000, "loss": 4.8212, "lr": 0.0029992034956179327, "gnorm": 0.324, "tok_per_s": 139220.5, "load": 83.15869140625}
{"event": "step", "step": 6100, "loss": 4.7778, "lr": 0.0029991255745336035, "gnorm": 0.354, "tok_per_s": 139311.2, "load": 83.755859375}
{"event": "step", "step": 6200, "loss": 4.945, "lr": 0.0029990440189806176, "gnorm": 0.354, "tok_per_s": 139383.2, "load": 84.17626953125}
{"event": "step", "step": 6300, "loss": 4.953, "lr": 0.00299895882917868, "gnorm": 0.349, "tok_per_s": 159198.7, "load": 84.001953125}
{"event": "step", "step": 6400, "loss": 4.7, "lr": 0.002998870005357288, "gnorm": 0.318, "tok_per_s": 153961.7, "load": 84.08203125}
{"event": "step", "step": 6500, "loss": 4.5561, "lr": 0.002998777547755728, "gnorm": 0.299, "tok_per_s": 138647.8, "load": 82.7939453125}
{"event": "step", "step": 6600, "loss": 4.6618, "lr": 0.0029986814566230753, "gnorm": 0.321, "tok_per_s": 140698.4, "load": 82.40966796875}
{"event": "step", "step": 6700, "loss": 4.76, "lr": 0.0029985817322181942, "gnorm": 0.365, "tok_per_s": 164079.6, "load": 82.857421875}
{"event": "step", "step": 6800, "loss": 4.788, "lr": 0.002998478374809737, "gnorm": 0.302, "tok_per_s": 166390.0, "load": 83.189453125}
{"event": "step", "step": 6900, "loss": 4.7491, "lr": 0.0029983713846761413, "gnorm": 0.317, "tok_per_s": 165797.7, "load": 80.8515625}
{"event": "step", "step": 7000, "loss": 4.6843, "lr": 0.0029982607621056347, "gnorm": 0.343, "tok_per_s": 165313.9, "load": 80.783203125}
{"event": "step", "step": 7100, "loss": 4.5931, "lr": 0.002998146507396226, "gnorm": 0.319, "tok_per_s": 160973.9, "load": 81.201171875}
{"event": "step", "step": 7200, "loss": 4.5785, "lr": 0.002998028620855713, "gnorm": 0.314, "tok_per_s": 156836.4, "load": 82.787109375}
{"event": "step", "step": 7300, "loss": 4.8144, "lr": 0.002997907102801674, "gnorm": 0.339, "tok_per_s": 154825.5, "load": 80.9619140625}
{"event": "step", "step": 7400, "loss": 4.6538, "lr": 0.002997781953561472, "gnorm": 0.341, "tok_per_s": 146741.0, "load": 82.56689453125}
{"event": "step", "step": 7500, "loss": 4.7926, "lr": 0.0029976531734722534, "gnorm": 0.328, "tok_per_s": 153716.2, "load": 82.80029296875}
{"event": "step", "step": 7600, "loss": 4.652, "lr": 0.0029975207628809425, "gnorm": 0.332, "tok_per_s": 145934.1, "load": 83.056640625}
{"event": "step", "step": 7700, "loss": 4.6877, "lr": 0.0029973847221442477, "gnorm": 0.33, "tok_per_s": 137588.5, "load": 82.9716796875}
{"event": "step", "step": 7800, "loss": 4.6053, "lr": 0.0029972450516286536, "gnorm": 0.342, "tok_per_s": 158611.8, "load": 81.7724609375}
{"event": "step", "step": 7900, "loss": 4.7362, "lr": 0.0029971017517104264, "gnorm": 0.318, "tok_per_s": 163685.4, "load": 82.9921875}
{"event": "step", "step": 8000, "loss": 4.7038, "lr": 0.002996954822775607, "gnorm": 0.302, "tok_per_s": 155127.2, "load": 83.4736328125}
{"event": "step", "step": 8100, "loss": 4.5744, "lr": 0.0029968042652200135, "gnorm": 0.308, "tok_per_s": 152191.6, "load": 82.39453125}
{"event": "step", "step": 8200, "loss": 4.5128, "lr": 0.00299665007944924, "gnorm": 0.302, "tok_per_s": 154020.4, "load": 81.64208984375}
{"event": "step", "step": 8300, "loss": 4.5851, "lr": 0.0029964922658786545, "gnorm": 0.313, "tok_per_s": 142148.2, "load": 78.94775390625}
{"event": "step", "step": 8400, "loss": 4.6267, "lr": 0.002996330824933398, "gnorm": 0.364, "tok_per_s": 142122.5, "load": 79.4326171875}
{"event": "step", "step": 8500, "loss": 4.5965, "lr": 0.002996165757048382, "gnorm": 0.305, "tok_per_s": 151235.4, "load": 79.23779296875}
{"event": "step", "step": 8600, "loss": 4.705, "lr": 0.002995997062668292, "gnorm": 0.335, "tok_per_s": 164945.3, "load": 79.45947265625}
{"event": "step", "step": 8700, "loss": 4.5715, "lr": 0.0029958247422475805, "gnorm": 0.3, "tok_per_s": 165022.2, "load": 79.6630859375}
{"event": "step", "step": 8800, "loss": 4.6917, "lr": 0.002995648796250468, "gnorm": 0.311, "tok_per_s": 165021.2, "load": 80.1708984375}
{"event": "step", "step": 8900, "loss": 4.7314, "lr": 0.002995469225150945, "gnorm": 0.356, "tok_per_s": 164177.5, "load": 81.9990234375}
{"event": "step", "step": 9000, "loss": 4.6163, "lr": 0.002995286029432764, "gnorm": 0.336, "tok_per_s": 164380.6, "load": 82.39990234375}
{"event": "step", "step": 9100, "loss": 4.7553, "lr": 0.0029950992095894454, "gnorm": 0.325, "tok_per_s": 163904.2, "load": 82.20751953125}
{"event": "step", "step": 9200, "loss": 4.6604, "lr": 0.0029949087661242718, "gnorm": 0.342, "tok_per_s": 158867.8, "load": 81.7900390625}
{"event": "step", "step": 9300, "loss": 4.549, "lr": 0.002994714699550286, "gnorm": 0.305, "tok_per_s": 163589.2, "load": 79.484375}
{"event": "step", "step": 9400, "loss": 4.7181, "lr": 0.0029945170103902923, "gnorm": 0.409, "tok_per_s": 158721.4, "load": 81.04736328125}
{"event": "step", "step": 9500, "loss": 4.8526, "lr": 0.0029943156991768553, "gnorm": 0.334, "tok_per_s": 163255.7, "load": 79.68212890625}
{"event": "step", "step": 9600, "loss": 4.7099, "lr": 0.0029941107664522956, "gnorm": 0.34, "tok_per_s": 147203.8, "load": 79.5166015625}
{"event": "step", "step": 9700, "loss": 4.6726, "lr": 0.002993902212768691, "gnorm": 0.334, "tok_per_s": 151434.8, "load": 79.7958984375}
{"event": "step", "step": 9800, "loss": 4.6037, "lr": 0.0029936900386878717, "gnorm": 0.318, "tok_per_s": 136705.5, "load": 79.8125}
{"event": "step", "step": 9900, "loss": 4.5068, "lr": 0.002993474244781425, "gnorm": 0.316, "tok_per_s": 158352.6, "load": 79.1865234375}
{"event": "step", "step": 10000, "loss": 4.554, "lr": 0.002993254831630686, "gnorm": 0.359, "tok_per_s": 161330.5, "load": 77.72998046875}
{"event": "step", "step": 10100, "loss": 4.5728, "lr": 0.0029930317998267423, "gnorm": 0.324, "tok_per_s": 114899.4, "load": 76.79052734375}
{"event": "step", "step": 10200, "loss": 4.7554, "lr": 0.0029928051499704287, "gnorm": 0.299, "tok_per_s": 165063.5, "load": 77.8486328125}
{"event": "step", "step": 10300, "loss": 4.5326, "lr": 0.0029925748826723276, "gnorm": 0.431, "tok_per_s": 159706.3, "load": 78.66162109375}
{"event": "step", "step": 10400, "loss": 4.5356, "lr": 0.0029923409985527657, "gnorm": 0.346, "tok_per_s": 157523.7, "load": 78.4482421875}
{"event": "step", "step": 10500, "loss": 4.814, "lr": 0.002992103498241814, "gnorm": 0.373, "tok_per_s": 160138.7, "load": 80.25439453125}
{"event": "step", "step": 10600, "loss": 4.5352, "lr": 0.0029918623823792846, "gnorm": 0.305, "tok_per_s": 166157.7, "load": 79.75341796875}
{"event": "step", "step": 10700, "loss": 4.6922, "lr": 0.0029916176516147307, "gnorm": 0.376, "tok_per_s": 165509.4, "load": 80.09375}
{"event": "step", "step": 10800, "loss": 4.8078, "lr": 0.0029913693066074424, "gnorm": 0.336, "tok_per_s": 149863.9, "load": 79.365234375}
{"event": "step", "step": 10900, "loss": 4.5586, "lr": 0.0029911173480264485, "gnorm": 0.333, "tok_per_s": 165044.8, "load": 80.05712890625}
{"event": "step", "step": 11000, "loss": 4.6838, "lr": 0.0029908617765505106, "gnorm": 0.359, "tok_per_s": 164654.9, "load": 80.29296875}
{"event": "step", "step": 11100, "loss": 4.7185, "lr": 0.0029906025928681237, "gnorm": 0.354, "tok_per_s": 160940.0, "load": 79.86865234375}
{"event": "step", "step": 11200, "loss": 4.5828, "lr": 0.002990339797677514, "gnorm": 0.31, "tok_per_s": 149757.7, "load": 78.47900390625}
{"event": "step", "step": 11300, "loss": 4.6215, "lr": 0.0029900733916866378, "gnorm": 0.338, "tok_per_s": 157743.8, "load": 79.32177734375}
{"event": "step", "step": 11400, "loss": 4.4946, "lr": 0.0029898033756131774, "gnorm": 0.349, "tok_per_s": 165991.1, "load": 80.57763671875}
{"event": "step", "step": 11500, "loss": 4.3854, "lr": 0.0029895297501845407, "gnorm": 0.317, "tok_per_s": 166311.8, "load": 81.25244140625}
{"event": "step", "step": 11600, "loss": 4.5383, "lr": 0.0029892525161378603, "gnorm": 0.299, "tok_per_s": 165813.7, "load": 82.994140625}
{"event": "step", "step": 11700, "loss": 4.8161, "lr": 0.0029889716742199876, "gnorm": 0.342, "tok_per_s": 166128.1, "load": 81.6328125}
{"event": "step", "step": 11800, "loss": 4.6068, "lr": 0.0029886872251874965, "gnorm": 0.349, "tok_per_s": 165732.6, "load": 81.341796875}
{"event": "step", "step": 11900, "loss": 4.7224, "lr": 0.0029883991698066758, "gnorm": 0.357, "tok_per_s": 164928.4, "load": 80.75341796875}
{"event": "step", "step": 12000, "loss": 4.758, "lr": 0.0029881075088535308, "gnorm": 0.351, "tok_per_s": 165436.9, "load": 81.25390625}
{"event": "step", "step": 12100, "loss": 4.4867, "lr": 0.00298781224311378, "gnorm": 0.325, "tok_per_s": 163077.3, "load": 82.67529296875}
{"event": "step", "step": 12200, "loss": 4.5612, "lr": 0.002987513373382852, "gnorm": 0.331, "tok_per_s": 161885.0, "load": 79.978515625}
{"event": "step", "step": 12300, "loss": 4.701, "lr": 0.0029872109004658864, "gnorm": 0.303, "tok_per_s": 164784.2, "load": 80.861328125}
{"event": "step", "step": 12400, "loss": 4.5084, "lr": 0.0029869048251777272, "gnorm": 0.297, "tok_per_s": 166194.5, "load": 82.55419921875}
{"event": "step", "step": 12500, "loss": 4.8178, "lr": 0.002986595148342924, "gnorm": 0.374, "tok_per_s": 166371.3, "load": 82.55419921875}
{"event": "step", "step": 12600, "loss": 4.4747, "lr": 0.0029862818707957297, "gnorm": 0.286, "tok_per_s": 158612.0, "load": 80.921875}
{"event": "step", "step": 12700, "loss": 4.6305, "lr": 0.002985964993380096, "gnorm": 0.372, "tok_per_s": 149679.1, "load": 82.28955078125}
{"event": "step", "step": 12800, "loss": 4.4719, "lr": 0.0029856445169496727, "gnorm": 0.304, "tok_per_s": 141229.3, "load": 80.98486328125}
{"event": "step", "step": 12900, "loss": 4.4506, "lr": 0.002985320442367805, "gnorm": 0.305, "tok_per_s": 138172.2, "load": 80.90576171875}
{"event": "step", "step": 13000, "loss": 4.6314, "lr": 0.002984992770507533, "gnorm": 0.341, "tok_per_s": 137074.7, "load": 80.7529296875}
{"event": "step", "step": 13100, "loss": 4.5205, "lr": 0.0029846615022515845, "gnorm": 0.454, "tok_per_s": 164338.0, "load": 82.85498046875}
{"event": "step", "step": 13200, "loss": 4.6972, "lr": 0.002984326638492379, "gnorm": 0.321, "tok_per_s": 164582.4, "load": 84.06787109375}
{"event": "step", "step": 13300, "loss": 4.6349, "lr": 0.0029839881801320203, "gnorm": 0.542, "tok_per_s": 166026.7, "load": 84.302734375}
{"event": "step", "step": 13400, "loss": 4.4049, "lr": 0.0029836461280822965, "gnorm": 0.322, "tok_per_s": 165917.0, "load": 84.67919921875}
{"event": "step", "step": 13500, "loss": 4.722, "lr": 0.002983300483264676, "gnorm": 0.308, "tok_per_s": 166270.3, "load": 83.90380859375}
{"event": "step", "step": 13600, "loss": 4.4667, "lr": 0.002982951246610307, "gnorm": 0.302, "tok_per_s": 166129.9, "load": 84.23193359375}
{"event": "step", "step": 13700, "loss": 4.5885, "lr": 0.002982598419060013, "gnorm": 0.296, "tok_per_s": 165955.6, "load": 85.49462890625}
{"event": "step", "step": 13800, "loss": 4.7842, "lr": 0.0029822420015642925, "gnorm": 0.371, "tok_per_s": 155218.8, "load": 85.615234375}
{"event": "step", "step": 13900, "loss": 4.7095, "lr": 0.002981881995083314, "gnorm": 0.344, "tok_per_s": 137494.7, "load": 86.3671875}
{"event": "step", "step": 14000, "loss": 4.4561, "lr": 0.0029815184005869137, "gnorm": 0.4, "tok_per_s": 143467.1, "load": 86.8984375}
{"event": "step", "step": 14100, "loss": 4.6385, "lr": 0.0029811512190545965, "gnorm": 0.413, "tok_per_s": 153355.7, "load": 84.587890625}
{"event": "step", "step": 14200, "loss": 4.5061, "lr": 0.0029807804514755273, "gnorm": 0.347, "tok_per_s": 159682.3, "load": 82.85888671875}
{"event": "step", "step": 14300, "loss": 4.6275, "lr": 0.0029804060988485345, "gnorm": 0.355, "tok_per_s": 163287.3, "load": 83.19091796875}
{"event": "step", "step": 14400, "loss": 4.63, "lr": 0.002980028162182102, "gnorm": 0.34, "tok_per_s": 154741.3, "load": 83.09521484375}
{"event": "step", "step": 14500, "loss": 4.6265, "lr": 0.002979646642494371, "gnorm": 0.312, "tok_per_s": 134968.3, "load": 82.36669921875}
{"event": "step", "step": 14600, "loss": 4.6742, "lr": 0.0029792615408131325, "gnorm": 0.339, "tok_per_s": 133503.8, "load": 82.57763671875}
{"event": "step", "step": 14700, "loss": 4.7146, "lr": 0.0029788728581758308, "gnorm": 0.342, "tok_per_s": 150676.2, "load": 82.37109375}
{"event": "step", "step": 14800, "loss": 4.5688, "lr": 0.002978480595629554, "gnorm": 0.35, "tok_per_s": 164196.8, "load": 83.302734375}
{"event": "step", "step": 14900, "loss": 4.5911, "lr": 0.002978084754231036, "gnorm": 0.368, "tok_per_s": 148755.4, "load": 83.91943359375}
{"event": "step", "step": 15000, "loss": 4.5623, "lr": 0.00297768533504665, "gnorm": 0.361, "tok_per_s": 143254.8, "load": 82.64453125}
{"event": "step", "step": 15100, "loss": 4.6181, "lr": 0.0029772823391524114, "gnorm": 0.385, "tok_per_s": 112299.5, "load": 81.9208984375}
{"event": "step", "step": 15200, "loss": 4.5205, "lr": 0.002976875767633966, "gnorm": 0.329, "tok_per_s": 152199.0, "load": 82.48779296875}
{"event": "step", "step": 15300, "loss": 4.5108, "lr": 0.0029764656215865958, "gnorm": 0.401, "tok_per_s": 147239.1, "load": 82.36865234375}
{"event": "step", "step": 15400, "loss": 4.542, "lr": 0.002976051902115211, "gnorm": 0.368, "tok_per_s": 156800.3, "load": 82.65966796875}
{"event": "step", "step": 15500, "loss": 4.4542, "lr": 0.002975634610334349, "gnorm": 0.365, "tok_per_s": 142105.7, "load": 81.6455078125}
{"event": "step", "step": 15600, "loss": 4.4084, "lr": 0.002975213747368171, "gnorm": 0.386, "tok_per_s": 149819.8, "load": 84.39697265625}
{"event": "step", "step": 15700, "loss": 4.5476, "lr": 0.0029747893143504565, "gnorm": 0.367, "tok_per_s": 161393.7, "load": 85.646484375}
{"event": "step", "step": 15800, "loss": 4.4225, "lr": 0.0029743613124246057, "gnorm": 0.346, "tok_per_s": 160714.4, "load": 85.9150390625}
{"event": "step", "step": 15900, "loss": 4.6662, "lr": 0.002973929742743631, "gnorm": 0.517, "tok_per_s": 137604.9, "load": 85.79638671875}
{"event": "step", "step": 16000, "loss": 4.6544, "lr": 0.002973494606470158, "gnorm": 0.37, "tok_per_s": 137880.2, "load": 86.53369140625}
{"event": "step", "step": 16100, "loss": 4.5265, "lr": 0.0029730559047764183, "gnorm": 0.321, "tok_per_s": 135035.4, "load": 88.8134765625}
{"event": "step", "step": 16200, "loss": 4.659, "lr": 0.00297261363884425, "gnorm": 0.343, "tok_per_s": 141895.9, "load": 86.505859375}
{"event": "step", "step": 16300, "loss": 4.601, "lr": 0.002972167809865093, "gnorm": 0.451, "tok_per_s": 137959.7, "load": 84.70361328125}
{"event": "step", "step": 16400, "loss": 4.3814, "lr": 0.002971718419039985, "gnorm": 0.329, "tok_per_s": 136932.4, "load": 83.20556640625}
{"event": "step", "step": 16500, "loss": 4.632, "lr": 0.002971265467579561, "gnorm": 0.321, "tok_per_s": 144459.2, "load": 82.34423828125}
{"event": "step", "step": 16600, "loss": 4.5883, "lr": 0.002970808956704045, "gnorm": 0.326, "tok_per_s": 165863.8, "load": 83.75830078125}
{"event": "step", "step": 16700, "loss": 4.7396, "lr": 0.0029703488876432526, "gnorm": 0.311, "tok_per_s": 165357.8, "load": 86.42041015625}
{"event": "step", "step": 16800, "loss": 4.4966, "lr": 0.0029698852616365846, "gnorm": 0.306, "tok_per_s": 149864.5, "load": 87.26806640625}
{"event": "step", "step": 16900, "loss": 4.5559, "lr": 0.002969418079933023, "gnorm": 0.312, "tok_per_s": 140475.5, "load": 86.60595703125}
{"event": "step", "step": 17000, "loss": 4.572, "lr": 0.0029689473437911284, "gnorm": 0.422, "tok_per_s": 138340.5, "load": 87.2783203125}
{"event": "step", "step": 17100, "loss": 4.5597, "lr": 0.0029684730544790386, "gnorm": 0.556, "tok_per_s": 136015.9, "load": 87.255859375}
{"event": "step", "step": 17200, "loss": 4.4752, "lr": 0.002967995213274462, "gnorm": 0.346, "tok_per_s": 132587.4, "load": 86.3544921875}
{"event": "step", "step": 17300, "loss": 4.594, "lr": 0.002967513821464676, "gnorm": 0.443, "tok_per_s": 132770.2, "load": 85.48291015625}
{"event": "step", "step": 17400, "loss": 4.5825, "lr": 0.002967028880346523, "gnorm": 0.378, "tok_per_s": 136564.6, "load": 85.36376953125}
{"event": "step", "step": 17500, "loss": 4.5298, "lr": 0.0029665403912264078, "gnorm": 0.346, "tok_per_s": 134501.4, "load": 82.61181640625}
{"event": "step", "step": 17600, "loss": 4.5337, "lr": 0.002966048355420292, "gnorm": 0.473, "tok_per_s": 139193.3, "load": 83.12353515625}
{"event": "step", "step": 17700, "loss": 4.5789, "lr": 0.0029655527742536926, "gnorm": 0.362, "tok_per_s": 136360.3, "load": 81.751953125}
{"event": "step", "step": 17800, "loss": 4.6203, "lr": 0.002965053649061678, "gnorm": 0.339, "tok_per_s": 136103.0, "load": 81.2197265625}
{"event": "step", "step": 17900, "loss": 4.5033, "lr": 0.0029645509811888635, "gnorm": 0.315, "tok_per_s": 136309.2, "load": 80.32080078125}
{"event": "step", "step": 18000, "loss": 4.75, "lr": 0.0029640447719894067, "gnorm": 0.362, "tok_per_s": 149329.4, "load": 79.333984375}
{"event": "step", "step": 18100, "loss": 4.5329, "lr": 0.0029635350228270087, "gnorm": 0.337, "tok_per_s": 151972.4, "load": 80.1083984375}
{"event": "step", "step": 18200, "loss": 4.3567, "lr": 0.0029630217350749043, "gnorm": 0.409, "tok_per_s": 143466.3, "load": 78.41796875}
{"event": "step", "step": 18300, "loss": 4.5034, "lr": 0.002962504910115862, "gnorm": 0.377, "tok_per_s": 138863.2, "load": 78.865234375}
{"event": "step", "step": 18400, "loss": 4.4146, "lr": 0.002961984549342179, "gnorm": 0.318, "tok_per_s": 138302.0, "load": 82.70166015625}
{"event": "step", "step": 18500, "loss": 4.5473, "lr": 0.0029614606541556784, "gnorm": 0.449, "tok_per_s": 143369.0, "load": 83.3662109375}
{"event": "step", "step": 18600, "loss": 4.432, "lr": 0.0029609332259677044, "gnorm": 0.388, "tok_per_s": 165511.2, "load": 81.97509765625}
{"event": "step", "step": 18700, "loss": 4.5775, "lr": 0.0029604022661991183, "gnorm": 0.357, "tok_per_s": 150783.0, "load": 83.4990234375}
{"event": "step", "step": 18800, "loss": 4.4354, "lr": 0.002959867776280297, "gnorm": 0.347, "tok_per_s": 163651.9, "load": 83.77978515625}
{"event": "step", "step": 18900, "loss": 4.3559, "lr": 0.002959329757651126, "gnorm": 0.282, "tok_per_s": 165034.6, "load": 83.23681640625}
{"event": "step", "step": 19000, "loss": 4.5756, "lr": 0.0029587882117609976, "gnorm": 0.392, "tok_per_s": 165962.9, "load": 83.29833984375}
{"event": "step", "step": 19100, "loss": 4.5359, "lr": 0.0029582431400688052, "gnorm": 0.358, "tok_per_s": 165898.8, "load": 83.99560546875}
{"event": "step", "step": 19200, "loss": 4.5944, "lr": 0.002957694544042942, "gnorm": 0.351, "tok_per_s": 165464.5, "load": 85.197265625}
{"event": "step", "step": 19300, "loss": 4.3606, "lr": 0.0029571424251612953, "gnorm": 0.328, "tok_per_s": 165713.0, "load": 85.421875}
{"event": "step", "step": 19400, "loss": 4.5871, "lr": 0.0029565867849112417, "gnorm": 0.426, "tok_per_s": 165399.5, "load": 85.94873046875}
{"event": "step", "step": 19500, "loss": 4.5241, "lr": 0.002956027624789645, "gnorm": 0.506, "tok_per_s": 157146.4, "load": 85.79248046875}
{"event": "step", "step": 19600, "loss": 4.5943, "lr": 0.002955464946302851, "gnorm": 0.529, "tok_per_s": 150026.0, "load": 86.1298828125}
{"event": "step", "step": 19700, "loss": 4.5526, "lr": 0.0029548987509666847, "gnorm": 0.414, "tok_per_s": 150166.4, "load": 87.32080078125}
{"event": "step", "step": 19800, "loss": 4.3062, "lr": 0.0029543290403064447, "gnorm": 0.504, "tok_per_s": 156328.3, "load": 86.974609375}
{"event": "step", "step": 19900, "loss": 4.4763, "lr": 0.0029537558158568983, "gnorm": 0.531, "tok_per_s": 151246.9, "load": 86.97705078125}
{"event": "step", "step": 20000, "loss": 4.3869, "lr": 0.0029531790791622816, "gnorm": 0.318, "tok_per_s": 164743.3, "load": 86.73828125}
{"event": "eval_quick", "step": 20000, "bpb": 1.4770724151773085, "nats_per_token": 4.453551184061909, "tokens": 16379, "bytes": 71247}
{"event": "step", "step": 20100, "loss": 4.3688, "lr": 0.0029525988317762896, "gnorm": 0.401, "tok_per_s": 113124.5, "load": 86.4130859375}
{"event": "step", "step": 20200, "loss": 4.4514, "lr": 0.0029520150752620766, "gnorm": 0.312, "tok_per_s": 151499.6, "load": 86.2197265625}
{"event": "step", "step": 20300, "loss": 4.6515, "lr": 0.002951427811192251, "gnorm": 0.411, "tok_per_s": 151132.4, "load": 86.5224609375}
{"event": "step", "step": 20400, "loss": 4.5067, "lr": 0.0029508370411488677, "gnorm": 0.364, "tok_per_s": 150469.8, "load": 87.92236328125}
{"event": "step", "step": 20500, "loss": 4.5634, "lr": 0.0029502427667234287, "gnorm": 0.435, "tok_per_s": 145181.1, "load": 88.1689453125}
{"event": "step", "step": 20600, "loss": 4.5336, "lr": 0.0029496449895168764, "gnorm": 0.564, "tok_per_s": 148008.4, "load": 87.3544921875}
{"event": "step", "step": 20700, "loss": 4.4393, "lr": 0.0029490437111395883, "gnorm": 0.321, "tok_per_s": 153194.1, "load": 86.60498046875}
{"event": "step", "step": 20800, "loss": 4.5694, "lr": 0.0029484389332113756, "gnorm": 0.444, "tok_per_s": 153046.4, "load": 86.876953125}
{"event": "step", "step": 20900, "loss": 4.6743, "lr": 0.0029478306573614754, "gnorm": 0.339, "tok_per_s": 140490.5, "load": 86.646484375}
{"event": "step", "step": 21000, "loss": 4.6222, "lr": 0.002947218885228549, "gnorm": 0.424, "tok_per_s": 134133.9, "load": 86.4892578125}
{"event": "step", "step": 21100, "loss": 4.3912, "lr": 0.002946603618460676, "gnorm": 0.398, "tok_per_s": 143811.6, "load": 86.6904296875}
{"event": "step", "step": 21200, "loss": 4.5228, "lr": 0.0029459848587153506, "gnorm": 0.449, "tok_per_s": 144962.5, "load": 85.75390625}
{"event": "step", "step": 21300, "loss": 4.4936, "lr": 0.002945362607659477, "gnorm": 0.403, "tok_per_s": 153620.9, "load": 86.01416015625}
{"event": "step", "step": 21400, "loss": 4.6359, "lr": 0.002944736866969365, "gnorm": 0.359, "tok_per_s": 147727.4, "load": 86.09326171875}
{"event": "step", "step": 21500, "loss": 4.6287, "lr": 0.0029441076383307243, "gnorm": 0.584, "tok_per_s": 141916.6, "load": 87.52734375}
{"event": "step", "step": 21600, "loss": 4.699, "lr": 0.0029434749234386617, "gnorm": 0.446, "tok_per_s": 152285.6, "load": 87.5654296875}
{"event": "step", "step": 21700, "loss": 4.3786, "lr": 0.0029428387239976766, "gnorm": 0.462, "tok_per_s": 148255.4, "load": 86.87939453125}
{"event": "step", "step": 21800, "loss": 4.4887, "lr": 0.002942199041721653, "gnorm": 0.354, "tok_per_s": 149598.0, "load": 86.0078125}
{"event": "step", "step": 21900, "loss": 4.5752, "lr": 0.0029415558783338603, "gnorm": 0.302, "tok_per_s": 138534.4, "load": 79.6640625}
{"event": "step", "step": 22000, "loss": 4.4794, "lr": 0.0029409092355669442, "gnorm": 0.497, "tok_per_s": 145492.1, "load": 79.37060546875}
{"event": "step", "step": 22100, "loss": 4.4452, "lr": 0.002940259115162924, "gnorm": 0.39, "tok_per_s": 140688.8, "load": 80.46240234375}
{"event": "step", "step": 22200, "loss": 4.5176, "lr": 0.0029396055188731876, "gnorm": 0.332, "tok_per_s": 147160.0, "load": 78.74365234375}
{"event": "step", "step": 22300, "loss": 4.5698, "lr": 0.0029389484484584867, "gnorm": 0.367, "tok_per_s": 147135.3, "load": 79.1650390625}
{"event": "step", "step": 22400, "loss": 4.5329, "lr": 0.0029382879056889326, "gnorm": 0.427, "tok_per_s": 146320.4, "load": 78.5908203125}
{"event": "step", "step": 22500, "loss": 4.3959, "lr": 0.0029376238923439907, "gnorm": 0.468, "tok_per_s": 154379.9, "load": 78.6240234375}
{"event": "step", "step": 22600, "loss": 4.6369, "lr": 0.0029369564102124748, "gnorm": 0.607, "tok_per_s": 140815.4, "load": 79.375}
{"event": "step", "step": 22700, "loss": 4.6158, "lr": 0.0029362854610925446, "gnorm": 0.883, "tok_per_s": 160310.9, "load": 80.46630859375}
{"event": "step", "step": 22800, "loss": 4.5764, "lr": 0.0029356110467916997, "gnorm": 0.534, "tok_per_s": 139328.2, "load": 82.3779296875}
{"event": "step", "step": 22900, "loss": 4.5382, "lr": 0.002934933169126774, "gnorm": 0.347, "tok_per_s": 142172.7, "load": 80.90625}
{"event": "step", "step": 23000, "loss": 4.4112, "lr": 0.0029342518299239322, "gnorm": 0.391, "tok_per_s": 139978.9, "load": 81.955078125}
{"event": "step", "step": 23100, "loss": 4.6856, "lr": 0.0029335670310186644, "gnorm": 0.424, "tok_per_s": 138449.9, "load": 82.83984375}
{"event": "step", "step": 23200, "loss": 4.7078, "lr": 0.00293287877425578, "gnorm": 0.637, "tok_per_s": 159679.1, "load": 82.6123046875}
{"event": "step", "step": 23300, "loss": 4.4925, "lr": 0.002932187061489404, "gnorm": 0.331, "tok_per_s": 140358.2, "load": 82.48291015625}
{"event": "step", "step": 23400, "loss": 4.3514, "lr": 0.0029314918945829715, "gnorm": 0.365, "tok_per_s": 153854.2, "load": 81.00244140625}
{"event": "step", "step": 23500, "loss": 4.4001, "lr": 0.002930793275409224, "gnorm": 0.466, "tok_per_s": 155110.9, "load": 80.841796875}
{"event": "step", "step": 23600, "loss": 4.6356, "lr": 0.002930091205850202, "gnorm": 0.471, "tok_per_s": 144260.9, "load": 83.2236328125}
{"event": "step", "step": 23700, "loss": 4.5479, "lr": 0.0029293856877972415, "gnorm": 0.386, "tok_per_s": 145445.4, "load": 82.00439453125}
{"event": "step", "step": 23800, "loss": 4.3372, "lr": 0.0029286767231509686, "gnorm": 0.35, "tok_per_s": 163995.5, "load": 82.80517578125}
{"event": "step", "step": 23900, "loss": 4.609, "lr": 0.002927964313821294, "gnorm": 0.635, "tok_per_s": 155222.9, "load": 82.66015625}
{"event": "step", "step": 24000, "loss": 4.5183, "lr": 0.0029272484617274093, "gnorm": 0.344, "tok_per_s": 153595.9, "load": 84.208984375}
{"event": "step", "step": 24100, "loss": 4.4309, "lr": 0.002926529168797779, "gnorm": 0.334, "tok_per_s": 152595.5, "load": 85.9541015625}
{"event": "step", "step": 24200, "loss": 4.4996, "lr": 0.002925806436970138, "gnorm": 0.503, "tok_per_s": 152179.9, "load": 86.5986328125}
{"event": "step", "step": 24300, "loss": 4.4239, "lr": 0.0029250802681914864, "gnorm": 0.449, "tok_per_s": 156174.8, "load": 86.31005859375}
{"event": "step", "step": 24400, "loss": 4.3558, "lr": 0.002924350664418081, "gnorm": 0.381, "tok_per_s": 153070.8, "load": 86.84619140625}
{"event": "step", "step": 24500, "loss": 4.413, "lr": 0.0029236176276154343, "gnorm": 0.403, "tok_per_s": 153403.7, "load": 87.97998046875}
{"event": "step", "step": 24600, "loss": 4.6638, "lr": 0.0029228811597583055, "gnorm": 0.398, "tok_per_s": 153422.1, "load": 89.02294921875}
{"event": "step", "step": 24700, "loss": 4.5813, "lr": 0.0029221412628306982, "gnorm": 0.473, "tok_per_s": 164122.1, "load": 87.89990234375}
{"event": "step", "step": 24800, "loss": 4.3976, "lr": 0.0029213979388258535, "gnorm": 0.366, "tok_per_s": 155204.9, "load": 87.58740234375}
{"event": "step", "step": 24900, "loss": 4.4341, "lr": 0.0029206511897462437, "gnorm": 0.318, "tok_per_s": 149914.5, "load": 86.8193359375}
{"event": "step", "step": 25000, "loss": 4.457, "lr": 0.0029199010176035696, "gnorm": 0.396, "tok_per_s": 141029.2, "load": 83.4482421875}
{"event": "step", "step": 25100, "loss": 4.5873, "lr": 0.002919147424418753, "gnorm": 0.493, "tok_per_s": 118472.2, "load": 83.81298828125}
{"event": "step", "step": 25200, "loss": 4.5129, "lr": 0.002918390412221932, "gnorm": 0.353, "tok_per_s": 148300.8, "load": 83.50732421875}
{"event": "step", "step": 25300, "loss": 4.2918, "lr": 0.002917629983052454, "gnorm": 0.399, "tok_per_s": 141942.5, "load": 83.8671875}
{"event": "step", "step": 25400, "loss": 4.3923, "lr": 0.0029168661389588732, "gnorm": 0.583, "tok_per_s": 146874.7, "load": 85.4794921875}
{"event": "step", "step": 25500, "loss": 4.5505, "lr": 0.0029160988819989424, "gnorm": 0.568, "tok_per_s": 140854.0, "load": 84.23974609375}
{"event": "step", "step": 25600, "loss": 4.4927, "lr": 0.0029153282142396096, "gnorm": 0.374, "tok_per_s": 135844.3, "load": 84.82470703125}
{"event": "step", "step": 25700, "loss": 4.4019, "lr": 0.0029145541377570095, "gnorm": 0.355, "tok_per_s": 138123.0, "load": 84.43798828125}
{"event": "step", "step": 25800, "loss": 4.3202, "lr": 0.0029137766546364617, "gnorm": 0.326, "tok_per_s": 144525.6, "load": 83.76220703125}
{"event": "step", "step": 25900, "loss": 4.4506, "lr": 0.002912995766972461, "gnorm": 0.498, "tok_per_s": 149075.7, "load": 83.94140625}
{"event": "step", "step": 26000, "loss": 4.4824, "lr": 0.002912211476868676, "gnorm": 0.431, "tok_per_s": 145398.3, "load": 85.3876953125}
{"event": "step", "step": 26100, "loss": 4.5795, "lr": 0.0029114237864379406, "gnorm": 0.398, "tok_per_s": 145911.4, "load": 85.3564453125}
{"event": "step", "step": 26200, "loss": 4.583, "lr": 0.002910632697802247, "gnorm": 0.357, "tok_per_s": 145954.7, "load": 85.48828125}
{"event": "step", "step": 26300, "loss": 4.3539, "lr": 0.002909838213092745, "gnorm": 0.375, "tok_per_s": 152723.4, "load": 84.7626953125}
{"event": "step", "step": 26400, "loss": 4.4016, "lr": 0.0029090403344497317, "gnorm": 0.425, "tok_per_s": 149681.5, "load": 85.02197265625}
{"event": "step", "step": 26500, "loss": 4.3707, "lr": 0.002908239064022647, "gnorm": 0.483, "tok_per_s": 138975.2, "load": 84.77978515625}
{"event": "step", "step": 26600, "loss": 4.3392, "lr": 0.0029074344039700683, "gnorm": 0.359, "tok_per_s": 137945.2, "load": 84.31689453125}
{"event": "step", "step": 26700, "loss": 4.5963, "lr": 0.002906626356459706, "gnorm": 0.864, "tok_per_s": 135692.7, "load": 82.60986328125}
{"event": "step", "step": 26800, "loss": 4.4998, "lr": 0.0029058149236683936, "gnorm": 0.33, "tok_per_s": 132173.7, "load": 82.80126953125}
{"event": "step", "step": 26900, "loss": 4.3623, "lr": 0.002905000107782086, "gnorm": 0.395, "tok_per_s": 143159.2, "load": 81.3994140625}
{"event": "step", "step": 27000, "loss": 4.3653, "lr": 0.002904181910995851, "gnorm": 0.415, "tok_per_s": 140774.3, "load": 81.68798828125}
{"event": "step", "step": 27100, "loss": 4.5505, "lr": 0.0029033603355138647, "gnorm": 0.438, "tok_per_s": 137331.8, "load": 83.87548828125}
{"event": "step", "step": 27200, "loss": 4.4262, "lr": 0.0029025353835494066, "gnorm": 0.325, "tok_per_s": 138512.7, "load": 80.68212890625}
{"event": "step", "step": 27300, "loss": 4.4466, "lr": 0.00290170705732485, "gnorm": 0.638, "tok_per_s": 146868.6, "load": 79.42626953125}
{"event": "step", "step": 27400, "loss": 4.293, "lr": 0.00290087535907166, "gnorm": 0.322, "tok_per_s": 166098.5, "load": 79.39208984375}
{"event": "step", "step": 27500, "loss": 4.5272, "lr": 0.0029000402910303842, "gnorm": 0.87, "tok_per_s": 166034.6, "load": 81.12255859375}
{"event": "step", "step": 27600, "loss": 4.5417, "lr": 0.00289920185545065, "gnorm": 0.541, "tok_per_s": 153842.4, "load": 81.67333984375}
{"event": "step", "step": 27700, "loss": 4.4441, "lr": 0.0028983600545911554, "gnorm": 0.334, "tok_per_s": 156890.5, "load": 84.42236328125}
{"event": "step", "step": 27800, "loss": 4.4529, "lr": 0.0028975148907196646, "gnorm": 0.45, "tok_per_s": 152475.7, "load": 86.55078125}
{"event": "step", "step": 27900, "loss": 4.5389, "lr": 0.002896666366113002, "gnorm": 0.478, "tok_per_s": 153265.1, "load": 85.70556640625}
{"event": "step", "step": 28000, "loss": 4.4863, "lr": 0.0028958144830570453, "gnorm": 0.419, "tok_per_s": 148580.3, "load": 84.828125}
{"event": "step", "step": 28100, "loss": 4.4686, "lr": 0.002894959243846719, "gnorm": 0.344, "tok_per_s": 166460.6, "load": 85.24267578125}
{"event": "step", "step": 28200, "loss": 4.4467, "lr": 0.0028941006507859903, "gnorm": 0.623, "tok_per_s": 165970.6, "load": 84.90283203125}
{"event": "step", "step": 28300, "loss": 4.519, "lr": 0.002893238706187861, "gnorm": 0.389, "tok_per_s": 166760.4, "load": 84.90283203125}
{"event": "step", "step": 28400, "loss": 4.4839, "lr": 0.002892373412374361, "gnorm": 0.362, "tok_per_s": 166891.8, "load": 84.91064453125}
{"event": "step", "step": 28500, "loss": 4.5211, "lr": 0.0028915047716765434, "gnorm": 0.432, "tok_per_s": 166056.1, "load": 84.27685546875}
{"event": "step", "step": 28600, "loss": 4.3178, "lr": 0.002890632786434477, "gnorm": 0.381, "tok_per_s": 166318.2, "load": 84.3349609375}
{"event": "step", "step": 28700, "loss": 4.4868, "lr": 0.0028897574589972423, "gnorm": 0.605, "tok_per_s": 163367.7, "load": 81.50537109375}
{"event": "step", "step": 28800, "loss": 4.6054, "lr": 0.0028888787917229217, "gnorm": 0.404, "tok_per_s": 161350.5, "load": 82.58642578125}
{"event": "step", "step": 28900, "loss": 4.5678, "lr": 0.002887996786978596, "gnorm": 0.884, "tok_per_s": 139872.6, "load": 81.9580078125}
{"event": "step", "step": 29000, "loss": 4.4955, "lr": 0.0028871114471403355, "gnorm": 0.373, "tok_per_s": 145268.0, "load": 84.36376953125}
{"event": "step", "step": 29100, "loss": 4.5609, "lr": 0.002886222774593197, "gnorm": 0.552, "tok_per_s": 153021.7, "load": 85.2158203125}
{"event": "step", "step": 29200, "loss": 4.661, "lr": 0.0028853307717312147, "gnorm": 0.4, "tok_per_s": 145164.0, "load": 84.8779296875}
{"event": "step", "step": 29300, "loss": 4.5041, "lr": 0.002884435440957393, "gnorm": 0.438, "tok_per_s": 143491.2, "load": 83.2060546875}
{"event": "step", "step": 29400, "loss": 4.4901, "lr": 0.002883536784683704, "gnorm": 0.32, "tok_per_s": 142365.5, "load": 83.51025390625}
{"event": "step", "step": 29500, "loss": 4.5079, "lr": 0.0028826348053310777, "gnorm": 0.394, "tok_per_s": 142126.3, "load": 81.70751953125}
{"event": "step", "step": 29600, "loss": 4.482, "lr": 0.0028817295053293946, "gnorm": 0.327, "tok_per_s": 137990.4, "load": 82.27490234375}
{"event": "step", "step": 29700, "loss": 4.6406, "lr": 0.002880820887117483, "gnorm": 0.409, "tok_per_s": 140307.6, "load": 85.1357421875}
{"event": "step", "step": 29800, "loss": 4.5584, "lr": 0.0028799089531431087, "gnorm": 0.548, "tok_per_s": 144004.2, "load": 84.48388671875}
{"event": "step", "step": 29900, "loss": 4.4441, "lr": 0.0028789937058629716, "gnorm": 0.49, "tok_per_s": 144375.0, "load": 85.40625}
{"event": "step", "step": 30000, "loss": 4.3961, "lr": 0.0028780751477426956, "gnorm": 0.358, "tok_per_s": 144882.2, "load": 85.21337890625}
{"event": "step", "step": 30100, "loss": 4.4621, "lr": 0.002877153281256826, "gnorm": 0.393, "tok_per_s": 119252.6, "load": 86.283203125}
{"event": "step", "step": 30200, "loss": 4.4072, "lr": 0.0028762281088888183, "gnorm": 0.491, "tok_per_s": 166133.2, "load": 83.53759765625}
{"event": "step", "step": 30300, "loss": 4.4176, "lr": 0.0028752996331310354, "gnorm": 0.746, "tok_per_s": 158250.6, "load": 81.732421875}
{"event": "step", "step": 30400, "loss": 4.4646, "lr": 0.002874367856484739, "gnorm": 0.516, "tok_per_s": 141506.8, "load": 82.634765625}
{"event": "step", "step": 30500, "loss": 4.528, "lr": 0.0028734327814600833, "gnorm": 0.433, "tok_per_s": 140601.8, "load": 83.064453125}
{"event": "step", "step": 30600, "loss": 4.298, "lr": 0.0028724944105761076, "gnorm": 0.802, "tok_per_s": 146890.9, "load": 82.73876953125}
{"event": "step", "step": 30700, "loss": 4.4136, "lr": 0.002871552746360731, "gnorm": 0.708, "tok_per_s": 140282.2, "load": 83.560546875}
{"event": "step", "step": 30800, "loss": 4.3982, "lr": 0.002870607791350743, "gnorm": 0.367, "tok_per_s": 163202.3, "load": 84.31689453125}
{"event": "step", "step": 30900, "loss": 4.5403, "lr": 0.0028696595480918008, "gnorm": 0.79, "tok_per_s": 153222.5, "load": 85.7333984375}
{"event": "step", "step": 31000, "loss": 4.5707, "lr": 0.002868708019138418, "gnorm": 0.476, "tok_per_s": 165772.2, "load": 84.55322265625}
{"event": "step", "step": 31100, "loss": 4.6261, "lr": 0.0028677532070539597, "gnorm": 0.394, "tok_per_s": 165210.5, "load": 84.5087890625}
{"event": "step", "step": 31200, "loss": 4.3953, "lr": 0.002866795114410637, "gnorm": 0.429, "tok_per_s": 165551.4, "load": 85.74951171875}
{"event": "step", "step": 31300, "loss": 4.473, "lr": 0.002865833743789497, "gnorm": 0.474, "tok_per_s": 158870.0, "load": 84.0078125}
{"event": "step", "step": 31400, "loss": 4.3201, "lr": 0.002864869097780419, "gnorm": 0.372, "tok_per_s": 147768.5, "load": 82.8056640625}
{"event": "step", "step": 31500, "loss": 4.475, "lr": 0.0028639011789821046, "gnorm": 0.683, "tok_per_s": 149400.0, "load": 82.66064453125}
{"event": "step", "step": 31600, "loss": 4.3295, "lr": 0.002862929990002073, "gnorm": 0.575, "tok_per_s": 162544.1, "load": 81.326171875}
{"event": "step", "step": 31700, "loss": 4.4254, "lr": 0.002861955533456653, "gnorm": 0.389, "tok_per_s": 151828.5, "load": 82.50634765625}
{"event": "step", "step": 31800, "loss": 4.4331, "lr": 0.002860977811970976, "gnorm": 0.344, "tok_per_s": 157957.7, "load": 81.82470703125}
{"event": "step", "step": 31900, "loss": 4.6015, "lr": 0.0028599968281789686, "gnorm": 1.336, "tok_per_s": 148921.7, "load": 81.9990234375}
{"event": "step", "step": 32000, "loss": 4.4758, "lr": 0.002859012584723346, "gnorm": 0.656, "tok_per_s": 149942.9, "load": 82.47998046875}
{"event": "step", "step": 32100, "loss": 4.4572, "lr": 0.0028580250842556057, "gnorm": 0.578, "tok_per_s": 162059.5, "load": 80.83984375}
{"event": "step", "step": 32200, "loss": 4.4644, "lr": 0.0028570343294360176, "gnorm": 0.476, "tok_per_s": 167484.9, "load": 79.8916015625}
{"event": "step", "step": 32300, "loss": 4.5084, "lr": 0.00285604032293362, "gnorm": 0.362, "tok_per_s": 167052.7, "load": 80.140625}
{"event": "step", "step": 32400, "loss": 4.4445, "lr": 0.0028550430674262107, "gnorm": 0.578, "tok_per_s": 166942.8, "load": 79.6484375}
{"event": "step", "step": 32500, "loss": 4.5136, "lr": 0.0028540425656003398, "gnorm": 0.469, "tok_per_s": 146901.0, "load": 78.47509765625}
{"event": "step", "step": 32600, "loss": 4.1874, "lr": 0.002853038820151304, "gnorm": 0.437, "tok_per_s": 156707.9, "load": 77.79638671875}
{"event": "step", "step": 32700, "loss": 4.5185, "lr": 0.002852031833783137, "gnorm": 0.923, "tok_per_s": 157643.4, "load": 80.37548828125}
{"event": "step", "step": 32800, "loss": 4.5503, "lr": 0.002851021609208603, "gnorm": 0.744, "tok_per_s": 165552.3, "load": 79.46435546875}
{"event": "step", "step": 32900, "loss": 4.3747, "lr": 0.00285000814914919, "gnorm": 0.554, "tok_per_s": 157002.5, "load": 80.94873046875}
{"event": "step", "step": 33000, "loss": 4.4421, "lr": 0.0028489914563351046, "gnorm": 0.561, "tok_per_s": 141359.6, "load": 81.994140625}
{"event": "step", "step": 33100, "loss": 4.5601, "lr": 0.0028479715335052586, "gnorm": 0.361, "tok_per_s": 158833.2, "load": 82.95556640625}
{"event": "step", "step": 33200, "loss": 4.6306, "lr": 0.002846948383407267, "gnorm": 0.387, "tok_per_s": 150483.0, "load": 83.35986328125}
{"event": "step", "step": 33300, "loss": 4.3549, "lr": 0.0028459220087974388, "gnorm": 0.332, "tok_per_s": 145808.6, "load": 83.4912109375}
{"event": "step", "step": 33400, "loss": 4.5485, "lr": 0.0028448924124407702, "gnorm": 0.313, "tok_per_s": 139536.8, "load": 85.2138671875}
{"event": "step", "step": 33500, "loss": 4.3521, "lr": 0.0028438595971109356, "gnorm": 0.304, "tok_per_s": 139181.3, "load": 86.56494140625}
{"event": "step", "step": 33600, "loss": 4.5556, "lr": 0.002842823565590282, "gnorm": 0.336, "tok_per_s": 151544.2, "load": 84.59765625}
{"event": "step", "step": 33700, "loss": 4.5075, "lr": 0.00284178432066982, "gnorm": 0.602, "tok_per_s": 150162.6, "load": 83.50830078125}
{"event": "step", "step": 33800, "loss": 4.2913, "lr": 0.0028407418651492174, "gnorm": 0.847, "tok_per_s": 140978.1, "load": 84.5087890625}
{"event": "step", "step": 33900, "loss": 4.2973, "lr": 0.00283969620183679, "gnorm": 0.451, "tok_per_s": 147846.1, "load": 84.54833984375}
{"event": "step", "step": 34000, "loss": 4.1985, "lr": 0.002838647333549497, "gnorm": 0.408, "tok_per_s": 158921.4, "load": 85.3056640625}
{"event": "step", "step": 34100, "loss": 4.4584, "lr": 0.002837595263112931, "gnorm": 0.501, "tok_per_s": 159186.4, "load": 84.96044921875}
{"event": "step", "step": 34200, "loss": 4.4956, "lr": 0.0028365399933613098, "gnorm": 0.408, "tok_per_s": 139823.5, "load": 84.56298828125}
{"event": "step", "step": 34300, "loss": 4.3997, "lr": 0.0028354815271374716, "gnorm": 0.499, "tok_per_s": 138628.9, "load": 87.08740234375}
{"event": "step", "step": 34400, "loss": 4.4342, "lr": 0.002834419867292865, "gnorm": 0.385, "tok_per_s": 164161.9, "load": 85.87890625}
{"event": "step", "step": 34500, "loss": 4.4216, "lr": 0.002833355016687542, "gnorm": 0.364, "tok_per_s": 160521.7, "load": 86.369140625}
{"event": "step", "step": 34600, "loss": 4.3605, "lr": 0.0028322869781901507, "gnorm": 0.843, "tok_per_s": 145706.9, "load": 87.380859375}
{"event": "step", "step": 34700, "loss": 4.572, "lr": 0.0028312157546779263, "gnorm": 0.552, "tok_per_s": 141040.4, "load": 86.38916015625}
{"event": "step", "step": 34800, "loss": 4.4591, "lr": 0.002830141349036686, "gnorm": 0.429, "tok_per_s": 148842.8, "load": 85.63720703125}
{"event": "step", "step": 34900, "loss": 4.6769, "lr": 0.002829063764160817, "gnorm": 0.328, "tok_per_s": 139828.0, "load": 84.14453125}
{"event": "step", "step": 35000, "loss": 4.4207, "lr": 0.002827983002953273, "gnorm": 0.388, "tok_per_s": 141802.3, "load": 82.8515625}
{"event": "step", "step": 35100, "loss": 4.5934, "lr": 0.0028268990683255647, "gnorm": 0.423, "tok_per_s": 110887.3, "load": 84.34814453125}
{"event": "step", "step": 35200, "loss": 4.3936, "lr": 0.002825811963197751, "gnorm": 0.36, "tok_per_s": 140638.4, "load": 86.642578125}
{"event": "step", "step": 35300, "loss": 4.4186, "lr": 0.0028247216904984315, "gnorm": 0.879, "tok_per_s": 140400.4, "load": 86.5908203125}
{"event": "step", "step": 35400, "loss": 4.4976, "lr": 0.0028236282531647404, "gnorm": 0.411, "tok_per_s": 146552.5, "load": 85.34228515625}
{"event": "step", "step": 35500, "loss": 4.3299, "lr": 0.0028225316541423363, "gnorm": 0.458, "tok_per_s": 142842.5, "load": 85.95556640625}
{"event": "step", "step": 35600, "loss": 4.3872, "lr": 0.0028214318963853953, "gnorm": 0.422, "tok_per_s": 158317.4, "load": 85.71875}
{"event": "step", "step": 35700, "loss": 4.6897, "lr": 0.002820328982856604, "gnorm": 0.517, "tok_per_s": 149462.8, "load": 86.38232421875}
{"event": "step", "step": 35800, "loss": 4.4972, "lr": 0.0028192229165271486, "gnorm": 0.391, "tok_per_s": 160306.0, "load": 85.87109375}
{"event": "step", "step": 35900, "loss": 4.4188, "lr": 0.00281811370037671, "gnorm": 0.881, "tok_per_s": 159511.9, "load": 86.6826171875}
{"event": "step", "step": 36000, "loss": 4.4899, "lr": 0.0028170013373934547, "gnorm": 0.399, "tok_per_s": 162852.3, "load": 86.2275390625}
{"event": "step", "step": 36100, "loss": 4.3967, "lr": 0.002815885830574026, "gnorm": 0.59, "tok_per_s": 166611.0, "load": 87.01025390625}
{"event": "step", "step": 36200, "loss": 4.4767, "lr": 0.0028147671829235367, "gnorm": 0.407, "tok_per_s": 156526.3, "load": 86.6982421875}
{"event": "step", "step": 36300, "loss": 4.4759, "lr": 0.002813645397455561, "gnorm": 0.512, "tok_per_s": 153269.5, "load": 86.64208984375}
{"event": "step", "step": 36400, "loss": 4.5479, "lr": 0.0028125204771921254, "gnorm": 0.388, "tok_per_s": 152970.6, "load": 87.8720703125}
{"event": "step", "step": 36500, "loss": 4.5483, "lr": 0.002811392425163703, "gnorm": 0.512, "tok_per_s": 162756.0, "load": 85.9599609375}
{"event": "step", "step": 36600, "loss": 4.5084, "lr": 0.002810261244409202, "gnorm": 0.48, "tok_per_s": 162464.5, "load": 84.201171875}
{"event": "step", "step": 36700, "loss": 4.4851, "lr": 0.002809126937975961, "gnorm": 0.602, "tok_per_s": 157554.9, "load": 83.30419921875}
{"event": "step", "step": 36800, "loss": 4.3773, "lr": 0.0028079895089197365, "gnorm": 0.473, "tok_per_s": 151024.4, "load": 81.99853515625}
{"event": "step", "step": 36900, "loss": 4.3556, "lr": 0.0028068489603046993, "gnorm": 0.408, "tok_per_s": 149069.2, "load": 83.8408203125}
{"event": "step", "step": 37000, "loss": 4.3816, "lr": 0.0028057052952034233, "gnorm": 0.94, "tok_per_s": 144808.3, "load": 84.97509765625}
{"event": "step", "step": 37100, "loss": 4.402, "lr": 0.002804558516696878, "gnorm": 0.401, "tok_per_s": 134847.8, "load": 85.8583984375}
{"event": "step", "step": 37200, "loss": 4.5137, "lr": 0.002803408627874421, "gnorm": 0.658, "tok_per_s": 138201.1, "load": 86.1904296875}
{"event": "step", "step": 37300, "loss": 4.4824, "lr": 0.002802255631833788, "gnorm": 0.516, "tok_per_s": 140002.1, "load": 87.36865234375}
{"event": "step", "step": 37400, "loss": 4.7784, "lr": 0.0028010995316810855, "gnorm": 1.674, "tok_per_s": 144912.9, "load": 85.9775390625}
{"event": "step", "step": 37500, "loss": 4.3225, "lr": 0.0027999403305307828, "gnorm": 0.916, "tok_per_s": 147155.9, "load": 85.25830078125}
{"event": "step", "step": 37600, "loss": 4.4963, "lr": 0.0027987780315057026, "gnorm": 0.49, "tok_per_s": 141748.7, "load": 85.2373046875}
{"event": "step", "step": 37700, "loss": 4.5508, "lr": 0.002797612637737013, "gnorm": 0.418, "tok_per_s": 133156.0, "load": 85.69921875}
{"event": "step", "step": 37800, "loss": 4.6158, "lr": 0.00279644415236422, "gnorm": 0.917, "tok_per_s": 139464.4, "load": 84.92236328125}
{"event": "step", "step": 37900, "loss": 4.3747, "lr": 0.0027952725785351574, "gnorm": 1.084, "tok_per_s": 145564.7, "load": 83.66552734375}
{"event": "step", "step": 38000, "loss": 4.608, "lr": 0.00279409791940598, "gnorm": 0.7, "tok_per_s": 157184.5, "load": 84.0927734375}
{"event": "step", "step": 38100, "loss": 4.3483, "lr": 0.002792920178141153, "gnorm": 0.548, "tok_per_s": 164626.0, "load": 84.88623046875}
{"event": "step", "step": 38200, "loss": 4.4863, "lr": 0.002791739357913445, "gnorm": 1.366, "tok_per_s": 165615.6, "load": 85.1357421875}
{"event": "step", "step": 38300, "loss": 4.435, "lr": 0.00279055546190392, "gnorm": 0.775, "tok_per_s": 140231.9, "load": 85.92578125}
{"event": "step", "step": 38400, "loss": 4.4815, "lr": 0.002789368493301928, "gnorm": 1.119, "tok_per_s": 143983.3, "load": 84.08984375}
{"event": "step", "step": 38500, "loss": 4.497, "lr": 0.002788178455305095, "gnorm": 0.756, "tok_per_s": 139441.6, "load": 84.2431640625}
{"event": "step", "step": 38600, "loss": 4.4527, "lr": 0.002786985351119317, "gnorm": 1.455, "tok_per_s": 153761.9, "load": 84.62451171875}
{"event": "step", "step": 38700, "loss": 4.6132, "lr": 0.002785789183958749, "gnorm": 1.338, "tok_per_s": 155052.1, "load": 84.65478515625}
{"event": "step", "step": 38800, "loss": 4.5319, "lr": 0.0027845899570458, "gnorm": 0.342, "tok_per_s": 157851.9, "load": 85.0830078125}
{"event": "step", "step": 38900, "loss": 4.5627, "lr": 0.0027833876736111187, "gnorm": 0.449, "tok_per_s": 161308.8, "load": 85.87744140625}
{"event": "step", "step": 39000, "loss": 4.4265, "lr": 0.0027821823368935896, "gnorm": 0.473, "tok_per_s": 165614.9, "load": 86.0478515625}
{"event": "step", "step": 39100, "loss": 4.3268, "lr": 0.0027809739501403227, "gnorm": 0.395, "tok_per_s": 166593.9, "load": 84.9228515625}
{"event": "step", "step": 39200, "loss": 4.4169, "lr": 0.002779762516606643, "gnorm": 0.644, "tok_per_s": 166935.8, "load": 83.4072265625}
{"event": "step", "step": 39300, "loss": 4.3981, "lr": 0.0027785480395560854, "gnorm": 1.2, "tok_per_s": 166779.4, "load": 81.93310546875}
{"event": "step", "step": 39400, "loss": 4.4487, "lr": 0.0027773305222603835, "gnorm": 0.533, "tok_per_s": 167397.6, "load": 81.77783203125}
{"event": "step", "step": 39500, "loss": 4.3539, "lr": 0.0027761099679994594, "gnorm": 0.501, "tok_per_s": 167426.8, "load": 83.4775390625}
{"event": "step", "step": 39600, "loss": 4.4355, "lr": 0.0027748863800614184, "gnorm": 0.816, "tok_per_s": 167037.6, "load": 84.3203125}
{"event": "step", "step": 39700, "loss": 4.5379, "lr": 0.0027736597617425375, "gnorm": 0.719, "tok_per_s": 164208.2, "load": 81.65185546875}
{"event": "step", "step": 39800, "loss": 4.2207, "lr": 0.0027724301163472584, "gnorm": 0.8, "tok_per_s": 155550.0, "load": 81.84033203125}
{"event": "step", "step": 39900, "loss": 4.4208, "lr": 0.002771197447188177, "gnorm": 1.138, "tok_per_s": 152116.7, "load": 81.77294921875}
{"event": "step", "step": 40000, "loss": 4.5017, "lr": 0.0027699617575860334, "gnorm": 0.473, "tok_per_s": 161428.8, "load": 81.87158203125}
{"event": "eval_quick", "step": 40000, "bpb": 1.4574080650919956, "nats_per_token": 4.394260800796752, "tokens": 16379, "bytes": 71247}
{"event": "step", "step": 40100, "loss": 4.4109, "lr": 0.002768723050869708, "gnorm": 0.473, "tok_per_s": 116333.9, "load": 82.27978515625}
{"event": "step", "step": 40200, "loss": 4.4399, "lr": 0.0027674813303762056, "gnorm": 0.838, "tok_per_s": 156919.3, "load": 81.69677734375}
{"event": "step", "step": 40300, "loss": 4.3158, "lr": 0.002766236599450653, "gnorm": 0.371, "tok_per_s": 152954.9, "load": 80.6796875}
{"event": "step", "step": 40400, "loss": 4.7068, "lr": 0.002764988861446284, "gnorm": 0.551, "tok_per_s": 153166.2, "load": 81.82666015625}
{"event": "step", "step": 40500, "loss": 4.4531, "lr": 0.0027637381197244356, "gnorm": 0.357, "tok_per_s": 161672.5, "load": 82.4814453125}
{"event": "step", "step": 40600, "loss": 4.7047, "lr": 0.0027624843776545365, "gnorm": 1.314, "tok_per_s": 148689.9, "load": 84.205078125}
{"event": "step", "step": 40700, "loss": 4.3508, "lr": 0.0027612276386140963, "gnorm": 0.965, "tok_per_s": 152780.6, "load": 83.5478515625}
{"event": "step", "step": 40800, "loss": 4.3365, "lr": 0.002759967905988701, "gnorm": 0.399, "tok_per_s": 154378.6, "load": 85.02587890625}
{"event": "step", "step": 40900, "loss": 4.4133, "lr": 0.002758705183171998, "gnorm": 0.862, "tok_per_s": 158798.5, "load": 87.26611328125}
{"event": "step", "step": 41000, "loss": 4.5113, "lr": 0.002757439473565693, "gnorm": 0.835, "tok_per_s": 148838.2, "load": 87.6455078125}
{"event": "step", "step": 41100, "loss": 4.3727, "lr": 0.002756170780579537, "gnorm": 0.557, "tok_per_s": 154338.7, "load": 87.83447265625}
{"event": "step", "step": 41200, "loss": 4.2401, "lr": 0.0027548991076313165, "gnorm": 0.662, "tok_per_s": 154997.1, "load": 87.607421875}
{"event": "step", "step": 41300, "loss": 4.3416, "lr": 0.0027536244581468474, "gnorm": 0.669, "tok_per_s": 166762.9, "load": 88.68017578125}
{"event": "step", "step": 41400, "loss": 4.4206, "lr": 0.0027523468355599647, "gnorm": 0.726, "tok_per_s": 150648.1, "load": 87.18408203125}
{"event": "step", "step": 41500, "loss": 4.3919, "lr": 0.0027510662433125116, "gnorm": 0.418, "tok_per_s": 136483.4, "load": 87.63623046875}
{"event": "step", "step": 41600, "loss": 4.306, "lr": 0.0027497826848543313, "gnorm": 0.437, "tok_per_s": 138543.8, "load": 84.0615234375}
{"event": "step", "step": 41700, "loss": 4.4388, "lr": 0.002748496163643259, "gnorm": 0.489, "tok_per_s": 164008.6, "load": 84.216796875}
{"event": "step", "step": 41800, "loss": 4.2735, "lr": 0.002747206683145111, "gnorm": 0.347, "tok_per_s": 165374.4, "load": 81.95703125}
{"event": "step", "step": 41900, "loss": 4.3968, "lr": 0.002745914246833675, "gnorm": 0.32, "tok_per_s": 165428.7, "load": 82.12109375}
{"event": "step", "step": 42000, "loss": 4.5902, "lr": 0.0027446188581907015, "gnorm": 0.804, "tok_per_s": 166220.5, "load": 82.27197265625}
{"event": "step", "step": 42100, "loss": 4.4406, "lr": 0.002743320520705896, "gnorm": 0.632, "tok_per_s": 162854.2, "load": 82.81103515625}
{"event": "step", "step": 42200, "loss": 4.2419, "lr": 0.0027420192378769053, "gnorm": 0.341, "tok_per_s": 139313.2, "load": 80.66357421875}
{"event": "step", "step": 42300, "loss": 4.3379, "lr": 0.002740715013209314, "gnorm": 0.351, "tok_per_s": 141520.3, "load": 80.4501953125}
{"event": "step", "step": 42400, "loss": 4.5294, "lr": 0.0027394078502166294, "gnorm": 0.976, "tok_per_s": 152748.4, "load": 80.4140625}
{"event": "step", "step": 42500, "loss": 4.4642, "lr": 0.002738097752420276, "gnorm": 0.335, "tok_per_s": 139416.2, "load": 78.138671875}
{"event": "step", "step": 42600, "loss": 4.4625, "lr": 0.0027367847233495824, "gnorm": 0.659, "tok_per_s": 143980.3, "load": 78.6884765625}
{"event": "step", "step": 42700, "loss": 4.5667, "lr": 0.0027354687665417762, "gnorm": 0.474, "tok_per_s": 142352.9, "load": 79.15625}
{"event": "step", "step": 42800, "loss": 4.3831, "lr": 0.002734149885541972, "gnorm": 0.602, "tok_per_s": 138925.9, "load": 78.5029296875}
{"event": "step", "step": 42900, "loss": 4.3763, "lr": 0.0027328280839031597, "gnorm": 0.34, "tok_per_s": 158652.7, "load": 79.34375}
{"event": "step", "step": 43000, "loss": 4.4324, "lr": 0.0027315033651862, "gnorm": 0.337, "tok_per_s": 141465.0, "load": 79.796875}
{"event": "step", "step": 43100, "loss": 4.4818, "lr": 0.0027301757329598105, "gnorm": 0.493, "tok_per_s": 156182.5, "load": 79.73291015625}
{"event": "step", "step": 43200, "loss": 4.365, "lr": 0.002728845190800558, "gnorm": 0.405, "tok_per_s": 146646.8, "load": 80.31494140625}
{"event": "step", "step": 43300, "loss": 4.3112, "lr": 0.002727511742292848, "gnorm": 1.0, "tok_per_s": 135578.8, "load": 81.4912109375}
{"event": "step", "step": 43400, "loss": 4.3051, "lr": 0.002726175391028917, "gnorm": 0.373, "tok_per_s": 136694.9, "load": 80.62744140625}
{"event": "step", "step": 43500, "loss": 4.4307, "lr": 0.0027248361406088193, "gnorm": 1.269, "tok_per_s": 137164.4, "load": 80.3369140625}
{"event": "step", "step": 43600, "loss": 4.5053, "lr": 0.0027234939946404212, "gnorm": 1.331, "tok_per_s": 138255.8, "load": 81.27099609375}
{"event": "step", "step": 43700, "loss": 4.2878, "lr": 0.0027221489567393884, "gnorm": 0.609, "tok_per_s": 152181.3, "load": 79.0869140625}
{"event": "step", "step": 43800, "loss": 4.3832, "lr": 0.002720801030529178, "gnorm": 0.454, "tok_per_s": 149937.6, "load": 81.802734375}
{"event": "step", "step": 43900, "loss": 4.3749, "lr": 0.0027194502196410267, "gnorm": 0.385, "tok_per_s": 151748.4, "load": 81.81884765625}
{"event": "step", "step": 44000, "loss": 4.3229, "lr": 0.0027180965277139443, "gnorm": 0.525, "tok_per_s": 149128.2, "load": 80.4716796875}
{"event": "step", "step": 44100, "loss": 4.3334, "lr": 0.0027167399583947005, "gnorm": 1.032, "tok_per_s": 155278.7, "load": 80.91455078125}
{"event": "step", "step": 44200, "loss": 4.5098, "lr": 0.0027153805153378166, "gnorm": 0.483, "tok_per_s": 143421.6, "load": 81.962890625}
{"event": "step", "step": 44300, "loss": 4.4193, "lr": 0.002714018202205557, "gnorm": 0.377, "tok_per_s": 145600.3, "load": 81.34423828125}
{"event": "step", "step": 44400, "loss": 4.2902, "lr": 0.0027126530226679164, "gnorm": 0.393, "tok_per_s": 154710.7, "load": 84.76025390625}
{"event": "step", "step": 44500, "loss": 4.3981, "lr": 0.002711284980402611, "gnorm": 0.508, "tok_per_s": 151302.8, "load": 82.376953125}
{"event": "step", "step": 44600, "loss": 4.4667, "lr": 0.0027099140790950715, "gnorm": 1.499, "tok_per_s": 153248.0, "load": 83.46826171875}
{"event": "step", "step": 44700, "loss": 4.3951, "lr": 0.0027085403224384286, "gnorm": 0.737, "tok_per_s": 154606.8, "load": 84.47216796875}
{"event": "step", "step": 44800, "loss": 4.5392, "lr": 0.0027071637141335048, "gnorm": 0.382, "tok_per_s": 133193.4, "load": 84.03369140625}
{"event": "step", "step": 44900, "loss": 4.1761, "lr": 0.002705784257888807, "gnorm": 0.336, "tok_per_s": 156823.7, "load": 83.79052734375}
{"event": "step", "step": 45000, "loss": 4.2978, "lr": 0.002704401957420512, "gnorm": 0.578, "tok_per_s": 165222.3, "load": 85.8095703125}
{"event": "step", "step": 45100, "loss": 4.5792, "lr": 0.0027030168164524607, "gnorm": 0.395, "tok_per_s": 123698.8, "load": 87.1865234375}
{"event": "step", "step": 45200, "loss": 4.5622, "lr": 0.002701628838716145, "gnorm": 0.929, "tok_per_s": 144764.5, "load": 84.08251953125}
{"event": "step", "step": 45300, "loss": 4.4592, "lr": 0.0027002380279506984, "gnorm": 1.485, "tok_per_s": 155317.3, "load": 83.27490234375}
{"event": "step", "step": 45400, "loss": 4.4141, "lr": 0.002698844387902887, "gnorm": 0.876, "tok_per_s": 158935.3, "load": 83.01220703125}
{"event": "step", "step": 45500, "loss": 4.3046, "lr": 0.0026974479223271, "gnorm": 0.694, "tok_per_s": 165342.0, "load": 83.89208984375}
{"event": "step", "step": 45600, "loss": 4.3931, "lr": 0.002696048634985337, "gnorm": 1.075, "tok_per_s": 164695.2, "load": 84.06103515625}
{"event": "step", "step": 45700, "loss": 4.4118, "lr": 0.002694646529647199, "gnorm": 0.42, "tok_per_s": 166138.8, "load": 85.25732421875}
{"event": "step", "step": 45800, "loss": 4.3083, "lr": 0.0026932416100898804, "gnorm": 0.574, "tok_per_s": 139151.8, "load": 84.03515625}
{"event": "step", "step": 45900, "loss": 4.3478, "lr": 0.0026918338800981543, "gnorm": 0.771, "tok_per_s": 152539.3, "load": 81.5498046875}
{"event": "step", "step": 46000, "loss": 4.4047, "lr": 0.002690423343464367, "gnorm": 0.464, "tok_per_s": 162496.9, "load": 82.06640625}
{"event": "step", "step": 46100, "loss": 4.4291, "lr": 0.002689010003988426, "gnorm": 0.915, "tok_per_s": 151889.5, "load": 81.50048828125}
{"event": "step", "step": 46200, "loss": 4.2768, "lr": 0.0026875938654777874, "gnorm": 0.422, "tok_per_s": 152439.0, "load": 80.0185546875}
{"event": "step", "step": 46300, "loss": 4.4424, "lr": 0.002686174931747449, "gnorm": 0.409, "tok_per_s": 151159.2, "load": 82.25927734375}
{"event": "step", "step": 46400, "loss": 4.3636, "lr": 0.0026847532066199393, "gnorm": 0.579, "tok_per_s": 151105.1, "load": 80.556640625}
{"event": "step", "step": 46500, "loss": 4.4711, "lr": 0.002683328693925306, "gnorm": 1.316, "tok_per_s": 151594.6, "load": 80.03125}
{"event": "step", "step": 46600, "loss": 4.4514, "lr": 0.002681901397501106, "gnorm": 1.36, "tok_per_s": 162039.7, "load": 81.22998046875}
{"event": "step", "step": 46700, "loss": 4.3135, "lr": 0.0026804713211923963, "gnorm": 0.612, "tok_per_s": 139094.5, "load": 82.8134765625}
{"event": "step", "step": 46800, "loss": 4.3963, "lr": 0.0026790384688517217, "gnorm": 0.391, "tok_per_s": 144545.8, "load": 85.0205078125}
{"event": "step", "step": 46900, "loss": 4.2543, "lr": 0.002677602844339107, "gnorm": 0.512, "tok_per_s": 153504.6, "load": 85.09912109375}
{"event": "step", "step": 47000, "loss": 4.4252, "lr": 0.0026761644515220433, "gnorm": 1.029, "tok_per_s": 139211.4, "load": 85.49169921875}
{"event": "step", "step": 47100, "loss": 4.253, "lr": 0.0026747232942754807, "gnorm": 0.894, "tok_per_s": 135706.0, "load": 85.2119140625}
{"event": "step", "step": 47200, "loss": 4.5394, "lr": 0.002673279376481816, "gnorm": 0.484, "tok_per_s": 139485.9, "load": 84.87451171875}
{"event": "step", "step": 47300, "loss": 4.4532, "lr": 0.0026718327020308816, "gnorm": 0.353, "tok_per_s": 135350.0, "load": 86.24609375}
{"event": "step", "step": 47400, "loss": 4.5047, "lr": 0.0026703832748199395, "gnorm": 0.686, "tok_per_s": 142590.9, "load": 86.5029296875}
{"event": "step", "step": 47500, "loss": 4.2537, "lr": 0.002668931098753664, "gnorm": 1.371, "tok_per_s": 153021.3, "load": 86.06201171875}
{"event": "step", "step": 47600, "loss": 4.3146, "lr": 0.002667476177744136, "gnorm": 0.342, "tok_per_s": 150756.7, "load": 85.015625}
{"event": "step", "step": 47700, "loss": 4.4542, "lr": 0.0026660185157108313, "gnorm": 0.617, "tok_per_s": 156807.1, "load": 85.2548828125}
{"event": "step", "step": 47800, "loss": 4.4968, "lr": 0.0026645581165806098, "gnorm": 0.719, "tok_per_s": 154577.8, "load": 84.353515625}
{"event": "step", "step": 47900, "loss": 4.5942, "lr": 0.0026630949842877056, "gnorm": 0.371, "tok_per_s": 142314.5, "load": 84.64599609375}
{"event": "step", "step": 48000, "loss": 4.4806, "lr": 0.002661629122773713, "gnorm": 0.45, "tok_per_s": 144779.3, "load": 85.7958984375}
{"event": "step", "step": 48100, "loss": 4.2928, "lr": 0.002660160535987583, "gnorm": 0.828, "tok_per_s": 156216.8, "load": 86.533203125}
{"event": "step", "step": 48200, "loss": 4.3859, "lr": 0.0026586892278856046, "gnorm": 0.968, "tok_per_s": 148220.3, "load": 84.80859375}
{"event": "step", "step": 48300, "loss": 4.4531, "lr": 0.0026572152024314, "gnorm": 0.589, "tok_per_s": 140006.5, "load": 83.30224609375}
{"event": "step", "step": 48400, "loss": 4.42, "lr": 0.0026557384635959107, "gnorm": 1.037, "tok_per_s": 147726.2, "load": 81.25732421875}
{"event": "step", "step": 48500, "loss": 4.3027, "lr": 0.002654259015357389, "gnorm": 0.351, "tok_per_s": 157389.4, "load": 81.31689453125}
{"event": "step", "step": 48600, "loss": 4.45, "lr": 0.002652776861701385, "gnorm": 1.052, "tok_per_s": 146623.5, "load": 80.81103515625}
{"event": "step", "step": 48700, "loss": 4.4671, "lr": 0.002651292006620737, "gnorm": 0.352, "tok_per_s": 151909.2, "load": 81.626953125}
{"event": "step", "step": 48800, "loss": 4.5191, "lr": 0.002649804454115563, "gnorm": 0.61, "tok_per_s": 146263.4, "load": 81.49658203125}
{"event": "step", "step": 48900, "loss": 4.2917, "lr": 0.0026483142081932445, "gnorm": 1.229, "tok_per_s": 148836.4, "load": 79.61474609375}
{"event": "step", "step": 49000, "loss": 4.4564, "lr": 0.0026468212728684207, "gnorm": 0.469, "tok_per_s": 151740.8, "load": 76.6826171875}
{"event": "step", "step": 49100, "loss": 4.4576, "lr": 0.0026453256521629764, "gnorm": 0.599, "tok_per_s": 136558.0, "load": 78.14990234375}
{"event": "step", "step": 49200, "loss": 4.5666, "lr": 0.0026438273501060293, "gnorm": 0.453, "tok_per_s": 164744.2, "load": 79.57958984375}
{"event": "step", "step": 49300, "loss": 4.4451, "lr": 0.0026423263707339214, "gnorm": 1.795, "tok_per_s": 159358.6, "load": 80.013671875}
{"event": "step", "step": 49400, "loss": 4.4397, "lr": 0.002640822718090207, "gnorm": 0.427, "tok_per_s": 152410.9, "load": 80.9736328125}
{"event": "step", "step": 49500, "loss": 4.2519, "lr": 0.0026393163962256413, "gnorm": 0.424, "tok_per_s": 152243.7, "load": 81.93701171875}
{"event": "step", "step": 49600, "loss": 4.3638, "lr": 0.002637807409198172, "gnorm": 0.48, "tok_per_s": 156822.0, "load": 81.22119140625}
{"event": "step", "step": 49700, "loss": 4.4216, "lr": 0.002636295761072925, "gnorm": 1.047, "tok_per_s": 144933.9, "load": 81.82421875}
{"event": "step", "step": 49800, "loss": 4.4186, "lr": 0.002634781455922196, "gnorm": 0.963, "tok_per_s": 142193.5, "load": 82.71923828125}
{"event": "step", "step": 49900, "loss": 4.3768, "lr": 0.0026332644978254377, "gnorm": 0.397, "tok_per_s": 146459.7, "load": 84.34375}
{"event": "step", "step": 50000, "loss": 4.5111, "lr": 0.00263174489086925, "gnorm": 0.489, "tok_per_s": 154229.8, "load": 83.27490234375}
{"event": "step", "step": 50100, "loss": 4.4011, "lr": 0.0026302226391473698, "gnorm": 1.051, "tok_per_s": 123007.9, "load": 82.45166015625}
{"event": "step", "step": 50200, "loss": 4.4132, "lr": 0.0026286977467606565, "gnorm": 0.356, "tok_per_s": 147309.5, "load": 83.93701171875}
{"event": "step", "step": 50300, "loss": 4.393, "lr": 0.002627170217817086, "gnorm": 0.925, "tok_per_s": 138592.1, "load": 84.11669921875}
{"event": "step", "step": 50400, "loss": 4.3634, "lr": 0.0026256400564317354, "gnorm": 0.341, "tok_per_s": 137882.6, "load": 85.068359375}
{"event": "step", "step": 50500, "loss": 4.2895, "lr": 0.0026241072667267723, "gnorm": 0.509, "tok_per_s": 137544.9, "load": 86.66455078125}
{"event": "step", "step": 50600, "loss": 4.4458, "lr": 0.002622571852831448, "gnorm": 0.626, "tok_per_s": 138531.2, "load": 86.93212890625}
{"event": "step", "step": 50700, "loss": 4.3496, "lr": 0.002621033818882081, "gnorm": 1.217, "tok_per_s": 139636.3, "load": 87.17822265625}
{"event": "step", "step": 50800, "loss": 4.3628, "lr": 0.002619493169022048, "gnorm": 0.595, "tok_per_s": 136544.6, "load": 87.724609375}
{"event": "step", "step": 50900, "loss": 4.2395, "lr": 0.0026179499074017736, "gnorm": 0.612, "tok_per_s": 143773.9, "load": 86.05615234375}
{"event": "step", "step": 51000, "loss": 4.4815, "lr": 0.002616404038178718, "gnorm": 0.402, "tok_per_s": 151465.5, "load": 84.93017578125}
{"event": "step", "step": 51100, "loss": 4.5272, "lr": 0.002614855565517366, "gnorm": 0.536, "tok_per_s": 145200.9, "load": 86.53759765625}
{"event": "step", "step": 51200, "loss": 4.4285, "lr": 0.0026133044935892176, "gnorm": 0.365, "tok_per_s": 164708.5, "load": 87.13525390625}
{"event": "step", "step": 51300, "loss": 4.4698, "lr": 0.0026117508265727715, "gnorm": 1.052, "tok_per_s": 166597.5, "load": 88.00537109375}
{"event": "step", "step": 51400, "loss": 4.5842, "lr": 0.0026101945686535207, "gnorm": 0.455, "tok_per_s": 156446.5, "load": 88.88623046875}
{"event": "step", "step": 51500, "loss": 4.519, "lr": 0.0026086357240239365, "gnorm": 0.389, "tok_per_s": 140945.2, "load": 88.33447265625}
{"event": "step", "step": 51600, "loss": 4.51, "lr": 0.0026070742968834592, "gnorm": 0.78, "tok_per_s": 148982.0, "load": 84.7841796875}
{"event": "step", "step": 51700, "loss": 4.4072, "lr": 0.0026055102914384854, "gnorm": 1.852, "tok_per_s": 157094.8, "load": 86.0830078125}
{"event": "step", "step": 51800, "loss": 4.4484, "lr": 0.0026039437119023587, "gnorm": 0.543, "tok_per_s": 165214.9, "load": 87.19775390625}
{"event": "step", "step": 51900, "loss": 4.3942, "lr": 0.0026023745624953565, "gnorm": 0.95, "tok_per_s": 165656.2, "load": 87.74267578125}
{"event": "step", "step": 52000, "loss": 4.4393, "lr": 0.0026008028474446792, "gnorm": 0.469, "tok_per_s": 164780.7, "load": 88.724609375}
{"event": "step", "step": 52100, "loss": 4.3508, "lr": 0.0025992285709844384, "gnorm": 0.432, "tok_per_s": 165361.5, "load": 87.46533203125}
{"event": "step", "step": 52200, "loss": 4.2967, "lr": 0.0025976517373556478, "gnorm": 0.449, "tok_per_s": 164866.4, "load": 87.66845703125}
{"event": "step", "step": 52300, "loss": 4.3211, "lr": 0.002596072350806208, "gnorm": 0.421, "tok_per_s": 143783.0, "load": 85.45263671875}
{"event": "step", "step": 52400, "loss": 4.3343, "lr": 0.0025944904155908977, "gnorm": 1.069, "tok_per_s": 144224.2, "load": 85.65673828125}
{"event": "step", "step": 52500, "loss": 4.5017, "lr": 0.002592905935971362, "gnorm": 0.375, "tok_per_s": 152335.5, "load": 87.3662109375}
{"event": "step", "step": 52600, "loss": 4.3001, "lr": 0.0025913189162161004, "gnorm": 0.628, "tok_per_s": 160094.1, "load": 86.45556640625}
{"event": "step", "step": 52700, "loss": 4.6324, "lr": 0.0025897293606004547, "gnorm": 1.096, "tok_per_s": 161346.4, "load": 83.9365234375}
{"event": "step", "step": 52800, "loss": 4.4556, "lr": 0.0025881372734065985, "gnorm": 1.252, "tok_per_s": 156560.3, "load": 82.2001953125}
{"event": "step", "step": 52900, "loss": 4.4329, "lr": 0.002586542658923526, "gnorm": 0.411, "tok_per_s": 161344.0, "load": 83.4658203125}
{"event": "step", "step": 53000, "loss": 4.367, "lr": 0.0025849455214470387, "gnorm": 0.632, "tok_per_s": 160397.6, "load": 85.8310546875}
{"event": "step", "step": 53100, "loss": 4.4269, "lr": 0.002583345865279736, "gnorm": 0.573, "tok_per_s": 153505.3, "load": 87.0458984375}
{"event": "step", "step": 53200, "loss": 4.4718, "lr": 0.002581743694731001, "gnorm": 1.221, "tok_per_s": 166905.6, "load": 83.8388671875}
{"event": "step", "step": 53300, "loss": 4.535, "lr": 0.0025801390141169923, "gnorm": 0.72, "tok_per_s": 141444.7, "load": 84.41259765625}
{"event": "step", "step": 53400, "loss": 4.4861, "lr": 0.002578531827760629, "gnorm": 0.393, "tok_per_s": 138470.9, "load": 85.6611328125}
{"event": "step", "step": 53500, "loss": 4.4163, "lr": 0.002576922139991581, "gnorm": 0.343, "tok_per_s": 138465.3, "load": 84.80712890625}
{"event": "step", "step": 53600, "loss": 4.2743, "lr": 0.0025753099551462572, "gnorm": 0.619, "tok_per_s": 142840.4, "load": 86.02392578125}
{"event": "step", "step": 53700, "loss": 4.3602, "lr": 0.002573695277567793, "gnorm": 1.72, "tok_per_s": 151236.1, "load": 85.06103515625}
{"event": "step", "step": 53800, "loss": 4.479, "lr": 0.0025720781116060393, "gnorm": 0.429, "tok_per_s": 138593.7, "load": 83.8818359375}
{"event": "step", "step": 53900, "loss": 4.396, "lr": 0.0025704584616175505, "gnorm": 1.082, "tok_per_s": 134736.3, "load": 85.8935546875}
{"event": "step", "step": 54000, "loss": 4.3526, "lr": 0.0025688363319655723, "gnorm": 0.461, "tok_per_s": 160791.3, "load": 87.103515625}
{"event": "step", "step": 54100, "loss": 4.3249, "lr": 0.0025672117270200325, "gnorm": 0.375, "tok_per_s": 140014.7, "load": 86.85498046875}
{"event": "step", "step": 54200, "loss": 4.54, "lr": 0.002565584651157524, "gnorm": 1.611, "tok_per_s": 137686.2, "load": 87.50732421875}
{"event": "step", "step": 54300, "loss": 4.4007, "lr": 0.0025639551087612996, "gnorm": 0.943, "tok_per_s": 148666.5, "load": 88.5078125}
{"event": "step", "step": 54400, "loss": 4.4776, "lr": 0.0025623231042212536, "gnorm": 0.684, "tok_per_s": 135265.6, "load": 90.06884765625}
{"event": "step", "step": 54500, "loss": 4.3388, "lr": 0.002560688641933916, "gnorm": 0.371, "tok_per_s": 138219.9, "load": 86.39013671875}
{"event": "step", "step": 54600, "loss": 4.3458, "lr": 0.002559051726302436, "gnorm": 0.333, "tok_per_s": 140629.0, "load": 86.11865234375}
{"event": "step", "step": 54700, "loss": 4.4817, "lr": 0.0025574123617365723, "gnorm": 0.463, "tok_per_s": 133193.0, "load": 86.349609375}
{"event": "step", "step": 54800, "loss": 4.4237, "lr": 0.0025557705526526816, "gnorm": 0.665, "tok_per_s": 141831.1, "load": 87.60302734375}
{"event": "step", "step": 54900, "loss": 4.3087, "lr": 0.0025541263034737052, "gnorm": 0.693, "tok_per_s": 149405.2, "load": 86.994140625}
{"event": "step", "step": 55000, "loss": 4.4015, "lr": 0.0025524796186291586, "gnorm": 1.097, "tok_per_s": 139661.9, "load": 86.11328125}
{"event": "step", "step": 55100, "loss": 4.4371, "lr": 0.002550830502555118, "gnorm": 0.987, "tok_per_s": 111476.0, "load": 84.56787109375}
{"event": "step", "step": 55200, "loss": 4.3721, "lr": 0.00254917895969421, "gnorm": 0.521, "tok_per_s": 153201.4, "load": 84.9228515625}
{"event": "step", "step": 55300, "loss": 4.4954, "lr": 0.002547524994495598, "gnorm": 1.155, "tok_per_s": 143192.8, "load": 87.09130859375}
{"event": "step", "step": 55400, "loss": 4.5345, "lr": 0.0025458686114149718, "gnorm": 1.65, "tok_per_s": 144734.9, "load": 86.5234375}
{"event": "step", "step": 55500, "loss": 4.3247, "lr": 0.002544209814914535, "gnorm": 0.697, "tok_per_s": 162453.3, "load": 87.12255859375}
{"event": "step", "step": 55600, "loss": 4.4014, "lr": 0.0025425486094629917, "gnorm": 0.746, "tok_per_s": 158056.9, "load": 88.87451171875}
{"event": "step", "step": 55700, "loss": 4.3635, "lr": 0.0025408849995355366, "gnorm": 0.545, "tok_per_s": 165374.9, "load": 89.92578125}
{"event": "step", "step": 55800, "loss": 4.4252, "lr": 0.0025392189896138407, "gnorm": 0.602, "tok_per_s": 163850.3, "load": 89.05078125}
{"event": "step", "step": 55900, "loss": 4.4952, "lr": 0.002537550584186043, "gnorm": 0.635, "tok_per_s": 158665.6, "load": 89.607421875}
{"event": "step", "step": 56000, "loss": 4.5325, "lr": 0.0025358797877467324, "gnorm": 0.679, "tok_per_s": 164020.2, "load": 87.716796875}
{"event": "step", "step": 56100, "loss": 4.4237, "lr": 0.002534206604796942, "gnorm": 0.402, "tok_per_s": 142459.3, "load": 86.6181640625}
{"event": "step", "step": 56200, "loss": 4.3122, "lr": 0.0025325310398441325, "gnorm": 0.741, "tok_per_s": 148958.1, "load": 84.8544921875}
{"event": "step", "step": 56300, "loss": 4.3338, "lr": 0.0025308530974021822, "gnorm": 0.528, "tok_per_s": 156661.4, "load": 85.0263671875}
{"event": "step", "step": 56400, "loss": 4.4827, "lr": 0.0025291727819913737, "gnorm": 0.99, "tok_per_s": 139456.7, "load": 84.62353515625}
{"event": "step", "step": 56500, "loss": 4.3815, "lr": 0.0025274900981383827, "gnorm": 0.768, "tok_per_s": 136280.0, "load": 84.97412109375}
{"event": "step", "step": 56600, "loss": 4.4218, "lr": 0.0025258050503762647, "gnorm": 0.559, "tok_per_s": 139190.7, "load": 84.57568359375}
{"event": "step", "step": 56700, "loss": 4.5294, "lr": 0.0025241176432444445, "gnorm": 0.394, "tok_per_s": 156387.1, "load": 84.68994140625}
{"event": "step", "step": 56800, "loss": 4.3705, "lr": 0.0025224278812887016, "gnorm": 0.81, "tok_per_s": 164465.6, "load": 85.435546875}
{"event": "step", "step": 56900, "loss": 4.4233, "lr": 0.0025207357690611608, "gnorm": 0.459, "tok_per_s": 151139.5, "load": 83.158203125}
{"event": "step", "step": 57000, "loss": 4.3071, "lr": 0.0025190413111202768, "gnorm": 0.547, "tok_per_s": 140407.8, "load": 82.5849609375}
{"event": "step", "step": 57100, "loss": 4.4201, "lr": 0.0025173445120308248, "gnorm": 0.786, "tok_per_s": 152132.5, "load": 83.9658203125}
{"event": "step", "step": 57200, "loss": 4.3595, "lr": 0.002515645376363886, "gnorm": 0.348, "tok_per_s": 159821.4, "load": 84.529296875}
{"event": "step", "step": 57300, "loss": 4.2027, "lr": 0.002513943908696837, "gnorm": 0.934, "tok_per_s": 134638.9, "load": 83.36572265625}
{"event": "step", "step": 57400, "loss": 4.4259, "lr": 0.002512240113613336, "gnorm": 0.596, "tok_per_s": 138923.7, "load": 83.4970703125}
{"event": "step", "step": 57500, "loss": 4.3538, "lr": 0.0025105339957033125, "gnorm": 0.632, "tok_per_s": 138646.4, "load": 84.01806640625}
{"event": "step", "step": 57600, "loss": 4.2427, "lr": 0.002508825559562951, "gnorm": 1.191, "tok_per_s": 138684.2, "load": 85.13818359375}
{"event": "step", "step": 57700, "loss": 4.2818, "lr": 0.002507114809794683, "gnorm": 0.676, "tok_per_s": 141504.9, "load": 85.126953125}
{"event": "step", "step": 57800, "loss": 4.5417, "lr": 0.0025054017510071727, "gnorm": 0.841, "tok_per_s": 152961.7, "load": 85.6904296875}
{"event": "step", "step": 57900, "loss": 4.2816, "lr": 0.002503686387815305, "gnorm": 0.342, "tok_per_s": 166520.2, "load": 84.75390625}
{"event": "step", "step": 58000, "loss": 4.453, "lr": 0.002501968724840171, "gnorm": 0.512, "tok_per_s": 164831.1, "load": 86.77587890625}
{"event": "step", "step": 58100, "loss": 4.3756, "lr": 0.0025002487667090596, "gnorm": 0.528, "tok_per_s": 152681.5, "load": 89.5966796875}
{"event": "step", "step": 58200, "loss": 4.4162, "lr": 0.002498526518055441, "gnorm": 1.005, "tok_per_s": 137623.3, "load": 88.02734375}
{"event": "step", "step": 58300, "loss": 4.5969, "lr": 0.0024968019835189563, "gnorm": 1.113, "tok_per_s": 136157.6, "load": 87.94482421875}
{"event": "step", "step": 58400, "loss": 4.2367, "lr": 0.0024950751677454055, "gnorm": 0.646, "tok_per_s": 140645.2, "load": 88.35009765625}
{"event": "step", "step": 58500, "loss": 4.4751, "lr": 0.0024933460753867325, "gnorm": 1.189, "tok_per_s": 140164.7, "load": 86.15966796875}
{"event": "step", "step": 58600, "loss": 4.3205, "lr": 0.0024916147111010162, "gnorm": 0.378, "tok_per_s": 142843.9, "load": 85.74609375}
{"event": "step", "step": 58700, "loss": 4.4806, "lr": 0.0024898810795524547, "gnorm": 0.453, "tok_per_s": 152192.9, "load": 86.16650390625}
{"event": "step", "step": 58800, "loss": 4.3808, "lr": 0.0024881451854113536, "gnorm": 0.415, "tok_per_s": 142110.9, "load": 85.03173828125}
{"event": "step", "step": 58900, "loss": 4.365, "lr": 0.002486407033354115, "gnorm": 0.427, "tok_per_s": 146135.8, "load": 83.98779296875}
{"event": "step", "step": 59000, "loss": 4.3574, "lr": 0.002484666628063223, "gnorm": 0.768, "tok_per_s": 153888.9, "load": 82.78759765625}
{"event": "step", "step": 59100, "loss": 4.3306, "lr": 0.0024829239742272307, "gnorm": 0.465, "tok_per_s": 149405.6, "load": 81.44287109375}
{"event": "step", "step": 59200, "loss": 4.4582, "lr": 0.002481179076540752, "gnorm": 0.566, "tok_per_s": 145404.2, "load": 80.1259765625}
{"event": "step", "step": 59300, "loss": 4.5242, "lr": 0.0024794319397044417, "gnorm": 0.519, "tok_per_s": 161358.1, "load": 79.31494140625}
{"event": "step", "step": 59400, "loss": 4.419, "lr": 0.002477682568424989, "gnorm": 0.393, "tok_per_s": 157970.6, "load": 81.1318359375}
{"event": "step", "step": 59500, "loss": 4.4772, "lr": 0.0024759309674151028, "gnorm": 0.789, "tok_per_s": 146899.8, "load": 80.080078125}
{"event": "step", "step": 59600, "loss": 4.5083, "lr": 0.002474177141393497, "gnorm": 0.513, "tok_per_s": 138354.8, "load": 79.5126953125}
{"event": "step", "step": 59700, "loss": 4.3049, "lr": 0.0024724210950848808, "gnorm": 0.424, "tok_per_s": 148951.4, "load": 80.5166015625}
{"event": "step", "step": 59800, "loss": 4.3207, "lr": 0.0024706628332199446, "gnorm": 0.973, "tok_per_s": 157091.1, "load": 80.07470703125}
{"event": "step", "step": 59900, "loss": 4.1323, "lr": 0.0024689023605353475, "gnorm": 0.512, "tok_per_s": 162193.6, "load": 80.14892578125}
{"event": "step", "step": 60000, "loss": 4.4032, "lr": 0.0024671396817737036, "gnorm": 1.216, "tok_per_s": 147777.7, "load": 79.095703125}
{"event": "eval_quick", "step": 60000, "bpb": 1.437553404128002, "nats_per_token": 4.334396607317297, "tokens": 16379, "bytes": 71247}
{"event": "step", "step": 60100, "loss": 4.5441, "lr": 0.0024653748016835713, "gnorm": 0.384, "tok_per_s": 108068.5, "load": 79.96923828125}
{"event": "step", "step": 60200, "loss": 4.3394, "lr": 0.002463607725019438, "gnorm": 0.522, "tok_per_s": 140293.7, "load": 80.37255859375}
{"event": "step", "step": 60300, "loss": 4.3886, "lr": 0.0024618384565417103, "gnorm": 0.542, "tok_per_s": 162169.8, "load": 80.8232421875}
{"event": "step", "step": 60400, "loss": 4.4516, "lr": 0.0024600670010166974, "gnorm": 0.744, "tok_per_s": 165669.2, "load": 80.1962890625}
{"event": "step", "step": 60500, "loss": 4.5326, "lr": 0.0024582933632166007, "gnorm": 0.879, "tok_per_s": 166530.4, "load": 77.93798828125}
{"event": "step", "step": 60600, "loss": 4.4481, "lr": 0.002456517547919502, "gnorm": 0.784, "tok_per_s": 150508.9, "load": 80.025390625}
{"event": "step", "step": 60700, "loss": 4.3232, "lr": 0.0024547395599093472, "gnorm": 0.527, "tok_per_s": 150162.2, "load": 82.09423828125}
{"event": "step", "step": 60800, "loss": 4.4638, "lr": 0.002452959403975937, "gnorm": 0.711, "tok_per_s": 145176.9, "load": 83.4482421875}
{"event": "step", "step": 60900, "loss": 4.3093, "lr": 0.002451177084914912, "gnorm": 1.001, "tok_per_s": 163047.4, "load": 83.49267578125}
{"event": "step", "step": 61000, "loss": 4.5607, "lr": 0.0024493926075277394, "gnorm": 0.622, "tok_per_s": 159448.3, "load": 84.89501953125}
{"event": "step", "step": 61100, "loss": 4.4562, "lr": 0.0024476059766217004, "gnorm": 0.911, "tok_per_s": 158910.3, "load": 84.5029296875}
{"event": "step", "step": 61200, "loss": 4.3378, "lr": 0.00244581719700988, "gnorm": 0.632, "tok_per_s": 155493.6, "load": 84.86328125}
{"event": "step", "step": 61300, "loss": 4.3578, "lr": 0.0024440262735111492, "gnorm": 0.582, "tok_per_s": 164095.5, "load": 82.7119140625}
{"event": "step", "step": 61400, "loss": 4.3257, "lr": 0.0024422332109501556, "gnorm": 0.725, "tok_per_s": 142709.6, "load": 83.2158203125}
{"event": "step", "step": 61500, "loss": 4.4189, "lr": 0.0024404380141573095, "gnorm": 0.436, "tok_per_s": 141233.5, "load": 83.91943359375}
{"event": "step", "step": 61600, "loss": 4.4218, "lr": 0.00243864068796877, "gnorm": 0.523, "tok_per_s": 140479.6, "load": 83.685546875}
{"event": "step", "step": 61700, "loss": 4.2822, "lr": 0.0024368412372264333, "gnorm": 0.471, "tok_per_s": 166971.2, "load": 83.06982421875}
{"event": "step", "step": 61800, "loss": 4.3629, "lr": 0.0024350396667779193, "gnorm": 0.413, "tok_per_s": 165892.9, "load": 83.224609375}
{"event": "step", "step": 61900, "loss": 4.5677, "lr": 0.0024332359814765573, "gnorm": 0.652, "tok_per_s": 165859.5, "load": 84.728515625}
{"event": "step", "step": 62000, "loss": 4.3396, "lr": 0.0024314301861813738, "gnorm": 0.633, "tok_per_s": 165706.8, "load": 85.79150390625}
{"event": "step", "step": 62100, "loss": 4.5104, "lr": 0.0024296222857570814, "gnorm": 0.486, "tok_per_s": 164430.9, "load": 86.609375}
{"event": "step", "step": 62200, "loss": 4.499, "lr": 0.0024278122850740617, "gnorm": 0.397, "tok_per_s": 165548.1, "load": 85.919921875}
{"event": "step", "step": 62300, "loss": 4.4672, "lr": 0.0024260001890083547, "gnorm": 0.584, "tok_per_s": 166046.3, "load": 84.96533203125}
{"event": "step", "step": 62400, "loss": 4.2686, "lr": 0.002424186002441646, "gnorm": 1.396, "tok_per_s": 146430.1, "load": 84.4873046875}
{"event": "step", "step": 62500, "loss": 4.493, "lr": 0.0024223697302612527, "gnorm": 0.639, "tok_per_s": 152082.2, "load": 83.8076171875}
{"event": "step", "step": 62600, "loss": 4.334, "lr": 0.00242055137736011, "gnorm": 0.577, "tok_per_s": 147799.0, "load": 85.5048828125}
{"event": "step", "step": 62700, "loss": 4.4929, "lr": 0.002418730948636759, "gnorm": 0.611, "tok_per_s": 140297.9, "load": 85.09765625}
{"event": "step", "step": 62800, "loss": 4.4683, "lr": 0.0024169084489953315, "gnorm": 1.294, "tok_per_s": 155717.6, "load": 82.28662109375}
{"event": "step", "step": 62900, "loss": 4.4483, "lr": 0.002415083883345541, "gnorm": 0.64, "tok_per_s": 156752.8, "load": 81.86279296875}
{"event": "step", "step": 63000, "loss": 4.2657, "lr": 0.0024132572566026643, "gnorm": 0.411, "tok_per_s": 153098.6, "load": 82.5146484375}
{"event": "step", "step": 63100, "loss": 4.3511, "lr": 0.002411428573687531, "gnorm": 0.527, "tok_per_s": 138826.1, "load": 84.4755859375}
{"event": "step", "step": 63200, "loss": 4.175, "lr": 0.002409597839526511, "gnorm": 0.988, "tok_per_s": 137570.4, "load": 86.11962890625}
{"event": "step", "step": 63300, "loss": 4.3933, "lr": 0.0024077650590514986, "gnorm": 0.633, "tok_per_s": 139260.2, "load": 86.2705078125}
{"event": "step", "step": 63400, "loss": 4.4048, "lr": 0.002405930237199903, "gnorm": 0.447, "tok_per_s": 139054.6, "load": 85.6904296875}
{"event": "step", "step": 63500, "loss": 4.4221, "lr": 0.0024040933789146305, "gnorm": 1.388, "tok_per_s": 149473.3, "load": 85.39453125}
{"event": "step", "step": 63600, "loss": 4.4318, "lr": 0.002402254489144074, "gnorm": 0.647, "tok_per_s": 166299.9, "load": 86.564453125}
{"event": "step", "step": 63700, "loss": 4.522, "lr": 0.0024004135728421003, "gnorm": 0.396, "tok_per_s": 164148.6, "load": 85.71826171875}
{"event": "step", "step": 63800, "loss": 4.4536, "lr": 0.002398570634968035, "gnorm": 2.416, "tok_per_s": 166280.0, "load": 86.8623046875}
{"event": "step", "step": 63900, "loss": 4.5868, "lr": 0.0023967256804866477, "gnorm": 0.649, "tok_per_s": 165329.8, "load": 87.03369140625}
{"event": "step", "step": 64000, "loss": 4.6032, "lr": 0.0023948787143681432, "gnorm": 0.489, "tok_per_s": 166316.5, "load": 84.78857421875}
{"event": "step", "step": 64100, "loss": 4.2729, "lr": 0.0023930297415881456, "gnorm": 0.455, "tok_per_s": 166126.5, "load": 85.9267578125}
{"event": "step", "step": 64200, "loss": 4.5436, "lr": 0.002391178767127683, "gnorm": 0.609, "tok_per_s": 165895.7, "load": 85.2119140625}
{"event": "step", "step": 64300, "loss": 4.4181, "lr": 0.002389325795973177, "gnorm": 1.582, "tok_per_s": 166253.5, "load": 84.79443359375}
{"event": "step", "step": 64400, "loss": 4.3236, "lr": 0.002387470833116428, "gnorm": 0.639, "tok_per_s": 164907.7, "load": 85.13134765625}
{"event": "step", "step": 64500, "loss": 4.3754, "lr": 0.0023856138835546014, "gnorm": 0.507, "tok_per_s": 166599.3, "load": 83.91943359375}
{"event": "step", "step": 64600, "loss": 4.391, "lr": 0.0023837549522902164, "gnorm": 0.587, "tok_per_s": 165027.8, "load": 84.56689453125}
{"event": "step", "step": 64700, "loss": 4.3498, "lr": 0.002381894044331128, "gnorm": 0.866, "tok_per_s": 166224.2, "load": 84.56689453125}
{"event": "step", "step": 64800, "loss": 4.4548, "lr": 0.00238003116469052, "gnorm": 0.782, "tok_per_s": 166607.8, "load": 83.3203125}
{"event": "step", "step": 64900, "loss": 4.3864, "lr": 0.002378166318386884, "gnorm": 1.409, "tok_per_s": 166292.0, "load": 82.49365234375}
{"event": "step", "step": 65000, "loss": 4.3416, "lr": 0.0023762995104440114, "gnorm": 1.463, "tok_per_s": 165056.8, "load": 82.0537109375}
{"event": "step", "step": 65100, "loss": 4.2688, "lr": 0.002374430745890979, "gnorm": 1.366, "tok_per_s": 114758.6, "load": 82.50341796875}
{"event": "step", "step": 65200, "loss": 4.3344, "lr": 0.0023725600297621334, "gnorm": 0.494, "tok_per_s": 163613.0, "load": 84.38525390625}
{"event": "step", "step": 65300, "loss": 4.3163, "lr": 0.0023706873670970787, "gnorm": 0.41, "tok_per_s": 144376.9, "load": 84.5947265625}
{"event": "step", "step": 65400, "loss": 4.2155, "lr": 0.0023688127629406634, "gnorm": 0.747, "tok_per_s": 141966.0, "load": 84.466796875}
{"event": "step", "step": 65500, "loss": 4.4525, "lr": 0.0023669362223429666, "gnorm": 1.817, "tok_per_s": 134602.8, "load": 84.18896484375}
{"event": "step", "step": 65600, "loss": 4.387, "lr": 0.002365057750359283, "gnorm": 0.665, "tok_per_s": 134485.5, "load": 83.62841796875}
{"event": "step", "step": 65700, "loss": 4.4294, "lr": 0.0023631773520501097, "gnorm": 1.302, "tok_per_s": 153864.1, "load": 81.65576171875}
{"event": "step", "step": 65800, "loss": 4.3147, "lr": 0.0023612950324811356, "gnorm": 0.997, "tok_per_s": 153531.2, "load": 80.88232421875}
{"event": "step", "step": 65900, "loss": 4.4485, "lr": 0.0023594107967232236, "gnorm": 0.368, "tok_per_s": 163592.3, "load": 81.37255859375}
{"event": "step", "step": 66000, "loss": 4.3875, "lr": 0.0023575246498523995, "gnorm": 1.072, "tok_per_s": 140534.0, "load": 81.26220703125}
{"event": "step", "step": 66100, "loss": 4.526, "lr": 0.002355636596949837, "gnorm": 0.813, "tok_per_s": 140784.9, "load": 82.0419921875}
{"event": "step", "step": 66200, "loss": 4.4743, "lr": 0.0023537466431018447, "gnorm": 0.761, "tok_per_s": 142113.8, "load": 83.080078125}
{"event": "step", "step": 66300, "loss": 4.3833, "lr": 0.0023518547933998523, "gnorm": 0.524, "tok_per_s": 139152.2, "load": 82.9130859375}
{"event": "step", "step": 66400, "loss": 4.368, "lr": 0.002349961052940397, "gnorm": 0.444, "tok_per_s": 138450.6, "load": 81.55224609375}
{"event": "step", "step": 66500, "loss": 4.2615, "lr": 0.0023480654268251094, "gnorm": 1.048, "tok_per_s": 159784.7, "load": 82.54931640625}
{"event": "step", "step": 66600, "loss": 4.4982, "lr": 0.0023461679201607004, "gnorm": 0.433, "tok_per_s": 166479.5, "load": 83.22607421875}
{"event": "step", "step": 66700, "loss": 4.4784, "lr": 0.0023442685380589455, "gnorm": 0.578, "tok_per_s": 166750.5, "load": 83.7685546875}
{"event": "step", "step": 66800, "loss": 4.2764, "lr": 0.0023423672856366746, "gnorm": 1.394, "tok_per_s": 166599.3, "load": 85.1484375}
{"event": "step", "step": 66900, "loss": 4.2031, "lr": 0.0023404641680157545, "gnorm": 0.556, "tok_per_s": 165145.5, "load": 82.81396484375}
{"event": "step", "step": 67000, "loss": 4.3154, "lr": 0.002338559190323077, "gnorm": 0.669, "tok_per_s": 166236.4, "load": 81.38720703125}
{"event": "step", "step": 67100, "loss": 4.2881, "lr": 0.0023366523576905467, "gnorm": 1.067, "tok_per_s": 164636.0, "load": 82.7177734375}
{"event": "step", "step": 67200, "loss": 4.3433, "lr": 0.002334743675255063, "gnorm": 0.705, "tok_per_s": 150969.9, "load": 82.98095703125}
{"event": "step", "step": 67300, "loss": 4.6266, "lr": 0.0023328331481585083, "gnorm": 1.447, "tok_per_s": 147516.7, "load": 84.10400390625}
{"event": "step", "step": 67400, "loss": 4.1463, "lr": 0.0023309207815477373, "gnorm": 1.197, "tok_per_s": 144900.8, "load": 84.255859375}
{"event": "step", "step": 67500, "loss": 4.3596, "lr": 0.0023290065805745574, "gnorm": 0.925, "tok_per_s": 145511.6, "load": 84.79638671875}
{"event": "step", "step": 67600, "loss": 4.4293, "lr": 0.0023270905503957186, "gnorm": 0.966, "tok_per_s": 142244.9, "load": 84.572265625}
{"event": "step", "step": 67700, "loss": 4.3236, "lr": 0.002325172696172899, "gnorm": 0.948, "tok_per_s": 141672.4, "load": 84.5263671875}
{"event": "step", "step": 67800, "loss": 4.4257, "lr": 0.002323253023072691, "gnorm": 1.537, "tok_per_s": 142176.0, "load": 85.365234375}
{"event": "step", "step": 67900, "loss": 4.249, "lr": 0.002321331536266585, "gnorm": 0.982, "tok_per_s": 144764.9, "load": 83.5283203125}
{"event": "step", "step": 68000, "loss": 4.4591, "lr": 0.0023194082409309594, "gnorm": 1.961, "tok_per_s": 144932.3, "load": 81.88427734375}
{"event": "step", "step": 68100, "loss": 4.5234, "lr": 0.002317483142247064, "gnorm": 0.651, "tok_per_s": 142700.3, "load": 81.57275390625}
{"event": "step", "step": 68200, "loss": 4.3687, "lr": 0.002315556245401007, "gnorm": 0.532, "tok_per_s": 140274.5, "load": 81.36669921875}
{"event": "step", "step": 68300, "loss": 4.3839, "lr": 0.002313627555583741, "gnorm": 0.737, "tok_per_s": 140742.8, "load": 81.81787109375}
{"event": "step", "step": 68400, "loss": 4.3764, "lr": 0.0023116970779910465, "gnorm": 0.471, "tok_per_s": 139589.6, "load": 82.79345703125}
{"event": "step", "step": 68500, "loss": 4.3139, "lr": 0.002309764817823523, "gnorm": 0.401, "tok_per_s": 147456.7, "load": 83.37060546875}
{"event": "step", "step": 68600, "loss": 4.3693, "lr": 0.002307830780286571, "gnorm": 0.812, "tok_per_s": 159702.7, "load": 81.1787109375}
{"event": "step", "step": 68700, "loss": 4.4792, "lr": 0.002305894970590379, "gnorm": 0.848, "tok_per_s": 166484.2, "load": 81.64501953125}
{"event": "step", "step": 68800, "loss": 4.4164, "lr": 0.0023039573939499097, "gnorm": 0.514, "tok_per_s": 166141.5, "load": 83.275390625}
{"event": "step", "step": 68900, "loss": 4.4171, "lr": 0.0023020180555848864, "gnorm": 1.1, "tok_per_s": 166182.2, "load": 81.8115234375}
{"event": "step", "step": 69000, "loss": 4.457, "lr": 0.002300076960719778, "gnorm": 1.237, "tok_per_s": 166384.5, "load": 83.26806640625}
{"event": "step", "step": 69100, "loss": 4.1882, "lr": 0.002298134114583784, "gnorm": 0.905, "tok_per_s": 166190.2, "load": 83.4873046875}
{"event": "step", "step": 69200, "loss": 4.4581, "lr": 0.002296189522410825, "gnorm": 0.784, "tok_per_s": 156130.2, "load": 83.1279296875}
{"event": "step", "step": 69300, "loss": 4.3273, "lr": 0.002294243189439521, "gnorm": 0.588, "tok_per_s": 144748.3, "load": 82.46142578125}
{"event": "step", "step": 69400, "loss": 4.4235, "lr": 0.0022922951209131855, "gnorm": 0.93, "tok_per_s": 147906.0, "load": 83.5458984375}
{"event": "step", "step": 69500, "loss": 4.23, "lr": 0.0022903453220798056, "gnorm": 1.246, "tok_per_s": 160876.3, "load": 83.181640625}
{"event": "step", "step": 69600, "loss": 4.2302, "lr": 0.0022883937981920295, "gnorm": 0.417, "tok_per_s": 166724.0, "load": 83.40771484375}
{"event": "step", "step": 69700, "loss": 4.2625, "lr": 0.0022864405545071536, "gnorm": 0.508, "tok_per_s": 157140.5, "load": 83.53564453125}
{"event": "step", "step": 69800, "loss": 4.4701, "lr": 0.0022844855962871067, "gnorm": 0.709, "tok_per_s": 154355.4, "load": 80.44970703125}
{"event": "step", "step": 69900, "loss": 4.4847, "lr": 0.002282528928798437, "gnorm": 0.589, "tok_per_s": 154835.2, "load": 82.015625}
{"event": "step", "step": 70000, "loss": 4.4118, "lr": 0.0022805705573122966, "gnorm": 2.127, "tok_per_s": 166703.8, "load": 82.5751953125}
{"event": "step", "step": 70100, "loss": 4.3603, "lr": 0.0022786104871044283, "gnorm": 0.549, "tok_per_s": 117990.1, "load": 81.40771484375}
{"event": "step", "step": 70200, "loss": 4.5054, "lr": 0.002276648723455152, "gnorm": 0.956, "tok_per_s": 153582.3, "load": 81.21484375}
{"event": "step", "step": 70300, "loss": 4.3663, "lr": 0.002274685271649349, "gnorm": 0.565, "tok_per_s": 152721.3, "load": 81.1171875}
{"event": "step", "step": 70400, "loss": 4.4415, "lr": 0.0022727201369764473, "gnorm": 0.408, "tok_per_s": 152634.8, "load": 80.546875}
{"event": "step", "step": 70500, "loss": 4.4214, "lr": 0.0022707533247304105, "gnorm": 0.542, "tok_per_s": 153067.8, "load": 80.2626953125}
{"event": "step", "step": 70600, "loss": 4.4557, "lr": 0.00226878484020972, "gnorm": 0.607, "tok_per_s": 152021.3, "load": 81.734375}
{"event": "step", "step": 70700, "loss": 4.5065, "lr": 0.0022668146887173638, "gnorm": 1.278, "tok_per_s": 146406.1, "load": 81.59521484375}
{"event": "step", "step": 70800, "loss": 4.3741, "lr": 0.0022648428755608183, "gnorm": 0.56, "tok_per_s": 143064.3, "load": 82.5087890625}
{"event": "step", "step": 70900, "loss": 4.4278, "lr": 0.002262869406052038, "gnorm": 0.654, "tok_per_s": 140273.5, "load": 81.3466796875}
{"event": "step", "step": 71000, "loss": 4.3991, "lr": 0.0022608942855074387, "gnorm": 1.735, "tok_per_s": 139187.3, "load": 82.7607421875}
{"event": "step", "step": 71100, "loss": 4.3857, "lr": 0.0022589175192478856, "gnorm": 0.568, "tok_per_s": 141559.0, "load": 82.69970703125}
{"event": "step", "step": 71200, "loss": 4.4687, "lr": 0.002256939112598675, "gnorm": 0.965, "tok_per_s": 141285.1, "load": 83.36474609375}
{"event": "step", "step": 71300, "loss": 4.4384, "lr": 0.0022549590708895242, "gnorm": 2.363, "tok_per_s": 140524.3, "load": 85.7626953125}
{"event": "step", "step": 71400, "loss": 4.3898, "lr": 0.002252977399454554, "gnorm": 0.772, "tok_per_s": 141507.1, "load": 86.10205078125}
{"event": "step", "step": 71500, "loss": 4.3033, "lr": 0.002250994103632277, "gnorm": 0.722, "tok_per_s": 136630.0, "load": 84.412109375}
{"event": "step", "step": 71600, "loss": 4.3324, "lr": 0.0022490091887655797, "gnorm": 0.914, "tok_per_s": 140442.3, "load": 84.138671875}
{"event": "step", "step": 71700, "loss": 4.2854, "lr": 0.0022470226602017123, "gnorm": 0.444, "tok_per_s": 149088.1, "load": 84.2080078125}
{"event": "step", "step": 71800, "loss": 4.3615, "lr": 0.0022450345232922714, "gnorm": 0.619, "tok_per_s": 144028.3, "load": 85.3125}
{"event": "step", "step": 71900, "loss": 4.3026, "lr": 0.002243044783393186, "gnorm": 0.582, "tok_per_s": 139083.1, "load": 84.2197265625}
{"event": "step", "step": 72000, "loss": 4.342, "lr": 0.002241053445864704, "gnorm": 0.466, "tok_per_s": 141499.1, "load": 84.2822265625}
{"event": "step", "step": 72100, "loss": 4.5166, "lr": 0.0022390605160713772, "gnorm": 0.832, "tok_per_s": 140691.5, "load": 83.45849609375}
{"event": "step", "step": 72200, "loss": 4.3868, "lr": 0.0022370659993820466, "gnorm": 0.706, "tok_per_s": 144287.1, "load": 82.86083984375}
{"event": "step", "step": 72300, "loss": 4.3826, "lr": 0.0022350699011698285, "gnorm": 1.18, "tok_per_s": 139590.2, "load": 83.4326171875}
{"event": "step", "step": 72400, "loss": 4.3461, "lr": 0.002233072226812099, "gnorm": 0.654, "tok_per_s": 139956.9, "load": 84.919921875}
{"event": "step", "step": 72500, "loss": 4.319, "lr": 0.0022310729816904813, "gnorm": 0.847, "tok_per_s": 138856.8, "load": 83.0908203125}
{"event": "step", "step": 72600, "loss": 4.251, "lr": 0.00222907217119083, "gnorm": 0.427, "tok_per_s": 140293.4, "load": 82.84326171875}
{"event": "step", "step": 72700, "loss": 4.4146, "lr": 0.0022270698007032155, "gnorm": 0.672, "tok_per_s": 141366.3, "load": 80.853515625}
{"event": "step", "step": 72800, "loss": 4.3307, "lr": 0.0022250658756219127, "gnorm": 0.433, "tok_per_s": 138494.9, "load": 81.10595703125}
{"event": "step", "step": 72900, "loss": 4.3393, "lr": 0.0022230604013453825, "gnorm": 1.034, "tok_per_s": 140347.4, "load": 80.21630859375}
{"event": "step", "step": 73000, "loss": 4.3605, "lr": 0.0022210533832762603, "gnorm": 0.572, "tok_per_s": 144991.0, "load": 80.11865234375}
{"event": "step", "step": 73100, "loss": 4.2461, "lr": 0.0022190448268213404, "gnorm": 1.357, "tok_per_s": 140449.2, "load": 81.93310546875}
{"event": "step", "step": 73200, "loss": 4.1568, "lr": 0.002217034737391562, "gnorm": 1.313, "tok_per_s": 164401.8, "load": 82.8193359375}
{"event": "step", "step": 73300, "loss": 4.3207, "lr": 0.0022150231204019918, "gnorm": 1.035, "tok_per_s": 149230.1, "load": 83.5546875}
{"event": "step", "step": 73400, "loss": 4.507, "lr": 0.0022130099812718144, "gnorm": 0.933, "tok_per_s": 160543.1, "load": 83.6708984375}
{"event": "step", "step": 73500, "loss": 4.3746, "lr": 0.0022109953254243137, "gnorm": 1.312, "tok_per_s": 154878.8, "load": 84.41796875}
{"event": "step", "step": 73600, "loss": 4.1055, "lr": 0.0022089791582868587, "gnorm": 1.007, "tok_per_s": 148661.0, "load": 85.265625}
{"event": "step", "step": 73700, "loss": 4.2744, "lr": 0.002206961485290891, "gnorm": 0.395, "tok_per_s": 154573.6, "load": 85.40478515625}
{"event": "step", "step": 73800, "loss": 4.3152, "lr": 0.0022049423118719095, "gnorm": 0.626, "tok_per_s": 138991.9, "load": 84.4912109375}
{"event": "step", "step": 73900, "loss": 4.3218, "lr": 0.002202921643469453, "gnorm": 0.475, "tok_per_s": 143908.5, "load": 81.96923828125}
{"event": "step", "step": 74000, "loss": 4.3681, "lr": 0.0022008994855270895, "gnorm": 0.431, "tok_per_s": 144701.8, "load": 81.2509765625}
{"event": "step", "step": 74100, "loss": 4.4677, "lr": 0.0021988758434923986, "gnorm": 0.492, "tok_per_s": 150845.9, "load": 80.830078125}
{"event": "step", "step": 74200, "loss": 4.3259, "lr": 0.0021968507228169593, "gnorm": 1.386, "tok_per_s": 152721.6, "load": 82.60546875}
{"event": "step", "step": 74300, "loss": 4.1777, "lr": 0.0021948241289563323, "gnorm": 0.724, "tok_per_s": 148154.0, "load": 81.2919921875}
{"event": "step", "step": 74400, "loss": 4.4993, "lr": 0.0021927960673700482, "gnorm": 0.505, "tok_per_s": 151070.7, "load": 82.55029296875}
{"event": "step", "step": 74500, "loss": 4.2727, "lr": 0.0021907665435215917, "gnorm": 0.889, "tok_per_s": 155378.5, "load": 81.865234375}
{"event": "step", "step": 74600, "loss": 4.1892, "lr": 0.002188735562878385, "gnorm": 0.61, "tok_per_s": 157120.7, "load": 80.2744140625}
{"event": "step", "step": 74700, "loss": 4.3572, "lr": 0.0021867031309117774, "gnorm": 1.093, "tok_per_s": 150979.5, "load": 80.81298828125}
{"event": "step", "step": 74800, "loss": 4.44, "lr": 0.002184669253097026, "gnorm": 0.457, "tok_per_s": 148041.6, "load": 82.26953125}
{"event": "step", "step": 74900, "loss": 4.4114, "lr": 0.0021826339349132837, "gnorm": 0.449, "tok_per_s": 139570.4, "load": 80.80615234375}
{"event": "step", "step": 75000, "loss": 4.3001, "lr": 0.002180597181843584, "gnorm": 0.379, "tok_per_s": 141129.3, "load": 81.86279296875}
{"event": "step", "step": 75100, "loss": 4.2973, "lr": 0.002178558999374825, "gnorm": 1.124, "tok_per_s": 119783.1, "load": 79.8876953125}
{"event": "step", "step": 75200, "loss": 4.3179, "lr": 0.002176519392997755, "gnorm": 0.792, "tok_per_s": 164917.3, "load": 78.6953125}
{"event": "step", "step": 75300, "loss": 4.423, "lr": 0.002174478368206961, "gnorm": 0.892, "tok_per_s": 164767.6, "load": 78.39892578125}
{"event": "step", "step": 75400, "loss": 4.3204, "lr": 0.002172435930500849, "gnorm": 1.758, "tok_per_s": 158429.1, "load": 78.12646484375}
{"event": "step", "step": 75500, "loss": 4.4759, "lr": 0.0021703920853816307, "gnorm": 1.354, "tok_per_s": 166267.4, "load": 79.63818359375}
{"event": "step", "step": 75600, "loss": 4.3275, "lr": 0.002168346838355311, "gnorm": 0.545, "tok_per_s": 152174.1, "load": 78.9462890625}
{"event": "step", "step": 75700, "loss": 4.1871, "lr": 0.0021663001949316714, "gnorm": 0.49, "tok_per_s": 151769.9, "load": 79.03076171875}
{"event": "step", "step": 75800, "loss": 4.3587, "lr": 0.002164252160624253, "gnorm": 1.485, "tok_per_s": 154303.4, "load": 79.1884765625}
{"event": "step", "step": 75900, "loss": 4.2605, "lr": 0.002162202740950346, "gnorm": 1.563, "tok_per_s": 149553.9, "load": 80.615234375}
{"event": "step", "step": 76000, "loss": 4.211, "lr": 0.002160151941430973, "gnorm": 0.506, "tok_per_s": 152593.3, "load": 81.607421875}
{"event": "step", "step": 76100, "loss": 4.3843, "lr": 0.002158099767590871, "gnorm": 0.506, "tok_per_s": 145754.6, "load": 81.078125}
{"event": "step", "step": 76200, "loss": 4.2928, "lr": 0.0021560462249584833, "gnorm": 1.633, "tok_per_s": 149920.5, "load": 80.67138671875}
{"event": "step", "step": 76300, "loss": 4.3372, "lr": 0.0021539913190659382, "gnorm": 0.622, "tok_per_s": 165028.7, "load": 81.49853515625}
{"event": "step", "step": 76400, "loss": 4.2267, "lr": 0.0021519350554490353, "gnorm": 1.2, "tok_per_s": 162577.8, "load": 81.779296875}
{"event": "step", "step": 76500, "loss": 4.3154, "lr": 0.002149877439647235, "gnorm": 1.141, "tok_per_s": 165929.0, "load": 82.83837890625}
{"event": "step", "step": 76600, "loss": 4.3596, "lr": 0.002147818477203639, "gnorm": 0.662, "tok_per_s": 166403.0, "load": 83.892578125}
{"event": "step", "step": 76700, "loss": 4.3687, "lr": 0.002145758173664976, "gnorm": 0.652, "tok_per_s": 166243.3, "load": 84.3818359375}
{"event": "step", "step": 76800, "loss": 4.3462, "lr": 0.0021436965345815887, "gnorm": 0.694, "tok_per_s": 166391.6, "load": 83.06982421875}
{"event": "step", "step": 76900, "loss": 4.3948, "lr": 0.002141633565507417, "gnorm": 0.457, "tok_per_s": 166087.0, "load": 81.06201171875}
{"event": "step", "step": 77000, "loss": 4.2165, "lr": 0.0021395692719999838, "gnorm": 0.751, "tok_per_s": 166099.4, "load": 81.45751953125}
{"event": "step", "step": 77100, "loss": 4.4051, "lr": 0.0021375036596203803, "gnorm": 0.429, "tok_per_s": 165884.1, "load": 81.02001953125}
{"event": "step", "step": 77200, "loss": 4.4631, "lr": 0.00213543673393325, "gnorm": 0.639, "tok_per_s": 166352.0, "load": 81.8193359375}
{"event": "step", "step": 77300, "loss": 4.649, "lr": 0.002133368500506776, "gnorm": 1.179, "tok_per_s": 166218.8, "load": 82.955078125}
{"event": "step", "step": 77400, "loss": 4.4026, "lr": 0.0021312989649126617, "gnorm": 0.517, "tok_per_s": 165349.7, "load": 82.15771484375}
{"event": "step", "step": 77500, "loss": 4.5305, "lr": 0.002129228132726121, "gnorm": 1.024, "tok_per_s": 165017.0, "load": 83.1064453125}
{"event": "step", "step": 77600, "loss": 4.3031, "lr": 0.0021271560095258587, "gnorm": 1.04, "tok_per_s": 165685.7, "load": 83.97900390625}
{"event": "step", "step": 77700, "loss": 4.4328, "lr": 0.0021250826008940593, "gnorm": 0.476, "tok_per_s": 162039.5, "load": 84.62158203125}
{"event": "step", "step": 77800, "loss": 4.4997, "lr": 0.00212300791241637, "gnorm": 0.828, "tok_per_s": 153967.8, "load": 82.32958984375}
{"event": "step", "step": 77900, "loss": 4.4095, "lr": 0.002120931949681884, "gnorm": 1.084, "tok_per_s": 141476.5, "load": 82.46337890625}
{"event": "step", "step": 78000, "loss": 4.5302, "lr": 0.0021188547182831286, "gnorm": 1.418, "tok_per_s": 140209.1, "load": 84.0283203125}
{"event": "step", "step": 78100, "loss": 4.1752, "lr": 0.0021167762238160494, "gnorm": 0.682, "tok_per_s": 138299.5, "load": 84.943359375}
{"event": "step", "step": 78200, "loss": 4.5665, "lr": 0.002114696471879994, "gnorm": 0.809, "tok_per_s": 146287.7, "load": 86.7099609375}
{"event": "step", "step": 78300, "loss": 4.4026, "lr": 0.0021126154680776972, "gnorm": 0.54, "tok_per_s": 151859.2, "load": 86.33251953125}
{"event": "step", "step": 78400, "loss": 4.3976, "lr": 0.0021105332180152664, "gnorm": 0.679, "tok_per_s": 147429.3, "load": 86.2255859375}
{"event": "step", "step": 78500, "loss": 4.4487, "lr": 0.0021084497273021665, "gnorm": 1.355, "tok_per_s": 152574.4, "load": 87.0087890625}
{"event": "step", "step": 78600, "loss": 4.2784, "lr": 0.002106365001551205, "gnorm": 0.574, "tok_per_s": 153131.6, "load": 88.28955078125}
{"event": "step", "step": 78700, "loss": 4.3227, "lr": 0.0021042790463785157, "gnorm": 0.531, "tok_per_s": 153397.1, "load": 87.94580078125}
{"event": "step", "step": 78800, "loss": 4.2877, "lr": 0.002102191867403546, "gnorm": 0.626, "tok_per_s": 151766.7, "load": 87.86962890625}
{"event": "step", "step": 78900, "loss": 4.3174, "lr": 0.0021001034702490375, "gnorm": 0.716, "tok_per_s": 142500.9, "load": 86.8388671875}
{"event": "step", "step": 79000, "loss": 4.4401, "lr": 0.002098013860541016, "gnorm": 0.668, "tok_per_s": 161160.8, "load": 85.890625}
{"event": "step", "step": 79100, "loss": 4.2739, "lr": 0.0020959230439087733, "gnorm": 0.6, "tok_per_s": 158058.0, "load": 85.73876953125}
{"event": "step", "step": 79200, "loss": 4.3436, "lr": 0.0020938310259848514, "gnorm": 0.487, "tok_per_s": 145871.7, "load": 82.607421875}
{"event": "step", "step": 79300, "loss": 4.3867, "lr": 0.002091737812405029, "gnorm": 0.962, "tok_per_s": 160132.4, "load": 83.19970703125}
{"event": "step", "step": 79400, "loss": 4.2971, "lr": 0.002089643408808307, "gnorm": 1.199, "tok_per_s": 149568.7, "load": 81.822265625}
{"event": "step", "step": 79500, "loss": 4.2271, "lr": 0.0020875478208368906, "gnorm": 0.876, "tok_per_s": 149679.4, "load": 81.59619140625}
{"event": "step", "step": 79600, "loss": 4.4108, "lr": 0.0020854510541361768, "gnorm": 0.55, "tok_per_s": 157195.7, "load": 82.58984375}
{"event": "step", "step": 79700, "loss": 4.3389, "lr": 0.0020833531143547375, "gnorm": 0.602, "tok_per_s": 152891.8, "load": 83.0234375}
{"event": "step", "step": 79800, "loss": 4.4674, "lr": 0.0020812540071443045, "gnorm": 0.786, "tok_per_s": 150771.2, "load": 79.8984375}
{"event": "step", "step": 79900, "loss": 4.4449, "lr": 0.002079153738159755, "gnorm": 0.551, "tok_per_s": 145359.7, "load": 80.70751953125}
{"event": "step", "step": 80000, "loss": 4.3087, "lr": 0.0020770523130590962, "gnorm": 1.635, "tok_per_s": 149676.9, "load": 81.05126953125}
{"event": "eval_quick", "step": 80000, "bpb": 1.4300363617154792, "nats_per_token": 4.311731819326576, "tokens": 16379, "bytes": 71247}
{"event": "step", "step": 80100, "loss": 4.4871, "lr": 0.002074949737503449, "gnorm": 0.581, "tok_per_s": 114109.2, "load": 80.85107421875}
{"event": "step", "step": 80200, "loss": 4.3701, "lr": 0.0020728460171570346, "gnorm": 0.742, "tok_per_s": 141197.5, "load": 82.064453125}
{"event": "step", "step": 80300, "loss": 4.3094, "lr": 0.0020707411576871572, "gnorm": 1.037, "tok_per_s": 145702.6, "load": 80.93798828125}
{"event": "step", "step": 80400, "loss": 4.3183, "lr": 0.002068635164764191, "gnorm": 1.866, "tok_per_s": 145573.4, "load": 81.34375}
{"event": "step", "step": 80500, "loss": 4.2229, "lr": 0.0020665280440615615, "gnorm": 0.622, "tok_per_s": 138762.0, "load": 82.1171875}
{"event": "step", "step": 80600, "loss": 4.2488, "lr": 0.0020644198012557354, "gnorm": 0.473, "tok_per_s": 139817.8, "load": 80.986328125}
{"event": "step", "step": 80700, "loss": 4.1916, "lr": 0.002062310442026199, "gnorm": 0.673, "tok_per_s": 145368.0, "load": 82.46826171875}
{"event": "step", "step": 80800, "loss": 4.4391, "lr": 0.0020601999720554487, "gnorm": 0.81, "tok_per_s": 138991.2, "load": 82.99169921875}
{"event": "step", "step": 80900, "loss": 4.2975, "lr": 0.002058088397028972, "gnorm": 0.72, "tok_per_s": 140405.7, "load": 83.63330078125}
{"event": "step", "step": 81000, "loss": 4.2322, "lr": 0.0020559757226352336, "gnorm": 0.515, "tok_per_s": 139238.0, "load": 83.9033203125}
{"event": "step", "step": 81100, "loss": 4.2933, "lr": 0.00205386195456566, "gnorm": 0.672, "tok_per_s": 138068.0, "load": 86.6337890625}
{"event": "step", "step": 81200, "loss": 4.4313, "lr": 0.0020517470985146244, "gnorm": 1.199, "tok_per_s": 136864.8, "load": 86.5029296875}
{"event": "step", "step": 81300, "loss": 4.3935, "lr": 0.0020496311601794297, "gnorm": 1.763, "tok_per_s": 148430.7, "load": 85.10888671875}
{"event": "step", "step": 81400, "loss": 4.3459, "lr": 0.002047514145260295, "gnorm": 0.687, "tok_per_s": 165655.4, "load": 84.29931640625}
{"event": "step", "step": 81500, "loss": 4.3012, "lr": 0.002045396059460341, "gnorm": 0.485, "tok_per_s": 166110.4, "load": 85.63671875}
{"event": "step", "step": 81600, "loss": 4.5044, "lr": 0.0020432769084855703, "gnorm": 0.565, "tok_per_s": 166185.4, "load": 85.63671875}
{"event": "step", "step": 81700, "loss": 4.4751, "lr": 0.0020411566980448586, "gnorm": 1.069, "tok_per_s": 158977.5, "load": 85.1611328125}
{"event": "step", "step": 81800, "loss": 4.4103, "lr": 0.0020390354338499323, "gnorm": 1.605, "tok_per_s": 140096.8, "load": 83.62646484375}
{"event": "step", "step": 81900, "loss": 4.3452, "lr": 0.0020369131216153593, "gnorm": 0.773, "tok_per_s": 136630.8, "load": 83.73681640625}
{"event": "step", "step": 82000, "loss": 4.5201, "lr": 0.00203478976705853, "gnorm": 0.843, "tok_per_s": 137882.2, "load": 84.63916015625}
{"event": "step", "step": 82100, "loss": 4.4117, "lr": 0.002032665375899641, "gnorm": 1.042, "tok_per_s": 152907.4, "load": 83.626953125}
{"event": "step", "step": 82200, "loss": 4.4042, "lr": 0.0020305399538616846, "gnorm": 0.553, "tok_per_s": 153081.1, "load": 85.0185546875}
{"event": "step", "step": 82300, "loss": 4.491, "lr": 0.0020284135066704284, "gnorm": 1.678, "tok_per_s": 146930.9, "load": 86.21826171875}
{"event": "step", "step": 82400, "loss": 4.6581, "lr": 0.0020262860400544007, "gnorm": 0.902, "tok_per_s": 139478.6, "load": 86.04052734375}
{"event": "step", "step": 82500, "loss": 4.2697, "lr": 0.0020241575597448784, "gnorm": 0.732, "tok_per_s": 137720.3, "load": 87.4794921875}
{"event": "step", "step": 82600, "loss": 4.4558, "lr": 0.002022028071475868, "gnorm": 0.437, "tok_per_s": 135336.8, "load": 87.921875}
{"event": "step", "step": 82700, "loss": 4.3177, "lr": 0.002019897580984091, "gnorm": 0.63, "tok_per_s": 137919.1, "load": 88.16845703125}
{"event": "step", "step": 82800, "loss": 4.2711, "lr": 0.0020177660940089693, "gnorm": 0.92, "tok_per_s": 151793.8, "load": 88.15478515625}
{"event": "step", "step": 82900, "loss": 4.4499, "lr": 0.0020156336162926104, "gnorm": 1.04, "tok_per_s": 145344.1, "load": 87.02099609375}
{"event": "step", "step": 83000, "loss": 4.3982, "lr": 0.0020135001535797887, "gnorm": 0.676, "tok_per_s": 144246.7, "load": 87.5}
{"event": "step", "step": 83100, "loss": 4.3384, "lr": 0.002011365711617933, "gnorm": 0.564, "tok_per_s": 139715.4, "load": 86.77978515625}
{"event": "step", "step": 83200, "loss": 4.3826, "lr": 0.0020092302961571113, "gnorm": 0.791, "tok_per_s": 149668.6, "load": 86.7978515625}
{"event": "step", "step": 83300, "loss": 4.4046, "lr": 0.0020070939129500126, "gnorm": 0.84, "tok_per_s": 154077.6, "load": 86.25341796875}
{"event": "step", "step": 83400, "loss": 4.4218, "lr": 0.002004956567751933, "gnorm": 0.822, "tok_per_s": 159858.8, "load": 85.75244140625}
{"event": "step", "step": 83500, "loss": 4.4388, "lr": 0.002002818266320761, "gnorm": 0.831, "tok_per_s": 152702.7, "load": 85.45166015625}
{"event": "step", "step": 83600, "loss": 4.4286, "lr": 0.0020006790144169607, "gnorm": 0.59, "tok_per_s": 157003.7, "load": 85.1748046875}
{"event": "step", "step": 83700, "loss": 4.4271, "lr": 0.0019985388178035564, "gnorm": 0.451, "tok_per_s": 166210.0, "load": 85.2412109375}
{"event": "step", "step": 83800, "loss": 4.343, "lr": 0.001996397682246119, "gnorm": 0.699, "tok_per_s": 144731.1, "load": 85.70263671875}
{"event": "step", "step": 83900, "loss": 4.2178, "lr": 0.001994255613512747, "gnorm": 0.473, "tok_per_s": 153382.9, "load": 85.7265625}
{"event": "step", "step": 84000, "loss": 4.4385, "lr": 0.001992112617374053, "gnorm": 0.81, "tok_per_s": 165918.5, "load": 86.30908203125}
{"event": "step", "step": 84100, "loss": 4.3485, "lr": 0.001989968699603149, "gnorm": 0.5, "tok_per_s": 150281.8, "load": 85.8037109375}
{"event": "step", "step": 84200, "loss": 4.3177, "lr": 0.0019878238659756286, "gnorm": 1.108, "tok_per_s": 164310.1, "load": 85.89990234375}
{"event": "step", "step": 84300, "loss": 4.4363, "lr": 0.001985678122269554, "gnorm": 1.082, "tok_per_s": 162307.4, "load": 83.98583984375}
{"event": "step", "step": 84400, "loss": 4.2595, "lr": 0.0019835314742654387, "gnorm": 0.73, "tok_per_s": 141037.2, "load": 84.5478515625}
{"event": "step", "step": 84500, "loss": 4.3285, "lr": 0.001981383927746231, "gnorm": 0.574, "tok_per_s": 155839.1, "load": 82.7421875}
{"event": "step", "step": 84600, "loss": 4.2639, "lr": 0.0019792354884973023, "gnorm": 0.554, "tok_per_s": 162130.6, "load": 83.96435546875}
{"event": "step", "step": 84700, "loss": 4.4857, "lr": 0.001977086162306426, "gnorm": 1.027, "tok_per_s": 150564.0, "load": 85.16845703125}
{"event": "step", "step": 84800, "loss": 4.4232, "lr": 0.001974935954963767, "gnorm": 0.571, "tok_per_s": 150308.8, "load": 86.74755859375}
{"event": "step", "step": 84900, "loss": 4.2347, "lr": 0.001972784872261864, "gnorm": 0.401, "tok_per_s": 136200.4, "load": 85.7265625}
{"event": "step", "step": 85000, "loss": 4.2753, "lr": 0.0019706329199956117, "gnorm": 0.737, "tok_per_s": 136863.6, "load": 84.466796875}
{"event": "step", "step": 85100, "loss": 4.2176, "lr": 0.0019684801039622497, "gnorm": 1.541, "tok_per_s": 117432.1, "load": 85.150390625}
{"event": "step", "step": 85200, "loss": 4.3013, "lr": 0.001966326429961344, "gnorm": 0.436, "tok_per_s": 162831.1, "load": 81.21435546875}
{"event": "step", "step": 85300, "loss": 4.1573, "lr": 0.001964171903794771, "gnorm": 0.58, "tok_per_s": 146589.7, "load": 81.27734375}
{"event": "step", "step": 85400, "loss": 4.3333, "lr": 0.001962016531266704, "gnorm": 1.87, "tok_per_s": 165510.4, "load": 81.81591796875}
{"event": "step", "step": 85500, "loss": 4.5038, "lr": 0.001959860318183595, "gnorm": 1.593, "tok_per_s": 142877.2, "load": 83.6865234375}
{"event": "step", "step": 85600, "loss": 4.2547, "lr": 0.0019577032703541612, "gnorm": 1.106, "tok_per_s": 139935.4, "load": 84.1923828125}
{"event": "step", "step": 85700, "loss": 4.421, "lr": 0.0019555453935893694, "gnorm": 0.565, "tok_per_s": 138631.9, "load": 84.0166015625}
{"event": "step", "step": 85800, "loss": 4.5116, "lr": 0.001953386693702418, "gnorm": 0.672, "tok_per_s": 152995.1, "load": 83.61474609375}
{"event": "step", "step": 85900, "loss": 4.2817, "lr": 0.0019512271765087241, "gnorm": 0.582, "tok_per_s": 151428.5, "load": 82.9248046875}
{"event": "step", "step": 86000, "loss": 4.2291, "lr": 0.0019490668478259047, "gnorm": 1.905, "tok_per_s": 158492.7, "load": 82.8505859375}
{"event": "step", "step": 86100, "loss": 4.2767, "lr": 0.001946905713473765, "gnorm": 0.936, "tok_per_s": 153362.9, "load": 83.18310546875}
{"event": "step", "step": 86200, "loss": 4.3177, "lr": 0.0019447437792742797, "gnorm": 1.047, "tok_per_s": 153166.7, "load": 82.84765625}
{"event": "step", "step": 86300, "loss": 4.3781, "lr": 0.0019425810510515782, "gnorm": 1.069, "tok_per_s": 153018.5, "load": 83.98095703125}
{"event": "step", "step": 86400, "loss": 4.3123, "lr": 0.0019404175346319297, "gnorm": 0.605, "tok_per_s": 141735.1, "load": 84.33642578125}
{"event": "step", "step": 86500, "loss": 4.2387, "lr": 0.0019382532358437248, "gnorm": 0.894, "tok_per_s": 147592.9, "load": 83.50830078125}
{"event": "step", "step": 86600, "loss": 4.5151, "lr": 0.001936088160517464, "gnorm": 1.363, "tok_per_s": 163486.3, "load": 82.90673828125}
{"event": "step", "step": 86700, "loss": 4.2166, "lr": 0.0019339223144857387, "gnorm": 0.856, "tok_per_s": 152573.8, "load": 83.15478515625}
{"event": "step", "step": 86800, "loss": 4.4221, "lr": 0.0019317557035832171, "gnorm": 0.447, "tok_per_s": 166432.1, "load": 84.50390625}
{"event": "step", "step": 86900, "loss": 4.2373, "lr": 0.0019295883336466267, "gnorm": 0.848, "tok_per_s": 166055.1, "load": 84.22314453125}
{"event": "step", "step": 87000, "loss": 4.3531, "lr": 0.0019274202105147406, "gnorm": 0.915, "tok_per_s": 166480.4, "load": 83.484375}
{"event": "step", "step": 87100, "loss": 4.2308, "lr": 0.001925251340028362, "gnorm": 0.71, "tok_per_s": 160390.3, "load": 82.724609375}
{"event": "step", "step": 87200, "loss": 4.1809, "lr": 0.0019230817280303054, "gnorm": 1.016, "tok_per_s": 152308.3, "load": 83.4677734375}
{"event": "step", "step": 87300, "loss": 4.3563, "lr": 0.0019209113803653843, "gnorm": 1.305, "tok_per_s": 144830.8, "load": 84.2314453125}
{"event": "step", "step": 87400, "loss": 4.2686, "lr": 0.0019187403028803932, "gnorm": 0.661, "tok_per_s": 146757.1, "load": 85.73486328125}
{"event": "step", "step": 87500, "loss": 4.355, "lr": 0.0019165685014240939, "gnorm": 1.53, "tok_per_s": 150208.0, "load": 85.99658203125}
{"event": "step", "step": 87600, "loss": 4.5025, "lr": 0.0019143959818471972, "gnorm": 0.506, "tok_per_s": 143075.3, "load": 84.95556640625}
{"event": "step", "step": 87700, "loss": 4.3753, "lr": 0.001912222750002349, "gnorm": 2.049, "tok_per_s": 148064.9, "load": 86.24072265625}
{"event": "step", "step": 87800, "loss": 4.3353, "lr": 0.001910048811744114, "gnorm": 0.528, "tok_per_s": 143249.2, "load": 86.3818359375}
{"event": "step", "step": 87900, "loss": 4.5206, "lr": 0.00190787417292896, "gnorm": 1.263, "tok_per_s": 144316.6, "load": 89.283203125}
{"event": "step", "step": 88000, "loss": 4.4276, "lr": 0.0019056988394152423, "gnorm": 0.452, "tok_per_s": 150140.6, "load": 90.2216796875}
{"event": "step", "step": 88100, "loss": 4.2949, "lr": 0.0019035228170631877, "gnorm": 0.656, "tok_per_s": 151719.6, "load": 89.88330078125}
{"event": "step", "step": 88200, "loss": 4.4488, "lr": 0.0019013461117348776, "gnorm": 0.586, "tok_per_s": 151760.3, "load": 90.29345703125}
{"event": "step", "step": 88300, "loss": 4.2418, "lr": 0.001899168729294235, "gnorm": 0.844, "tok_per_s": 159084.1, "load": 90.67041015625}
{"event": "step", "step": 88400, "loss": 4.4452, "lr": 0.0018969906756070055, "gnorm": 0.619, "tok_per_s": 149756.2, "load": 90.21630859375}
{"event": "step", "step": 88500, "loss": 4.3229, "lr": 0.0018948119565407437, "gnorm": 0.734, "tok_per_s": 158031.2, "load": 88.75732421875}
{"event": "step", "step": 88600, "loss": 4.3858, "lr": 0.001892632577964797, "gnorm": 0.63, "tok_per_s": 155340.6, "load": 87.7353515625}
{"event": "step", "step": 88700, "loss": 4.2458, "lr": 0.0018904525457502886, "gnorm": 0.555, "tok_per_s": 164696.0, "load": 86.47509765625}
{"event": "step", "step": 88800, "loss": 4.3001, "lr": 0.0018882718657701031, "gnorm": 0.65, "tok_per_s": 164280.9, "load": 85.23583984375}
{"event": "step", "step": 88900, "loss": 4.4025, "lr": 0.0018860905438988704, "gnorm": 1.071, "tok_per_s": 155779.6, "load": 85.93798828125}
{"event": "step", "step": 89000, "loss": 4.4111, "lr": 0.0018839085860129494, "gnorm": 1.501, "tok_per_s": 153763.4, "load": 85.54248046875}
{"event": "step", "step": 89100, "loss": 4.4326, "lr": 0.0018817259979904113, "gnorm": 0.469, "tok_per_s": 165455.8, "load": 85.0986328125}
{"event": "step", "step": 89200, "loss": 4.4119, "lr": 0.0018795427857110274, "gnorm": 0.683, "tok_per_s": 164290.5, "load": 84.85009765625}
{"event": "step", "step": 89300, "loss": 4.2491, "lr": 0.0018773589550562483, "gnorm": 0.787, "tok_per_s": 163685.3, "load": 85.0224609375}
{"event": "step", "step": 89400, "loss": 4.2574, "lr": 0.0018751745119091913, "gnorm": 0.846, "tok_per_s": 164419.6, "load": 83.7392578125}
{"event": "step", "step": 89500, "loss": 4.4917, "lr": 0.0018729894621546238, "gnorm": 1.239, "tok_per_s": 164635.9, "load": 82.958984375}
{"event": "step", "step": 89600, "loss": 4.2459, "lr": 0.0018708038116789479, "gnorm": 2.009, "tok_per_s": 164894.6, "load": 83.36279296875}
{"event": "step", "step": 89700, "loss": 4.3494, "lr": 0.001868617566370183, "gnorm": 0.528, "tok_per_s": 164948.5, "load": 80.21044921875}
{"event": "step", "step": 89800, "loss": 4.3542, "lr": 0.0018664307321179512, "gnorm": 0.553, "tok_per_s": 164615.4, "load": 79.953125}
{"event": "step", "step": 89900, "loss": 4.2448, "lr": 0.0018642433148134616, "gnorm": 0.518, "tok_per_s": 163782.5, "load": 79.71630859375}
{"event": "step", "step": 90000, "loss": 4.436, "lr": 0.0018620553203494937, "gnorm": 0.64, "tok_per_s": 163445.2, "load": 79.7392578125}
{"event": "step", "step": 90100, "loss": 4.3926, "lr": 0.0018598667546203815, "gnorm": 1.025, "tok_per_s": 118988.2, "load": 80.40087890625}
{"event": "step", "step": 90200, "loss": 4.2854, "lr": 0.0018576776235219995, "gnorm": 0.768, "tok_per_s": 162043.4, "load": 76.7451171875}
{"event": "step", "step": 90300, "loss": 4.4178, "lr": 0.0018554879329517428, "gnorm": 2.195, "tok_per_s": 163667.6, "load": 77.646484375}
{"event": "step", "step": 90400, "loss": 4.1892, "lr": 0.0018532976888085161, "gnorm": 0.66, "tok_per_s": 163981.2, "load": 78.5556640625}
{"event": "step", "step": 90500, "loss": 4.4221, "lr": 0.0018511068969927142, "gnorm": 2.222, "tok_per_s": 164483.7, "load": 78.83154296875}
{"event": "step", "step": 90600, "loss": 4.3903, "lr": 0.0018489155634062067, "gnorm": 0.553, "tok_per_s": 164765.6, "load": 78.83154296875}
{"event": "step", "step": 90700, "loss": 4.3506, "lr": 0.001846723693952324, "gnorm": 0.522, "tok_per_s": 161024.8, "load": 78.32568359375}
{"event": "step", "step": 90800, "loss": 4.2392, "lr": 0.0018445312945358395, "gnorm": 1.353, "tok_per_s": 159799.5, "load": 78.29931640625}
{"event": "step", "step": 90900, "loss": 4.3154, "lr": 0.001842338371062954, "gnorm": 0.691, "tok_per_s": 164079.5, "load": 77.39404296875}
{"event": "step", "step": 91000, "loss": 4.3268, "lr": 0.0018401449294412806, "gnorm": 0.577, "tok_per_s": 163595.6, "load": 75.6005859375}
{"event": "step", "step": 91100, "loss": 4.3614, "lr": 0.001837950975579828, "gnorm": 1.098, "tok_per_s": 164846.3, "load": 76.033203125}
{"event": "step", "step": 91200, "loss": 4.5546, "lr": 0.001835756515388985, "gnorm": 0.619, "tok_per_s": 165961.8, "load": 76.99169921875}
{"event": "step", "step": 91300, "loss": 4.4061, "lr": 0.001833561554780504, "gnorm": 0.64, "tok_per_s": 166228.3, "load": 76.99169921875}
{"event": "step", "step": 91400, "loss": 4.2146, "lr": 0.0018313660996674868, "gnorm": 0.464, "tok_per_s": 166133.0, "load": 76.03125}
{"event": "step", "step": 91500, "loss": 4.3267, "lr": 0.0018291701559643647, "gnorm": 1.762, "tok_per_s": 165699.7, "load": 76.50927734375}
{"event": "step", "step": 91600, "loss": 4.5747, "lr": 0.001826973729586888, "gnorm": 0.757, "tok_per_s": 166138.1, "load": 76.30810546875}
{"event": "step", "step": 91700, "loss": 4.377, "lr": 0.0018247768264521066, "gnorm": 0.546, "tok_per_s": 166377.2, "load": 76.44384765625}
{"event": "step", "step": 91800, "loss": 4.3286, "lr": 0.0018225794524783536, "gnorm": 0.523, "tok_per_s": 166123.8, "load": 77.20947265625}
{"event": "step", "step": 91900, "loss": 4.2931, "lr": 0.0018203816135852317, "gnorm": 0.54, "tok_per_s": 165228.7, "load": 77.35302734375}
{"event": "step", "step": 92000, "loss": 4.3176, "lr": 0.001818183315693595, "gnorm": 0.748, "tok_per_s": 164943.5, "load": 75.80322265625}
{"event": "step", "step": 92100, "loss": 4.3143, "lr": 0.001815984564725536, "gnorm": 0.63, "tok_per_s": 143448.1, "load": 75.75}
{"event": "step", "step": 92200, "loss": 4.355, "lr": 0.001813785366604365, "gnorm": 0.633, "tok_per_s": 154839.1, "load": 75.44970703125}
{"event": "step", "step": 92300, "loss": 4.1936, "lr": 0.0018115857272545995, "gnorm": 1.622, "tok_per_s": 152791.8, "load": 74.53271484375}
{"event": "step", "step": 92400, "loss": 4.2425, "lr": 0.001809385652601944, "gnorm": 0.912, "tok_per_s": 142770.3, "load": 75.451171875}
{"event": "step", "step": 92500, "loss": 4.3367, "lr": 0.0018071851485732772, "gnorm": 0.478, "tok_per_s": 149217.2, "load": 76.53662109375}
{"event": "step", "step": 92600, "loss": 4.3354, "lr": 0.0018049842210966325, "gnorm": 1.68, "tok_per_s": 143687.4, "load": 78.25537109375}
{"event": "step", "step": 92700, "loss": 4.2941, "lr": 0.0018027828761011857, "gnorm": 0.507, "tok_per_s": 144989.0, "load": 80.5576171875}
{"event": "step", "step": 92800, "loss": 4.3879, "lr": 0.0018005811195172367, "gnorm": 0.681, "tok_per_s": 156058.9, "load": 80.4326171875}
{"event": "step", "step": 92900, "loss": 4.2863, "lr": 0.0017983789572761943, "gnorm": 0.921, "tok_per_s": 153296.7, "load": 80.31787109375}
{"event": "step", "step": 93000, "loss": 4.3231, "lr": 0.00179617639531056, "gnorm": 1.002, "tok_per_s": 150641.3, "load": 79.2509765625}
{"event": "step", "step": 93100, "loss": 4.3838, "lr": 0.0017939734395539125, "gnorm": 0.708, "tok_per_s": 143996.8, "load": 79.779296875}
{"event": "step", "step": 93200, "loss": 4.3128, "lr": 0.0017917700959408905, "gnorm": 0.641, "tok_per_s": 145032.0, "load": 78.115234375}
{"event": "step", "step": 93300, "loss": 4.3716, "lr": 0.001789566370407179, "gnorm": 2.111, "tok_per_s": 149673.7, "load": 79.3876953125}
{"event": "step", "step": 93400, "loss": 4.2388, "lr": 0.0017873622688894903, "gnorm": 0.725, "tok_per_s": 147579.9, "load": 80.15771484375}
{"event": "step", "step": 93500, "loss": 4.352, "lr": 0.0017851577973255507, "gnorm": 1.07, "tok_per_s": 149607.5, "load": 79.58447265625}
{"event": "step", "step": 93600, "loss": 4.3037, "lr": 0.0017829529616540832, "gnorm": 1.211, "tok_per_s": 143977.5, "load": 81.2998046875}
{"event": "step", "step": 93700, "loss": 4.3443, "lr": 0.0017807477678147908, "gnorm": 1.063, "tok_per_s": 144062.9, "load": 80.794921875}
{"event": "step", "step": 93800, "loss": 4.4493, "lr": 0.0017785422217483425, "gnorm": 1.591, "tok_per_s": 150875.7, "load": 80.57080078125}
{"event": "step", "step": 93900, "loss": 4.2954, "lr": 0.0017763363293963558, "gnorm": 0.742, "tok_per_s": 147246.1, "load": 79.80419921875}
{"event": "step", "step": 94000, "loss": 4.4107, "lr": 0.001774130096701381, "gnorm": 0.668, "tok_per_s": 150386.5, "load": 81.23388671875}
{"event": "step", "step": 94100, "loss": 4.3696, "lr": 0.0017719235296068854, "gnorm": 2.068, "tok_per_s": 145585.7, "load": 80.57421875}
{"event": "step", "step": 94200, "loss": 4.3793, "lr": 0.0017697166340572364, "gnorm": 0.487, "tok_per_s": 151494.6, "load": 81.5693359375}
{"event": "step", "step": 94300, "loss": 4.4134, "lr": 0.0017675094159976875, "gnorm": 0.84, "tok_per_s": 151611.1, "load": 82.08447265625}
{"event": "step", "step": 94400, "loss": 4.2382, "lr": 0.0017653018813743602, "gnorm": 0.814, "tok_per_s": 147344.3, "load": 82.3984375}
{"event": "step", "step": 94500, "loss": 4.2391, "lr": 0.001763094036134229, "gnorm": 0.717, "tok_per_s": 139243.3, "load": 81.4052734375}
{"event": "step", "step": 94600, "loss": 4.2985, "lr": 0.0017608858862251052, "gnorm": 0.844, "tok_per_s": 146955.2, "load": 83.775390625}
{"event": "step", "step": 94700, "loss": 4.5231, "lr": 0.0017586774375956207, "gnorm": 0.608, "tok_per_s": 165461.7, "load": 85.15478515625}
{"event": "step", "step": 94800, "loss": 4.3122, "lr": 0.0017564686961952128, "gnorm": 0.753, "tok_per_s": 160178.7, "load": 83.62060546875}
{"event": "step", "step": 94900, "loss": 4.319, "lr": 0.0017542596679741066, "gnorm": 1.373, "tok_per_s": 146561.5, "load": 81.08837890625}
{"event": "step", "step": 95000, "loss": 4.329, "lr": 0.0017520503588833007, "gnorm": 1.163, "tok_per_s": 166495.7, "load": 79.6396484375}
{"event": "step", "step": 95100, "loss": 4.2536, "lr": 0.0017498407748745492, "gnorm": 0.593, "tok_per_s": 110581.2, "load": 79.58935546875}
{"event": "step", "step": 95200, "loss": 4.1892, "lr": 0.001747630921900348, "gnorm": 0.732, "tok_per_s": 144935.3, "load": 81.30419921875}
{"event": "step", "step": 95300, "loss": 4.3586, "lr": 0.0017454208059139167, "gnorm": 0.618, "tok_per_s": 153165.3, "load": 80.87939453125}
{"event": "step", "step": 95400, "loss": 4.2844, "lr": 0.0017432104328691845, "gnorm": 1.12, "tok_per_s": 150480.4, "load": 82.09033203125}
{"event": "step", "step": 95500, "loss": 4.3257, "lr": 0.001740999808720772, "gnorm": 0.702, "tok_per_s": 152391.2, "load": 81.7626953125}
{"event": "step", "step": 95600, "loss": 4.4178, "lr": 0.001738788939423977, "gnorm": 0.535, "tok_per_s": 142990.9, "load": 83.14306640625}
{"event": "step", "step": 95700, "loss": 4.2035, "lr": 0.0017365778309347568, "gnorm": 0.736, "tok_per_s": 136803.0, "load": 83.7197265625}
{"event": "step", "step": 95800, "loss": 4.4455, "lr": 0.0017343664892097146, "gnorm": 1.41, "tok_per_s": 138532.1, "load": 85.18359375}
{"event": "step", "step": 95900, "loss": 4.4919, "lr": 0.0017321549202060807, "gnorm": 1.06, "tok_per_s": 133226.7, "load": 86.2900390625}
{"event": "step", "step": 96000, "loss": 4.1902, "lr": 0.0017299431298816975, "gnorm": 0.663, "tok_per_s": 146468.8, "load": 87.38818359375}
{"event": "step", "step": 96100, "loss": 4.3364, "lr": 0.0017277311241950045, "gnorm": 0.523, "tok_per_s": 150371.4, "load": 85.67529296875}
{"event": "step", "step": 96200, "loss": 4.4326, "lr": 0.0017255189091050216, "gnorm": 1.018, "tok_per_s": 161823.5, "load": 84.740234375}
{"event": "step", "step": 96300, "loss": 4.3696, "lr": 0.0017233064905713311, "gnorm": 0.461, "tok_per_s": 162234.4, "load": 85.88232421875}
{"event": "step", "step": 96400, "loss": 4.2309, "lr": 0.0017210938745540652, "gnorm": 1.058, "tok_per_s": 144338.0, "load": 86.77294921875}
{"event": "step", "step": 96500, "loss": 4.4601, "lr": 0.001718881067013887, "gnorm": 0.604, "tok_per_s": 138024.8, "load": 87.27197265625}
{"event": "step", "step": 96600, "loss": 4.258, "lr": 0.0017166680739119766, "gnorm": 0.618, "tok_per_s": 135669.5, "load": 87.9384765625}
{"event": "step", "step": 96700, "loss": 4.2151, "lr": 0.0017144549012100127, "gnorm": 1.477, "tok_per_s": 155295.6, "load": 87.142578125}
{"event": "step", "step": 96800, "loss": 4.1894, "lr": 0.001712241554870159, "gnorm": 1.121, "tok_per_s": 152893.3, "load": 86.41015625}
{"event": "step", "step": 96900, "loss": 4.2429, "lr": 0.0017100280408550452, "gnorm": 0.632, "tok_per_s": 151651.2, "load": 86.93798828125}
{"event": "step", "step": 97000, "loss": 4.2791, "lr": 0.0017078143651277555, "gnorm": 1.065, "tok_per_s": 142200.0, "load": 85.82177734375}
{"event": "step", "step": 97100, "loss": 4.3544, "lr": 0.0017056005336518077, "gnorm": 1.526, "tok_per_s": 138005.2, "load": 85.99658203125}
{"event": "step", "step": 97200, "loss": 4.2959, "lr": 0.0017033865523911394, "gnorm": 1.106, "tok_per_s": 142435.4, "load": 86.7978515625}
{"event": "step", "step": 97300, "loss": 4.3147, "lr": 0.0017011724273100922, "gnorm": 0.948, "tok_per_s": 139533.4, "load": 86.095703125}
{"event": "step", "step": 97400, "loss": 4.4159, "lr": 0.001698958164373395, "gnorm": 1.056, "tok_per_s": 137028.1, "load": 86.80908203125}
{"event": "step", "step": 97500, "loss": 4.3821, "lr": 0.0016967437695461478, "gnorm": 0.957, "tok_per_s": 140890.8, "load": 86.34375}
{"event": "step", "step": 97600, "loss": 4.3556, "lr": 0.0016945292487938063, "gnorm": 0.495, "tok_per_s": 139387.8, "load": 86.31591796875}
{"event": "step", "step": 97700, "loss": 4.4517, "lr": 0.0016923146080821648, "gnorm": 0.865, "tok_per_s": 137816.4, "load": 87.01171875}
{"event": "step", "step": 97800, "loss": 4.3082, "lr": 0.0016900998533773417, "gnorm": 0.719, "tok_per_s": 138949.7, "load": 86.2900390625}
{"event": "step", "step": 97900, "loss": 4.4912, "lr": 0.0016878849906457622, "gnorm": 1.062, "tok_per_s": 156682.1, "load": 86.74755859375}
{"event": "step", "step": 98000, "loss": 4.3743, "lr": 0.0016856700258541415, "gnorm": 0.906, "tok_per_s": 154784.2, "load": 87.8916015625}
{"event": "step", "step": 98100, "loss": 4.2304, "lr": 0.0016834549649694713, "gnorm": 1.616, "tok_per_s": 152554.6, "load": 85.41748046875}
{"event": "step", "step": 98200, "loss": 4.2573, "lr": 0.001681239813959001, "gnorm": 0.668, "tok_per_s": 151723.0, "load": 85.3037109375}
{"event": "step", "step": 98300, "loss": 4.2793, "lr": 0.0016790245787902237, "gnorm": 0.565, "tok_per_s": 151251.4, "load": 83.357421875}
{"event": "step", "step": 98400, "loss": 4.3428, "lr": 0.0016768092654308585, "gnorm": 1.149, "tok_per_s": 146691.7, "load": 82.60791015625}
{"event": "step", "step": 98500, "loss": 4.4893, "lr": 0.0016745938798488347, "gnorm": 0.586, "tok_per_s": 154257.1, "load": 83.2802734375}
{"event": "step", "step": 98600, "loss": 4.3829, "lr": 0.0016723784280122775, "gnorm": 2.543, "tok_per_s": 151426.2, "load": 82.537109375}
{"event": "step", "step": 98700, "loss": 4.346, "lr": 0.0016701629158894905, "gnorm": 0.787, "tok_per_s": 166032.3, "load": 82.974609375}
{"event": "step", "step": 98800, "loss": 4.2899, "lr": 0.0016679473494489382, "gnorm": 1.479, "tok_per_s": 154394.6, "load": 84.09814453125}
{"event": "step", "step": 98900, "loss": 4.1425, "lr": 0.0016657317346592331, "gnorm": 0.95, "tok_per_s": 138847.9, "load": 84.73095703125}
{"event": "step", "step": 99000, "loss": 4.3166, "lr": 0.0016635160774891168, "gnorm": 1.509, "tok_per_s": 162881.9, "load": 84.27197265625}
{"event": "step", "step": 99100, "loss": 4.3709, "lr": 0.001661300383907445, "gnorm": 0.595, "tok_per_s": 150707.4, "load": 82.888671875}
{"event": "step", "step": 99200, "loss": 4.4528, "lr": 0.001659084659883173, "gnorm": 0.815, "tok_per_s": 148388.1, "load": 83.13818359375}
{"event": "step", "step": 99300, "loss": 4.3247, "lr": 0.0016568689113853365, "gnorm": 0.559, "tok_per_s": 157778.5, "load": 83.20751953125}
{"event": "step", "step": 99400, "loss": 4.5078, "lr": 0.0016546531443830375, "gnorm": 0.556, "tok_per_s": 152579.5, "load": 82.9833984375}
{"event": "step", "step": 99500, "loss": 4.0301, "lr": 0.0016524373648454287, "gnorm": 0.812, "tok_per_s": 160827.3, "load": 81.0625}
{"event": "step", "step": 99600, "loss": 4.3248, "lr": 0.0016502215787416957, "gnorm": 0.554, "tok_per_s": 142775.1, "load": 82.6591796875}
{"event": "step", "step": 99700, "loss": 4.4194, "lr": 0.0016480057920410425, "gnorm": 0.672, "tok_per_s": 140550.4, "load": 83.8076171875}
{"event": "step", "step": 99800, "loss": 4.3821, "lr": 0.001645790010712673, "gnorm": 0.737, "tok_per_s": 140199.3, "load": 83.02197265625}
{"event": "step", "step": 99900, "loss": 4.4043, "lr": 0.0016435742407257788, "gnorm": 0.799, "tok_per_s": 141860.8, "load": 80.77783203125}
{"event": "step", "step": 100000, "loss": 4.3114, "lr": 0.0016413584880495197, "gnorm": 0.602, "tok_per_s": 143717.2, "load": 78.79345703125}
{"event": "eval_quick", "step": 100000, "bpb": 1.4162762365795567, "nats_per_token": 4.270243385203615, "tokens": 16379, "bytes": 71247}
{"event": "step", "step": 100100, "loss": 4.2859, "lr": 0.0016391427586530099, "gnorm": 1.152, "tok_per_s": 118202.8, "load": 79.6767578125}
{"event": "step", "step": 100200, "loss": 4.2962, "lr": 0.0016369270585052987, "gnorm": 0.516, "tok_per_s": 151449.2, "load": 79.38232421875}
{"event": "step", "step": 100300, "loss": 4.2987, "lr": 0.0016347113935753594, "gnorm": 0.507, "tok_per_s": 157051.5, "load": 80.63330078125}
{"event": "step", "step": 100400, "loss": 4.288, "lr": 0.0016324957698320684, "gnorm": 0.634, "tok_per_s": 152505.6, "load": 80.42236328125}
{"event": "step", "step": 100500, "loss": 4.5353, "lr": 0.0016302801932441921, "gnorm": 1.234, "tok_per_s": 143365.2, "load": 81.349609375}
{"event": "step", "step": 100600, "loss": 4.4662, "lr": 0.00162806466978037, "gnorm": 0.697, "tok_per_s": 141519.5, "load": 80.6005859375}
{"event": "step", "step": 100700, "loss": 4.228, "lr": 0.001625849205409097, "gnorm": 0.492, "tok_per_s": 150852.3, "load": 79.83154296875}
{"event": "step", "step": 100800, "loss": 4.2895, "lr": 0.0016236338060987114, "gnorm": 0.668, "tok_per_s": 144973.4, "load": 81.12646484375}
{"event": "step", "step": 100900, "loss": 4.4088, "lr": 0.0016214184778173735, "gnorm": 1.001, "tok_per_s": 146738.7, "load": 83.35595703125}
{"event": "step", "step": 101000, "loss": 4.4793, "lr": 0.0016192032265330539, "gnorm": 1.088, "tok_per_s": 147784.0, "load": 83.1669921875}
{"event": "step", "step": 101100, "loss": 4.3916, "lr": 0.0016169880582135151, "gnorm": 1.332, "tok_per_s": 148247.5, "load": 82.3525390625}
{"event": "step", "step": 101200, "loss": 4.2301, "lr": 0.0016147729788262976, "gnorm": 0.643, "tok_per_s": 155203.2, "load": 80.962890625}
{"event": "step", "step": 101300, "loss": 4.3916, "lr": 0.001612557994338699, "gnorm": 0.645, "tok_per_s": 161418.2, "load": 82.64794921875}
{"event": "step", "step": 101400, "loss": 4.3405, "lr": 0.0016103431107177648, "gnorm": 0.926, "tok_per_s": 149700.8, "load": 83.55712890625}
{"event": "step", "step": 101500, "loss": 4.1901, "lr": 0.0016081283339302668, "gnorm": 0.588, "tok_per_s": 138995.6, "load": 84.5537109375}
{"event": "step", "step": 101600, "loss": 4.4209, "lr": 0.00160591366994269, "gnorm": 0.69, "tok_per_s": 134872.4, "load": 83.62841796875}
{"event": "step", "step": 101700, "loss": 4.403, "lr": 0.001603699124721214, "gnorm": 0.919, "tok_per_s": 137950.2, "load": 81.60302734375}
{"event": "step", "step": 101800, "loss": 4.1604, "lr": 0.0016014847042317005, "gnorm": 0.683, "tok_per_s": 138720.9, "load": 81.79541015625}
{"event": "step", "step": 101900, "loss": 4.3487, "lr": 0.0015992704144396734, "gnorm": 1.577, "tok_per_s": 137185.0, "load": 79.9697265625}
{"event": "step", "step": 102000, "loss": 4.4205, "lr": 0.001597056261310306, "gnorm": 0.633, "tok_per_s": 138638.4, "load": 79.6513671875}
{"event": "step", "step": 102100, "loss": 4.3815, "lr": 0.0015948422508084018, "gnorm": 0.693, "tok_per_s": 136591.4, "load": 80.48046875}
{"event": "step", "step": 102200, "loss": 4.3867, "lr": 0.0015926283888983818, "gnorm": 0.53, "tok_per_s": 137442.6, "load": 81.5634765625}
{"event": "step", "step": 102300, "loss": 4.2964, "lr": 0.0015904146815442653, "gnorm": 1.624, "tok_per_s": 142647.7, "load": 81.22705078125}
{"event": "step", "step": 102400, "loss": 4.3238, "lr": 0.0015882011347096562, "gnorm": 0.739, "tok_per_s": 137669.5, "load": 81.849609375}
{"event": "step", "step": 102500, "loss": 4.2731, "lr": 0.001585987754357725, "gnorm": 0.711, "tok_per_s": 141512.7, "load": 82.74267578125}
{"event": "step", "step": 102600, "loss": 4.2895, "lr": 0.0015837745464511944, "gnorm": 0.79, "tok_per_s": 139280.6, "load": 82.52294921875}
{"event": "step", "step": 102700, "loss": 4.4314, "lr": 0.0015815615169523236, "gnorm": 0.614, "tok_per_s": 148289.0, "load": 82.32080078125}
{"event": "step", "step": 102800, "loss": 4.2988, "lr": 0.001579348671822888, "gnorm": 0.561, "tok_per_s": 141792.8, "load": 80.453125}
{"event": "step", "step": 102900, "loss": 4.3103, "lr": 0.0015771360170241703, "gnorm": 0.914, "tok_per_s": 143934.1, "load": 80.64599609375}
{"event": "step", "step": 103000, "loss": 4.349, "lr": 0.0015749235585169367, "gnorm": 0.571, "tok_per_s": 145396.7, "load": 82.2763671875}
{"event": "step", "step": 103100, "loss": 4.4129, "lr": 0.0015727113022614278, "gnorm": 0.641, "tok_per_s": 151017.8, "load": 83.53564453125}
{"event": "step", "step": 103200, "loss": 4.2828, "lr": 0.001570499254217337, "gnorm": 0.612, "tok_per_s": 143859.7, "load": 84.9345703125}
{"event": "step", "step": 103300, "loss": 4.325, "lr": 0.0015682874203437982, "gnorm": 1.367, "tok_per_s": 149196.9, "load": 85.26025390625}
{"event": "step", "step": 103400, "loss": 4.3425, "lr": 0.0015660758065993673, "gnorm": 1.258, "tok_per_s": 156229.1, "load": 85.47998046875}
{"event": "step", "step": 103500, "loss": 4.1786, "lr": 0.0015638644189420088, "gnorm": 0.948, "tok_per_s": 151077.7, "load": 82.318359375}
{"event": "step", "step": 103600, "loss": 4.2577, "lr": 0.0015616532633290754, "gnorm": 0.574, "tok_per_s": 150162.2, "load": 83.974609375}
{"event": "step", "step": 103700, "loss": 4.2366, "lr": 0.0015594423457172982, "gnorm": 0.886, "tok_per_s": 142402.4, "load": 84.29736328125}
{"event": "step", "step": 103800, "loss": 4.336, "lr": 0.0015572316720627638, "gnorm": 1.481, "tok_per_s": 141495.4, "load": 85.55517578125}
{"event": "step", "step": 103900, "loss": 4.4564, "lr": 0.0015550212483209042, "gnorm": 1.042, "tok_per_s": 141968.8, "load": 88.10595703125}
{"event": "step", "step": 104000, "loss": 4.3094, "lr": 0.001552811080446476, "gnorm": 0.536, "tok_per_s": 151633.7, "load": 88.8984375}
{"event": "step", "step": 104100, "loss": 4.2263, "lr": 0.0015506011743935486, "gnorm": 0.668, "tok_per_s": 147682.2, "load": 89.14697265625}
{"event": "step", "step": 104200, "loss": 4.2948, "lr": 0.0015483915361154837, "gnorm": 0.875, "tok_per_s": 148731.7, "load": 89.37548828125}
{"event": "step", "step": 104300, "loss": 4.3287, "lr": 0.0015461821715649243, "gnorm": 1.051, "tok_per_s": 146650.7, "load": 89.986328125}
{"event": "step", "step": 104400, "loss": 4.3805, "lr": 0.0015439730866937736, "gnorm": 0.585, "tok_per_s": 152335.3, "load": 89.7470703125}
{"event": "step", "step": 104500, "loss": 4.2712, "lr": 0.0015417642874531834, "gnorm": 0.627, "tok_per_s": 155528.0, "load": 90.408203125}
{"event": "step", "step": 104600, "loss": 4.3712, "lr": 0.0015395557797935337, "gnorm": 0.75, "tok_per_s": 146720.5, "load": 89.89501953125}
{"event": "step", "step": 104700, "loss": 4.5339, "lr": 0.0015373475696644214, "gnorm": 0.603, "tok_per_s": 146046.2, "load": 88.7021484375}
{"event": "step", "step": 104800, "loss": 4.4642, "lr": 0.0015351396630146402, "gnorm": 0.687, "tok_per_s": 142015.1, "load": 85.390625}
{"event": "step", "step": 104900, "loss": 4.2619, "lr": 0.001532932065792167, "gnorm": 1.028, "tok_per_s": 152523.2, "load": 82.87646484375}
{"event": "step", "step": 105000, "loss": 4.3092, "lr": 0.0015307247839441453, "gnorm": 1.645, "tok_per_s": 138672.6, "load": 82.64599609375}
{"event": "step", "step": 105100, "loss": 4.3572, "lr": 0.001528517823416868, "gnorm": 1.221, "tok_per_s": 119036.4, "load": 82.19384765625}
{"event": "step", "step": 105200, "loss": 4.2608, "lr": 0.0015263111901557638, "gnorm": 0.547, "tok_per_s": 144094.7, "load": 82.17822265625}
{"event": "step", "step": 105300, "loss": 4.3028, "lr": 0.001524104890105378, "gnorm": 0.968, "tok_per_s": 145746.9, "load": 82.884765625}
{"event": "step", "step": 105400, "loss": 4.3731, "lr": 0.0015218989292093605, "gnorm": 0.728, "tok_per_s": 156434.9, "load": 81.24267578125}
{"event": "step", "step": 105500, "loss": 4.3466, "lr": 0.0015196933134104449, "gnorm": 0.747, "tok_per_s": 166476.7, "load": 81.24267578125}
{"event": "step", "step": 105600, "loss": 4.2861, "lr": 0.0015174880486504374, "gnorm": 0.858, "tok_per_s": 166669.7, "load": 80.90283203125}
{"event": "step", "step": 105700, "loss": 4.3887, "lr": 0.001515283140870197, "gnorm": 0.92, "tok_per_s": 167108.8, "load": 83.07275390625}
{"event": "step", "step": 105800, "loss": 4.4038, "lr": 0.001513078596009623, "gnorm": 1.305, "tok_per_s": 166253.7, "load": 84.1884765625}
{"event": "step", "step": 105900, "loss": 4.1905, "lr": 0.0015108744200076334, "gnorm": 0.716, "tok_per_s": 165062.8, "load": 83.77294921875}
{"event": "step", "step": 106000, "loss": 4.217, "lr": 0.0015086706188021568, "gnorm": 0.661, "tok_per_s": 165527.6, "load": 84.27197265625}
{"event": "step", "step": 106100, "loss": 4.1582, "lr": 0.0015064671983301091, "gnorm": 1.296, "tok_per_s": 162707.3, "load": 84.97119140625}
{"event": "step", "step": 106200, "loss": 4.2075, "lr": 0.001504264164527382, "gnorm": 0.619, "tok_per_s": 161170.8, "load": 86.3349609375}
{"event": "step", "step": 106300, "loss": 4.5813, "lr": 0.0015020615233288246, "gnorm": 0.67, "tok_per_s": 163817.7, "load": 85.82763671875}
{"event": "step", "step": 106400, "loss": 4.3321, "lr": 0.001499859280668229, "gnorm": 1.193, "tok_per_s": 165053.7, "load": 84.80029296875}
{"event": "step", "step": 106500, "loss": 4.5076, "lr": 0.0014976574424783132, "gnorm": 0.673, "tok_per_s": 156461.3, "load": 83.13427734375}
{"event": "step", "step": 106600, "loss": 4.173, "lr": 0.0014954560146907064, "gnorm": 1.395, "tok_per_s": 155338.9, "load": 80.62451171875}
{"event": "step", "step": 106700, "loss": 4.188, "lr": 0.001493255003235931, "gnorm": 2.065, "tok_per_s": 155870.3, "load": 80.73486328125}
{"event": "step", "step": 106800, "loss": 4.3039, "lr": 0.001491054414043389, "gnorm": 1.629, "tok_per_s": 155667.9, "load": 79.474609375}
{"event": "step", "step": 106900, "loss": 4.1534, "lr": 0.0014888542530413437, "gnorm": 0.812, "tok_per_s": 164402.1, "load": 78.6357421875}
{"event": "step", "step": 107000, "loss": 4.3744, "lr": 0.0014866545261569065, "gnorm": 0.995, "tok_per_s": 164318.1, "load": 77.30322265625}
{"event": "step", "step": 107100, "loss": 4.2719, "lr": 0.0014844552393160168, "gnorm": 1.837, "tok_per_s": 164439.5, "load": 76.63818359375}
{"event": "step", "step": 107200, "loss": 4.0997, "lr": 0.0014822563984434314, "gnorm": 0.605, "tok_per_s": 164771.3, "load": 76.3466796875}
{"event": "step", "step": 107300, "loss": 4.3859, "lr": 0.0014800580094627039, "gnorm": 0.732, "tok_per_s": 164613.2, "load": 75.35791015625}
{"event": "step", "step": 107400, "loss": 4.2543, "lr": 0.0014778600782961707, "gnorm": 0.6, "tok_per_s": 163870.9, "load": 75.81005859375}
{"event": "step", "step": 107500, "loss": 4.283, "lr": 0.0014756626108649354, "gnorm": 0.622, "tok_per_s": 157122.5, "load": 76.70654296875}
{"event": "step", "step": 107600, "loss": 4.4055, "lr": 0.001473465613088852, "gnorm": 1.111, "tok_per_s": 136772.8, "load": 75.20849609375}
{"event": "step", "step": 107700, "loss": 4.2604, "lr": 0.0014712690908865091, "gnorm": 0.756, "tok_per_s": 146992.3, "load": 77.35400390625}
{"event": "step", "step": 107800, "loss": 4.1594, "lr": 0.0014690730501752147, "gnorm": 0.748, "tok_per_s": 152622.8, "load": 78.44677734375}
{"event": "step", "step": 107900, "loss": 4.4264, "lr": 0.0014668774968709796, "gnorm": 0.782, "tok_per_s": 147062.2, "load": 79.5322265625}
{"event": "step", "step": 108000, "loss": 4.3519, "lr": 0.0014646824368884997, "gnorm": 0.844, "tok_per_s": 142368.3, "load": 79.72998046875}
{"event": "step", "step": 108100, "loss": 4.201, "lr": 0.001462487876141146, "gnorm": 0.549, "tok_per_s": 144302.1, "load": 79.67138671875}
{"event": "step", "step": 108200, "loss": 4.4914, "lr": 0.0014602938205409402, "gnorm": 1.072, "tok_per_s": 144576.7, "load": 82.17578125}
{"event": "step", "step": 108300, "loss": 4.4203, "lr": 0.0014581002759985464, "gnorm": 0.681, "tok_per_s": 164076.3, "load": 81.76123046875}
{"event": "step", "step": 108400, "loss": 4.3676, "lr": 0.0014559072484232492, "gnorm": 1.688, "tok_per_s": 165108.8, "load": 82.26123046875}
{"event": "step", "step": 108500, "loss": 4.5073, "lr": 0.001453714743722943, "gnorm": 2.214, "tok_per_s": 163898.9, "load": 82.240234375}
{"event": "step", "step": 108600, "loss": 4.4484, "lr": 0.001451522767804112, "gnorm": 1.853, "tok_per_s": 158081.4, "load": 83.10205078125}
{"event": "step", "step": 108700, "loss": 4.2702, "lr": 0.0014493313265718172, "gnorm": 1.372, "tok_per_s": 160695.8, "load": 82.7734375}
{"event": "step", "step": 108800, "loss": 4.3506, "lr": 0.001447140425929677, "gnorm": 1.291, "tok_per_s": 158243.2, "load": 83.2724609375}
{"event": "step", "step": 108900, "loss": 4.421, "lr": 0.0014449500717798565, "gnorm": 1.002, "tok_per_s": 165559.7, "load": 83.4111328125}
{"event": "step", "step": 109000, "loss": 4.1356, "lr": 0.0014427602700230453, "gnorm": 0.706, "tok_per_s": 150678.8, "load": 84.41943359375}
{"event": "step", "step": 109100, "loss": 4.4114, "lr": 0.0014405710265584487, "gnorm": 1.013, "tok_per_s": 164120.8, "load": 83.0244140625}
{"event": "step", "step": 109200, "loss": 4.2455, "lr": 0.0014383823472837638, "gnorm": 0.878, "tok_per_s": 162804.1, "load": 84.2236328125}
{"event": "step", "step": 109300, "loss": 4.3732, "lr": 0.0014361942380951708, "gnorm": 0.779, "tok_per_s": 160553.6, "load": 82.76416015625}
{"event": "step", "step": 109400, "loss": 4.4919, "lr": 0.001434006704887313, "gnorm": 2.678, "tok_per_s": 152059.7, "load": 83.904296875}
{"event": "step", "step": 109500, "loss": 4.2636, "lr": 0.0014318197535532822, "gnorm": 1.332, "tok_per_s": 155007.1, "load": 85.43359375}
{"event": "step", "step": 109600, "loss": 4.3536, "lr": 0.0014296333899846035, "gnorm": 0.92, "tok_per_s": 153413.9, "load": 85.79931640625}
{"event": "step", "step": 109700, "loss": 4.2262, "lr": 0.001427447620071216, "gnorm": 1.425, "tok_per_s": 157244.7, "load": 88.8583984375}
{"event": "step", "step": 109800, "loss": 4.289, "lr": 0.001425262449701463, "gnorm": 0.801, "tok_per_s": 160302.8, "load": 86.46728515625}
{"event": "step", "step": 109900, "loss": 4.2373, "lr": 0.0014230778847620698, "gnorm": 1.161, "tok_per_s": 165489.2, "load": 84.908203125}
{"event": "step", "step": 110000, "loss": 4.4914, "lr": 0.001420893931138133, "gnorm": 0.66, "tok_per_s": 165055.6, "load": 85.95703125}
{"event": "step", "step": 110100, "loss": 4.1658, "lr": 0.0014187105947131, "gnorm": 0.665, "tok_per_s": 116435.6, "load": 85.72021484375}
{"event": "step", "step": 110200, "loss": 4.312, "lr": 0.0014165278813687576, "gnorm": 0.753, "tok_per_s": 163603.1, "load": 86.46337890625}
{"event": "step", "step": 110300, "loss": 4.2747, "lr": 0.0014143457969852126, "gnorm": 0.758, "tok_per_s": 142383.7, "load": 84.8583984375}
{"event": "step", "step": 110400, "loss": 4.3776, "lr": 0.0014121643474408788, "gnorm": 0.719, "tok_per_s": 149475.7, "load": 84.46923828125}
{"event": "step", "step": 110500, "loss": 4.4108, "lr": 0.0014099835386124574, "gnorm": 0.706, "tok_per_s": 137732.0, "load": 82.91015625}
{"event": "step", "step": 110600, "loss": 4.482, "lr": 0.001407803376374927, "gnorm": 0.779, "tok_per_s": 147592.1, "load": 82.6767578125}
{"event": "step", "step": 110700, "loss": 4.413, "lr": 0.0014056238666015212, "gnorm": 0.643, "tok_per_s": 142413.8, "load": 81.66162109375}
{"event": "step", "step": 110800, "loss": 4.3103, "lr": 0.0014034450151637178, "gnorm": 0.856, "tok_per_s": 163963.8, "load": 81.76904296875}
{"event": "step", "step": 110900, "loss": 4.3119, "lr": 0.0014012668279312196, "gnorm": 0.771, "tok_per_s": 156979.8, "load": 83.94970703125}
{"event": "step", "step": 111000, "loss": 4.2925, "lr": 0.001399089310771942, "gnorm": 0.649, "tok_per_s": 153205.2, "load": 84.7548828125}
{"event": "step", "step": 111100, "loss": 4.2426, "lr": 0.001396912469551993, "gnorm": 1.504, "tok_per_s": 159442.5, "load": 85.33544921875}
{"event": "step", "step": 111200, "loss": 4.303, "lr": 0.0013947363101356619, "gnorm": 0.854, "tok_per_s": 166433.3, "load": 84.74755859375}
{"event": "step", "step": 111300, "loss": 4.3418, "lr": 0.001392560838385399, "gnorm": 0.643, "tok_per_s": 164330.5, "load": 83.166015625}
{"event": "step", "step": 111400, "loss": 4.451, "lr": 0.0013903860601618043, "gnorm": 1.575, "tok_per_s": 153027.5, "load": 81.951171875}
{"event": "step", "step": 111500, "loss": 4.289, "lr": 0.0013882119813236073, "gnorm": 1.352, "tok_per_s": 152831.0, "load": 81.875}
{"event": "step", "step": 111600, "loss": 4.2431, "lr": 0.0013860386077276558, "gnorm": 0.961, "tok_per_s": 153184.4, "load": 83.40673828125}
{"event": "step", "step": 111700, "loss": 4.4234, "lr": 0.0013838659452288951, "gnorm": 0.758, "tok_per_s": 152947.6, "load": 84.41552734375}
{"event": "step", "step": 111800, "loss": 4.2963, "lr": 0.001381693999680357, "gnorm": 1.02, "tok_per_s": 153213.5, "load": 85.60107421875}
{"event": "step", "step": 111900, "loss": 4.3374, "lr": 0.0013795227769331409, "gnorm": 1.242, "tok_per_s": 142485.1, "load": 83.951171875}
{"event": "step", "step": 112000, "loss": 4.4114, "lr": 0.0013773522828363987, "gnorm": 1.096, "tok_per_s": 139780.8, "load": 84.59619140625}
{"event": "step", "step": 112100, "loss": 4.3078, "lr": 0.001375182523237321, "gnorm": 0.997, "tok_per_s": 139395.3, "load": 83.18701171875}
{"event": "step", "step": 112200, "loss": 4.1645, "lr": 0.001373013503981117, "gnorm": 0.651, "tok_per_s": 140969.0, "load": 82.611328125}
{"event": "step", "step": 112300, "loss": 4.264, "lr": 0.001370845230911004, "gnorm": 0.782, "tok_per_s": 136175.2, "load": 82.24169921875}
{"event": "step", "step": 112400, "loss": 4.256, "lr": 0.0013686777098681872, "gnorm": 0.827, "tok_per_s": 137815.2, "load": 81.69189453125}
{"event": "step", "step": 112500, "loss": 4.2489, "lr": 0.001366510946691848, "gnorm": 0.663, "tok_per_s": 141871.9, "load": 81.47607421875}
{"event": "step", "step": 112600, "loss": 4.44, "lr": 0.0013643449472191236, "gnorm": 1.406, "tok_per_s": 155379.7, "load": 81.4375}
{"event": "step", "step": 112700, "loss": 4.227, "lr": 0.0013621797172850962, "gnorm": 0.773, "tok_per_s": 165783.1, "load": 83.64501953125}
{"event": "step", "step": 112800, "loss": 4.5219, "lr": 0.001360015262722773, "gnorm": 0.803, "tok_per_s": 165845.3, "load": 83.59326171875}
{"event": "step", "step": 112900, "loss": 4.3587, "lr": 0.0013578515893630742, "gnorm": 0.76, "tok_per_s": 166687.8, "load": 83.6259765625}
{"event": "step", "step": 113000, "loss": 4.2229, "lr": 0.0013556887030348134, "gnorm": 0.81, "tok_per_s": 155881.2, "load": 84.537109375}
{"event": "step", "step": 113100, "loss": 4.3636, "lr": 0.001353526609564686, "gnorm": 0.744, "tok_per_s": 146839.6, "load": 83.69287109375}
{"event": "step", "step": 113200, "loss": 4.3681, "lr": 0.0013513653147772498, "gnorm": 0.789, "tok_per_s": 152708.4, "load": 83.63720703125}
{"event": "step", "step": 113300, "loss": 4.2091, "lr": 0.0013492048244949128, "gnorm": 0.699, "tok_per_s": 146815.4, "load": 83.345703125}
{"event": "step", "step": 113400, "loss": 4.3672, "lr": 0.0013470451445379136, "gnorm": 0.785, "tok_per_s": 153419.2, "load": 83.31787109375}
{"event": "step", "step": 113500, "loss": 4.24, "lr": 0.0013448862807243097, "gnorm": 1.22, "tok_per_s": 140778.1, "load": 84.33349609375}
{"event": "step", "step": 113600, "loss": 4.3538, "lr": 0.0013427282388699588, "gnorm": 1.044, "tok_per_s": 141401.2, "load": 82.0556640625}
{"event": "step", "step": 113700, "loss": 4.3513, "lr": 0.001340571024788505, "gnorm": 1.29, "tok_per_s": 139519.3, "load": 82.53173828125}
{"event": "step", "step": 113800, "loss": 4.2053, "lr": 0.0013384146442913618, "gnorm": 0.8, "tok_per_s": 159856.9, "load": 81.28759765625}
{"event": "step", "step": 113900, "loss": 4.2211, "lr": 0.0013362591031876973, "gnorm": 0.991, "tok_per_s": 152237.7, "load": 82.6259765625}
{"event": "step", "step": 114000, "loss": 4.3574, "lr": 0.0013341044072844184, "gnorm": 1.016, "tok_per_s": 148682.1, "load": 83.056640625}
{"event": "step", "step": 114100, "loss": 4.054, "lr": 0.001331950562386155, "gnorm": 0.7, "tok_per_s": 137220.3, "load": 84.33349609375}
{"event": "step", "step": 114200, "loss": 4.3985, "lr": 0.001329797574295245, "gnorm": 0.816, "tok_per_s": 149420.5, "load": 85.34814453125}
{"event": "step", "step": 114300, "loss": 4.3612, "lr": 0.001327645448811717, "gnorm": 0.975, "tok_per_s": 163933.4, "load": 85.560546875}
{"event": "step", "step": 114400, "loss": 4.2519, "lr": 0.001325494191733277, "gnorm": 1.506, "tok_per_s": 165639.9, "load": 85.03515625}
{"event": "step", "step": 114500, "loss": 4.3618, "lr": 0.0013233438088552905, "gnorm": 1.396, "tok_per_s": 164650.5, "load": 85.75341796875}
{"event": "step", "step": 114600, "loss": 4.3989, "lr": 0.0013211943059707682, "gnorm": 1.026, "tok_per_s": 158124.9, "load": 85.37255859375}
{"event": "step", "step": 114700, "loss": 4.2572, "lr": 0.001319045688870351, "gnorm": 0.788, "tok_per_s": 138611.5, "load": 85.9033203125}
{"event": "step", "step": 114800, "loss": 4.1967, "lr": 0.0013168979633422927, "gnorm": 1.238, "tok_per_s": 149557.4, "load": 84.06884765625}
{"event": "step", "step": 114900, "loss": 4.2726, "lr": 0.0013147511351724451, "gnorm": 1.275, "tok_per_s": 151225.9, "load": 83.1962890625}
{"event": "step", "step": 115000, "loss": 4.2953, "lr": 0.0013126052101442435, "gnorm": 0.74, "tok_per_s": 156657.0, "load": 84.0615234375}
{"event": "step", "step": 115100, "loss": 4.338, "lr": 0.0013104601940386888, "gnorm": 0.835, "tok_per_s": 123121.0, "load": 82.29443359375}
{"event": "step", "step": 115200, "loss": 4.3751, "lr": 0.0013083160926343346, "gnorm": 0.938, "tok_per_s": 162463.6, "load": 81.7099609375}
{"event": "step", "step": 115300, "loss": 4.3493, "lr": 0.0013061729117072698, "gnorm": 1.552, "tok_per_s": 154844.7, "load": 83.0146484375}
{"event": "step", "step": 115400, "loss": 4.3692, "lr": 0.001304030657031104, "gnorm": 1.232, "tok_per_s": 149673.8, "load": 82.77294921875}
{"event": "step", "step": 115500, "loss": 4.286, "lr": 0.0013018893343769507, "gnorm": 1.197, "tok_per_s": 140591.4, "load": 82.23046875}
{"event": "step", "step": 115600, "loss": 4.3592, "lr": 0.0012997489495134137, "gnorm": 0.726, "tok_per_s": 141156.1, "load": 81.8916015625}
{"event": "step", "step": 115700, "loss": 4.1671, "lr": 0.0012976095082065692, "gnorm": 0.927, "tok_per_s": 140040.2, "load": 81.47607421875}
{"event": "step", "step": 115800, "loss": 4.4211, "lr": 0.0012954710162199525, "gnorm": 0.804, "tok_per_s": 149229.8, "load": 81.99853515625}
{"event": "step", "step": 115900, "loss": 4.2287, "lr": 0.0012933334793145406, "gnorm": 0.767, "tok_per_s": 152284.6, "load": 81.11767578125}
{"event": "step", "step": 116000, "loss": 4.3945, "lr": 0.0012911969032487387, "gnorm": 0.715, "tok_per_s": 166165.7, "load": 82.2294921875}
{"event": "step", "step": 116100, "loss": 4.263, "lr": 0.001289061293778362, "gnorm": 0.67, "tok_per_s": 166626.3, "load": 83.41259765625}
{"event": "step", "step": 116200, "loss": 4.3365, "lr": 0.0012869266566566241, "gnorm": 1.22, "tok_per_s": 166384.9, "load": 84.8212890625}
{"event": "step", "step": 116300, "loss": 4.2178, "lr": 0.0012847929976341167, "gnorm": 0.746, "tok_per_s": 162660.9, "load": 85.236328125}
{"event": "step", "step": 116400, "loss": 4.3569, "lr": 0.0012826603224587974, "gnorm": 0.738, "tok_per_s": 157670.2, "load": 84.89697265625}
{"event": "step", "step": 116500, "loss": 4.2549, "lr": 0.0012805286368759747, "gnorm": 0.806, "tok_per_s": 154631.5, "load": 85.9462890625}
{"event": "step", "step": 116600, "loss": 4.3076, "lr": 0.0012783979466282891, "gnorm": 0.727, "tok_per_s": 150508.3, "load": 87.63232421875}
{"event": "step", "step": 116700, "loss": 4.2045, "lr": 0.001276268257455701, "gnorm": 1.011, "tok_per_s": 142975.4, "load": 87.662109375}
{"event": "step", "step": 116800, "loss": 4.1802, "lr": 0.0012741395750954733, "gnorm": 0.882, "tok_per_s": 145598.9, "load": 86.32763671875}
{"event": "step", "step": 116900, "loss": 4.2394, "lr": 0.0012720119052821576, "gnorm": 1.059, "tok_per_s": 157784.6, "load": 85.18017578125}
{"event": "step", "step": 117000, "loss": 4.2266, "lr": 0.001269885253747576, "gnorm": 1.121, "tok_per_s": 151652.7, "load": 86.447265625}
{"event": "step", "step": 117100, "loss": 4.4815, "lr": 0.0012677596262208098, "gnorm": 1.449, "tok_per_s": 141890.1, "load": 84.7294921875}
{"event": "step", "step": 117200, "loss": 4.2834, "lr": 0.0012656350284281788, "gnorm": 0.714, "tok_per_s": 162704.7, "load": 85.31201171875}
{"event": "step", "step": 117300, "loss": 4.3189, "lr": 0.0012635114660932323, "gnorm": 1.292, "tok_per_s": 165729.1, "load": 84.00537109375}
{"event": "step", "step": 117400, "loss": 4.2205, "lr": 0.0012613889449367265, "gnorm": 0.849, "tok_per_s": 150375.9, "load": 85.48828125}
{"event": "step", "step": 117500, "loss": 4.3659, "lr": 0.0012592674706766156, "gnorm": 0.815, "tok_per_s": 141482.9, "load": 84.80810546875}
{"event": "step", "step": 117600, "loss": 4.3203, "lr": 0.0012571470490280313, "gnorm": 0.649, "tok_per_s": 139598.3, "load": 83.2216796875}
{"event": "step", "step": 117700, "loss": 4.2598, "lr": 0.0012550276857032712, "gnorm": 1.341, "tok_per_s": 149127.7, "load": 81.68212890625}
{"event": "step", "step": 117800, "loss": 4.4039, "lr": 0.0012529093864117808, "gnorm": 1.053, "tok_per_s": 159518.8, "load": 82.9091796875}
{"event": "step", "step": 117900, "loss": 4.31, "lr": 0.0012507921568601407, "gnorm": 1.008, "tok_per_s": 151917.4, "load": 82.595703125}
{"event": "step", "step": 118000, "loss": 4.1822, "lr": 0.0012486760027520469, "gnorm": 0.737, "tok_per_s": 140253.3, "load": 82.62841796875}
{"event": "step", "step": 118100, "loss": 4.1853, "lr": 0.001246560929788302, "gnorm": 0.94, "tok_per_s": 149409.2, "load": 83.69921875}
{"event": "step", "step": 118200, "loss": 4.3376, "lr": 0.001244446943666792, "gnorm": 0.706, "tok_per_s": 158353.2, "load": 83.16259765625}
{"event": "step", "step": 118300, "loss": 4.2454, "lr": 0.0012423340500824786, "gnorm": 1.125, "tok_per_s": 135787.1, "load": 83.470703125}
{"event": "step", "step": 118400, "loss": 4.2555, "lr": 0.0012402222547273772, "gnorm": 1.294, "tok_per_s": 138829.1, "load": 85.83544921875}
{"event": "step", "step": 118500, "loss": 4.3437, "lr": 0.0012381115632905469, "gnorm": 0.978, "tok_per_s": 137534.9, "load": 86.0087890625}
{"event": "step", "step": 118600, "loss": 4.3676, "lr": 0.0012360019814580728, "gnorm": 0.738, "tok_per_s": 140109.6, "load": 86.56884765625}
{"event": "step", "step": 118700, "loss": 4.3473, "lr": 0.0012338935149130482, "gnorm": 0.97, "tok_per_s": 138861.1, "load": 86.603515625}
{"event": "step", "step": 118800, "loss": 4.4183, "lr": 0.0012317861693355659, "gnorm": 0.95, "tok_per_s": 146016.3, "load": 87.4365234375}
{"event": "step", "step": 118900, "loss": 4.0777, "lr": 0.0012296799504026947, "gnorm": 0.726, "tok_per_s": 152241.0, "load": 87.64208984375}
{"event": "step", "step": 119000, "loss": 4.2892, "lr": 0.0012275748637884721, "gnorm": 0.965, "tok_per_s": 141235.5, "load": 89.0361328125}
{"event": "step", "step": 119100, "loss": 4.2595, "lr": 0.0012254709151638822, "gnorm": 0.717, "tok_per_s": 152379.7, "load": 88.873046875}
{"event": "step", "step": 119200, "loss": 4.2888, "lr": 0.0012233681101968454, "gnorm": 0.761, "tok_per_s": 145416.3, "load": 88.642578125}
{"event": "step", "step": 119300, "loss": 4.4868, "lr": 0.0012212664545521992, "gnorm": 0.698, "tok_per_s": 138491.2, "load": 87.8701171875}
{"event": "step", "step": 119400, "loss": 4.5176, "lr": 0.0012191659538916878, "gnorm": 0.868, "tok_per_s": 144685.0, "load": 88.201171875}
{"event": "step", "step": 119500, "loss": 4.1299, "lr": 0.0012170666138739408, "gnorm": 1.082, "tok_per_s": 149453.9, "load": 88.666015625}
{"event": "step", "step": 119600, "loss": 4.1903, "lr": 0.001214968440154463, "gnorm": 1.261, "tok_per_s": 144798.3, "load": 88.69287109375}
{"event": "step", "step": 119700, "loss": 4.1514, "lr": 0.001212871438385617, "gnorm": 0.786, "tok_per_s": 147532.2, "load": 88.39697265625}
{"event": "step", "step": 119800, "loss": 4.341, "lr": 0.001210775614216608, "gnorm": 1.047, "tok_per_s": 152847.4, "load": 87.49951171875}
{"event": "step", "step": 119900, "loss": 4.333, "lr": 0.0012086809732934681, "gnorm": 0.892, "tok_per_s": 151571.9, "load": 88.2607421875}
{"event": "step", "step": 120000, "loss": 4.249, "lr": 0.0012065875212590434, "gnorm": 1.195, "tok_per_s": 145377.4, "load": 88.880859375}
{"event": "eval_quick", "step": 120000, "bpb": 1.4073255347006641, "nats_per_token": 4.243255941296782, "tokens": 16379, "bytes": 71247}
{"event": "step", "step": 120100, "loss": 4.1755, "lr": 0.0012044952637529753, "gnorm": 1.003, "tok_per_s": 116304.2, "load": 89.291015625}
{"event": "step", "step": 120200, "loss": 4.333, "lr": 0.0012024042064116898, "gnorm": 1.016, "tok_per_s": 143025.8, "load": 88.947265625}
{"event": "step", "step": 120300, "loss": 4.2778, "lr": 0.001200314354868376, "gnorm": 0.949, "tok_per_s": 149248.7, "load": 88.0703125}
{"event": "step", "step": 120400, "loss": 4.1337, "lr": 0.0011982257147529788, "gnorm": 1.052, "tok_per_s": 150200.7, "load": 87.423828125}
{"event": "step", "step": 120500, "loss": 4.11, "lr": 0.0011961382916921763, "gnorm": 0.776, "tok_per_s": 154674.9, "load": 88.31982421875}
{"event": "step", "step": 120600, "loss": 4.4932, "lr": 0.0011940520913093701, "gnorm": 1.201, "tok_per_s": 158237.7, "load": 87.0927734375}
{"event": "step", "step": 120700, "loss": 4.355, "lr": 0.0011919671192246659, "gnorm": 0.787, "tok_per_s": 152794.7, "load": 87.0048828125}
{"event": "step", "step": 120800, "loss": 4.2757, "lr": 0.0011898833810548622, "gnorm": 0.755, "tok_per_s": 150597.0, "load": 87.00439453125}
{"event": "step", "step": 120900, "loss": 4.1798, "lr": 0.0011878008824134335, "gnorm": 0.943, "tok_per_s": 161994.7, "load": 87.48486328125}
{"event": "step", "step": 121000, "loss": 4.1363, "lr": 0.0011857196289105133, "gnorm": 1.017, "tok_per_s": 165741.5, "load": 86.16455078125}
{"event": "step", "step": 121100, "loss": 4.2745, "lr": 0.0011836396261528826, "gnorm": 0.813, "tok_per_s": 165992.5, "load": 84.4697265625}
{"event": "step", "step": 121200, "loss": 4.3066, "lr": 0.0011815608797439516, "gnorm": 1.181, "tok_per_s": 162760.3, "load": 85.47314453125}
{"event": "step", "step": 121300, "loss": 4.3219, "lr": 0.0011794833952837474, "gnorm": 1.12, "tok_per_s": 157170.6, "load": 85.27490234375}
{"event": "step", "step": 121400, "loss": 4.4339, "lr": 0.0011774071783688955, "gnorm": 1.001, "tok_per_s": 159506.2, "load": 86.9345703125}
{"event": "step", "step": 121500, "loss": 4.3485, "lr": 0.0011753322345926089, "gnorm": 1.251, "tok_per_s": 162127.9, "load": 87.74072265625}
{"event": "step", "step": 121600, "loss": 4.2961, "lr": 0.0011732585695446692, "gnorm": 1.066, "tok_per_s": 156767.2, "load": 89.04296875}
{"event": "step", "step": 121700, "loss": 4.2832, "lr": 0.0011711861888114138, "gnorm": 1.201, "tok_per_s": 165590.9, "load": 85.435546875}
{"event": "step", "step": 121800, "loss": 4.3041, "lr": 0.0011691150979757207, "gnorm": 0.801, "tok_per_s": 166256.9, "load": 83.478515625}
{"event": "step", "step": 121900, "loss": 4.3004, "lr": 0.0011670453026169925, "gnorm": 0.878, "tok_per_s": 165012.8, "load": 83.35986328125}
{"event": "step", "step": 122000, "loss": 4.2657, "lr": 0.001164976808311141, "gnorm": 0.811, "tok_per_s": 165658.5, "load": 81.88916015625}
{"event": "step", "step": 122100, "loss": 4.5444, "lr": 0.0011629096206305747, "gnorm": 1.015, "tok_per_s": 165521.4, "load": 83.099609375}
{"event": "step", "step": 122200, "loss": 4.3265, "lr": 0.0011608437451441807, "gnorm": 0.772, "tok_per_s": 157630.6, "load": 82.21044921875}
{"event": "step", "step": 122300, "loss": 4.3217, "lr": 0.0011587791874173128, "gnorm": 0.763, "tok_per_s": 148163.3, "load": 81.072265625}
{"event": "step", "step": 122400, "loss": 4.4941, "lr": 0.0011567159530117724, "gnorm": 1.048, "tok_per_s": 164088.4, "load": 80.185546875}
{"event": "step", "step": 122500, "loss": 4.2201, "lr": 0.0011546540474857982, "gnorm": 0.992, "tok_per_s": 142198.9, "load": 81.3720703125}
{"event": "step", "step": 122600, "loss": 4.2522, "lr": 0.0011525934763940476, "gnorm": 1.248, "tok_per_s": 150806.2, "load": 81.50244140625}
{"event": "step", "step": 122700, "loss": 4.3489, "lr": 0.0011505342452875838, "gnorm": 1.573, "tok_per_s": 157228.8, "load": 82.50341796875}
{"event": "step", "step": 122800, "loss": 4.2143, "lr": 0.00114847635971386, "gnorm": 0.916, "tok_per_s": 151436.6, "load": 83.34423828125}
{"event": "step", "step": 122900, "loss": 4.2705, "lr": 0.001146419825216705, "gnorm": 1.134, "tok_per_s": 155041.5, "load": 81.07421875}
{"event": "step", "step": 123000, "loss": 4.2976, "lr": 0.001144364647336306, "gnorm": 0.96, "tok_per_s": 154280.4, "load": 81.62890625}
{"event": "step", "step": 123100, "loss": 4.3922, "lr": 0.0011423108316091987, "gnorm": 0.965, "tok_per_s": 140359.3, "load": 81.189453125}
{"event": "step", "step": 123200, "loss": 4.1543, "lr": 0.0011402583835682463, "gnorm": 0.729, "tok_per_s": 140584.2, "load": 81.25439453125}
{"event": "step", "step": 123300, "loss": 4.1402, "lr": 0.0011382073087426296, "gnorm": 0.806, "tok_per_s": 150244.1, "load": 78.43115234375}
{"event": "step", "step": 123400, "loss": 4.3672, "lr": 0.0011361576126578286, "gnorm": 0.892, "tok_per_s": 153165.4, "load": 80.15869140625}
{"event": "step", "step": 123500, "loss": 4.1373, "lr": 0.00113410930083561, "gnorm": 0.87, "tok_per_s": 162436.2, "load": 80.78662109375}
{"event": "step", "step": 123600, "loss": 4.3178, "lr": 0.0011320623787940103, "gnorm": 0.724, "tok_per_s": 155108.7, "load": 82.4853515625}
{"event": "step", "step": 123700, "loss": 4.4233, "lr": 0.0011300168520473235, "gnorm": 0.749, "tok_per_s": 157616.7, "load": 83.72802734375}
{"event": "step", "step": 123800, "loss": 4.2775, "lr": 0.001127972726106084, "gnorm": 1.087, "tok_per_s": 164119.4, "load": 83.58935546875}
{"event": "step", "step": 123900, "loss": 4.2753, "lr": 0.001125930006477052, "gnorm": 0.909, "tok_per_s": 166617.3, "load": 79.5380859375}
{"event": "step", "step": 124000, "loss": 4.1143, "lr": 0.0011238886986632002, "gnorm": 0.75, "tok_per_s": 166502.2, "load": 78.77392578125}
{"event": "step", "step": 124100, "loss": 4.4583, "lr": 0.0011218488081636963, "gnorm": 1.183, "tok_per_s": 166496.5, "load": 78.6318359375}
{"event": "step", "step": 124200, "loss": 4.2927, "lr": 0.0011198103404738925, "gnorm": 1.091, "tok_per_s": 166828.4, "load": 79.22216796875}
{"event": "step", "step": 124300, "loss": 4.2788, "lr": 0.0011177733010853048, "gnorm": 0.895, "tok_per_s": 166610.8, "load": 80.16552734375}
{"event": "step", "step": 124400, "loss": 4.4784, "lr": 0.0011157376954856048, "gnorm": 0.8, "tok_per_s": 166287.0, "load": 82.5546875}
{"event": "step", "step": 124500, "loss": 4.1338, "lr": 0.0011137035291585982, "gnorm": 1.001, "tok_per_s": 165537.2, "load": 82.10986328125}
{"event": "step", "step": 124600, "loss": 4.3861, "lr": 0.0011116708075842164, "gnorm": 0.919, "tok_per_s": 150391.9, "load": 82.74169921875}
{"event": "step", "step": 124700, "loss": 4.3074, "lr": 0.0011096395362384967, "gnorm": 0.819, "tok_per_s": 159593.8, "load": 82.04150390625}
{"event": "step", "step": 124800, "loss": 4.3762, "lr": 0.0011076097205935708, "gnorm": 1.065, "tok_per_s": 166958.0, "load": 80.1162109375}
{"event": "step", "step": 124900, "loss": 4.2687, "lr": 0.0011055813661176466, "gnorm": 0.92, "tok_per_s": 161780.8, "load": 79.4658203125}
{"event": "step", "step": 125000, "loss": 4.3233, "lr": 0.0011035544782749995, "gnorm": 0.863, "tok_per_s": 165271.8, "load": 80.1494140625}
{"event": "step", "step": 125100, "loss": 4.1336, "lr": 0.00110152906252595, "gnorm": 0.909, "tok_per_s": 118783.5, "load": 79.65673828125}
{"event": "step", "step": 125200, "loss": 4.2465, "lr": 0.001099505124326856, "gnorm": 0.792, "tok_per_s": 155057.8, "load": 80.5654296875}
{"event": "step", "step": 125300, "loss": 4.2383, "lr": 0.0010974826691300921, "gnorm": 1.12, "tok_per_s": 152385.1, "load": 79.79931640625}
{"event": "step", "step": 125400, "loss": 4.4118, "lr": 0.00109546170238404, "gnorm": 0.91, "tok_per_s": 152810.3, "load": 78.87255859375}
{"event": "step", "step": 125500, "loss": 4.4446, "lr": 0.0010934422295330712, "gnorm": 1.012, "tok_per_s": 152721.5, "load": 77.68115234375}
{"event": "step", "step": 125600, "loss": 4.3043, "lr": 0.0010914242560175315, "gnorm": 0.865, "tok_per_s": 152774.6, "load": 77.14599609375}
{"event": "step", "step": 125700, "loss": 4.3392, "lr": 0.0010894077872737292, "gnorm": 1.235, "tok_per_s": 151455.1, "load": 77.85546875}
{"event": "step", "step": 125800, "loss": 4.2431, "lr": 0.0010873928287339172, "gnorm": 0.841, "tok_per_s": 138817.0, "load": 77.78662109375}
{"event": "step", "step": 125900, "loss": 4.4131, "lr": 0.0010853793858262818, "gnorm": 1.73, "tok_per_s": 140415.8, "load": 77.16259765625}
{"event": "step", "step": 126000, "loss": 4.3699, "lr": 0.0010833674639749238, "gnorm": 1.011, "tok_per_s": 141504.5, "load": 80.43310546875}
{"event": "step", "step": 126100, "loss": 4.4889, "lr": 0.0010813570685998496, "gnorm": 1.352, "tok_per_s": 145945.8, "load": 79.91748046875}
{"event": "step", "step": 126200, "loss": 4.2833, "lr": 0.0010793482051169505, "gnorm": 0.927, "tok_per_s": 159041.4, "load": 79.763671875}
{"event": "step", "step": 126300, "loss": 4.2982, "lr": 0.001077340878937993, "gnorm": 0.759, "tok_per_s": 166273.9, "load": 81.54443359375}
{"event": "step", "step": 126400, "loss": 4.2035, "lr": 0.0010753350954706, "gnorm": 0.804, "tok_per_s": 165382.1, "load": 80.29931640625}
{"event": "step", "step": 126500, "loss": 4.1739, "lr": 0.001073330860118241, "gnorm": 0.943, "tok_per_s": 166458.2, "load": 81.236328125}
{"event": "step", "step": 126600, "loss": 4.0057, "lr": 0.0010713281782802125, "gnorm": 0.931, "tok_per_s": 152927.8, "load": 82.7392578125}
{"event": "step", "step": 126700, "loss": 4.4132, "lr": 0.001069327055351628, "gnorm": 0.958, "tok_per_s": 142345.6, "load": 82.8720703125}
{"event": "step", "step": 126800, "loss": 4.493, "lr": 0.0010673274967234, "gnorm": 1.159, "tok_per_s": 149507.5, "load": 83.60302734375}
{"event": "step", "step": 126900, "loss": 4.4701, "lr": 0.001065329507782228, "gnorm": 0.795, "tok_per_s": 148561.6, "load": 83.63525390625}
{"event": "step", "step": 127000, "loss": 4.2463, "lr": 0.0010633330939105808, "gnorm": 0.843, "tok_per_s": 157297.9, "load": 84.22509765625}
{"event": "step", "step": 127100, "loss": 4.1376, "lr": 0.001061338260486687, "gnorm": 1.048, "tok_per_s": 151991.4, "load": 83.966796875}
{"event": "step", "step": 127200, "loss": 4.2908, "lr": 0.001059345012884515, "gnorm": 0.896, "tok_per_s": 164673.4, "load": 86.2919921875}
{"event": "step", "step": 127300, "loss": 4.4493, "lr": 0.0010573533564737626, "gnorm": 0.888, "tok_per_s": 164443.0, "load": 85.7080078125}
{"event": "step", "step": 127400, "loss": 4.3979, "lr": 0.0010553632966198402, "gnorm": 1.285, "tok_per_s": 159769.2, "load": 87.0126953125}
{"event": "step", "step": 127500, "loss": 4.433, "lr": 0.001053374838683858, "gnorm": 0.96, "tok_per_s": 158942.8, "load": 85.97021484375}
{"event": "step", "step": 127600, "loss": 4.3437, "lr": 0.001051387988022609, "gnorm": 0.882, "tok_per_s": 147284.6, "load": 85.65185546875}
{"event": "step", "step": 127700, "loss": 4.222, "lr": 0.0010494027499885585, "gnorm": 1.074, "tok_per_s": 136343.2, "load": 85.76025390625}
{"event": "step", "step": 127800, "loss": 4.4543, "lr": 0.0010474191299298266, "gnorm": 0.882, "tok_per_s": 139777.3, "load": 85.458984375}
{"event": "step", "step": 127900, "loss": 4.3039, "lr": 0.0010454371331901737, "gnorm": 1.052, "tok_per_s": 142458.2, "load": 84.54541015625}
{"event": "step", "step": 128000, "loss": 4.1922, "lr": 0.0010434567651089886, "gnorm": 0.852, "tok_per_s": 146298.9, "load": 84.822265625}
{"event": "step", "step": 128100, "loss": 4.3081, "lr": 0.0010414780310212715, "gnorm": 0.943, "tok_per_s": 159860.6, "load": 82.75439453125}
{"event": "step", "step": 128200, "loss": 4.3881, "lr": 0.0010395009362576216, "gnorm": 1.198, "tok_per_s": 161199.2, "load": 83.1748046875}
{"event": "step", "step": 128300, "loss": 4.4719, "lr": 0.0010375254861442204, "gnorm": 1.022, "tok_per_s": 166545.7, "load": 82.27978515625}
{"event": "step", "step": 128400, "loss": 4.2645, "lr": 0.001035551686002821, "gnorm": 0.841, "tok_per_s": 166745.6, "load": 83.21875}
{"event": "step", "step": 128500, "loss": 4.2018, "lr": 0.0010335795411507288, "gnorm": 0.875, "tok_per_s": 166596.4, "load": 83.92236328125}
{"event": "step", "step": 128600, "loss": 4.0126, "lr": 0.001031609056900793, "gnorm": 0.899, "tok_per_s": 153951.8, "load": 82.88720703125}
{"event": "step", "step": 128700, "loss": 4.294, "lr": 0.0010296402385613862, "gnorm": 0.877, "tok_per_s": 146874.9, "load": 82.33544921875}
{"event": "step", "step": 128800, "loss": 4.2227, "lr": 0.001027673091436396, "gnorm": 0.81, "tok_per_s": 147990.2, "load": 83.189453125}
{"event": "step", "step": 128900, "loss": 4.2623, "lr": 0.0010257076208252055, "gnorm": 0.983, "tok_per_s": 139041.7, "load": 84.29541015625}
{"event": "step", "step": 129000, "loss": 4.1572, "lr": 0.0010237438320226833, "gnorm": 0.998, "tok_per_s": 138376.3, "load": 85.31298828125}
{"event": "step", "step": 129100, "loss": 4.2652, "lr": 0.001021781730319165, "gnorm": 1.076, "tok_per_s": 137688.8, "load": 86.5498046875}
{"event": "step", "step": 129200, "loss": 4.302, "lr": 0.0010198213210004439, "gnorm": 1.171, "tok_per_s": 135536.7, "load": 85.22412109375}
{"event": "step", "step": 129300, "loss": 4.3298, "lr": 0.0010178626093477515, "gnorm": 0.73, "tok_per_s": 144440.7, "load": 84.3251953125}
{"event": "step", "step": 129400, "loss": 4.2787, "lr": 0.0010159056006377484, "gnorm": 0.863, "tok_per_s": 144501.6, "load": 83.818359375}
{"event": "step", "step": 129500, "loss": 4.3245, "lr": 0.0010139503001425055, "gnorm": 0.838, "tok_per_s": 146535.0, "load": 84.3935546875}
{"event": "step", "step": 129600, "loss": 4.4265, "lr": 0.0010119967131294934, "gnorm": 0.868, "tok_per_s": 149399.6, "load": 84.7626953125}
{"event": "step", "step": 129700, "loss": 4.4239, "lr": 0.001010044844861565, "gnorm": 1.112, "tok_per_s": 141114.6, "load": 86.54345703125}
{"event": "step", "step": 129800, "loss": 4.2853, "lr": 0.0010080947005969452, "gnorm": 1.192, "tok_per_s": 143378.6, "load": 85.54345703125}
{"event": "step", "step": 129900, "loss": 4.2424, "lr": 0.001006146285589212, "gnorm": 0.872, "tok_per_s": 152407.4, "load": 83.49755859375}
{"event": "step", "step": 130000, "loss": 4.4372, "lr": 0.0010041996050872872, "gnorm": 1.138, "tok_per_s": 151440.4, "load": 82.65673828125}
{"event": "step", "step": 130100, "loss": 4.3926, "lr": 0.0010022546643354189, "gnorm": 0.963, "tok_per_s": 116963.7, "load": 84.1259765625}
{"event": "step", "step": 130200, "loss": 4.2432, "lr": 0.0010003114685731677, "gnorm": 0.83, "tok_per_s": 150916.5, "load": 85.3974609375}
{"event": "step", "step": 130300, "loss": 4.1547, "lr": 0.0009983700230353951, "gnorm": 0.879, "tok_per_s": 152784.6, "load": 86.56689453125}
{"event": "step", "step": 130400, "loss": 4.2075, "lr": 0.0009964303329522454, "gnorm": 0.832, "tok_per_s": 153054.1, "load": 85.880859375}
{"event": "step", "step": 130500, "loss": 4.2883, "lr": 0.0009944924035491358, "gnorm": 0.767, "tok_per_s": 151584.7, "load": 85.08935546875}
{"event": "step", "step": 130600, "loss": 4.295, "lr": 0.0009925562400467387, "gnorm": 0.907, "tok_per_s": 144726.0, "load": 84.88037109375}
{"event": "step", "step": 130700, "loss": 4.3276, "lr": 0.0009906218476609708, "gnorm": 0.81, "tok_per_s": 140012.2, "load": 86.33154296875}
{"event": "step", "step": 130800, "loss": 4.2384, "lr": 0.0009886892316029758, "gnorm": 0.785, "tok_per_s": 141488.3, "load": 88.22705078125}
{"event": "step", "step": 130900, "loss": 4.3411, "lr": 0.0009867583970791143, "gnorm": 0.832, "tok_per_s": 157392.6, "load": 89.25}
{"event": "step", "step": 131000, "loss": 4.1911, "lr": 0.0009848293492909451, "gnorm": 1.563, "tok_per_s": 138668.6, "load": 89.55029296875}
{"event": "step", "step": 131100, "loss": 4.2622, "lr": 0.0009829020934352156, "gnorm": 0.771, "tok_per_s": 137911.0, "load": 89.10546875}
{"event": "step", "step": 131200, "loss": 4.2656, "lr": 0.000980976634703844, "gnorm": 1.126, "tok_per_s": 135481.4, "load": 87.8955078125}
{"event": "step", "step": 131300, "loss": 4.2972, "lr": 0.0009790529782839092, "gnorm": 1.262, "tok_per_s": 150720.4, "load": 89.46875}
{"event": "step", "step": 131400, "loss": 4.3725, "lr": 0.000977131129357633, "gnorm": 0.956, "tok_per_s": 165782.3, "load": 92.234375}
{"event": "step", "step": 131500, "loss": 4.2991, "lr": 0.0009752110931023696, "gnorm": 0.835, "tok_per_s": 163553.6, "load": 90.29345703125}
{"event": "step", "step": 131600, "loss": 4.2284, "lr": 0.0009732928746905876, "gnorm": 0.849, "tok_per_s": 166445.6, "load": 90.59033203125}
{"event": "step", "step": 131700, "loss": 4.4648, "lr": 0.0009713764792898614, "gnorm": 1.243, "tok_per_s": 165846.0, "load": 89.982421875}
{"event": "step", "step": 131800, "loss": 4.354, "lr": 0.0009694619120628515, "gnorm": 0.816, "tok_per_s": 165699.4, "load": 88.7021484375}
{"event": "step", "step": 131900, "loss": 4.4249, "lr": 0.0009675491781672955, "gnorm": 0.98, "tok_per_s": 161132.4, "load": 85.5224609375}
{"event": "step", "step": 132000, "loss": 4.1358, "lr": 0.0009656382827559908, "gnorm": 1.343, "tok_per_s": 152477.1, "load": 85.88134765625}
{"event": "step", "step": 132100, "loss": 4.4005, "lr": 0.0009637292309767829, "gnorm": 1.074, "tok_per_s": 152314.5, "load": 86.93212890625}
{"event": "step", "step": 132200, "loss": 4.3711, "lr": 0.0009618220279725497, "gnorm": 0.944, "tok_per_s": 153009.7, "load": 86.45703125}
{"event": "step", "step": 132300, "loss": 4.2546, "lr": 0.0009599166788811895, "gnorm": 0.857, "tok_per_s": 153037.0, "load": 87.6220703125}
{"event": "step", "step": 132400, "loss": 4.3154, "lr": 0.0009580131888356064, "gnorm": 0.792, "tok_per_s": 152747.6, "load": 87.25146484375}
{"event": "step", "step": 132500, "loss": 4.2243, "lr": 0.0009561115629636948, "gnorm": 0.71, "tok_per_s": 145287.5, "load": 86.59033203125}
{"event": "step", "step": 132600, "loss": 4.3539, "lr": 0.0009542118063883295, "gnorm": 1.051, "tok_per_s": 151274.3, "load": 86.3828125}
{"event": "step", "step": 132700, "loss": 4.2242, "lr": 0.0009523139242273469, "gnorm": 1.036, "tok_per_s": 142519.0, "load": 85.71142578125}
{"event": "step", "step": 132800, "loss": 4.2742, "lr": 0.0009504179215935358, "gnorm": 0.807, "tok_per_s": 149996.3, "load": 85.4140625}
{"event": "step", "step": 132900, "loss": 4.4117, "lr": 0.0009485238035946209, "gnorm": 1.012, "tok_per_s": 152477.1, "load": 84.33984375}
{"event": "step", "step": 133000, "loss": 4.3826, "lr": 0.0009466315753332501, "gnorm": 0.944, "tok_per_s": 140184.5, "load": 86.35400390625}
{"event": "step", "step": 133100, "loss": 4.2668, "lr": 0.0009447412419069797, "gnorm": 0.993, "tok_per_s": 140390.5, "load": 87.44677734375}
{"event": "step", "step": 133200, "loss": 4.339, "lr": 0.0009428528084082627, "gnorm": 1.056, "tok_per_s": 146356.2, "load": 86.44970703125}
{"event": "step", "step": 133300, "loss": 4.2171, "lr": 0.0009409662799244322, "gnorm": 0.862, "tok_per_s": 155172.4, "load": 86.01318359375}
{"event": "step", "step": 133400, "loss": 4.2595, "lr": 0.0009390816615376908, "gnorm": 0.815, "tok_per_s": 143165.0, "load": 85.53125}
{"event": "step", "step": 133500, "loss": 4.3016, "lr": 0.0009371989583250949, "gnorm": 0.871, "tok_per_s": 154093.8, "load": 84.84765625}
{"event": "step", "step": 133600, "loss": 4.1562, "lr": 0.0009353181753585405, "gnorm": 1.26, "tok_per_s": 153744.5, "load": 83.818359375}
{"event": "step", "step": 133700, "loss": 4.1249, "lr": 0.0009334393177047528, "gnorm": 0.905, "tok_per_s": 165157.5, "load": 83.11181640625}
{"event": "step", "step": 133800, "loss": 4.4611, "lr": 0.0009315623904252675, "gnorm": 1.184, "tok_per_s": 140654.6, "load": 82.3017578125}
{"event": "step", "step": 133900, "loss": 4.4334, "lr": 0.000929687398576423, "gnorm": 0.902, "tok_per_s": 167073.0, "load": 82.75830078125}
{"event": "step", "step": 134000, "loss": 4.3102, "lr": 0.0009278143472093407, "gnorm": 1.249, "tok_per_s": 164500.6, "load": 82.056640625}
{"event": "step", "step": 134100, "loss": 4.1639, "lr": 0.0009259432413699174, "gnorm": 0.835, "tok_per_s": 144248.5, "load": 83.01318359375}
{"event": "step", "step": 134200, "loss": 4.1478, "lr": 0.0009240740860988059, "gnorm": 1.12, "tok_per_s": 154108.2, "load": 81.95703125}
{"event": "step", "step": 134300, "loss": 4.2661, "lr": 0.0009222068864314065, "gnorm": 1.064, "tok_per_s": 157609.1, "load": 79.63818359375}
{"event": "step", "step": 134400, "loss": 4.3878, "lr": 0.0009203416473978508, "gnorm": 1.212, "tok_per_s": 142126.3, "load": 79.74755859375}
{"event": "step", "step": 134500, "loss": 4.2642, "lr": 0.0009184783740229871, "gnorm": 1.029, "tok_per_s": 156569.8, "load": 78.7265625}
{"event": "step", "step": 134600, "loss": 4.0776, "lr": 0.0009166170713263708, "gnorm": 0.918, "tok_per_s": 165038.2, "load": 80.10986328125}
{"event": "step", "step": 134700, "loss": 4.2336, "lr": 0.0009147577443222455, "gnorm": 0.895, "tok_per_s": 162855.6, "load": 80.42138671875}
{"event": "step", "step": 134800, "loss": 4.2956, "lr": 0.0009129003980195351, "gnorm": 0.825, "tok_per_s": 158188.1, "load": 81.9091796875}
{"event": "step", "step": 134900, "loss": 4.2898, "lr": 0.0009110450374218255, "gnorm": 0.836, "tok_per_s": 161496.9, "load": 82.31689453125}
{"event": "step", "step": 135000, "loss": 4.1466, "lr": 0.0009091916675273553, "gnorm": 1.004, "tok_per_s": 156710.4, "load": 82.6923828125}
{"event": "step", "step": 135100, "loss": 4.2671, "lr": 0.0009073402933289977, "gnorm": 0.856, "tok_per_s": 122249.8, "load": 80.875}
{"event": "step", "step": 135200, "loss": 4.399, "lr": 0.0009054909198142519, "gnorm": 0.851, "tok_per_s": 156385.7, "load": 82.08642578125}
{"event": "step", "step": 135300, "loss": 4.2218, "lr": 0.000903643551965226, "gnorm": 1.089, "tok_per_s": 151605.7, "load": 82.47998046875}
{"event": "step", "step": 135400, "loss": 4.1557, "lr": 0.0009017981947586256, "gnorm": 0.876, "tok_per_s": 158603.3, "load": 82.92236328125}
{"event": "step", "step": 135500, "loss": 4.2029, "lr": 0.0008999548531657398, "gnorm": 0.902, "tok_per_s": 155063.7, "load": 83.4892578125}
{"event": "step", "step": 135600, "loss": 4.2725, "lr": 0.000898113532152427, "gnorm": 0.915, "tok_per_s": 151862.5, "load": 84.4111328125}
{"event": "step", "step": 135700, "loss": 4.2246, "lr": 0.0008962742366791033, "gnorm": 0.909, "tok_per_s": 143661.7, "load": 84.8095703125}
{"event": "step", "step": 135800, "loss": 4.4987, "lr": 0.000894436971700727, "gnorm": 1.476, "tok_per_s": 155364.9, "load": 85.6259765625}
{"event": "step", "step": 135900, "loss": 4.3283, "lr": 0.0008926017421667878, "gnorm": 0.852, "tok_per_s": 149355.1, "load": 87.978515625}
{"event": "step", "step": 136000, "loss": 4.3698, "lr": 0.0008907685530212898, "gnorm": 0.989, "tok_per_s": 152498.0, "load": 87.89990234375}
{"event": "step", "step": 136100, "loss": 4.2962, "lr": 0.0008889374092027432, "gnorm": 1.14, "tok_per_s": 147008.2, "load": 89.029296875}
{"event": "step", "step": 136200, "loss": 4.2325, "lr": 0.0008871083156441459, "gnorm": 0.939, "tok_per_s": 151563.0, "load": 87.98583984375}
{"event": "step", "step": 136300, "loss": 4.5098, "lr": 0.0008852812772729742, "gnorm": 0.84, "tok_per_s": 154894.3, "load": 87.90673828125}
{"event": "step", "step": 136400, "loss": 4.3554, "lr": 0.000883456299011166, "gnorm": 1.159, "tok_per_s": 159890.2, "load": 88.39501953125}
{"event": "step", "step": 136500, "loss": 4.2614, "lr": 0.0008816333857751113, "gnorm": 0.852, "tok_per_s": 151731.1, "load": 88.76416015625}
{"event": "step", "step": 136600, "loss": 4.3466, "lr": 0.0008798125424756355, "gnorm": 0.832, "tok_per_s": 145140.0, "load": 89.18359375}
{"event": "step", "step": 136700, "loss": 4.2774, "lr": 0.0008779937740179882, "gnorm": 0.989, "tok_per_s": 161234.8, "load": 88.60791015625}
{"event": "step", "step": 136800, "loss": 4.1248, "lr": 0.0008761770853018311, "gnorm": 0.906, "tok_per_s": 157884.7, "load": 88.55908203125}
{"event": "step", "step": 136900, "loss": 4.1629, "lr": 0.00087436248122122, "gnorm": 0.831, "tok_per_s": 146869.2, "load": 89.2353515625}
{"event": "step", "step": 137000, "loss": 4.3037, "lr": 0.0008725499666645978, "gnorm": 1.109, "tok_per_s": 162637.4, "load": 88.49560546875}
{"event": "step", "step": 137100, "loss": 4.2746, "lr": 0.0008707395465147763, "gnorm": 0.929, "tok_per_s": 166801.5, "load": 87.81494140625}
{"event": "step", "step": 137200, "loss": 4.2235, "lr": 0.0008689312256489265, "gnorm": 0.911, "tok_per_s": 163069.1, "load": 85.98779296875}
{"event": "step", "step": 137300, "loss": 4.2562, "lr": 0.0008671250089385626, "gnorm": 0.937, "tok_per_s": 165897.6, "load": 85.66845703125}
{"event": "step", "step": 137400, "loss": 4.205, "lr": 0.0008653209012495324, "gnorm": 1.323, "tok_per_s": 165576.0, "load": 86.015625}
{"event": "step", "step": 137500, "loss": 4.3665, "lr": 0.0008635189074419992, "gnorm": 0.919, "tok_per_s": 160776.9, "load": 86.2548828125}
{"event": "step", "step": 137600, "loss": 4.2482, "lr": 0.000861719032370435, "gnorm": 1.043, "tok_per_s": 156761.3, "load": 86.22216796875}
{"event": "step", "step": 137700, "loss": 4.101, "lr": 0.000859921280883601, "gnorm": 0.903, "tok_per_s": 147495.6, "load": 85.4033203125}
{"event": "step", "step": 137800, "loss": 4.3015, "lr": 0.0008581256578245401, "gnorm": 0.85, "tok_per_s": 159941.6, "load": 86.65234375}
{"event": "step", "step": 137900, "loss": 4.3278, "lr": 0.0008563321680305588, "gnorm": 0.99, "tok_per_s": 166252.0, "load": 84.99853515625}
{"event": "step", "step": 138000, "loss": 4.2977, "lr": 0.0008545408163332191, "gnorm": 1.021, "tok_per_s": 154296.3, "load": 83.71728515625}
{"event": "step", "step": 138100, "loss": 4.4239, "lr": 0.0008527516075583215, "gnorm": 0.898, "tok_per_s": 151606.5, "load": 84.220703125}
{"event": "step", "step": 138200, "loss": 4.335, "lr": 0.0008509645465258947, "gnorm": 0.973, "tok_per_s": 153920.1, "load": 84.763671875}
{"event": "step", "step": 138300, "loss": 4.3233, "lr": 0.00084917963805018, "gnorm": 0.873, "tok_per_s": 166612.2, "load": 85.58349609375}
{"event": "step", "step": 138400, "loss": 4.2207, "lr": 0.0008473968869396218, "gnorm": 1.003, "tok_per_s": 166116.9, "load": 85.53662109375}
{"event": "step", "step": 138500, "loss": 4.2964, "lr": 0.0008456162979968506, "gnorm": 1.098, "tok_per_s": 159711.5, "load": 85.81396484375}
{"event": "step", "step": 138600, "loss": 4.2836, "lr": 0.0008438378760186743, "gnorm": 1.108, "tok_per_s": 147293.1, "load": 86.6298828125}
{"event": "step", "step": 138700, "loss": 4.3328, "lr": 0.0008420616257960609, "gnorm": 0.894, "tok_per_s": 155217.4, "load": 87.38037109375}
{"event": "step", "step": 138800, "loss": 4.2009, "lr": 0.00084028755211413, "gnorm": 0.902, "tok_per_s": 144786.1, "load": 86.94921875}
{"event": "step", "step": 138900, "loss": 4.2684, "lr": 0.0008385156597521355, "gnorm": 0.913, "tok_per_s": 152250.1, "load": 85.83203125}
{"event": "step", "step": 139000, "loss": 4.2391, "lr": 0.0008367459534834566, "gnorm": 0.761, "tok_per_s": 164637.3, "load": 86.0859375}
{"event": "step", "step": 139100, "loss": 4.2301, "lr": 0.0008349784380755834, "gnorm": 1.161, "tok_per_s": 164666.9, "load": 86.1591796875}
{"event": "step", "step": 139200, "loss": 4.259, "lr": 0.0008332131182901021, "gnorm": 1.157, "tok_per_s": 165497.9, "load": 85.34521484375}
{"event": "step", "step": 139300, "loss": 4.216, "lr": 0.0008314499988826863, "gnorm": 0.848, "tok_per_s": 162592.1, "load": 82.6748046875}
{"event": "step", "step": 139400, "loss": 4.2432, "lr": 0.0008296890846030798, "gnorm": 1.217, "tok_per_s": 148986.2, "load": 83.662109375}
{"event": "step", "step": 139500, "loss": 4.2785, "lr": 0.0008279303801950884, "gnorm": 0.905, "tok_per_s": 143947.2, "load": 85.2109375}
{"event": "step", "step": 139600, "loss": 4.3573, "lr": 0.0008261738903965616, "gnorm": 1.261, "tok_per_s": 154770.6, "load": 85.19384765625}
{"event": "step", "step": 139700, "loss": 4.3017, "lr": 0.0008244196199393856, "gnorm": 0.916, "tok_per_s": 161989.9, "load": 83.41650390625}
{"event": "step", "step": 139800, "loss": 4.1256, "lr": 0.0008226675735494656, "gnorm": 1.115, "tok_per_s": 164869.2, "load": 84.10400390625}
{"event": "step", "step": 139900, "loss": 4.2788, "lr": 0.0008209177559467178, "gnorm": 1.258, "tok_per_s": 166009.2, "load": 82.09326171875}
{"event": "step", "step": 140000, "loss": 4.2904, "lr": 0.000819170171845051, "gnorm": 1.567, "tok_per_s": 151887.2, "load": 80.87451171875}
{"event": "eval_quick", "step": 140000, "bpb": 1.3930256417193068, "nats_per_token": 4.200140042127114, "tokens": 16379, "bytes": 71247}
{"event": "step", "step": 140100, "loss": 4.4165, "lr": 0.0008174248259523601, "gnorm": 0.969, "tok_per_s": 121151.9, "load": 81.60546875}
{"event": "step", "step": 140200, "loss": 4.3127, "lr": 0.0008156817229705083, "gnorm": 1.006, "tok_per_s": 158854.3, "load": 82.51806640625}
{"event": "step", "step": 140300, "loss": 4.2933, "lr": 0.0008139408675953179, "gnorm": 1.048, "tok_per_s": 165126.4, "load": 81.1953125}
{"event": "step", "step": 140400, "loss": 4.419, "lr": 0.0008122022645165553, "gnorm": 1.169, "tok_per_s": 157856.4, "load": 81.66015625}
{"event": "step", "step": 140500, "loss": 4.1757, "lr": 0.0008104659184179199, "gnorm": 1.022, "tok_per_s": 140773.0, "load": 81.12646484375}
{"event": "step", "step": 140600, "loss": 4.2472, "lr": 0.0008087318339770304, "gnorm": 1.127, "tok_per_s": 139598.1, "load": 80.7958984375}
{"event": "step", "step": 140700, "loss": 4.2634, "lr": 0.0008070000158654137, "gnorm": 0.955, "tok_per_s": 163737.1, "load": 80.09130859375}
{"event": "step", "step": 140800, "loss": 4.3133, "lr": 0.0008052704687484898, "gnorm": 1.028, "tok_per_s": 152587.6, "load": 81.28564453125}
{"event": "step", "step": 140900, "loss": 4.1899, "lr": 0.0008035431972855627, "gnorm": 0.94, "tok_per_s": 152104.3, "load": 81.34326171875}
{"event": "step", "step": 141000, "loss": 4.0952, "lr": 0.0008018182061298037, "gnorm": 1.129, "tok_per_s": 156066.1, "load": 81.95654296875}
{"event": "step", "step": 141100, "loss": 4.0864, "lr": 0.0008000954999282436, "gnorm": 0.89, "tok_per_s": 150207.5, "load": 82.76708984375}
{"event": "step", "step": 141200, "loss": 4.4726, "lr": 0.000798375083321755, "gnorm": 0.977, "tok_per_s": 153508.6, "load": 82.38525390625}
{"event": "step", "step": 141300, "loss": 4.3171, "lr": 0.0007966569609450445, "gnorm": 0.875, "tok_per_s": 154536.2, "load": 82.7548828125}
{"event": "step", "step": 141400, "loss": 4.1303, "lr": 0.0007949411374266378, "gnorm": 0.929, "tok_per_s": 147060.9, "load": 83.57568359375}
{"event": "step", "step": 141500, "loss": 4.2203, "lr": 0.0007932276173888663, "gnorm": 0.974, "tok_per_s": 147582.7, "load": 83.529296875}
{"event": "step", "step": 141600, "loss": 4.1979, "lr": 0.0007915164054478579, "gnorm": 1.005, "tok_per_s": 159081.2, "load": 81.64501953125}
{"event": "step", "step": 141700, "loss": 4.3596, "lr": 0.0007898075062135211, "gnorm": 1.163, "tok_per_s": 161944.4, "load": 81.35302734375}
{"event": "step", "step": 141800, "loss": 4.2497, "lr": 0.0007881009242895347, "gnorm": 1.113, "tok_per_s": 163899.8, "load": 81.16455078125}
{"event": "step", "step": 141900, "loss": 4.5754, "lr": 0.0007863966642733344, "gnorm": 0.887, "tok_per_s": 165094.2, "load": 81.79248046875}
{"event": "step", "step": 142000, "loss": 4.2592, "lr": 0.0007846947307561018, "gnorm": 0.927, "tok_per_s": 166009.3, "load": 80.28759765625}
{"event": "step", "step": 142100, "loss": 4.3007, "lr": 0.0007829951283227498, "gnorm": 1.087, "tok_per_s": 157901.6, "load": 81.3857421875}
{"event": "step", "step": 142200, "loss": 4.2092, "lr": 0.0007812978615519123, "gnorm": 0.952, "tok_per_s": 147121.3, "load": 84.55810546875}
{"event": "step", "step": 142300, "loss": 4.1126, "lr": 0.0007796029350159307, "gnorm": 1.175, "tok_per_s": 137109.0, "load": 84.51318359375}
{"event": "step", "step": 142400, "loss": 4.2124, "lr": 0.0007779103532808426, "gnorm": 1.046, "tok_per_s": 147000.9, "load": 84.4716796875}
{"event": "step", "step": 142500, "loss": 4.1367, "lr": 0.0007762201209063672, "gnorm": 0.837, "tok_per_s": 153762.5, "load": 83.6328125}
{"event": "step", "step": 142600, "loss": 4.3362, "lr": 0.000774532242445897, "gnorm": 1.273, "tok_per_s": 157477.6, "load": 83.93310546875}
{"event": "step", "step": 142700, "loss": 4.1782, "lr": 0.0007728467224464809, "gnorm": 1.045, "tok_per_s": 158438.6, "load": 85.3798828125}
{"event": "step", "step": 142800, "loss": 4.2665, "lr": 0.0007711635654488163, "gnorm": 0.94, "tok_per_s": 164460.7, "load": 85.4296875}
{"event": "step", "step": 142900, "loss": 4.1797, "lr": 0.0007694827759872325, "gnorm": 0.906, "tok_per_s": 166719.9, "load": 86.3564453125}
{"event": "step", "step": 143000, "loss": 4.2125, "lr": 0.0007678043585896832, "gnorm": 0.986, "tok_per_s": 157032.2, "load": 85.68701171875}
{"event": "step", "step": 143100, "loss": 4.2853, "lr": 0.0007661283177777303, "gnorm": 0.878, "tok_per_s": 164766.3, "load": 86.43310546875}
{"event": "step", "step": 143200, "loss": 4.5437, "lr": 0.0007644546580665339, "gnorm": 1.361, "tok_per_s": 156739.1, "load": 86.39794921875}
{"event": "step", "step": 143300, "loss": 4.3136, "lr": 0.0007627833839648391, "gnorm": 1.176, "tok_per_s": 158859.5, "load": 85.24462890625}
{"event": "step", "step": 143400, "loss": 4.2824, "lr": 0.0007611144999749652, "gnorm": 1.03, "tok_per_s": 149742.7, "load": 86.34619140625}
{"event": "step", "step": 143500, "loss": 4.104, "lr": 0.0007594480105927913, "gnorm": 1.188, "tok_per_s": 139380.2, "load": 87.60009765625}
{"event": "step", "step": 143600, "loss": 4.2252, "lr": 0.0007577839203077469, "gnorm": 1.105, "tok_per_s": 145452.6, "load": 87.3916015625}
{"event": "step", "step": 143700, "loss": 4.4171, "lr": 0.0007561222336027985, "gnorm": 0.989, "tok_per_s": 136388.5, "load": 87.9208984375}
{"event": "step", "step": 143800, "loss": 4.2607, "lr": 0.0007544629549544355, "gnorm": 1.229, "tok_per_s": 146759.5, "load": 87.6865234375}
{"event": "step", "step": 143900, "loss": 4.2664, "lr": 0.0007528060888326631, "gnorm": 0.954, "tok_per_s": 155674.8, "load": 87.7919921875}
{"event": "step", "step": 144000, "loss": 4.2851, "lr": 0.0007511516397009842, "gnorm": 0.991, "tok_per_s": 149130.0, "load": 88.52978515625}
{"event": "step", "step": 144100, "loss": 4.2937, "lr": 0.0007494996120163934, "gnorm": 1.092, "tok_per_s": 140141.0, "load": 89.94775390625}
{"event": "step", "step": 144200, "loss": 4.2266, "lr": 0.0007478500102293598, "gnorm": 0.957, "tok_per_s": 150076.7, "load": 88.51025390625}
{"event": "step", "step": 144300, "loss": 4.3385, "lr": 0.0007462028387838186, "gnorm": 1.018, "tok_per_s": 141593.4, "load": 86.94775390625}
{"event": "step", "step": 144400, "loss": 4.1592, "lr": 0.0007445581021171566, "gnorm": 1.015, "tok_per_s": 135458.0, "load": 86.39111328125}
{"event": "step", "step": 144500, "loss": 4.2822, "lr": 0.0007429158046602033, "gnorm": 0.917, "tok_per_s": 150481.0, "load": 87.48095703125}
{"event": "step", "step": 144600, "loss": 4.2782, "lr": 0.0007412759508372147, "gnorm": 0.995, "tok_per_s": 141166.0, "load": 87.4423828125}
{"event": "step", "step": 144700, "loss": 4.2759, "lr": 0.0007396385450658661, "gnorm": 1.242, "tok_per_s": 137172.2, "load": 86.60498046875}
{"event": "step", "step": 144800, "loss": 4.2814, "lr": 0.0007380035917572361, "gnorm": 1.004, "tok_per_s": 136497.9, "load": 84.87451171875}
{"event": "step", "step": 144900, "loss": 4.1091, "lr": 0.0007363710953157979, "gnorm": 0.876, "tok_per_s": 149665.5, "load": 84.40380859375}
{"event": "step", "step": 145000, "loss": 4.3824, "lr": 0.0007347410601394047, "gnorm": 1.02, "tok_per_s": 152525.5, "load": 84.61181640625}
{"event": "step", "step": 145100, "loss": 4.4297, "lr": 0.0007331134906192806, "gnorm": 1.582, "tok_per_s": 119109.3, "load": 85.28369140625}
{"event": "step", "step": 145200, "loss": 4.4063, "lr": 0.0007314883911400059, "gnorm": 3.745, "tok_per_s": 162638.9, "load": 86.06201171875}
{"event": "step", "step": 145300, "loss": 4.1819, "lr": 0.0007298657660795083, "gnorm": 1.122, "tok_per_s": 157964.4, "load": 86.21728515625}
{"event": "step", "step": 145400, "loss": 4.2742, "lr": 0.0007282456198090478, "gnorm": 0.892, "tok_per_s": 162022.5, "load": 84.99853515625}
{"event": "step", "step": 145500, "loss": 4.3366, "lr": 0.0007266279566932086, "gnorm": 1.287, "tok_per_s": 162192.4, "load": 85.4794921875}
{"event": "step", "step": 145600, "loss": 4.449, "lr": 0.0007250127810898834, "gnorm": 1.019, "tok_per_s": 159334.4, "load": 82.55810546875}
{"event": "step", "step": 145700, "loss": 4.0956, "lr": 0.0007234000973502659, "gnorm": 1.29, "tok_per_s": 164039.3, "load": 83.314453125}
{"event": "step", "step": 145800, "loss": 4.5002, "lr": 0.0007217899098188343, "gnorm": 1.145, "tok_per_s": 149947.2, "load": 82.408203125}
{"event": "step", "step": 145900, "loss": 4.2255, "lr": 0.0007201822228333444, "gnorm": 1.051, "tok_per_s": 148624.4, "load": 81.97021484375}
{"event": "step", "step": 146000, "loss": 4.3158, "lr": 0.0007185770407248153, "gnorm": 1.128, "tok_per_s": 166144.0, "load": 82.29296875}
{"event": "step", "step": 146100, "loss": 4.2583, "lr": 0.0007169743678175164, "gnorm": 1.03, "tok_per_s": 164378.9, "load": 82.02880859375}
{"event": "step", "step": 146200, "loss": 4.5238, "lr": 0.0007153742084289597, "gnorm": 1.539, "tok_per_s": 160980.4, "load": 82.98779296875}
{"event": "step", "step": 146300, "loss": 4.4926, "lr": 0.000713776566869884, "gnorm": 1.073, "tok_per_s": 163547.0, "load": 82.34814453125}
{"event": "step", "step": 146400, "loss": 4.2004, "lr": 0.0007121814474442468, "gnorm": 1.115, "tok_per_s": 164467.8, "load": 80.31787109375}
{"event": "step", "step": 146500, "loss": 4.21, "lr": 0.0007105888544492098, "gnorm": 1.03, "tok_per_s": 164353.2, "load": 80.85302734375}
{"event": "step", "step": 146600, "loss": 4.1598, "lr": 0.0007089987921751299, "gnorm": 1.224, "tok_per_s": 159666.3, "load": 81.90625}
{"event": "step", "step": 146700, "loss": 4.1738, "lr": 0.000707411264905545, "gnorm": 1.022, "tok_per_s": 150621.0, "load": 81.67333984375}
{"event": "step", "step": 146800, "loss": 4.1819, "lr": 0.0007058262769171653, "gnorm": 1.07, "tok_per_s": 163135.0, "load": 81.298828125}
{"event": "step", "step": 146900, "loss": 4.3484, "lr": 0.0007042438324798587, "gnorm": 1.29, "tok_per_s": 151209.3, "load": 80.1533203125}
{"event": "step", "step": 147000, "loss": 4.2351, "lr": 0.0007026639358566429, "gnorm": 1.265, "tok_per_s": 150858.5, "load": 80.38134765625}
{"event": "step", "step": 147100, "loss": 4.2975, "lr": 0.0007010865913036695, "gnorm": 0.995, "tok_per_s": 155308.5, "load": 81.47216796875}
{"event": "step", "step": 147200, "loss": 4.0939, "lr": 0.0006995118030702176, "gnorm": 1.321, "tok_per_s": 144633.9, "load": 83.5166015625}
{"event": "step", "step": 147300, "loss": 4.1134, "lr": 0.0006979395753986772, "gnorm": 1.018, "tok_per_s": 153312.0, "load": 88.6806640625}
{"event": "step", "step": 147400, "loss": 4.2687, "lr": 0.0006963699125245428, "gnorm": 0.986, "tok_per_s": 164793.5, "load": 88.5458984375}
{"event": "step", "step": 147500, "loss": 4.2514, "lr": 0.0006948028186763969, "gnorm": 1.008, "tok_per_s": 151233.3, "load": 88.90283203125}
{"event": "step", "step": 147600, "loss": 4.2728, "lr": 0.0006932382980759035, "gnorm": 0.904, "tok_per_s": 150695.0, "load": 88.509765625}
{"event": "step", "step": 147700, "loss": 4.3337, "lr": 0.0006916763549377925, "gnorm": 1.182, "tok_per_s": 150036.7, "load": 88.228515625}
{"event": "step", "step": 147800, "loss": 4.2797, "lr": 0.0006901169934698518, "gnorm": 1.035, "tok_per_s": 166566.6, "load": 84.8466796875}
{"event": "step", "step": 147900, "loss": 4.2588, "lr": 0.0006885602178729133, "gnorm": 1.026, "tok_per_s": 142935.5, "load": 83.81787109375}
{"event": "step", "step": 148000, "loss": 4.2039, "lr": 0.0006870060323408437, "gnorm": 0.916, "tok_per_s": 162968.3, "load": 83.560546875}
{"event": "step", "step": 148100, "loss": 4.2675, "lr": 0.0006854544410605313, "gnorm": 1.115, "tok_per_s": 166346.2, "load": 83.560546875}
{"event": "step", "step": 148200, "loss": 4.3758, "lr": 0.0006839054482118758, "gnorm": 1.216, "tok_per_s": 166243.1, "load": 82.875}
{"event": "step", "step": 148300, "loss": 4.2995, "lr": 0.0006823590579677779, "gnorm": 1.045, "tok_per_s": 166250.2, "load": 81.5234375}
{"event": "step", "step": 148400, "loss": 4.156, "lr": 0.0006808152744941253, "gnorm": 1.09, "tok_per_s": 164045.0, "load": 81.0810546875}
{"event": "step", "step": 148500, "loss": 4.1882, "lr": 0.000679274101949785, "gnorm": 0.864, "tok_per_s": 164923.0, "load": 79.552734375}
{"event": "step", "step": 148600, "loss": 4.1754, "lr": 0.0006777355444865886, "gnorm": 0.954, "tok_per_s": 139537.4, "load": 79.10302734375}
{"event": "step", "step": 148700, "loss": 4.2137, "lr": 0.0006761996062493242, "gnorm": 1.267, "tok_per_s": 140705.1, "load": 78.1337890625}
{"event": "step", "step": 148800, "loss": 4.3303, "lr": 0.0006746662913757228, "gnorm": 1.192, "tok_per_s": 141128.5, "load": 77.8828125}
{"event": "step", "step": 148900, "loss": 4.2625, "lr": 0.0006731356039964496, "gnorm": 0.985, "tok_per_s": 141911.1, "load": 76.93115234375}
{"event": "step", "step": 149000, "loss": 4.3605, "lr": 0.0006716075482350893, "gnorm": 1.03, "tok_per_s": 140949.4, "load": 76.7763671875}
{"event": "step", "step": 149100, "loss": 4.3906, "lr": 0.0006700821282081392, "gnorm": 0.992, "tok_per_s": 140663.0, "load": 76.87451171875}
{"event": "step", "step": 149200, "loss": 4.2668, "lr": 0.0006685593480249958, "gnorm": 1.047, "tok_per_s": 141040.1, "load": 78.29052734375}
{"event": "step", "step": 149300, "loss": 4.434, "lr": 0.0006670392117879425, "gnorm": 1.204, "tok_per_s": 140295.1, "load": 80.26953125}
{"event": "step", "step": 149400, "loss": 4.2361, "lr": 0.000665521723592142, "gnorm": 0.968, "tok_per_s": 140984.0, "load": 80.08740234375}
{"event": "step", "step": 149500, "loss": 4.4218, "lr": 0.0006640068875256217, "gnorm": 1.105, "tok_per_s": 136975.5, "load": 81.52197265625}
{"event": "step", "step": 149600, "loss": 4.265, "lr": 0.0006624947076692657, "gnorm": 1.0, "tok_per_s": 141166.1, "load": 81.39990234375}
{"event": "step", "step": 149700, "loss": 4.0586, "lr": 0.000660985188096801, "gnorm": 1.221, "tok_per_s": 137438.5, "load": 82.4091796875}
{"event": "step", "step": 149800, "loss": 4.105, "lr": 0.0006594783328747895, "gnorm": 0.997, "tok_per_s": 140910.8, "load": 82.03173828125}
{"event": "step", "step": 149900, "loss": 4.3252, "lr": 0.0006579741460626139, "gnorm": 1.087, "tok_per_s": 139434.6, "load": 83.310546875}
{"event": "step", "step": 150000, "loss": 4.2005, "lr": 0.0006564726317124697, "gnorm": 0.969, "tok_per_s": 141137.4, "load": 82.72509765625}
{"event": "step", "step": 150100, "loss": 4.0928, "lr": 0.0006549737938693521, "gnorm": 1.017, "tok_per_s": 121226.8, "load": 83.78857421875}
{"event": "step", "step": 150200, "loss": 4.2825, "lr": 0.0006534776365710462, "gnorm": 0.899, "tok_per_s": 153208.1, "load": 85.1669921875}
{"event": "step", "step": 150300, "loss": 4.2274, "lr": 0.0006519841638481163, "gnorm": 1.0, "tok_per_s": 153273.1, "load": 85.79443359375}
{"event": "step", "step": 150400, "loss": 4.1335, "lr": 0.0006504933797238934, "gnorm": 1.142, "tok_per_s": 152938.1, "load": 86.32861328125}
{"event": "step", "step": 150500, "loss": 4.2537, "lr": 0.0006490052882144673, "gnorm": 1.463, "tok_per_s": 152828.8, "load": 87.744140625}
{"event": "step", "step": 150600, "loss": 4.2536, "lr": 0.0006475198933286723, "gnorm": 1.085, "tok_per_s": 153329.2, "load": 85.76220703125}
{"event": "step", "step": 150700, "loss": 4.1738, "lr": 0.0006460371990680796, "gnorm": 1.027, "tok_per_s": 152794.6, "load": 84.17919921875}
{"event": "step", "step": 150800, "loss": 4.1386, "lr": 0.0006445572094269835, "gnorm": 1.125, "tok_per_s": 152578.8, "load": 84.08447265625}
{"event": "step", "step": 150900, "loss": 4.2774, "lr": 0.0006430799283923943, "gnorm": 1.01, "tok_per_s": 152395.5, "load": 85.759765625}
{"event": "step", "step": 151000, "loss": 4.421, "lr": 0.0006416053599440231, "gnorm": 1.228, "tok_per_s": 150196.8, "load": 83.85693359375}
{"event": "step", "step": 151100, "loss": 4.1996, "lr": 0.0006401335080542753, "gnorm": 1.035, "tok_per_s": 157716.0, "load": 83.6279296875}
{"event": "step", "step": 151200, "loss": 4.3842, "lr": 0.0006386643766882375, "gnorm": 1.43, "tok_per_s": 145153.0, "load": 83.978515625}
{"event": "step", "step": 151300, "loss": 4.2749, "lr": 0.0006371979698036668, "gnorm": 1.094, "tok_per_s": 144589.8, "load": 83.73974609375}
{"event": "step", "step": 151400, "loss": 4.2942, "lr": 0.0006357342913509815, "gnorm": 0.942, "tok_per_s": 159543.0, "load": 85.1220703125}
{"event": "step", "step": 151500, "loss": 4.2198, "lr": 0.0006342733452732488, "gnorm": 1.073, "tok_per_s": 157417.7, "load": 85.03173828125}
{"event": "step", "step": 151600, "loss": 4.1933, "lr": 0.0006328151355061762, "gnorm": 1.074, "tok_per_s": 150808.7, "load": 84.70849609375}
{"event": "step", "step": 151700, "loss": 4.2279, "lr": 0.0006313596659780981, "gnorm": 1.133, "tok_per_s": 152103.1, "load": 85.21240234375}
{"event": "step", "step": 151800, "loss": 4.4706, "lr": 0.0006299069406099692, "gnorm": 1.417, "tok_per_s": 155602.9, "load": 87.69775390625}
{"event": "step", "step": 151900, "loss": 4.2568, "lr": 0.0006284569633153487, "gnorm": 0.982, "tok_per_s": 149051.6, "load": 86.7607421875}
{"event": "step", "step": 152000, "loss": 4.3947, "lr": 0.0006270097380003953, "gnorm": 1.057, "tok_per_s": 148758.7, "load": 86.7802734375}
{"event": "step", "step": 152100, "loss": 4.4842, "lr": 0.000625565268563852, "gnorm": 1.066, "tok_per_s": 140470.7, "load": 86.87841796875}
{"event": "step", "step": 152200, "loss": 4.3648, "lr": 0.000624123558897039, "gnorm": 0.952, "tok_per_s": 139421.2, "load": 86.3271484375}
{"event": "step", "step": 152300, "loss": 4.2121, "lr": 0.000622684612883841, "gnorm": 1.089, "tok_per_s": 151033.0, "load": 87.58251953125}
{"event": "step", "step": 152400, "loss": 4.1651, "lr": 0.0006212484344006984, "gnorm": 1.398, "tok_per_s": 163567.2, "load": 86.57470703125}
{"event": "step", "step": 152500, "loss": 4.1689, "lr": 0.0006198150273165946, "gnorm": 1.184, "tok_per_s": 154723.7, "load": 85.9677734375}
{"event": "step", "step": 152600, "loss": 4.4188, "lr": 0.0006183843954930487, "gnorm": 1.175, "tok_per_s": 163811.4, "load": 87.01171875}
{"event": "step", "step": 152700, "loss": 4.2681, "lr": 0.0006169565427841027, "gnorm": 1.197, "tok_per_s": 154296.2, "load": 86.6103515625}
{"event": "step", "step": 152800, "loss": 4.1888, "lr": 0.000615531473036311, "gnorm": 1.048, "tok_per_s": 141886.0, "load": 86.9619140625}
{"event": "step", "step": 152900, "loss": 4.2781, "lr": 0.0006141091900887325, "gnorm": 1.041, "tok_per_s": 155160.0, "load": 89.28759765625}
{"event": "step", "step": 153000, "loss": 4.2557, "lr": 0.0006126896977729168, "gnorm": 1.21, "tok_per_s": 138320.3, "load": 87.94921875}
{"event": "step", "step": 153100, "loss": 4.2832, "lr": 0.0006112729999128974, "gnorm": 1.734, "tok_per_s": 145551.6, "load": 84.58984375}
{"event": "step", "step": 153200, "loss": 4.4116, "lr": 0.0006098591003251784, "gnorm": 1.045, "tok_per_s": 161135.1, "load": 85.583984375}
{"event": "step", "step": 153300, "loss": 4.3208, "lr": 0.0006084480028187264, "gnorm": 0.987, "tok_per_s": 157600.3, "load": 86.97900390625}
{"event": "step", "step": 153400, "loss": 4.1797, "lr": 0.0006070397111949585, "gnorm": 1.239, "tok_per_s": 162721.1, "load": 86.98095703125}
{"event": "step", "step": 153500, "loss": 4.2349, "lr": 0.0006056342292477339, "gnorm": 1.028, "tok_per_s": 152362.3, "load": 86.1015625}
{"event": "step", "step": 153600, "loss": 4.008, "lr": 0.0006042315607633417, "gnorm": 1.068, "tok_per_s": 161314.7, "load": 85.21240234375}
{"event": "step", "step": 153700, "loss": 4.2822, "lr": 0.0006028317095204926, "gnorm": 1.031, "tok_per_s": 147447.8, "load": 85.67626953125}
{"event": "step", "step": 153800, "loss": 4.0916, "lr": 0.0006014346792903068, "gnorm": 0.929, "tok_per_s": 144194.2, "load": 86.26318359375}
{"event": "step", "step": 153900, "loss": 4.4, "lr": 0.000600040473836306, "gnorm": 1.477, "tok_per_s": 155267.2, "load": 86.24169921875}
{"event": "step", "step": 154000, "loss": 4.2556, "lr": 0.000598649096914401, "gnorm": 1.371, "tok_per_s": 161593.2, "load": 85.74169921875}
{"event": "step", "step": 154100, "loss": 4.2851, "lr": 0.0005972605522728838, "gnorm": 1.019, "tok_per_s": 165045.3, "load": 85.8427734375}
{"event": "step", "step": 154200, "loss": 4.1551, "lr": 0.0005958748436524153, "gnorm": 1.197, "tok_per_s": 163125.5, "load": 84.01318359375}
{"event": "step", "step": 154300, "loss": 4.1746, "lr": 0.0005944919747860171, "gnorm": 1.343, "tok_per_s": 155120.7, "load": 84.17236328125}
{"event": "step", "step": 154400, "loss": 4.1538, "lr": 0.0005931119493990601, "gnorm": 1.072, "tok_per_s": 158591.3, "load": 83.1171875}
{"event": "step", "step": 154500, "loss": 4.2703, "lr": 0.000591734771209256, "gnorm": 1.29, "tok_per_s": 163068.5, "load": 82.2265625}
{"event": "step", "step": 154600, "loss": 4.1976, "lr": 0.0005903604439266446, "gnorm": 1.065, "tok_per_s": 160976.9, "load": 81.0068359375}
{"event": "step", "step": 154700, "loss": 4.3492, "lr": 0.0005889889712535875, "gnorm": 1.214, "tok_per_s": 161671.9, "load": 79.00390625}
{"event": "step", "step": 154800, "loss": 4.4374, "lr": 0.0005876203568847545, "gnorm": 1.093, "tok_per_s": 155229.3, "load": 79.564453125}
{"event": "step", "step": 154900, "loss": 4.1822, "lr": 0.0005862546045071163, "gnorm": 1.098, "tok_per_s": 152697.8, "load": 78.73779296875}
{"event": "step", "step": 155000, "loss": 4.0897, "lr": 0.0005848917177999336, "gnorm": 1.121, "tok_per_s": 158152.5, "load": 79.80029296875}
{"event": "step", "step": 155100, "loss": 4.1464, "lr": 0.0005835317004347459, "gnorm": 1.053, "tok_per_s": 112293.7, "load": 80.216796875}
{"event": "step", "step": 155200, "loss": 4.2393, "lr": 0.0005821745560753648, "gnorm": 1.192, "tok_per_s": 157269.6, "load": 82.28173828125}
{"event": "step", "step": 155300, "loss": 4.271, "lr": 0.00058082028837786, "gnorm": 1.517, "tok_per_s": 165481.4, "load": 83.38037109375}
{"event": "step", "step": 155400, "loss": 4.2198, "lr": 0.0005794689009905536, "gnorm": 1.007, "tok_per_s": 161080.3, "load": 83.109375}
{"event": "step", "step": 155500, "loss": 4.2038, "lr": 0.000578120397554007, "gnorm": 1.261, "tok_per_s": 155936.5, "load": 83.66162109375}
{"event": "step", "step": 155600, "loss": 4.3124, "lr": 0.000576774781701013, "gnorm": 1.305, "tok_per_s": 147878.4, "load": 84.08935546875}
{"event": "step", "step": 155700, "loss": 4.2659, "lr": 0.0005754320570565852, "gnorm": 1.003, "tok_per_s": 142626.9, "load": 82.400390625}
{"event": "step", "step": 155800, "loss": 4.2978, "lr": 0.0005740922272379487, "gnorm": 1.09, "tok_per_s": 146495.9, "load": 82.3681640625}
{"event": "step", "step": 155900, "loss": 4.2332, "lr": 0.0005727552958545297, "gnorm": 1.553, "tok_per_s": 150928.9, "load": 82.4658203125}
{"event": "step", "step": 156000, "loss": 4.2026, "lr": 0.0005714212665079467, "gnorm": 1.141, "tok_per_s": 143151.1, "load": 81.86767578125}
{"event": "step", "step": 156100, "loss": 4.3121, "lr": 0.0005700901427919991, "gnorm": 1.095, "tok_per_s": 166725.0, "load": 82.51904296875}
{"event": "step", "step": 156200, "loss": 4.2426, "lr": 0.0005687619282926608, "gnorm": 1.038, "tok_per_s": 159554.6, "load": 82.6376953125}
{"event": "step", "step": 156300, "loss": 4.2735, "lr": 0.0005674366265880662, "gnorm": 0.987, "tok_per_s": 140542.8, "load": 82.42626953125}
{"event": "step", "step": 156400, "loss": 4.333, "lr": 0.0005661142412485046, "gnorm": 0.993, "tok_per_s": 144383.6, "load": 81.35107421875}
{"event": "step", "step": 156500, "loss": 4.4071, "lr": 0.000564794775836407, "gnorm": 1.295, "tok_per_s": 137649.6, "load": 82.0439453125}
{"event": "step", "step": 156600, "loss": 4.2717, "lr": 0.0005634782339063402, "gnorm": 1.17, "tok_per_s": 142075.0, "load": 82.92138671875}
{"event": "step", "step": 156700, "loss": 4.3047, "lr": 0.0005621646190049937, "gnorm": 1.112, "tok_per_s": 155493.1, "load": 81.40576171875}
{"event": "step", "step": 156800, "loss": 4.2154, "lr": 0.0005608539346711729, "gnorm": 1.137, "tok_per_s": 140238.3, "load": 81.3017578125}
{"event": "step", "step": 156900, "loss": 4.2579, "lr": 0.0005595461844357871, "gnorm": 1.189, "tok_per_s": 134434.4, "load": 82.23876953125}
{"event": "step", "step": 157000, "loss": 4.2573, "lr": 0.0005582413718218431, "gnorm": 1.253, "tok_per_s": 134864.8, "load": 82.7001953125}
{"event": "step", "step": 157100, "loss": 4.123, "lr": 0.0005569395003444321, "gnorm": 1.273, "tok_per_s": 142032.9, "load": 83.28515625}
{"event": "step", "step": 157200, "loss": 4.3399, "lr": 0.0005556405735107233, "gnorm": 1.107, "tok_per_s": 147658.2, "load": 83.9033203125}
{"event": "step", "step": 157300, "loss": 4.1076, "lr": 0.0005543445948199531, "gnorm": 1.105, "tok_per_s": 151160.2, "load": 83.51025390625}
{"event": "step", "step": 157400, "loss": 4.4939, "lr": 0.0005530515677634144, "gnorm": 1.054, "tok_per_s": 144818.4, "load": 83.7900390625}
{"event": "step", "step": 157500, "loss": 4.3334, "lr": 0.000551761495824451, "gnorm": 1.255, "tok_per_s": 138924.1, "load": 85.3857421875}
{"event": "step", "step": 157600, "loss": 4.2387, "lr": 0.0005504743824784428, "gnorm": 1.198, "tok_per_s": 147736.8, "load": 84.1533203125}
{"event": "step", "step": 157700, "loss": 4.1616, "lr": 0.0005491902311928025, "gnorm": 1.047, "tok_per_s": 140602.4, "load": 84.46142578125}
{"event": "step", "step": 157800, "loss": 4.1806, "lr": 0.0005479090454269603, "gnorm": 1.318, "tok_per_s": 137148.4, "load": 84.5849609375}
{"event": "step", "step": 157900, "loss": 4.496, "lr": 0.00054663082863236, "gnorm": 1.151, "tok_per_s": 146126.8, "load": 83.2568359375}
{"event": "step", "step": 158000, "loss": 4.2429, "lr": 0.000545355584252445, "gnorm": 1.134, "tok_per_s": 146462.5, "load": 82.67529296875}
{"event": "step", "step": 158100, "loss": 4.1978, "lr": 0.000544083315722653, "gnorm": 1.517, "tok_per_s": 143618.0, "load": 84.06298828125}
{"event": "step", "step": 158200, "loss": 4.2388, "lr": 0.0005428140264704035, "gnorm": 1.185, "tok_per_s": 141601.4, "load": 84.28125}
{"event": "step", "step": 158300, "loss": 4.3581, "lr": 0.0005415477199150912, "gnorm": 1.029, "tok_per_s": 151410.3, "load": 84.9794921875}
{"event": "step", "step": 158400, "loss": 4.3911, "lr": 0.0005402843994680739, "gnorm": 1.107, "tok_per_s": 165935.5, "load": 86.1025390625}
{"event": "step", "step": 158500, "loss": 4.28, "lr": 0.0005390240685326671, "gnorm": 1.281, "tok_per_s": 151651.6, "load": 87.0556640625}
{"event": "step", "step": 158600, "loss": 4.2208, "lr": 0.000537766730504131, "gnorm": 1.119, "tok_per_s": 151863.9, "load": 86.73046875}
{"event": "step", "step": 158700, "loss": 4.1065, "lr": 0.0005365123887696645, "gnorm": 0.996, "tok_per_s": 163283.8, "load": 85.791015625}
{"event": "step", "step": 158800, "loss": 4.3034, "lr": 0.000535261046708393, "gnorm": 1.043, "tok_per_s": 145408.6, "load": 84.4462890625}
{"event": "step", "step": 158900, "loss": 4.1214, "lr": 0.0005340127076913627, "gnorm": 1.123, "tok_per_s": 142520.2, "load": 84.73095703125}
{"event": "step", "step": 159000, "loss": 4.3427, "lr": 0.000532767375081528, "gnorm": 1.036, "tok_per_s": 154863.5, "load": 86.3544921875}
{"event": "step", "step": 159100, "loss": 4.4033, "lr": 0.0005315250522337461, "gnorm": 1.121, "tok_per_s": 151843.2, "load": 86.486328125}
{"event": "step", "step": 159200, "loss": 4.1473, "lr": 0.0005302857424947643, "gnorm": 1.128, "tok_per_s": 150668.9, "load": 85.806640625}
{"event": "step", "step": 159300, "loss": 4.3425, "lr": 0.0005290494492032142, "gnorm": 1.108, "tok_per_s": 153440.0, "load": 87.0234375}
{"event": "step", "step": 159400, "loss": 4.306, "lr": 0.0005278161756896, "gnorm": 1.18, "tok_per_s": 136152.1, "load": 88.41064453125}
{"event": "step", "step": 159500, "loss": 4.2088, "lr": 0.0005265859252762918, "gnorm": 1.245, "tok_per_s": 149480.8, "load": 87.33642578125}
{"event": "step", "step": 159600, "loss": 4.4495, "lr": 0.0005253587012775154, "gnorm": 1.448, "tok_per_s": 162493.6, "load": 85.46728515625}
{"event": "step", "step": 159700, "loss": 4.2036, "lr": 0.0005241345069993429, "gnorm": 0.995, "tok_per_s": 153496.9, "load": 84.388671875}
{"event": "step", "step": 159800, "loss": 4.1553, "lr": 0.0005229133457396855, "gnorm": 1.096, "tok_per_s": 138858.8, "load": 85.71923828125}
{"event": "step", "step": 159900, "loss": 4.3293, "lr": 0.0005216952207882829, "gnorm": 1.063, "tok_per_s": 146485.8, "load": 84.30029296875}
{"event": "step", "step": 160000, "loss": 4.3002, "lr": 0.0005204801354266958, "gnorm": 1.091, "tok_per_s": 141066.8, "load": 86.9990234375}
{"event": "eval_quick", "step": 160000, "bpb": 1.3862944424404877, "nats_per_token": 4.179844665806826, "tokens": 16379, "bytes": 71247}
{"event": "step", "step": 160100, "loss": 4.4386, "lr": 0.0005192680929282955, "gnorm": 1.548, "tok_per_s": 120557.0, "load": 86.505859375}
{"event": "step", "step": 160200, "loss": 4.105, "lr": 0.0005180590965582572, "gnorm": 1.089, "tok_per_s": 165107.4, "load": 86.46533203125}
{"event": "step", "step": 160300, "loss": 4.2825, "lr": 0.0005168531495735485, "gnorm": 1.295, "tok_per_s": 165965.8, "load": 87.78955078125}
{"event": "step", "step": 160400, "loss": 4.3187, "lr": 0.0005156502552229237, "gnorm": 1.134, "tok_per_s": 166271.2, "load": 86.60498046875}
{"event": "step", "step": 160500, "loss": 4.1759, "lr": 0.0005144504167469123, "gnorm": 1.103, "tok_per_s": 160747.0, "load": 87.1171875}
{"event": "step", "step": 160600, "loss": 4.0605, "lr": 0.0005132536373778122, "gnorm": 1.051, "tok_per_s": 150897.0, "load": 88.94970703125}
{"event": "step", "step": 160700, "loss": 4.234, "lr": 0.0005120599203396795, "gnorm": 1.022, "tok_per_s": 154139.6, "load": 88.23291015625}
{"event": "step", "step": 160800, "loss": 4.401, "lr": 0.0005108692688483215, "gnorm": 1.124, "tok_per_s": 159792.5, "load": 87.6533203125}
{"event": "step", "step": 160900, "loss": 4.3965, "lr": 0.000509681686111286, "gnorm": 1.174, "tok_per_s": 152765.6, "load": 87.3603515625}
{"event": "step", "step": 161000, "loss": 4.2281, "lr": 0.000508497175327855, "gnorm": 1.072, "tok_per_s": 144610.3, "load": 88.05224609375}
{"event": "step", "step": 161100, "loss": 4.1821, "lr": 0.0005073157396890333, "gnorm": 1.127, "tok_per_s": 142134.4, "load": 88.0478515625}
{"event": "step", "step": 161200, "loss": 4.0566, "lr": 0.0005061373823775431, "gnorm": 1.214, "tok_per_s": 142930.6, "load": 87.9638671875}
{"event": "step", "step": 161300, "loss": 4.1348, "lr": 0.0005049621065678122, "gnorm": 0.983, "tok_per_s": 142750.5, "load": 87.40576171875}
{"event": "step", "step": 161400, "loss": 4.2455, "lr": 0.0005037899154259684, "gnorm": 1.348, "tok_per_s": 136663.2, "load": 88.78857421875}
{"event": "step", "step": 161500, "loss": 4.247, "lr": 0.0005026208121098283, "gnorm": 1.15, "tok_per_s": 141901.1, "load": 89.2060546875}
{"event": "step", "step": 161600, "loss": 4.2728, "lr": 0.0005014547997688914, "gnorm": 1.687, "tok_per_s": 138370.5, "load": 88.388671875}
{"event": "step", "step": 161700, "loss": 4.2892, "lr": 0.0005002918815443287, "gnorm": 1.055, "tok_per_s": 152848.8, "load": 87.876953125}
{"event": "step", "step": 161800, "loss": 4.2615, "lr": 0.0004991320605689771, "gnorm": 1.166, "tok_per_s": 150886.8, "load": 89.16845703125}
{"event": "step", "step": 161900, "loss": 4.3124, "lr": 0.0004979753399673298, "gnorm": 1.114, "tok_per_s": 152804.7, "load": 88.99462890625}
{"event": "step", "step": 162000, "loss": 4.1559, "lr": 0.0004968217228555265, "gnorm": 1.254, "tok_per_s": 166233.5, "load": 90.5966796875}
{"event": "step", "step": 162100, "loss": 4.1293, "lr": 0.0004956712123413475, "gnorm": 1.09, "tok_per_s": 153153.4, "load": 89.748046875}
{"event": "step", "step": 162200, "loss": 4.1108, "lr": 0.0004945238115242031, "gnorm": 1.006, "tok_per_s": 152198.5, "load": 89.36767578125}
{"event": "step", "step": 162300, "loss": 4.3575, "lr": 0.0004933795234951273, "gnorm": 1.127, "tok_per_s": 152437.5, "load": 87.896484375}
{"event": "step", "step": 162400, "loss": 4.2925, "lr": 0.0004922383513367677, "gnorm": 1.26, "tok_per_s": 149401.6, "load": 88.06494140625}
{"event": "step", "step": 162500, "loss": 4.4396, "lr": 0.0004911002981233782, "gnorm": 1.095, "tok_per_s": 151501.2, "load": 86.7861328125}
{"event": "step", "step": 162600, "loss": 4.1562, "lr": 0.0004899653669208098, "gnorm": 1.473, "tok_per_s": 156039.2, "load": 87.2841796875}
{"event": "step", "step": 162700, "loss": 4.1986, "lr": 0.0004888335607865046, "gnorm": 1.111, "tok_per_s": 161080.7, "load": 86.46044921875}
{"event": "step", "step": 162800, "loss": 4.1535, "lr": 0.00048770488276948364, "gnorm": 1.246, "tok_per_s": 165218.1, "load": 86.50390625}
{"event": "step", "step": 162900, "loss": 4.0821, "lr": 0.0004865793359103434, "gnorm": 1.143, "tok_per_s": 165582.8, "load": 85.82275390625}
{"event": "step", "step": 163000, "loss": 4.2815, "lr": 0.00048545692324124295, "gnorm": 1.277, "tok_per_s": 165452.8, "load": 87.19873046875}
{"event": "step", "step": 163100, "loss": 4.3279, "lr": 0.00048433764778590006, "gnorm": 1.036, "tok_per_s": 164877.3, "load": 87.26318359375}
{"event": "step", "step": 163200, "loss": 4.2014, "lr": 0.00048322151255957913, "gnorm": 1.065, "tok_per_s": 164922.2, "load": 87.322265625}
{"event": "step", "step": 163300, "loss": 4.2047, "lr": 0.00048210852056908667, "gnorm": 1.243, "tok_per_s": 163937.8, "load": 85.77490234375}
{"event": "step", "step": 163400, "loss": 4.3701, "lr": 0.00048099867481276004, "gnorm": 1.37, "tok_per_s": 164646.7, "load": 86.75390625}
{"event": "step", "step": 163500, "loss": 4.1325, "lr": 0.00047989197828046215, "gnorm": 1.402, "tok_per_s": 165276.4, "load": 87.09423828125}
{"event": "step", "step": 163600, "loss": 4.2782, "lr": 0.0004787884339535706, "gnorm": 1.138, "tok_per_s": 164209.7, "load": 87.6474609375}
{"event": "step", "step": 163700, "loss": 4.2464, "lr": 0.0004776880448049728, "gnorm": 1.265, "tok_per_s": 164604.0, "load": 89.037109375}
{"event": "step", "step": 163800, "loss": 4.4721, "lr": 0.0004765908137990547, "gnorm": 1.405, "tok_per_s": 164568.3, "load": 88.87353515625}
{"event": "step", "step": 163900, "loss": 4.3236, "lr": 0.00047549674389169586, "gnorm": 1.207, "tok_per_s": 163442.5, "load": 89.9248046875}
{"event": "step", "step": 164000, "loss": 4.2972, "lr": 0.0004744058380302584, "gnorm": 1.241, "tok_per_s": 164181.5, "load": 87.9287109375}
{"event": "step", "step": 164100, "loss": 4.1834, "lr": 0.000473318099153582, "gnorm": 1.197, "tok_per_s": 164540.2, "load": 87.05322265625}
{"event": "step", "step": 164200, "loss": 4.0962, "lr": 0.0004722335301919746, "gnorm": 1.08, "tok_per_s": 164637.2, "load": 87.28955078125}
{"event": "step", "step": 164300, "loss": 4.2939, "lr": 0.00047115213406720327, "gnorm": 1.163, "tok_per_s": 164658.7, "load": 87.5068359375}
{"event": "step", "step": 164400, "loss": 4.228, "lr": 0.0004700739136924894, "gnorm": 1.239, "tok_per_s": 154051.5, "load": 89.14794921875}
{"event": "step", "step": 164500, "loss": 4.3709, "lr": 0.00046899887197249766, "gnorm": 1.218, "tok_per_s": 149405.2, "load": 88.9755859375}
{"event": "step", "step": 164600, "loss": 4.3477, "lr": 0.0004679270118033306, "gnorm": 1.511, "tok_per_s": 144481.6, "load": 87.9365234375}
{"event": "step", "step": 164700, "loss": 4.021, "lr": 0.0004668583360725189, "gnorm": 1.514, "tok_per_s": 150568.2, "load": 87.701171875}
{"event": "step", "step": 164800, "loss": 4.1958, "lr": 0.0004657928476590157, "gnorm": 2.283, "tok_per_s": 148499.7, "load": 85.32275390625}
{"event": "step", "step": 164900, "loss": 4.2178, "lr": 0.00046473054943318645, "gnorm": 1.257, "tok_per_s": 138540.7, "load": 86.89892578125}
{"event": "step", "step": 165000, "loss": 4.2537, "lr": 0.0004636714442568031, "gnorm": 1.275, "tok_per_s": 142152.4, "load": 86.34619140625}
{"event": "step", "step": 165100, "loss": 4.1747, "lr": 0.00046261553498303616, "gnorm": 1.332, "tok_per_s": 109442.5, "load": 85.27099609375}
{"event": "step", "step": 165200, "loss": 4.2125, "lr": 0.00046156282445644533, "gnorm": 1.172, "tok_per_s": 149435.6, "load": 85.72998046875}
{"event": "step", "step": 165300, "loss": 4.1543, "lr": 0.0004605133155129744, "gnorm": 1.049, "tok_per_s": 165194.1, "load": 85.27099609375}
{"event": "step", "step": 165400, "loss": 4.2217, "lr": 0.0004594670109799409, "gnorm": 1.15, "tok_per_s": 166455.5, "load": 86.21044921875}
{"event": "step", "step": 165500, "loss": 4.2013, "lr": 0.0004584239136760314, "gnorm": 1.286, "tok_per_s": 166819.3, "load": 85.392578125}
{"event": "step", "step": 165600, "loss": 4.4909, "lr": 0.0004573840264112906, "gnorm": 1.423, "tok_per_s": 166847.1, "load": 86.162109375}
{"event": "step", "step": 165700, "loss": 4.297, "lr": 0.0004563473519871174, "gnorm": 1.329, "tok_per_s": 166422.5, "load": 83.82666015625}
{"event": "step", "step": 165800, "loss": 4.2022, "lr": 0.00045531389319625393, "gnorm": 1.178, "tok_per_s": 164988.2, "load": 83.43994140625}
{"event": "step", "step": 165900, "loss": 4.2065, "lr": 0.0004542836528227803, "gnorm": 1.198, "tok_per_s": 154210.3, "load": 84.28564453125}
{"event": "step", "step": 166000, "loss": 4.2288, "lr": 0.00045325663364210685, "gnorm": 1.482, "tok_per_s": 149683.4, "load": 84.1025390625}
{"event": "step", "step": 166100, "loss": 4.3032, "lr": 0.00045223283842096514, "gnorm": 1.325, "tok_per_s": 147073.2, "load": 84.2548828125}
{"event": "step", "step": 166200, "loss": 4.2888, "lr": 0.0004512122699174024, "gnorm": 1.141, "tok_per_s": 141079.9, "load": 83.833984375}
{"event": "step", "step": 166300, "loss": 4.2617, "lr": 0.0004501949308807727, "gnorm": 1.506, "tok_per_s": 136468.6, "load": 80.96435546875}
{"event": "step", "step": 166400, "loss": 4.3956, "lr": 0.0004491808240517305, "gnorm": 1.364, "tok_per_s": 150388.2, "load": 83.85546875}
{"event": "step", "step": 166500, "loss": 4.2986, "lr": 0.0004481699521622226, "gnorm": 1.303, "tok_per_s": 154596.9, "load": 83.06591796875}
{"event": "step", "step": 166600, "loss": 4.1648, "lr": 0.0004471623179354818, "gnorm": 1.087, "tok_per_s": 145065.5, "load": 80.978515625}
{"event": "step", "step": 166700, "loss": 4.2917, "lr": 0.000446157924086017, "gnorm": 1.12, "tok_per_s": 144513.0, "load": 79.77880859375}
{"event": "step", "step": 166800, "loss": 4.1163, "lr": 0.00044515677331961027, "gnorm": 1.053, "tok_per_s": 144224.6, "load": 80.837890625}
{"event": "step", "step": 166900, "loss": 4.0926, "lr": 0.00044415886833330467, "gnorm": 1.331, "tok_per_s": 146291.0, "load": 80.85107421875}
{"event": "step", "step": 167000, "loss": 4.4233, "lr": 0.00044316421181540074, "gnorm": 1.289, "tok_per_s": 140207.2, "load": 82.46484375}
{"event": "step", "step": 167100, "loss": 4.2355, "lr": 0.0004421728064454474, "gnorm": 1.153, "tok_per_s": 145438.2, "load": 81.78662109375}
{"event": "step", "step": 167200, "loss": 4.2847, "lr": 0.0004411846548942348, "gnorm": 1.949, "tok_per_s": 142583.7, "load": 84.06494140625}
{"event": "step", "step": 167300, "loss": 4.2398, "lr": 0.00044019975982378815, "gnorm": 1.286, "tok_per_s": 143703.6, "load": 84.14013671875}
{"event": "step", "step": 167400, "loss": 4.2028, "lr": 0.0004392181238873594, "gnorm": 1.311, "tok_per_s": 157594.4, "load": 82.767578125}
{"event": "step", "step": 167500, "loss": 4.3996, "lr": 0.0004382397497294208, "gnorm": 1.428, "tok_per_s": 160787.6, "load": 83.02685546875}
{"event": "step", "step": 167600, "loss": 4.1828, "lr": 0.0004372646399856572, "gnorm": 1.077, "tok_per_s": 163986.6, "load": 82.1435546875}
{"event": "step", "step": 167700, "loss": 4.2017, "lr": 0.0004362927972829602, "gnorm": 1.099, "tok_per_s": 167369.0, "load": 82.69287109375}
{"event": "step", "step": 167800, "loss": 4.2776, "lr": 0.00043532422423941876, "gnorm": 1.378, "tok_per_s": 149560.0, "load": 82.47705078125}
{"event": "step", "step": 167900, "loss": 4.1784, "lr": 0.0004343589234643152, "gnorm": 1.56, "tok_per_s": 138036.4, "load": 82.1982421875}
{"event": "step", "step": 168000, "loss": 4.28, "lr": 0.0004333968975581147, "gnorm": 1.146, "tok_per_s": 149540.6, "load": 82.10205078125}
{"event": "step", "step": 168100, "loss": 4.3085, "lr": 0.0004324381491124621, "gnorm": 1.173, "tok_per_s": 152850.0, "load": 83.29541015625}
{"event": "step", "step": 168200, "loss": 4.2098, "lr": 0.0004314826807101712, "gnorm": 1.519, "tok_per_s": 154966.8, "load": 83.83251953125}
{"event": "step", "step": 168300, "loss": 4.305, "lr": 0.0004305304949252209, "gnorm": 1.227, "tok_per_s": 153577.8, "load": 83.4453125}
{"event": "step", "step": 168400, "loss": 4.376, "lr": 0.00042958159432274586, "gnorm": 1.613, "tok_per_s": 149616.8, "load": 80.3662109375}
{"event": "step", "step": 168500, "loss": 4.3857, "lr": 0.00042863598145903114, "gnorm": 1.103, "tok_per_s": 147883.2, "load": 79.38671875}
{"event": "step", "step": 168600, "loss": 4.2063, "lr": 0.00042769365888150517, "gnorm": 1.534, "tok_per_s": 147131.8, "load": 79.51611328125}
{"event": "step", "step": 168700, "loss": 4.1899, "lr": 0.00042675462912873175, "gnorm": 1.147, "tok_per_s": 166095.3, "load": 80.59619140625}
{"event": "step", "step": 168800, "loss": 4.187, "lr": 0.00042581889473040463, "gnorm": 1.218, "tok_per_s": 164458.4, "load": 80.38818359375}
{"event": "step", "step": 168900, "loss": 4.2996, "lr": 0.0004248864582073396, "gnorm": 1.243, "tok_per_s": 160757.4, "load": 78.67529296875}
{"event": "step", "step": 169000, "loss": 4.1401, "lr": 0.00042395732207146865, "gnorm": 1.23, "tok_per_s": 145729.9, "load": 80.14306640625}
{"event": "step", "step": 169100, "loss": 4.2152, "lr": 0.0004230314888258321, "gnorm": 1.231, "tok_per_s": 139373.5, "load": 81.1728515625}
{"event": "step", "step": 169200, "loss": 4.2479, "lr": 0.0004221089609645732, "gnorm": 1.035, "tok_per_s": 145358.4, "load": 82.6806640625}
{"event": "step", "step": 169300, "loss": 4.2638, "lr": 0.00042118974097292964, "gnorm": 1.096, "tok_per_s": 155196.3, "load": 82.6259765625}
{"event": "step", "step": 169400, "loss": 4.219, "lr": 0.00042027383132722937, "gnorm": 1.207, "tok_per_s": 159229.0, "load": 84.818359375}
{"event": "step", "step": 169500, "loss": 4.2786, "lr": 0.000419361234494881, "gnorm": 1.494, "tok_per_s": 152526.5, "load": 83.15087890625}
{"event": "step", "step": 169600, "loss": 4.1374, "lr": 0.0004184519529343696, "gnorm": 1.171, "tok_per_s": 158790.7, "load": 82.177734375}
{"event": "step", "step": 169700, "loss": 4.2303, "lr": 0.0004175459890952483, "gnorm": 1.191, "tok_per_s": 166075.1, "load": 82.24365234375}
{"event": "step", "step": 169800, "loss": 4.2633, "lr": 0.0004166433454181336, "gnorm": 1.225, "tok_per_s": 166614.3, "load": 82.46484375}
{"event": "step", "step": 169900, "loss": 4.211, "lr": 0.000415744024334696, "gnorm": 1.293, "tok_per_s": 166839.4, "load": 81.62646484375}
{"event": "step", "step": 170000, "loss": 4.1444, "lr": 0.00041484802826765704, "gnorm": 1.106, "tok_per_s": 166340.4, "load": 80.6953125}
{"event": "step", "step": 170100, "loss": 4.1347, "lr": 0.00041395535963077907, "gnorm": 1.151, "tok_per_s": 121131.2, "load": 83.16064453125}
{"event": "step", "step": 170200, "loss": 4.3623, "lr": 0.00041306602082886193, "gnorm": 1.168, "tok_per_s": 162690.2, "load": 83.22802734375}
{"event": "step", "step": 170300, "loss": 4.276, "lr": 0.0004121800142577342, "gnorm": 1.245, "tok_per_s": 160832.4, "load": 83.5302734375}
{"event": "step", "step": 170400, "loss": 4.1494, "lr": 0.000411297342304248, "gnorm": 1.029, "tok_per_s": 163377.1, "load": 84.12890625}
{"event": "step", "step": 170500, "loss": 4.2152, "lr": 0.000410418007346272, "gnorm": 1.146, "tok_per_s": 159035.5, "load": 84.27880859375}
{"event": "step", "step": 170600, "loss": 4.3732, "lr": 0.0004095420117526855, "gnorm": 1.264, "tok_per_s": 162758.8, "load": 84.01611328125}
{"event": "step", "step": 170700, "loss": 4.2799, "lr": 0.00040866935788337106, "gnorm": 1.109, "tok_per_s": 152099.6, "load": 82.6533203125}
{"event": "step", "step": 170800, "loss": 4.2549, "lr": 0.0004078000480892097, "gnorm": 1.287, "tok_per_s": 148025.9, "load": 84.36279296875}
{"event": "step", "step": 170900, "loss": 4.3455, "lr": 0.00040693408471207326, "gnorm": 1.458, "tok_per_s": 166046.7, "load": 85.615234375}
{"event": "step", "step": 171000, "loss": 4.2042, "lr": 0.00040607147008481833, "gnorm": 1.339, "tok_per_s": 166389.0, "load": 83.48388671875}
{"event": "step", "step": 171100, "loss": 4.2615, "lr": 0.0004052122065312806, "gnorm": 1.427, "tok_per_s": 157940.1, "load": 82.08349609375}
{"event": "step", "step": 171200, "loss": 4.316, "lr": 0.0004043562963662674, "gnorm": 1.527, "tok_per_s": 147384.2, "load": 81.99658203125}
{"event": "step", "step": 171300, "loss": 4.3624, "lr": 0.00040350374189555334, "gnorm": 1.469, "tok_per_s": 148565.4, "load": 82.4775390625}
{"event": "step", "step": 171400, "loss": 4.208, "lr": 0.00040265454541587193, "gnorm": 1.201, "tok_per_s": 153751.4, "load": 83.0}
{"event": "step", "step": 171500, "loss": 4.1684, "lr": 0.0004018087092149112, "gnorm": 1.298, "tok_per_s": 140236.5, "load": 80.998046875}
{"event": "step", "step": 171600, "loss": 4.2475, "lr": 0.0004009662355713061, "gnorm": 1.349, "tok_per_s": 136926.9, "load": 79.236328125}
{"event": "step", "step": 171700, "loss": 4.1881, "lr": 0.0004001271267546338, "gnorm": 1.2, "tok_per_s": 147773.6, "load": 81.86865234375}
{"event": "step", "step": 171800, "loss": 4.2319, "lr": 0.0003992913850254058, "gnorm": 1.406, "tok_per_s": 155003.2, "load": 80.517578125}
{"event": "step", "step": 171900, "loss": 4.2967, "lr": 0.00039845901263506426, "gnorm": 1.246, "tok_per_s": 132762.9, "load": 82.23828125}
{"event": "step", "step": 172000, "loss": 4.1777, "lr": 0.0003976300118259731, "gnorm": 1.179, "tok_per_s": 139413.0, "load": 82.61962890625}
{"event": "step", "step": 172100, "loss": 4.2574, "lr": 0.00039680438483141424, "gnorm": 1.206, "tok_per_s": 142332.8, "load": 83.451171875}
{"event": "step", "step": 172200, "loss": 4.2477, "lr": 0.00039598213387558056, "gnorm": 1.461, "tok_per_s": 143114.1, "load": 81.8935546875}
{"event": "step", "step": 172300, "loss": 4.3108, "lr": 0.00039516326117356994, "gnorm": 1.386, "tok_per_s": 148053.9, "load": 83.103515625}
{"event": "step", "step": 172400, "loss": 4.1244, "lr": 0.0003943477689313796, "gnorm": 1.141, "tok_per_s": 148258.2, "load": 85.19921875}
{"event": "step", "step": 172500, "loss": 4.2773, "lr": 0.0003935356593459, "gnorm": 1.646, "tok_per_s": 161926.3, "load": 85.583984375}
{"event": "step", "step": 172600, "loss": 3.9325, "lr": 0.0003927269346049084, "gnorm": 1.167, "tok_per_s": 162282.6, "load": 85.45703125}
{"event": "step", "step": 172700, "loss": 4.1575, "lr": 0.00039192159688706467, "gnorm": 1.589, "tok_per_s": 163868.1, "load": 84.05908203125}
{"event": "step", "step": 172800, "loss": 4.3257, "lr": 0.00039111964836190273, "gnorm": 1.299, "tok_per_s": 166298.2, "load": 84.294921875}
{"event": "step", "step": 172900, "loss": 4.5124, "lr": 0.00039032109118982734, "gnorm": 1.365, "tok_per_s": 162861.3, "load": 84.27099609375}
{"event": "step", "step": 173000, "loss": 4.2285, "lr": 0.0003895259275221066, "gnorm": 1.088, "tok_per_s": 156703.6, "load": 84.72998046875}
{"event": "step", "step": 173100, "loss": 4.2552, "lr": 0.0003887341595008667, "gnorm": 1.201, "tok_per_s": 166052.2, "load": 85.232421875}
{"event": "step", "step": 173200, "loss": 4.3594, "lr": 0.0003879457892590869, "gnorm": 1.186, "tok_per_s": 148573.1, "load": 85.5341796875}
{"event": "step", "step": 173300, "loss": 4.1352, "lr": 0.00038716081892059193, "gnorm": 1.135, "tok_per_s": 138855.8, "load": 86.45263671875}
{"event": "step", "step": 173400, "loss": 4.2663, "lr": 0.00038637925060004794, "gnorm": 1.177, "tok_per_s": 138846.8, "load": 84.333984375}
{"event": "step", "step": 173500, "loss": 4.2467, "lr": 0.00038560108640295603, "gnorm": 1.422, "tok_per_s": 137643.8, "load": 84.5478515625}
{"event": "step", "step": 173600, "loss": 4.1775, "lr": 0.0003848263284256473, "gnorm": 1.174, "tok_per_s": 152783.2, "load": 83.54296875}
{"event": "step", "step": 173700, "loss": 4.3725, "lr": 0.000384054978755276, "gnorm": 1.234, "tok_per_s": 134611.6, "load": 84.86083984375}
{"event": "step", "step": 173800, "loss": 4.222, "lr": 0.0003832870394698151, "gnorm": 1.52, "tok_per_s": 136897.6, "load": 86.04150390625}
{"event": "step", "step": 173900, "loss": 4.2148, "lr": 0.0003825225126380496, "gnorm": 1.567, "tok_per_s": 142551.0, "load": 85.4775390625}
{"event": "step", "step": 174000, "loss": 4.1928, "lr": 0.00038176140031957257, "gnorm": 1.246, "tok_per_s": 141214.4, "load": 85.83984375}
{"event": "step", "step": 174100, "loss": 4.1517, "lr": 0.0003810037045647772, "gnorm": 1.199, "tok_per_s": 147478.2, "load": 86.65380859375}
{"event": "step", "step": 174200, "loss": 4.2605, "lr": 0.000380249427414854, "gnorm": 1.467, "tok_per_s": 149415.0, "load": 85.96044921875}
{"event": "step", "step": 174300, "loss": 4.2109, "lr": 0.00037949857090178264, "gnorm": 1.234, "tok_per_s": 152815.0, "load": 86.1240234375}
{"event": "step", "step": 174400, "loss": 4.265, "lr": 0.00037875113704832926, "gnorm": 1.509, "tok_per_s": 156037.7, "load": 87.3154296875}
{"event": "step", "step": 174500, "loss": 4.137, "lr": 0.0003780071278680381, "gnorm": 1.134, "tok_per_s": 152349.5, "load": 87.37060546875}
{"event": "step", "step": 174600, "loss": 4.4827, "lr": 0.00037726654536522863, "gnorm": 1.279, "tok_per_s": 150090.1, "load": 87.3408203125}
{"event": "step", "step": 174700, "loss": 4.226, "lr": 0.00037652939153498825, "gnorm": 1.162, "tok_per_s": 142303.7, "load": 86.41748046875}
{"event": "step", "step": 174800, "loss": 4.4511, "lr": 0.00037579566836316836, "gnorm": 1.441, "tok_per_s": 156988.1, "load": 86.62451171875}
{"event": "step", "step": 174900, "loss": 4.3017, "lr": 0.0003750653778263777, "gnorm": 1.206, "tok_per_s": 164501.9, "load": 85.453125}
{"event": "step", "step": 175000, "loss": 4.3447, "lr": 0.0003743385218919782, "gnorm": 1.239, "tok_per_s": 149879.3, "load": 86.0576171875}
{"event": "step", "step": 175100, "loss": 4.3672, "lr": 0.00037361510251807903, "gnorm": 1.288, "tok_per_s": 118228.2, "load": 86.21337890625}
{"event": "step", "step": 175200, "loss": 4.4179, "lr": 0.00037289512165353153, "gnorm": 1.375, "tok_per_s": 146364.3, "load": 88.11865234375}
{"event": "step", "step": 175300, "loss": 4.1608, "lr": 0.00037217858123792354, "gnorm": 1.305, "tok_per_s": 145003.4, "load": 86.82763671875}
{"event": "step", "step": 175400, "loss": 4.1902, "lr": 0.00037146548320157486, "gnorm": 1.425, "tok_per_s": 147415.1, "load": 86.2998046875}
{"event": "step", "step": 175500, "loss": 4.2446, "lr": 0.00037075582946553175, "gnorm": 1.201, "tok_per_s": 164736.0, "load": 87.47705078125}
{"event": "step", "step": 175600, "loss": 4.1354, "lr": 0.00037004962194156136, "gnorm": 1.412, "tok_per_s": 162681.8, "load": 85.3564453125}
{"event": "step", "step": 175700, "loss": 4.2558, "lr": 0.00036934686253214743, "gnorm": 1.435, "tok_per_s": 163842.0, "load": 83.80615234375}
{"event": "step", "step": 175800, "loss": 4.4255, "lr": 0.0003686475531304841, "gnorm": 2.046, "tok_per_s": 166209.6, "load": 81.9794921875}
{"event": "step", "step": 175900, "loss": 4.2221, "lr": 0.000367951695620472, "gnorm": 2.358, "tok_per_s": 165444.8, "load": 81.9794921875}
{"event": "step", "step": 176000, "loss": 4.4483, "lr": 0.00036725929187671197, "gnorm": 1.408, "tok_per_s": 164253.3, "load": 79.41845703125}
{"event": "step", "step": 176100, "loss": 4.2925, "lr": 0.00036657034376450117, "gnorm": 1.316, "tok_per_s": 164467.6, "load": 79.94580078125}
{"event": "step", "step": 176200, "loss": 4.1061, "lr": 0.0003658848531398269, "gnorm": 1.268, "tok_per_s": 164689.7, "load": 80.0302734375}
{"event": "step", "step": 176300, "loss": 4.1597, "lr": 0.00036520282184936267, "gnorm": 1.15, "tok_per_s": 164248.3, "load": 81.3095703125}
{"event": "step", "step": 176400, "loss": 4.293, "lr": 0.0003645242517304623, "gnorm": 1.071, "tok_per_s": 149617.2, "load": 81.64013671875}
{"event": "step", "step": 176500, "loss": 4.2856, "lr": 0.00036384914461115597, "gnorm": 1.201, "tok_per_s": 146334.8, "load": 81.66943359375}
{"event": "step", "step": 176600, "loss": 4.1447, "lr": 0.000363177502310144, "gnorm": 1.287, "tok_per_s": 140208.7, "load": 82.1767578125}
{"event": "step", "step": 176700, "loss": 4.2753, "lr": 0.0003625093266367936, "gnorm": 1.405, "tok_per_s": 156644.2, "load": 81.92236328125}
{"event": "step", "step": 176800, "loss": 4.1984, "lr": 0.0003618446193911321, "gnorm": 1.143, "tok_per_s": 164385.3, "load": 82.1689453125}
{"event": "step", "step": 176900, "loss": 4.3274, "lr": 0.0003611833823638441, "gnorm": 1.274, "tok_per_s": 146557.6, "load": 83.11669921875}
{"event": "step", "step": 177000, "loss": 4.2703, "lr": 0.0003605256173362643, "gnorm": 1.404, "tok_per_s": 147948.3, "load": 81.02490234375}
{"event": "step", "step": 177100, "loss": 4.3175, "lr": 0.0003598713260803756, "gnorm": 1.397, "tok_per_s": 144906.1, "load": 82.22412109375}
{"event": "step", "step": 177200, "loss": 4.4297, "lr": 0.00035922051035880133, "gnorm": 1.484, "tok_per_s": 162698.4, "load": 82.60693359375}
{"event": "step", "step": 177300, "loss": 4.0906, "lr": 0.0003585731719248031, "gnorm": 1.628, "tok_per_s": 145131.9, "load": 81.43701171875}
{"event": "step", "step": 177400, "loss": 4.1847, "lr": 0.0003579293125222738, "gnorm": 1.449, "tok_per_s": 149938.2, "load": 81.5625}
{"event": "step", "step": 177500, "loss": 4.3617, "lr": 0.000357288933885735, "gnorm": 1.539, "tok_per_s": 144406.2, "load": 80.3837890625}
{"event": "step", "step": 177600, "loss": 4.323, "lr": 0.00035665203774033066, "gnorm": 1.323, "tok_per_s": 147901.1, "load": 81.07421875}
{"event": "step", "step": 177700, "loss": 4.3178, "lr": 0.00035601862580182317, "gnorm": 1.488, "tok_per_s": 159523.7, "load": 82.029296875}
{"event": "step", "step": 177800, "loss": 4.1923, "lr": 0.00035538869977658926, "gnorm": 1.471, "tok_per_s": 166317.0, "load": 81.38623046875}
{"event": "step", "step": 177900, "loss": 4.0597, "lr": 0.0003547622613616136, "gnorm": 1.327, "tok_per_s": 166113.8, "load": 81.515625}
{"event": "step", "step": 178000, "loss": 4.2558, "lr": 0.00035413931224448694, "gnorm": 1.865, "tok_per_s": 166796.2, "load": 79.55224609375}
{"event": "step", "step": 178100, "loss": 4.1328, "lr": 0.0003535198541033985, "gnorm": 1.477, "tok_per_s": 166447.0, "load": 82.47119140625}
{"event": "step", "step": 178200, "loss": 4.2616, "lr": 0.00035290388860713444, "gnorm": 1.611, "tok_per_s": 161846.8, "load": 82.673828125}
{"event": "step", "step": 178300, "loss": 4.3512, "lr": 0.00035229141741507095, "gnorm": 1.513, "tok_per_s": 141237.1, "load": 81.89892578125}
{"event": "step", "step": 178400, "loss": 4.1849, "lr": 0.0003516824421771712, "gnorm": 1.403, "tok_per_s": 139013.8, "load": 81.18603515625}
{"event": "step", "step": 178500, "loss": 4.301, "lr": 0.0003510769645339801, "gnorm": 1.617, "tok_per_s": 145338.3, "load": 82.53271484375}
{"event": "step", "step": 178600, "loss": 4.2735, "lr": 0.00035047498611662074, "gnorm": 1.238, "tok_per_s": 159580.3, "load": 81.68896484375}
{"event": "step", "step": 178700, "loss": 4.3349, "lr": 0.000349876508546789, "gnorm": 1.497, "tok_per_s": 156110.5, "load": 79.7919921875}
{"event": "step", "step": 178800, "loss": 4.1849, "lr": 0.00034928153343675024, "gnorm": 1.327, "tok_per_s": 149672.9, "load": 82.05126953125}
{"event": "step", "step": 178900, "loss": 4.3667, "lr": 0.00034869006238933363, "gnorm": 1.492, "tok_per_s": 155284.2, "load": 82.60791015625}
{"event": "step", "step": 179000, "loss": 4.1495, "lr": 0.00034810209699792926, "gnorm": 1.383, "tok_per_s": 158864.0, "load": 81.43798828125}
{"event": "step", "step": 179100, "loss": 4.1621, "lr": 0.00034751763884648286, "gnorm": 1.312, "tok_per_s": 145115.4, "load": 80.345703125}
{"event": "step", "step": 179200, "loss": 4.0862, "lr": 0.0003469366895094921, "gnorm": 1.3, "tok_per_s": 159822.1, "load": 80.3984375}
{"event": "step", "step": 179300, "loss": 4.2651, "lr": 0.0003463592505520016, "gnorm": 1.373, "tok_per_s": 165585.6, "load": 81.08740234375}
{"event": "step", "step": 179400, "loss": 4.4254, "lr": 0.0003457853235295998, "gnorm": 1.358, "tok_per_s": 166692.3, "load": 81.96142578125}
{"event": "step", "step": 179500, "loss": 4.0888, "lr": 0.00034521490998841377, "gnorm": 1.287, "tok_per_s": 166378.2, "load": 82.4453125}
{"event": "step", "step": 179600, "loss": 4.2648, "lr": 0.0003446480114651057, "gnorm": 1.333, "tok_per_s": 165582.6, "load": 83.77099609375}
{"event": "step", "step": 179700, "loss": 4.1984, "lr": 0.0003440846294868684, "gnorm": 1.194, "tok_per_s": 157651.3, "load": 84.59033203125}
{"event": "step", "step": 179800, "loss": 4.1768, "lr": 0.0003435247655714212, "gnorm": 1.48, "tok_per_s": 157467.9, "load": 84.78369140625}
{"event": "step", "step": 179900, "loss": 4.3333, "lr": 0.00034296842122700626, "gnorm": 1.509, "tok_per_s": 162990.4, "load": 83.6796875}
{"event": "step", "step": 180000, "loss": 4.2103, "lr": 0.000342415597952384, "gnorm": 1.399, "tok_per_s": 146539.9, "load": 84.58642578125}
{"event": "eval_quick", "step": 180000, "bpb": 1.3960605702746245, "nats_per_token": 4.209290717153062, "tokens": 16379, "bytes": 71247}
{"event": "step", "step": 180100, "loss": 4.1902, "lr": 0.00034186629723682947, "gnorm": 1.217, "tok_per_s": 122118.7, "load": 86.70166015625}
{"event": "step", "step": 180200, "loss": 4.245, "lr": 0.00034132052056012776, "gnorm": 1.476, "tok_per_s": 165071.7, "load": 87.6064453125}
{"event": "step", "step": 180300, "loss": 4.1635, "lr": 0.00034077826939257094, "gnorm": 1.293, "tok_per_s": 166706.3, "load": 84.7548828125}
{"event": "step", "step": 180400, "loss": 4.3201, "lr": 0.00034023954519495276, "gnorm": 1.329, "tok_per_s": 155105.6, "load": 84.6142578125}
{"event": "step", "step": 180500, "loss": 4.0964, "lr": 0.00033970434941856664, "gnorm": 1.385, "tok_per_s": 145811.4, "load": 84.8857421875}
{"event": "step", "step": 180600, "loss": 4.2912, "lr": 0.0003391726835051993, "gnorm": 1.373, "tok_per_s": 162471.2, "load": 84.494140625}
{"event": "step", "step": 180700, "loss": 4.1396, "lr": 0.00033864454888712936, "gnorm": 1.186, "tok_per_s": 164369.1, "load": 84.4541015625}
{"event": "step", "step": 180800, "loss": 4.3397, "lr": 0.000338119946987122, "gnorm": 1.277, "tok_per_s": 164533.3, "load": 83.45654296875}
{"event": "step", "step": 180900, "loss": 4.1538, "lr": 0.0003375988792184249, "gnorm": 1.349, "tok_per_s": 164234.0, "load": 84.14111328125}
{"event": "step", "step": 181000, "loss": 4.245, "lr": 0.00033708134698476566, "gnorm": 1.727, "tok_per_s": 153287.7, "load": 82.92822265625}
{"event": "step", "step": 181100, "loss": 4.1019, "lr": 0.000336567351680347, "gnorm": 1.29, "tok_per_s": 152598.0, "load": 83.65478515625}
{"event": "step", "step": 181200, "loss": 4.163, "lr": 0.0003360568946898437, "gnorm": 1.648, "tok_per_s": 140433.7, "load": 84.0029296875}
{"event": "step", "step": 181300, "loss": 4.1264, "lr": 0.00033554997738839785, "gnorm": 1.901, "tok_per_s": 147955.7, "load": 85.98876953125}
{"event": "step", "step": 181400, "loss": 4.1843, "lr": 0.0003350466011416166, "gnorm": 1.34, "tok_per_s": 167601.8, "load": 86.31005859375}
{"event": "step", "step": 181500, "loss": 4.2814, "lr": 0.00033454676730556714, "gnorm": 1.361, "tok_per_s": 155521.6, "load": 85.083984375}
{"event": "step", "step": 181600, "loss": 4.3153, "lr": 0.00033405047722677385, "gnorm": 1.319, "tok_per_s": 154483.9, "load": 85.63818359375}
{"event": "step", "step": 181700, "loss": 4.2366, "lr": 0.00033355773224221435, "gnorm": 1.176, "tok_per_s": 146909.8, "load": 83.1845703125}
{"event": "step", "step": 181800, "loss": 4.1338, "lr": 0.00033306853367931613, "gnorm": 1.279, "tok_per_s": 138177.0, "load": 83.08935546875}
{"event": "step", "step": 181900, "loss": 4.278, "lr": 0.00033258288285595256, "gnorm": 1.507, "tok_per_s": 138340.5, "load": 84.12353515625}
{"event": "step", "step": 182000, "loss": 4.3448, "lr": 0.0003321007810804398, "gnorm": 1.367, "tok_per_s": 147678.8, "load": 85.31494140625}
{"event": "step", "step": 182100, "loss": 4.2345, "lr": 0.00033162222965153315, "gnorm": 1.177, "tok_per_s": 139056.4, "load": 84.24853515625}
{"event": "step", "step": 182200, "loss": 4.3411, "lr": 0.0003311472298584229, "gnorm": 1.173, "tok_per_s": 133098.9, "load": 83.54736328125}
{"event": "step", "step": 182300, "loss": 4.1101, "lr": 0.00033067578298073233, "gnorm": 1.235, "tok_per_s": 155532.4, "load": 84.544921875}
{"event": "step", "step": 182400, "loss": 4.2124, "lr": 0.0003302078902885124, "gnorm": 1.41, "tok_per_s": 165216.1, "load": 83.6201171875}
{"event": "step", "step": 182500, "loss": 4.1698, "lr": 0.00032974355304224033, "gnorm": 1.537, "tok_per_s": 158738.8, "load": 85.01220703125}
{"event": "step", "step": 182600, "loss": 4.1634, "lr": 0.00032928277249281426, "gnorm": 1.329, "tok_per_s": 143746.2, "load": 85.25146484375}
{"event": "step", "step": 182700, "loss": 4.1346, "lr": 0.00032882554988155125, "gnorm": 1.408, "tok_per_s": 152093.0, "load": 84.75048828125}
{"event": "step", "step": 182800, "loss": 4.2192, "lr": 0.00032837188644018356, "gnorm": 1.405, "tok_per_s": 138805.2, "load": 84.60986328125}
{"event": "step", "step": 182900, "loss": 4.3742, "lr": 0.00032792178339085463, "gnorm": 1.184, "tok_per_s": 143826.8, "load": 83.51953125}
{"event": "step", "step": 183000, "loss": 4.1547, "lr": 0.00032747524194611747, "gnorm": 1.244, "tok_per_s": 143060.7, "load": 83.0771484375}
{"event": "step", "step": 183100, "loss": 4.2521, "lr": 0.00032703226330892896, "gnorm": 1.356, "tok_per_s": 151775.0, "load": 86.70458984375}
{"event": "step", "step": 183200, "loss": 4.2465, "lr": 0.0003265928486726494, "gnorm": 1.278, "tok_per_s": 151938.8, "load": 87.689453125}
{"event": "step", "step": 183300, "loss": 4.3938, "lr": 0.0003261569992210367, "gnorm": 1.346, "tok_per_s": 138792.6, "load": 88.67529296875}
{"event": "step", "step": 183400, "loss": 4.1994, "lr": 0.00032572471612824503, "gnorm": 1.321, "tok_per_s": 150613.7, "load": 89.90283203125}
{"event": "step", "step": 183500, "loss": 4.1985, "lr": 0.00032529600055882077, "gnorm": 1.396, "tok_per_s": 140032.4, "load": 91.27197265625}
{"event": "step", "step": 183600, "loss": 4.2112, "lr": 0.00032487085366769984, "gnorm": 1.571, "tok_per_s": 163284.9, "load": 89.80859375}
{"event": "step", "step": 183700, "loss": 4.2486, "lr": 0.00032444927660020377, "gnorm": 1.554, "tok_per_s": 143966.0, "load": 89.66357421875}
{"event": "step", "step": 183800, "loss": 4.1731, "lr": 0.00032403127049203775, "gnorm": 1.239, "tok_per_s": 152729.6, "load": 90.17138671875}
{"event": "step", "step": 183900, "loss": 4.1259, "lr": 0.0003236168364692867, "gnorm": 1.211, "tok_per_s": 161057.0, "load": 89.9169921875}
{"event": "step", "step": 184000, "loss": 4.1921, "lr": 0.00032320597564841294, "gnorm": 1.327, "tok_per_s": 158411.1, "load": 89.923828125}
{"event": "step", "step": 184100, "loss": 4.084, "lr": 0.00032279868913625214, "gnorm": 1.227, "tok_per_s": 159766.1, "load": 89.208984375}
{"event": "step", "step": 184200, "loss": 4.1517, "lr": 0.00032239497803001135, "gnorm": 1.273, "tok_per_s": 154971.1, "load": 89.6728515625}
{"event": "step", "step": 184300, "loss": 4.2978, "lr": 0.00032199484341726575, "gnorm": 1.321, "tok_per_s": 152611.8, "load": 88.41748046875}
{"event": "step", "step": 184400, "loss": 4.3645, "lr": 0.00032159828637595554, "gnorm": 1.312, "tok_per_s": 153701.1, "load": 88.59033203125}
{"event": "step", "step": 184500, "loss": 4.139, "lr": 0.00032120530797438327, "gnorm": 1.169, "tok_per_s": 157884.0, "load": 85.5}
{"event": "step", "step": 184600, "loss": 4.1523, "lr": 0.0003208159092712106, "gnorm": 1.343, "tok_per_s": 166025.8, "load": 86.6611328125}
{"event": "step", "step": 184700, "loss": 4.2164, "lr": 0.0003204300913154557, "gnorm": 1.573, "tok_per_s": 166283.9, "load": 85.96728515625}
{"event": "step", "step": 184800, "loss": 4.3468, "lr": 0.00032004785514649074, "gnorm": 1.421, "tok_per_s": 158925.3, "load": 86.29052734375}
{"event": "step", "step": 184900, "loss": 4.2154, "lr": 0.0003196692017940384, "gnorm": 1.164, "tok_per_s": 153105.4, "load": 86.748046875}
{"event": "step", "step": 185000, "loss": 4.466, "lr": 0.0003192941322781696, "gnorm": 1.849, "tok_per_s": 153016.5, "load": 86.04736328125}
{"event": "step", "step": 185100, "loss": 4.2947, "lr": 0.0003189226476093006, "gnorm": 1.44, "tok_per_s": 120570.1, "load": 86.7646484375}
{"event": "step", "step": 185200, "loss": 4.2139, "lr": 0.0003185547487881903, "gnorm": 1.422, "tok_per_s": 152511.5, "load": 87.02392578125}
{"event": "step", "step": 185300, "loss": 4.1467, "lr": 0.00031819043680593744, "gnorm": 1.423, "tok_per_s": 150878.0, "load": 87.5830078125}
{"event": "step", "step": 185400, "loss": 4.4121, "lr": 0.00031782971264397795, "gnorm": 1.376, "tok_per_s": 156792.0, "load": 86.4951171875}
{"event": "step", "step": 185500, "loss": 4.2818, "lr": 0.0003174725772740828, "gnorm": 1.646, "tok_per_s": 164007.1, "load": 85.333984375}
{"event": "step", "step": 185600, "loss": 4.1121, "lr": 0.0003171190316583544, "gnorm": 1.323, "tok_per_s": 165274.4, "load": 85.9482421875}
{"event": "step", "step": 185700, "loss": 4.1795, "lr": 0.00031676907674922503, "gnorm": 1.328, "tok_per_s": 166462.3, "load": 86.75341796875}
{"event": "step", "step": 185800, "loss": 4.249, "lr": 0.00031642271348945335, "gnorm": 1.147, "tok_per_s": 161711.6, "load": 84.85107421875}
{"event": "step", "step": 185900, "loss": 4.1264, "lr": 0.0003160799428121228, "gnorm": 1.435, "tok_per_s": 141649.5, "load": 82.30029296875}
{"event": "step", "step": 186000, "loss": 4.2406, "lr": 0.00031574076564063814, "gnorm": 1.37, "tok_per_s": 147543.2, "load": 81.908203125}
{"event": "step", "step": 186100, "loss": 4.1205, "lr": 0.00031540518288872385, "gnorm": 1.471, "tok_per_s": 154536.2, "load": 79.51318359375}
{"event": "step", "step": 186200, "loss": 4.0803, "lr": 0.0003150731954604208, "gnorm": 1.48, "tok_per_s": 147496.2, "load": 81.23388671875}
{"event": "step", "step": 186300, "loss": 4.068, "lr": 0.0003147448042500849, "gnorm": 1.697, "tok_per_s": 151540.2, "load": 81.0546875}
{"event": "step", "step": 186400, "loss": 4.2672, "lr": 0.00031442001014238323, "gnorm": 1.283, "tok_per_s": 153201.0, "load": 80.81005859375}
{"event": "step", "step": 186500, "loss": 4.2708, "lr": 0.00031409881401229324, "gnorm": 1.467, "tok_per_s": 154251.6, "load": 80.5849609375}
{"event": "step", "step": 186600, "loss": 4.4797, "lr": 0.0003137812167250991, "gnorm": 1.688, "tok_per_s": 152304.7, "load": 78.9365234375}
{"event": "step", "step": 186700, "loss": 4.107, "lr": 0.00031346721913639024, "gnorm": 1.718, "tok_per_s": 141731.9, "load": 78.140625}
{"event": "step", "step": 186800, "loss": 4.3101, "lr": 0.00031315682209205847, "gnorm": 1.367, "tok_per_s": 154678.3, "load": 77.328125}
{"event": "step", "step": 186900, "loss": 4.2646, "lr": 0.0003128500264282959, "gnorm": 1.831, "tok_per_s": 166352.8, "load": 75.2998046875}
{"event": "step", "step": 187000, "loss": 4.194, "lr": 0.0003125468329715931, "gnorm": 1.265, "tok_per_s": 165613.6, "load": 77.11767578125}
{"event": "step", "step": 187100, "loss": 4.3813, "lr": 0.0003122472425387361, "gnorm": 1.309, "tok_per_s": 165668.5, "load": 78.3896484375}
{"event": "step", "step": 187200, "loss": 4.288, "lr": 0.0003119512559368048, "gnorm": 1.531, "tok_per_s": 165661.3, "load": 77.9580078125}
{"event": "step", "step": 187300, "loss": 4.1114, "lr": 0.0003116588739631704, "gnorm": 1.349, "tok_per_s": 166369.3, "load": 79.56298828125}
{"event": "step", "step": 187400, "loss": 4.3646, "lr": 0.0003113700974054937, "gnorm": 1.542, "tok_per_s": 165713.2, "load": 81.19970703125}
{"event": "step", "step": 187500, "loss": 4.1523, "lr": 0.00031108492704172235, "gnorm": 1.367, "tok_per_s": 166103.3, "load": 82.86572265625}
{"event": "step", "step": 187600, "loss": 4.1824, "lr": 0.0003108033636400895, "gnorm": 1.385, "tok_per_s": 165351.4, "load": 83.7578125}
{"event": "step", "step": 187700, "loss": 4.1264, "lr": 0.00031052540795911096, "gnorm": 1.318, "tok_per_s": 165465.9, "load": 84.578125}
{"event": "step", "step": 187800, "loss": 4.3708, "lr": 0.00031025106074758404, "gnorm": 1.337, "tok_per_s": 161131.5, "load": 84.8525390625}
{"event": "step", "step": 187900, "loss": 4.0855, "lr": 0.0003099803227445846, "gnorm": 1.294, "tok_per_s": 164938.0, "load": 86.14599609375}
{"event": "step", "step": 188000, "loss": 4.2037, "lr": 0.00030971319467946567, "gnorm": 1.546, "tok_per_s": 165980.2, "load": 85.41357421875}
{"event": "step", "step": 188100, "loss": 4.2369, "lr": 0.00030944967727185524, "gnorm": 1.42, "tok_per_s": 165945.0, "load": 85.541015625}
{"event": "step", "step": 188200, "loss": 4.198, "lr": 0.0003091897712316543, "gnorm": 1.458, "tok_per_s": 165443.8, "load": 83.97607421875}
{"event": "step", "step": 188300, "loss": 4.4514, "lr": 0.00030893347725903536, "gnorm": 1.557, "tok_per_s": 143092.4, "load": 84.21826171875}
{"event": "step", "step": 188400, "loss": 4.1596, "lr": 0.00030868079604444003, "gnorm": 1.53, "tok_per_s": 150720.8, "load": 82.99951171875}
{"event": "step", "step": 188500, "loss": 4.1674, "lr": 0.00030843172826857713, "gnorm": 1.739, "tok_per_s": 152190.4, "load": 83.9609375}
{"event": "step", "step": 188600, "loss": 4.2633, "lr": 0.00030818627460242154, "gnorm": 1.373, "tok_per_s": 160657.1, "load": 82.2021484375}
{"event": "step", "step": 188700, "loss": 4.0797, "lr": 0.00030794443570721146, "gnorm": 1.203, "tok_per_s": 164140.3, "load": 82.82666015625}
{"event": "step", "step": 188800, "loss": 4.1244, "lr": 0.00030770621223444756, "gnorm": 1.431, "tok_per_s": 165067.3, "load": 83.3212890625}
{"event": "step", "step": 188900, "loss": 4.2835, "lr": 0.0003074716048258901, "gnorm": 1.367, "tok_per_s": 153238.5, "load": 82.49462890625}
{"event": "step", "step": 189000, "loss": 4.1738, "lr": 0.0003072406141135587, "gnorm": 1.736, "tok_per_s": 146409.5, "load": 86.74951171875}
{"event": "step", "step": 189100, "loss": 4.2757, "lr": 0.0003070132407197291, "gnorm": 1.383, "tok_per_s": 166098.5, "load": 88.53173828125}
{"event": "step", "step": 189200, "loss": 4.3597, "lr": 0.00030678948525693264, "gnorm": 1.674, "tok_per_s": 166558.4, "load": 88.8896484375}
{"event": "step", "step": 189300, "loss": 4.1212, "lr": 0.00030656934832795407, "gnorm": 1.22, "tok_per_s": 165140.6, "load": 88.8896484375}
{"event": "step", "step": 189400, "loss": 4.1402, "lr": 0.0003063528305258296, "gnorm": 1.322, "tok_per_s": 165562.9, "load": 88.2578125}
{"event": "step", "step": 189500, "loss": 4.0603, "lr": 0.0003061399324338466, "gnorm": 1.619, "tok_per_s": 158748.2, "load": 87.87841796875}
{"event": "step", "step": 189600, "loss": 4.3246, "lr": 0.00030593065462553997, "gnorm": 1.367, "tok_per_s": 146258.0, "load": 88.04833984375}
{"event": "step", "step": 189700, "loss": 4.2115, "lr": 0.0003057249976646928, "gnorm": 1.318, "tok_per_s": 153463.2, "load": 87.56396484375}
{"event": "step", "step": 189800, "loss": 4.2661, "lr": 0.00030552296210533325, "gnorm": 1.546, "tok_per_s": 155581.1, "load": 87.99951171875}
{"event": "step", "step": 189900, "loss": 4.4123, "lr": 0.0003053245484917339, "gnorm": 1.593, "tok_per_s": 156835.6, "load": 87.59912109375}
{"event": "step", "step": 190000, "loss": 4.1903, "lr": 0.00030512975735840983, "gnorm": 1.3, "tok_per_s": 153822.1, "load": 85.94921875}
{"event": "step", "step": 190100, "loss": 4.2621, "lr": 0.00030493858923011743, "gnorm": 1.785, "tok_per_s": 118161.7, "load": 84.671875}
{"event": "step", "step": 190200, "loss": 4.3923, "lr": 0.0003047510446218529, "gnorm": 1.772, "tok_per_s": 166835.2, "load": 85.1787109375}
{"event": "step", "step": 190300, "loss": 4.2005, "lr": 0.0003045671240388509, "gnorm": 1.662, "tok_per_s": 166257.0, "load": 84.68359375}
{"event": "step", "step": 190400, "loss": 4.1341, "lr": 0.00030438682797658315, "gnorm": 1.497, "tok_per_s": 165249.3, "load": 84.06787109375}
{"event": "step", "step": 190500, "loss": 4.2491, "lr": 0.00030421015692075733, "gnorm": 1.178, "tok_per_s": 166113.4, "load": 83.18115234375}
{"event": "step", "step": 190600, "loss": 4.2829, "lr": 0.00030403711134731505, "gnorm": 1.79, "tok_per_s": 166484.2, "load": 82.76611328125}
{"event": "step", "step": 190700, "loss": 4.2859, "lr": 0.00030386769172243165, "gnorm": 1.198, "tok_per_s": 164542.6, "load": 83.345703125}
{"event": "step", "step": 190800, "loss": 4.2448, "lr": 0.00030370189850251395, "gnorm": 1.602, "tok_per_s": 148963.7, "load": 82.67724609375}
{"event": "step", "step": 190900, "loss": 4.2466, "lr": 0.00030353973213419975, "gnorm": 1.338, "tok_per_s": 140429.7, "load": 83.744140625}
{"event": "step", "step": 191000, "loss": 4.1519, "lr": 0.0003033811930543559, "gnorm": 1.53, "tok_per_s": 161210.4, "load": 85.8466796875}
{"event": "step", "step": 191100, "loss": 4.3623, "lr": 0.00030322628169007803, "gnorm": 1.353, "tok_per_s": 163771.1, "load": 86.580078125}
{"event": "step", "step": 191200, "loss": 4.3982, "lr": 0.00030307499845868836, "gnorm": 1.43, "tok_per_s": 153412.5, "load": 87.314453125}
{"event": "step", "step": 191300, "loss": 4.2148, "lr": 0.0003029273437677358, "gnorm": 1.243, "tok_per_s": 147051.4, "load": 86.408203125}
{"event": "step", "step": 191400, "loss": 4.2615, "lr": 0.0003027833180149936, "gnorm": 1.239, "tok_per_s": 151823.5, "load": 87.2568359375}
{"event": "step", "step": 191500, "loss": 4.1792, "lr": 0.00030264292158845913, "gnorm": 1.437, "tok_per_s": 152284.4, "load": 88.27734375}
{"event": "step", "step": 191600, "loss": 4.443, "lr": 0.00030250615486635256, "gnorm": 1.375, "tok_per_s": 138084.7, "load": 87.9345703125}
{"event": "step", "step": 191700, "loss": 4.317, "lr": 0.0003023730182171156, "gnorm": 1.22, "tok_per_s": 142870.0, "load": 89.70166015625}
{"event": "step", "step": 191800, "loss": 4.3628, "lr": 0.00030224351199941097, "gnorm": 1.566, "tok_per_s": 161058.3, "load": 86.68212890625}
{"event": "step", "step": 191900, "loss": 4.1633, "lr": 0.0003021176365621213, "gnorm": 1.279, "tok_per_s": 153248.5, "load": 87.9091796875}
{"event": "step", "step": 192000, "loss": 4.3902, "lr": 0.00030199539224434784, "gnorm": 1.397, "tok_per_s": 164461.5, "load": 87.435546875}
{"event": "step", "step": 192100, "loss": 4.4787, "lr": 0.0003018767793754098, "gnorm": 1.493, "tok_per_s": 164593.2, "load": 87.400390625}
{"event": "step", "step": 192200, "loss": 4.0632, "lr": 0.0003017617982748439, "gnorm": 1.573, "tok_per_s": 154889.6, "load": 85.6865234375}
{"event": "step", "step": 192300, "loss": 4.2922, "lr": 0.00030165044925240246, "gnorm": 1.15, "tok_per_s": 162995.6, "load": 86.4326171875}
{"event": "step", "step": 192400, "loss": 4.0531, "lr": 0.0003015427326080538, "gnorm": 1.357, "tok_per_s": 163142.4, "load": 87.51953125}
{"event": "step", "step": 192500, "loss": 4.1529, "lr": 0.0003014386486319804, "gnorm": 1.553, "tok_per_s": 164163.1, "load": 88.99951171875}
{"event": "step", "step": 192600, "loss": 4.2964, "lr": 0.0003013381976045785, "gnorm": 1.663, "tok_per_s": 164415.9, "load": 89.0}
{"event": "step", "step": 192700, "loss": 4.4379, "lr": 0.00030124137979645774, "gnorm": 1.465, "tok_per_s": 162708.2, "load": 86.677734375}
{"event": "step", "step": 192800, "loss": 4.3187, "lr": 0.00030114819546843993, "gnorm": 1.349, "tok_per_s": 164384.8, "load": 86.78369140625}
{"event": "step", "step": 192900, "loss": 4.3014, "lr": 0.0003010586448715582, "gnorm": 1.935, "tok_per_s": 164496.4, "load": 85.279296875}
{"event": "step", "step": 193000, "loss": 4.3458, "lr": 0.0003009727282470569, "gnorm": 1.517, "tok_per_s": 164521.0, "load": 86.45849609375}
{"event": "step", "step": 193100, "loss": 4.2482, "lr": 0.0003008904458263906, "gnorm": 1.464, "tok_per_s": 165518.8, "load": 84.09912109375}
{"event": "step", "step": 193200, "loss": 4.2001, "lr": 0.0003008117978312236, "gnorm": 1.304, "tok_per_s": 165332.2, "load": 85.69287109375}
{"event": "step", "step": 193300, "loss": 4.3874, "lr": 0.00030073678447342916, "gnorm": 1.66, "tok_per_s": 156654.4, "load": 86.9189453125}
{"event": "step", "step": 193400, "loss": 4.4016, "lr": 0.0003006654059550891, "gnorm": 1.552, "tok_per_s": 135862.2, "load": 86.76513671875}
{"event": "step", "step": 193500, "loss": 4.1741, "lr": 0.0003005976624684931, "gnorm": 1.348, "tok_per_s": 162893.5, "load": 86.62353515625}
{"event": "step", "step": 193600, "loss": 4.3166, "lr": 0.0003005335541961382, "gnorm": 1.454, "tok_per_s": 139741.8, "load": 85.07666015625}
{"event": "step", "step": 193700, "loss": 4.1708, "lr": 0.00030047308131072865, "gnorm": 1.314, "tok_per_s": 146040.3, "load": 86.19189453125}
{"event": "step", "step": 193800, "loss": 4.4538, "lr": 0.0003004162439751751, "gnorm": 1.378, "tok_per_s": 160636.2, "load": 86.4169921875}
{"event": "step", "step": 193900, "loss": 4.3943, "lr": 0.0003003630423425939, "gnorm": 1.488, "tok_per_s": 161509.6, "load": 86.14306640625}
{"event": "step", "step": 194000, "loss": 4.3424, "lr": 0.0003003134765563074, "gnorm": 1.4, "tok_per_s": 152004.5, "load": 86.9326171875}
{"event": "step", "step": 194100, "loss": 4.194, "lr": 0.00030026754674984305, "gnorm": 1.627, "tok_per_s": 153189.0, "load": 87.1787109375}
{"event": "step", "step": 194200, "loss": 4.1934, "lr": 0.0003002252530469331, "gnorm": 1.487, "tok_per_s": 161862.3, "load": 84.76171875}
{"event": "step", "step": 194300, "loss": 4.1362, "lr": 0.0003001865955615144, "gnorm": 1.3, "tok_per_s": 164138.1, "load": 85.021484375}
{"event": "step", "step": 194400, "loss": 4.2984, "lr": 0.00030015157439772824, "gnorm": 1.626, "tok_per_s": 166966.5, "load": 85.98095703125}
{"event": "step", "step": 194500, "loss": 4.2714, "lr": 0.00030012018964991954, "gnorm": 1.193, "tok_per_s": 166159.4, "load": 86.94384765625}
{"event": "step", "step": 194600, "loss": 4.3673, "lr": 0.00030009244140263695, "gnorm": 1.569, "tok_per_s": 166618.4, "load": 86.8681640625}
{"event": "step", "step": 194700, "loss": 4.3712, "lr": 0.00030006832973063284, "gnorm": 1.411, "tok_per_s": 165579.5, "load": 86.47802734375}
{"event": "step", "step": 194800, "loss": 4.2553, "lr": 0.0003000478546988627, "gnorm": 1.319, "tok_per_s": 164330.6, "load": 87.08056640625}
{"event": "step", "step": 194900, "loss": 4.2625, "lr": 0.0003000310163624851, "gnorm": 1.354, "tok_per_s": 164570.2, "load": 86.11279296875}
{"event": "step", "step": 195000, "loss": 4.2919, "lr": 0.0003000178147668615, "gnorm": 1.283, "tok_per_s": 166228.7, "load": 86.103515625}
{"event": "step", "step": 195100, "loss": 4.4837, "lr": 0.0003000082499475563, "gnorm": 1.638, "tok_per_s": 123054.8, "load": 87.45703125}
{"event": "step", "step": 195200, "loss": 4.438, "lr": 0.0003000023219303366, "gnorm": 1.748, "tok_per_s": 164561.9, "load": 87.02001953125}
{"event": "step", "step": 195300, "loss": 4.4897, "lr": 0.0003000000307311722, "gnorm": 1.444, "tok_per_s": 156142.6, "load": 87.01806640625}
{"event": "step", "step": 195312, "loss": 4.169, "lr": 0.00030000000018184133, "gnorm": 1.394, "tok_per_s": 1385589.5, "load": 87.01806640625}
{"event": "final", "val_test": {"bpb": 1.2493226701351154, "nats_per_token": 4.197534688095598, "tokens": 995323, "bytes": 4824566}}
