bash: warning: setlocale: LC_ALL: cannot change locale (en_AU.UTF-8)
{"event": "sdmonly", "arm": "qwen", "d_a": 256, "n_sub": 256, "heads": 1, "readout_f": 0, "share_store": false, "dense_f": null, "sched": "cosine", "wsd_decay": 0.2, "untie": false, "hop_mlp": 0, "ng_rows": 0, "ng_orders": [2, 3], "conj": 0, "rt_write": 0, "rt_buckets": 4096, "rt_shuffle": false, "graded": false, "mix_layers": 0, "mix_heads": 4, "mix_n_sub": 64, "mix_d_a": 64, "mix_k": 32, "mix_decays": [1.0, 0.999, 0.99, 0.9], "mix_f": 0, "mix_chunk": 256, "store_opt": "dense", "body_opt": "muon", "muon_lr": 0.02, "muon_wd": 0.0}
/root/settle/code_w7/track4_sdmllm_train_one_arm.py:229: UserWarning: Converting a tensor with requires_grad=True to a scalar may lead to unexpected behavior.
Consider using tensor.detach() first. (Triggered internally at /pytorch/torch/csrc/autograd/generated/python_variable_methods.cpp:835.)
  rec = {"event": "step", "step": step, "loss": round(float(loss), 4), "lr": lr, "gnorm": round(float(gn), 3),
{"run": "w11_mq_d256_1600M", "arm": "qwen", "seed": 0, "cfg": {"d": 256, "T": 256, "seed": 0, "M": 65536, "k": 32, "hops": 4, "softness": 0.25, "n_layer": 4, "M_big": 0, "value_init": "zero", "qgrad": 0.0, "ngram_orders": [1], "f": 688, "train_name": "train_big", "n_back": 8, "decays": [0.5, 0.8, 0.9, 0.97, 0.99], "d_a": 256, "n_sub": 256, "heads": 1, "readout_f": 0, "share_store": false, "dense_f": null, "sched": "cosine", "wsd_decay": 0.2, "untie": false, "hop_mlp": 0, "ng_rows": 0, "ng_orders": [2, 3], "conj": 0, "rt_write": 0, "rt_buckets": 4096, "rt_shuffle": false, "graded": false, "mix_layers": 0, "mix_heads": 4, "mix_n_sub": 64, "mix_d_a": 64, "mix_k": 32, "mix_decays": [1.0, 0.999, 0.99, 0.9], "mix_f": 0, "mix_chunk": 256}, "B": 32, "T": 256, "tokens_target": 1600000000, "steps": 195312, "lr": 0.003, "loss_path": "chunked", "store_lr_mult": 3.0, "store_wd": 0.0, "params": {"embedding": 33095680, "non_embedding_trainable": 2902784, "frozen_store_values": 0, "total_trainable": 35998464}, "flops_per_token_fwd": {"head": 66191360, "body": 6324224.0, "total": 72515584.0}, "device": "cuda", "stamp_start": {"utc": "2026-10-03T16:31:19Z", "load": [2.2, 2.64, 3.28], "ncpu": 64, "powermode": "unknown", "torch": "2.8.0+cu128", "host": "be4f1492a06a", "cuda": "12.8", "gpu": "NVIDIA GeForce RTX 5090", "driver": "570.172.08\n570.172.08", "mem_available_gb": 209.9}, "resumed_from_step": 0, "init": null, "train_name": "train_big"}
{"event": "step", "step": 100, "loss": 10.6403, "lr": 7.680491551459293e-05, "gnorm": 2.811, "tok_per_s": 57227.6, "load": 4.50927734375}
{"event": "step", "step": 200, "loss": 8.0607, "lr": 0.00015360983102918587, "gnorm": 1.143, "tok_per_s": 242896.5, "load": 4.50927734375}
{"event": "step", "step": 300, "loss": 7.0937, "lr": 0.0002304147465437788, "gnorm": 1.169, "tok_per_s": 242921.3, "load": 4.38818359375}
{"event": "step", "step": 400, "loss": 6.6754, "lr": 0.00030721966205837174, "gnorm": 1.046, "tok_per_s": 242778.8, "load": 4.27685546875}
{"event": "step", "step": 500, "loss": 6.4796, "lr": 0.00038402457757296467, "gnorm": 1.219, "tok_per_s": 242937.1, "load": 4.27685546875}
{"event": "step", "step": 600, "loss": 6.1879, "lr": 0.0004608294930875576, "gnorm": 1.022, "tok_per_s": 242783.8, "load": 4.17431640625}
{"event": "step", "step": 700, "loss": 6.1502, "lr": 0.0005376344086021505, "gnorm": 1.026, "tok_per_s": 242485.9, "load": 4.0}
{"event": "step", "step": 800, "loss": 6.0639, "lr": 0.0006144393241167435, "gnorm": 1.021, "tok_per_s": 242333.9, "load": 4.0}
{"event": "step", "step": 900, "loss": 5.8274, "lr": 0.0006912442396313364, "gnorm": 0.948, "tok_per_s": 242246.1, "load": 3.919921875}
{"event": "step", "step": 1000, "loss": 6.0124, "lr": 0.0007680491551459293, "gnorm": 0.95, "tok_per_s": 242213.3, "load": 3.84619140625}
{"event": "step", "step": 1100, "loss": 5.4819, "lr": 0.0008448540706605224, "gnorm": 0.901, "tok_per_s": 242090.2, "load": 3.84619140625}
{"event": "step", "step": 1200, "loss": 5.7329, "lr": 0.0009216589861751152, "gnorm": 0.94, "tok_per_s": 242006.2, "load": 3.7783203125}
{"event": "step", "step": 1300, "loss": 5.6772, "lr": 0.0009984639016897081, "gnorm": 0.939, "tok_per_s": 241922.4, "load": 3.79638671875}
{"event": "step", "step": 1400, "loss": 5.529, "lr": 0.001075268817204301, "gnorm": 0.968, "tok_per_s": 241889.4, "load": 3.79638671875}
{"event": "step", "step": 1500, "loss": 5.5459, "lr": 0.001152073732718894, "gnorm": 0.835, "tok_per_s": 241844.4, "load": 3.81298828125}
{"event": "step", "step": 1600, "loss": 5.4664, "lr": 0.001228878648233487, "gnorm": 0.92, "tok_per_s": 241786.7, "load": 3.74755859375}
{"event": "step", "step": 1700, "loss": 5.3128, "lr": 0.00130568356374808, "gnorm": 0.868, "tok_per_s": 241761.2, "load": 3.74755859375}
{"event": "step", "step": 1800, "loss": 5.3363, "lr": 0.0013824884792626728, "gnorm": 0.824, "tok_per_s": 241743.8, "load": 3.6875}
{"event": "step", "step": 1900, "loss": 5.435, "lr": 0.0014592933947772657, "gnorm": 0.989, "tok_per_s": 241716.5, "load": 3.712890625}
{"event": "step", "step": 2000, "loss": 5.5215, "lr": 0.0015360983102918587, "gnorm": 1.032, "tok_per_s": 241736.6, "load": 3.712890625}
{"event": "step", "step": 2100, "loss": 5.4722, "lr": 0.0016129032258064516, "gnorm": 1.213, "tok_per_s": 241649.4, "load": 6.05859375}
{"event": "step", "step": 2200, "loss": 5.3495, "lr": 0.0016897081413210448, "gnorm": 1.297, "tok_per_s": 241707.3, "load": 5.8134765625}
{"event": "step", "step": 2300, "loss": 5.2013, "lr": 0.0017665130568356375, "gnorm": 1.291, "tok_per_s": 241690.1, "load": 5.8134765625}
{"event": "step", "step": 2400, "loss": 5.2662, "lr": 0.0018433179723502304, "gnorm": 1.33, "tok_per_s": 241746.7, "load": 5.587890625}
{"event": "step", "step": 2500, "loss": 5.328, "lr": 0.0019201228878648233, "gnorm": 1.191, "tok_per_s": 241752.5, "load": 5.38037109375}
{"event": "step", "step": 2600, "loss": 5.0941, "lr": 0.0019969278033794163, "gnorm": 1.35, "tok_per_s": 241810.3, "load": 5.38037109375}
{"event": "step", "step": 2700, "loss": 5.3389, "lr": 0.002073732718894009, "gnorm": 1.115, "tok_per_s": 241825.7, "load": 5.189453125}
{"event": "step", "step": 2800, "loss": 5.1886, "lr": 0.002150537634408602, "gnorm": 1.465, "tok_per_s": 241865.4, "load": 4.93359375}
{"event": "step", "step": 2900, "loss": 5.2347, "lr": 0.0022273425499231953, "gnorm": 1.214, "tok_per_s": 241917.6, "load": 4.7783203125}
{"event": "step", "step": 3000, "loss": 5.4364, "lr": 0.002304147465437788, "gnorm": 1.383, "tok_per_s": 241885.9, "load": 4.7783203125}
{"event": "step", "step": 3100, "loss": 5.0357, "lr": 0.002380952380952381, "gnorm": 1.383, "tok_per_s": 241918.3, "load": 5.83740234375}
{"event": "step", "step": 3200, "loss": 5.205, "lr": 0.002457757296466974, "gnorm": 1.187, "tok_per_s": 241967.9, "load": 5.60986328125}
{"event": "step", "step": 3300, "loss": 5.3034, "lr": 0.002534562211981567, "gnorm": 1.169, "tok_per_s": 241960.1, "load": 5.60986328125}
{"event": "step", "step": 3400, "loss": 5.2761, "lr": 0.00261136712749616, "gnorm": 1.136, "tok_per_s": 242027.6, "load": 5.400390625}
{"event": "step", "step": 3500, "loss": 5.2287, "lr": 0.002688172043010753, "gnorm": 1.339, "tok_per_s": 241975.6, "load": 5.2080078125}
{"event": "step", "step": 3600, "loss": 5.38, "lr": 0.0027649769585253456, "gnorm": 1.14, "tok_per_s": 242039.8, "load": 5.2080078125}
{"event": "step", "step": 3700, "loss": 5.0758, "lr": 0.0028417818740399383, "gnorm": 0.893, "tok_per_s": 242131.1, "load": 4.95068359375}
{"event": "step", "step": 3800, "loss": 5.2409, "lr": 0.0029185867895545315, "gnorm": 1.224, "tok_per_s": 242103.8, "load": 4.79443359375}
{"event": "step", "step": 3900, "loss": 5.09, "lr": 0.0029953917050691246, "gnorm": 0.968, "tok_per_s": 242115.5, "load": 4.79443359375}
{"event": "step", "step": 4000, "loss": 5.3642, "lr": 0.002999998427255279, "gnorm": 1.055, "tok_per_s": 242153.3, "load": 4.73046875}
{"event": "step", "step": 4100, "loss": 5.2187, "lr": 0.002999993226600707, "gnorm": 1.025, "tok_per_s": 242088.8, "load": 4.75244140625}
{"event": "step", "step": 4200, "loss": 5.146, "lr": 0.0029999843891400707, "gnorm": 0.895, "tok_per_s": 242133.3, "load": 4.75244140625}
{"event": "step", "step": 4300, "loss": 5.084, "lr": 0.0029999719148971794, "gnorm": 0.876, "tok_per_s": 242242.1, "load": 4.61181640625}
{"event": "step", "step": 4400, "loss": 5.0953, "lr": 0.0029999558039056373, "gnorm": 0.806, "tok_per_s": 242260.1, "load": 4.482421875}
{"event": "step", "step": 4500, "loss": 5.2198, "lr": 0.002999936056208846, "gnorm": 0.743, "tok_per_s": 242081.0, "load": 4.482421875}
{"event": "step", "step": 4600, "loss": 5.1533, "lr": 0.002999912671860006, "gnorm": 0.665, "tok_per_s": 242220.1, "load": 4.283203125}
{"event": "step", "step": 4700, "loss": 5.2241, "lr": 0.0029998856509221125, "gnorm": 0.82, "tok_per_s": 242241.5, "load": 4.18017578125}
{"event": "step", "step": 4800, "loss": 5.2037, "lr": 0.0029998549934679587, "gnorm": 0.667, "tok_per_s": 242123.7, "load": 4.18017578125}
{"event": "step", "step": 4900, "loss": 5.1286, "lr": 0.0029998206995801332, "gnorm": 0.573, "tok_per_s": 242218.3, "load": 4.08544921875}
{"event": "step", "step": 5000, "loss": 5.1442, "lr": 0.0029997827693510233, "gnorm": 0.674, "tok_per_s": 242273.0, "load": 6.32080078125}
{"event": "step", "step": 5100, "loss": 5.0673, "lr": 0.0029997412028828106, "gnorm": 0.636, "tok_per_s": 219211.7, "load": 6.32080078125}
{"event": "step", "step": 5200, "loss": 5.0423, "lr": 0.0029996960002874715, "gnorm": 0.726, "tok_per_s": 242150.7, "load": 5.974609375}
{"event": "step", "step": 5300, "loss": 4.8689, "lr": 0.002999647161686781, "gnorm": 0.65, "tok_per_s": 242221.3, "load": 5.736328125}
{"event": "step", "step": 5400, "loss": 4.9893, "lr": 0.002999594687212306, "gnorm": 0.6, "tok_per_s": 242153.0, "load": 5.43701171875}
{"event": "step", "step": 5500, "loss": 4.8045, "lr": 0.0029995385770054113, "gnorm": 0.522, "tok_per_s": 242277.1, "load": 5.43701171875}
{"event": "step", "step": 5600, "loss": 5.0036, "lr": 0.0029994788312172537, "gnorm": 0.617, "tok_per_s": 242359.4, "load": 5.24169921875}
{"event": "step", "step": 5700, "loss": 4.936, "lr": 0.0029994154500087846, "gnorm": 0.487, "tok_per_s": 242266.1, "load": 5.06201171875}
{"event": "step", "step": 5800, "loss": 5.0284, "lr": 0.0029993484335507506, "gnorm": 0.552, "tok_per_s": 242233.6, "load": 5.06201171875}
{"event": "step", "step": 5900, "loss": 5.2463, "lr": 0.0029992777820236896, "gnorm": 0.545, "tok_per_s": 242286.9, "load": 4.896484375}
{"event": "step", "step": 6000, "loss": 4.9708, "lr": 0.0029992034956179327, "gnorm": 0.471, "tok_per_s": 242284.6, "load": 4.744140625}
{"event": "step", "step": 6100, "loss": 4.9471, "lr": 0.0029991255745336035, "gnorm": 0.477, "tok_per_s": 242286.4, "load": 4.744140625}
{"event": "step", "step": 6200, "loss": 5.1236, "lr": 0.0029990440189806176, "gnorm": 0.492, "tok_per_s": 242299.1, "load": 4.60400390625}
{"event": "step", "step": 6300, "loss": 5.1112, "lr": 0.00299895882917868, "gnorm": 0.477, "tok_per_s": 242321.5, "load": 4.47509765625}
{"event": "step", "step": 6400, "loss": 4.8492, "lr": 0.002998870005357288, "gnorm": 0.411, "tok_per_s": 242255.0, "load": 4.47509765625}
{"event": "step", "step": 6500, "loss": 4.7208, "lr": 0.002998777547755728, "gnorm": 0.416, "tok_per_s": 242281.2, "load": 4.35693359375}
{"event": "step", "step": 6600, "loss": 4.8413, "lr": 0.0029986814566230753, "gnorm": 0.444, "tok_per_s": 242374.7, "load": 4.248046875}
{"event": "step", "step": 6700, "loss": 4.9424, "lr": 0.0029985817322181942, "gnorm": 0.387, "tok_per_s": 242281.4, "load": 4.248046875}
{"event": "step", "step": 6800, "loss": 4.972, "lr": 0.002998478374809737, "gnorm": 0.46, "tok_per_s": 242325.9, "load": 4.14794921875}
{"event": "step", "step": 6900, "loss": 4.9087, "lr": 0.0029983713846761413, "gnorm": 0.516, "tok_per_s": 242336.3, "load": 4.0556640625}
{"event": "step", "step": 7000, "loss": 4.8853, "lr": 0.0029982607621056347, "gnorm": 0.542, "tok_per_s": 242393.4, "load": 4.0556640625}
{"event": "step", "step": 7100, "loss": 4.7898, "lr": 0.002998146507396226, "gnorm": 0.48, "tok_per_s": 242353.2, "load": 3.970703125}
{"event": "step", "step": 7200, "loss": 4.7877, "lr": 0.002998028620855713, "gnorm": 0.458, "tok_per_s": 242251.7, "load": 3.8125}
{"event": "step", "step": 7300, "loss": 4.9921, "lr": 0.002997907102801674, "gnorm": 0.46, "tok_per_s": 242201.4, "load": 3.8125}
{"event": "step", "step": 7400, "loss": 4.8345, "lr": 0.002997781953561472, "gnorm": 0.383, "tok_per_s": 242144.8, "load": 3.7470703125}
{"event": "step", "step": 7500, "loss": 4.9852, "lr": 0.0029976531734722534, "gnorm": 0.586, "tok_per_s": 242228.1, "load": 3.68701171875}
{"event": "step", "step": 7600, "loss": 4.8399, "lr": 0.0029975207628809425, "gnorm": 0.688, "tok_per_s": 242274.2, "load": 3.68701171875}
{"event": "step", "step": 7700, "loss": 4.8622, "lr": 0.0029973847221442477, "gnorm": 0.565, "tok_per_s": 242246.1, "load": 3.6318359375}
{"event": "step", "step": 7800, "loss": 4.8076, "lr": 0.0029972450516286536, "gnorm": 0.577, "tok_per_s": 242232.2, "load": 3.5810546875}
{"event": "step", "step": 7900, "loss": 4.9419, "lr": 0.0029971017517104264, "gnorm": 0.679, "tok_per_s": 242196.1, "load": 3.5810546875}
{"event": "step", "step": 8000, "loss": 4.8895, "lr": 0.002996954822775607, "gnorm": 0.573, "tok_per_s": 242253.6, "load": 3.61474609375}
{"event": "step", "step": 8100, "loss": 4.7488, "lr": 0.0029968042652200135, "gnorm": 0.604, "tok_per_s": 242251.3, "load": 3.4853515625}
{"event": "step", "step": 8200, "loss": 4.7242, "lr": 0.00299665007944924, "gnorm": 0.725, "tok_per_s": 242239.1, "load": 3.4853515625}
{"event": "step", "step": 8300, "loss": 4.786, "lr": 0.0029964922658786545, "gnorm": 0.52, "tok_per_s": 242398.4, "load": 3.4462890625}
{"event": "step", "step": 8400, "loss": 4.7852, "lr": 0.002996330824933398, "gnorm": 0.573, "tok_per_s": 242392.0, "load": 3.41015625}
{"event": "step", "step": 8500, "loss": 4.8187, "lr": 0.002996165757048382, "gnorm": 0.511, "tok_per_s": 242441.2, "load": 3.41015625}
{"event": "step", "step": 8600, "loss": 4.9055, "lr": 0.002995997062668292, "gnorm": 0.589, "tok_per_s": 242381.7, "load": 3.376953125}
{"event": "step", "step": 8700, "loss": 4.7651, "lr": 0.0029958247422475805, "gnorm": 0.655, "tok_per_s": 242388.7, "load": 3.3466796875}
{"event": "step", "step": 8800, "loss": 4.881, "lr": 0.002995648796250468, "gnorm": 0.984, "tok_per_s": 242405.2, "load": 3.3994140625}
{"event": "step", "step": 8900, "loss": 4.9218, "lr": 0.002995469225150945, "gnorm": 0.552, "tok_per_s": 242356.9, "load": 3.3994140625}
{"event": "step", "step": 9000, "loss": 4.7872, "lr": 0.002995286029432764, "gnorm": 1.097, "tok_per_s": 242458.4, "load": 3.3671875}
{"event": "step", "step": 9100, "loss": 4.9607, "lr": 0.0029950992095894454, "gnorm": 0.617, "tok_per_s": 242419.3, "load": 3.33740234375}
{"event": "step", "step": 9200, "loss": 4.8836, "lr": 0.0029949087661242718, "gnorm": 0.599, "tok_per_s": 242423.7, "load": 3.33740234375}
{"event": "step", "step": 9300, "loss": 4.7264, "lr": 0.002994714699550286, "gnorm": 0.84, "tok_per_s": 242487.7, "load": 3.31005859375}
{"event": "step", "step": 9400, "loss": 4.9233, "lr": 0.0029945170103902923, "gnorm": 0.749, "tok_per_s": 242395.5, "load": 3.28515625}
{"event": "step", "step": 9500, "loss": 5.0708, "lr": 0.0029943156991768553, "gnorm": 1.191, "tok_per_s": 242273.4, "load": 3.28515625}
{"event": "step", "step": 9600, "loss": 4.8894, "lr": 0.0029941107664522956, "gnorm": 0.853, "tok_per_s": 242231.8, "load": 3.26220703125}
{"event": "step", "step": 9700, "loss": 4.9065, "lr": 0.002993902212768691, "gnorm": 0.61, "tok_per_s": 242228.4, "load": 3.16064453125}
{"event": "step", "step": 9800, "loss": 4.7806, "lr": 0.0029936900386878717, "gnorm": 0.734, "tok_per_s": 242218.1, "load": 3.16064453125}
{"event": "step", "step": 9900, "loss": 4.7147, "lr": 0.002993474244781425, "gnorm": 0.644, "tok_per_s": 242233.3, "load": 3.1474609375}
{"event": "step", "step": 10000, "loss": 4.7645, "lr": 0.002993254831630686, "gnorm": 0.919, "tok_per_s": 242221.5, "load": 3.05517578125}
{"event": "step", "step": 10100, "loss": 4.7931, "lr": 0.0029930317998267423, "gnorm": 0.738, "tok_per_s": 219049.3, "load": 3.05517578125}
{"event": "step", "step": 10200, "loss": 4.9637, "lr": 0.0029928051499704287, "gnorm": 0.8, "tok_per_s": 242188.0, "load": 3.05029296875}
{"event": "step", "step": 10300, "loss": 4.7294, "lr": 0.0029925748826723276, "gnorm": 0.843, "tok_per_s": 242222.4, "load": 3.0458984375}
{"event": "step", "step": 10400, "loss": 4.7442, "lr": 0.0029923409985527657, "gnorm": 1.347, "tok_per_s": 242251.9, "load": 3.0458984375}
{"event": "step", "step": 10500, "loss": 4.9986, "lr": 0.002992103498241814, "gnorm": 0.696, "tok_per_s": 242220.2, "load": 3.0419921875}
{"event": "step", "step": 10600, "loss": 4.7323, "lr": 0.0029918623823792846, "gnorm": 0.578, "tok_per_s": 242224.3, "load": 3.03857421875}
{"event": "step", "step": 10700, "loss": 4.8816, "lr": 0.0029916176516147307, "gnorm": 1.163, "tok_per_s": 242213.8, "load": 3.03857421875}
{"event": "step", "step": 10800, "loss": 4.9985, "lr": 0.0029913693066074424, "gnorm": 0.893, "tok_per_s": 242155.1, "load": 3.03515625}
{"event": "step", "step": 10900, "loss": 4.7659, "lr": 0.0029911173480264485, "gnorm": 0.699, "tok_per_s": 242145.2, "load": 3.0322265625}
{"event": "step", "step": 11000, "loss": 4.8813, "lr": 0.0029908617765505106, "gnorm": 0.649, "tok_per_s": 242150.9, "load": 3.0322265625}
{"event": "step", "step": 11100, "loss": 4.9067, "lr": 0.0029906025928681237, "gnorm": 0.567, "tok_per_s": 242189.8, "load": 3.029296875}
{"event": "step", "step": 11200, "loss": 4.7663, "lr": 0.002990339797677514, "gnorm": 0.622, "tok_per_s": 242190.2, "load": 3.1875}
{"event": "step", "step": 11300, "loss": 4.8485, "lr": 0.0029900733916866378, "gnorm": 1.219, "tok_per_s": 241854.6, "load": 3.2529296875}
{"event": "step", "step": 11400, "loss": 4.714, "lr": 0.0029898033756131774, "gnorm": 0.703, "tok_per_s": 241949.5, "load": 3.2529296875}
{"event": "step", "step": 11500, "loss": 4.6096, "lr": 0.0029895297501845407, "gnorm": 0.635, "tok_per_s": 242285.7, "load": 3.232421875}
{"event": "step", "step": 11600, "loss": 4.7689, "lr": 0.0029892525161378603, "gnorm": 0.585, "tok_per_s": 242252.7, "load": 3.2939453125}
{"event": "step", "step": 11700, "loss": 5.0349, "lr": 0.0029889716742199876, "gnorm": 0.838, "tok_per_s": 242194.9, "load": 3.2939453125}
{"event": "step", "step": 11800, "loss": 4.8013, "lr": 0.0029886872251874965, "gnorm": 0.648, "tok_per_s": 242303.5, "load": 3.18994140625}
{"event": "step", "step": 11900, "loss": 4.9427, "lr": 0.0029883991698066758, "gnorm": 0.816, "tok_per_s": 242299.4, "load": 3.09423828125}
{"event": "step", "step": 12000, "loss": 4.9765, "lr": 0.0029881075088535308, "gnorm": 0.748, "tok_per_s": 242302.2, "load": 3.09423828125}
{"event": "step", "step": 12100, "loss": 4.7045, "lr": 0.00298781224311378, "gnorm": 0.693, "tok_per_s": 242237.8, "load": 3.08642578125}
{"event": "step", "step": 12200, "loss": 4.7528, "lr": 0.002987513373382852, "gnorm": 1.044, "tok_per_s": 242228.2, "load": 3.0791015625}
{"event": "step", "step": 12300, "loss": 4.9163, "lr": 0.0029872109004658864, "gnorm": 0.793, "tok_per_s": 242320.5, "load": 3.0791015625}
{"event": "step", "step": 12400, "loss": 4.7198, "lr": 0.0029869048251777272, "gnorm": 0.628, "tok_per_s": 242308.1, "load": 3.07275390625}
{"event": "step", "step": 12500, "loss": 5.0416, "lr": 0.002986595148342924, "gnorm": 0.64, "tok_per_s": 242277.2, "load": 3.06689453125}
{"event": "step", "step": 12600, "loss": 4.6905, "lr": 0.0029862818707957297, "gnorm": 0.672, "tok_per_s": 242226.0, "load": 3.06689453125}
{"event": "step", "step": 12700, "loss": 4.8522, "lr": 0.002985964993380096, "gnorm": 0.557, "tok_per_s": 242241.9, "load": 2.9814453125}
{"event": "step", "step": 12800, "loss": 4.6798, "lr": 0.0029856445169496727, "gnorm": 0.622, "tok_per_s": 242224.3, "load": 2.9833984375}
{"event": "step", "step": 12900, "loss": 4.6468, "lr": 0.002985320442367805, "gnorm": 0.642, "tok_per_s": 242196.3, "load": 2.9833984375}
{"event": "step", "step": 13000, "loss": 4.856, "lr": 0.002984992770507533, "gnorm": 0.73, "tok_per_s": 242182.5, "load": 2.904296875}
{"event": "step", "step": 13100, "loss": 4.7162, "lr": 0.0029846615022515845, "gnorm": 0.602, "tok_per_s": 242079.6, "load": 3.3125}
{"event": "step", "step": 13200, "loss": 4.9013, "lr": 0.002984326638492379, "gnorm": 0.581, "tok_per_s": 242101.0, "load": 3.3125}
{"event": "step", "step": 13300, "loss": 4.8704, "lr": 0.0029839881801320203, "gnorm": 0.722, "tok_per_s": 242059.8, "load": 3.287109375}
{"event": "step", "step": 13400, "loss": 4.6268, "lr": 0.0029836461280822965, "gnorm": 1.131, "tok_per_s": 242064.7, "load": 3.34423828125}
{"event": "step", "step": 13500, "loss": 4.9371, "lr": 0.002983300483264676, "gnorm": 0.534, "tok_per_s": 242090.3, "load": 3.34423828125}
{"event": "step", "step": 13600, "loss": 4.6951, "lr": 0.002982951246610307, "gnorm": 0.723, "tok_per_s": 242114.9, "load": 3.31640625}
{"event": "step", "step": 13700, "loss": 4.7861, "lr": 0.002982598419060013, "gnorm": 0.683, "tok_per_s": 242128.7, "load": 3.291015625}
{"event": "step", "step": 13800, "loss": 4.9828, "lr": 0.0029822420015642925, "gnorm": 0.627, "tok_per_s": 240742.6, "load": 3.291015625}
{"event": "step", "step": 13900, "loss": 4.9493, "lr": 0.002981881995083314, "gnorm": 0.678, "tok_per_s": 242076.7, "load": 3.42822265625}
{"event": "step", "step": 14000, "loss": 4.6721, "lr": 0.0029815184005869137, "gnorm": 0.596, "tok_per_s": 242217.8, "load": 3.3134765625}
{"event": "step", "step": 14100, "loss": 4.8461, "lr": 0.0029811512190545965, "gnorm": 0.645, "tok_per_s": 242153.6, "load": 3.3134765625}
{"event": "step", "step": 14200, "loss": 4.7275, "lr": 0.0029807804514755273, "gnorm": 0.807, "tok_per_s": 242106.9, "load": 3.36865234375}
{"event": "step", "step": 14300, "loss": 4.8443, "lr": 0.0029804060988485345, "gnorm": 1.629, "tok_per_s": 242155.0, "load": 3.3388671875}
{"event": "step", "step": 14400, "loss": 4.8507, "lr": 0.002980028162182102, "gnorm": 0.559, "tok_per_s": 242315.2, "load": 3.3115234375}
{"event": "step", "step": 14500, "loss": 4.8599, "lr": 0.002979646642494371, "gnorm": 0.786, "tok_per_s": 242334.7, "load": 3.3115234375}
{"event": "step", "step": 14600, "loss": 4.9136, "lr": 0.0029792615408131325, "gnorm": 0.662, "tok_per_s": 242186.8, "load": 3.2861328125}
{"event": "step", "step": 14700, "loss": 4.9422, "lr": 0.0029788728581758308, "gnorm": 0.674, "tok_per_s": 242178.6, "load": 3.18310546875}
{"event": "step", "step": 14800, "loss": 4.7605, "lr": 0.002978480595629554, "gnorm": 0.73, "tok_per_s": 242195.2, "load": 3.18310546875}
{"event": "step", "step": 14900, "loss": 4.8217, "lr": 0.002978084754231036, "gnorm": 0.584, "tok_per_s": 242177.1, "load": 3.16796875}
{"event": "step", "step": 15000, "loss": 4.7681, "lr": 0.00297768533504665, "gnorm": 1.32, "tok_per_s": 242142.1, "load": 3.154296875}
{"event": "step", "step": 15100, "loss": 4.8576, "lr": 0.0029772823391524114, "gnorm": 0.963, "tok_per_s": 219492.3, "load": 3.154296875}
{"event": "step", "step": 15200, "loss": 4.7632, "lr": 0.002976875767633966, "gnorm": 0.807, "tok_per_s": 242191.7, "load": 3.1416015625}
{"event": "step", "step": 15300, "loss": 4.7594, "lr": 0.0029764656215865958, "gnorm": 0.878, "tok_per_s": 242178.3, "load": 3.1298828125}
{"event": "step", "step": 15400, "loss": 4.7602, "lr": 0.002976051902115211, "gnorm": 0.706, "tok_per_s": 242128.5, "load": 3.1298828125}
{"event": "step", "step": 15500, "loss": 4.6639, "lr": 0.002975634610334349, "gnorm": 0.724, "tok_per_s": 242111.5, "load": 3.119140625}
{"event": "step", "step": 15600, "loss": 4.6347, "lr": 0.002975213747368171, "gnorm": 0.684, "tok_per_s": 242119.9, "load": 3.109375}
{"event": "step", "step": 15700, "loss": 4.7865, "lr": 0.0029747893143504565, "gnorm": 1.287, "tok_per_s": 242173.5, "load": 3.109375}
{"event": "step", "step": 15800, "loss": 4.6642, "lr": 0.0029743613124246057, "gnorm": 0.604, "tok_per_s": 242024.6, "load": 3.1005859375}
{"event": "step", "step": 15900, "loss": 4.8875, "lr": 0.002973929742743631, "gnorm": 0.663, "tok_per_s": 242105.5, "load": 3.1728515625}
{"event": "step", "step": 16000, "loss": 4.8753, "lr": 0.002973494606470158, "gnorm": 0.934, "tok_per_s": 242112.1, "load": 3.1728515625}
{"event": "step", "step": 16100, "loss": 4.7789, "lr": 0.0029730559047764183, "gnorm": 0.582, "tok_per_s": 242152.0, "load": 3.07861328125}
{"event": "step", "step": 16200, "loss": 4.9226, "lr": 0.00297261363884425, "gnorm": 0.808, "tok_per_s": 242317.3, "load": 3.072265625}
{"event": "step", "step": 16300, "loss": 4.8392, "lr": 0.002972167809865093, "gnorm": 0.692, "tok_per_s": 242294.9, "load": 3.072265625}
{"event": "step", "step": 16400, "loss": 4.5994, "lr": 0.002971718419039985, "gnorm": 0.553, "tok_per_s": 242351.5, "load": 3.06640625}
{"event": "step", "step": 16500, "loss": 4.8957, "lr": 0.002971265467579561, "gnorm": 0.609, "tok_per_s": 242358.4, "load": 3.06103515625}
{"event": "step", "step": 16600, "loss": 4.823, "lr": 0.002970808956704045, "gnorm": 0.574, "tok_per_s": 242299.2, "load": 3.06103515625}
{"event": "step", "step": 16700, "loss": 4.9696, "lr": 0.0029703488876432526, "gnorm": 0.627, "tok_per_s": 242305.6, "load": 3.13623046875}
{"event": "step", "step": 16800, "loss": 4.7216, "lr": 0.0029698852616365846, "gnorm": 0.765, "tok_per_s": 242353.6, "load": 3.125}
{"event": "step", "step": 16900, "loss": 4.7833, "lr": 0.002969418079933023, "gnorm": 0.646, "tok_per_s": 242256.2, "load": 3.125}
{"event": "step", "step": 17000, "loss": 4.7886, "lr": 0.0029689473437911284, "gnorm": 0.692, "tok_per_s": 242196.7, "load": 3.1953125}
{"event": "step", "step": 17100, "loss": 4.8103, "lr": 0.0029684730544790386, "gnorm": 0.874, "tok_per_s": 242198.8, "load": 3.17919921875}
{"event": "step", "step": 17200, "loss": 4.7017, "lr": 0.002967995213274462, "gnorm": 0.623, "tok_per_s": 242298.8, "load": 3.16455078125}
{"event": "step", "step": 17300, "loss": 4.8252, "lr": 0.002967513821464676, "gnorm": 0.604, "tok_per_s": 242269.3, "load": 3.16455078125}
{"event": "step", "step": 17400, "loss": 4.8266, "lr": 0.002967028880346523, "gnorm": 0.835, "tok_per_s": 242268.1, "load": 3.1513671875}
{"event": "step", "step": 17500, "loss": 4.766, "lr": 0.0029665403912264078, "gnorm": 0.743, "tok_per_s": 242327.8, "load": 3.13916015625}
{"event": "step", "step": 17600, "loss": 4.7756, "lr": 0.002966048355420292, "gnorm": 0.65, "tok_per_s": 242369.0, "load": 3.13916015625}
{"event": "step", "step": 17700, "loss": 4.8389, "lr": 0.0029655527742536926, "gnorm": 0.704, "tok_per_s": 242372.8, "load": 3.1279296875}
{"event": "step", "step": 17800, "loss": 4.8788, "lr": 0.002965053649061678, "gnorm": 0.614, "tok_per_s": 242355.4, "load": 3.9990234375}
{"event": "step", "step": 17900, "loss": 4.7498, "lr": 0.0029645509811888635, "gnorm": 0.754, "tok_per_s": 242323.9, "load": 3.9990234375}
{"event": "step", "step": 18000, "loss": 4.9958, "lr": 0.0029640447719894067, "gnorm": 0.79, "tok_per_s": 242221.1, "load": 3.9189453125}
{"event": "step", "step": 18100, "loss": 4.7644, "lr": 0.0029635350228270087, "gnorm": 0.783, "tok_per_s": 242208.7, "load": 3.76513671875}
{"event": "step", "step": 18200, "loss": 4.6115, "lr": 0.0029630217350749043, "gnorm": 0.664, "tok_per_s": 242187.9, "load": 3.76513671875}
{"event": "step", "step": 18300, "loss": 4.7449, "lr": 0.002962504910115862, "gnorm": 0.74, "tok_per_s": 242101.2, "load": 3.70361328125}
{"event": "step", "step": 18400, "loss": 4.6706, "lr": 0.002961984549342179, "gnorm": 0.588, "tok_per_s": 242079.5, "load": 3.64697265625}
{"event": "step", "step": 18500, "loss": 4.8149, "lr": 0.0029614606541556784, "gnorm": 0.593, "tok_per_s": 242130.1, "load": 3.64697265625}
{"event": "step", "step": 18600, "loss": 4.6683, "lr": 0.0029609332259677044, "gnorm": 0.766, "tok_per_s": 242180.9, "load": 3.5947265625}
{"event": "step", "step": 18700, "loss": 4.8011, "lr": 0.0029604022661991183, "gnorm": 0.617, "tok_per_s": 242278.1, "load": 3.546875}
{"event": "step", "step": 18800, "loss": 4.6588, "lr": 0.002959867776280297, "gnorm": 0.646, "tok_per_s": 242311.4, "load": 3.546875}
{"event": "step", "step": 18900, "loss": 4.5996, "lr": 0.002959329757651126, "gnorm": 0.592, "tok_per_s": 242208.6, "load": 3.5029296875}
{"event": "step", "step": 19000, "loss": 4.818, "lr": 0.0029587882117609976, "gnorm": 0.64, "tok_per_s": 242199.7, "load": 3.46240234375}
{"event": "step", "step": 19100, "loss": 4.7622, "lr": 0.0029582431400688052, "gnorm": 0.817, "tok_per_s": 242233.3, "load": 3.46240234375}
{"event": "step", "step": 19200, "loss": 4.8289, "lr": 0.002957694544042942, "gnorm": 0.705, "tok_per_s": 242335.9, "load": 4.06640625}
{"event": "step", "step": 19300, "loss": 4.6131, "lr": 0.0029571424251612953, "gnorm": 0.644, "tok_per_s": 242400.9, "load": 3.98095703125}
{"event": "step", "step": 19400, "loss": 4.8218, "lr": 0.0029565867849112417, "gnorm": 0.829, "tok_per_s": 242263.3, "load": 3.98095703125}
{"event": "step", "step": 19500, "loss": 4.7762, "lr": 0.002956027624789645, "gnorm": 0.947, "tok_per_s": 242223.9, "load": 3.90234375}
{"event": "step", "step": 19600, "loss": 4.8136, "lr": 0.002955464946302851, "gnorm": 0.825, "tok_per_s": 242173.9, "load": 4.15087890625}
{"event": "step", "step": 19700, "loss": 4.7923, "lr": 0.0029548987509666847, "gnorm": 0.77, "tok_per_s": 242376.5, "load": 4.15087890625}
{"event": "step", "step": 19800, "loss": 4.5403, "lr": 0.0029543290403064447, "gnorm": 0.806, "tok_per_s": 242361.7, "load": 4.05859375}
{"event": "step", "step": 19900, "loss": 4.7298, "lr": 0.0029537558158568983, "gnorm": 0.907, "tok_per_s": 242328.9, "load": 3.9736328125}
{"event": "step", "step": 20000, "loss": 4.6239, "lr": 0.0029531790791622816, "gnorm": 0.741, "tok_per_s": 242361.6, "load": 3.9736328125}
eval 20000 {'bpb': 1.5604478009635558, 'nats_per_token': 4.704938011325478, 'tokens': 16379, 'bytes': 71247}
{"event": "step", "step": 20100, "loss": 4.6113, "lr": 0.0029525988317762896, "gnorm": 0.748, "tok_per_s": 209945.8, "load": 3.8955078125}
{"event": "step", "step": 20200, "loss": 4.6871, "lr": 0.0029520150752620766, "gnorm": 0.652, "tok_per_s": 242670.4, "load": 3.82373046875}
{"event": "step", "step": 20300, "loss": 4.8812, "lr": 0.002951427811192251, "gnorm": 0.693, "tok_per_s": 242585.5, "load": 3.75732421875}
{"event": "step", "step": 20400, "loss": 4.7408, "lr": 0.0029508370411488677, "gnorm": 0.564, "tok_per_s": 242650.5, "load": 3.75732421875}
{"event": "step", "step": 20500, "loss": 4.8317, "lr": 0.0029502427667234287, "gnorm": 0.916, "tok_per_s": 242611.9, "load": 3.6962890625}
{"event": "step", "step": 20600, "loss": 4.7902, "lr": 0.0029496449895168764, "gnorm": 0.924, "tok_per_s": 242529.4, "load": 6.123046875}
{"event": "step", "step": 20700, "loss": 4.6791, "lr": 0.0029490437111395883, "gnorm": 0.549, "tok_per_s": 242614.0, "load": 6.123046875}
{"event": "step", "step": 20800, "loss": 4.818, "lr": 0.0029484389332113756, "gnorm": 0.869, "tok_per_s": 242636.0, "load": 5.87255859375}
{"event": "step", "step": 20900, "loss": 4.8888, "lr": 0.0029478306573614754, "gnorm": 0.835, "tok_per_s": 242544.3, "load": 5.64208984375}
{"event": "step", "step": 21000, "loss": 4.8779, "lr": 0.002947218885228549, "gnorm": 0.661, "tok_per_s": 242608.3, "load": 5.64208984375}
{"event": "step", "step": 21100, "loss": 4.6233, "lr": 0.002946603618460676, "gnorm": 0.861, "tok_per_s": 242654.5, "load": 5.43017578125}
{"event": "step", "step": 21200, "loss": 4.7696, "lr": 0.0029459848587153506, "gnorm": 0.875, "tok_per_s": 242592.3, "load": 5.2353515625}
{"event": "step", "step": 21300, "loss": 4.7204, "lr": 0.002945362607659477, "gnorm": 0.522, "tok_per_s": 242529.2, "load": 5.2353515625}
{"event": "step", "step": 21400, "loss": 4.8862, "lr": 0.002944736866969365, "gnorm": 0.792, "tok_per_s": 242381.6, "load": 5.05615234375}
{"event": "step", "step": 21500, "loss": 4.837, "lr": 0.0029441076383307243, "gnorm": 0.835, "tok_per_s": 242425.8, "load": 4.89111328125}
{"event": "step", "step": 21600, "loss": 4.9542, "lr": 0.0029434749234386617, "gnorm": 1.013, "tok_per_s": 242480.1, "load": 4.89111328125}
{"event": "step", "step": 21700, "loss": 4.6083, "lr": 0.0029428387239976766, "gnorm": 0.701, "tok_per_s": 242416.2, "load": 4.7392578125}
{"event": "step", "step": 21800, "loss": 4.7227, "lr": 0.002942199041721653, "gnorm": 0.788, "tok_per_s": 242476.2, "load": 4.6796875}
{"event": "step", "step": 21900, "loss": 4.8009, "lr": 0.0029415558783338603, "gnorm": 0.651, "tok_per_s": 242382.4, "load": 4.6796875}
{"event": "step", "step": 22000, "loss": 4.7096, "lr": 0.0029409092355669442, "gnorm": 0.646, "tok_per_s": 242470.3, "load": 4.544921875}
{"event": "step", "step": 22100, "loss": 4.7143, "lr": 0.002940259115162924, "gnorm": 0.561, "tok_per_s": 242463.4, "load": 4.4208984375}
{"event": "step", "step": 22200, "loss": 4.7506, "lr": 0.0029396055188731876, "gnorm": 0.572, "tok_per_s": 242449.1, "load": 4.4208984375}
{"event": "step", "step": 22300, "loss": 4.8048, "lr": 0.0029389484484584867, "gnorm": 0.671, "tok_per_s": 242463.2, "load": 4.306640625}
{"event": "step", "step": 22400, "loss": 4.7751, "lr": 0.0029382879056889326, "gnorm": 1.128, "tok_per_s": 242421.3, "load": 4.20166015625}
{"event": "step", "step": 22500, "loss": 4.6402, "lr": 0.0029376238923439907, "gnorm": 0.797, "tok_per_s": 242499.1, "load": 4.20166015625}
{"event": "step", "step": 22600, "loss": 4.9191, "lr": 0.0029369564102124748, "gnorm": 0.755, "tok_per_s": 242384.0, "load": 4.10498046875}
{"event": "step", "step": 22700, "loss": 4.8787, "lr": 0.0029362854610925446, "gnorm": 0.761, "tok_per_s": 242510.7, "load": 4.01611328125}
{"event": "step", "step": 22800, "loss": 4.829, "lr": 0.0029356110467916997, "gnorm": 0.702, "tok_per_s": 242494.9, "load": 4.01611328125}
{"event": "step", "step": 22900, "loss": 4.774, "lr": 0.002934933169126774, "gnorm": 0.756, "tok_per_s": 242530.4, "load": 3.9345703125}
{"event": "step", "step": 23000, "loss": 4.6665, "lr": 0.0029342518299239322, "gnorm": 0.862, "tok_per_s": 242442.0, "load": 3.859375}
{"event": "step", "step": 23100, "loss": 4.8941, "lr": 0.0029335670310186644, "gnorm": 0.772, "tok_per_s": 242608.4, "load": 3.79052734375}
{"event": "step", "step": 23200, "loss": 4.951, "lr": 0.00293287877425578, "gnorm": 1.017, "tok_per_s": 242588.7, "load": 3.79052734375}
{"event": "step", "step": 23300, "loss": 4.7361, "lr": 0.002932187061489404, "gnorm": 0.993, "tok_per_s": 242578.2, "load": 3.72705078125}
{"event": "step", "step": 23400, "loss": 4.6104, "lr": 0.0029314918945829715, "gnorm": 0.52, "tok_per_s": 242531.1, "load": 3.66845703125}
{"event": "step", "step": 23500, "loss": 4.6819, "lr": 0.002930793275409224, "gnorm": 0.833, "tok_per_s": 242554.8, "load": 3.66845703125}
{"event": "step", "step": 23600, "loss": 4.8818, "lr": 0.002930091205850202, "gnorm": 0.75, "tok_per_s": 242450.8, "load": 3.6953125}
{"event": "step", "step": 23700, "loss": 4.8063, "lr": 0.0029293856877972415, "gnorm": 0.629, "tok_per_s": 242411.1, "load": 3.63916015625}
{"event": "step", "step": 23800, "loss": 4.6024, "lr": 0.0029286767231509686, "gnorm": 0.915, "tok_per_s": 242386.5, "load": 3.63916015625}
{"event": "step", "step": 23900, "loss": 4.8885, "lr": 0.002927964313821294, "gnorm": 0.935, "tok_per_s": 242472.3, "load": 3.587890625}
{"event": "step", "step": 24000, "loss": 4.7761, "lr": 0.0029272484617274093, "gnorm": 0.701, "tok_per_s": 242572.2, "load": 3.54052734375}
{"event": "step", "step": 24100, "loss": 4.7039, "lr": 0.002926529168797779, "gnorm": 0.744, "tok_per_s": 242597.7, "load": 3.54052734375}
{"event": "step", "step": 24200, "loss": 4.7722, "lr": 0.002925806436970138, "gnorm": 0.67, "tok_per_s": 242540.1, "load": 3.4970703125}
{"event": "step", "step": 24300, "loss": 4.6885, "lr": 0.0029250802681914864, "gnorm": 0.676, "tok_per_s": 242597.9, "load": 3.61767578125}
{"event": "step", "step": 24400, "loss": 4.6172, "lr": 0.002924350664418081, "gnorm": 0.988, "tok_per_s": 242638.6, "load": 3.61767578125}
{"event": "step", "step": 24500, "loss": 4.6375, "lr": 0.0029236176276154343, "gnorm": 0.621, "tok_per_s": 242587.7, "load": 3.56787109375}
{"event": "step", "step": 24600, "loss": 4.9005, "lr": 0.0029228811597583055, "gnorm": 0.831, "tok_per_s": 242608.3, "load": 3.52197265625}
{"event": "step", "step": 24700, "loss": 4.822, "lr": 0.0029221412628306982, "gnorm": 0.637, "tok_per_s": 242413.8, "load": 3.52197265625}
{"event": "step", "step": 24800, "loss": 4.649, "lr": 0.0029213979388258535, "gnorm": 0.639, "tok_per_s": 242498.8, "load": 3.47998046875}
{"event": "step", "step": 24900, "loss": 4.7007, "lr": 0.0029206511897462437, "gnorm": 0.837, "tok_per_s": 242523.9, "load": 3.44140625}
{"event": "step", "step": 25000, "loss": 4.723, "lr": 0.0029199010176035696, "gnorm": 0.778, "tok_per_s": 242494.5, "load": 3.44140625}
{"event": "step", "step": 25100, "loss": 4.8257, "lr": 0.002919147424418753, "gnorm": 0.641, "tok_per_s": 219168.9, "load": 3.40576171875}
{"event": "step", "step": 25200, "loss": 4.7637, "lr": 0.002918390412221932, "gnorm": 0.607, "tok_per_s": 242660.2, "load": 3.373046875}
{"event": "step", "step": 25300, "loss": 4.5465, "lr": 0.002917629983052454, "gnorm": 0.725, "tok_per_s": 242578.9, "load": 3.373046875}
{"event": "step", "step": 25400, "loss": 4.62, "lr": 0.0029168661389588732, "gnorm": 0.736, "tok_per_s": 242646.4, "load": 3.2626953125}
{"event": "step", "step": 25500, "loss": 4.7972, "lr": 0.0029160988819989424, "gnorm": 0.718, "tok_per_s": 242608.2, "load": 3.2412109375}
{"event": "step", "step": 25600, "loss": 4.7234, "lr": 0.0029153282142396096, "gnorm": 0.665, "tok_per_s": 242588.8, "load": 3.2412109375}
{"event": "step", "step": 25700, "loss": 4.6633, "lr": 0.0029145541377570095, "gnorm": 0.61, "tok_per_s": 242617.0, "load": 3.2216796875}
{"event": "step", "step": 25800, "loss": 4.5875, "lr": 0.0029137766546364617, "gnorm": 0.648, "tok_per_s": 242596.8, "load": 3.2841796875}
{"event": "step", "step": 25900, "loss": 4.7033, "lr": 0.002912995766972461, "gnorm": 0.546, "tok_per_s": 242481.9, "load": 3.26123046875}
{"event": "step", "step": 26000, "loss": 4.7185, "lr": 0.002912211476868676, "gnorm": 0.682, "tok_per_s": 242448.3, "load": 3.26123046875}
{"event": "step", "step": 26100, "loss": 4.854, "lr": 0.0029114237864379406, "gnorm": 0.679, "tok_per_s": 242581.5, "load": 3.240234375}
{"event": "step", "step": 26200, "loss": 4.8254, "lr": 0.002910632697802247, "gnorm": 0.638, "tok_per_s": 242555.9, "load": 3.220703125}
{"event": "step", "step": 26300, "loss": 4.6142, "lr": 0.002909838213092745, "gnorm": 0.671, "tok_per_s": 242544.9, "load": 3.220703125}
{"event": "step", "step": 26400, "loss": 4.6528, "lr": 0.0029090403344497317, "gnorm": 0.762, "tok_per_s": 242554.7, "load": 3.12255859375}
{"event": "step", "step": 26500, "loss": 4.6101, "lr": 0.002908239064022647, "gnorm": 0.648, "tok_per_s": 242580.4, "load": 3.1123046875}
{"event": "step", "step": 26600, "loss": 4.6055, "lr": 0.0029074344039700683, "gnorm": 0.623, "tok_per_s": 242563.3, "load": 3.1123046875}
{"event": "step", "step": 26700, "loss": 4.8369, "lr": 0.002906626356459706, "gnorm": 0.832, "tok_per_s": 242557.8, "load": 3.10302734375}
{"event": "step", "step": 26800, "loss": 4.7465, "lr": 0.0029058149236683936, "gnorm": 0.821, "tok_per_s": 242583.0, "load": 3.17529296875}
{"event": "step", "step": 26900, "loss": 4.6167, "lr": 0.002905000107782086, "gnorm": 0.803, "tok_per_s": 242569.1, "load": 3.17529296875}
{"event": "step", "step": 27000, "loss": 4.624, "lr": 0.002904181910995851, "gnorm": 0.585, "tok_per_s": 242557.4, "load": 3.1611328125}
{"event": "step", "step": 27100, "loss": 4.8031, "lr": 0.0029033603355138647, "gnorm": 0.593, "tok_per_s": 242512.6, "load": 3.14794921875}
{"event": "step", "step": 27200, "loss": 4.6737, "lr": 0.0029025353835494066, "gnorm": 0.764, "tok_per_s": 242542.5, "load": 3.14794921875}
{"event": "step", "step": 27300, "loss": 4.7062, "lr": 0.00290170705732485, "gnorm": 0.845, "tok_per_s": 242407.4, "load": 3.1357421875}
{"event": "step", "step": 27400, "loss": 4.5564, "lr": 0.00290087535907166, "gnorm": 0.694, "tok_per_s": 242464.7, "load": 3.12451171875}
{"event": "step", "step": 27500, "loss": 4.7818, "lr": 0.0029000402910303842, "gnorm": 0.849, "tok_per_s": 242376.2, "load": 3.12451171875}
{"event": "step", "step": 27600, "loss": 4.7989, "lr": 0.00289920185545065, "gnorm": 0.963, "tok_per_s": 242307.3, "load": 3.19482421875}
{"event": "step", "step": 27700, "loss": 4.7065, "lr": 0.0028983600545911554, "gnorm": 0.649, "tok_per_s": 242489.4, "load": 3.17919921875}
{"event": "step", "step": 27800, "loss": 4.6992, "lr": 0.0028975148907196646, "gnorm": 0.813, "tok_per_s": 242382.6, "load": 3.17919921875}
{"event": "step", "step": 27900, "loss": 4.7908, "lr": 0.002896666366113002, "gnorm": 0.789, "tok_per_s": 242362.9, "load": 3.16455078125}
{"event": "step", "step": 28000, "loss": 4.71, "lr": 0.0028958144830570453, "gnorm": 0.621, "tok_per_s": 242435.7, "load": 3.1513671875}
{"event": "step", "step": 28100, "loss": 4.6896, "lr": 0.002894959243846719, "gnorm": 0.801, "tok_per_s": 242390.0, "load": 3.1513671875}
{"event": "step", "step": 28200, "loss": 4.7123, "lr": 0.0028941006507859903, "gnorm": 0.932, "tok_per_s": 242427.2, "load": 3.13916015625}
{"event": "step", "step": 28300, "loss": 4.793, "lr": 0.002893238706187861, "gnorm": 0.718, "tok_per_s": 242316.5, "load": 3.1279296875}
{"event": "step", "step": 28400, "loss": 4.7489, "lr": 0.002892373412374361, "gnorm": 0.725, "tok_per_s": 242358.7, "load": 3.1279296875}
{"event": "step", "step": 28500, "loss": 4.7662, "lr": 0.0028915047716765434, "gnorm": 0.791, "tok_per_s": 242379.2, "load": 3.11767578125}
{"event": "step", "step": 28600, "loss": 4.5736, "lr": 0.002890632786434477, "gnorm": 0.898, "tok_per_s": 242465.8, "load": 3.10791015625}
{"event": "step", "step": 28700, "loss": 4.7379, "lr": 0.0028897574589972423, "gnorm": 0.842, "tok_per_s": 242413.2, "load": 3.10791015625}
{"event": "step", "step": 28800, "loss": 4.8773, "lr": 0.0028888787917229217, "gnorm": 0.786, "tok_per_s": 242417.3, "load": 3.09912109375}
{"event": "step", "step": 28900, "loss": 4.8165, "lr": 0.002887996786978596, "gnorm": 0.797, "tok_per_s": 242478.4, "load": 3.0908203125}
{"event": "step", "step": 29000, "loss": 4.765, "lr": 0.0028871114471403355, "gnorm": 0.676, "tok_per_s": 242409.8, "load": 3.0908203125}
{"event": "step", "step": 29100, "loss": 4.8145, "lr": 0.002886222774593197, "gnorm": 1.247, "tok_per_s": 242427.7, "load": 3.00341796875}
{"event": "step", "step": 29200, "loss": 4.8994, "lr": 0.0028853307717312147, "gnorm": 0.716, "tok_per_s": 242524.2, "load": 3.0029296875}
{"event": "step", "step": 29300, "loss": 4.7484, "lr": 0.002884435440957393, "gnorm": 0.724, "tok_per_s": 242528.7, "load": 3.0830078125}
{"event": "step", "step": 29400, "loss": 4.7337, "lr": 0.002883536784683704, "gnorm": 0.796, "tok_per_s": 242513.3, "load": 3.0830078125}
{"event": "step", "step": 29500, "loss": 4.796, "lr": 0.0028826348053310777, "gnorm": 0.769, "tok_per_s": 242525.7, "load": 3.076171875}
{"event": "step", "step": 29600, "loss": 4.7454, "lr": 0.0028817295053293946, "gnorm": 0.698, "tok_per_s": 242502.8, "load": 3.06982421875}
{"event": "step", "step": 29700, "loss": 4.8692, "lr": 0.002880820887117483, "gnorm": 0.839, "tok_per_s": 242450.7, "load": 3.06982421875}
{"event": "step", "step": 29800, "loss": 4.7848, "lr": 0.0028799089531431087, "gnorm": 0.652, "tok_per_s": 242452.8, "load": 3.06396484375}
{"event": "step", "step": 29900, "loss": 4.7363, "lr": 0.0028789937058629716, "gnorm": 0.867, "tok_per_s": 242457.0, "load": 3.13916015625}
{"event": "step", "step": 30000, "loss": 4.6763, "lr": 0.0028780751477426956, "gnorm": 0.702, "tok_per_s": 242408.9, "load": 3.13916015625}
{"event": "step", "step": 30100, "loss": 4.7149, "lr": 0.002877153281256826, "gnorm": 0.749, "tok_per_s": 219631.9, "load": 3.1279296875}
{"event": "step", "step": 30200, "loss": 4.666, "lr": 0.0028762281088888183, "gnorm": 0.867, "tok_per_s": 242417.3, "load": 3.11767578125}
{"event": "step", "step": 30300, "loss": 4.6683, "lr": 0.0028752996331310354, "gnorm": 0.845, "tok_per_s": 242413.8, "load": 3.11767578125}
{"event": "step", "step": 30400, "loss": 4.7133, "lr": 0.002874367856484739, "gnorm": 0.869, "tok_per_s": 242430.4, "load": 3.10791015625}
{"event": "step", "step": 30500, "loss": 4.7845, "lr": 0.0028734327814600833, "gnorm": 1.216, "tok_per_s": 242411.2, "load": 3.09912109375}
{"event": "step", "step": 30600, "loss": 4.5689, "lr": 0.0028724944105761076, "gnorm": 0.71, "tok_per_s": 242368.5, "load": 3.09912109375}
{"event": "step", "step": 30700, "loss": 4.6936, "lr": 0.002871552746360731, "gnorm": 0.602, "tok_per_s": 242289.6, "load": 3.0908203125}
{"event": "step", "step": 30800, "loss": 4.6644, "lr": 0.002870607791350743, "gnorm": 0.877, "tok_per_s": 242144.9, "load": 3.08349609375}
{"event": "step", "step": 30900, "loss": 4.7822, "lr": 0.0028696595480918008, "gnorm": 0.782, "tok_per_s": 242224.5, "load": 3.08349609375}
{"event": "step", "step": 31000, "loss": 4.8229, "lr": 0.002868708019138418, "gnorm": 0.833, "tok_per_s": 242198.7, "load": 3.07666015625}
{"event": "step", "step": 31100, "loss": 4.8899, "lr": 0.0028677532070539597, "gnorm": 0.73, "tok_per_s": 242259.3, "load": 2.990234375}
{"event": "step", "step": 31200, "loss": 4.667, "lr": 0.002866795114410637, "gnorm": 0.62, "tok_per_s": 242332.4, "load": 2.990234375}
{"event": "step", "step": 31300, "loss": 4.7513, "lr": 0.002865833743789497, "gnorm": 0.849, "tok_per_s": 242182.2, "load": 2.9912109375}
{"event": "step", "step": 31400, "loss": 4.5988, "lr": 0.002864869097780419, "gnorm": 0.778, "tok_per_s": 242108.9, "load": 2.9921875}
{"event": "step", "step": 31500, "loss": 4.7429, "lr": 0.0028639011789821046, "gnorm": 0.749, "tok_per_s": 242241.6, "load": 2.9921875}
{"event": "step", "step": 31600, "loss": 4.6076, "lr": 0.002862929990002073, "gnorm": 1.03, "tok_per_s": 242238.8, "load": 3.1533203125}
{"event": "step", "step": 31700, "loss": 4.6963, "lr": 0.002861955533456653, "gnorm": 0.734, "tok_per_s": 242250.6, "load": 3.140625}
{"event": "step", "step": 31800, "loss": 4.7023, "lr": 0.002860977811970976, "gnorm": 0.982, "tok_per_s": 242176.3, "load": 3.140625}
{"event": "step", "step": 31900, "loss": 4.8537, "lr": 0.0028599968281789686, "gnorm": 0.669, "tok_per_s": 242419.4, "load": 3.12890625}
{"event": "step", "step": 32000, "loss": 4.7224, "lr": 0.002859012584723346, "gnorm": 0.86, "tok_per_s": 242374.2, "load": 3.19873046875}
{"event": "step", "step": 32100, "loss": 4.699, "lr": 0.0028580250842556057, "gnorm": 0.704, "tok_per_s": 242323.4, "load": 3.34326171875}
{"event": "step", "step": 32200, "loss": 4.7424, "lr": 0.0028570343294360176, "gnorm": 0.606, "tok_per_s": 242334.1, "load": 3.34326171875}
{"event": "step", "step": 32300, "loss": 4.7734, "lr": 0.00285604032293362, "gnorm": 0.716, "tok_per_s": 242372.0, "load": 3.3154296875}
{"event": "step", "step": 32400, "loss": 4.7374, "lr": 0.0028550430674262107, "gnorm": 0.783, "tok_per_s": 242401.5, "load": 3.2900390625}
{"event": "step", "step": 32500, "loss": 4.7735, "lr": 0.0028540425656003398, "gnorm": 0.709, "tok_per_s": 242322.3, "load": 3.2900390625}
{"event": "step", "step": 32600, "loss": 4.4368, "lr": 0.002853038820151304, "gnorm": 0.807, "tok_per_s": 242330.7, "load": 3.2666015625}
{"event": "step", "step": 32700, "loss": 4.75, "lr": 0.002852031833783137, "gnorm": 0.878, "tok_per_s": 242242.0, "load": 3.2451171875}
{"event": "step", "step": 32800, "loss": 4.8111, "lr": 0.002851021609208603, "gnorm": 0.806, "tok_per_s": 242271.4, "load": 3.2451171875}
{"event": "step", "step": 32900, "loss": 4.6543, "lr": 0.00285000814914919, "gnorm": 0.814, "tok_per_s": 242273.4, "load": 3.14501953125}
{"event": "step", "step": 33000, "loss": 4.7014, "lr": 0.0028489914563351046, "gnorm": 0.591, "tok_per_s": 242301.0, "load": 3.13330078125}
{"event": "step", "step": 33100, "loss": 4.8251, "lr": 0.0028479715335052586, "gnorm": 0.775, "tok_per_s": 242326.1, "load": 3.13330078125}
{"event": "step", "step": 33200, "loss": 4.873, "lr": 0.002846948383407267, "gnorm": 0.676, "tok_per_s": 242314.8, "load": 3.12255859375}
{"event": "step", "step": 33300, "loss": 4.624, "lr": 0.0028459220087974388, "gnorm": 0.64, "tok_per_s": 242324.6, "load": 3.0322265625}
{"event": "step", "step": 33400, "loss": 4.7999, "lr": 0.0028448924124407702, "gnorm": 0.606, "tok_per_s": 242336.3, "load": 3.0322265625}
{"event": "step", "step": 33500, "loss": 4.6453, "lr": 0.0028438595971109356, "gnorm": 0.884, "tok_per_s": 242369.1, "load": 3.029296875}
{"event": "step", "step": 33600, "loss": 4.8379, "lr": 0.002842823565590282, "gnorm": 0.873, "tok_per_s": 242315.0, "load": 5.509765625}
{"event": "step", "step": 33700, "loss": 4.7834, "lr": 0.00284178432066982, "gnorm": 0.82, "tok_per_s": 242281.3, "load": 5.509765625}
{"event": "step", "step": 33800, "loss": 4.5746, "lr": 0.0028407418651492174, "gnorm": 0.657, "tok_per_s": 242357.5, "load": 7.79150390625}
{"event": "step", "step": 33900, "loss": 4.5483, "lr": 0.00283969620183679, "gnorm": 0.727, "tok_per_s": 242387.8, "load": 7.40771484375}
{"event": "step", "step": 34000, "loss": 4.5035, "lr": 0.002838647333549497, "gnorm": 1.119, "tok_per_s": 242400.9, "load": 7.40771484375}
{"event": "step", "step": 34100, "loss": 4.7369, "lr": 0.002837595263112931, "gnorm": 0.65, "tok_per_s": 242379.6, "load": 7.0546875}
{"event": "step", "step": 34200, "loss": 4.757, "lr": 0.0028365399933613098, "gnorm": 0.628, "tok_per_s": 242354.3, "load": 7.37109375}
{"event": "step", "step": 34300, "loss": 4.6799, "lr": 0.0028354815271374716, "gnorm": 0.659, "tok_per_s": 242341.5, "load": 7.37109375}
{"event": "step", "step": 34400, "loss": 4.6752, "lr": 0.002834419867292865, "gnorm": 0.723, "tok_per_s": 242301.8, "load": 6.94091796875}
{"event": "step", "step": 34500, "loss": 4.6868, "lr": 0.002833355016687542, "gnorm": 0.886, "tok_per_s": 242305.3, "load": 6.625}
{"event": "step", "step": 34600, "loss": 4.6424, "lr": 0.0028322869781901507, "gnorm": 0.943, "tok_per_s": 242285.3, "load": 6.625}
{"event": "step", "step": 34700, "loss": 4.8159, "lr": 0.0028312157546779263, "gnorm": 0.7, "tok_per_s": 242291.4, "load": 6.25439453125}
{"event": "step", "step": 34800, "loss": 4.7098, "lr": 0.002830141349036686, "gnorm": 0.62, "tok_per_s": 242288.6, "load": 6.15380859375}
{"event": "step", "step": 34900, "loss": 4.9379, "lr": 0.002829063764160817, "gnorm": 0.624, "tok_per_s": 242286.4, "load": 6.15380859375}
{"event": "step", "step": 35000, "loss": 4.6781, "lr": 0.002827983002953273, "gnorm": 0.966, "tok_per_s": 242268.7, "load": 5.82080078125}
{"event": "step", "step": 35100, "loss": 4.8743, "lr": 0.0028268990683255647, "gnorm": 0.7, "tok_per_s": 219516.2, "load": 5.5146484375}
{"event": "step", "step": 35200, "loss": 4.6524, "lr": 0.002825811963197751, "gnorm": 0.773, "tok_per_s": 242296.4, "load": 5.23291015625}
{"event": "step", "step": 35300, "loss": 4.6846, "lr": 0.0028247216904984315, "gnorm": 0.773, "tok_per_s": 242291.6, "load": 5.23291015625}
{"event": "step", "step": 35400, "loss": 4.7579, "lr": 0.0028236282531647404, "gnorm": 0.738, "tok_per_s": 242296.0, "load": 4.9736328125}
{"event": "step", "step": 35500, "loss": 4.6049, "lr": 0.0028225316541423363, "gnorm": 0.698, "tok_per_s": 242331.4, "load": 4.8154296875}
{"event": "step", "step": 35600, "loss": 4.6662, "lr": 0.0028214318963853953, "gnorm": 0.689, "tok_per_s": 242271.7, "load": 4.8154296875}
{"event": "step", "step": 35700, "loss": 4.9454, "lr": 0.002820328982856604, "gnorm": 0.82, "tok_per_s": 242344.0, "load": 4.669921875}
{"event": "step", "step": 35800, "loss": 4.7726, "lr": 0.0028192229165271486, "gnorm": 0.935, "tok_per_s": 242292.8, "load": 4.5361328125}
{"event": "step", "step": 35900, "loss": 4.6879, "lr": 0.00281811370037671, "gnorm": 0.795, "tok_per_s": 242251.8, "load": 4.5361328125}
{"event": "step", "step": 36000, "loss": 4.7325, "lr": 0.0028170013373934547, "gnorm": 0.628, "tok_per_s": 242337.1, "load": 4.4130859375}
{"event": "step", "step": 36100, "loss": 4.6646, "lr": 0.002815885830574026, "gnorm": 0.856, "tok_per_s": 242349.7, "load": 4.2197265625}
{"event": "step", "step": 36200, "loss": 4.6988, "lr": 0.0028147671829235367, "gnorm": 0.695, "tok_per_s": 242366.5, "load": 4.2197265625}
{"event": "step", "step": 36300, "loss": 4.7561, "lr": 0.002813645397455561, "gnorm": 0.889, "tok_per_s": 242324.2, "load": 4.04150390625}
{"event": "step", "step": 36400, "loss": 4.8177, "lr": 0.0028125204771921254, "gnorm": 0.912, "tok_per_s": 242226.7, "load": 3.8779296875}
{"event": "step", "step": 36500, "loss": 4.8104, "lr": 0.002811392425163703, "gnorm": 0.737, "tok_per_s": 242280.4, "load": 3.8779296875}
{"event": "step", "step": 36600, "loss": 4.7636, "lr": 0.002810261244409202, "gnorm": 0.668, "tok_per_s": 242236.6, "load": 3.7275390625}
{"event": "step", "step": 36700, "loss": 4.7397, "lr": 0.002809126937975961, "gnorm": 0.651, "tok_per_s": 242216.6, "load": 3.5888671875}
{"event": "step", "step": 36800, "loss": 4.6298, "lr": 0.0028079895089197365, "gnorm": 0.737, "tok_per_s": 242267.4, "load": 3.5888671875}
{"event": "step", "step": 36900, "loss": 4.6338, "lr": 0.0028068489603046993, "gnorm": 0.692, "tok_per_s": 242345.9, "load": 3.46142578125}
{"event": "step", "step": 37000, "loss": 4.6418, "lr": 0.0028057052952034233, "gnorm": 0.85, "tok_per_s": 242422.1, "load": 3.42431640625}
{"event": "step", "step": 37100, "loss": 4.6647, "lr": 0.002804558516696878, "gnorm": 0.835, "tok_per_s": 242383.4, "load": 3.42431640625}
{"event": "step", "step": 37200, "loss": 4.7434, "lr": 0.002803408627874421, "gnorm": 1.022, "tok_per_s": 242277.4, "load": 3.31005859375}
{"event": "step", "step": 37300, "loss": 4.7321, "lr": 0.002802255631833788, "gnorm": 0.89, "tok_per_s": 242271.5, "load": 3.205078125}
{"event": "step", "step": 37400, "loss": 5.0307, "lr": 0.0028010995316810855, "gnorm": 1.127, "tok_per_s": 242235.4, "load": 3.205078125}
{"event": "step", "step": 37500, "loss": 4.5893, "lr": 0.0027999403305307828, "gnorm": 0.805, "tok_per_s": 242225.8, "load": 3.1083984375}
{"event": "step", "step": 37600, "loss": 4.7346, "lr": 0.0027987780315057026, "gnorm": 0.909, "tok_per_s": 242222.2, "load": 3.01953125}
{"event": "step", "step": 37700, "loss": 4.8205, "lr": 0.002797612637737013, "gnorm": 0.608, "tok_per_s": 242214.2, "load": 3.01953125}
{"event": "step", "step": 37800, "loss": 4.883, "lr": 0.00279644415236422, "gnorm": 1.017, "tok_per_s": 242210.1, "load": 2.9375}
{"event": "step", "step": 37900, "loss": 4.6599, "lr": 0.0027952725785351574, "gnorm": 1.136, "tok_per_s": 242179.6, "load": 2.8623046875}
{"event": "step", "step": 38000, "loss": 4.8608, "lr": 0.00279409791940598, "gnorm": 0.857, "tok_per_s": 242184.8, "load": 2.8623046875}
{"event": "step", "step": 38100, "loss": 4.6254, "lr": 0.002792920178141153, "gnorm": 0.862, "tok_per_s": 242191.3, "load": 2.79296875}
{"event": "step", "step": 38200, "loss": 4.7406, "lr": 0.002791739357913445, "gnorm": 0.779, "tok_per_s": 242192.5, "load": 2.72900390625}
{"event": "step", "step": 38300, "loss": 4.6986, "lr": 0.00279055546190392, "gnorm": 0.677, "tok_per_s": 242309.6, "load": 2.67041015625}
{"event": "step", "step": 38400, "loss": 4.7425, "lr": 0.002789368493301928, "gnorm": 0.706, "tok_per_s": 242261.7, "load": 2.67041015625}
{"event": "step", "step": 38500, "loss": 4.7515, "lr": 0.002788178455305095, "gnorm": 0.702, "tok_per_s": 242208.5, "load": 2.61669921875}
{"event": "step", "step": 38600, "loss": 4.7138, "lr": 0.002786985351119317, "gnorm": 0.718, "tok_per_s": 242146.2, "load": 2.56689453125}
{"event": "step", "step": 38700, "loss": 4.8884, "lr": 0.002785789183958749, "gnorm": 0.707, "tok_per_s": 242156.8, "load": 2.56689453125}
{"event": "step", "step": 38800, "loss": 4.7864, "lr": 0.0027845899570458, "gnorm": 0.77, "tok_per_s": 242214.3, "load": 2.60205078125}
{"event": "step", "step": 38900, "loss": 4.8208, "lr": 0.0027833876736111187, "gnorm": 0.785, "tok_per_s": 242131.6, "load": 2.63427734375}
{"event": "step", "step": 39000, "loss": 4.7025, "lr": 0.0027821823368935896, "gnorm": 0.685, "tok_per_s": 242197.0, "load": 2.63427734375}
{"event": "step", "step": 39100, "loss": 4.6164, "lr": 0.0027809739501403227, "gnorm": 0.957, "tok_per_s": 242280.5, "load": 2.66357421875}
{"event": "step", "step": 39200, "loss": 4.6884, "lr": 0.002779762516606643, "gnorm": 0.616, "tok_per_s": 242179.2, "load": 2.69091796875}
{"event": "step", "step": 39300, "loss": 4.6859, "lr": 0.0027785480395560854, "gnorm": 0.736, "tok_per_s": 242134.7, "load": 2.69091796875}
{"event": "step", "step": 39400, "loss": 4.7302, "lr": 0.0027773305222603835, "gnorm": 0.965, "tok_per_s": 242239.2, "load": 2.63525390625}
{"event": "step", "step": 39500, "loss": 4.6467, "lr": 0.0027761099679994594, "gnorm": 0.809, "tok_per_s": 242307.4, "load": 2.82470703125}
{"event": "step", "step": 39600, "loss": 4.7156, "lr": 0.0027748863800614184, "gnorm": 0.97, "tok_per_s": 242297.2, "load": 2.82470703125}
{"event": "step", "step": 39700, "loss": 4.7945, "lr": 0.0027736597617425375, "gnorm": 1.085, "tok_per_s": 242249.1, "load": 2.75830078125}
{"event": "step", "step": 39800, "loss": 4.4818, "lr": 0.0027724301163472584, "gnorm": 0.754, "tok_per_s": 242260.9, "load": 2.697265625}
{"event": "step", "step": 39900, "loss": 4.7101, "lr": 0.002771197447188177, "gnorm": 0.744, "tok_per_s": 242285.4, "load": 2.697265625}
{"event": "step", "step": 40000, "loss": 4.7704, "lr": 0.0027699617575860334, "gnorm": 0.863, "tok_per_s": 242256.3, "load": 2.64111328125}
eval 40000 {'bpb': 1.5517703051424203, 'nats_per_token': 4.678774316579156, 'tokens': 16379, 'bytes': 71247}
{"event": "step", "step": 40100, "loss": 4.6813, "lr": 0.002768723050869708, "gnorm": 1.059, "tok_per_s": 214590.2, "load": 2.58935546875}
{"event": "step", "step": 40200, "loss": 4.6804, "lr": 0.0027674813303762056, "gnorm": 0.903, "tok_per_s": 242025.4, "load": 2.58935546875}
{"event": "step", "step": 40300, "loss": 4.6075, "lr": 0.002766236599450653, "gnorm": 0.907, "tok_per_s": 241922.5, "load": 2.5419921875}
{"event": "step", "step": 40400, "loss": 4.9719, "lr": 0.002764988861446284, "gnorm": 0.929, "tok_per_s": 241852.6, "load": 2.49853515625}
{"event": "step", "step": 40500, "loss": 4.7331, "lr": 0.0027637381197244356, "gnorm": 0.76, "tok_per_s": 241780.7, "load": 2.5390625}
{"event": "step", "step": 40600, "loss": 4.9809, "lr": 0.0027624843776545365, "gnorm": 0.722, "tok_per_s": 241793.1, "load": 2.5390625}
{"event": "step", "step": 40700, "loss": 4.6021, "lr": 0.0027612276386140963, "gnorm": 1.036, "tok_per_s": 241812.1, "load": 2.49560546875}
{"event": "step", "step": 40800, "loss": 4.6313, "lr": 0.002759967905988701, "gnorm": 0.838, "tok_per_s": 241815.8, "load": 2.45556640625}
{"event": "step", "step": 40900, "loss": 4.677, "lr": 0.002758705183171998, "gnorm": 0.824, "tok_per_s": 241834.1, "load": 2.45556640625}
{"event": "step", "step": 41000, "loss": 4.7717, "lr": 0.002757439473565693, "gnorm": 0.839, "tok_per_s": 241818.8, "load": 2.4189453125}
{"event": "step", "step": 41100, "loss": 4.6442, "lr": 0.002756170780579537, "gnorm": 0.879, "tok_per_s": 241768.0, "load": 2.38525390625}
{"event": "step", "step": 41200, "loss": 4.5312, "lr": 0.0027548991076313165, "gnorm": 0.735, "tok_per_s": 241785.2, "load": 2.38525390625}
{"event": "step", "step": 41300, "loss": 4.5872, "lr": 0.0027536244581468474, "gnorm": 0.903, "tok_per_s": 241987.6, "load": 2.35400390625}
{"event": "step", "step": 41400, "loss": 4.6846, "lr": 0.0027523468355599647, "gnorm": 0.638, "tok_per_s": 241986.6, "load": 2.3251953125}
{"event": "step", "step": 41500, "loss": 4.6375, "lr": 0.0027510662433125116, "gnorm": 0.86, "tok_per_s": 241990.0, "load": 2.3251953125}
{"event": "step", "step": 41600, "loss": 4.5997, "lr": 0.0027497826848543313, "gnorm": 0.778, "tok_per_s": 241978.0, "load": 2.37939453125}
{"event": "step", "step": 41700, "loss": 4.709, "lr": 0.002748496163643259, "gnorm": 0.923, "tok_per_s": 241976.2, "load": 2.3486328125}
{"event": "step", "step": 41800, "loss": 4.548, "lr": 0.002747206683145111, "gnorm": 0.855, "tok_per_s": 241983.4, "load": 2.3486328125}
{"event": "step", "step": 41900, "loss": 4.6872, "lr": 0.002745914246833675, "gnorm": 0.816, "tok_per_s": 241978.7, "load": 2.3203125}
{"event": "step", "step": 42000, "loss": 4.8626, "lr": 0.0027446188581907015, "gnorm": 0.721, "tok_per_s": 242007.9, "load": 2.455078125}
{"event": "step", "step": 42100, "loss": 4.7124, "lr": 0.002743320520705896, "gnorm": 0.84, "tok_per_s": 241992.9, "load": 2.455078125}
{"event": "step", "step": 42200, "loss": 4.5299, "lr": 0.0027420192378769053, "gnorm": 0.695, "tok_per_s": 242009.2, "load": 2.4990234375}
{"event": "step", "step": 42300, "loss": 4.5966, "lr": 0.002740715013209314, "gnorm": 0.718, "tok_per_s": 242044.9, "load": 2.458984375}
{"event": "step", "step": 42400, "loss": 4.8034, "lr": 0.0027394078502166294, "gnorm": 0.818, "tok_per_s": 242056.1, "load": 2.458984375}
{"event": "step", "step": 42500, "loss": 4.7586, "lr": 0.002738097752420276, "gnorm": 0.946, "tok_per_s": 242027.3, "load": 2.421875}
{"event": "step", "step": 42600, "loss": 4.7324, "lr": 0.0027367847233495824, "gnorm": 1.284, "tok_per_s": 241791.7, "load": 2.46826171875}
{"event": "step", "step": 42700, "loss": 4.8434, "lr": 0.0027354687665417762, "gnorm": 0.955, "tok_per_s": 241946.4, "load": 2.46826171875}
{"event": "step", "step": 42800, "loss": 4.6678, "lr": 0.002734149885541972, "gnorm": 0.685, "tok_per_s": 241915.5, "load": 2.51123046875}
{"event": "step", "step": 42900, "loss": 4.6428, "lr": 0.0027328280839031597, "gnorm": 0.814, "tok_per_s": 241875.3, "load": 2.47021484375}
{"event": "step", "step": 43000, "loss": 4.7301, "lr": 0.0027315033651862, "gnorm": 0.796, "tok_per_s": 241913.9, "load": 2.47021484375}
{"event": "step", "step": 43100, "loss": 4.7548, "lr": 0.0027301757329598105, "gnorm": 0.848, "tok_per_s": 241846.1, "load": 2.43212890625}
{"event": "step", "step": 43200, "loss": 4.6433, "lr": 0.002728845190800558, "gnorm": 0.735, "tok_per_s": 241888.9, "load": 2.3974609375}
{"event": "step", "step": 43300, "loss": 4.5994, "lr": 0.002727511742292848, "gnorm": 0.821, "tok_per_s": 241900.1, "load": 2.3974609375}
{"event": "step", "step": 43400, "loss": 4.5562, "lr": 0.002726175391028917, "gnorm": 0.838, "tok_per_s": 241856.3, "load": 2.365234375}
{"event": "step", "step": 43500, "loss": 4.692, "lr": 0.0027248361406088193, "gnorm": 0.942, "tok_per_s": 241860.0, "load": 2.3359375}
{"event": "step", "step": 43600, "loss": 4.7537, "lr": 0.0027234939946404212, "gnorm": 0.765, "tok_per_s": 241915.6, "load": 2.30859375}
{"event": "step", "step": 43700, "loss": 4.556, "lr": 0.0027221489567393884, "gnorm": 0.728, "tok_per_s": 241880.1, "load": 2.30859375}
{"event": "step", "step": 43800, "loss": 4.6679, "lr": 0.002720801030529178, "gnorm": 0.824, "tok_per_s": 241830.9, "load": 2.28369140625}
{"event": "step", "step": 43900, "loss": 4.6714, "lr": 0.0027194502196410267, "gnorm": 0.767, "tok_per_s": 241787.9, "load": 2.34130859375}
{"event": "step", "step": 44000, "loss": 4.6163, "lr": 0.0027180965277139443, "gnorm": 0.797, "tok_per_s": 241744.8, "load": 2.34130859375}
{"event": "step", "step": 44100, "loss": 4.57, "lr": 0.0027167399583947005, "gnorm": 0.77, "tok_per_s": 241810.1, "load": 2.39453125}
{"event": "step", "step": 44200, "loss": 4.7835, "lr": 0.0027153805153378166, "gnorm": 1.041, "tok_per_s": 241876.9, "load": 2.603515625}
{"event": "step", "step": 44300, "loss": 4.6903, "lr": 0.002714018202205557, "gnorm": 0.891, "tok_per_s": 241804.1, "load": 2.603515625}
{"event": "step", "step": 44400, "loss": 4.5804, "lr": 0.0027126530226679164, "gnorm": 0.692, "tok_per_s": 241803.1, "load": 2.6357421875}
{"event": "step", "step": 44500, "loss": 4.7097, "lr": 0.002711284980402611, "gnorm": 0.851, "tok_per_s": 241828.1, "load": 2.58447265625}
{"event": "step", "step": 44600, "loss": 4.7387, "lr": 0.0027099140790950715, "gnorm": 0.777, "tok_per_s": 241707.2, "load": 2.58447265625}
{"event": "step", "step": 44700, "loss": 4.6384, "lr": 0.0027085403224384286, "gnorm": 0.752, "tok_per_s": 241781.9, "load": 2.7783203125}
{"event": "step", "step": 44800, "loss": 4.8175, "lr": 0.0027071637141335048, "gnorm": 0.624, "tok_per_s": 241831.8, "load": 2.7158203125}
{"event": "step", "step": 44900, "loss": 4.4815, "lr": 0.002705784257888807, "gnorm": 0.774, "tok_per_s": 241879.9, "load": 2.7158203125}
{"event": "step", "step": 45000, "loss": 4.5714, "lr": 0.002704401957420512, "gnorm": 1.019, "tok_per_s": 241826.9, "load": 2.658203125}
{"event": "step", "step": 45100, "loss": 4.8472, "lr": 0.0027030168164524607, "gnorm": 0.866, "tok_per_s": 218843.3, "load": 2.60546875}
{"event": "step", "step": 45200, "loss": 4.827, "lr": 0.002701628838716145, "gnorm": 0.703, "tok_per_s": 242009.5, "load": 2.60546875}
{"event": "step", "step": 45300, "loss": 4.7186, "lr": 0.0027002380279506984, "gnorm": 0.832, "tok_per_s": 242030.2, "load": 2.556640625}
{"event": "step", "step": 45400, "loss": 4.6943, "lr": 0.002698844387902887, "gnorm": 0.931, "tok_per_s": 241967.4, "load": 2.59228515625}
{"event": "step", "step": 45500, "loss": 4.5823, "lr": 0.0026974479223271, "gnorm": 0.767, "tok_per_s": 241976.4, "load": 2.59228515625}
{"event": "step", "step": 45600, "loss": 4.6541, "lr": 0.002696048634985337, "gnorm": 0.747, "tok_per_s": 242031.8, "load": 2.625}
{"event": "step", "step": 45700, "loss": 4.6641, "lr": 0.002694646529647199, "gnorm": 0.937, "tok_per_s": 242001.6, "load": 2.57470703125}
{"event": "step", "step": 45800, "loss": 4.5764, "lr": 0.0026932416100898804, "gnorm": 0.638, "tok_per_s": 242011.2, "load": 2.57470703125}
{"event": "step", "step": 45900, "loss": 4.6359, "lr": 0.0026918338800981543, "gnorm": 0.883, "tok_per_s": 242021.2, "load": 2.5283203125}
{"event": "step", "step": 46000, "loss": 4.6971, "lr": 0.002690423343464367, "gnorm": 0.721, "tok_per_s": 242053.9, "load": 2.646484375}
{"event": "step", "step": 46100, "loss": 4.7038, "lr": 0.002689010003988426, "gnorm": 0.761, "tok_per_s": 242050.5, "load": 2.6748046875}
{"event": "step", "step": 46200, "loss": 4.5637, "lr": 0.0026875938654777874, "gnorm": 1.074, "tok_per_s": 242049.8, "load": 2.6748046875}
{"event": "step", "step": 46300, "loss": 4.7341, "lr": 0.002686174931747449, "gnorm": 1.169, "tok_per_s": 242090.7, "load": 2.62060546875}
{"event": "step", "step": 46400, "loss": 4.6404, "lr": 0.0026847532066199393, "gnorm": 0.941, "tok_per_s": 242073.6, "load": 2.6513671875}
{"event": "step", "step": 46500, "loss": 4.7455, "lr": 0.002683328693925306, "gnorm": 0.922, "tok_per_s": 242053.5, "load": 2.6513671875}
{"event": "step", "step": 46600, "loss": 4.7267, "lr": 0.002681901397501106, "gnorm": 0.784, "tok_per_s": 242097.2, "load": 2.59912109375}
{"event": "step", "step": 46700, "loss": 4.6294, "lr": 0.0026804713211923963, "gnorm": 1.073, "tok_per_s": 242031.2, "load": 2.63134765625}
{"event": "step", "step": 46800, "loss": 4.6517, "lr": 0.0026790384688517217, "gnorm": 0.707, "tok_per_s": 242073.5, "load": 2.63134765625}
{"event": "step", "step": 46900, "loss": 4.557, "lr": 0.002677602844339107, "gnorm": 1.069, "tok_per_s": 242067.3, "load": 2.58056640625}
{"event": "step", "step": 47000, "loss": 4.6857, "lr": 0.0026761644515220433, "gnorm": 0.863, "tok_per_s": 242105.1, "load": 2.53369140625}
{"event": "step", "step": 47100, "loss": 4.5477, "lr": 0.0026747232942754807, "gnorm": 0.955, "tok_per_s": 242093.5, "load": 2.53369140625}
{"event": "step", "step": 47200, "loss": 4.8209, "lr": 0.002673279376481816, "gnorm": 0.855, "tok_per_s": 242092.7, "load": 2.5712890625}
{"event": "step", "step": 47300, "loss": 4.7418, "lr": 0.0026718327020308816, "gnorm": 0.765, "tok_per_s": 242039.8, "load": 2.525390625}
{"event": "step", "step": 47400, "loss": 4.7814, "lr": 0.0026703832748199395, "gnorm": 0.903, "tok_per_s": 242124.7, "load": 2.525390625}
{"event": "step", "step": 47500, "loss": 4.5573, "lr": 0.002668931098753664, "gnorm": 0.924, "tok_per_s": 242062.6, "load": 2.5634765625}
{"event": "step", "step": 47600, "loss": 4.5911, "lr": 0.002667476177744136, "gnorm": 0.669, "tok_per_s": 242086.4, "load": 2.51806640625}
{"event": "step", "step": 47700, "loss": 4.7387, "lr": 0.0026660185157108313, "gnorm": 0.861, "tok_per_s": 242063.6, "load": 2.51806640625}
{"event": "step", "step": 47800, "loss": 4.7716, "lr": 0.0026645581165806098, "gnorm": 0.822, "tok_per_s": 242049.6, "load": 2.4765625}
{"event": "step", "step": 47900, "loss": 4.8982, "lr": 0.0026630949842877056, "gnorm": 1.049, "tok_per_s": 242019.1, "load": 2.43798828125}
{"event": "step", "step": 48000, "loss": 4.7434, "lr": 0.002661629122773713, "gnorm": 1.001, "tok_per_s": 242058.6, "load": 2.43798828125}
{"event": "step", "step": 48100, "loss": 4.5441, "lr": 0.002660160535987583, "gnorm": 0.971, "tok_per_s": 241996.9, "load": 2.40283203125}
{"event": "step", "step": 48200, "loss": 4.6544, "lr": 0.0026586892278856046, "gnorm": 0.844, "tok_per_s": 242021.2, "load": 2.3701171875}
{"event": "step", "step": 48300, "loss": 4.7388, "lr": 0.0026572152024314, "gnorm": 0.834, "tok_per_s": 242000.9, "load": 2.3701171875}
{"event": "step", "step": 48400, "loss": 4.6728, "lr": 0.0026557384635959107, "gnorm": 0.822, "tok_per_s": 242044.9, "load": 2.34033203125}
{"event": "step", "step": 48500, "loss": 4.5749, "lr": 0.002654259015357389, "gnorm": 0.977, "tok_per_s": 242047.4, "load": 2.3935546875}
{"event": "step", "step": 48600, "loss": 4.7183, "lr": 0.002652776861701385, "gnorm": 0.935, "tok_per_s": 242066.8, "load": 2.3935546875}
{"event": "step", "step": 48700, "loss": 4.7441, "lr": 0.002651292006620737, "gnorm": 0.818, "tok_per_s": 242063.0, "load": 2.36181640625}
{"event": "step", "step": 48800, "loss": 4.7713, "lr": 0.002649804454115563, "gnorm": 1.067, "tok_per_s": 242080.3, "load": 2.33251953125}
{"event": "step", "step": 48900, "loss": 4.5475, "lr": 0.0026483142081932445, "gnorm": 1.265, "tok_per_s": 242016.5, "load": 2.33251953125}
{"event": "step", "step": 49000, "loss": 4.7407, "lr": 0.0026468212728684207, "gnorm": 0.953, "tok_per_s": 241929.2, "load": 2.3056640625}
{"event": "step", "step": 49100, "loss": 4.7432, "lr": 0.0026453256521629764, "gnorm": 1.138, "tok_per_s": 241913.0, "load": 4.84375}
{"event": "step", "step": 49200, "loss": 4.84, "lr": 0.0026438273501060293, "gnorm": 1.089, "tok_per_s": 242005.7, "load": 7.1787109375}
{"event": "step", "step": 49300, "loss": 4.6738, "lr": 0.0026423263707339214, "gnorm": 0.793, "tok_per_s": 242048.0, "load": 7.1787109375}
{"event": "step", "step": 49400, "loss": 4.7079, "lr": 0.002640822718090207, "gnorm": 1.014, "tok_per_s": 242083.4, "load": 6.84375}
{"event": "step", "step": 49500, "loss": 4.5092, "lr": 0.0026393163962256413, "gnorm": 0.814, "tok_per_s": 242036.0, "load": 6.45556640625}
{"event": "step", "step": 49600, "loss": 4.6392, "lr": 0.002637807409198172, "gnorm": 1.286, "tok_per_s": 242026.2, "load": 6.45556640625}
{"event": "step", "step": 49700, "loss": 4.6912, "lr": 0.002636295761072925, "gnorm": 1.143, "tok_per_s": 242027.1, "load": 6.2587890625}
{"event": "step", "step": 49800, "loss": 4.6604, "lr": 0.002634781455922196, "gnorm": 1.063, "tok_per_s": 242043.3, "load": 5.91748046875}
{"event": "step", "step": 49900, "loss": 4.6456, "lr": 0.0026332644978254377, "gnorm": 0.909, "tok_per_s": 242082.4, "load": 5.91748046875}
{"event": "step", "step": 50000, "loss": 4.7855, "lr": 0.00263174489086925, "gnorm": 1.077, "tok_per_s": 242048.3, "load": 5.603515625}
{"event": "step", "step": 50100, "loss": 4.6723, "lr": 0.0026302226391473698, "gnorm": 0.938, "tok_per_s": 219249.2, "load": 5.31494140625}
{"event": "step", "step": 50200, "loss": 4.689, "lr": 0.0026286977467606565, "gnorm": 1.178, "tok_per_s": 242086.9, "load": 5.31494140625}
{"event": "step", "step": 50300, "loss": 4.6776, "lr": 0.002627170217817086, "gnorm": 0.848, "tok_per_s": 242125.8, "load": 5.04931640625}
{"event": "step", "step": 50400, "loss": 4.6094, "lr": 0.0026256400564317354, "gnorm": 0.835, "tok_per_s": 242098.8, "load": 4.8046875}
{"event": "step", "step": 50500, "loss": 4.5928, "lr": 0.0026241072667267723, "gnorm": 1.043, "tok_per_s": 242165.1, "load": 4.8046875}
{"event": "step", "step": 50600, "loss": 4.7286, "lr": 0.002622571852831448, "gnorm": 1.291, "tok_per_s": 242051.5, "load": 4.66015625}
{"event": "step", "step": 50700, "loss": 4.6289, "lr": 0.002621033818882081, "gnorm": 1.103, "tok_per_s": 242085.3, "load": 4.52685546875}
{"event": "step", "step": 50800, "loss": 4.6282, "lr": 0.002619493169022048, "gnorm": 1.159, "tok_per_s": 242087.6, "load": 4.52685546875}
{"event": "step", "step": 50900, "loss": 4.502, "lr": 0.0026179499074017736, "gnorm": 0.887, "tok_per_s": 242057.5, "load": 4.32421875}
{"event": "step", "step": 51000, "loss": 4.7554, "lr": 0.002616404038178718, "gnorm": 1.372, "tok_per_s": 242099.3, "load": 4.1376953125}
{"event": "step", "step": 51100, "loss": 4.8081, "lr": 0.002614855565517366, "gnorm": 0.918, "tok_per_s": 242003.6, "load": 4.1376953125}
{"event": "step", "step": 51200, "loss": 4.6828, "lr": 0.0026133044935892176, "gnorm": 0.905, "tok_per_s": 242043.5, "load": 3.96630859375}
{"event": "step", "step": 51300, "loss": 4.7586, "lr": 0.0026117508265727715, "gnorm": 0.95, "tok_per_s": 242038.8, "load": 3.888671875}
{"event": "step", "step": 51400, "loss": 4.882, "lr": 0.0026101945686535207, "gnorm": 0.924, "tok_per_s": 242026.9, "load": 3.888671875}
{"event": "step", "step": 51500, "loss": 4.7813, "lr": 0.0026086357240239365, "gnorm": 1.543, "tok_per_s": 241988.9, "load": 3.8173828125}
{"event": "step", "step": 51600, "loss": 4.7839, "lr": 0.0026070742968834592, "gnorm": 0.973, "tok_per_s": 242022.0, "load": 3.67138671875}
{"event": "step", "step": 51700, "loss": 4.7001, "lr": 0.0026055102914384854, "gnorm": 0.631, "tok_per_s": 242015.0, "load": 3.6171875}
{"event": "step", "step": 51800, "loss": 4.7285, "lr": 0.0026039437119023587, "gnorm": 0.976, "tok_per_s": 242033.5, "load": 3.6171875}
{"event": "step", "step": 51900, "loss": 4.678, "lr": 0.0026023745624953565, "gnorm": 0.809, "tok_per_s": 242017.3, "load": 3.4873046875}
{"event": "step", "step": 52000, "loss": 4.7429, "lr": 0.0026008028474446792, "gnorm": 0.761, "tok_per_s": 241942.4, "load": 3.4482421875}
{"event": "step", "step": 52100, "loss": 4.6335, "lr": 0.0025992285709844384, "gnorm": 1.103, "tok_per_s": 241896.6, "load": 3.4482421875}
{"event": "step", "step": 52200, "loss": 4.589, "lr": 0.0025976517373556478, "gnorm": 1.359, "tok_per_s": 241861.2, "load": 3.412109375}
{"event": "step", "step": 52300, "loss": 4.6207, "lr": 0.002596072350806208, "gnorm": 1.045, "tok_per_s": 241882.5, "load": 3.45947265625}
{"event": "step", "step": 52400, "loss": 4.6228, "lr": 0.0025944904155908977, "gnorm": 0.954, "tok_per_s": 241824.8, "load": 3.45947265625}
{"event": "step", "step": 52500, "loss": 4.7699, "lr": 0.002592905935971362, "gnorm": 1.226, "tok_per_s": 241842.7, "load": 3.34228515625}
{"event": "step", "step": 52600, "loss": 4.5774, "lr": 0.0025913189162161004, "gnorm": 0.903, "tok_per_s": 241809.8, "load": 3.234375}
{"event": "step", "step": 52700, "loss": 4.8924, "lr": 0.0025897293606004547, "gnorm": 1.04, "tok_per_s": 241823.5, "load": 3.234375}
{"event": "step", "step": 52800, "loss": 4.7599, "lr": 0.0025881372734065985, "gnorm": 1.156, "tok_per_s": 241798.5, "load": 3.13525390625}
{"event": "step", "step": 52900, "loss": 4.7159, "lr": 0.002586542658923526, "gnorm": 1.086, "tok_per_s": 241811.7, "load": 3.0439453125}
{"event": "step", "step": 53000, "loss": 4.6513, "lr": 0.0025849455214470387, "gnorm": 1.039, "tok_per_s": 241852.1, "load": 3.0439453125}
{"event": "step", "step": 53100, "loss": 4.701, "lr": 0.002583345865279736, "gnorm": 1.226, "tok_per_s": 241832.3, "load": 2.9599609375}
{"event": "step", "step": 53200, "loss": 4.7865, "lr": 0.002581743694731001, "gnorm": 0.722, "tok_per_s": 241844.1, "load": 2.8828125}
{"event": "step", "step": 53300, "loss": 4.8401, "lr": 0.0025801390141169923, "gnorm": 4.232, "tok_per_s": 241829.1, "load": 2.8828125}
{"event": "step", "step": 53400, "loss": 4.7656, "lr": 0.002578531827760629, "gnorm": 1.169, "tok_per_s": 241809.8, "load": 2.892578125}
{"event": "step", "step": 53500, "loss": 4.6608, "lr": 0.002576922139991581, "gnorm": 1.361, "tok_per_s": 241859.7, "load": 2.82080078125}
{"event": "step", "step": 53600, "loss": 4.5434, "lr": 0.0025753099551462572, "gnorm": 0.926, "tok_per_s": 241887.4, "load": 2.82080078125}
{"event": "step", "step": 53700, "loss": 4.6518, "lr": 0.002573695277567793, "gnorm": 0.893, "tok_per_s": 241921.7, "load": 2.83544921875}
{"event": "step", "step": 53800, "loss": 4.795, "lr": 0.0025720781116060393, "gnorm": 1.006, "tok_per_s": 241917.8, "load": 2.8486328125}
{"event": "step", "step": 53900, "loss": 4.7269, "lr": 0.0025704584616175505, "gnorm": 1.339, "tok_per_s": 242034.2, "load": 2.8486328125}
{"event": "step", "step": 54000, "loss": 4.6508, "lr": 0.0025688363319655723, "gnorm": 1.174, "tok_per_s": 241999.3, "load": 2.86083984375}
{"event": "step", "step": 54100, "loss": 4.6088, "lr": 0.0025672117270200325, "gnorm": 0.958, "tok_per_s": 242009.0, "load": 2.8720703125}
{"event": "step", "step": 54200, "loss": 4.8093, "lr": 0.002565584651157524, "gnorm": 0.99, "tok_per_s": 241991.8, "load": 2.8720703125}
{"event": "step", "step": 54300, "loss": 4.6694, "lr": 0.0025639551087612996, "gnorm": 0.895, "tok_per_s": 241954.0, "load": 2.88232421875}
{"event": "step", "step": 54400, "loss": 4.7504, "lr": 0.0025623231042212536, "gnorm": 0.898, "tok_per_s": 242001.8, "load": 2.89208984375}
{"event": "step", "step": 54500, "loss": 4.6075, "lr": 0.002560688641933916, "gnorm": 0.934, "tok_per_s": 241950.6, "load": 2.89208984375}
{"event": "step", "step": 54600, "loss": 4.6244, "lr": 0.002559051726302436, "gnorm": 0.805, "tok_per_s": 241943.7, "load": 2.8203125}
{"event": "step", "step": 54700, "loss": 4.7454, "lr": 0.0025574123617365723, "gnorm": 0.84, "tok_per_s": 241933.7, "load": 2.75439453125}
{"event": "step", "step": 54800, "loss": 4.6869, "lr": 0.0025557705526526816, "gnorm": 1.304, "tok_per_s": 241952.9, "load": 2.7744140625}
{"event": "step", "step": 54900, "loss": 4.6255, "lr": 0.0025541263034737052, "gnorm": 1.149, "tok_per_s": 241893.7, "load": 2.7744140625}
{"event": "step", "step": 55000, "loss": 4.6851, "lr": 0.0025524796186291586, "gnorm": 1.039, "tok_per_s": 241935.5, "load": 2.7119140625}
{"event": "step", "step": 55100, "loss": 4.7321, "lr": 0.002550830502555118, "gnorm": 1.267, "tok_per_s": 219732.1, "load": 2.7353515625}
{"event": "step", "step": 55200, "loss": 4.6714, "lr": 0.00254917895969421, "gnorm": 0.979, "tok_per_s": 241971.8, "load": 2.7353515625}
{"event": "step", "step": 55300, "loss": 4.7596, "lr": 0.002547524994495598, "gnorm": 0.757, "tok_per_s": 241957.1, "load": 2.7568359375}
{"event": "step", "step": 55400, "loss": 4.7935, "lr": 0.0025458686114149718, "gnorm": 0.888, "tok_per_s": 241972.2, "load": 2.69580078125}
{"event": "step", "step": 55500, "loss": 4.6033, "lr": 0.002544209814914535, "gnorm": 0.838, "tok_per_s": 241913.3, "load": 2.69580078125}
{"event": "step", "step": 55600, "loss": 4.6795, "lr": 0.0025425486094629917, "gnorm": 0.713, "tok_per_s": 241941.3, "load": 2.6396484375}
{"event": "step", "step": 55700, "loss": 4.6988, "lr": 0.0025408849995355366, "gnorm": 0.83, "tok_per_s": 241884.6, "load": 2.58837890625}
{"event": "step", "step": 55800, "loss": 4.6889, "lr": 0.0025392189896138407, "gnorm": 0.76, "tok_per_s": 241879.1, "load": 2.58837890625}
{"event": "step", "step": 55900, "loss": 4.7772, "lr": 0.002537550584186043, "gnorm": 0.974, "tok_per_s": 241906.6, "load": 2.541015625}
{"event": "step", "step": 56000, "loss": 4.8063, "lr": 0.0025358797877467324, "gnorm": 1.106, "tok_per_s": 241872.8, "load": 2.49755859375}
{"event": "step", "step": 56100, "loss": 4.7089, "lr": 0.002534206604796942, "gnorm": 0.779, "tok_per_s": 241859.9, "load": 2.49755859375}
{"event": "step", "step": 56200, "loss": 4.5736, "lr": 0.0025325310398441325, "gnorm": 0.858, "tok_per_s": 241869.7, "load": 2.5380859375}
{"event": "step", "step": 56300, "loss": 4.5925, "lr": 0.0025308530974021822, "gnorm": 0.926, "tok_per_s": 241881.8, "load": 2.49462890625}
{"event": "step", "step": 56400, "loss": 4.7592, "lr": 0.0025291727819913737, "gnorm": 0.928, "tok_per_s": 241893.9, "load": 2.49462890625}
{"event": "step", "step": 56500, "loss": 4.6641, "lr": 0.0025274900981383827, "gnorm": 0.863, "tok_per_s": 241886.2, "load": 2.53515625}
{"event": "step", "step": 56600, "loss": 4.693, "lr": 0.0025258050503762647, "gnorm": 1.059, "tok_per_s": 241875.2, "load": 2.4921875}
{"event": "step", "step": 56700, "loss": 4.7891, "lr": 0.0025241176432444445, "gnorm": 0.743, "tok_per_s": 241858.2, "load": 2.4921875}
{"event": "step", "step": 56800, "loss": 4.671, "lr": 0.0025224278812887016, "gnorm": 0.883, "tok_per_s": 241863.6, "load": 2.45263671875}
{"event": "step", "step": 56900, "loss": 4.6914, "lr": 0.0025207357690611608, "gnorm": 0.8, "tok_per_s": 241891.7, "load": 2.49658203125}
{"event": "step", "step": 57000, "loss": 4.5653, "lr": 0.0025190413111202768, "gnorm": 0.746, "tok_per_s": 241888.3, "load": 2.49658203125}
{"event": "step", "step": 57100, "loss": 4.7034, "lr": 0.0025173445120308248, "gnorm": 0.804, "tok_per_s": 241929.2, "load": 2.537109375}
{"event": "step", "step": 57200, "loss": 4.6859, "lr": 0.002515645376363886, "gnorm": 1.188, "tok_per_s": 241835.5, "load": 2.49365234375}
{"event": "step", "step": 57300, "loss": 4.4879, "lr": 0.002513943908696837, "gnorm": 0.861, "tok_per_s": 241841.4, "load": 2.53466796875}
{"event": "step", "step": 57400, "loss": 4.7032, "lr": 0.002512240113613336, "gnorm": 0.697, "tok_per_s": 241875.3, "load": 2.53466796875}
{"event": "step", "step": 57500, "loss": 4.6445, "lr": 0.0025105339957033125, "gnorm": 1.036, "tok_per_s": 241883.7, "load": 2.572265625}
{"event": "step", "step": 57600, "loss": 4.5349, "lr": 0.002508825559562951, "gnorm": 1.082, "tok_per_s": 241889.5, "load": 2.60693359375}
{"event": "step", "step": 57700, "loss": 4.5692, "lr": 0.002507114809794683, "gnorm": 0.953, "tok_per_s": 241882.5, "load": 2.60693359375}
{"event": "step", "step": 57800, "loss": 4.8192, "lr": 0.0025054017510071727, "gnorm": 1.037, "tok_per_s": 241864.0, "load": 2.71875}
{"event": "step", "step": 57900, "loss": 4.5676, "lr": 0.002503686387815305, "gnorm": 0.839, "tok_per_s": 241777.1, "load": 2.74169921875}
{"event": "step", "step": 58000, "loss": 4.7172, "lr": 0.002501968724840171, "gnorm": 0.907, "tok_per_s": 241761.5, "load": 2.74169921875}
{"event": "step", "step": 58100, "loss": 4.6639, "lr": 0.0025002487667090596, "gnorm": 0.819, "tok_per_s": 241835.1, "load": 2.8427734375}
{"event": "step", "step": 58200, "loss": 4.6829, "lr": 0.002498526518055441, "gnorm": 1.014, "tok_per_s": 241908.2, "load": 2.85546875}
{"event": "step", "step": 58300, "loss": 4.8762, "lr": 0.0024968019835189563, "gnorm": 1.468, "tok_per_s": 241855.5, "load": 2.85546875}
{"event": "step", "step": 58400, "loss": 4.5148, "lr": 0.0024950751677454055, "gnorm": 0.89, "tok_per_s": 241949.0, "load": 2.8671875}
{"event": "step", "step": 58500, "loss": 4.7691, "lr": 0.0024933460753867325, "gnorm": 0.825, "tok_per_s": 241873.0, "load": 2.79736328125}
{"event": "step", "step": 58600, "loss": 4.6248, "lr": 0.0024916147111010162, "gnorm": 1.035, "tok_per_s": 241860.8, "load": 2.79736328125}
{"event": "step", "step": 58700, "loss": 4.7506, "lr": 0.0024898810795524547, "gnorm": 0.924, "tok_per_s": 241840.2, "load": 2.81396484375}
{"event": "step", "step": 58800, "loss": 4.6612, "lr": 0.0024881451854113536, "gnorm": 0.795, "tok_per_s": 241819.0, "load": 3.4697265625}
{"event": "step", "step": 58900, "loss": 4.654, "lr": 0.002486407033354115, "gnorm": 0.958, "tok_per_s": 241884.9, "load": 3.4697265625}
{"event": "step", "step": 59000, "loss": 4.6334, "lr": 0.002484666628063223, "gnorm": 1.017, "tok_per_s": 241836.7, "load": 3.3515625}
{"event": "step", "step": 59100, "loss": 4.6146, "lr": 0.0024829239742272307, "gnorm": 0.77, "tok_per_s": 241837.6, "load": 3.3232421875}
{"event": "step", "step": 59200, "loss": 4.7349, "lr": 0.002481179076540752, "gnorm": 0.9, "tok_per_s": 241846.0, "load": 3.3232421875}
{"event": "step", "step": 59300, "loss": 4.8291, "lr": 0.0024794319397044417, "gnorm": 1.204, "tok_per_s": 241826.3, "load": 3.216796875}
{"event": "step", "step": 59400, "loss": 4.6852, "lr": 0.002477682568424989, "gnorm": 1.08, "tok_per_s": 241894.1, "load": 3.119140625}
{"event": "step", "step": 59500, "loss": 4.7656, "lr": 0.0024759309674151028, "gnorm": 0.858, "tok_per_s": 241773.7, "load": 3.119140625}
{"event": "step", "step": 59600, "loss": 4.7966, "lr": 0.002474177141393497, "gnorm": 1.272, "tok_per_s": 241789.8, "load": 3.029296875}
{"event": "step", "step": 59700, "loss": 4.5881, "lr": 0.0024724210950848808, "gnorm": 1.053, "tok_per_s": 241760.8, "load": 2.94677734375}
{"event": "step", "step": 59800, "loss": 4.6313, "lr": 0.0024706628332199446, "gnorm": 0.928, "tok_per_s": 241774.5, "load": 2.94677734375}
{"event": "step", "step": 59900, "loss": 4.4191, "lr": 0.0024689023605353475, "gnorm": 1.034, "tok_per_s": 241769.3, "load": 2.951171875}
{"event": "step", "step": 60000, "loss": 4.6884, "lr": 0.0024671396817737036, "gnorm": 0.827, "tok_per_s": 241753.4, "load": 2.875}
eval 60000 {'bpb': 1.5353265276823602, 'nats_per_token': 4.629194347563954, 'tokens': 16379, 'bytes': 71247}
{"event": "step", "step": 60100, "loss": 4.8232, "lr": 0.0024653748016835713, "gnorm": 1.162, "tok_per_s": 215620.5, "load": 2.8046875}
{"event": "step", "step": 60200, "loss": 4.6107, "lr": 0.002463607725019438, "gnorm": 0.977, "tok_per_s": 242091.5, "load": 2.8046875}
{"event": "step", "step": 60300, "loss": 4.6634, "lr": 0.0024618384565417103, "gnorm": 0.857, "tok_per_s": 242115.5, "load": 2.740234375}
{"event": "step", "step": 60400, "loss": 4.7468, "lr": 0.0024600670010166974, "gnorm": 0.901, "tok_per_s": 242065.0, "load": 2.6806640625}
{"event": "step", "step": 60500, "loss": 4.8281, "lr": 0.0024582933632166007, "gnorm": 0.779, "tok_per_s": 242077.5, "load": 2.6806640625}
{"event": "step", "step": 60600, "loss": 4.7197, "lr": 0.002456517547919502, "gnorm": 0.915, "tok_per_s": 242035.8, "load": 2.70654296875}
{"event": "step", "step": 60700, "loss": 4.5907, "lr": 0.0024547395599093472, "gnorm": 0.964, "tok_per_s": 242035.4, "load": 2.73046875}
{"event": "step", "step": 60800, "loss": 4.7769, "lr": 0.002452959403975937, "gnorm": 1.399, "tok_per_s": 242039.6, "load": 2.73046875}
{"event": "step", "step": 60900, "loss": 4.5655, "lr": 0.002451177084914912, "gnorm": 0.82, "tok_per_s": 242110.6, "load": 2.671875}
{"event": "step", "step": 61000, "loss": 4.8312, "lr": 0.0024493926075277394, "gnorm": 0.815, "tok_per_s": 242073.7, "load": 2.61767578125}
{"event": "step", "step": 61100, "loss": 4.7209, "lr": 0.0024476059766217004, "gnorm": 1.201, "tok_per_s": 242104.2, "load": 2.61767578125}
{"event": "step", "step": 61200, "loss": 4.6276, "lr": 0.00244581719700988, "gnorm": 0.862, "tok_per_s": 242110.7, "load": 2.6484375}
{"event": "step", "step": 61300, "loss": 4.6285, "lr": 0.0024440262735111492, "gnorm": 0.795, "tok_per_s": 242025.0, "load": 2.6767578125}
{"event": "step", "step": 61400, "loss": 4.5974, "lr": 0.0024422332109501556, "gnorm": 0.811, "tok_per_s": 242101.8, "load": 2.6767578125}
{"event": "step", "step": 61500, "loss": 4.7027, "lr": 0.0024404380141573095, "gnorm": 0.763, "tok_per_s": 242087.3, "load": 2.703125}
{"event": "step", "step": 61600, "loss": 4.6935, "lr": 0.00243864068796877, "gnorm": 0.787, "tok_per_s": 242076.8, "load": 2.72705078125}
{"event": "step", "step": 61700, "loss": 4.5657, "lr": 0.0024368412372264333, "gnorm": 1.153, "tok_per_s": 242165.6, "load": 2.72705078125}
{"event": "step", "step": 61800, "loss": 4.6508, "lr": 0.0024350396667779193, "gnorm": 0.781, "tok_per_s": 242154.0, "load": 2.7490234375}
{"event": "step", "step": 61900, "loss": 4.8033, "lr": 0.0024332359814765573, "gnorm": 0.897, "tok_per_s": 242186.5, "load": 2.68896484375}
{"event": "step", "step": 62000, "loss": 4.6188, "lr": 0.0024314301861813738, "gnorm": 0.859, "tok_per_s": 242186.4, "load": 2.68896484375}
{"event": "step", "step": 62100, "loss": 4.8102, "lr": 0.0024296222857570814, "gnorm": 1.034, "tok_per_s": 242117.9, "load": 2.71435546875}
{"event": "step", "step": 62200, "loss": 4.7509, "lr": 0.0024278122850740617, "gnorm": 0.837, "tok_per_s": 242147.5, "load": 2.7373046875}
{"event": "step", "step": 62300, "loss": 4.7301, "lr": 0.0024260001890083547, "gnorm": 0.859, "tok_per_s": 242088.2, "load": 2.7373046875}
{"event": "step", "step": 62400, "loss": 4.5585, "lr": 0.002424186002441646, "gnorm": 0.965, "tok_per_s": 242162.6, "load": 2.67822265625}
{"event": "step", "step": 62500, "loss": 4.7504, "lr": 0.0024223697302612527, "gnorm": 1.032, "tok_per_s": 242218.2, "load": 2.7041015625}
{"event": "step", "step": 62600, "loss": 4.6365, "lr": 0.00242055137736011, "gnorm": 1.084, "tok_per_s": 242165.3, "load": 2.6474609375}
{"event": "step", "step": 62700, "loss": 4.7481, "lr": 0.002418730948636759, "gnorm": 0.947, "tok_per_s": 242163.5, "load": 2.6474609375}
{"event": "step", "step": 62800, "loss": 4.7428, "lr": 0.0024169084489953315, "gnorm": 0.955, "tok_per_s": 242112.8, "load": 2.67578125}
{"event": "step", "step": 62900, "loss": 4.7345, "lr": 0.002415083883345541, "gnorm": 1.14, "tok_per_s": 242107.4, "load": 2.7021484375}
{"event": "step", "step": 63000, "loss": 4.5334, "lr": 0.0024132572566026643, "gnorm": 0.816, "tok_per_s": 242168.0, "load": 2.7021484375}
{"event": "step", "step": 63100, "loss": 4.6336, "lr": 0.002411428573687531, "gnorm": 1.198, "tok_per_s": 242197.4, "load": 2.80615234375}
{"event": "step", "step": 63200, "loss": 4.4716, "lr": 0.002409597839526511, "gnorm": 0.995, "tok_per_s": 242217.3, "load": 2.7412109375}
{"event": "step", "step": 63300, "loss": 4.6792, "lr": 0.0024077650590514986, "gnorm": 1.103, "tok_per_s": 242184.0, "load": 2.7412109375}
{"event": "step", "step": 63400, "loss": 4.7074, "lr": 0.002405930237199903, "gnorm": 0.8, "tok_per_s": 242227.9, "load": 2.681640625}
{"event": "step", "step": 63500, "loss": 4.6863, "lr": 0.0024040933789146305, "gnorm": 0.799, "tok_per_s": 242236.6, "load": 2.70751953125}
{"event": "step", "step": 63600, "loss": 4.7157, "lr": 0.002402254489144074, "gnorm": 1.291, "tok_per_s": 242105.2, "load": 2.70751953125}
{"event": "step", "step": 63700, "loss": 4.8036, "lr": 0.0024004135728421003, "gnorm": 0.925, "tok_per_s": 242050.6, "load": 2.81103515625}
{"event": "step", "step": 63800, "loss": 4.7297, "lr": 0.002398570634968035, "gnorm": 0.777, "tok_per_s": 242041.0, "load": 2.74560546875}
{"event": "step", "step": 63900, "loss": 4.8651, "lr": 0.0023967256804866477, "gnorm": 0.812, "tok_per_s": 242079.7, "load": 2.74560546875}
{"event": "step", "step": 64000, "loss": 4.886, "lr": 0.0023948787143681432, "gnorm": 0.945, "tok_per_s": 242084.8, "load": 2.685546875}
{"event": "step", "step": 64100, "loss": 4.5806, "lr": 0.0023930297415881456, "gnorm": 1.372, "tok_per_s": 242080.0, "load": 2.7109375}
{"event": "step", "step": 64200, "loss": 4.8437, "lr": 0.002391178767127683, "gnorm": 1.018, "tok_per_s": 242082.1, "load": 2.7109375}
{"event": "step", "step": 64300, "loss": 4.6878, "lr": 0.002389325795973177, "gnorm": 0.911, "tok_per_s": 242033.6, "load": 2.734375}
{"event": "step", "step": 64400, "loss": 4.6097, "lr": 0.002387470833116428, "gnorm": 1.177, "tok_per_s": 242058.6, "load": 2.755859375}
{"event": "step", "step": 64500, "loss": 4.6462, "lr": 0.0023856138835546014, "gnorm": 0.887, "tok_per_s": 242039.1, "load": 2.755859375}
{"event": "step", "step": 64600, "loss": 4.6844, "lr": 0.0023837549522902164, "gnorm": 0.882, "tok_per_s": 242017.4, "load": 2.6953125}
{"event": "step", "step": 64700, "loss": 4.5916, "lr": 0.002381894044331128, "gnorm": 0.975, "tok_per_s": 242061.2, "load": 2.7197265625}
{"event": "step", "step": 64800, "loss": 4.7337, "lr": 0.00238003116469052, "gnorm": 1.269, "tok_per_s": 242044.6, "load": 2.7197265625}
{"event": "step", "step": 64900, "loss": 4.6817, "lr": 0.002378166318386884, "gnorm": 0.987, "tok_per_s": 242000.2, "load": 2.7421875}
{"event": "step", "step": 65000, "loss": 4.6081, "lr": 0.0023762995104440114, "gnorm": 0.935, "tok_per_s": 241998.6, "load": 2.84326171875}
{"event": "step", "step": 65100, "loss": 4.5405, "lr": 0.002374430745890979, "gnorm": 0.711, "tok_per_s": 218405.6, "load": 2.85595703125}
{"event": "step", "step": 65200, "loss": 4.6312, "lr": 0.0023725600297621334, "gnorm": 1.256, "tok_per_s": 242131.6, "load": 2.85595703125}
{"event": "step", "step": 65300, "loss": 4.5872, "lr": 0.0023706873670970787, "gnorm": 1.172, "tok_per_s": 242141.4, "load": 2.86767578125}
{"event": "step", "step": 65400, "loss": 4.5152, "lr": 0.0023688127629406634, "gnorm": 0.779, "tok_per_s": 242051.5, "load": 2.7978515625}
{"event": "step", "step": 65500, "loss": 4.7302, "lr": 0.0023669362223429666, "gnorm": 1.003, "tok_per_s": 242051.7, "load": 2.7978515625}
{"event": "step", "step": 65600, "loss": 4.6906, "lr": 0.002365057750359283, "gnorm": 1.055, "tok_per_s": 242065.6, "load": 2.814453125}
{"event": "step", "step": 65700, "loss": 4.7061, "lr": 0.0023631773520501097, "gnorm": 1.014, "tok_per_s": 242046.6, "load": 2.82958984375}
{"event": "step", "step": 65800, "loss": 4.5816, "lr": 0.0023612950324811356, "gnorm": 0.876, "tok_per_s": 241932.7, "load": 2.82958984375}
{"event": "step", "step": 65900, "loss": 4.76, "lr": 0.0023594107967232236, "gnorm": 0.941, "tok_per_s": 241702.4, "load": 5.32568359375}
{"event": "step", "step": 66000, "loss": 4.684, "lr": 0.0023575246498523995, "gnorm": 0.846, "tok_per_s": 241696.2, "load": 7.6220703125}
{"event": "step", "step": 66100, "loss": 4.8286, "lr": 0.002355636596949837, "gnorm": 1.105, "tok_per_s": 241998.6, "load": 7.6220703125}
{"event": "step", "step": 66200, "loss": 4.7485, "lr": 0.0023537466431018447, "gnorm": 0.965, "tok_per_s": 242037.7, "load": 7.33154296875}
{"event": "step", "step": 66300, "loss": 4.6537, "lr": 0.0023518547933998523, "gnorm": 1.134, "tok_per_s": 242041.0, "load": 6.984375}
{"event": "step", "step": 66400, "loss": 4.6469, "lr": 0.002349961052940397, "gnorm": 0.738, "tok_per_s": 242178.7, "load": 6.984375}
{"event": "step", "step": 66500, "loss": 4.5339, "lr": 0.0023480654268251094, "gnorm": 0.929, "tok_per_s": 242119.6, "load": 6.6650390625}
{"event": "step", "step": 66600, "loss": 4.8022, "lr": 0.0023461679201607004, "gnorm": 0.932, "tok_per_s": 242140.7, "load": 6.37109375}
{"event": "step", "step": 66700, "loss": 4.7664, "lr": 0.0023442685380589455, "gnorm": 1.145, "tok_per_s": 242106.4, "load": 6.37109375}
{"event": "step", "step": 66800, "loss": 4.5491, "lr": 0.0023423672856366746, "gnorm": 1.252, "tok_per_s": 242154.7, "load": 6.02099609375}
{"event": "step", "step": 66900, "loss": 4.4973, "lr": 0.0023404641680157545, "gnorm": 1.106, "tok_per_s": 242089.7, "load": 5.77880859375}
{"event": "step", "step": 67000, "loss": 4.5864, "lr": 0.002338559190323077, "gnorm": 1.461, "tok_per_s": 242151.5, "load": 5.77880859375}
{"event": "step", "step": 67100, "loss": 4.6023, "lr": 0.0023366523576905467, "gnorm": 1.16, "tok_per_s": 242110.1, "load": 5.47607421875}
{"event": "step", "step": 67200, "loss": 4.6273, "lr": 0.002334743675255063, "gnorm": 0.817, "tok_per_s": 242082.5, "load": 7.76025390625}
{"event": "step", "step": 67300, "loss": 4.9204, "lr": 0.0023328331481585083, "gnorm": 1.403, "tok_per_s": 242103.2, "load": 7.76025390625}
{"event": "step", "step": 67400, "loss": 4.4356, "lr": 0.0023309207815477373, "gnorm": 1.202, "tok_per_s": 242119.8, "load": 7.37890625}
{"event": "step", "step": 67500, "loss": 4.649, "lr": 0.0023290065805745574, "gnorm": 1.004, "tok_per_s": 242076.3, "load": 7.18798828125}
{"event": "step", "step": 67600, "loss": 4.7402, "lr": 0.0023270905503957186, "gnorm": 1.007, "tok_per_s": 241990.0, "load": 7.18798828125}
{"event": "step", "step": 67700, "loss": 4.6098, "lr": 0.002325172696172899, "gnorm": 1.281, "tok_per_s": 242000.3, "load": 6.7724609375}
{"event": "step", "step": 67800, "loss": 4.7239, "lr": 0.002323253023072691, "gnorm": 1.428, "tok_per_s": 242014.7, "load": 6.47021484375}
{"event": "step", "step": 67900, "loss": 4.5532, "lr": 0.002321331536266585, "gnorm": 0.861, "tok_per_s": 242055.2, "load": 6.47021484375}
{"event": "step", "step": 68000, "loss": 4.7429, "lr": 0.0023194082409309594, "gnorm": 1.065, "tok_per_s": 241985.0, "load": 6.19189453125}
{"event": "step", "step": 68100, "loss": 4.8188, "lr": 0.002317483142247064, "gnorm": 0.899, "tok_per_s": 242082.5, "load": 5.93603515625}
{"event": "step", "step": 68200, "loss": 4.6579, "lr": 0.002315556245401007, "gnorm": 0.961, "tok_per_s": 242080.3, "load": 5.70068359375}
{"event": "step", "step": 68300, "loss": 4.6675, "lr": 0.002313627555583741, "gnorm": 0.743, "tok_per_s": 242034.3, "load": 5.70068359375}
{"event": "step", "step": 68400, "loss": 4.6742, "lr": 0.0023116970779910465, "gnorm": 0.848, "tok_per_s": 242062.1, "load": 5.484375}
{"event": "step", "step": 68500, "loss": 4.6055, "lr": 0.002309764817823523, "gnorm": 0.989, "tok_per_s": 242010.5, "load": 5.28515625}
{"event": "step", "step": 68600, "loss": 4.6565, "lr": 0.002307830780286571, "gnorm": 0.923, "tok_per_s": 242020.3, "load": 5.28515625}
{"event": "step", "step": 68700, "loss": 4.7666, "lr": 0.002305894970590379, "gnorm": 1.047, "tok_per_s": 242055.5, "load": 5.10205078125}
{"event": "step", "step": 68800, "loss": 4.6631, "lr": 0.0023039573939499097, "gnorm": 0.894, "tok_per_s": 242055.1, "load": 4.93359375}
{"event": "step", "step": 68900, "loss": 4.6868, "lr": 0.0023020180555848864, "gnorm": 1.163, "tok_per_s": 242002.7, "load": 4.93359375}
{"event": "step", "step": 69000, "loss": 4.7346, "lr": 0.002300076960719778, "gnorm": 1.25, "tok_per_s": 242005.3, "load": 4.7783203125}
{"event": "step", "step": 69100, "loss": 4.5007, "lr": 0.002298134114583784, "gnorm": 1.062, "tok_per_s": 242003.5, "load": 4.6357421875}
{"event": "step", "step": 69200, "loss": 4.7535, "lr": 0.002296189522410825, "gnorm": 0.909, "tok_per_s": 241951.8, "load": 4.6357421875}
{"event": "step", "step": 69300, "loss": 4.5791, "lr": 0.002294243189439521, "gnorm": 0.91, "tok_per_s": 241988.6, "load": 4.50439453125}
{"event": "step", "step": 69400, "loss": 4.686, "lr": 0.0022922951209131855, "gnorm": 1.056, "tok_per_s": 241972.5, "load": 4.3037109375}
{"event": "step", "step": 69500, "loss": 4.5159, "lr": 0.0022903453220798056, "gnorm": 0.937, "tok_per_s": 241969.9, "load": 4.3037109375}
{"event": "step", "step": 69600, "loss": 4.4887, "lr": 0.0022883937981920295, "gnorm": 0.929, "tok_per_s": 241960.4, "load": 4.119140625}
{"event": "step", "step": 69700, "loss": 4.5164, "lr": 0.0022864405545071536, "gnorm": 0.817, "tok_per_s": 242017.0, "load": 4.029296875}
{"event": "step", "step": 69800, "loss": 4.7487, "lr": 0.0022844855962871067, "gnorm": 0.997, "tok_per_s": 241945.5, "load": 4.029296875}
{"event": "step", "step": 69900, "loss": 4.7745, "lr": 0.002282528928798437, "gnorm": 1.257, "tok_per_s": 241905.0, "load": 4.107421875}
{"event": "step", "step": 70000, "loss": 4.694, "lr": 0.0022805705573122966, "gnorm": 0.92, "tok_per_s": 241952.2, "load": 4.0986328125}
{"event": "step", "step": 70100, "loss": 4.6359, "lr": 0.0022786104871044283, "gnorm": 0.951, "tok_per_s": 219347.0, "load": 4.0986328125}
{"event": "step", "step": 70200, "loss": 4.7979, "lr": 0.002276648723455152, "gnorm": 0.999, "tok_per_s": 242012.6, "load": 4.01025390625}
{"event": "step", "step": 70300, "loss": 4.6327, "lr": 0.002274685271649349, "gnorm": 0.906, "tok_per_s": 241966.3, "load": 3.84912109375}
{"event": "step", "step": 70400, "loss": 4.7244, "lr": 0.0022727201369764473, "gnorm": 0.921, "tok_per_s": 242007.7, "load": 3.84912109375}
{"event": "step", "step": 70500, "loss": 4.7286, "lr": 0.0022707533247304105, "gnorm": 1.085, "tok_per_s": 241845.7, "load": 3.78076171875}
{"event": "step", "step": 70600, "loss": 4.753, "lr": 0.00226878484020972, "gnorm": 1.029, "tok_per_s": 241950.8, "load": 3.6376953125}
{"event": "step", "step": 70700, "loss": 4.7595, "lr": 0.0022668146887173638, "gnorm": 0.949, "tok_per_s": 241986.0, "load": 3.50634765625}
{"event": "step", "step": 70800, "loss": 4.6497, "lr": 0.0022648428755608183, "gnorm": 0.955, "tok_per_s": 241983.0, "load": 3.50634765625}
{"event": "step", "step": 70900, "loss": 4.6852, "lr": 0.002262869406052038, "gnorm": 1.029, "tok_per_s": 241999.2, "load": 3.46533203125}
{"event": "step", "step": 71000, "loss": 4.6637, "lr": 0.0022608942855074387, "gnorm": 0.81, "tok_per_s": 241894.9, "load": 3.427734375}
{"event": "step", "step": 71100, "loss": 4.6544, "lr": 0.0022589175192478856, "gnorm": 0.97, "tok_per_s": 241751.6, "load": 3.427734375}
{"event": "step", "step": 71200, "loss": 4.7565, "lr": 0.002256939112598675, "gnorm": 1.131, "tok_per_s": 241973.1, "load": 3.4736328125}
{"event": "step", "step": 71300, "loss": 4.7289, "lr": 0.0022549590708895242, "gnorm": 1.485, "tok_per_s": 241966.5, "load": 3.435546875}
{"event": "step", "step": 71400, "loss": 4.6902, "lr": 0.002252977399454554, "gnorm": 0.957, "tok_per_s": 241948.2, "load": 3.435546875}
{"event": "step", "step": 71500, "loss": 4.5883, "lr": 0.002250994103632277, "gnorm": 0.851, "tok_per_s": 242004.9, "load": 3.48095703125}
{"event": "step", "step": 71600, "loss": 4.6298, "lr": 0.0022490091887655797, "gnorm": 1.243, "tok_per_s": 241976.0, "load": 3.4423828125}
{"event": "step", "step": 71700, "loss": 4.5832, "lr": 0.0022470226602017123, "gnorm": 1.332, "tok_per_s": 241959.0, "load": 3.4423828125}
{"event": "step", "step": 71800, "loss": 4.6615, "lr": 0.0022450345232922714, "gnorm": 1.004, "tok_per_s": 241959.1, "load": 3.32666015625}
{"event": "step", "step": 71900, "loss": 4.6185, "lr": 0.002243044783393186, "gnorm": 1.289, "tok_per_s": 241988.4, "load": 3.22021484375}
{"event": "step", "step": 72000, "loss": 4.6627, "lr": 0.002241053445864704, "gnorm": 0.896, "tok_per_s": 241935.9, "load": 3.22021484375}
{"event": "step", "step": 72100, "loss": 4.7978, "lr": 0.0022390605160713772, "gnorm": 1.043, "tok_per_s": 241972.5, "load": 3.1220703125}
{"event": "step", "step": 72200, "loss": 4.6581, "lr": 0.0022370659993820466, "gnorm": 1.123, "tok_per_s": 241934.0, "load": 3.11181640625}
{"event": "step", "step": 72300, "loss": 4.6854, "lr": 0.0022350699011698285, "gnorm": 0.851, "tok_per_s": 241937.4, "load": 3.11181640625}
{"event": "step", "step": 72400, "loss": 4.6381, "lr": 0.002233072226812099, "gnorm": 1.489, "tok_per_s": 241931.1, "load": 3.1025390625}
{"event": "step", "step": 72500, "loss": 4.6058, "lr": 0.0022310729816904813, "gnorm": 1.055, "tok_per_s": 241968.6, "load": 3.09423828125}
{"event": "step", "step": 72600, "loss": 4.5327, "lr": 0.00222907217119083, "gnorm": 1.043, "tok_per_s": 241847.0, "load": 3.09423828125}
{"event": "step", "step": 72700, "loss": 4.7298, "lr": 0.0022270698007032155, "gnorm": 1.065, "tok_per_s": 241937.7, "load": 3.1669921875}
{"event": "step", "step": 72800, "loss": 4.6236, "lr": 0.0022250658756219127, "gnorm": 1.277, "tok_per_s": 241947.0, "load": 3.0732421875}
{"event": "step", "step": 72900, "loss": 4.6358, "lr": 0.0022230604013453825, "gnorm": 1.291, "tok_per_s": 241903.8, "load": 3.0732421875}
{"event": "step", "step": 73000, "loss": 4.6634, "lr": 0.0022210533832762603, "gnorm": 1.247, "tok_per_s": 241919.5, "load": 3.06689453125}
{"event": "step", "step": 73100, "loss": 4.536, "lr": 0.0022190448268213404, "gnorm": 1.104, "tok_per_s": 241930.6, "load": 2.9814453125}
{"event": "step", "step": 73200, "loss": 4.4361, "lr": 0.002217034737391562, "gnorm": 0.813, "tok_per_s": 241949.4, "load": 2.9814453125}
{"event": "step", "step": 73300, "loss": 4.5875, "lr": 0.0022150231204019918, "gnorm": 0.971, "tok_per_s": 241941.4, "load": 2.9833984375}
{"event": "step", "step": 73400, "loss": 4.815, "lr": 0.0022130099812718144, "gnorm": 1.586, "tok_per_s": 241949.4, "load": 2.904296875}
{"event": "step", "step": 73500, "loss": 4.6658, "lr": 0.0022109953254243137, "gnorm": 1.074, "tok_per_s": 241942.9, "load": 2.904296875}
{"event": "step", "step": 73600, "loss": 4.4049, "lr": 0.0022089791582868587, "gnorm": 1.059, "tok_per_s": 241949.6, "load": 2.912109375}
{"event": "step", "step": 73700, "loss": 4.5515, "lr": 0.002206961485290891, "gnorm": 1.301, "tok_per_s": 241948.1, "load": 2.91943359375}
{"event": "step", "step": 73800, "loss": 4.5931, "lr": 0.0022049423118719095, "gnorm": 0.803, "tok_per_s": 241989.7, "load": 2.92626953125}
{"event": "step", "step": 73900, "loss": 4.5957, "lr": 0.002202921643469453, "gnorm": 1.347, "tok_per_s": 242024.2, "load": 2.92626953125}
{"event": "step", "step": 74000, "loss": 4.6507, "lr": 0.0022008994855270895, "gnorm": 1.01, "tok_per_s": 242041.8, "load": 2.9326171875}
{"event": "step", "step": 74100, "loss": 4.7551, "lr": 0.0021988758434923986, "gnorm": 1.186, "tok_per_s": 241984.4, "load": 2.85791015625}
{"event": "step", "step": 74200, "loss": 4.6501, "lr": 0.0021968507228169593, "gnorm": 0.891, "tok_per_s": 242008.0, "load": 2.85791015625}
{"event": "step", "step": 74300, "loss": 4.4693, "lr": 0.0021948241289563323, "gnorm": 0.882, "tok_per_s": 242031.1, "load": 2.86962890625}
{"event": "step", "step": 74400, "loss": 4.8063, "lr": 0.0021927960673700482, "gnorm": 1.249, "tok_per_s": 241928.7, "load": 2.7998046875}
{"event": "step", "step": 74500, "loss": 4.5558, "lr": 0.0021907665435215917, "gnorm": 1.292, "tok_per_s": 241752.4, "load": 2.7998046875}
{"event": "step", "step": 74600, "loss": 4.5126, "lr": 0.002188735562878385, "gnorm": 1.021, "tok_per_s": 241987.9, "load": 2.7353515625}
{"event": "step", "step": 74700, "loss": 4.6555, "lr": 0.0021867031309117774, "gnorm": 0.889, "tok_per_s": 241963.6, "load": 2.7568359375}
{"event": "step", "step": 74800, "loss": 4.705, "lr": 0.002184669253097026, "gnorm": 1.037, "tok_per_s": 242003.8, "load": 2.7568359375}
{"event": "step", "step": 74900, "loss": 4.6965, "lr": 0.0021826339349132837, "gnorm": 1.033, "tok_per_s": 242077.7, "load": 2.7763671875}
{"event": "step", "step": 75000, "loss": 4.5715, "lr": 0.002180597181843584, "gnorm": 1.056, "tok_per_s": 242032.9, "load": 2.79443359375}
{"event": "step", "step": 75100, "loss": 4.5945, "lr": 0.002178558999374825, "gnorm": 1.184, "tok_per_s": 219211.7, "load": 2.79443359375}
{"event": "step", "step": 75200, "loss": 4.5984, "lr": 0.002176519392997755, "gnorm": 1.03, "tok_per_s": 242098.9, "load": 2.97119140625}
{"event": "step", "step": 75300, "loss": 4.7163, "lr": 0.002174478368206961, "gnorm": 1.218, "tok_per_s": 242083.7, "load": 3.0537109375}
{"event": "step", "step": 75400, "loss": 4.6316, "lr": 0.002172435930500849, "gnorm": 1.352, "tok_per_s": 242033.0, "load": 3.0537109375}
{"event": "step", "step": 75500, "loss": 4.8104, "lr": 0.0021703920853816307, "gnorm": 1.385, "tok_per_s": 242073.5, "load": 3.04931640625}
{"event": "step", "step": 75600, "loss": 4.629, "lr": 0.002168346838355311, "gnorm": 2.038, "tok_per_s": 242071.2, "load": 3.044921875}
{"event": "step", "step": 75700, "loss": 4.5072, "lr": 0.0021663001949316714, "gnorm": 1.462, "tok_per_s": 242096.5, "load": 3.044921875}
{"event": "step", "step": 75800, "loss": 4.6219, "lr": 0.002164252160624253, "gnorm": 1.88, "tok_per_s": 242040.1, "load": 3.12158203125}
{"event": "step", "step": 75900, "loss": 4.5971, "lr": 0.002162202740950346, "gnorm": 1.391, "tok_per_s": 242097.0, "load": 3.11181640625}
{"event": "step", "step": 76000, "loss": 4.5003, "lr": 0.002160151941430973, "gnorm": 0.966, "tok_per_s": 242046.2, "load": 3.11181640625}
{"event": "step", "step": 76100, "loss": 4.6728, "lr": 0.002158099767590871, "gnorm": 1.572, "tok_per_s": 242033.4, "load": 3.0224609375}
{"event": "step", "step": 76200, "loss": 4.5954, "lr": 0.0021560462249584833, "gnorm": 0.9, "tok_per_s": 241933.1, "load": 2.9404296875}
{"event": "step", "step": 76300, "loss": 4.6212, "lr": 0.0021539913190659382, "gnorm": 1.389, "tok_per_s": 241929.3, "load": 2.86474609375}
{"event": "step", "step": 76400, "loss": 4.5381, "lr": 0.0021519350554490353, "gnorm": 4.862, "tok_per_s": 241892.1, "load": 2.86474609375}
{"event": "step", "step": 76500, "loss": 4.6131, "lr": 0.002149877439647235, "gnorm": 1.015, "tok_per_s": 241920.6, "load": 2.8759765625}
{"event": "step", "step": 76600, "loss": 4.6655, "lr": 0.002147818477203639, "gnorm": 1.155, "tok_per_s": 241910.7, "load": 2.88623046875}
{"event": "step", "step": 76700, "loss": 4.6588, "lr": 0.002145758173664976, "gnorm": 1.4, "tok_per_s": 241861.8, "load": 2.88623046875}
{"event": "step", "step": 76800, "loss": 4.6423, "lr": 0.0021436965345815887, "gnorm": 1.241, "tok_per_s": 241909.0, "load": 3.0556640625}
{"event": "step", "step": 76900, "loss": 4.676, "lr": 0.002141633565507417, "gnorm": 1.349, "tok_per_s": 241544.9, "load": 2.970703125}
{"event": "step", "step": 77000, "loss": 4.4592, "lr": 0.0021395692719999838, "gnorm": 1.5, "tok_per_s": 241672.0, "load": 2.970703125}
{"event": "step", "step": 77100, "loss": 4.7052, "lr": 0.0021375036596203803, "gnorm": 1.647, "tok_per_s": 241929.5, "load": 2.892578125}
{"event": "step", "step": 77200, "loss": 4.7606, "lr": 0.00213543673393325, "gnorm": 1.075, "tok_per_s": 241874.8, "load": 2.82080078125}
{"event": "step", "step": 77300, "loss": 4.9596, "lr": 0.002133368500506776, "gnorm": 1.352, "tok_per_s": 241950.7, "load": 2.82080078125}
{"event": "step", "step": 77400, "loss": 4.7059, "lr": 0.0021312989649126617, "gnorm": 1.535, "tok_per_s": 242019.3, "load": 2.7548828125}
{"event": "step", "step": 77500, "loss": 4.8203, "lr": 0.002129228132726121, "gnorm": 1.491, "tok_per_s": 241876.9, "load": 2.6943359375}
{"event": "step", "step": 77600, "loss": 4.6259, "lr": 0.0021271560095258587, "gnorm": 2.771, "tok_per_s": 241988.8, "load": 2.6943359375}
{"event": "step", "step": 77700, "loss": 4.7292, "lr": 0.0021250826008940593, "gnorm": 1.607, "tok_per_s": 241955.2, "load": 2.71923828125}
{"event": "step", "step": 77800, "loss": 4.7739, "lr": 0.00212300791241637, "gnorm": 1.262, "tok_per_s": 241970.1, "load": 2.66162109375}
{"event": "step", "step": 77900, "loss": 4.7069, "lr": 0.002120931949681884, "gnorm": 1.125, "tok_per_s": 241932.1, "load": 2.66162109375}
{"event": "step", "step": 78000, "loss": 4.8148, "lr": 0.0021188547182831286, "gnorm": 1.783, "tok_per_s": 241687.5, "load": 2.68896484375}
{"event": "step", "step": 78100, "loss": 4.4677, "lr": 0.0021167762238160494, "gnorm": 0.987, "tok_per_s": 241703.7, "load": 2.71435546875}
{"event": "step", "step": 78200, "loss": 4.8493, "lr": 0.002114696471879994, "gnorm": 4.468, "tok_per_s": 241748.5, "load": 2.71435546875}
{"event": "step", "step": 78300, "loss": 4.7083, "lr": 0.0021126154680776972, "gnorm": 1.035, "tok_per_s": 241674.0, "load": 2.7373046875}
{"event": "step", "step": 78400, "loss": 4.6703, "lr": 0.0021105332180152664, "gnorm": 1.069, "tok_per_s": 241753.1, "load": 2.7587890625}
{"event": "step", "step": 78500, "loss": 4.7314, "lr": 0.0021084497273021665, "gnorm": 1.104, "tok_per_s": 241332.3, "load": 2.7587890625}
{"event": "step", "step": 78600, "loss": 4.545, "lr": 0.002106365001551205, "gnorm": 1.001, "tok_per_s": 241656.7, "load": 5.3408203125}
{"event": "step", "step": 78700, "loss": 4.6336, "lr": 0.0021042790463785157, "gnorm": 1.679, "tok_per_s": 241834.5, "load": 7.71630859375}
{"event": "step", "step": 78800, "loss": 4.5579, "lr": 0.002102191867403546, "gnorm": 1.408, "tok_per_s": 241838.4, "load": 7.71630859375}
{"event": "step", "step": 78900, "loss": 4.612, "lr": 0.0021001034702490375, "gnorm": 1.823, "tok_per_s": 242005.5, "load": 7.41845703125}
{"event": "step", "step": 79000, "loss": 4.7094, "lr": 0.002098013860541016, "gnorm": 1.137, "tok_per_s": 241770.1, "load": 7.14453125}
{"event": "step", "step": 79100, "loss": 4.5916, "lr": 0.0020959230439087733, "gnorm": 1.629, "tok_per_s": 241797.9, "load": 7.14453125}
{"event": "step", "step": 79200, "loss": 4.6275, "lr": 0.0020938310259848514, "gnorm": 1.408, "tok_per_s": 241967.4, "load": 6.892578125}
{"event": "step", "step": 79300, "loss": 4.6791, "lr": 0.002091737812405029, "gnorm": 0.979, "tok_per_s": 241988.5, "load": 6.58056640625}
{"event": "step", "step": 79400, "loss": 4.6082, "lr": 0.002089643408808307, "gnorm": 1.946, "tok_per_s": 241772.1, "load": 6.37353515625}
{"event": "step", "step": 79500, "loss": 4.5122, "lr": 0.0020875478208368906, "gnorm": 0.957, "tok_per_s": 241923.0, "load": 6.37353515625}
{"event": "step", "step": 79600, "loss": 4.7166, "lr": 0.0020854510541361768, "gnorm": 2.536, "tok_per_s": 241869.1, "load": 6.18310546875}
{"event": "step", "step": 79700, "loss": 4.6357, "lr": 0.0020833531143547375, "gnorm": 1.194, "tok_per_s": 241896.5, "load": 6.0078125}
{"event": "step", "step": 79800, "loss": 4.7544, "lr": 0.0020812540071443045, "gnorm": 0.984, "tok_per_s": 242121.6, "load": 6.0078125}
{"event": "step", "step": 79900, "loss": 4.7572, "lr": 0.002079153738159755, "gnorm": 1.586, "tok_per_s": 242137.4, "load": 5.7666015625}
{"event": "step", "step": 80000, "loss": 4.5696, "lr": 0.0020770523130590962, "gnorm": 1.255, "tok_per_s": 242123.8, "load": 5.705078125}
eval 80000 {'bpb': 1.529585008251443, 'nats_per_token': 4.611882975151108, 'tokens': 16379, 'bytes': 71247}
{"event": "step", "step": 80100, "loss": 4.757, "lr": 0.002074949737503449, "gnorm": 0.822, "tok_per_s": 215571.3, "load": 5.705078125}
{"event": "step", "step": 80200, "loss": 4.6908, "lr": 0.0020728460171570346, "gnorm": 1.167, "tok_per_s": 241803.0, "load": 5.568359375}
{"event": "step", "step": 80300, "loss": 4.62, "lr": 0.0020707411576871572, "gnorm": 1.151, "tok_per_s": 241888.5, "load": 5.68310546875}
{"event": "step", "step": 80400, "loss": 4.5808, "lr": 0.002068635164764191, "gnorm": 1.089, "tok_per_s": 241818.4, "load": 5.68310546875}
{"event": "step", "step": 80500, "loss": 4.5363, "lr": 0.0020665280440615615, "gnorm": 1.175, "tok_per_s": 241851.7, "load": 7.95068359375}
{"event": "step", "step": 80600, "loss": 4.5001, "lr": 0.0020644198012557354, "gnorm": 1.29, "tok_per_s": 241828.5, "load": 7.55419921875}
{"event": "step", "step": 80700, "loss": 4.496, "lr": 0.002062310442026199, "gnorm": 1.428, "tok_per_s": 241830.7, "load": 7.55419921875}
{"event": "step", "step": 80800, "loss": 4.6911, "lr": 0.0020601999720554487, "gnorm": 1.046, "tok_per_s": 241830.3, "load": 7.189453125}
{"event": "step", "step": 80900, "loss": 4.6052, "lr": 0.002058088397028972, "gnorm": 1.457, "tok_per_s": 241815.4, "load": 6.853515625}
{"event": "step", "step": 81000, "loss": 4.5349, "lr": 0.0020559757226352336, "gnorm": 1.461, "tok_per_s": 241806.2, "load": 6.853515625}
{"event": "step", "step": 81100, "loss": 4.5942, "lr": 0.00205386195456566, "gnorm": 1.557, "tok_per_s": 241742.9, "load": 6.544921875}
{"event": "step", "step": 81200, "loss": 4.7269, "lr": 0.0020517470985146244, "gnorm": 1.251, "tok_per_s": 241752.8, "load": 6.1806640625}
{"event": "step", "step": 81300, "loss": 4.6597, "lr": 0.0020496311601794297, "gnorm": 1.178, "tok_per_s": 241690.0, "load": 6.1806640625}
{"event": "step", "step": 81400, "loss": 4.6516, "lr": 0.002047514145260295, "gnorm": 1.463, "tok_per_s": 241685.0, "load": 5.92578125}
{"event": "step", "step": 81500, "loss": 4.6246, "lr": 0.002045396059460341, "gnorm": 1.391, "tok_per_s": 241755.6, "load": 5.69140625}
{"event": "step", "step": 81600, "loss": 4.7851, "lr": 0.0020432769084855703, "gnorm": 0.967, "tok_per_s": 241718.2, "load": 5.5556640625}
{"event": "step", "step": 81700, "loss": 4.7611, "lr": 0.0020411566980448586, "gnorm": 0.789, "tok_per_s": 241269.3, "load": 5.5556640625}
{"event": "step", "step": 81800, "loss": 4.7179, "lr": 0.0020390354338499323, "gnorm": 1.23, "tok_per_s": 241612.9, "load": 7.83349609375}
{"event": "step", "step": 81900, "loss": 4.6461, "lr": 0.0020369131216153593, "gnorm": 0.951, "tok_per_s": 241622.1, "load": 9.92919921875}
{"event": "step", "step": 82000, "loss": 4.8183, "lr": 0.00203478976705853, "gnorm": 2.055, "tok_per_s": 241590.5, "load": 9.92919921875}
{"event": "step", "step": 82100, "loss": 4.7035, "lr": 0.002032665375899641, "gnorm": 1.406, "tok_per_s": 241702.7, "load": 9.3740234375}
{"event": "step", "step": 82200, "loss": 4.7036, "lr": 0.0020305399538616846, "gnorm": 1.428, "tok_per_s": 241626.9, "load": 8.783203125}
{"event": "step", "step": 82300, "loss": 4.7679, "lr": 0.0020284135066704284, "gnorm": 1.669, "tok_per_s": 241695.1, "load": 8.783203125}
{"event": "step", "step": 82400, "loss": 4.929, "lr": 0.0020262860400544007, "gnorm": 0.899, "tok_per_s": 241708.1, "load": 8.31982421875}
{"event": "step", "step": 82500, "loss": 4.5639, "lr": 0.0020241575597448784, "gnorm": 1.314, "tok_per_s": 241691.6, "load": 7.8134765625}
{"event": "step", "step": 82600, "loss": 4.7505, "lr": 0.002022028071475868, "gnorm": 1.446, "tok_per_s": 241698.5, "load": 7.8134765625}
{"event": "step", "step": 82700, "loss": 4.6417, "lr": 0.002019897580984091, "gnorm": 0.996, "tok_per_s": 241696.8, "load": 7.427734375}
{"event": "step", "step": 82800, "loss": 4.5909, "lr": 0.0020177660940089693, "gnorm": 1.201, "tok_per_s": 241631.0, "load": 6.99267578125}
{"event": "step", "step": 82900, "loss": 4.7481, "lr": 0.0020156336162926104, "gnorm": 1.313, "tok_per_s": 241704.0, "load": 6.99267578125}
{"event": "step", "step": 83000, "loss": 4.6895, "lr": 0.0020135001535797887, "gnorm": 1.284, "tok_per_s": 241680.5, "load": 6.5927734375}
{"event": "step", "step": 83100, "loss": 4.6552, "lr": 0.002011365711617933, "gnorm": 1.202, "tok_per_s": 241549.2, "load": 6.224609375}
{"event": "step", "step": 83200, "loss": 4.6692, "lr": 0.0020092302961571113, "gnorm": 0.9, "tok_per_s": 241548.7, "load": 6.224609375}
{"event": "step", "step": 83300, "loss": 4.6936, "lr": 0.0020070939129500126, "gnorm": 1.428, "tok_per_s": 241545.6, "load": 5.96630859375}
{"event": "step", "step": 83400, "loss": 4.7117, "lr": 0.002004956567751933, "gnorm": 1.186, "tok_per_s": 241609.5, "load": 5.728515625}
{"event": "step", "step": 83500, "loss": 4.7188, "lr": 0.002002818266320761, "gnorm": 1.001, "tok_per_s": 241516.0, "load": 5.728515625}
{"event": "step", "step": 83600, "loss": 4.7623, "lr": 0.0020006790144169607, "gnorm": 1.069, "tok_per_s": 241616.0, "load": 5.509765625}
{"event": "step", "step": 83700, "loss": 4.7175, "lr": 0.0019985388178035564, "gnorm": 1.238, "tok_per_s": 241644.2, "load": 5.30859375}
{"event": "step", "step": 83800, "loss": 4.6462, "lr": 0.001996397682246119, "gnorm": 0.918, "tok_per_s": 241539.0, "load": 5.30859375}
{"event": "step", "step": 83900, "loss": 4.4921, "lr": 0.001994255613512747, "gnorm": 0.916, "tok_per_s": 241610.8, "load": 5.12353515625}
{"event": "step", "step": 84000, "loss": 4.7327, "lr": 0.001992112617374053, "gnorm": 0.912, "tok_per_s": 241603.1, "load": 4.953125}
{"event": "step", "step": 84100, "loss": 4.596, "lr": 0.001989968699603149, "gnorm": 1.289, "tok_per_s": 241630.6, "load": 4.953125}
{"event": "step", "step": 84200, "loss": 4.6246, "lr": 0.0019878238659756286, "gnorm": 1.434, "tok_per_s": 241456.0, "load": 4.71630859375}
{"event": "step", "step": 84300, "loss": 4.7222, "lr": 0.001985678122269554, "gnorm": 1.847, "tok_per_s": 241545.7, "load": 4.57861328125}
{"event": "step", "step": 84400, "loss": 4.5627, "lr": 0.0019835314742654387, "gnorm": 1.067, "tok_per_s": 241489.5, "load": 4.4521484375}
{"event": "step", "step": 84500, "loss": 4.617, "lr": 0.001981383927746231, "gnorm": 1.248, "tok_per_s": 241500.3, "load": 4.4521484375}
{"event": "step", "step": 84600, "loss": 4.553, "lr": 0.0019792354884973023, "gnorm": 0.948, "tok_per_s": 241517.3, "load": 4.41552734375}
{"event": "step", "step": 84700, "loss": 4.7657, "lr": 0.001977086162306426, "gnorm": 2.881, "tok_per_s": 241541.0, "load": 4.2216796875}
{"event": "step", "step": 84800, "loss": 4.7159, "lr": 0.001974935954963767, "gnorm": 1.069, "tok_per_s": 241599.6, "load": 4.2216796875}
{"event": "step", "step": 84900, "loss": 4.5053, "lr": 0.001972784872261864, "gnorm": 0.799, "tok_per_s": 241498.2, "load": 4.12353515625}
{"event": "step", "step": 85000, "loss": 4.5559, "lr": 0.0019706329199956117, "gnorm": 1.194, "tok_per_s": 241586.0, "load": 3.953125}
{"event": "step", "step": 85100, "loss": 4.5272, "lr": 0.0019684801039622497, "gnorm": 0.914, "tok_per_s": 218316.2, "load": 3.953125}
{"event": "step", "step": 85200, "loss": 4.6115, "lr": 0.001966326429961344, "gnorm": 1.136, "tok_per_s": 241671.5, "load": 3.79638671875}
{"event": "step", "step": 85300, "loss": 4.4475, "lr": 0.001964171903794771, "gnorm": 1.026, "tok_per_s": 241562.1, "load": 3.81298828125}
{"event": "step", "step": 85400, "loss": 4.6266, "lr": 0.001962016531266704, "gnorm": 1.347, "tok_per_s": 241599.3, "load": 3.81298828125}
{"event": "step", "step": 85500, "loss": 4.8072, "lr": 0.001959860318183595, "gnorm": 1.231, "tok_per_s": 241600.5, "load": 3.74755859375}
{"event": "step", "step": 85600, "loss": 4.5595, "lr": 0.0019577032703541612, "gnorm": 0.933, "tok_per_s": 241569.3, "load": 3.6875}
{"event": "step", "step": 85700, "loss": 4.7149, "lr": 0.0019555453935893694, "gnorm": 0.893, "tok_per_s": 241544.2, "load": 3.6875}
{"event": "step", "step": 85800, "loss": 4.7896, "lr": 0.001953386693702418, "gnorm": 1.365, "tok_per_s": 241604.0, "load": 3.63232421875}
{"event": "step", "step": 85900, "loss": 4.5876, "lr": 0.0019512271765087241, "gnorm": 0.865, "tok_per_s": 241612.7, "load": 3.50146484375}
{"event": "step", "step": 86000, "loss": 4.5287, "lr": 0.0019490668478259047, "gnorm": 1.099, "tok_per_s": 241670.5, "load": 3.50146484375}
{"event": "step", "step": 86100, "loss": 4.5654, "lr": 0.001946905713473765, "gnorm": 1.542, "tok_per_s": 241595.3, "load": 3.380859375}
{"event": "step", "step": 86200, "loss": 4.5954, "lr": 0.0019447437792742797, "gnorm": 1.675, "tok_per_s": 241650.7, "load": 3.27001953125}
{"event": "step", "step": 86300, "loss": 4.6897, "lr": 0.0019425810510515782, "gnorm": 1.328, "tok_per_s": 241528.0, "load": 3.27001953125}
{"event": "step", "step": 86400, "loss": 4.6082, "lr": 0.0019404175346319297, "gnorm": 1.467, "tok_per_s": 241467.7, "load": 3.16796875}
{"event": "step", "step": 86500, "loss": 4.5651, "lr": 0.0019382532358437248, "gnorm": 1.195, "tok_per_s": 241506.6, "load": 3.154296875}
{"event": "step", "step": 86600, "loss": 4.7899, "lr": 0.001936088160517464, "gnorm": 0.987, "tok_per_s": 241500.7, "load": 3.0615234375}
{"event": "step", "step": 86700, "loss": 4.5261, "lr": 0.0019339223144857387, "gnorm": 1.186, "tok_per_s": 241438.4, "load": 3.0615234375}
{"event": "step", "step": 86800, "loss": 4.739, "lr": 0.0019317557035832171, "gnorm": 1.155, "tok_per_s": 241491.9, "load": 2.97607421875}
{"event": "step", "step": 86900, "loss": 4.5152, "lr": 0.0019295883336466267, "gnorm": 1.261, "tok_per_s": 241481.9, "load": 2.8974609375}
{"event": "step", "step": 87000, "loss": 4.6547, "lr": 0.0019274202105147406, "gnorm": 1.194, "tok_per_s": 241494.4, "load": 2.8974609375}
{"event": "step", "step": 87100, "loss": 4.5325, "lr": 0.001925251340028362, "gnorm": 1.022, "tok_per_s": 241462.6, "load": 2.90576171875}
{"event": "step", "step": 87200, "loss": 4.4966, "lr": 0.0019230817280303054, "gnorm": 1.047, "tok_per_s": 241555.2, "load": 2.91357421875}
{"event": "step", "step": 87300, "loss": 4.6297, "lr": 0.0019209113803653843, "gnorm": 0.896, "tok_per_s": 241271.4, "load": 2.91357421875}
{"event": "step", "step": 87400, "loss": 4.5634, "lr": 0.0019187403028803932, "gnorm": 0.85, "tok_per_s": 241444.9, "load": 2.84033203125}
{"event": "step", "step": 87500, "loss": 4.6471, "lr": 0.0019165685014240939, "gnorm": 0.911, "tok_per_s": 241554.7, "load": 2.77294921875}
{"event": "step", "step": 87600, "loss": 4.812, "lr": 0.0019143959818471972, "gnorm": 1.215, "tok_per_s": 241580.1, "load": 2.77294921875}
{"event": "step", "step": 87700, "loss": 4.7007, "lr": 0.001912222750002349, "gnorm": 1.133, "tok_per_s": 241602.4, "load": 2.79150390625}
{"event": "step", "step": 87800, "loss": 4.6513, "lr": 0.001910048811744114, "gnorm": 2.415, "tok_per_s": 241590.1, "load": 2.888671875}
{"event": "step", "step": 87900, "loss": 4.8177, "lr": 0.00190787417292896, "gnorm": 1.63, "tok_per_s": 241600.5, "load": 2.888671875}
{"event": "step", "step": 88000, "loss": 4.7096, "lr": 0.0019056988394152423, "gnorm": 1.022, "tok_per_s": 241544.1, "load": 2.89794921875}
{"event": "step", "step": 88100, "loss": 4.587, "lr": 0.0019035228170631877, "gnorm": 0.901, "tok_per_s": 241594.4, "load": 2.90625}
{"event": "step", "step": 88200, "loss": 4.7238, "lr": 0.0019013461117348776, "gnorm": 1.322, "tok_per_s": 241614.9, "load": 2.90625}
{"event": "step", "step": 88300, "loss": 4.5745, "lr": 0.001899168729294235, "gnorm": 1.382, "tok_per_s": 241595.1, "load": 2.9140625}
{"event": "step", "step": 88400, "loss": 4.7232, "lr": 0.0018969906756070055, "gnorm": 0.928, "tok_per_s": 241588.9, "load": 2.8408203125}
{"event": "step", "step": 88500, "loss": 4.6079, "lr": 0.0018948119565407437, "gnorm": 1.015, "tok_per_s": 241581.7, "load": 2.8408203125}
{"event": "step", "step": 88600, "loss": 4.6868, "lr": 0.001892632577964797, "gnorm": 1.295, "tok_per_s": 241574.9, "load": 2.7734375}
{"event": "step", "step": 88700, "loss": 4.5709, "lr": 0.0018904525457502886, "gnorm": 1.139, "tok_per_s": 241570.7, "load": 2.71142578125}
{"event": "step", "step": 88800, "loss": 4.6013, "lr": 0.0018882718657701031, "gnorm": 1.251, "tok_per_s": 241574.6, "load": 2.71142578125}
{"event": "step", "step": 88900, "loss": 4.7219, "lr": 0.0018860905438988704, "gnorm": 1.586, "tok_per_s": 241583.2, "load": 2.654296875}
{"event": "step", "step": 89000, "loss": 4.6936, "lr": 0.0018839085860129494, "gnorm": 1.321, "tok_per_s": 241633.2, "load": 2.6015625}
{"event": "step", "step": 89100, "loss": 4.7191, "lr": 0.0018817259979904113, "gnorm": 1.484, "tok_per_s": 241588.6, "load": 2.6015625}
{"event": "step", "step": 89200, "loss": 4.7287, "lr": 0.0018795427857110274, "gnorm": 1.037, "tok_per_s": 241603.2, "load": 2.55322265625}
{"event": "step", "step": 89300, "loss": 4.548, "lr": 0.0018773589550562483, "gnorm": 1.285, "tok_per_s": 241554.4, "load": 2.5087890625}
{"event": "step", "step": 89400, "loss": 4.5517, "lr": 0.0018751745119091913, "gnorm": 0.91, "tok_per_s": 241643.5, "load": 2.54833984375}
{"event": "step", "step": 89500, "loss": 4.7922, "lr": 0.0018729894621546238, "gnorm": 1.121, "tok_per_s": 241642.0, "load": 2.54833984375}
{"event": "step", "step": 89600, "loss": 4.5409, "lr": 0.0018708038116789479, "gnorm": 1.273, "tok_per_s": 241624.7, "load": 2.5849609375}
{"event": "step", "step": 89700, "loss": 4.6369, "lr": 0.001868617566370183, "gnorm": 0.967, "tok_per_s": 241570.0, "load": 2.5380859375}
{"event": "step", "step": 89800, "loss": 4.6599, "lr": 0.0018664307321179512, "gnorm": 1.111, "tok_per_s": 241571.2, "load": 2.5380859375}
{"event": "step", "step": 89900, "loss": 4.5354, "lr": 0.0018642433148134616, "gnorm": 1.347, "tok_per_s": 241571.6, "load": 2.49462890625}
{"event": "step", "step": 90000, "loss": 4.7623, "lr": 0.0018620553203494937, "gnorm": 1.502, "tok_per_s": 241626.4, "load": 2.45458984375}
{"event": "step", "step": 90100, "loss": 4.692, "lr": 0.0018598667546203815, "gnorm": 1.366, "tok_per_s": 218725.0, "load": 2.45458984375}
{"event": "step", "step": 90200, "loss": 4.591, "lr": 0.0018576776235219995, "gnorm": 0.898, "tok_per_s": 241624.3, "load": 2.41796875}
{"event": "step", "step": 90300, "loss": 4.7318, "lr": 0.0018554879329517428, "gnorm": 1.223, "tok_per_s": 241555.5, "load": 2.46484375}
{"event": "step", "step": 90400, "loss": 4.493, "lr": 0.0018532976888085161, "gnorm": 1.462, "tok_per_s": 241651.5, "load": 2.46484375}
{"event": "step", "step": 90500, "loss": 4.7348, "lr": 0.0018511068969927142, "gnorm": 0.902, "tok_per_s": 241617.7, "load": 2.42724609375}
{"event": "step", "step": 90600, "loss": 4.6869, "lr": 0.0018489155634062067, "gnorm": 1.301, "tok_per_s": 241604.3, "load": 2.392578125}
{"event": "step", "step": 90700, "loss": 4.6539, "lr": 0.001846723693952324, "gnorm": 1.695, "tok_per_s": 241640.5, "load": 2.392578125}
{"event": "step", "step": 90800, "loss": 4.5442, "lr": 0.0018445312945358395, "gnorm": 1.242, "tok_per_s": 241582.7, "load": 2.36083984375}
{"event": "step", "step": 90900, "loss": 4.625, "lr": 0.001842338371062954, "gnorm": 1.96, "tok_per_s": 241574.7, "load": 2.33154296875}
{"event": "step", "step": 91000, "loss": 4.6034, "lr": 0.0018401449294412806, "gnorm": 1.3, "tok_per_s": 241571.4, "load": 2.33154296875}
{"event": "step", "step": 91100, "loss": 4.6557, "lr": 0.001837950975579828, "gnorm": 1.073, "tok_per_s": 241606.8, "load": 2.3046875}
{"event": "step", "step": 91200, "loss": 4.8677, "lr": 0.001835756515388985, "gnorm": 1.058, "tok_per_s": 241570.1, "load": 2.2802734375}
{"event": "step", "step": 91300, "loss": 4.709, "lr": 0.001833561554780504, "gnorm": 1.077, "tok_per_s": 241622.7, "load": 2.2802734375}
{"event": "step", "step": 91400, "loss": 4.4912, "lr": 0.0018313660996674868, "gnorm": 0.954, "tok_per_s": 241607.9, "load": 2.2578125}
{"event": "step", "step": 91500, "loss": 4.6562, "lr": 0.0018291701559643647, "gnorm": 1.085, "tok_per_s": 241582.6, "load": 2.23681640625}
{"event": "step", "step": 91600, "loss": 4.852, "lr": 0.001826973729586888, "gnorm": 1.592, "tok_per_s": 241565.6, "load": 2.2177734375}
{"event": "step", "step": 91700, "loss": 4.6728, "lr": 0.0018247768264521066, "gnorm": 1.155, "tok_per_s": 241590.3, "load": 2.2177734375}
{"event": "step", "step": 91800, "loss": 4.6216, "lr": 0.0018225794524783536, "gnorm": 0.862, "tok_per_s": 241616.1, "load": 2.2001953125}
{"event": "step", "step": 91900, "loss": 4.5748, "lr": 0.0018203816135852317, "gnorm": 1.203, "tok_per_s": 241597.1, "load": 2.18408203125}
{"event": "step", "step": 92000, "loss": 4.5987, "lr": 0.001818183315693595, "gnorm": 1.096, "tok_per_s": 241575.4, "load": 2.18408203125}
{"event": "step", "step": 92100, "loss": 4.6009, "lr": 0.001815984564725536, "gnorm": 1.417, "tok_per_s": 241597.5, "load": 2.1689453125}
{"event": "step", "step": 92200, "loss": 4.6452, "lr": 0.001813785366604365, "gnorm": 0.917, "tok_per_s": 241628.5, "load": 2.23583984375}
{"event": "step", "step": 92300, "loss": 4.4701, "lr": 0.0018115857272545995, "gnorm": 1.759, "tok_per_s": 241558.1, "load": 2.23583984375}
{"event": "step", "step": 92400, "loss": 4.5564, "lr": 0.001809385652601944, "gnorm": 1.363, "tok_per_s": 241603.6, "load": 2.29736328125}
{"event": "step", "step": 92500, "loss": 4.6056, "lr": 0.0018071851485732772, "gnorm": 1.098, "tok_per_s": 241595.9, "load": 2.43408203125}
{"event": "step", "step": 92600, "loss": 4.6313, "lr": 0.0018049842210966325, "gnorm": 1.161, "tok_per_s": 241619.5, "load": 2.43408203125}
{"event": "step", "step": 92700, "loss": 4.5872, "lr": 0.0018027828761011857, "gnorm": 1.258, "tok_per_s": 241584.5, "load": 2.4794921875}
{"event": "step", "step": 92800, "loss": 4.6974, "lr": 0.0018005811195172367, "gnorm": 1.359, "tok_per_s": 241614.5, "load": 2.6015625}
{"event": "step", "step": 92900, "loss": 4.5789, "lr": 0.0017983789572761943, "gnorm": 1.252, "tok_per_s": 241590.8, "load": 2.6015625}
{"event": "step", "step": 93000, "loss": 4.6488, "lr": 0.00179617639531056, "gnorm": 1.799, "tok_per_s": 241540.2, "load": 2.6337890625}
{"event": "step", "step": 93100, "loss": 4.6952, "lr": 0.0017939734395539125, "gnorm": 1.082, "tok_per_s": 241569.2, "load": 2.5830078125}
{"event": "step", "step": 93200, "loss": 4.6037, "lr": 0.0017917700959408905, "gnorm": 1.214, "tok_per_s": 241624.2, "load": 2.5830078125}
{"event": "step", "step": 93300, "loss": 4.6424, "lr": 0.001789566370407179, "gnorm": 1.567, "tok_per_s": 241554.7, "load": 2.5361328125}
{"event": "step", "step": 93400, "loss": 4.5352, "lr": 0.0017873622688894903, "gnorm": 1.898, "tok_per_s": 241497.3, "load": 2.4931640625}
{"event": "step", "step": 93500, "loss": 4.642, "lr": 0.0017851577973255507, "gnorm": 1.141, "tok_per_s": 241512.5, "load": 2.4931640625}
{"event": "step", "step": 93600, "loss": 4.5992, "lr": 0.0017829529616540832, "gnorm": 1.065, "tok_per_s": 241563.7, "load": 2.45361328125}
{"event": "step", "step": 93700, "loss": 4.6395, "lr": 0.0017807477678147908, "gnorm": 1.013, "tok_per_s": 241561.4, "load": 2.49755859375}
{"event": "step", "step": 93800, "loss": 4.7594, "lr": 0.0017785422217483425, "gnorm": 1.064, "tok_per_s": 241637.3, "load": 2.49755859375}
{"event": "step", "step": 93900, "loss": 4.591, "lr": 0.0017763363293963558, "gnorm": 1.074, "tok_per_s": 241611.2, "load": 2.45751953125}
{"event": "step", "step": 94000, "loss": 4.6883, "lr": 0.001774130096701381, "gnorm": 0.943, "tok_per_s": 241604.5, "load": 2.42041015625}
{"event": "step", "step": 94100, "loss": 4.6722, "lr": 0.0017719235296068854, "gnorm": 1.121, "tok_per_s": 241568.7, "load": 2.42041015625}
{"event": "step", "step": 94200, "loss": 4.6582, "lr": 0.0017697166340572364, "gnorm": 1.318, "tok_per_s": 241611.4, "load": 2.38671875}
{"event": "step", "step": 94300, "loss": 4.6959, "lr": 0.0017675094159976875, "gnorm": 1.161, "tok_per_s": 241603.0, "load": 2.35546875}
{"event": "step", "step": 94400, "loss": 4.5543, "lr": 0.0017653018813743602, "gnorm": 1.206, "tok_per_s": 241539.0, "load": 2.32666015625}
{"event": "step", "step": 94500, "loss": 4.5501, "lr": 0.001763094036134229, "gnorm": 1.227, "tok_per_s": 241556.6, "load": 2.32666015625}
{"event": "step", "step": 94600, "loss": 4.6286, "lr": 0.0017608858862251052, "gnorm": 1.116, "tok_per_s": 241605.1, "load": 2.30029296875}
{"event": "step", "step": 94700, "loss": 4.8379, "lr": 0.0017586774375956207, "gnorm": 1.524, "tok_per_s": 241493.5, "load": 4.8388671875}
{"event": "step", "step": 94800, "loss": 4.6046, "lr": 0.0017564686961952128, "gnorm": 1.073, "tok_per_s": 241137.6, "load": 4.8388671875}
{"event": "step", "step": 94900, "loss": 4.6015, "lr": 0.0017542596679741066, "gnorm": 2.136, "tok_per_s": 241298.9, "load": 7.17431640625}
{"event": "step", "step": 95000, "loss": 4.576, "lr": 0.0017520503588833007, "gnorm": 1.468, "tok_per_s": 241586.1, "load": 6.83984375}
{"event": "step", "step": 95100, "loss": 4.543, "lr": 0.0017498407748745492, "gnorm": 0.962, "tok_per_s": 219084.7, "load": 6.83984375}
{"event": "step", "step": 95200, "loss": 4.5126, "lr": 0.001747630921900348, "gnorm": 1.13, "tok_per_s": 241591.1, "load": 6.4521484375}
{"event": "step", "step": 95300, "loss": 4.6704, "lr": 0.0017454208059139167, "gnorm": 1.268, "tok_per_s": 241599.6, "load": 6.17529296875}
{"event": "step", "step": 95400, "loss": 4.5906, "lr": 0.0017432104328691845, "gnorm": 1.412, "tok_per_s": 241626.7, "load": 6.17529296875}
{"event": "step", "step": 95500, "loss": 4.6227, "lr": 0.001740999808720772, "gnorm": 1.08, "tok_per_s": 241618.2, "load": 6.0009765625}
{"event": "step", "step": 95600, "loss": 4.7151, "lr": 0.001738788939423977, "gnorm": 1.091, "tok_per_s": 241560.5, "load": 5.68017578125}
{"event": "step", "step": 95700, "loss": 4.4889, "lr": 0.0017365778309347568, "gnorm": 0.932, "tok_per_s": 241553.2, "load": 5.68017578125}
{"event": "step", "step": 95800, "loss": 4.7645, "lr": 0.0017343664892097146, "gnorm": 1.15, "tok_per_s": 241485.5, "load": 5.38525390625}
{"event": "step", "step": 95900, "loss": 4.7796, "lr": 0.0017321549202060807, "gnorm": 1.435, "tok_per_s": 241545.7, "load": 5.11376953125}
{"event": "step", "step": 96000, "loss": 4.5109, "lr": 0.0017299431298816975, "gnorm": 1.125, "tok_per_s": 241543.4, "load": 5.11376953125}
{"event": "step", "step": 96100, "loss": 4.613, "lr": 0.0017277311241950045, "gnorm": 1.125, "tok_per_s": 241493.4, "load": 4.8642578125}
{"event": "step", "step": 96200, "loss": 4.6996, "lr": 0.0017255189091050216, "gnorm": 1.964, "tok_per_s": 241542.7, "load": 4.71484375}
{"event": "step", "step": 96300, "loss": 4.6774, "lr": 0.0017233064905713311, "gnorm": 1.179, "tok_per_s": 241527.7, "load": 4.71484375}
{"event": "step", "step": 96400, "loss": 4.5534, "lr": 0.0017210938745540652, "gnorm": 1.365, "tok_per_s": 241501.6, "load": 4.5771484375}
{"event": "step", "step": 96500, "loss": 4.7499, "lr": 0.001718881067013887, "gnorm": 1.977, "tok_per_s": 241541.3, "load": 4.45068359375}
{"event": "step", "step": 96600, "loss": 4.5975, "lr": 0.0017166680739119766, "gnorm": 1.096, "tok_per_s": 241522.6, "load": 4.25439453125}
{"event": "step", "step": 96700, "loss": 4.5368, "lr": 0.0017144549012100127, "gnorm": 1.13, "tok_per_s": 241489.1, "load": 4.25439453125}
{"event": "step", "step": 96800, "loss": 4.4691, "lr": 0.001712241554870159, "gnorm": 1.467, "tok_per_s": 241485.9, "load": 4.15380859375}
{"event": "step", "step": 96900, "loss": 4.5886, "lr": 0.0017100280408550452, "gnorm": 1.247, "tok_per_s": 241417.5, "load": 3.98095703125}
{"event": "step", "step": 97000, "loss": 4.5907, "lr": 0.0017078143651277555, "gnorm": 1.37, "tok_per_s": 241481.5, "load": 3.98095703125}
{"event": "step", "step": 97100, "loss": 4.6427, "lr": 0.0017056005336518077, "gnorm": 1.599, "tok_per_s": 241499.5, "load": 3.822265625}
{"event": "step", "step": 97200, "loss": 4.601, "lr": 0.0017033865523911394, "gnorm": 1.209, "tok_per_s": 241493.2, "load": 3.67626953125}
{"event": "step", "step": 97300, "loss": 4.6431, "lr": 0.0017011724273100922, "gnorm": 1.077, "tok_per_s": 241451.8, "load": 3.67626953125}
{"event": "step", "step": 97400, "loss": 4.7091, "lr": 0.001698958164373395, "gnorm": 1.151, "tok_per_s": 241479.6, "load": 3.5419921875}
{"event": "step", "step": 97500, "loss": 4.707, "lr": 0.0016967437695461478, "gnorm": 1.773, "tok_per_s": 241501.5, "load": 3.41845703125}
{"event": "step", "step": 97600, "loss": 4.6484, "lr": 0.0016945292487938063, "gnorm": 1.103, "tok_per_s": 241521.5, "load": 3.41845703125}
{"event": "step", "step": 97700, "loss": 4.7515, "lr": 0.0016923146080821648, "gnorm": 1.187, "tok_per_s": 241498.3, "load": 3.3046875}
{"event": "step", "step": 97800, "loss": 4.6442, "lr": 0.0016900998533773417, "gnorm": 1.405, "tok_per_s": 241465.9, "load": 3.2001953125}
{"event": "step", "step": 97900, "loss": 4.7877, "lr": 0.0016878849906457622, "gnorm": 1.054, "tok_per_s": 241466.7, "load": 3.2001953125}
{"event": "step", "step": 98000, "loss": 4.6887, "lr": 0.0016856700258541415, "gnorm": 1.387, "tok_per_s": 241496.9, "load": 3.18408203125}
{"event": "step", "step": 98100, "loss": 4.5242, "lr": 0.0016834549649694713, "gnorm": 1.019, "tok_per_s": 241476.1, "load": 3.0888671875}
{"event": "step", "step": 98200, "loss": 4.5053, "lr": 0.001681239813959001, "gnorm": 1.051, "tok_per_s": 241466.8, "load": 3.0888671875}
{"event": "step", "step": 98300, "loss": 4.589, "lr": 0.0016790245787902237, "gnorm": 1.386, "tok_per_s": 241452.7, "load": 3.00146484375}
{"event": "step", "step": 98400, "loss": 4.6344, "lr": 0.0016768092654308585, "gnorm": 1.121, "tok_per_s": 241452.4, "load": 3.0009765625}
{"event": "step", "step": 98500, "loss": 4.7706, "lr": 0.0016745938798488347, "gnorm": 1.097, "tok_per_s": 241474.4, "load": 3.0009765625}
{"event": "step", "step": 98600, "loss": 4.6624, "lr": 0.0016723784280122775, "gnorm": 1.314, "tok_per_s": 241456.3, "load": 2.92041015625}
{"event": "step", "step": 98700, "loss": 4.6525, "lr": 0.0016701629158894905, "gnorm": 1.355, "tok_per_s": 241458.8, "load": 2.8466796875}
{"event": "step", "step": 98800, "loss": 4.5977, "lr": 0.0016679473494489382, "gnorm": 1.449, "tok_per_s": 241474.4, "load": 2.8466796875}
{"event": "step", "step": 98900, "loss": 4.4377, "lr": 0.0016657317346592331, "gnorm": 1.021, "tok_per_s": 241491.6, "load": 2.859375}
{"event": "step", "step": 99000, "loss": 4.6339, "lr": 0.0016635160774891168, "gnorm": 1.04, "tok_per_s": 241465.8, "load": 2.87109375}
{"event": "step", "step": 99100, "loss": 4.6757, "lr": 0.001661300383907445, "gnorm": 1.311, "tok_per_s": 241484.7, "load": 2.87109375}
{"event": "step", "step": 99200, "loss": 4.7254, "lr": 0.001659084659883173, "gnorm": 1.153, "tok_per_s": 241408.4, "load": 2.8818359375}
{"event": "step", "step": 99300, "loss": 4.6246, "lr": 0.0016568689113853365, "gnorm": 1.124, "tok_per_s": 241372.3, "load": 2.8916015625}
{"event": "step", "step": 99400, "loss": 4.8346, "lr": 0.0016546531443830375, "gnorm": 1.071, "tok_per_s": 241119.8, "load": 2.98046875}
{"event": "step", "step": 99500, "loss": 4.3285, "lr": 0.0016524373648454287, "gnorm": 1.168, "tok_per_s": 241193.1, "load": 2.98046875}
{"event": "step", "step": 99600, "loss": 4.658, "lr": 0.0016502215787416957, "gnorm": 1.5, "tok_per_s": 241163.6, "load": 3.0625}
{"event": "step", "step": 99700, "loss": 4.7048, "lr": 0.0016480057920410425, "gnorm": 1.238, "tok_per_s": 241056.8, "load": 3.05712890625}
{"event": "step", "step": 99800, "loss": 4.7148, "lr": 0.001645790010712673, "gnorm": 2.287, "tok_per_s": 241362.9, "load": 3.05712890625}
{"event": "step", "step": 99900, "loss": 4.6841, "lr": 0.0016435742407257788, "gnorm": 1.03, "tok_per_s": 241451.7, "load": 2.97216796875}
{"event": "step", "step": 100000, "loss": 4.6266, "lr": 0.0016413584880495197, "gnorm": 1.571, "tok_per_s": 241465.2, "load": 2.89404296875}
eval 100000 {'bpb': 1.5244623551192775, 'nats_per_token': 4.5964375591458575, 'tokens': 16379, 'bytes': 71247}
{"event": "step", "step": 100100, "loss": 4.5804, "lr": 0.0016391427586530099, "gnorm": 1.205, "tok_per_s": 215420.6, "load": 2.89404296875}
{"event": "step", "step": 100200, "loss": 4.574, "lr": 0.0016369270585052987, "gnorm": 1.21, "tok_per_s": 241658.1, "load": 2.822265625}
{"event": "step", "step": 100300, "loss": 4.5801, "lr": 0.0016347113935753594, "gnorm": 1.063, "tok_per_s": 241702.1, "load": 2.75634765625}
{"event": "step", "step": 100400, "loss": 4.5554, "lr": 0.0016324957698320684, "gnorm": 1.263, "tok_per_s": 241734.3, "load": 2.75634765625}
{"event": "step", "step": 100500, "loss": 4.8346, "lr": 0.0016302801932441921, "gnorm": 1.908, "tok_per_s": 241731.5, "load": 2.85595703125}
{"event": "step", "step": 100600, "loss": 4.7804, "lr": 0.00162806466978037, "gnorm": 1.031, "tok_per_s": 241696.9, "load": 2.86767578125}
{"event": "step", "step": 100700, "loss": 4.5106, "lr": 0.001625849205409097, "gnorm": 1.273, "tok_per_s": 241701.2, "load": 2.86767578125}
{"event": "step", "step": 100800, "loss": 4.5699, "lr": 0.0016236338060987114, "gnorm": 1.5, "tok_per_s": 241664.9, "load": 2.7978515625}
{"event": "step", "step": 100900, "loss": 4.6772, "lr": 0.0016214184778173735, "gnorm": 1.14, "tok_per_s": 241693.6, "load": 2.73388671875}
{"event": "step", "step": 101000, "loss": 4.816, "lr": 0.0016192032265330539, "gnorm": 1.151, "tok_per_s": 241705.8, "load": 2.73388671875}
{"event": "step", "step": 101100, "loss": 4.6858, "lr": 0.0016169880582135151, "gnorm": 2.066, "tok_per_s": 241645.0, "load": 2.6748046875}
{"event": "step", "step": 101200, "loss": 4.5422, "lr": 0.0016147729788262976, "gnorm": 1.288, "tok_per_s": 241668.0, "load": 2.701171875}
{"event": "step", "step": 101300, "loss": 4.7068, "lr": 0.001612557994338699, "gnorm": 1.407, "tok_per_s": 241666.4, "load": 2.701171875}
{"event": "step", "step": 101400, "loss": 4.6356, "lr": 0.0016103431107177648, "gnorm": 1.131, "tok_per_s": 241619.6, "load": 2.8857421875}
{"event": "step", "step": 101500, "loss": 4.4799, "lr": 0.0016081283339302668, "gnorm": 1.204, "tok_per_s": 241616.8, "load": 2.89501953125}
{"event": "step", "step": 101600, "loss": 4.6981, "lr": 0.00160591366994269, "gnorm": 1.364, "tok_per_s": 241613.1, "load": 2.8232421875}
{"event": "step", "step": 101700, "loss": 4.6992, "lr": 0.001603699124721214, "gnorm": 1.392, "tok_per_s": 241566.5, "load": 2.8232421875}
{"event": "step", "step": 101800, "loss": 4.4802, "lr": 0.0016014847042317005, "gnorm": 1.357, "tok_per_s": 241556.0, "load": 2.7568359375}
{"event": "step", "step": 101900, "loss": 4.6641, "lr": 0.0015992704144396734, "gnorm": 1.599, "tok_per_s": 241545.7, "load": 2.69580078125}
{"event": "step", "step": 102000, "loss": 4.7164, "lr": 0.001597056261310306, "gnorm": 1.341, "tok_per_s": 241564.7, "load": 2.69580078125}
{"event": "step", "step": 102100, "loss": 4.6685, "lr": 0.0015948422508084018, "gnorm": 1.286, "tok_per_s": 241527.5, "load": 2.6396484375}
{"event": "step", "step": 102200, "loss": 4.73, "lr": 0.0015926283888983818, "gnorm": 1.248, "tok_per_s": 241557.9, "load": 2.58837890625}
{"event": "step", "step": 102300, "loss": 4.6253, "lr": 0.0015904146815442653, "gnorm": 1.297, "tok_per_s": 241550.8, "load": 2.58837890625}
{"event": "step", "step": 102400, "loss": 4.6566, "lr": 0.0015882011347096562, "gnorm": 1.287, "tok_per_s": 241529.9, "load": 2.541015625}
{"event": "step", "step": 102500, "loss": 4.5927, "lr": 0.001585987754357725, "gnorm": 1.269, "tok_per_s": 241550.1, "load": 2.578125}
{"event": "step", "step": 102600, "loss": 4.6031, "lr": 0.0015837745464511944, "gnorm": 1.863, "tok_per_s": 241584.3, "load": 2.578125}
{"event": "step", "step": 102700, "loss": 4.722, "lr": 0.0015815615169523236, "gnorm": 1.358, "tok_per_s": 241384.8, "load": 2.53173828125}
{"event": "step", "step": 102800, "loss": 4.6269, "lr": 0.001579348671822888, "gnorm": 1.361, "tok_per_s": 241339.9, "load": 2.7294921875}
{"event": "step", "step": 102900, "loss": 4.6219, "lr": 0.0015771360170241703, "gnorm": 1.158, "tok_per_s": 241281.8, "load": 2.7294921875}
{"event": "step", "step": 103000, "loss": 4.672, "lr": 0.0015749235585169367, "gnorm": 1.29, "tok_per_s": 241291.2, "load": 2.83154296875}
{"event": "step", "step": 103100, "loss": 4.7057, "lr": 0.0015727113022614278, "gnorm": 2.051, "tok_per_s": 241417.5, "load": 2.7646484375}
{"event": "step", "step": 103200, "loss": 4.5912, "lr": 0.001570499254217337, "gnorm": 1.032, "tok_per_s": 241567.7, "load": 2.7646484375}
{"event": "step", "step": 103300, "loss": 4.6006, "lr": 0.0015682874203437982, "gnorm": 1.137, "tok_per_s": 241599.2, "load": 2.703125}
{"event": "step", "step": 103400, "loss": 4.6417, "lr": 0.0015660758065993673, "gnorm": 1.173, "tok_per_s": 241633.1, "load": 2.646484375}
{"event": "step", "step": 103500, "loss": 4.508, "lr": 0.0015638644189420088, "gnorm": 1.078, "tok_per_s": 241622.1, "load": 2.646484375}
{"event": "step", "step": 103600, "loss": 4.578, "lr": 0.0015616532633290754, "gnorm": 1.227, "tok_per_s": 241570.7, "load": 2.59423828125}
{"event": "step", "step": 103700, "loss": 4.5312, "lr": 0.0015594423457172982, "gnorm": 1.217, "tok_per_s": 241633.4, "load": 2.54638671875}
{"event": "step", "step": 103800, "loss": 4.6445, "lr": 0.0015572316720627638, "gnorm": 2.003, "tok_per_s": 241600.2, "load": 2.54638671875}
{"event": "step", "step": 103900, "loss": 4.7438, "lr": 0.0015550212483209042, "gnorm": 1.208, "tok_per_s": 241646.5, "load": 2.50244140625}
{"event": "step", "step": 104000, "loss": 4.5892, "lr": 0.001552811080446476, "gnorm": 1.058, "tok_per_s": 241626.3, "load": 2.54248046875}
{"event": "step", "step": 104100, "loss": 4.5362, "lr": 0.0015506011743935486, "gnorm": 1.1, "tok_per_s": 241613.0, "load": 2.54248046875}
{"event": "step", "step": 104200, "loss": 4.6186, "lr": 0.0015483915361154837, "gnorm": 1.295, "tok_per_s": 241600.2, "load": 2.57958984375}
{"event": "step", "step": 104300, "loss": 4.6072, "lr": 0.0015461821715649243, "gnorm": 1.194, "tok_per_s": 241541.8, "load": 2.693359375}
{"event": "step", "step": 104400, "loss": 4.6967, "lr": 0.0015439730866937736, "gnorm": 1.496, "tok_per_s": 241575.9, "load": 2.71826171875}
{"event": "step", "step": 104500, "loss": 4.5834, "lr": 0.0015417642874531834, "gnorm": 1.285, "tok_per_s": 241583.0, "load": 2.71826171875}
{"event": "step", "step": 104600, "loss": 4.6589, "lr": 0.0015395557797935337, "gnorm": 1.388, "tok_per_s": 241587.4, "load": 2.8212890625}
{"event": "step", "step": 104700, "loss": 4.8404, "lr": 0.0015373475696644214, "gnorm": 1.124, "tok_per_s": 241601.8, "load": 2.75537109375}
{"event": "step", "step": 104800, "loss": 4.7528, "lr": 0.0015351396630146402, "gnorm": 1.119, "tok_per_s": 241579.3, "load": 2.75537109375}
{"event": "step", "step": 104900, "loss": 4.5705, "lr": 0.001532932065792167, "gnorm": 1.609, "tok_per_s": 241584.4, "load": 2.69482421875}
{"event": "step", "step": 105000, "loss": 4.6058, "lr": 0.0015307247839441453, "gnorm": 1.23, "tok_per_s": 241610.6, "load": 2.63916015625}
{"event": "step", "step": 105100, "loss": 4.644, "lr": 0.001528517823416868, "gnorm": 1.263, "tok_per_s": 219256.7, "load": 2.63916015625}
{"event": "step", "step": 105200, "loss": 4.5854, "lr": 0.0015263111901557638, "gnorm": 1.149, "tok_per_s": 241639.9, "load": 2.66845703125}
{"event": "step", "step": 105300, "loss": 4.5788, "lr": 0.001524104890105378, "gnorm": 1.599, "tok_per_s": 241665.0, "load": 2.6953125}
{"event": "step", "step": 105400, "loss": 4.6941, "lr": 0.0015218989292093605, "gnorm": 1.413, "tok_per_s": 241660.5, "load": 2.6953125}
{"event": "step", "step": 105500, "loss": 4.655, "lr": 0.0015196933134104449, "gnorm": 1.365, "tok_per_s": 241614.1, "load": 2.7197265625}
{"event": "step", "step": 105600, "loss": 4.6127, "lr": 0.0015174880486504374, "gnorm": 1.249, "tok_per_s": 241626.8, "load": 2.822265625}
{"event": "step", "step": 105700, "loss": 4.6813, "lr": 0.001515283140870197, "gnorm": 1.546, "tok_per_s": 241617.3, "load": 2.822265625}
{"event": "step", "step": 105800, "loss": 4.6986, "lr": 0.001513078596009623, "gnorm": 1.182, "tok_per_s": 241604.3, "load": 2.9169921875}
{"event": "step", "step": 105900, "loss": 4.4664, "lr": 0.0015108744200076334, "gnorm": 1.426, "tok_per_s": 241588.4, "load": 3.083984375}
{"event": "step", "step": 106000, "loss": 4.5137, "lr": 0.0015086706188021568, "gnorm": 1.13, "tok_per_s": 241584.0, "load": 3.083984375}
{"event": "step", "step": 106100, "loss": 4.4648, "lr": 0.0015064671983301091, "gnorm": 1.202, "tok_per_s": 241611.5, "load": 3.23779296875}
{"event": "step", "step": 106200, "loss": 4.5525, "lr": 0.001504264164527382, "gnorm": 1.154, "tok_per_s": 241412.3, "load": 3.29931640625}
{"event": "step", "step": 106300, "loss": 4.8766, "lr": 0.0015020615233288246, "gnorm": 1.436, "tok_per_s": 241294.2, "load": 3.29931640625}
{"event": "step", "step": 106400, "loss": 4.6465, "lr": 0.001499859280668229, "gnorm": 2.292, "tok_per_s": 241392.1, "load": 3.35546875}
{"event": "step", "step": 106500, "loss": 4.8, "lr": 0.0014976574424783132, "gnorm": 1.263, "tok_per_s": 241323.3, "load": 3.4072265625}
{"event": "step", "step": 106600, "loss": 4.4755, "lr": 0.0014954560146907064, "gnorm": 1.237, "tok_per_s": 241502.7, "load": 3.455078125}
{"event": "step", "step": 106700, "loss": 4.5395, "lr": 0.001493255003235931, "gnorm": 1.058, "tok_per_s": 241567.7, "load": 3.455078125}
{"event": "step", "step": 106800, "loss": 4.6109, "lr": 0.001491054414043389, "gnorm": 1.476, "tok_per_s": 241516.9, "load": 3.41845703125}
{"event": "step", "step": 106900, "loss": 4.4329, "lr": 0.0014888542530413437, "gnorm": 0.939, "tok_per_s": 241621.3, "load": 3.46533203125}
{"event": "step", "step": 107000, "loss": 4.669, "lr": 0.0014866545261569065, "gnorm": 1.359, "tok_per_s": 241627.9, "load": 3.46533203125}
{"event": "step", "step": 107100, "loss": 4.5928, "lr": 0.0014844552393160168, "gnorm": 1.097, "tok_per_s": 241688.5, "load": 3.34765625}
{"event": "step", "step": 107200, "loss": 4.4069, "lr": 0.0014822563984434314, "gnorm": 1.181, "tok_per_s": 241648.1, "load": 3.3193359375}
{"event": "step", "step": 107300, "loss": 4.7124, "lr": 0.0014800580094627039, "gnorm": 1.483, "tok_per_s": 241704.2, "load": 3.3193359375}
{"event": "step", "step": 107400, "loss": 4.5637, "lr": 0.0014778600782961707, "gnorm": 1.375, "tok_per_s": 241639.9, "load": 3.29345703125}
{"event": "step", "step": 107500, "loss": 4.5883, "lr": 0.0014756626108649354, "gnorm": 2.093, "tok_per_s": 241635.9, "load": 3.189453125}
{"event": "step", "step": 107600, "loss": 4.7006, "lr": 0.001473465613088852, "gnorm": 2.438, "tok_per_s": 241616.3, "load": 3.189453125}
{"event": "step", "step": 107700, "loss": 4.5786, "lr": 0.0014712690908865091, "gnorm": 1.362, "tok_per_s": 241646.4, "load": 3.09375}
{"event": "step", "step": 107800, "loss": 4.5155, "lr": 0.0014690730501752147, "gnorm": 1.23, "tok_per_s": 241664.4, "load": 3.005859375}
{"event": "step", "step": 107900, "loss": 4.7106, "lr": 0.0014668774968709796, "gnorm": 1.291, "tok_per_s": 241598.4, "load": 3.005859375}
{"event": "step", "step": 108000, "loss": 4.6314, "lr": 0.0014646824368884997, "gnorm": 1.886, "tok_per_s": 241674.5, "load": 3.0859375}
{"event": "step", "step": 108100, "loss": 4.5064, "lr": 0.001462487876141146, "gnorm": 1.082, "tok_per_s": 241621.4, "load": 3.07861328125}
{"event": "step", "step": 108200, "loss": 4.7807, "lr": 0.0014602938205409402, "gnorm": 1.622, "tok_per_s": 241549.8, "load": 3.07861328125}
{"event": "step", "step": 108300, "loss": 4.7387, "lr": 0.0014581002759985464, "gnorm": 1.673, "tok_per_s": 241509.7, "load": 3.072265625}
{"event": "step", "step": 108400, "loss": 4.6893, "lr": 0.0014559072484232492, "gnorm": 1.879, "tok_per_s": 241497.8, "load": 3.14697265625}
{"event": "step", "step": 108500, "loss": 4.7957, "lr": 0.001453714743722943, "gnorm": 1.258, "tok_per_s": 241557.2, "load": 3.14697265625}
{"event": "step", "step": 108600, "loss": 4.7714, "lr": 0.001451522767804112, "gnorm": 1.474, "tok_per_s": 241592.6, "load": 3.0546875}
{"event": "step", "step": 108700, "loss": 4.5797, "lr": 0.0014493313265718172, "gnorm": 1.318, "tok_per_s": 241420.3, "load": 3.05029296875}
{"event": "step", "step": 108800, "loss": 4.6386, "lr": 0.001447140425929677, "gnorm": 1.459, "tok_per_s": 241271.5, "load": 3.05029296875}
{"event": "step", "step": 108900, "loss": 4.7098, "lr": 0.0014449500717798565, "gnorm": 1.569, "tok_per_s": 241184.4, "load": 3.0458984375}
{"event": "step", "step": 109000, "loss": 4.4376, "lr": 0.0014427602700230453, "gnorm": 1.58, "tok_per_s": 241514.1, "load": 2.9619140625}
{"event": "step", "step": 109100, "loss": 4.7114, "lr": 0.0014405710265584487, "gnorm": 1.092, "tok_per_s": 241507.7, "load": 2.9619140625}
{"event": "step", "step": 109200, "loss": 4.541, "lr": 0.0014383823472837638, "gnorm": 1.087, "tok_per_s": 241593.2, "load": 2.96533203125}
{"event": "step", "step": 109300, "loss": 4.6659, "lr": 0.0014361942380951708, "gnorm": 1.608, "tok_per_s": 241664.0, "load": 2.96826171875}
{"event": "step", "step": 109400, "loss": 4.7912, "lr": 0.001434006704887313, "gnorm": 2.479, "tok_per_s": 241691.3, "load": 2.97119140625}
{"event": "step", "step": 109500, "loss": 4.582, "lr": 0.0014318197535532822, "gnorm": 1.483, "tok_per_s": 241693.4, "load": 2.97119140625}
{"event": "step", "step": 109600, "loss": 4.6602, "lr": 0.0014296333899846035, "gnorm": 1.272, "tok_per_s": 240823.6, "load": 2.9736328125}
{"event": "step", "step": 109700, "loss": 4.549, "lr": 0.001427447620071216, "gnorm": 1.216, "tok_per_s": 241341.7, "load": 2.97607421875}
{"event": "step", "step": 109800, "loss": 4.6123, "lr": 0.001425262449701463, "gnorm": 1.313, "tok_per_s": 241669.4, "load": 2.97607421875}
{"event": "step", "step": 109900, "loss": 4.5439, "lr": 0.0014230778847620698, "gnorm": 1.63, "tok_per_s": 241679.7, "load": 2.97802734375}
{"event": "step", "step": 110000, "loss": 4.7812, "lr": 0.001420893931138133, "gnorm": 1.34, "tok_per_s": 241706.4, "load": 2.8994140625}
{"event": "step", "step": 110100, "loss": 4.4647, "lr": 0.0014187105947131, "gnorm": 1.88, "tok_per_s": 219391.0, "load": 2.8994140625}
{"event": "step", "step": 110200, "loss": 4.6302, "lr": 0.0014165278813687576, "gnorm": 1.43, "tok_per_s": 241691.9, "load": 2.8271484375}
{"event": "step", "step": 110300, "loss": 4.5636, "lr": 0.0014143457969852126, "gnorm": 1.12, "tok_per_s": 241723.8, "load": 2.7607421875}
{"event": "step", "step": 110400, "loss": 4.7138, "lr": 0.0014121643474408788, "gnorm": 2.007, "tok_per_s": 241692.7, "load": 2.7607421875}
{"event": "step", "step": 110500, "loss": 4.7098, "lr": 0.0014099835386124574, "gnorm": 1.533, "tok_per_s": 241689.1, "load": 2.69970703125}
{"event": "step", "step": 110600, "loss": 4.791, "lr": 0.001407803376374927, "gnorm": 1.338, "tok_per_s": 241680.1, "load": 2.80419921875}
{"event": "step", "step": 110700, "loss": 4.7047, "lr": 0.0014056238666015212, "gnorm": 1.264, "tok_per_s": 241701.0, "load": 2.80419921875}
{"event": "step", "step": 110800, "loss": 4.609, "lr": 0.0014034450151637178, "gnorm": 1.264, "tok_per_s": 241667.1, "load": 2.73974609375}
{"event": "step", "step": 110900, "loss": 4.6466, "lr": 0.0014012668279312196, "gnorm": 1.179, "tok_per_s": 241686.2, "load": 2.8408203125}
{"event": "step", "step": 111000, "loss": 4.6026, "lr": 0.001399089310771942, "gnorm": 1.347, "tok_per_s": 241625.4, "load": 2.8408203125}
{"event": "step", "step": 111100, "loss": 4.5563, "lr": 0.001396912469551993, "gnorm": 1.14, "tok_per_s": 241712.5, "load": 2.93408203125}
{"event": "step", "step": 111200, "loss": 4.6056, "lr": 0.0013947363101356619, "gnorm": 1.103, "tok_per_s": 241632.1, "load": 2.85888671875}
{"event": "step", "step": 111300, "loss": 4.6508, "lr": 0.001392560838385399, "gnorm": 1.85, "tok_per_s": 241664.1, "load": 2.85888671875}
{"event": "step", "step": 111400, "loss": 4.7819, "lr": 0.0013903860601618043, "gnorm": 1.622, "tok_per_s": 241638.6, "load": 2.7900390625}
{"event": "step", "step": 111500, "loss": 4.5779, "lr": 0.0013882119813236073, "gnorm": 1.291, "tok_per_s": 241649.3, "load": 2.7265625}
{"event": "step", "step": 111600, "loss": 4.5533, "lr": 0.0013860386077276558, "gnorm": 1.695, "tok_per_s": 241615.5, "load": 2.66796875}
{"event": "step", "step": 111700, "loss": 4.7354, "lr": 0.0013838659452288951, "gnorm": 1.591, "tok_per_s": 241618.5, "load": 2.66796875}
{"event": "step", "step": 111800, "loss": 4.5982, "lr": 0.001381693999680357, "gnorm": 1.489, "tok_per_s": 241650.5, "load": 2.6142578125}
{"event": "step", "step": 111900, "loss": 4.6187, "lr": 0.0013795227769331409, "gnorm": 1.371, "tok_per_s": 241431.0, "load": 4.2470703125}
{"event": "step", "step": 112000, "loss": 4.7122, "lr": 0.0013773522828363987, "gnorm": 1.181, "tok_per_s": 241230.5, "load": 4.2470703125}
{"event": "step", "step": 112100, "loss": 4.6246, "lr": 0.001375182523237321, "gnorm": 1.258, "tok_per_s": 241394.8, "load": 4.7080078125}
{"event": "step", "step": 112200, "loss": 4.4741, "lr": 0.001373013503981117, "gnorm": 1.198, "tok_per_s": 241262.5, "load": 4.57080078125}
{"event": "step", "step": 112300, "loss": 4.5802, "lr": 0.001370845230911004, "gnorm": 1.216, "tok_per_s": 241516.6, "load": 4.57080078125}
{"event": "step", "step": 112400, "loss": 4.5788, "lr": 0.0013686777098681872, "gnorm": 1.352, "tok_per_s": 241472.8, "load": 4.44482421875}
{"event": "step", "step": 112500, "loss": 4.5463, "lr": 0.001366510946691848, "gnorm": 1.329, "tok_per_s": 241536.2, "load": 4.3291015625}
{"event": "step", "step": 112600, "loss": 4.7515, "lr": 0.0013643449472191236, "gnorm": 1.272, "tok_per_s": 241562.2, "load": 4.3291015625}
{"event": "step", "step": 112700, "loss": 4.5569, "lr": 0.0013621797172850962, "gnorm": 1.387, "tok_per_s": 241515.9, "load": 4.22265625}
{"event": "step", "step": 112800, "loss": 4.8309, "lr": 0.001360015262722773, "gnorm": 1.587, "tok_per_s": 241471.9, "load": 4.12451171875}
{"event": "step", "step": 112900, "loss": 4.6799, "lr": 0.0013578515893630742, "gnorm": 1.387, "tok_per_s": 241550.1, "load": 4.12451171875}
{"event": "step", "step": 113000, "loss": 4.5401, "lr": 0.0013556887030348134, "gnorm": 1.673, "tok_per_s": 241628.6, "load": 4.27490234375}
{"event": "step", "step": 113100, "loss": 4.6986, "lr": 0.001353526609564686, "gnorm": 1.314, "tok_per_s": 241552.1, "load": 4.25244140625}
{"event": "step", "step": 113200, "loss": 4.6585, "lr": 0.0013513653147772498, "gnorm": 1.267, "tok_per_s": 241507.3, "load": 4.25244140625}
{"event": "step", "step": 113300, "loss": 4.5351, "lr": 0.0013492048244949128, "gnorm": 1.268, "tok_per_s": 241522.5, "load": 4.15185546875}
{"event": "step", "step": 113400, "loss": 4.6727, "lr": 0.0013470451445379136, "gnorm": 1.246, "tok_per_s": 241487.2, "load": 3.9794921875}
{"event": "step", "step": 113500, "loss": 4.551, "lr": 0.0013448862807243097, "gnorm": 0.964, "tok_per_s": 241481.3, "load": 3.9794921875}
{"event": "step", "step": 113600, "loss": 4.6663, "lr": 0.0013427282388699588, "gnorm": 1.321, "tok_per_s": 241413.9, "load": 3.90087890625}
{"event": "step", "step": 113700, "loss": 4.6694, "lr": 0.001340571024788505, "gnorm": 1.469, "tok_per_s": 241467.5, "load": 3.82861328125}
{"event": "step", "step": 113800, "loss": 4.5179, "lr": 0.0013384146442913618, "gnorm": 1.264, "tok_per_s": 241526.6, "load": 3.82861328125}
{"event": "step", "step": 113900, "loss": 4.5359, "lr": 0.0013362591031876973, "gnorm": 1.93, "tok_per_s": 241586.1, "load": 3.76220703125}
{"event": "step", "step": 114000, "loss": 4.6621, "lr": 0.0013341044072844184, "gnorm": 2.689, "tok_per_s": 241512.5, "load": 3.62060546875}
{"event": "step", "step": 114100, "loss": 4.3595, "lr": 0.001331950562386155, "gnorm": 1.914, "tok_per_s": 241553.0, "load": 3.62060546875}
{"event": "step", "step": 114200, "loss": 4.7111, "lr": 0.001329797574295245, "gnorm": 1.138, "tok_per_s": 241574.0, "load": 3.49072265625}
{"event": "step", "step": 114300, "loss": 4.6675, "lr": 0.001327645448811717, "gnorm": 1.53, "tok_per_s": 241559.2, "load": 3.37109375}
{"event": "step", "step": 114400, "loss": 4.5713, "lr": 0.001325494191733277, "gnorm": 1.17, "tok_per_s": 241552.4, "load": 3.34130859375}
{"event": "step", "step": 114500, "loss": 4.6929, "lr": 0.0013233438088552905, "gnorm": 1.544, "tok_per_s": 241611.2, "load": 3.34130859375}
{"event": "step", "step": 114600, "loss": 4.7158, "lr": 0.0013211943059707682, "gnorm": 1.219, "tok_per_s": 241500.6, "load": 3.31396484375}
{"event": "step", "step": 114700, "loss": 4.576, "lr": 0.001319045688870351, "gnorm": 1.062, "tok_per_s": 241535.6, "load": 3.28857421875}
{"event": "step", "step": 114800, "loss": 4.5136, "lr": 0.0013168979633422927, "gnorm": 1.78, "tok_per_s": 241511.6, "load": 3.28857421875}
{"event": "step", "step": 114900, "loss": 4.5537, "lr": 0.0013147511351724451, "gnorm": 1.558, "tok_per_s": 241523.8, "load": 4.146484375}
{"event": "step", "step": 115000, "loss": 4.6201, "lr": 0.0013126052101442435, "gnorm": 1.577, "tok_per_s": 241505.1, "load": 3.97412109375}
{"event": "step", "step": 115100, "loss": 4.6525, "lr": 0.0013104601940386888, "gnorm": 1.309, "tok_per_s": 218934.9, "load": 3.97412109375}
{"event": "step", "step": 115200, "loss": 4.6724, "lr": 0.0013083160926343346, "gnorm": 1.216, "tok_per_s": 241504.2, "load": 3.89599609375}
{"event": "step", "step": 115300, "loss": 4.6494, "lr": 0.0013061729117072698, "gnorm": 1.354, "tok_per_s": 241530.6, "load": 3.82421875}
{"event": "step", "step": 115400, "loss": 4.6422, "lr": 0.001304030657031104, "gnorm": 1.209, "tok_per_s": 241478.5, "load": 3.82421875}
{"event": "step", "step": 115500, "loss": 4.5979, "lr": 0.0013018893343769507, "gnorm": 1.33, "tok_per_s": 241438.8, "load": 3.7578125}
{"event": "step", "step": 115600, "loss": 4.6471, "lr": 0.0012997489495134137, "gnorm": 1.497, "tok_per_s": 241469.4, "load": 3.69677734375}
{"event": "step", "step": 115700, "loss": 4.478, "lr": 0.0012976095082065692, "gnorm": 1.277, "tok_per_s": 241443.8, "load": 3.69677734375}
{"event": "step", "step": 115800, "loss": 4.7212, "lr": 0.0012954710162199525, "gnorm": 1.281, "tok_per_s": 241482.5, "load": 3.640625}
{"event": "step", "step": 115900, "loss": 4.5322, "lr": 0.0012933334793145406, "gnorm": 1.268, "tok_per_s": 241504.8, "load": 3.5087890625}
{"event": "step", "step": 116000, "loss": 4.693, "lr": 0.0012911969032487387, "gnorm": 1.403, "tok_per_s": 241473.2, "load": 3.5087890625}
{"event": "step", "step": 116100, "loss": 4.5733, "lr": 0.001289061293778362, "gnorm": 1.078, "tok_per_s": 241463.2, "load": 3.3876953125}
{"event": "step", "step": 116200, "loss": 4.6279, "lr": 0.0012869266566566241, "gnorm": 1.471, "tok_per_s": 241432.6, "load": 3.2763671875}
{"event": "step", "step": 116300, "loss": 4.5555, "lr": 0.0012847929976341167, "gnorm": 1.2, "tok_per_s": 241406.6, "load": 3.2763671875}
{"event": "step", "step": 116400, "loss": 4.69, "lr": 0.0012826603224587974, "gnorm": 1.589, "tok_per_s": 241413.9, "load": 3.173828125}
{"event": "step", "step": 116500, "loss": 4.5564, "lr": 0.0012805286368759747, "gnorm": 1.036, "tok_per_s": 241412.5, "load": 3.15966796875}
{"event": "step", "step": 116600, "loss": 4.632, "lr": 0.0012783979466282891, "gnorm": 1.367, "tok_per_s": 241412.3, "load": 3.146484375}
{"event": "step", "step": 116700, "loss": 4.509, "lr": 0.001276268257455701, "gnorm": 1.647, "tok_per_s": 241368.8, "load": 3.146484375}
{"event": "step", "step": 116800, "loss": 4.4618, "lr": 0.0012741395750954733, "gnorm": 1.383, "tok_per_s": 241357.5, "load": 3.05419921875}
{"event": "step", "step": 116900, "loss": 4.5515, "lr": 0.0012720119052821576, "gnorm": 1.195, "tok_per_s": 241279.3, "load": 2.9697265625}
{"event": "step", "step": 117000, "loss": 4.5533, "lr": 0.001269885253747576, "gnorm": 1.308, "tok_per_s": 241320.5, "load": 2.9697265625}
{"event": "step", "step": 117100, "loss": 4.7761, "lr": 0.0012677596262208098, "gnorm": 1.735, "tok_per_s": 241354.7, "load": 2.8916015625}
{"event": "step", "step": 117200, "loss": 4.587, "lr": 0.0012656350284281788, "gnorm": 1.242, "tok_per_s": 241362.7, "load": 2.81982421875}
{"event": "step", "step": 117300, "loss": 4.6214, "lr": 0.0012635114660932323, "gnorm": 1.247, "tok_per_s": 241392.4, "load": 2.81982421875}
{"event": "step", "step": 117400, "loss": 4.5366, "lr": 0.0012613889449367265, "gnorm": 1.805, "tok_per_s": 241326.9, "load": 2.83447265625}
{"event": "step", "step": 117500, "loss": 4.6644, "lr": 0.0012592674706766156, "gnorm": 1.455, "tok_per_s": 241342.7, "load": 2.84814453125}
{"event": "step", "step": 117600, "loss": 4.6166, "lr": 0.0012571470490280313, "gnorm": 1.056, "tok_per_s": 241337.8, "load": 2.84814453125}
{"event": "step", "step": 117700, "loss": 4.5478, "lr": 0.0012550276857032712, "gnorm": 1.245, "tok_per_s": 241453.5, "load": 2.77978515625}
{"event": "step", "step": 117800, "loss": 4.6943, "lr": 0.0012529093864117808, "gnorm": 1.346, "tok_per_s": 241495.5, "load": 2.71728515625}
{"event": "step", "step": 117900, "loss": 4.6359, "lr": 0.0012507921568601407, "gnorm": 1.175, "tok_per_s": 241445.8, "load": 2.71728515625}
{"event": "step", "step": 118000, "loss": 4.4856, "lr": 0.0012486760027520469, "gnorm": 1.35, "tok_per_s": 241519.9, "load": 2.65966796875}
{"event": "step", "step": 118100, "loss": 4.4893, "lr": 0.001246560929788302, "gnorm": 1.284, "tok_per_s": 241477.2, "load": 2.68701171875}
{"event": "step", "step": 118200, "loss": 4.6654, "lr": 0.001244446943666792, "gnorm": 1.337, "tok_per_s": 241462.1, "load": 2.68701171875}
{"event": "step", "step": 118300, "loss": 4.5492, "lr": 0.0012423340500824786, "gnorm": 1.76, "tok_per_s": 241534.3, "load": 2.87255859375}
{"event": "step", "step": 118400, "loss": 4.56, "lr": 0.0012402222547273772, "gnorm": 1.301, "tok_per_s": 241491.7, "load": 2.80224609375}
{"event": "step", "step": 118500, "loss": 4.61, "lr": 0.0012381115632905469, "gnorm": 1.33, "tok_per_s": 241549.2, "load": 2.80224609375}
{"event": "step", "step": 118600, "loss": 4.6599, "lr": 0.0012360019814580728, "gnorm": 1.241, "tok_per_s": 241511.5, "load": 2.73779296875}
{"event": "step", "step": 118700, "loss": 4.6522, "lr": 0.0012338935149130482, "gnorm": 1.792, "tok_per_s": 241520.7, "load": 2.75927734375}
{"event": "step", "step": 118800, "loss": 4.7244, "lr": 0.0012317861693355659, "gnorm": 1.206, "tok_per_s": 241563.4, "load": 2.75927734375}
{"event": "step", "step": 118900, "loss": 4.3714, "lr": 0.0012296799504026947, "gnorm": 1.421, "tok_per_s": 241575.4, "load": 2.6982421875}
{"event": "step", "step": 119000, "loss": 4.6119, "lr": 0.0012275748637884721, "gnorm": 1.092, "tok_per_s": 241512.1, "load": 2.64208984375}
{"event": "step", "step": 119100, "loss": 4.5474, "lr": 0.0012254709151638822, "gnorm": 1.29, "tok_per_s": 241553.9, "load": 2.59033203125}
{"event": "step", "step": 119200, "loss": 4.5928, "lr": 0.0012233681101968454, "gnorm": 1.136, "tok_per_s": 241520.2, "load": 2.59033203125}
{"event": "step", "step": 119300, "loss": 4.7899, "lr": 0.0012212664545521992, "gnorm": 1.377, "tok_per_s": 241477.3, "load": 2.70361328125}
{"event": "step", "step": 119400, "loss": 4.8109, "lr": 0.0012191659538916878, "gnorm": 1.504, "tok_per_s": 241502.5, "load": 2.7275390625}
{"event": "step", "step": 119500, "loss": 4.4533, "lr": 0.0012170666138739408, "gnorm": 1.419, "tok_per_s": 241582.9, "load": 2.7275390625}
{"event": "step", "step": 119600, "loss": 4.5122, "lr": 0.001214968440154463, "gnorm": 1.52, "tok_per_s": 241542.6, "load": 2.6689453125}
{"event": "step", "step": 119700, "loss": 4.4598, "lr": 0.001212871438385617, "gnorm": 1.298, "tok_per_s": 241527.3, "load": 2.615234375}
{"event": "step", "step": 119800, "loss": 4.6636, "lr": 0.001210775614216608, "gnorm": 1.207, "tok_per_s": 241553.5, "load": 2.615234375}
{"event": "step", "step": 119900, "loss": 4.6185, "lr": 0.0012086809732934681, "gnorm": 1.223, "tok_per_s": 241508.1, "load": 2.56591796875}
{"event": "step", "step": 120000, "loss": 4.5775, "lr": 0.0012065875212590434, "gnorm": 1.241, "tok_per_s": 241537.2, "load": 2.5205078125}
eval 120000 {'bpb': 1.5178377014570765, 'nats_per_token': 4.576463430688687, 'tokens': 16379, 'bytes': 71247}
{"event": "step", "step": 120100, "loss": 4.4834, "lr": 0.0012044952637529753, "gnorm": 1.22, "tok_per_s": 214848.0, "load": 2.5205078125}
{"event": "step", "step": 120200, "loss": 4.6551, "lr": 0.0012024042064116898, "gnorm": 1.4, "tok_per_s": 241346.0, "load": 2.478515625}
{"event": "step", "step": 120300, "loss": 4.5858, "lr": 0.001200314354868376, "gnorm": 1.406, "tok_per_s": 241311.6, "load": 2.43994140625}
{"event": "step", "step": 120400, "loss": 4.4382, "lr": 0.0011982257147529788, "gnorm": 1.429, "tok_per_s": 241367.8, "load": 2.43994140625}
{"event": "step", "step": 120500, "loss": 4.4248, "lr": 0.0011961382916921763, "gnorm": 1.601, "tok_per_s": 241330.9, "load": 2.48486328125}
{"event": "step", "step": 120600, "loss": 4.8008, "lr": 0.0011940520913093701, "gnorm": 1.191, "tok_per_s": 241356.7, "load": 2.44580078125}
{"event": "step", "step": 120700, "loss": 4.6685, "lr": 0.0011919671192246659, "gnorm": 1.63, "tok_per_s": 241334.3, "load": 2.44580078125}
{"event": "step", "step": 120800, "loss": 4.5574, "lr": 0.0011898833810548622, "gnorm": 1.05, "tok_per_s": 241383.6, "load": 2.490234375}
{"event": "step", "step": 120900, "loss": 4.4974, "lr": 0.0011878008824134335, "gnorm": 1.187, "tok_per_s": 241303.9, "load": 2.45068359375}
{"event": "step", "step": 121000, "loss": 4.4428, "lr": 0.0011857196289105133, "gnorm": 1.694, "tok_per_s": 241352.3, "load": 2.45068359375}
{"event": "step", "step": 121100, "loss": 4.5953, "lr": 0.0011836396261528826, "gnorm": 2.034, "tok_per_s": 241363.8, "load": 2.41455078125}
{"event": "step", "step": 121200, "loss": 4.5827, "lr": 0.0011815608797439516, "gnorm": 1.476, "tok_per_s": 241432.4, "load": 2.4619140625}
{"event": "step", "step": 121300, "loss": 4.6363, "lr": 0.0011794833952837474, "gnorm": 1.452, "tok_per_s": 241408.3, "load": 2.4248046875}
{"event": "step", "step": 121400, "loss": 4.756, "lr": 0.0011774071783688955, "gnorm": 1.332, "tok_per_s": 241398.3, "load": 2.4248046875}
{"event": "step", "step": 121500, "loss": 4.6346, "lr": 0.0011753322345926089, "gnorm": 1.224, "tok_per_s": 241371.8, "load": 2.390625}
{"event": "step", "step": 121600, "loss": 4.5919, "lr": 0.0011732585695446692, "gnorm": 1.323, "tok_per_s": 241315.9, "load": 2.439453125}
{"event": "step", "step": 121700, "loss": 4.5734, "lr": 0.0011711861888114138, "gnorm": 1.2, "tok_per_s": 241349.2, "load": 2.439453125}
{"event": "step", "step": 121800, "loss": 4.5777, "lr": 0.0011691150979757207, "gnorm": 1.276, "tok_per_s": 241286.0, "load": 2.40380859375}
{"event": "step", "step": 121900, "loss": 4.6065, "lr": 0.0011670453026169925, "gnorm": 1.66, "tok_per_s": 241320.1, "load": 2.37109375}
{"event": "step", "step": 122000, "loss": 4.582, "lr": 0.001164976808311141, "gnorm": 1.326, "tok_per_s": 241307.4, "load": 2.37109375}
{"event": "step", "step": 122100, "loss": 4.857, "lr": 0.0011629096206305747, "gnorm": 1.621, "tok_per_s": 241316.3, "load": 2.34130859375}
{"event": "step", "step": 122200, "loss": 4.614, "lr": 0.0011608437451441807, "gnorm": 1.584, "tok_per_s": 241336.7, "load": 2.39453125}
{"event": "step", "step": 122300, "loss": 4.63, "lr": 0.0011587791874173128, "gnorm": 2.051, "tok_per_s": 241371.5, "load": 2.39453125}
{"event": "step", "step": 122400, "loss": 4.7963, "lr": 0.0011567159530117724, "gnorm": 1.259, "tok_per_s": 241302.1, "load": 3.00390625}
{"event": "step", "step": 122500, "loss": 4.5494, "lr": 0.0011546540474857982, "gnorm": 1.256, "tok_per_s": 241253.5, "load": 2.92333984375}
{"event": "step", "step": 122600, "loss": 4.5257, "lr": 0.0011525934763940476, "gnorm": 1.255, "tok_per_s": 241319.6, "load": 2.92333984375}
{"event": "step", "step": 122700, "loss": 4.6522, "lr": 0.0011505342452875838, "gnorm": 1.529, "tok_per_s": 241323.9, "load": 2.84912109375}
{"event": "step", "step": 122800, "loss": 4.5265, "lr": 0.00114847635971386, "gnorm": 1.511, "tok_per_s": 241330.5, "load": 2.78076171875}
{"event": "step", "step": 122900, "loss": 4.554, "lr": 0.001146419825216705, "gnorm": 1.448, "tok_per_s": 241346.0, "load": 2.78076171875}
{"event": "step", "step": 123000, "loss": 4.6347, "lr": 0.001144364647336306, "gnorm": 2.12, "tok_per_s": 241361.7, "load": 2.7177734375}
{"event": "step", "step": 123100, "loss": 4.7002, "lr": 0.0011423108316091987, "gnorm": 1.509, "tok_per_s": 241316.3, "load": 2.66015625}
{"event": "step", "step": 123200, "loss": 4.4586, "lr": 0.0011402583835682463, "gnorm": 1.299, "tok_per_s": 241302.1, "load": 2.66015625}
{"event": "step", "step": 123300, "loss": 4.4544, "lr": 0.0011382073087426296, "gnorm": 1.528, "tok_per_s": 241317.8, "load": 2.6875}
{"event": "step", "step": 123400, "loss": 4.6772, "lr": 0.0011361576126578286, "gnorm": 1.668, "tok_per_s": 241356.4, "load": 2.712890625}
{"event": "step", "step": 123500, "loss": 4.471, "lr": 0.00113410930083561, "gnorm": 1.596, "tok_per_s": 241320.5, "load": 2.712890625}
{"event": "step", "step": 123600, "loss": 4.6226, "lr": 0.0011320623787940103, "gnorm": 1.712, "tok_per_s": 241251.6, "load": 2.736328125}
{"event": "step", "step": 123700, "loss": 4.7288, "lr": 0.0011300168520473235, "gnorm": 1.315, "tok_per_s": 241287.0, "load": 2.7578125}
{"event": "step", "step": 123800, "loss": 4.5987, "lr": 0.001127972726106084, "gnorm": 1.266, "tok_per_s": 241411.0, "load": 2.77734375}
{"event": "step", "step": 123900, "loss": 4.5751, "lr": 0.001125930006477052, "gnorm": 1.214, "tok_per_s": 241383.4, "load": 2.77734375}
{"event": "step", "step": 124000, "loss": 4.4684, "lr": 0.0011238886986632002, "gnorm": 1.754, "tok_per_s": 241383.1, "load": 2.71484375}
{"event": "step", "step": 124100, "loss": 4.7226, "lr": 0.0011218488081636963, "gnorm": 1.61, "tok_per_s": 241387.4, "load": 2.6572265625}
{"event": "step", "step": 124200, "loss": 4.6277, "lr": 0.0011198103404738925, "gnorm": 1.388, "tok_per_s": 241450.6, "load": 2.6572265625}
{"event": "step", "step": 124300, "loss": 4.5795, "lr": 0.0011177733010853048, "gnorm": 1.535, "tok_per_s": 241226.8, "load": 2.68505859375}
{"event": "step", "step": 124400, "loss": 4.7788, "lr": 0.0011157376954856048, "gnorm": 1.48, "tok_per_s": 241204.0, "load": 2.71044921875}
{"event": "step", "step": 124500, "loss": 4.4481, "lr": 0.0011137035291585982, "gnorm": 1.352, "tok_per_s": 241227.5, "load": 2.71044921875}
{"event": "step", "step": 124600, "loss": 4.6872, "lr": 0.0011116708075842164, "gnorm": 1.21, "tok_per_s": 241299.7, "load": 2.73388671875}
{"event": "step", "step": 124700, "loss": 4.621, "lr": 0.0011096395362384967, "gnorm": 1.222, "tok_per_s": 241348.3, "load": 2.75537109375}
{"event": "step", "step": 124800, "loss": 4.694, "lr": 0.0011076097205935708, "gnorm": 1.594, "tok_per_s": 241322.1, "load": 2.75537109375}
{"event": "step", "step": 124900, "loss": 4.5615, "lr": 0.0011055813661176466, "gnorm": 1.351, "tok_per_s": 241335.5, "load": 2.69482421875}
{"event": "step", "step": 125000, "loss": 4.623, "lr": 0.0011035544782749995, "gnorm": 1.564, "tok_per_s": 241308.9, "load": 2.63916015625}
{"event": "step", "step": 125100, "loss": 4.4416, "lr": 0.00110152906252595, "gnorm": 2.225, "tok_per_s": 218222.5, "load": 2.63916015625}
{"event": "step", "step": 125200, "loss": 4.565, "lr": 0.001099505124326856, "gnorm": 1.43, "tok_per_s": 241344.7, "load": 2.587890625}
{"event": "step", "step": 125300, "loss": 4.5718, "lr": 0.0010974826691300921, "gnorm": 1.455, "tok_per_s": 241342.9, "load": 2.62109375}
{"event": "step", "step": 125400, "loss": 4.6962, "lr": 0.00109546170238404, "gnorm": 1.181, "tok_per_s": 241358.5, "load": 2.62109375}
{"event": "step", "step": 125500, "loss": 4.7618, "lr": 0.0010934422295330712, "gnorm": 1.353, "tok_per_s": 241193.8, "load": 2.65185546875}
{"event": "step", "step": 125600, "loss": 4.5732, "lr": 0.0010914242560175315, "gnorm": 1.28, "tok_per_s": 241239.3, "load": 2.68017578125}
{"event": "step", "step": 125700, "loss": 4.6866, "lr": 0.0010894077872737292, "gnorm": 1.517, "tok_per_s": 241232.7, "load": 2.68017578125}
{"event": "step", "step": 125800, "loss": 4.5613, "lr": 0.0010873928287339172, "gnorm": 1.515, "tok_per_s": 241219.7, "load": 2.7861328125}
{"event": "step", "step": 125900, "loss": 4.7174, "lr": 0.0010853793858262818, "gnorm": 1.685, "tok_per_s": 241313.9, "load": 2.72314453125}
{"event": "step", "step": 126000, "loss": 4.7001, "lr": 0.0010833674639749238, "gnorm": 1.421, "tok_per_s": 241333.2, "load": 2.6650390625}
{"event": "step", "step": 126100, "loss": 4.7726, "lr": 0.0010813570685998496, "gnorm": 1.584, "tok_per_s": 241333.8, "load": 2.6650390625}
{"event": "step", "step": 126200, "loss": 4.5831, "lr": 0.0010793482051169505, "gnorm": 1.581, "tok_per_s": 241318.3, "load": 2.611328125}
{"event": "step", "step": 126300, "loss": 4.6247, "lr": 0.001077340878937993, "gnorm": 2.722, "tok_per_s": 241357.7, "load": 2.56201171875}
{"event": "step", "step": 126400, "loss": 4.5249, "lr": 0.0010753350954706, "gnorm": 1.505, "tok_per_s": 241296.8, "load": 2.56201171875}
{"event": "step", "step": 126500, "loss": 4.4914, "lr": 0.001073330860118241, "gnorm": 1.301, "tok_per_s": 241328.1, "load": 2.5166015625}
{"event": "step", "step": 126600, "loss": 4.3399, "lr": 0.0010713281782802125, "gnorm": 1.252, "tok_per_s": 241321.5, "load": 2.47509765625}
{"event": "step", "step": 126700, "loss": 4.7321, "lr": 0.001069327055351628, "gnorm": 1.627, "tok_per_s": 241374.8, "load": 2.47509765625}
{"event": "step", "step": 126800, "loss": 4.8035, "lr": 0.0010673274967234, "gnorm": 1.481, "tok_per_s": 241340.7, "load": 2.43701171875}
{"event": "step", "step": 126900, "loss": 4.7933, "lr": 0.001065329507782228, "gnorm": 2.315, "tok_per_s": 241346.8, "load": 2.40185546875}
{"event": "step", "step": 127000, "loss": 4.5506, "lr": 0.0010633330939105808, "gnorm": 1.467, "tok_per_s": 241216.6, "load": 2.40185546875}
{"event": "step", "step": 127100, "loss": 4.4623, "lr": 0.001061338260486687, "gnorm": 1.663, "tok_per_s": 241234.3, "load": 2.4501953125}
{"event": "step", "step": 127200, "loss": 4.6118, "lr": 0.001059345012884515, "gnorm": 2.624, "tok_per_s": 241273.9, "load": 2.49462890625}
{"event": "step", "step": 127300, "loss": 4.7376, "lr": 0.0010573533564737626, "gnorm": 1.844, "tok_per_s": 241380.4, "load": 2.49462890625}
{"event": "step", "step": 127400, "loss": 4.6906, "lr": 0.0010553632966198402, "gnorm": 2.004, "tok_per_s": 241338.3, "load": 2.53515625}
{"event": "step", "step": 127500, "loss": 4.7127, "lr": 0.001053374838683858, "gnorm": 1.484, "tok_per_s": 241334.1, "load": 2.4921875}
{"event": "step", "step": 127600, "loss": 4.6613, "lr": 0.001051387988022609, "gnorm": 1.31, "tok_per_s": 241189.4, "load": 2.4921875}
{"event": "step", "step": 127700, "loss": 4.5156, "lr": 0.0010494027499885585, "gnorm": 1.426, "tok_per_s": 241205.1, "load": 2.45263671875}
{"event": "step", "step": 127800, "loss": 4.7534, "lr": 0.0010474191299298266, "gnorm": 1.705, "tok_per_s": 241344.6, "load": 2.416015625}
{"event": "step", "step": 127900, "loss": 4.6543, "lr": 0.0010454371331901737, "gnorm": 1.487, "tok_per_s": 241305.2, "load": 2.416015625}
{"event": "step", "step": 128000, "loss": 4.4655, "lr": 0.0010434567651089886, "gnorm": 1.909, "tok_per_s": 241300.0, "load": 2.38232421875}
{"event": "step", "step": 128100, "loss": 4.5928, "lr": 0.0010414780310212715, "gnorm": 1.909, "tok_per_s": 241261.0, "load": 2.3515625}
{"event": "step", "step": 128200, "loss": 4.6914, "lr": 0.0010395009362576216, "gnorm": 1.515, "tok_per_s": 241309.8, "load": 2.3515625}
{"event": "step", "step": 128300, "loss": 4.7905, "lr": 0.0010375254861442204, "gnorm": 1.535, "tok_per_s": 241247.2, "load": 2.3232421875}
{"event": "step", "step": 128400, "loss": 4.5836, "lr": 0.001035551686002821, "gnorm": 1.41, "tok_per_s": 241313.3, "load": 2.37744140625}
{"event": "step", "step": 128500, "loss": 4.5319, "lr": 0.0010335795411507288, "gnorm": 1.76, "tok_per_s": 241291.2, "load": 2.34716796875}
{"event": "step", "step": 128600, "loss": 4.3254, "lr": 0.001031609056900793, "gnorm": 1.415, "tok_per_s": 241343.1, "load": 2.34716796875}
{"event": "step", "step": 128700, "loss": 4.5905, "lr": 0.0010296402385613862, "gnorm": 2.108, "tok_per_s": 241320.1, "load": 2.39990234375}
{"event": "step", "step": 128800, "loss": 4.5061, "lr": 0.001027673091436396, "gnorm": 1.534, "tok_per_s": 241271.3, "load": 2.4482421875}
{"event": "step", "step": 128900, "loss": 4.5908, "lr": 0.0010257076208252055, "gnorm": 1.419, "tok_per_s": 241315.6, "load": 2.4482421875}
{"event": "step", "step": 129000, "loss": 4.5454, "lr": 0.0010237438320226833, "gnorm": 1.495, "tok_per_s": 241326.1, "load": 2.49267578125}
{"event": "step", "step": 129100, "loss": 4.5683, "lr": 0.001021781730319165, "gnorm": 1.688, "tok_per_s": 241242.1, "load": 2.453125}
{"event": "step", "step": 129200, "loss": 4.5943, "lr": 0.0010198213210004439, "gnorm": 1.585, "tok_per_s": 241287.2, "load": 2.453125}
{"event": "step", "step": 129300, "loss": 4.6385, "lr": 0.0010178626093477515, "gnorm": 1.894, "tok_per_s": 241324.5, "load": 2.4970703125}
{"event": "step", "step": 129400, "loss": 4.589, "lr": 0.0010159056006377484, "gnorm": 1.432, "tok_per_s": 241330.4, "load": 2.45703125}
{"event": "step", "step": 129500, "loss": 4.6128, "lr": 0.0010139503001425055, "gnorm": 1.642, "tok_per_s": 241304.6, "load": 2.45703125}
{"event": "step", "step": 129600, "loss": 4.7243, "lr": 0.0010119967131294934, "gnorm": 2.086, "tok_per_s": 241271.5, "load": 2.5009765625}
{"event": "step", "step": 129700, "loss": 4.7337, "lr": 0.001010044844861565, "gnorm": 1.614, "tok_per_s": 241304.1, "load": 2.46044921875}
{"event": "step", "step": 129800, "loss": 4.5845, "lr": 0.0010080947005969452, "gnorm": 1.821, "tok_per_s": 241283.4, "load": 2.46044921875}
{"event": "step", "step": 129900, "loss": 4.5548, "lr": 0.001006146285589212, "gnorm": 1.511, "tok_per_s": 241291.4, "load": 2.42333984375}
{"event": "step", "step": 130000, "loss": 4.7314, "lr": 0.0010041996050872872, "gnorm": 2.248, "tok_per_s": 241276.9, "load": 2.38916015625}
{"event": "step", "step": 130100, "loss": 4.6824, "lr": 0.0010022546643354189, "gnorm": 1.405, "tok_per_s": 218657.4, "load": 2.38916015625}
{"event": "step", "step": 130200, "loss": 4.5789, "lr": 0.0010003114685731677, "gnorm": 1.774, "tok_per_s": 241225.7, "load": 2.35791015625}
{"event": "step", "step": 130300, "loss": 4.4882, "lr": 0.0009983700230353951, "gnorm": 1.642, "tok_per_s": 241233.3, "load": 2.40966796875}
{"event": "step", "step": 130400, "loss": 4.5068, "lr": 0.0009964303329522454, "gnorm": 1.554, "tok_per_s": 241239.1, "load": 2.40966796875}
{"event": "step", "step": 130500, "loss": 4.5692, "lr": 0.0009944924035491358, "gnorm": 1.6, "tok_per_s": 241261.1, "load": 2.37646484375}
{"event": "step", "step": 130600, "loss": 4.6214, "lr": 0.0009925562400467387, "gnorm": 1.685, "tok_per_s": 241242.5, "load": 2.5068359375}
{"event": "step", "step": 130700, "loss": 4.628, "lr": 0.0009906218476609708, "gnorm": 2.363, "tok_per_s": 241266.2, "load": 2.62646484375}
{"event": "step", "step": 130800, "loss": 4.5719, "lr": 0.0009886892316029758, "gnorm": 1.668, "tok_per_s": 241247.6, "load": 2.62646484375}
{"event": "step", "step": 130900, "loss": 4.6518, "lr": 0.0009867583970791143, "gnorm": 1.542, "tok_per_s": 241189.1, "load": 2.65673828125}
{"event": "step", "step": 131000, "loss": 4.4818, "lr": 0.0009848293492909451, "gnorm": 1.475, "tok_per_s": 240933.1, "load": 3.0048828125}
{"event": "step", "step": 131100, "loss": 4.6066, "lr": 0.0009829020934352156, "gnorm": 2.876, "tok_per_s": 241047.2, "load": 3.0048828125}
{"event": "step", "step": 131200, "loss": 4.5583, "lr": 0.000980976634703844, "gnorm": 1.409, "tok_per_s": 241081.5, "load": 3.1650390625}
{"event": "step", "step": 131300, "loss": 4.6121, "lr": 0.0009790529782839092, "gnorm": 1.616, "tok_per_s": 241047.8, "load": 3.23193359375}
{"event": "step", "step": 131400, "loss": 4.65, "lr": 0.000977131129357633, "gnorm": 1.928, "tok_per_s": 240927.5, "load": 3.23193359375}
{"event": "step", "step": 131500, "loss": 4.619, "lr": 0.0009752110931023696, "gnorm": 1.538, "tok_per_s": 240968.8, "load": 3.29345703125}
{"event": "step", "step": 131600, "loss": 4.5319, "lr": 0.0009732928746905876, "gnorm": 1.717, "tok_per_s": 240892.7, "load": 3.43017578125}
{"event": "step", "step": 131700, "loss": 4.7274, "lr": 0.0009713764792898614, "gnorm": 1.484, "tok_per_s": 241062.4, "load": 3.43017578125}
{"event": "step", "step": 131800, "loss": 4.6721, "lr": 0.0009694619120628515, "gnorm": 1.71, "tok_per_s": 240989.4, "load": 3.55615234375}
{"event": "step", "step": 131900, "loss": 4.7113, "lr": 0.0009675491781672955, "gnorm": 1.612, "tok_per_s": 241192.7, "load": 3.671875}
{"event": "step", "step": 132000, "loss": 4.4536, "lr": 0.0009656382827559908, "gnorm": 1.438, "tok_per_s": 241129.1, "load": 3.671875}
{"event": "step", "step": 132100, "loss": 4.7084, "lr": 0.0009637292309767829, "gnorm": 1.886, "tok_per_s": 241128.2, "load": 3.7783203125}
{"event": "step", "step": 132200, "loss": 4.6727, "lr": 0.0009618220279725497, "gnorm": 1.789, "tok_per_s": 241099.4, "load": 3.79638671875}
{"event": "step", "step": 132300, "loss": 4.5756, "lr": 0.0009599166788811895, "gnorm": 2.052, "tok_per_s": 241045.2, "load": 3.79638671875}
{"event": "step", "step": 132400, "loss": 4.6074, "lr": 0.0009580131888356064, "gnorm": 1.215, "tok_per_s": 241074.4, "load": 3.89306640625}
{"event": "step", "step": 132500, "loss": 4.5249, "lr": 0.0009561115629636948, "gnorm": 1.513, "tok_per_s": 241099.7, "load": 3.90185546875}
{"event": "step", "step": 132600, "loss": 4.6431, "lr": 0.0009542118063883295, "gnorm": 1.579, "tok_per_s": 241114.9, "load": 3.90185546875}
{"event": "step", "step": 132700, "loss": 4.5229, "lr": 0.0009523139242273469, "gnorm": 1.328, "tok_per_s": 240786.3, "load": 3.91015625}
{"event": "step", "step": 132800, "loss": 4.6099, "lr": 0.0009504179215935358, "gnorm": 1.999, "tok_per_s": 240941.2, "load": 3.99755859375}
{"event": "step", "step": 132900, "loss": 4.7038, "lr": 0.0009485238035946209, "gnorm": 1.27, "tok_per_s": 241097.0, "load": 3.99755859375}
{"event": "step", "step": 133000, "loss": 4.6875, "lr": 0.0009466315753332501, "gnorm": 1.696, "tok_per_s": 241169.0, "load": 4.158203125}
{"event": "step", "step": 133100, "loss": 4.5741, "lr": 0.0009447412419069797, "gnorm": 1.405, "tok_per_s": 241145.6, "load": 4.22607421875}
{"event": "step", "step": 133200, "loss": 4.6366, "lr": 0.0009428528084082627, "gnorm": 2.251, "tok_per_s": 241178.0, "load": 4.20751953125}
{"event": "step", "step": 133300, "loss": 4.544, "lr": 0.0009409662799244322, "gnorm": 2.246, "tok_per_s": 241170.3, "load": 4.20751953125}
{"event": "step", "step": 133400, "loss": 4.5411, "lr": 0.0009390816615376908, "gnorm": 1.471, "tok_per_s": 241169.2, "load": 4.43115234375}
{"event": "step", "step": 133500, "loss": 4.6213, "lr": 0.0009371989583250949, "gnorm": 1.767, "tok_per_s": 241224.1, "load": 4.47705078125}
{"event": "step", "step": 133600, "loss": 4.4658, "lr": 0.0009353181753585405, "gnorm": 1.471, "tok_per_s": 241440.9, "load": 4.47705078125}
{"event": "step", "step": 133700, "loss": 4.4207, "lr": 0.0009334393177047528, "gnorm": 1.584, "tok_per_s": 241053.3, "load": 4.51904296875}
{"event": "step", "step": 133800, "loss": 4.7594, "lr": 0.0009315623904252675, "gnorm": 1.575, "tok_per_s": 240717.0, "load": 4.47705078125}
{"event": "step", "step": 133900, "loss": 4.7324, "lr": 0.000929687398576423, "gnorm": 2.263, "tok_per_s": 240475.8, "load": 4.47705078125}
{"event": "step", "step": 134000, "loss": 4.6193, "lr": 0.0009278143472093407, "gnorm": 1.472, "tok_per_s": 240316.9, "load": 4.4384765625}
{"event": "step", "step": 134100, "loss": 4.4801, "lr": 0.0009259432413699174, "gnorm": 1.889, "tok_per_s": 241375.4, "load": 4.48388671875}
{"event": "step", "step": 134200, "loss": 4.4483, "lr": 0.0009240740860988059, "gnorm": 1.516, "tok_per_s": 241184.7, "load": 4.48388671875}
{"event": "step", "step": 134300, "loss": 4.5861, "lr": 0.0009222068864314065, "gnorm": 1.504, "tok_per_s": 240901.3, "load": 4.525390625}
{"event": "step", "step": 134400, "loss": 4.7062, "lr": 0.0009203416473978508, "gnorm": 1.461, "tok_per_s": 241180.8, "load": 4.48291015625}
{"event": "step", "step": 134500, "loss": 4.5761, "lr": 0.0009184783740229871, "gnorm": 1.843, "tok_per_s": 241250.1, "load": 4.48291015625}
{"event": "step", "step": 134600, "loss": 4.3809, "lr": 0.0009166170713263708, "gnorm": 1.534, "tok_per_s": 241247.3, "load": 4.5244140625}
{"event": "step", "step": 134700, "loss": 4.5464, "lr": 0.0009147577443222455, "gnorm": 1.816, "tok_per_s": 241197.1, "load": 4.48193359375}
{"event": "step", "step": 134800, "loss": 4.6285, "lr": 0.0009129003980195351, "gnorm": 1.411, "tok_per_s": 241054.4, "load": 4.48193359375}
{"event": "step", "step": 134900, "loss": 4.599, "lr": 0.0009110450374218255, "gnorm": 1.426, "tok_per_s": 241244.8, "load": 4.44287109375}
{"event": "step", "step": 135000, "loss": 4.4508, "lr": 0.0009091916675273553, "gnorm": 1.31, "tok_per_s": 241143.5, "load": 4.4072265625}
{"event": "step", "step": 135100, "loss": 4.5459, "lr": 0.0009073402933289977, "gnorm": 1.877, "tok_per_s": 218711.4, "load": 4.37451171875}
{"event": "step", "step": 135200, "loss": 4.7, "lr": 0.0009054909198142519, "gnorm": 1.369, "tok_per_s": 241092.6, "load": 4.37451171875}
{"event": "step", "step": 135300, "loss": 4.5277, "lr": 0.000903643551965226, "gnorm": 2.038, "tok_per_s": 241188.5, "load": 6.9072265625}
{"event": "step", "step": 135400, "loss": 4.4518, "lr": 0.0009017981947586256, "gnorm": 1.324, "tok_per_s": 240960.7, "load": 6.67431640625}
{"event": "step", "step": 135500, "loss": 4.5151, "lr": 0.0008999548531657398, "gnorm": 1.762, "tok_per_s": 241104.9, "load": 6.67431640625}
{"event": "step", "step": 135600, "loss": 4.5866, "lr": 0.000898113532152427, "gnorm": 2.018, "tok_per_s": 241350.2, "load": 6.4599609375}
{"event": "step", "step": 135700, "loss": 4.5388, "lr": 0.0008962742366791033, "gnorm": 1.863, "tok_per_s": 241324.2, "load": 6.4228515625}
{"event": "step", "step": 135800, "loss": 4.7849, "lr": 0.000894436971700727, "gnorm": 1.688, "tok_per_s": 241090.6, "load": 6.4228515625}
{"event": "step", "step": 135900, "loss": 4.6344, "lr": 0.0008926017421667878, "gnorm": 1.746, "tok_per_s": 241245.7, "load": 6.30859375}
{"event": "step", "step": 136000, "loss": 4.6486, "lr": 0.0008907685530212898, "gnorm": 1.867, "tok_per_s": 241089.0, "load": 6.12353515625}
{"event": "step", "step": 136100, "loss": 4.5927, "lr": 0.0008889374092027432, "gnorm": 1.671, "tok_per_s": 241162.6, "load": 6.12353515625}
{"event": "step", "step": 136200, "loss": 4.5317, "lr": 0.0008871083156441459, "gnorm": 1.513, "tok_per_s": 241223.1, "load": 6.11328125}
{"event": "step", "step": 136300, "loss": 4.8182, "lr": 0.0008852812772729742, "gnorm": 1.844, "tok_per_s": 241166.7, "load": 5.94384765625}
{"event": "step", "step": 136400, "loss": 4.6441, "lr": 0.000883456299011166, "gnorm": 1.422, "tok_per_s": 241258.1, "load": 5.94384765625}
{"event": "step", "step": 136500, "loss": 4.5393, "lr": 0.0008816333857751113, "gnorm": 1.333, "tok_per_s": 241377.8, "load": 5.7880859375}
{"event": "step", "step": 136600, "loss": 4.6403, "lr": 0.0008798125424756355, "gnorm": 1.913, "tok_per_s": 241421.7, "load": 5.80517578125}
{"event": "step", "step": 136700, "loss": 4.564, "lr": 0.0008779937740179882, "gnorm": 1.617, "tok_per_s": 241397.1, "load": 5.80517578125}
{"event": "step", "step": 136800, "loss": 4.4688, "lr": 0.0008761770853018311, "gnorm": 1.9, "tok_per_s": 241430.7, "load": 5.90087890625}
{"event": "step", "step": 136900, "loss": 4.4759, "lr": 0.00087436248122122, "gnorm": 1.775, "tok_per_s": 241064.1, "load": 5.82861328125}
{"event": "step", "step": 137000, "loss": 4.6386, "lr": 0.0008725499666645978, "gnorm": 1.836, "tok_per_s": 241286.7, "load": 5.82861328125}
{"event": "step", "step": 137100, "loss": 4.5687, "lr": 0.0008707395465147763, "gnorm": 1.931, "tok_per_s": 241412.8, "load": 5.68212890625}
{"event": "step", "step": 137200, "loss": 4.5478, "lr": 0.0008689312256489265, "gnorm": 1.608, "tok_per_s": 241413.6, "load": 5.62744140625}
{"event": "step", "step": 137300, "loss": 4.5448, "lr": 0.0008671250089385626, "gnorm": 1.875, "tok_per_s": 241414.4, "load": 5.62744140625}
{"event": "step", "step": 137400, "loss": 4.5438, "lr": 0.0008653209012495324, "gnorm": 2.16, "tok_per_s": 241481.9, "load": 5.65771484375}
{"event": "step", "step": 137500, "loss": 4.6876, "lr": 0.0008635189074419992, "gnorm": 2.015, "tok_per_s": 241376.9, "load": 5.52490234375}
{"event": "step", "step": 137600, "loss": 4.5763, "lr": 0.000861719032370435, "gnorm": 1.652, "tok_per_s": 241406.4, "load": 5.52490234375}
{"event": "step", "step": 137700, "loss": 4.4044, "lr": 0.000859921280883601, "gnorm": 1.494, "tok_per_s": 241408.8, "load": 5.482421875}
{"event": "step", "step": 137800, "loss": 4.5989, "lr": 0.0008581256578245401, "gnorm": 1.693, "tok_per_s": 241481.4, "load": 5.68408203125}
{"event": "step", "step": 137900, "loss": 4.6364, "lr": 0.0008563321680305588, "gnorm": 1.76, "tok_per_s": 241364.9, "load": 8.03173828125}
{"event": "step", "step": 138000, "loss": 4.5828, "lr": 0.0008545408163332191, "gnorm": 1.343, "tok_per_s": 241368.6, "load": 8.03173828125}
{"event": "step", "step": 138100, "loss": 4.719, "lr": 0.0008527516075583215, "gnorm": 1.707, "tok_per_s": 241171.3, "load": 7.70849609375}
{"event": "step", "step": 138200, "loss": 4.6392, "lr": 0.0008509645465258947, "gnorm": 1.832, "tok_per_s": 241203.3, "load": 7.4912109375}
{"event": "step", "step": 138300, "loss": 4.5993, "lr": 0.00084917963805018, "gnorm": 1.798, "tok_per_s": 241137.6, "load": 7.4912109375}
{"event": "step", "step": 138400, "loss": 4.51, "lr": 0.0008473968869396218, "gnorm": 2.046, "tok_per_s": 241264.4, "load": 7.29150390625}
{"event": "step", "step": 138500, "loss": 4.5892, "lr": 0.0008456162979968506, "gnorm": 1.674, "tok_per_s": 241208.1, "load": 7.10791015625}
{"event": "step", "step": 138600, "loss": 4.5745, "lr": 0.0008438378760186743, "gnorm": 2.118, "tok_per_s": 241093.0, "load": 7.10791015625}
{"event": "step", "step": 138700, "loss": 4.6277, "lr": 0.0008420616257960609, "gnorm": 1.824, "tok_per_s": 241201.3, "load": 7.419921875}
{"event": "step", "step": 138800, "loss": 4.4939, "lr": 0.00084028755211413, "gnorm": 1.427, "tok_per_s": 241298.8, "load": 7.22607421875}
{"event": "step", "step": 138900, "loss": 4.5788, "lr": 0.0008385156597521355, "gnorm": 1.806, "tok_per_s": 241228.1, "load": 7.22607421875}
{"event": "step", "step": 139000, "loss": 4.5486, "lr": 0.0008367459534834566, "gnorm": 1.656, "tok_per_s": 241085.6, "load": 7.04736328125}
{"event": "step", "step": 139100, "loss": 4.5435, "lr": 0.0008349784380755834, "gnorm": 1.632, "tok_per_s": 241124.1, "load": 6.80322265625}
{"event": "step", "step": 139200, "loss": 4.5859, "lr": 0.0008332131182901021, "gnorm": 1.494, "tok_per_s": 241193.1, "load": 6.80322265625}
{"event": "step", "step": 139300, "loss": 4.5361, "lr": 0.0008314499988826863, "gnorm": 1.315, "tok_per_s": 241185.7, "load": 6.57861328125}
{"event": "step", "step": 139400, "loss": 4.5707, "lr": 0.0008296890846030798, "gnorm": 1.921, "tok_per_s": 241126.6, "load": 6.3720703125}
{"event": "step", "step": 139500, "loss": 4.6082, "lr": 0.0008279303801950884, "gnorm": 1.667, "tok_per_s": 241245.3, "load": 6.3720703125}
{"event": "step", "step": 139600, "loss": 4.6715, "lr": 0.0008261738903965616, "gnorm": 1.726, "tok_per_s": 241248.5, "load": 6.26171875}
{"event": "step", "step": 139700, "loss": 4.6141, "lr": 0.0008244196199393856, "gnorm": 1.613, "tok_per_s": 241290.7, "load": 6.16064453125}
{"event": "step", "step": 139800, "loss": 4.4298, "lr": 0.0008226675735494656, "gnorm": 1.659, "tok_per_s": 241077.0, "load": 6.16064453125}
{"event": "step", "step": 139900, "loss": 4.5737, "lr": 0.0008209177559467178, "gnorm": 1.831, "tok_per_s": 241134.5, "load": 6.1474609375}
{"event": "step", "step": 140000, "loss": 4.6045, "lr": 0.000819170171845051, "gnorm": 1.727, "tok_per_s": 241091.0, "load": 6.05517578125}
eval 140000 {'bpb': 1.4997547667489295, 'nats_per_token': 4.521941205201783, 'tokens': 16379, 'bytes': 71247}
{"event": "step", "step": 140100, "loss": 4.6988, "lr": 0.0008174248259523601, "gnorm": 1.637, "tok_per_s": 214472.0, "load": 5.97021484375}
{"event": "step", "step": 140200, "loss": 4.6195, "lr": 0.0008156817229705083, "gnorm": 1.362, "tok_per_s": 241524.5, "load": 5.97021484375}
{"event": "step", "step": 140300, "loss": 4.6141, "lr": 0.0008139408675953179, "gnorm": 2.117, "tok_per_s": 241556.8, "load": 5.97265625}
{"event": "step", "step": 140400, "loss": 4.7439, "lr": 0.0008122022645165553, "gnorm": 2.399, "tok_per_s": 241562.3, "load": 6.05517578125}
{"event": "step", "step": 140500, "loss": 4.5034, "lr": 0.0008104659184179199, "gnorm": 1.451, "tok_per_s": 241540.6, "load": 6.05517578125}
{"event": "step", "step": 140600, "loss": 4.5444, "lr": 0.0008087318339770304, "gnorm": 2.026, "tok_per_s": 241565.3, "load": 8.453125}
{"event": "step", "step": 140700, "loss": 4.5712, "lr": 0.0008070000158654137, "gnorm": 1.792, "tok_per_s": 241307.5, "load": 10.2587890625}
{"event": "step", "step": 140800, "loss": 4.629, "lr": 0.0008052704687484898, "gnorm": 1.898, "tok_per_s": 241276.0, "load": 10.2587890625}
{"event": "step", "step": 140900, "loss": 4.5349, "lr": 0.0008035431972855627, "gnorm": 1.363, "tok_per_s": 241043.1, "load": 12.400390625}
{"event": "step", "step": 141000, "loss": 4.4291, "lr": 0.0008018182061298037, "gnorm": 1.688, "tok_per_s": 241039.7, "load": 11.8076171875}
{"event": "step", "step": 141100, "loss": 4.4328, "lr": 0.0008000954999282436, "gnorm": 1.742, "tok_per_s": 241248.9, "load": 11.8076171875}
{"event": "step", "step": 141200, "loss": 4.754, "lr": 0.000798375083321755, "gnorm": 2.106, "tok_per_s": 241696.9, "load": 12.7841796875}
{"event": "step", "step": 141300, "loss": 4.6309, "lr": 0.0007966569609450445, "gnorm": 1.58, "tok_per_s": 241576.4, "load": 12.16064453125}
{"event": "step", "step": 141400, "loss": 4.4388, "lr": 0.0007949411374266378, "gnorm": 1.961, "tok_per_s": 241411.3, "load": 12.16064453125}
{"event": "step", "step": 141500, "loss": 4.5235, "lr": 0.0007932276173888663, "gnorm": 1.563, "tok_per_s": 241653.7, "load": 11.5869140625}
{"event": "step", "step": 141600, "loss": 4.5202, "lr": 0.0007915164054478579, "gnorm": 1.572, "tok_per_s": 241629.1, "load": 11.29931640625}
{"event": "step", "step": 141700, "loss": 4.6638, "lr": 0.0007898075062135211, "gnorm": 1.97, "tok_per_s": 241635.6, "load": 11.29931640625}
{"event": "step", "step": 141800, "loss": 4.5375, "lr": 0.0007881009242895347, "gnorm": 2.649, "tok_per_s": 241620.1, "load": 10.71435546875}
{"event": "step", "step": 141900, "loss": 4.8869, "lr": 0.0007863966642733344, "gnorm": 1.735, "tok_per_s": 241086.0, "load": 10.17626953125}
{"event": "step", "step": 142000, "loss": 4.5705, "lr": 0.0007846947307561018, "gnorm": 2.055, "tok_per_s": 240899.4, "load": 10.17626953125}
{"event": "step", "step": 142100, "loss": 4.6085, "lr": 0.0007829951283227498, "gnorm": 1.995, "tok_per_s": 241257.8, "load": 9.681640625}
{"event": "step", "step": 142200, "loss": 4.5372, "lr": 0.0007812978615519123, "gnorm": 1.959, "tok_per_s": 241332.6, "load": 9.306640625}
{"event": "step", "step": 142300, "loss": 4.428, "lr": 0.0007796029350159307, "gnorm": 1.774, "tok_per_s": 241347.4, "load": 8.96142578125}
{"event": "step", "step": 142400, "loss": 4.5685, "lr": 0.0007779103532808426, "gnorm": 1.568, "tok_per_s": 241193.8, "load": 8.96142578125}
{"event": "step", "step": 142500, "loss": 4.4559, "lr": 0.0007762201209063672, "gnorm": 1.823, "tok_per_s": 241329.2, "load": 8.64404296875}
{"event": "step", "step": 142600, "loss": 4.6576, "lr": 0.000774532242445897, "gnorm": 1.891, "tok_per_s": 241568.2, "load": 8.27197265625}
{"event": "step", "step": 142700, "loss": 4.495, "lr": 0.0007728467224464809, "gnorm": 2.197, "tok_per_s": 241361.0, "load": 8.27197265625}
{"event": "step", "step": 142800, "loss": 4.5857, "lr": 0.0007711635654488163, "gnorm": 1.795, "tok_per_s": 241433.2, "load": 7.9296875}
{"event": "step", "step": 142900, "loss": 4.4969, "lr": 0.0007694827759872325, "gnorm": 1.984, "tok_per_s": 241328.5, "load": 7.69482421875}
{"event": "step", "step": 143000, "loss": 4.5116, "lr": 0.0007678043585896832, "gnorm": 2.509, "tok_per_s": 241343.1, "load": 7.69482421875}
{"event": "step", "step": 143100, "loss": 4.5681, "lr": 0.0007661283177777303, "gnorm": 1.646, "tok_per_s": 241412.6, "load": 7.47900390625}
{"event": "step", "step": 143200, "loss": 4.8464, "lr": 0.0007644546580665339, "gnorm": 2.149, "tok_per_s": 241329.6, "load": 7.2001953125}
{"event": "step", "step": 143300, "loss": 4.6401, "lr": 0.0007627833839648391, "gnorm": 1.754, "tok_per_s": 241618.8, "load": 7.2001953125}
{"event": "step", "step": 143400, "loss": 4.6048, "lr": 0.0007611144999749652, "gnorm": 1.807, "tok_per_s": 241482.7, "load": 6.94384765625}
{"event": "step", "step": 143500, "loss": 4.4253, "lr": 0.0007594480105927913, "gnorm": 2.143, "tok_per_s": 241282.9, "load": 6.7080078125}
{"event": "step", "step": 143600, "loss": 4.5328, "lr": 0.0007577839203077469, "gnorm": 2.445, "tok_per_s": 241397.6, "load": 6.7080078125}
{"event": "step", "step": 143700, "loss": 4.7086, "lr": 0.0007561222336027985, "gnorm": 1.906, "tok_per_s": 241505.8, "load": 6.49072265625}
{"event": "step", "step": 143800, "loss": 4.5818, "lr": 0.0007544629549544355, "gnorm": 2.283, "tok_per_s": 241477.0, "load": 6.291015625}
{"event": "step", "step": 143900, "loss": 4.5776, "lr": 0.0007528060888326631, "gnorm": 1.83, "tok_per_s": 241474.6, "load": 6.291015625}
{"event": "step", "step": 144000, "loss": 4.5873, "lr": 0.0007511516397009842, "gnorm": 1.784, "tok_per_s": 241592.2, "load": 6.267578125}
{"event": "step", "step": 144100, "loss": 4.5753, "lr": 0.0007494996120163934, "gnorm": 1.644, "tok_per_s": 241484.6, "load": 6.0859375}
{"event": "step", "step": 144200, "loss": 4.5374, "lr": 0.0007478500102293598, "gnorm": 1.985, "tok_per_s": 241475.6, "load": 6.0859375}
{"event": "step", "step": 144300, "loss": 4.6365, "lr": 0.0007462028387838186, "gnorm": 1.592, "tok_per_s": 241325.4, "load": 6.07861328125}
{"event": "step", "step": 144400, "loss": 4.4562, "lr": 0.0007445581021171566, "gnorm": 1.922, "tok_per_s": 241472.9, "load": 5.9921875}
{"event": "step", "step": 144500, "loss": 4.5923, "lr": 0.0007429158046602033, "gnorm": 2.137, "tok_per_s": 241398.9, "load": 5.9921875}
{"event": "step", "step": 144600, "loss": 4.6192, "lr": 0.0007412759508372147, "gnorm": 2.715, "tok_per_s": 241557.7, "load": 5.83251953125}
{"event": "step", "step": 144700, "loss": 4.5725, "lr": 0.0007396385450658661, "gnorm": 2.05, "tok_per_s": 241551.4, "load": 5.765625}
{"event": "step", "step": 144800, "loss": 4.5866, "lr": 0.0007380035917572361, "gnorm": 1.856, "tok_per_s": 241536.5, "load": 5.765625}
{"event": "step", "step": 144900, "loss": 4.4312, "lr": 0.0007363710953157979, "gnorm": 2.017, "tok_per_s": 241562.3, "load": 6.02490234375}
{"event": "step", "step": 145000, "loss": 4.6665, "lr": 0.0007347410601394047, "gnorm": 2.056, "tok_per_s": 241406.3, "load": 6.42333984375}
{"event": "step", "step": 145100, "loss": 4.7439, "lr": 0.0007331134906192806, "gnorm": 1.827, "tok_per_s": 217491.8, "load": 6.22900390625}
{"event": "step", "step": 145200, "loss": 4.7048, "lr": 0.0007314883911400059, "gnorm": 2.011, "tok_per_s": 241364.7, "load": 6.22900390625}
{"event": "step", "step": 145300, "loss": 4.4933, "lr": 0.0007298657660795083, "gnorm": 1.798, "tok_per_s": 241198.6, "load": 6.05029296875}
{"event": "step", "step": 145400, "loss": 4.592, "lr": 0.0007282456198090478, "gnorm": 1.87, "tok_per_s": 240908.1, "load": 5.8857421875}
{"event": "step", "step": 145500, "loss": 4.6455, "lr": 0.0007266279566932086, "gnorm": 2.327, "tok_per_s": 241143.9, "load": 5.8857421875}
{"event": "step", "step": 145600, "loss": 4.7636, "lr": 0.0007250127810898834, "gnorm": 1.835, "tok_per_s": 241495.2, "load": 5.97509765625}
{"event": "step", "step": 145700, "loss": 4.414, "lr": 0.0007234000973502659, "gnorm": 1.505, "tok_per_s": 241647.3, "load": 5.89697265625}
{"event": "step", "step": 145800, "loss": 4.7921, "lr": 0.0007217899098188343, "gnorm": 1.797, "tok_per_s": 241418.2, "load": 5.89697265625}
{"event": "step", "step": 145900, "loss": 4.5489, "lr": 0.0007201822228333444, "gnorm": 1.953, "tok_per_s": 241309.6, "load": 5.74462890625}
{"event": "step", "step": 146000, "loss": 4.6296, "lr": 0.0007185770407248153, "gnorm": 2.045, "tok_per_s": 241259.5, "load": 5.6044921875}
{"event": "step", "step": 146100, "loss": 4.5588, "lr": 0.0007169743678175164, "gnorm": 2.369, "tok_per_s": 241354.4, "load": 5.6044921875}
{"event": "step", "step": 146200, "loss": 4.8269, "lr": 0.0007153742084289597, "gnorm": 1.925, "tok_per_s": 241522.6, "load": 5.4755859375}
{"event": "step", "step": 146300, "loss": 4.7987, "lr": 0.000713776566869884, "gnorm": 2.618, "tok_per_s": 241565.4, "load": 5.51806640625}
{"event": "step", "step": 146400, "loss": 4.515, "lr": 0.0007121814474442468, "gnorm": 1.746, "tok_per_s": 241552.0, "load": 5.51806640625}
{"event": "step", "step": 146500, "loss": 4.5012, "lr": 0.0007105888544492098, "gnorm": 2.023, "tok_per_s": 241450.9, "load": 5.396484375}
{"event": "step", "step": 146600, "loss": 4.4734, "lr": 0.0007089987921751299, "gnorm": 2.216, "tok_per_s": 241442.1, "load": 5.2841796875}
{"event": "step", "step": 146700, "loss": 4.4687, "lr": 0.000707411264905545, "gnorm": 2.17, "tok_per_s": 241139.2, "load": 5.2841796875}
{"event": "step", "step": 146800, "loss": 4.4846, "lr": 0.0007058262769171653, "gnorm": 1.97, "tok_per_s": 241332.7, "load": 5.341796875}
{"event": "step", "step": 146900, "loss": 4.6563, "lr": 0.0007042438324798587, "gnorm": 2.275, "tok_per_s": 241338.6, "load": 5.23388671875}
{"event": "step", "step": 147000, "loss": 4.5349, "lr": 0.0007026639358566429, "gnorm": 1.706, "tok_per_s": 241354.6, "load": 5.23388671875}
{"event": "step", "step": 147100, "loss": 4.6073, "lr": 0.0007010865913036695, "gnorm": 1.827, "tok_per_s": 241247.1, "load": 5.134765625}
{"event": "step", "step": 147200, "loss": 4.4249, "lr": 0.0006995118030702176, "gnorm": 1.902, "tok_per_s": 241323.6, "load": 5.04345703125}
{"event": "step", "step": 147300, "loss": 4.4202, "lr": 0.0006979395753986772, "gnorm": 2.233, "tok_per_s": 241421.8, "load": 7.2822265625}
{"event": "step", "step": 147400, "loss": 4.5879, "lr": 0.0006963699125245428, "gnorm": 2.143, "tok_per_s": 241192.4, "load": 7.2822265625}
{"event": "step", "step": 147500, "loss": 4.5368, "lr": 0.0006948028186763969, "gnorm": 2.188, "tok_per_s": 241385.0, "load": 7.01904296875}
{"event": "step", "step": 147600, "loss": 4.5745, "lr": 0.0006932382980759035, "gnorm": 1.843, "tok_per_s": 241333.5, "load": 6.85693359375}
{"event": "step", "step": 147700, "loss": 4.6616, "lr": 0.0006916763549377925, "gnorm": 1.669, "tok_per_s": 241281.8, "load": 6.85693359375}
{"event": "step", "step": 147800, "loss": 4.5992, "lr": 0.0006901169934698518, "gnorm": 2.184, "tok_per_s": 241325.3, "load": 6.7080078125}
{"event": "step", "step": 147900, "loss": 4.5716, "lr": 0.0006885602178729133, "gnorm": 1.848, "tok_per_s": 241193.0, "load": 7.4521484375}
{"event": "step", "step": 148000, "loss": 4.5297, "lr": 0.0006870060323408437, "gnorm": 1.842, "tok_per_s": 241251.3, "load": 7.4521484375}
{"event": "step", "step": 148100, "loss": 4.5887, "lr": 0.0006854544410605313, "gnorm": 1.863, "tok_per_s": 241375.5, "load": 7.33544921875}
{"event": "step", "step": 148200, "loss": 4.7037, "lr": 0.0006839054482118758, "gnorm": 2.033, "tok_per_s": 241315.7, "load": 7.46875}
{"event": "step", "step": 148300, "loss": 4.6311, "lr": 0.0006823590579677779, "gnorm": 2.105, "tok_per_s": 241512.4, "load": 7.46875}
{"event": "step", "step": 148400, "loss": 4.4758, "lr": 0.0006808152744941253, "gnorm": 2.06, "tok_per_s": 241495.7, "load": 9.673828125}
{"event": "step", "step": 148500, "loss": 4.4926, "lr": 0.000679274101949785, "gnorm": 1.851, "tok_per_s": 241374.8, "load": 9.21923828125}
{"event": "step", "step": 148600, "loss": 4.4901, "lr": 0.0006777355444865886, "gnorm": 2.12, "tok_per_s": 241386.0, "load": 9.21923828125}
{"event": "step", "step": 148700, "loss": 4.5396, "lr": 0.0006761996062493242, "gnorm": 1.894, "tok_per_s": 241339.8, "load": 8.80126953125}
{"event": "step", "step": 148800, "loss": 4.638, "lr": 0.0006746662913757228, "gnorm": 1.869, "tok_per_s": 241426.0, "load": 8.41650390625}
{"event": "step", "step": 148900, "loss": 4.5781, "lr": 0.0006731356039964496, "gnorm": 1.598, "tok_per_s": 241389.8, "load": 8.41650390625}
{"event": "step", "step": 149000, "loss": 4.6623, "lr": 0.0006716075482350893, "gnorm": 1.646, "tok_per_s": 241247.4, "load": 8.0625}
{"event": "step", "step": 149100, "loss": 4.6847, "lr": 0.0006700821282081392, "gnorm": 2.097, "tok_per_s": 241351.3, "load": 7.73681640625}
{"event": "step", "step": 149200, "loss": 4.5931, "lr": 0.0006685593480249958, "gnorm": 1.766, "tok_per_s": 241451.8, "load": 7.73681640625}
{"event": "step", "step": 149300, "loss": 4.7618, "lr": 0.0006670392117879425, "gnorm": 2.274, "tok_per_s": 241390.3, "load": 7.4375}
{"event": "step", "step": 149400, "loss": 4.5613, "lr": 0.000665521723592142, "gnorm": 1.948, "tok_per_s": 241310.7, "load": 7.162109375}
{"event": "step", "step": 149500, "loss": 4.7357, "lr": 0.0006640068875256217, "gnorm": 1.725, "tok_per_s": 240706.1, "load": 7.162109375}
{"event": "step", "step": 149600, "loss": 4.5711, "lr": 0.0006624947076692657, "gnorm": 1.696, "tok_per_s": 241259.2, "load": 6.90869140625}
{"event": "step", "step": 149700, "loss": 4.395, "lr": 0.000660985188096801, "gnorm": 1.771, "tok_per_s": 241500.0, "load": 6.75537109375}
{"event": "step", "step": 149800, "loss": 4.4585, "lr": 0.0006594783328747895, "gnorm": 2.143, "tok_per_s": 241394.9, "load": 7.255859375}
{"event": "step", "step": 149900, "loss": 4.6235, "lr": 0.0006579741460626139, "gnorm": 2.265, "tok_per_s": 241046.9, "load": 7.255859375}
{"event": "step", "step": 150000, "loss": 4.4972, "lr": 0.0006564726317124697, "gnorm": 2.173, "tok_per_s": 241463.3, "load": 6.9951171875}
{"event": "step", "step": 150100, "loss": 4.3755, "lr": 0.0006549737938693521, "gnorm": 1.705, "tok_per_s": 218913.8, "load": 6.7548828125}
{"event": "step", "step": 150200, "loss": 4.5985, "lr": 0.0006534776365710462, "gnorm": 1.848, "tok_per_s": 241387.9, "load": 6.7548828125}
{"event": "step", "step": 150300, "loss": 4.6234, "lr": 0.0006519841638481163, "gnorm": 2.085, "tok_per_s": 241154.0, "load": 6.5341796875}
{"event": "step", "step": 150400, "loss": 4.4562, "lr": 0.0006504933797238934, "gnorm": 2.265, "tok_per_s": 241319.0, "load": 6.3310546875}
{"event": "step", "step": 150500, "loss": 4.5966, "lr": 0.0006490052882144673, "gnorm": 2.562, "tok_per_s": 241218.7, "load": 6.3310546875}
{"event": "step", "step": 150600, "loss": 4.5479, "lr": 0.0006475198933286723, "gnorm": 1.811, "tok_per_s": 241466.9, "load": 6.30419921875}
{"event": "step", "step": 150700, "loss": 4.4892, "lr": 0.0006460371990680796, "gnorm": 2.22, "tok_per_s": 241457.2, "load": 6.11962890625}
{"event": "step", "step": 150800, "loss": 4.4541, "lr": 0.0006445572094269835, "gnorm": 1.784, "tok_per_s": 241386.4, "load": 6.11962890625}
{"event": "step", "step": 150900, "loss": 4.5994, "lr": 0.0006430799283923943, "gnorm": 2.18, "tok_per_s": 241510.1, "load": 5.94970703125}
{"event": "step", "step": 151000, "loss": 4.7348, "lr": 0.0006416053599440231, "gnorm": 2.33, "tok_per_s": 241477.2, "load": 5.87353515625}
{"event": "step", "step": 151100, "loss": 4.5248, "lr": 0.0006401335080542753, "gnorm": 1.973, "tok_per_s": 241317.8, "load": 5.87353515625}
{"event": "step", "step": 151200, "loss": 4.6822, "lr": 0.0006386643766882375, "gnorm": 1.813, "tok_per_s": 241331.5, "load": 5.72314453125}
{"event": "step", "step": 151300, "loss": 4.5925, "lr": 0.0006371979698036668, "gnorm": 2.229, "tok_per_s": 241495.4, "load": 5.5849609375}
{"event": "step", "step": 151400, "loss": 4.6079, "lr": 0.0006357342913509815, "gnorm": 2.191, "tok_per_s": 241524.0, "load": 5.5849609375}
{"event": "step", "step": 151500, "loss": 4.56, "lr": 0.0006342733452732488, "gnorm": 1.977, "tok_per_s": 241489.8, "load": 5.4580078125}
{"event": "step", "step": 151600, "loss": 4.5068, "lr": 0.0006328151355061762, "gnorm": 1.859, "tok_per_s": 241487.7, "load": 5.3408203125}
{"event": "step", "step": 151700, "loss": 4.5341, "lr": 0.0006313596659780981, "gnorm": 1.836, "tok_per_s": 241217.1, "load": 5.3408203125}
{"event": "step", "step": 151800, "loss": 4.7592, "lr": 0.0006299069406099692, "gnorm": 2.216, "tok_per_s": 241168.6, "load": 5.3134765625}
{"event": "step", "step": 151900, "loss": 4.557, "lr": 0.0006284569633153487, "gnorm": 2.116, "tok_per_s": 241219.9, "load": 5.2080078125}
{"event": "step", "step": 152000, "loss": 4.7344, "lr": 0.0006270097380003953, "gnorm": 1.829, "tok_per_s": 241249.0, "load": 5.11083984375}
{"event": "step", "step": 152100, "loss": 4.7912, "lr": 0.000625565268563852, "gnorm": 2.476, "tok_per_s": 241246.8, "load": 5.11083984375}
{"event": "step", "step": 152200, "loss": 4.6699, "lr": 0.000624123558897039, "gnorm": 2.285, "tok_per_s": 241135.7, "load": 5.021484375}
{"event": "step", "step": 152300, "loss": 4.5672, "lr": 0.000622684612883841, "gnorm": 2.317, "tok_per_s": 241343.7, "load": 4.939453125}
{"event": "step", "step": 152400, "loss": 4.4944, "lr": 0.0006212484344006984, "gnorm": 2.566, "tok_per_s": 241442.5, "load": 4.939453125}
{"event": "step", "step": 152500, "loss": 4.4917, "lr": 0.0006198150273165946, "gnorm": 2.242, "tok_per_s": 241434.7, "load": 4.86376953125}
{"event": "step", "step": 152600, "loss": 4.7084, "lr": 0.0006183843954930487, "gnorm": 2.934, "tok_per_s": 241447.3, "load": 4.79443359375}
{"event": "step", "step": 152700, "loss": 4.5614, "lr": 0.0006169565427841027, "gnorm": 2.293, "tok_per_s": 241419.8, "load": 4.79443359375}
{"event": "step", "step": 152800, "loss": 4.4959, "lr": 0.000615531473036311, "gnorm": 2.618, "tok_per_s": 241456.8, "load": 4.73046875}
{"event": "step", "step": 152900, "loss": 4.5787, "lr": 0.0006141091900887325, "gnorm": 2.908, "tok_per_s": 241496.7, "load": 4.671875}
{"event": "step", "step": 153000, "loss": 4.5495, "lr": 0.0006126896977729168, "gnorm": 2.28, "tok_per_s": 241560.8, "load": 4.671875}
{"event": "step", "step": 153100, "loss": 4.5966, "lr": 0.0006112729999128974, "gnorm": 2.15, "tok_per_s": 241585.3, "load": 4.6982421875}
{"event": "step", "step": 153200, "loss": 4.7186, "lr": 0.0006098591003251784, "gnorm": 2.458, "tok_per_s": 241598.4, "load": 4.72265625}
{"event": "step", "step": 153300, "loss": 4.626, "lr": 0.0006084480028187264, "gnorm": 2.044, "tok_per_s": 241556.7, "load": 4.72265625}
{"event": "step", "step": 153400, "loss": 4.4792, "lr": 0.0006070397111949585, "gnorm": 1.815, "tok_per_s": 241591.5, "load": 4.66455078125}
{"event": "step", "step": 153500, "loss": 4.5648, "lr": 0.0006056342292477339, "gnorm": 2.05, "tok_per_s": 241474.9, "load": 4.611328125}
{"event": "step", "step": 153600, "loss": 4.3284, "lr": 0.0006042315607633417, "gnorm": 2.051, "tok_per_s": 241576.5, "load": 4.611328125}
{"event": "step", "step": 153700, "loss": 4.565, "lr": 0.0006028317095204926, "gnorm": 1.842, "tok_per_s": 241521.0, "load": 4.56201171875}
{"event": "step", "step": 153800, "loss": 4.3978, "lr": 0.0006014346792903068, "gnorm": 2.014, "tok_per_s": 241474.7, "load": 4.59716796875}
{"event": "step", "step": 153900, "loss": 4.7035, "lr": 0.000600040473836306, "gnorm": 2.257, "tok_per_s": 241505.7, "load": 4.59716796875}
{"event": "step", "step": 154000, "loss": 4.5451, "lr": 0.000598649096914401, "gnorm": 1.819, "tok_per_s": 241408.8, "load": 4.54931640625}
{"event": "step", "step": 154100, "loss": 4.5923, "lr": 0.0005972605522728838, "gnorm": 2.271, "tok_per_s": 241379.3, "load": 4.5048828125}
{"event": "step", "step": 154200, "loss": 4.4849, "lr": 0.0005958748436524153, "gnorm": 1.859, "tok_per_s": 241419.5, "load": 4.5048828125}
{"event": "step", "step": 154300, "loss": 4.4877, "lr": 0.0005944919747860171, "gnorm": 3.039, "tok_per_s": 241262.2, "load": 4.544921875}
{"event": "step", "step": 154400, "loss": 4.4631, "lr": 0.0005931119493990601, "gnorm": 2.718, "tok_per_s": 241530.2, "load": 4.74169921875}
{"event": "step", "step": 154500, "loss": 4.5755, "lr": 0.000591734771209256, "gnorm": 1.738, "tok_per_s": 241596.7, "load": 4.74169921875}
{"event": "step", "step": 154600, "loss": 4.5145, "lr": 0.0005903604439266446, "gnorm": 2.006, "tok_per_s": 241575.9, "load": 4.7626953125}
{"event": "step", "step": 154700, "loss": 4.6481, "lr": 0.0005889889712535875, "gnorm": 2.185, "tok_per_s": 241396.1, "load": 4.78173828125}
{"event": "step", "step": 154800, "loss": 4.7351, "lr": 0.0005876203568847545, "gnorm": 2.578, "tok_per_s": 241282.4, "load": 4.71875}
{"event": "step", "step": 154900, "loss": 4.5038, "lr": 0.0005862546045071163, "gnorm": 2.163, "tok_per_s": 241209.8, "load": 4.71875}
{"event": "step", "step": 155000, "loss": 4.4015, "lr": 0.0005848917177999336, "gnorm": 1.761, "tok_per_s": 241477.5, "load": 4.74169921875}
{"event": "step", "step": 155100, "loss": 4.4509, "lr": 0.0005835317004347459, "gnorm": 2.155, "tok_per_s": 219119.9, "load": 4.68212890625}
{"event": "step", "step": 155200, "loss": 4.5597, "lr": 0.0005821745560753648, "gnorm": 1.861, "tok_per_s": 241361.0, "load": 4.68212890625}
{"event": "step", "step": 155300, "loss": 4.5873, "lr": 0.00058082028837786, "gnorm": 2.105, "tok_per_s": 241477.8, "load": 4.62744140625}
{"event": "step", "step": 155400, "loss": 4.5416, "lr": 0.0005794689009905536, "gnorm": 2.213, "tok_per_s": 241500.7, "load": 4.5771484375}
{"event": "step", "step": 155500, "loss": 4.509, "lr": 0.000578120397554007, "gnorm": 2.193, "tok_per_s": 241561.8, "load": 4.5771484375}
{"event": "step", "step": 155600, "loss": 4.6375, "lr": 0.000576774781701013, "gnorm": 2.277, "tok_per_s": 241586.3, "load": 4.611328125}
{"event": "step", "step": 155700, "loss": 4.5939, "lr": 0.0005754320570565852, "gnorm": 2.146, "tok_per_s": 241499.2, "load": 4.802734375}
{"event": "step", "step": 155800, "loss": 4.59, "lr": 0.0005740922272379487, "gnorm": 2.151, "tok_per_s": 241294.6, "load": 4.802734375}
{"event": "step", "step": 155900, "loss": 4.5533, "lr": 0.0005727552958545297, "gnorm": 2.213, "tok_per_s": 241111.3, "load": 4.89892578125}
{"event": "step", "step": 156000, "loss": 4.5142, "lr": 0.0005714212665079467, "gnorm": 2.097, "tok_per_s": 241168.4, "load": 4.9072265625}
{"event": "step", "step": 156100, "loss": 4.6436, "lr": 0.0005700901427919991, "gnorm": 2.106, "tok_per_s": 241328.4, "load": 4.9072265625}
{"event": "step", "step": 156200, "loss": 4.5573, "lr": 0.0005687619282926608, "gnorm": 2.029, "tok_per_s": 241347.3, "load": 4.83447265625}
{"event": "step", "step": 156300, "loss": 4.5577, "lr": 0.0005674366265880662, "gnorm": 1.831, "tok_per_s": 241596.8, "load": 4.84814453125}
{"event": "step", "step": 156400, "loss": 4.6124, "lr": 0.0005661142412485046, "gnorm": 1.888, "tok_per_s": 241621.5, "load": 4.84814453125}
{"event": "step", "step": 156500, "loss": 4.7275, "lr": 0.000564794775836407, "gnorm": 3.411, "tok_per_s": 240832.3, "load": 4.9404296875}
{"event": "step", "step": 156600, "loss": 4.5763, "lr": 0.0005634782339063402, "gnorm": 2.219, "tok_per_s": 241381.8, "load": 4.86474609375}
{"event": "step", "step": 156700, "loss": 4.6203, "lr": 0.0005621646190049937, "gnorm": 2.568, "tok_per_s": 241545.4, "load": 4.86474609375}
{"event": "step", "step": 156800, "loss": 4.5341, "lr": 0.0005608539346711729, "gnorm": 1.952, "tok_per_s": 241530.7, "load": 4.79541015625}
{"event": "step", "step": 156900, "loss": 4.5658, "lr": 0.0005595461844357871, "gnorm": 1.952, "tok_per_s": 241463.3, "load": 4.7314453125}
{"event": "step", "step": 157000, "loss": 4.5953, "lr": 0.0005582413718218431, "gnorm": 2.047, "tok_per_s": 241540.0, "load": 4.6728515625}
{"event": "step", "step": 157100, "loss": 4.4717, "lr": 0.0005569395003444321, "gnorm": 2.06, "tok_per_s": 241496.6, "load": 4.6728515625}
{"event": "step", "step": 157200, "loss": 4.6296, "lr": 0.0005556405735107233, "gnorm": 2.262, "tok_per_s": 241596.9, "load": 4.61865234375}
{"event": "step", "step": 157300, "loss": 4.4463, "lr": 0.0005543445948199531, "gnorm": 2.733, "tok_per_s": 241343.3, "load": 4.7294921875}
{"event": "step", "step": 157400, "loss": 4.8175, "lr": 0.0005530515677634144, "gnorm": 2.214, "tok_per_s": 241371.4, "load": 4.7294921875}
{"event": "step", "step": 157500, "loss": 4.6373, "lr": 0.000551761495824451, "gnorm": 2.146, "tok_per_s": 241388.4, "load": 6.99365234375}
{"event": "step", "step": 157600, "loss": 4.5639, "lr": 0.0005504743824784428, "gnorm": 2.686, "tok_per_s": 241398.7, "load": 6.833984375}
{"event": "step", "step": 157700, "loss": 4.5134, "lr": 0.0005491902311928025, "gnorm": 2.133, "tok_per_s": 241528.5, "load": 6.833984375}
{"event": "step", "step": 157800, "loss": 4.4959, "lr": 0.0005479090454269603, "gnorm": 2.278, "tok_per_s": 241558.8, "load": 6.68701171875}
{"event": "step", "step": 157900, "loss": 4.795, "lr": 0.00054663082863236, "gnorm": 2.318, "tok_per_s": 241355.8, "load": 9.35498046875}
{"event": "step", "step": 158000, "loss": 4.5766, "lr": 0.000545355584252445, "gnorm": 2.07, "tok_per_s": 241381.6, "load": 9.35498046875}
{"event": "step", "step": 158100, "loss": 4.5263, "lr": 0.000544083315722653, "gnorm": 2.635, "tok_per_s": 241323.3, "load": 9.005859375}
{"event": "step", "step": 158200, "loss": 4.5658, "lr": 0.0005428140264704035, "gnorm": 2.69, "tok_per_s": 241403.7, "load": 8.84521484375}
{"event": "step", "step": 158300, "loss": 4.6663, "lr": 0.0005415477199150912, "gnorm": 2.225, "tok_per_s": 241241.2, "load": 8.84521484375}
{"event": "step", "step": 158400, "loss": 4.6907, "lr": 0.0005402843994680739, "gnorm": 1.97, "tok_per_s": 241364.1, "load": 8.6171875}
{"event": "step", "step": 158500, "loss": 4.5856, "lr": 0.0005390240685326671, "gnorm": 2.182, "tok_per_s": 241413.0, "load": 8.4072265625}
{"event": "step", "step": 158600, "loss": 4.5296, "lr": 0.000537766730504131, "gnorm": 2.273, "tok_per_s": 241244.3, "load": 8.4072265625}
{"event": "step", "step": 158700, "loss": 4.4076, "lr": 0.0005365123887696645, "gnorm": 2.049, "tok_per_s": 241536.2, "load": 8.13427734375}
{"event": "step", "step": 158800, "loss": 4.6111, "lr": 0.000535261046708393, "gnorm": 2.163, "tok_per_s": 241533.8, "load": 7.8828125}
{"event": "step", "step": 158900, "loss": 4.4188, "lr": 0.0005340127076913627, "gnorm": 2.822, "tok_per_s": 241561.4, "load": 7.8828125}
{"event": "step", "step": 159000, "loss": 4.6543, "lr": 0.000532767375081528, "gnorm": 2.566, "tok_per_s": 241530.6, "load": 7.73193359375}
{"event": "step", "step": 159100, "loss": 4.7263, "lr": 0.0005315250522337461, "gnorm": 2.624, "tok_per_s": 241668.0, "load": 7.5126953125}
{"event": "step", "step": 159200, "loss": 4.4409, "lr": 0.0005302857424947643, "gnorm": 3.01, "tok_per_s": 241535.5, "load": 7.5126953125}
{"event": "step", "step": 159300, "loss": 4.6652, "lr": 0.0005290494492032142, "gnorm": 2.746, "tok_per_s": 241686.2, "load": 7.23095703125}
{"event": "step", "step": 159400, "loss": 4.6075, "lr": 0.0005278161756896, "gnorm": 2.241, "tok_per_s": 241547.0, "load": 7.05224609375}
{"event": "step", "step": 159500, "loss": 4.5252, "lr": 0.0005265859252762918, "gnorm": 2.42, "tok_per_s": 241723.4, "load": 6.8876953125}
{"event": "step", "step": 159600, "loss": 4.7457, "lr": 0.0005253587012775154, "gnorm": 2.189, "tok_per_s": 241609.6, "load": 6.8876953125}
{"event": "step", "step": 159700, "loss": 4.5259, "lr": 0.0005241345069993429, "gnorm": 2.118, "tok_per_s": 241640.1, "load": 6.65625}
{"event": "step", "step": 159800, "loss": 4.4589, "lr": 0.0005229133457396855, "gnorm": 1.518, "tok_per_s": 241587.3, "load": 6.443359375}
{"event": "step", "step": 159900, "loss": 4.6321, "lr": 0.0005216952207882829, "gnorm": 1.979, "tok_per_s": 241434.0, "load": 6.443359375}
{"event": "step", "step": 160000, "loss": 4.6295, "lr": 0.0005204801354266958, "gnorm": 2.206, "tok_per_s": 241618.2, "load": 6.32763671875}
eval 160000 {'bpb': 1.5006210530096566, 'nats_per_token': 4.524553162586239, 'tokens': 16379, 'bytes': 71247}
{"event": "step", "step": 160100, "loss": 4.752, "lr": 0.0005192680929282955, "gnorm": 2.313, "tok_per_s": 215488.8, "load": 6.14111328125}
{"event": "step", "step": 160200, "loss": 4.4293, "lr": 0.0005180590965582572, "gnorm": 2.04, "tok_per_s": 241329.8, "load": 6.14111328125}
{"event": "step", "step": 160300, "loss": 4.5799, "lr": 0.0005168531495735485, "gnorm": 2.92, "tok_per_s": 241275.2, "load": 5.96923828125}
{"event": "step", "step": 160400, "loss": 4.626, "lr": 0.0005156502552229237, "gnorm": 2.656, "tok_per_s": 241311.1, "load": 5.8916015625}
{"event": "step", "step": 160500, "loss": 4.4776, "lr": 0.0005144504167469123, "gnorm": 2.138, "tok_per_s": 241289.7, "load": 5.8916015625}
{"event": "step", "step": 160600, "loss": 4.3708, "lr": 0.0005132536373778122, "gnorm": 2.37, "tok_per_s": 241342.7, "load": 5.900390625}
{"event": "step", "step": 160700, "loss": 4.5197, "lr": 0.0005120599203396795, "gnorm": 2.402, "tok_per_s": 241332.7, "load": 5.748046875}
{"event": "step", "step": 160800, "loss": 4.7336, "lr": 0.0005108692688483215, "gnorm": 2.71, "tok_per_s": 241359.7, "load": 5.748046875}
{"event": "step", "step": 160900, "loss": 4.7031, "lr": 0.000509681686111286, "gnorm": 2.096, "tok_per_s": 241389.9, "load": 5.60791015625}
{"event": "step", "step": 161000, "loss": 4.5362, "lr": 0.000508497175327855, "gnorm": 1.958, "tok_per_s": 241297.1, "load": 5.55908203125}
{"event": "step", "step": 161100, "loss": 4.506, "lr": 0.0005073157396890333, "gnorm": 3.215, "tok_per_s": 241196.0, "load": 5.55908203125}
{"event": "step", "step": 161200, "loss": 4.3568, "lr": 0.0005061373823775431, "gnorm": 2.142, "tok_per_s": 241292.0, "load": 5.51416015625}
{"event": "step", "step": 161300, "loss": 4.4417, "lr": 0.0005049621065678122, "gnorm": 2.577, "tok_per_s": 241332.3, "load": 5.55322265625}
{"event": "step", "step": 161400, "loss": 4.5343, "lr": 0.0005037899154259684, "gnorm": 2.215, "tok_per_s": 241341.3, "load": 5.55322265625}
{"event": "step", "step": 161500, "loss": 4.5759, "lr": 0.0005026208121098283, "gnorm": 1.888, "tok_per_s": 241219.2, "load": 5.4287109375}
{"event": "step", "step": 161600, "loss": 4.589, "lr": 0.0005014547997688914, "gnorm": 2.752, "tok_per_s": 241317.6, "load": 5.31396484375}
{"event": "step", "step": 161700, "loss": 4.5905, "lr": 0.0005002918815443287, "gnorm": 3.057, "tok_per_s": 241344.0, "load": 5.20849609375}
{"event": "step", "step": 161800, "loss": 4.5938, "lr": 0.0004991320605689771, "gnorm": 2.387, "tok_per_s": 241312.1, "load": 5.20849609375}
{"event": "step", "step": 161900, "loss": 4.6134, "lr": 0.0004979753399673298, "gnorm": 2.611, "tok_per_s": 241292.2, "load": 5.111328125}
{"event": "step", "step": 162000, "loss": 4.4674, "lr": 0.0004968217228555265, "gnorm": 3.047, "tok_per_s": 241330.2, "load": 5.02197265625}
{"event": "step", "step": 162100, "loss": 4.4322, "lr": 0.0004956712123413475, "gnorm": 3.477, "tok_per_s": 241198.4, "load": 5.02197265625}
{"event": "step", "step": 162200, "loss": 4.4473, "lr": 0.0004945238115242031, "gnorm": 2.24, "tok_per_s": 241107.8, "load": 4.93994140625}
{"event": "step", "step": 162300, "loss": 4.6518, "lr": 0.0004933795234951273, "gnorm": 2.613, "tok_per_s": 241223.2, "load": 4.8642578125}
{"event": "step", "step": 162400, "loss": 4.6271, "lr": 0.0004922383513367677, "gnorm": 2.198, "tok_per_s": 241181.9, "load": 4.8642578125}
{"event": "step", "step": 162500, "loss": 4.7492, "lr": 0.0004911002981233782, "gnorm": 2.727, "tok_per_s": 241224.6, "load": 4.87548828125}
{"event": "step", "step": 162600, "loss": 4.4637, "lr": 0.0004899653669208098, "gnorm": 2.082, "tok_per_s": 241217.7, "load": 4.9658203125}
{"event": "step", "step": 162700, "loss": 4.4983, "lr": 0.0004888335607865046, "gnorm": 2.552, "tok_per_s": 241314.1, "load": 4.9658203125}
{"event": "step", "step": 162800, "loss": 4.4555, "lr": 0.00048770488276948364, "gnorm": 2.001, "tok_per_s": 241114.5, "load": 4.96875}
{"event": "step", "step": 162900, "loss": 4.3859, "lr": 0.0004865793359103434, "gnorm": 3.052, "tok_per_s": 241198.3, "load": 4.9716796875}
{"event": "step", "step": 163000, "loss": 4.611, "lr": 0.00048545692324124295, "gnorm": 2.828, "tok_per_s": 241139.9, "load": 4.9716796875}
{"event": "step", "step": 163100, "loss": 4.6404, "lr": 0.00048433764778590006, "gnorm": 2.165, "tok_per_s": 241333.4, "load": 5.05419921875}
{"event": "step", "step": 163200, "loss": 4.5155, "lr": 0.00048322151255957913, "gnorm": 2.497, "tok_per_s": 241342.8, "load": 4.9697265625}
{"event": "step", "step": 163300, "loss": 4.5133, "lr": 0.00048210852056908667, "gnorm": 2.475, "tok_per_s": 241339.5, "load": 4.9697265625}
{"event": "step", "step": 163400, "loss": 4.6524, "lr": 0.00048099867481276004, "gnorm": 2.333, "tok_per_s": 241237.6, "load": 4.8916015625}
{"event": "step", "step": 163500, "loss": 4.4224, "lr": 0.00047989197828046215, "gnorm": 2.283, "tok_per_s": 241234.7, "load": 4.900390625}
{"event": "step", "step": 163600, "loss": 4.592, "lr": 0.0004787884339535706, "gnorm": 2.766, "tok_per_s": 241269.4, "load": 4.900390625}
{"event": "step", "step": 163700, "loss": 4.5623, "lr": 0.0004776880448049728, "gnorm": 2.305, "tok_per_s": 241187.0, "load": 4.90869140625}
{"event": "step", "step": 163800, "loss": 4.7453, "lr": 0.0004765908137990547, "gnorm": 1.986, "tok_per_s": 241188.2, "load": 4.916015625}
{"event": "step", "step": 163900, "loss": 4.6355, "lr": 0.00047549674389169586, "gnorm": 2.402, "tok_per_s": 240994.2, "load": 4.916015625}
{"event": "step", "step": 164000, "loss": 4.6346, "lr": 0.0004744058380302584, "gnorm": 2.393, "tok_per_s": 240905.8, "load": 4.84228515625}
{"event": "step", "step": 164100, "loss": 4.481, "lr": 0.000473318099153582, "gnorm": 2.922, "tok_per_s": 240856.8, "load": 4.7744140625}
{"event": "step", "step": 164200, "loss": 4.4133, "lr": 0.0004722335301919746, "gnorm": 2.218, "tok_per_s": 241370.1, "load": 4.79248046875}
{"event": "step", "step": 164300, "loss": 4.621, "lr": 0.00047115213406720327, "gnorm": 2.586, "tok_per_s": 241275.2, "load": 4.79248046875}
{"event": "step", "step": 164400, "loss": 4.5482, "lr": 0.0004700739136924894, "gnorm": 2.454, "tok_per_s": 241211.7, "load": 4.8095703125}
{"event": "step", "step": 164500, "loss": 4.6899, "lr": 0.00046899887197249766, "gnorm": 2.522, "tok_per_s": 241213.6, "load": 4.74462890625}
{"event": "step", "step": 164600, "loss": 4.6586, "lr": 0.0004679270118033306, "gnorm": 2.491, "tok_per_s": 241238.9, "load": 4.74462890625}
{"event": "step", "step": 164700, "loss": 4.3355, "lr": 0.0004668583360725189, "gnorm": 2.295, "tok_per_s": 241081.6, "load": 4.76513671875}
{"event": "step", "step": 164800, "loss": 4.5208, "lr": 0.0004657928476590157, "gnorm": 2.369, "tok_per_s": 241175.1, "load": 4.70361328125}
{"event": "step", "step": 164900, "loss": 4.525, "lr": 0.00046473054943318645, "gnorm": 2.157, "tok_per_s": 240752.2, "load": 4.70361328125}
{"event": "step", "step": 165000, "loss": 4.5832, "lr": 0.0004636714442568031, "gnorm": 2.144, "tok_per_s": 241155.7, "load": 4.7275390625}
{"event": "step", "step": 165100, "loss": 4.482, "lr": 0.00046261553498303616, "gnorm": 2.517, "tok_per_s": 218383.6, "load": 4.74951171875}
{"event": "step", "step": 165200, "loss": 4.5247, "lr": 0.00046156282445644533, "gnorm": 2.13, "tok_per_s": 241109.5, "load": 4.74951171875}
{"event": "step", "step": 165300, "loss": 4.4429, "lr": 0.0004605133155129744, "gnorm": 2.949, "tok_per_s": 241097.4, "load": 4.689453125}
{"event": "step", "step": 165400, "loss": 4.5082, "lr": 0.0004594670109799409, "gnorm": 2.479, "tok_per_s": 240701.5, "load": 4.6337890625}
{"event": "step", "step": 165500, "loss": 4.5161, "lr": 0.0004584239136760314, "gnorm": 2.218, "tok_per_s": 241207.4, "load": 4.6337890625}
{"event": "step", "step": 165600, "loss": 4.8176, "lr": 0.0004573840264112906, "gnorm": 3.347, "tok_per_s": 241029.5, "load": 4.66357421875}
{"event": "step", "step": 165700, "loss": 4.5991, "lr": 0.0004563473519871174, "gnorm": 2.718, "tok_per_s": 241002.8, "load": 4.6103515625}
{"event": "step", "step": 165800, "loss": 4.4987, "lr": 0.00045531389319625393, "gnorm": 3.239, "tok_per_s": 241209.8, "load": 4.6103515625}
{"event": "step", "step": 165900, "loss": 4.538, "lr": 0.0004542836528227803, "gnorm": 2.824, "tok_per_s": 241407.3, "load": 4.6416015625}
{"event": "step", "step": 166000, "loss": 4.5634, "lr": 0.00045325663364210685, "gnorm": 2.586, "tok_per_s": 241478.6, "load": 4.67041015625}
{"event": "step", "step": 166100, "loss": 4.6071, "lr": 0.00045223283842096514, "gnorm": 2.577, "tok_per_s": 241479.6, "load": 4.67041015625}
{"event": "step", "step": 166200, "loss": 4.5877, "lr": 0.0004512122699174024, "gnorm": 2.494, "tok_per_s": 241460.9, "load": 4.61669921875}
{"event": "step", "step": 166300, "loss": 4.558, "lr": 0.0004501949308807727, "gnorm": 2.511, "tok_per_s": 241369.8, "load": 4.56689453125}
{"event": "step", "step": 166400, "loss": 4.6966, "lr": 0.0004491808240517305, "gnorm": 3.332, "tok_per_s": 241239.3, "load": 4.521484375}
{"event": "step", "step": 166500, "loss": 4.6138, "lr": 0.0004481699521622226, "gnorm": 2.561, "tok_per_s": 241255.5, "load": 4.521484375}
{"event": "step", "step": 166600, "loss": 4.4772, "lr": 0.0004471623179354818, "gnorm": 2.52, "tok_per_s": 241345.2, "load": 4.56005859375}
{"event": "step", "step": 166700, "loss": 4.5605, "lr": 0.000446157924086017, "gnorm": 1.855, "tok_per_s": 241296.9, "load": 4.595703125}
{"event": "step", "step": 166800, "loss": 4.4209, "lr": 0.00044515677331961027, "gnorm": 2.015, "tok_per_s": 241127.8, "load": 4.595703125}
{"event": "step", "step": 166900, "loss": 4.4187, "lr": 0.00044415886833330467, "gnorm": 2.224, "tok_per_s": 241066.8, "load": 4.62841796875}
{"event": "step", "step": 167000, "loss": 4.7327, "lr": 0.00044316421181540074, "gnorm": 2.498, "tok_per_s": 241467.0, "load": 4.57763671875}
{"event": "step", "step": 167100, "loss": 4.5537, "lr": 0.0004421728064454474, "gnorm": 2.378, "tok_per_s": 241385.7, "load": 4.57763671875}
{"event": "step", "step": 167200, "loss": 4.5547, "lr": 0.0004411846548942348, "gnorm": 2.901, "tok_per_s": 241421.6, "load": 4.53125}
{"event": "step", "step": 167300, "loss": 4.5243, "lr": 0.00044019975982378815, "gnorm": 3.0, "tok_per_s": 241381.5, "load": 4.48828125}
{"event": "step", "step": 167400, "loss": 4.5173, "lr": 0.0004392181238873594, "gnorm": 2.524, "tok_per_s": 241424.0, "load": 4.48828125}
{"event": "step", "step": 167500, "loss": 4.7153, "lr": 0.0004382397497294208, "gnorm": 3.05, "tok_per_s": 241362.1, "load": 4.44873046875}
{"event": "step", "step": 167600, "loss": 4.5267, "lr": 0.0004372646399856572, "gnorm": 2.551, "tok_per_s": 241379.3, "load": 4.41259765625}
{"event": "step", "step": 167700, "loss": 4.5312, "lr": 0.0004362927972829602, "gnorm": 2.602, "tok_per_s": 241476.2, "load": 4.41259765625}
{"event": "step", "step": 167800, "loss": 4.5932, "lr": 0.00043532422423941876, "gnorm": 3.354, "tok_per_s": 241460.4, "load": 4.37939453125}
{"event": "step", "step": 167900, "loss": 4.5034, "lr": 0.0004343589234643152, "gnorm": 2.232, "tok_per_s": 241238.3, "load": 4.42919921875}
{"event": "step", "step": 168000, "loss": 4.5985, "lr": 0.0004333968975581147, "gnorm": 2.974, "tok_per_s": 241289.9, "load": 4.42919921875}
{"event": "step", "step": 168100, "loss": 4.5874, "lr": 0.0004324381491124621, "gnorm": 2.629, "tok_per_s": 241265.0, "load": 5.99658203125}
{"event": "step", "step": 168200, "loss": 4.482, "lr": 0.0004314826807101712, "gnorm": 2.683, "tok_per_s": 241215.9, "load": 8.3193359375}
{"event": "step", "step": 168300, "loss": 4.642, "lr": 0.0004305304949252209, "gnorm": 4.431, "tok_per_s": 241174.2, "load": 8.3193359375}
{"event": "step", "step": 168400, "loss": 4.6843, "lr": 0.00042958159432274586, "gnorm": 2.754, "tok_per_s": 241208.7, "load": 7.97314453125}
{"event": "step", "step": 168500, "loss": 4.6541, "lr": 0.00042863598145903114, "gnorm": 1.925, "tok_per_s": 241173.0, "load": 7.73486328125}
{"event": "step", "step": 168600, "loss": 4.5424, "lr": 0.00042769365888150517, "gnorm": 2.562, "tok_per_s": 241228.5, "load": 7.73486328125}
{"event": "step", "step": 168700, "loss": 4.4886, "lr": 0.00042675462912873175, "gnorm": 2.891, "tok_per_s": 241265.6, "load": 7.435546875}
{"event": "step", "step": 168800, "loss": 4.4915, "lr": 0.00042581889473040463, "gnorm": 4.264, "tok_per_s": 241371.2, "load": 7.16015625}
{"event": "step", "step": 168900, "loss": 4.6058, "lr": 0.0004248864582073396, "gnorm": 2.948, "tok_per_s": 241268.6, "load": 6.90673828125}
{"event": "step", "step": 169000, "loss": 4.4751, "lr": 0.00042395732207146865, "gnorm": 2.269, "tok_per_s": 241376.7, "load": 6.90673828125}
{"event": "step", "step": 169100, "loss": 4.5038, "lr": 0.0004230314888258321, "gnorm": 2.788, "tok_per_s": 241272.1, "load": 6.75390625}
{"event": "step", "step": 169200, "loss": 4.5073, "lr": 0.0004221089609645732, "gnorm": 2.214, "tok_per_s": 241172.8, "load": 9.33642578125}
{"event": "step", "step": 169300, "loss": 4.5812, "lr": 0.00042118974097292964, "gnorm": 2.355, "tok_per_s": 241105.9, "load": 9.33642578125}
{"event": "step", "step": 169400, "loss": 4.5111, "lr": 0.00042027383132722937, "gnorm": 2.668, "tok_per_s": 241265.2, "load": 8.90869140625}
{"event": "step", "step": 169500, "loss": 4.583, "lr": 0.000419361234494881, "gnorm": 3.132, "tok_per_s": 241223.9, "load": 8.51513671875}
{"event": "step", "step": 169600, "loss": 4.4096, "lr": 0.0004184519529343696, "gnorm": 2.796, "tok_per_s": 241301.0, "load": 8.51513671875}
{"event": "step", "step": 169700, "loss": 4.5205, "lr": 0.0004175459890952483, "gnorm": 3.158, "tok_per_s": 240918.3, "load": 8.2333984375}
{"event": "step", "step": 169800, "loss": 4.5713, "lr": 0.0004166433454181336, "gnorm": 2.647, "tok_per_s": 241444.5, "load": 8.05419921875}
{"event": "step", "step": 169900, "loss": 4.5104, "lr": 0.000415744024334696, "gnorm": 2.534, "tok_per_s": 241151.7, "load": 8.05419921875}
{"event": "step", "step": 170000, "loss": 4.4268, "lr": 0.00041484802826765704, "gnorm": 2.462, "tok_per_s": 240771.8, "load": 7.7294921875}
{"event": "step", "step": 170100, "loss": 4.4488, "lr": 0.00041395535963077907, "gnorm": 2.155, "tok_per_s": 218908.1, "load": 7.5107421875}
{"event": "step", "step": 170200, "loss": 4.6927, "lr": 0.00041306602082886193, "gnorm": 2.513, "tok_per_s": 241244.2, "load": 7.5107421875}
{"event": "step", "step": 170300, "loss": 4.5767, "lr": 0.0004121800142577342, "gnorm": 3.839, "tok_per_s": 241304.0, "load": 7.3095703125}
{"event": "step", "step": 170400, "loss": 4.4953, "lr": 0.000411297342304248, "gnorm": 2.46, "tok_per_s": 241360.1, "load": 7.12451171875}
{"event": "step", "step": 170500, "loss": 4.5226, "lr": 0.000410418007346272, "gnorm": 2.584, "tok_per_s": 241404.0, "load": 7.12451171875}
{"event": "step", "step": 170600, "loss": 4.6915, "lr": 0.0004095420117526855, "gnorm": 2.299, "tok_per_s": 241314.4, "load": 7.0341796875}
{"event": "step", "step": 170700, "loss": 4.5564, "lr": 0.00040866935788337106, "gnorm": 2.563, "tok_per_s": 241301.7, "load": 6.791015625}
{"event": "step", "step": 170800, "loss": 4.5603, "lr": 0.0004078000480892097, "gnorm": 2.895, "tok_per_s": 241228.2, "load": 6.791015625}
{"event": "step", "step": 170900, "loss": 4.67, "lr": 0.00040693408471207326, "gnorm": 3.215, "tok_per_s": 241156.5, "load": 7.68896484375}
{"event": "step", "step": 171000, "loss": 4.5327, "lr": 0.00040607147008481833, "gnorm": 2.456, "tok_per_s": 240897.0, "load": 8.91552734375}
{"event": "step", "step": 171100, "loss": 4.5732, "lr": 0.0004052122065312806, "gnorm": 3.713, "tok_per_s": 241310.7, "load": 8.521484375}
{"event": "step", "step": 171200, "loss": 4.6452, "lr": 0.0004043562963662674, "gnorm": 3.573, "tok_per_s": 241116.7, "load": 8.521484375}
{"event": "step", "step": 171300, "loss": 4.6895, "lr": 0.00040350374189555334, "gnorm": 2.79, "tok_per_s": 241306.1, "load": 8.1591796875}
{"event": "step", "step": 171400, "loss": 4.5253, "lr": 0.00040265454541587193, "gnorm": 2.678, "tok_per_s": 240924.6, "load": 7.82568359375}
{"event": "step", "step": 171500, "loss": 4.4989, "lr": 0.0004018087092149112, "gnorm": 3.067, "tok_per_s": 241238.3, "load": 7.82568359375}
{"event": "step", "step": 171600, "loss": 4.5453, "lr": 0.0004009662355713061, "gnorm": 3.298, "tok_per_s": 241353.6, "load": 7.59912109375}
{"event": "step", "step": 171700, "loss": 4.5151, "lr": 0.0004001271267546338, "gnorm": 2.201, "tok_per_s": 241309.5, "load": 7.390625}
{"event": "step", "step": 171800, "loss": 4.5465, "lr": 0.0003992913850254058, "gnorm": 2.204, "tok_per_s": 241307.4, "load": 7.390625}
{"event": "step", "step": 171900, "loss": 4.6368, "lr": 0.00039845901263506426, "gnorm": 3.49, "tok_per_s": 241411.7, "load": 7.19873046875}
{"event": "step", "step": 172000, "loss": 4.4913, "lr": 0.0003976300118259731, "gnorm": 2.264, "tok_per_s": 241548.7, "load": 6.9423828125}
{"event": "step", "step": 172100, "loss": 4.5754, "lr": 0.00039680438483141424, "gnorm": 2.706, "tok_per_s": 241302.4, "load": 6.9423828125}
{"event": "step", "step": 172200, "loss": 4.5596, "lr": 0.00039598213387558056, "gnorm": 2.936, "tok_per_s": 241260.4, "load": 6.78662109375}
{"event": "step", "step": 172300, "loss": 4.6028, "lr": 0.00039516326117356994, "gnorm": 2.937, "tok_per_s": 241386.2, "load": 6.56298828125}
{"event": "step", "step": 172400, "loss": 4.4496, "lr": 0.0003943477689313796, "gnorm": 2.505, "tok_per_s": 241199.4, "load": 6.56298828125}
{"event": "step", "step": 172500, "loss": 4.5852, "lr": 0.0003935356593459, "gnorm": 2.699, "tok_per_s": 241378.7, "load": 6.357421875}
{"event": "step", "step": 172600, "loss": 4.2571, "lr": 0.0003927269346049084, "gnorm": 2.661, "tok_per_s": 241289.2, "load": 6.4892578125}
{"event": "step", "step": 172700, "loss": 4.4845, "lr": 0.00039192159688706467, "gnorm": 3.378, "tok_per_s": 241432.3, "load": 6.4892578125}
{"event": "step", "step": 172800, "loss": 4.631, "lr": 0.00039111964836190273, "gnorm": 2.978, "tok_per_s": 241387.0, "load": 6.44970703125}
{"event": "step", "step": 172900, "loss": 4.8214, "lr": 0.00039032109118982734, "gnorm": 3.031, "tok_per_s": 241292.4, "load": 6.33349609375}
{"event": "step", "step": 173000, "loss": 4.5199, "lr": 0.0003895259275221066, "gnorm": 2.92, "tok_per_s": 241175.2, "load": 6.33349609375}
{"event": "step", "step": 173100, "loss": 4.5853, "lr": 0.0003887341595008667, "gnorm": 2.728, "tok_per_s": 241291.4, "load": 6.38720703125}
{"event": "step", "step": 173200, "loss": 4.6782, "lr": 0.0003879457892590869, "gnorm": 3.629, "tok_per_s": 241264.9, "load": 6.5166015625}
{"event": "step", "step": 173300, "loss": 4.4532, "lr": 0.00038716081892059193, "gnorm": 4.177, "tok_per_s": 241148.4, "load": 6.5166015625}
{"event": "step", "step": 173400, "loss": 4.5803, "lr": 0.00038637925060004794, "gnorm": 2.413, "tok_per_s": 241453.1, "load": 6.47509765625}
{"event": "step", "step": 173500, "loss": 4.5375, "lr": 0.00038560108640295603, "gnorm": 2.415, "tok_per_s": 241351.5, "load": 6.35693359375}
{"event": "step", "step": 173600, "loss": 4.4959, "lr": 0.0003848263284256473, "gnorm": 2.886, "tok_per_s": 241359.9, "load": 6.248046875}
{"event": "step", "step": 173700, "loss": 4.6951, "lr": 0.000384054978755276, "gnorm": 3.269, "tok_per_s": 241453.6, "load": 6.248046875}
{"event": "step", "step": 173800, "loss": 4.5428, "lr": 0.0003832870394698151, "gnorm": 3.12, "tok_per_s": 241408.0, "load": 6.30859375}
{"event": "step", "step": 173900, "loss": 4.5275, "lr": 0.0003825225126380496, "gnorm": 2.975, "tok_per_s": 241221.9, "load": 6.20361328125}
{"event": "step", "step": 174000, "loss": 4.5058, "lr": 0.00038176140031957257, "gnorm": 3.247, "tok_per_s": 241336.8, "load": 6.20361328125}
{"event": "step", "step": 174100, "loss": 4.4744, "lr": 0.0003810037045647772, "gnorm": 3.5, "tok_per_s": 241373.2, "load": 6.10693359375}
{"event": "step", "step": 174200, "loss": 4.5793, "lr": 0.000380249427414854, "gnorm": 2.555, "tok_per_s": 241268.2, "load": 5.93798828125}
{"event": "step", "step": 174300, "loss": 4.5302, "lr": 0.00037949857090178264, "gnorm": 3.456, "tok_per_s": 241308.5, "load": 5.93798828125}
{"event": "step", "step": 174400, "loss": 4.5594, "lr": 0.00037875113704832926, "gnorm": 3.015, "tok_per_s": 241387.6, "load": 5.86279296875}
{"event": "step", "step": 174500, "loss": 4.4653, "lr": 0.0003780071278680381, "gnorm": 2.538, "tok_per_s": 241294.5, "load": 5.8740234375}
{"event": "step", "step": 174600, "loss": 4.7758, "lr": 0.00037726654536522863, "gnorm": 2.627, "tok_per_s": 241368.3, "load": 5.8740234375}
{"event": "step", "step": 174700, "loss": 4.5278, "lr": 0.00037652939153498825, "gnorm": 2.541, "tok_per_s": 241353.9, "load": 5.7236328125}
{"event": "step", "step": 174800, "loss": 4.7531, "lr": 0.00037579566836316836, "gnorm": 2.583, "tok_per_s": 241344.8, "load": 5.58544921875}
{"event": "step", "step": 174900, "loss": 4.6289, "lr": 0.0003750653778263777, "gnorm": 2.697, "tok_per_s": 241216.1, "load": 5.58544921875}
{"event": "step", "step": 175000, "loss": 4.622, "lr": 0.0003743385218919782, "gnorm": 4.146, "tok_per_s": 241289.6, "load": 5.4580078125}
{"event": "step", "step": 175100, "loss": 4.6657, "lr": 0.00037361510251807903, "gnorm": 2.682, "tok_per_s": 218407.2, "load": 7.66357421875}
{"event": "step", "step": 175200, "loss": 4.7332, "lr": 0.00037289512165353153, "gnorm": 3.054, "tok_per_s": 241153.2, "load": 7.66357421875}
{"event": "step", "step": 175300, "loss": 4.4709, "lr": 0.00037217858123792354, "gnorm": 2.891, "tok_per_s": 241274.8, "load": 7.4501953125}
{"event": "step", "step": 175400, "loss": 4.4986, "lr": 0.00037146548320157486, "gnorm": 2.776, "tok_per_s": 241181.7, "load": 7.333984375}
{"event": "step", "step": 175500, "loss": 4.5575, "lr": 0.00037075582946553175, "gnorm": 2.316, "tok_per_s": 241007.4, "load": 7.333984375}
{"event": "step", "step": 175600, "loss": 4.4663, "lr": 0.00037004962194156136, "gnorm": 2.604, "tok_per_s": 241184.5, "load": 7.3876953125}
{"event": "step", "step": 175700, "loss": 4.5491, "lr": 0.00036934686253214743, "gnorm": 2.811, "tok_per_s": 241152.3, "load": 7.1962890625}
{"event": "step", "step": 175800, "loss": 4.7161, "lr": 0.0003686475531304841, "gnorm": 4.551, "tok_per_s": 241132.2, "load": 7.18017578125}
{"event": "step", "step": 175900, "loss": 4.5294, "lr": 0.000367951695620472, "gnorm": 3.652, "tok_per_s": 241151.2, "load": 7.18017578125}
{"event": "step", "step": 176000, "loss": 4.7735, "lr": 0.00036725929187671197, "gnorm": 2.999, "tok_per_s": 241212.9, "load": 6.92529296875}
{"event": "step", "step": 176100, "loss": 4.6079, "lr": 0.00036657034376450117, "gnorm": 3.301, "tok_per_s": 241273.5, "load": 6.77099609375}
{"event": "step", "step": 176200, "loss": 4.4066, "lr": 0.0003658848531398269, "gnorm": 2.765, "tok_per_s": 241173.3, "load": 6.77099609375}
{"event": "step", "step": 176300, "loss": 4.4667, "lr": 0.00036520282184936267, "gnorm": 2.213, "tok_per_s": 241122.9, "load": 6.62890625}
{"event": "step", "step": 176400, "loss": 4.6154, "lr": 0.0003645242517304623, "gnorm": 2.168, "tok_per_s": 241178.6, "load": 6.498046875}
{"event": "step", "step": 176500, "loss": 4.5769, "lr": 0.00036384914461115597, "gnorm": 2.265, "tok_per_s": 241121.1, "load": 6.498046875}
{"event": "step", "step": 176600, "loss": 4.477, "lr": 0.000363177502310144, "gnorm": 4.701, "tok_per_s": 241116.4, "load": 6.3779296875}
{"event": "step", "step": 176700, "loss": 4.5986, "lr": 0.0003625093266367936, "gnorm": 2.835, "tok_per_s": 240971.6, "load": 6.34765625}
{"event": "step", "step": 176800, "loss": 4.5038, "lr": 0.0003618446193911321, "gnorm": 3.169, "tok_per_s": 240935.6, "load": 6.34765625}
{"event": "step", "step": 176900, "loss": 4.6427, "lr": 0.0003611833823638441, "gnorm": 2.858, "tok_per_s": 241048.7, "load": 6.47998046875}
{"event": "step", "step": 177000, "loss": 4.5608, "lr": 0.0003605256173362643, "gnorm": 2.535, "tok_per_s": 241078.7, "load": 8.68408203125}
{"event": "step", "step": 177100, "loss": 4.657, "lr": 0.0003598713260803756, "gnorm": 3.206, "tok_per_s": 241054.6, "load": 8.68408203125}
{"event": "step", "step": 177200, "loss": 4.7432, "lr": 0.00035922051035880133, "gnorm": 3.073, "tok_per_s": 241199.0, "load": 8.388671875}
{"event": "step", "step": 177300, "loss": 4.4345, "lr": 0.0003585731719248031, "gnorm": 3.31, "tok_per_s": 241313.5, "load": 8.1171875}
{"event": "step", "step": 177400, "loss": 4.5041, "lr": 0.0003579293125222738, "gnorm": 2.722, "tok_per_s": 241259.7, "load": 8.1171875}
{"event": "step", "step": 177500, "loss": 4.6483, "lr": 0.000357288933885735, "gnorm": 3.075, "tok_per_s": 241195.0, "load": 7.8671875}
{"event": "step", "step": 177600, "loss": 4.6349, "lr": 0.00035665203774033066, "gnorm": 2.591, "tok_per_s": 241225.3, "load": 7.55712890625}
{"event": "step", "step": 177700, "loss": 4.6336, "lr": 0.00035601862580182317, "gnorm": 2.892, "tok_per_s": 240888.7, "load": 7.55712890625}
{"event": "step", "step": 177800, "loss": 4.5047, "lr": 0.00035538869977658926, "gnorm": 3.946, "tok_per_s": 241265.2, "load": 7.27197265625}
{"event": "step", "step": 177900, "loss": 4.4302, "lr": 0.0003547622613616136, "gnorm": 3.19, "tok_per_s": 241295.3, "load": 7.33056640625}
{"event": "step", "step": 178000, "loss": 4.5534, "lr": 0.00035413931224448694, "gnorm": 3.141, "tok_per_s": 241434.5, "load": 7.33056640625}
{"event": "step", "step": 178100, "loss": 4.4605, "lr": 0.0003535198541033985, "gnorm": 2.455, "tok_per_s": 241488.7, "load": 7.1435546875}
{"event": "step", "step": 178200, "loss": 4.5628, "lr": 0.00035290388860713444, "gnorm": 3.009, "tok_per_s": 241337.0, "load": 6.8916015625}
{"event": "step", "step": 178300, "loss": 4.6563, "lr": 0.00035229141741507095, "gnorm": 2.564, "tok_per_s": 241136.0, "load": 6.65966796875}
{"event": "step", "step": 178400, "loss": 4.4939, "lr": 0.0003516824421771712, "gnorm": 2.899, "tok_per_s": 241419.2, "load": 6.65966796875}
{"event": "step", "step": 178500, "loss": 4.6008, "lr": 0.0003510769645339801, "gnorm": 3.028, "tok_per_s": 241149.7, "load": 6.5263671875}
{"event": "step", "step": 178600, "loss": 4.5917, "lr": 0.00035047498611662074, "gnorm": 2.825, "tok_per_s": 240856.1, "load": 6.40380859375}
{"event": "step", "step": 178700, "loss": 4.6439, "lr": 0.000349876508546789, "gnorm": 2.886, "tok_per_s": 241417.3, "load": 6.40380859375}
{"event": "step", "step": 178800, "loss": 4.5006, "lr": 0.00034928153343675024, "gnorm": 2.615, "tok_per_s": 241154.7, "load": 6.291015625}
{"event": "step", "step": 178900, "loss": 4.6827, "lr": 0.00034869006238933363, "gnorm": 3.545, "tok_per_s": 241253.3, "load": 6.1875}
{"event": "step", "step": 179000, "loss": 4.4673, "lr": 0.00034810209699792926, "gnorm": 3.083, "tok_per_s": 241303.5, "load": 6.1875}
{"event": "step", "step": 179100, "loss": 4.467, "lr": 0.00034751763884648286, "gnorm": 3.803, "tok_per_s": 241249.9, "load": 6.09228515625}
{"event": "step", "step": 179200, "loss": 4.4336, "lr": 0.0003469366895094921, "gnorm": 2.132, "tok_per_s": 241196.2, "load": 8.5673828125}
{"event": "step", "step": 179300, "loss": 4.5662, "lr": 0.0003463592505520016, "gnorm": 2.992, "tok_per_s": 241327.0, "load": 8.5673828125}
{"event": "step", "step": 179400, "loss": 4.7395, "lr": 0.0003457853235295998, "gnorm": 2.961, "tok_per_s": 241326.2, "load": 8.28125}
{"event": "step", "step": 179500, "loss": 4.3884, "lr": 0.00034521490998841377, "gnorm": 2.718, "tok_per_s": 241485.1, "load": 7.93798828125}
{"event": "step", "step": 179600, "loss": 4.5817, "lr": 0.0003446480114651057, "gnorm": 3.679, "tok_per_s": 241492.1, "load": 7.93798828125}
{"event": "step", "step": 179700, "loss": 4.5001, "lr": 0.0003440846294868684, "gnorm": 2.513, "tok_per_s": 241488.2, "load": 7.62255859375}
{"event": "step", "step": 179800, "loss": 4.5031, "lr": 0.0003435247655714212, "gnorm": 3.017, "tok_per_s": 241552.4, "load": 7.4921875}
{"event": "step", "step": 179900, "loss": 4.639, "lr": 0.00034296842122700626, "gnorm": 3.082, "tok_per_s": 241467.1, "load": 7.4921875}
{"event": "step", "step": 180000, "loss": 4.5211, "lr": 0.000342415597952384, "gnorm": 3.116, "tok_per_s": 241488.6, "load": 7.29248046875}
eval 180000 {'bpb': 1.4995737894877403, 'nats_per_token': 4.521395536968069, 'tokens': 16379, 'bytes': 71247}
{"event": "step", "step": 180100, "loss": 4.4964, "lr": 0.00034186629723682947, "gnorm": 2.538, "tok_per_s": 214700.8, "load": 7.10888671875}
{"event": "step", "step": 180200, "loss": 4.5547, "lr": 0.00034132052056012776, "gnorm": 3.477, "tok_per_s": 241532.9, "load": 6.85986328125}
{"event": "step", "step": 180300, "loss": 4.4647, "lr": 0.00034077826939257094, "gnorm": 2.865, "tok_per_s": 241570.2, "load": 6.85986328125}
{"event": "step", "step": 180400, "loss": 4.6128, "lr": 0.00034023954519495276, "gnorm": 2.746, "tok_per_s": 241536.3, "load": 6.71044921875}
{"event": "step", "step": 180500, "loss": 4.3638, "lr": 0.00033970434941856664, "gnorm": 2.725, "tok_per_s": 241307.4, "load": 6.4931640625}
{"event": "step", "step": 180600, "loss": 4.6071, "lr": 0.0003391726835051993, "gnorm": 2.934, "tok_per_s": 241570.6, "load": 6.4931640625}
{"event": "step", "step": 180700, "loss": 4.4205, "lr": 0.00033864454888712936, "gnorm": 3.007, "tok_per_s": 241731.8, "load": 6.37353515625}
{"event": "step", "step": 180800, "loss": 4.6459, "lr": 0.000338119946987122, "gnorm": 2.695, "tok_per_s": 241549.9, "load": 7.625}
{"event": "step", "step": 180900, "loss": 4.4587, "lr": 0.0003375988792184249, "gnorm": 2.539, "tok_per_s": 241577.9, "load": 7.625}
{"event": "step", "step": 181000, "loss": 4.5504, "lr": 0.00033708134698476566, "gnorm": 3.645, "tok_per_s": 241710.0, "load": 7.41455078125}
{"event": "step", "step": 181100, "loss": 4.399, "lr": 0.000336567351680347, "gnorm": 3.012, "tok_per_s": 241632.9, "load": 7.22119140625}
{"event": "step", "step": 181200, "loss": 4.4538, "lr": 0.0003360568946898437, "gnorm": 2.536, "tok_per_s": 241606.8, "load": 7.22119140625}
{"event": "step", "step": 181300, "loss": 4.4584, "lr": 0.00033554997738839785, "gnorm": 3.076, "tok_per_s": 241676.3, "load": 7.04296875}
{"event": "step", "step": 181400, "loss": 4.4718, "lr": 0.0003350466011416166, "gnorm": 3.53, "tok_per_s": 241617.2, "load": 6.87890625}
{"event": "step", "step": 181500, "loss": 4.5972, "lr": 0.00033454676730556714, "gnorm": 3.291, "tok_per_s": 241744.1, "load": 6.87890625}
{"event": "step", "step": 181600, "loss": 4.6145, "lr": 0.00033405047722677385, "gnorm": 4.053, "tok_per_s": 241749.2, "load": 6.80810546875}
{"event": "step", "step": 181700, "loss": 4.522, "lr": 0.00033355773224221435, "gnorm": 2.903, "tok_per_s": 241769.4, "load": 6.82373046875}
{"event": "step", "step": 181800, "loss": 4.4574, "lr": 0.00033306853367931613, "gnorm": 2.365, "tok_per_s": 241788.0, "load": 6.82373046875}
{"event": "step", "step": 181900, "loss": 4.5792, "lr": 0.00033258288285595256, "gnorm": 3.986, "tok_per_s": 241757.4, "load": 6.67724609375}
{"event": "step", "step": 182000, "loss": 4.6368, "lr": 0.0003321007810804398, "gnorm": 3.75, "tok_per_s": 241406.2, "load": 9.10546875}
{"event": "step", "step": 182100, "loss": 4.5396, "lr": 0.00033162222965153315, "gnorm": 3.362, "tok_per_s": 241235.2, "load": 9.10546875}
{"event": "step", "step": 182200, "loss": 4.6453, "lr": 0.0003311472298584229, "gnorm": 2.73, "tok_per_s": 241399.8, "load": 8.7763671875}
{"event": "step", "step": 182300, "loss": 4.4449, "lr": 0.00033067578298073233, "gnorm": 2.258, "tok_per_s": 241430.1, "load": 8.4736328125}
{"event": "step", "step": 182400, "loss": 4.5091, "lr": 0.0003302078902885124, "gnorm": 2.994, "tok_per_s": 241674.9, "load": 8.4736328125}
{"event": "step", "step": 182500, "loss": 4.4794, "lr": 0.00032974355304224033, "gnorm": 2.903, "tok_per_s": 241296.7, "load": 8.275390625}
{"event": "step", "step": 182600, "loss": 4.455, "lr": 0.00032928277249281426, "gnorm": 3.22, "tok_per_s": 241602.3, "load": 8.0927734375}
{"event": "step", "step": 182700, "loss": 4.4401, "lr": 0.00032882554988155125, "gnorm": 4.069, "tok_per_s": 241558.3, "load": 8.0927734375}
{"event": "step", "step": 182800, "loss": 4.5132, "lr": 0.00032837188644018356, "gnorm": 3.247, "tok_per_s": 241114.4, "load": 7.9248046875}
{"event": "step", "step": 182900, "loss": 4.6473, "lr": 0.00032792178339085463, "gnorm": 2.558, "tok_per_s": 241340.9, "load": 7.7705078125}
{"event": "step", "step": 183000, "loss": 4.4972, "lr": 0.00032747524194611747, "gnorm": 2.944, "tok_per_s": 241582.7, "load": 7.54833984375}
{"event": "step", "step": 183100, "loss": 4.5739, "lr": 0.00032703226330892896, "gnorm": 3.446, "tok_per_s": 241366.1, "load": 7.54833984375}
{"event": "step", "step": 183200, "loss": 4.5432, "lr": 0.0003265928486726494, "gnorm": 2.647, "tok_per_s": 241253.2, "load": 7.34423828125}
{"event": "step", "step": 183300, "loss": 4.6876, "lr": 0.0003261569992210367, "gnorm": 3.317, "tok_per_s": 241627.2, "load": 7.15625}
{"event": "step", "step": 183400, "loss": 4.5119, "lr": 0.00032572471612824503, "gnorm": 4.305, "tok_per_s": 241643.0, "load": 7.15625}
{"event": "step", "step": 183500, "loss": 4.5156, "lr": 0.00032529600055882077, "gnorm": 3.043, "tok_per_s": 241717.9, "load": 6.9833984375}
{"event": "step", "step": 183600, "loss": 4.5341, "lr": 0.00032487085366769984, "gnorm": 4.04, "tok_per_s": 241325.6, "load": 6.904296875}
{"event": "step", "step": 183700, "loss": 4.5677, "lr": 0.00032444927660020377, "gnorm": 3.295, "tok_per_s": 241353.8, "load": 6.904296875}
{"event": "step", "step": 183800, "loss": 4.4883, "lr": 0.00032403127049203775, "gnorm": 3.905, "tok_per_s": 241309.8, "load": 7.072265625}
{"event": "step", "step": 183900, "loss": 4.4246, "lr": 0.0003236168364692867, "gnorm": 2.819, "tok_per_s": 241463.8, "load": 7.06640625}
{"event": "step", "step": 184000, "loss": 4.4967, "lr": 0.00032320597564841294, "gnorm": 3.882, "tok_per_s": 241628.3, "load": 7.06640625}
{"event": "step", "step": 184100, "loss": 4.3895, "lr": 0.00032279868913625214, "gnorm": 2.953, "tok_per_s": 241804.4, "load": 6.90087890625}
{"event": "step", "step": 184200, "loss": 4.4651, "lr": 0.00032239497803001135, "gnorm": 5.177, "tok_per_s": 241520.4, "load": 7.4697265625}
{"event": "step", "step": 184300, "loss": 4.6156, "lr": 0.00032199484341726575, "gnorm": 3.461, "tok_per_s": 241473.3, "load": 7.4697265625}
{"event": "step", "step": 184400, "loss": 4.6615, "lr": 0.00032159828637595554, "gnorm": 2.915, "tok_per_s": 241799.3, "load": 7.19140625}
{"event": "step", "step": 184500, "loss": 4.4591, "lr": 0.00032120530797438327, "gnorm": 3.223, "tok_per_s": 241417.0, "load": 7.015625}
{"event": "step", "step": 184600, "loss": 4.4656, "lr": 0.0003208159092712106, "gnorm": 3.409, "tok_per_s": 241386.1, "load": 7.015625}
{"event": "step", "step": 184700, "loss": 4.5076, "lr": 0.0003204300913154557, "gnorm": 3.344, "tok_per_s": 241581.6, "load": 9.3369140625}
{"event": "step", "step": 184800, "loss": 4.6462, "lr": 0.00032004785514649074, "gnorm": 3.025, "tok_per_s": 241444.5, "load": 9.0693359375}
{"event": "step", "step": 184900, "loss": 4.5139, "lr": 0.0003196692017940384, "gnorm": 3.107, "tok_per_s": 241361.1, "load": 9.0693359375}
{"event": "step", "step": 185000, "loss": 4.7543, "lr": 0.0003192941322781696, "gnorm": 2.875, "tok_per_s": 241722.2, "load": 8.7431640625}
{"event": "step", "step": 185100, "loss": 4.5622, "lr": 0.0003189226476093006, "gnorm": 3.415, "tok_per_s": 218612.1, "load": 8.603515625}
{"event": "step", "step": 185200, "loss": 4.5013, "lr": 0.0003185547487881903, "gnorm": 2.891, "tok_per_s": 241815.5, "load": 8.31494140625}
{"event": "step", "step": 185300, "loss": 4.4485, "lr": 0.00031819043680593744, "gnorm": 3.139, "tok_per_s": 241760.4, "load": 8.31494140625}
{"event": "step", "step": 185400, "loss": 4.7204, "lr": 0.00031782971264397795, "gnorm": 4.052, "tok_per_s": 241804.7, "load": 8.4501953125}
{"event": "step", "step": 185500, "loss": 4.5838, "lr": 0.0003174725772740828, "gnorm": 3.057, "tok_per_s": 241686.6, "load": 8.173828125}
{"event": "step", "step": 185600, "loss": 4.4366, "lr": 0.0003171190316583544, "gnorm": 2.986, "tok_per_s": 241879.0, "load": 8.173828125}
{"event": "step", "step": 185700, "loss": 4.5288, "lr": 0.00031676907674922503, "gnorm": 4.226, "tok_per_s": 241871.8, "load": 10.40234375}
{"event": "step", "step": 185800, "loss": 4.5352, "lr": 0.00031642271348945335, "gnorm": 2.676, "tok_per_s": 241859.3, "load": 10.53076171875}
{"event": "step", "step": 185900, "loss": 4.4475, "lr": 0.0003160799428121228, "gnorm": 2.603, "tok_per_s": 241808.3, "load": 10.53076171875}
{"event": "step", "step": 186000, "loss": 4.5565, "lr": 0.00031574076564063814, "gnorm": 3.174, "tok_per_s": 241820.0, "load": 10.00732421875}
{"event": "step", "step": 186100, "loss": 4.4115, "lr": 0.00031540518288872385, "gnorm": 3.454, "tok_per_s": 241830.4, "load": 9.52587890625}
{"event": "step", "step": 186200, "loss": 4.3824, "lr": 0.0003150731954604208, "gnorm": 2.869, "tok_per_s": 241778.2, "load": 9.52587890625}
{"event": "step", "step": 186300, "loss": 4.3972, "lr": 0.0003147448042500849, "gnorm": 3.077, "tok_per_s": 241857.8, "load": 9.1630859375}
{"event": "step", "step": 186400, "loss": 4.6009, "lr": 0.00031442001014238323, "gnorm": 3.24, "tok_per_s": 241808.0, "load": 8.82958984375}
{"event": "step", "step": 186500, "loss": 4.563, "lr": 0.00031409881401229324, "gnorm": 3.425, "tok_per_s": 241822.4, "load": 8.82958984375}
{"event": "step", "step": 186600, "loss": 4.7772, "lr": 0.0003137812167250991, "gnorm": 4.092, "tok_per_s": 241785.0, "load": 8.5224609375}
{"event": "step", "step": 186700, "loss": 4.4347, "lr": 0.00031346721913639024, "gnorm": 2.62, "tok_per_s": 241524.3, "load": 8.240234375}
{"event": "step", "step": 186800, "loss": 4.6168, "lr": 0.00031315682209205847, "gnorm": 2.83, "tok_per_s": 241849.5, "load": 8.240234375}
{"event": "step", "step": 186900, "loss": 4.5821, "lr": 0.0003128500264282959, "gnorm": 3.056, "tok_per_s": 241796.0, "load": 8.060546875}
{"event": "step", "step": 187000, "loss": 4.5219, "lr": 0.0003125468329715931, "gnorm": 2.697, "tok_per_s": 241711.7, "load": 7.8154296875}
{"event": "step", "step": 187100, "loss": 4.7052, "lr": 0.0003122472425387361, "gnorm": 3.237, "tok_per_s": 241805.7, "load": 7.8154296875}
{"event": "step", "step": 187200, "loss": 4.6169, "lr": 0.0003119512559368048, "gnorm": 3.025, "tok_per_s": 241749.9, "load": 7.509765625}
{"event": "step", "step": 187300, "loss": 4.4395, "lr": 0.0003116588739631704, "gnorm": 2.401, "tok_per_s": 241662.2, "load": 7.30859375}
{"event": "step", "step": 187400, "loss": 4.6789, "lr": 0.0003113700974054937, "gnorm": 3.448, "tok_per_s": 241634.5, "load": 7.30859375}
{"event": "step", "step": 187500, "loss": 4.4506, "lr": 0.00031108492704172235, "gnorm": 3.333, "tok_per_s": 241725.4, "load": 7.12353515625}
{"event": "step", "step": 187600, "loss": 4.4824, "lr": 0.0003108033636400895, "gnorm": 3.755, "tok_per_s": 241738.3, "load": 6.953125}
{"event": "step", "step": 187700, "loss": 4.4457, "lr": 0.00031052540795911096, "gnorm": 3.215, "tok_per_s": 241524.3, "load": 6.953125}
{"event": "step", "step": 187800, "loss": 4.6464, "lr": 0.00031025106074758404, "gnorm": 3.485, "tok_per_s": 241598.7, "load": 6.79638671875}
{"event": "step", "step": 187900, "loss": 4.4014, "lr": 0.0003099803227445846, "gnorm": 3.25, "tok_per_s": 241599.2, "load": 6.732421875}
{"event": "step", "step": 188000, "loss": 4.5489, "lr": 0.00030971319467946567, "gnorm": 3.449, "tok_per_s": 241581.2, "load": 6.59326171875}
{"event": "step", "step": 188100, "loss": 4.5428, "lr": 0.00030944967727185524, "gnorm": 2.461, "tok_per_s": 241701.9, "load": 6.59326171875}
{"event": "step", "step": 188200, "loss": 4.5438, "lr": 0.0003091897712316543, "gnorm": 3.608, "tok_per_s": 241752.1, "load": 6.46533203125}
{"event": "step", "step": 188300, "loss": 4.7858, "lr": 0.00030893347725903536, "gnorm": 3.091, "tok_per_s": 241613.5, "load": 6.34765625}
{"event": "step", "step": 188400, "loss": 4.4889, "lr": 0.00030868079604444003, "gnorm": 2.369, "tok_per_s": 241539.9, "load": 6.34765625}
{"event": "step", "step": 188500, "loss": 4.516, "lr": 0.00030843172826857713, "gnorm": 2.614, "tok_per_s": 241541.2, "load": 6.1591796875}
{"event": "step", "step": 188600, "loss": 4.5898, "lr": 0.00030818627460242154, "gnorm": 3.248, "tok_per_s": 241661.5, "load": 5.98583984375}
{"event": "step", "step": 188700, "loss": 4.3944, "lr": 0.00030794443570721146, "gnorm": 3.403, "tok_per_s": 241652.7, "load": 5.98583984375}
{"event": "step", "step": 188800, "loss": 4.4063, "lr": 0.00030770621223444756, "gnorm": 2.555, "tok_per_s": 241583.4, "load": 6.1474609375}
{"event": "step", "step": 188900, "loss": 4.5985, "lr": 0.0003074716048258901, "gnorm": 2.612, "tok_per_s": 241590.0, "load": 6.05517578125}
{"event": "step", "step": 189000, "loss": 4.4487, "lr": 0.0003072406141135587, "gnorm": 2.7, "tok_per_s": 241618.9, "load": 6.05517578125}
{"event": "step", "step": 189100, "loss": 4.5468, "lr": 0.0003070132407197291, "gnorm": 3.397, "tok_per_s": 241615.5, "load": 5.97021484375}
{"event": "step", "step": 189200, "loss": 4.6425, "lr": 0.00030678948525693264, "gnorm": 3.416, "tok_per_s": 241662.8, "load": 5.97265625}
{"event": "step", "step": 189300, "loss": 4.4286, "lr": 0.00030656934832795407, "gnorm": 3.04, "tok_per_s": 241664.3, "load": 5.97265625}
{"event": "step", "step": 189400, "loss": 4.4331, "lr": 0.0003063528305258296, "gnorm": 3.179, "tok_per_s": 241704.9, "load": 5.89453125}
{"event": "step", "step": 189500, "loss": 4.3937, "lr": 0.0003061399324338466, "gnorm": 3.317, "tok_per_s": 241565.2, "load": 5.82275390625}
{"event": "step", "step": 189600, "loss": 4.6215, "lr": 0.00030593065462553997, "gnorm": 3.831, "tok_per_s": 241502.1, "load": 5.82275390625}
{"event": "step", "step": 189700, "loss": 4.5226, "lr": 0.0003057249976646928, "gnorm": 3.049, "tok_per_s": 241386.1, "load": 5.6767578125}
{"event": "step", "step": 189800, "loss": 4.5568, "lr": 0.00030552296210533325, "gnorm": 2.521, "tok_per_s": 241333.7, "load": 5.62255859375}
{"event": "step", "step": 189900, "loss": 4.7288, "lr": 0.0003053245484917339, "gnorm": 3.981, "tok_per_s": 241480.2, "load": 5.62255859375}
{"event": "step", "step": 190000, "loss": 4.4798, "lr": 0.00030512975735840983, "gnorm": 2.877, "tok_per_s": 241663.7, "load": 5.4921875}
{"event": "step", "step": 190100, "loss": 4.5716, "lr": 0.00030493858923011743, "gnorm": 3.108, "tok_per_s": 218728.1, "load": 5.45263671875}
{"event": "step", "step": 190200, "loss": 4.7065, "lr": 0.0003047510446218529, "gnorm": 3.256, "tok_per_s": 241745.6, "load": 5.416015625}
{"event": "step", "step": 190300, "loss": 4.499, "lr": 0.0003045671240388509, "gnorm": 3.51, "tok_per_s": 241701.5, "load": 5.416015625}
{"event": "step", "step": 190400, "loss": 4.4676, "lr": 0.00030438682797658315, "gnorm": 3.375, "tok_per_s": 241741.3, "load": 5.38232421875}
{"event": "step", "step": 190500, "loss": 4.5502, "lr": 0.00030421015692075733, "gnorm": 3.566, "tok_per_s": 241756.8, "load": 5.43212890625}
{"event": "step", "step": 190600, "loss": 4.5766, "lr": 0.00030403711134731505, "gnorm": 2.988, "tok_per_s": 241725.5, "load": 5.43212890625}
{"event": "step", "step": 190700, "loss": 4.5984, "lr": 0.00030386769172243165, "gnorm": 3.569, "tok_per_s": 241424.7, "load": 5.55810546875}
{"event": "step", "step": 190800, "loss": 4.5554, "lr": 0.00030370189850251395, "gnorm": 3.834, "tok_per_s": 241570.5, "load": 5.51318359375}
{"event": "step", "step": 190900, "loss": 4.5475, "lr": 0.00030353973213419975, "gnorm": 3.304, "tok_per_s": 241658.1, "load": 5.51318359375}
{"event": "step", "step": 191000, "loss": 4.4964, "lr": 0.0003033811930543559, "gnorm": 3.515, "tok_per_s": 241689.2, "load": 5.63232421875}
{"event": "step", "step": 191100, "loss": 4.6364, "lr": 0.00030322628169007803, "gnorm": 3.027, "tok_per_s": 241508.4, "load": 5.7421875}
{"event": "step", "step": 191200, "loss": 4.679, "lr": 0.00030307499845868836, "gnorm": 4.426, "tok_per_s": 241461.4, "load": 5.7421875}
{"event": "step", "step": 191300, "loss": 4.4976, "lr": 0.0003029273437677358, "gnorm": 2.934, "tok_per_s": 241470.3, "load": 5.6025390625}
{"event": "step", "step": 191400, "loss": 4.5952, "lr": 0.0003027833180149936, "gnorm": 3.178, "tok_per_s": 241603.1, "load": 5.634765625}
{"event": "step", "step": 191500, "loss": 4.476, "lr": 0.00030264292158845913, "gnorm": 4.036, "tok_per_s": 241596.1, "load": 5.634765625}
{"event": "step", "step": 191600, "loss": 4.7544, "lr": 0.00030250615486635256, "gnorm": 3.484, "tok_per_s": 241587.4, "load": 5.50341796875}
{"event": "step", "step": 191700, "loss": 4.6371, "lr": 0.0003023730182171156, "gnorm": 2.893, "tok_per_s": 241636.4, "load": 5.3828125}
{"event": "step", "step": 191800, "loss": 4.6805, "lr": 0.00030224351199941097, "gnorm": 3.629, "tok_per_s": 241646.9, "load": 5.3828125}
{"event": "step", "step": 191900, "loss": 4.4661, "lr": 0.0003021176365621213, "gnorm": 3.919, "tok_per_s": 241538.3, "load": 5.27197265625}
{"event": "step", "step": 192000, "loss": 4.6867, "lr": 0.00030199539224434784, "gnorm": 3.131, "tok_per_s": 241507.7, "load": 5.169921875}
{"event": "step", "step": 192100, "loss": 4.8046, "lr": 0.0003018767793754098, "gnorm": 4.71, "tok_per_s": 241547.9, "load": 5.169921875}
{"event": "step", "step": 192200, "loss": 4.3883, "lr": 0.0003017617982748439, "gnorm": 4.037, "tok_per_s": 241491.5, "load": 5.076171875}
{"event": "step", "step": 192300, "loss": 4.593, "lr": 0.00030165044925240246, "gnorm": 3.066, "tok_per_s": 241595.5, "load": 4.98974609375}
{"event": "step", "step": 192400, "loss": 4.3554, "lr": 0.0003015427326080538, "gnorm": 3.176, "tok_per_s": 241590.7, "load": 4.98974609375}
{"event": "step", "step": 192500, "loss": 4.4804, "lr": 0.0003014386486319804, "gnorm": 3.73, "tok_per_s": 241508.1, "load": 4.99072265625}
{"event": "step", "step": 192600, "loss": 4.5791, "lr": 0.0003013381976045785, "gnorm": 3.732, "tok_per_s": 241509.1, "load": 4.99169921875}
{"event": "step", "step": 192700, "loss": 4.7256, "lr": 0.00030124137979645774, "gnorm": 4.013, "tok_per_s": 241576.7, "load": 4.99169921875}
{"event": "step", "step": 192800, "loss": 4.5945, "lr": 0.00030114819546843993, "gnorm": 3.238, "tok_per_s": 241741.3, "load": 5.23291015625}
{"event": "step", "step": 192900, "loss": 4.6188, "lr": 0.0003010586448715582, "gnorm": 3.674, "tok_per_s": 241629.3, "load": 5.2138671875}
{"event": "step", "step": 193000, "loss": 4.6338, "lr": 0.0003009727282470569, "gnorm": 3.974, "tok_per_s": 241507.5, "load": 5.2138671875}
{"event": "step", "step": 193100, "loss": 4.5527, "lr": 0.0003008904458263906, "gnorm": 4.005, "tok_per_s": 241598.3, "load": 5.1962890625}
{"event": "step", "step": 193200, "loss": 4.5128, "lr": 0.0003008117978312236, "gnorm": 2.985, "tok_per_s": 241766.4, "load": 5.18017578125}
{"event": "step", "step": 193300, "loss": 4.6923, "lr": 0.00030073678447342916, "gnorm": 3.142, "tok_per_s": 241791.9, "load": 5.16552734375}
{"event": "step", "step": 193400, "loss": 4.663, "lr": 0.0003006654059550891, "gnorm": 3.557, "tok_per_s": 241536.7, "load": 5.16552734375}
{"event": "step", "step": 193500, "loss": 4.499, "lr": 0.0003005976624684931, "gnorm": 4.684, "tok_per_s": 241588.9, "load": 5.15185546875}
{"event": "step", "step": 193600, "loss": 4.6099, "lr": 0.0003005335541961382, "gnorm": 3.788, "tok_per_s": 241373.8, "load": 5.0595703125}
{"event": "step", "step": 193700, "loss": 4.4855, "lr": 0.00030047308131072865, "gnorm": 3.45, "tok_per_s": 241478.9, "load": 5.0595703125}
{"event": "step", "step": 193800, "loss": 4.7757, "lr": 0.0003004162439751751, "gnorm": 3.337, "tok_per_s": 241679.3, "load": 5.21533203125}
{"event": "step", "step": 193900, "loss": 4.7, "lr": 0.0003003630423425939, "gnorm": 3.976, "tok_per_s": 241568.8, "load": 5.19775390625}
{"event": "step", "step": 194000, "loss": 4.6494, "lr": 0.0003003134765563074, "gnorm": 4.23, "tok_per_s": 241378.4, "load": 5.19775390625}
{"event": "step", "step": 194100, "loss": 4.4892, "lr": 0.00030026754674984305, "gnorm": 2.849, "tok_per_s": 241441.9, "load": 5.181640625}
{"event": "step", "step": 194200, "loss": 4.5213, "lr": 0.0003002252530469331, "gnorm": 3.314, "tok_per_s": 241833.1, "load": 5.1669921875}
{"event": "step", "step": 194300, "loss": 4.4505, "lr": 0.0003001865955615144, "gnorm": 4.267, "tok_per_s": 241814.5, "load": 5.1669921875}
{"event": "step", "step": 194400, "loss": 4.5898, "lr": 0.00030015157439772824, "gnorm": 3.215, "tok_per_s": 241732.2, "load": 5.1533203125}
{"event": "step", "step": 194500, "loss": 4.5731, "lr": 0.00030012018964991954, "gnorm": 3.026, "tok_per_s": 241749.1, "load": 5.140625}
{"event": "step", "step": 194600, "loss": 4.6739, "lr": 0.00030009244140263695, "gnorm": 4.308, "tok_per_s": 241565.9, "load": 5.140625}
{"event": "step", "step": 194700, "loss": 4.6596, "lr": 0.00030006832973063284, "gnorm": 2.892, "tok_per_s": 241617.9, "load": 5.12890625}
{"event": "step", "step": 194800, "loss": 4.5519, "lr": 0.0003000478546988627, "gnorm": 2.953, "tok_per_s": 241541.2, "load": 5.1181640625}
{"event": "step", "step": 194900, "loss": 4.5578, "lr": 0.0003000310163624851, "gnorm": 3.213, "tok_per_s": 241583.3, "load": 5.1181640625}
{"event": "step", "step": 195000, "loss": 4.5786, "lr": 0.0003000178147668615, "gnorm": 3.237, "tok_per_s": 241655.7, "load": 5.1083984375}
{"event": "step", "step": 195100, "loss": 4.7903, "lr": 0.0003000082499475563, "gnorm": 2.689, "tok_per_s": 219023.3, "load": 5.099609375}
{"event": "step", "step": 195200, "loss": 4.7198, "lr": 0.0003000023219303366, "gnorm": 4.406, "tok_per_s": 241645.2, "load": 5.099609375}
{"event": "step", "step": 195300, "loss": 4.7747, "lr": 0.0003000000307311722, "gnorm": 3.997, "tok_per_s": 241668.3, "load": 5.33203125}
{"event": "step", "step": 195312, "loss": 4.493, "lr": 0.00030000000018184133, "gnorm": 4.439, "tok_per_s": 2022932.9, "load": 5.33203125}
FINAL w11_mq_d256_1600M {"bpb": 1.339451853020531, "nats_per_token": 4.50035507278479, "tokens": 995323, "bytes": 4824566}
NEXT -> python3 track4_sdmonly_summary.py
