{"event": "start", "run": "w11_mq_d1024_1600M", "arm": "qwen", "seed": 0, "cfg": {"d": 1024, "T": 256, "seed": 0, "M": 65536, "k": 32, "hops": 4, "softness": 0.25, "n_layer": 4, "M_big": 0, "value_init": "zero", "qgrad": 0.0, "ngram_orders": [1], "f": 2736, "train_name": "train_big", "n_back": 8, "decays": [0.5, 0.8, 0.9, 0.97, 0.99], "d_a": 256, "n_sub": 256, "heads": 1, "readout_f": 0, "share_store": false, "dense_f": null, "sched": "cosine", "wsd_decay": 0.2, "untie": false, "hop_mlp": 0, "ng_rows": 0, "ng_orders": [2, 3], "conj": 0, "rt_write": 0, "rt_buckets": 4096, "rt_shuffle": false, "graded": false, "mix_layers": 0, "mix_heads": 4, "mix_n_sub": 64, "mix_d_a": 64, "mix_k": 32, "mix_decays": [1.0, 0.999, 0.99, 0.9], "mix_f": 0, "mix_chunk": 256}, "B": 32, "T": 256, "tokens_target": 1600000000, "steps": 195312, "lr": 0.003, "loss_path": "chunked", "store_lr_mult": 3.0, "store_wd": 0.0, "params": {"embedding": 132382720, "non_embedding_trainable": 46214144, "frozen_store_values": 0, "total_trainable": 178596864}, "flops_per_token_fwd": {"head": 264765440, "body": 94502912.0, "total": 359268352.0}, "device": "cuda", "stamp_start": {"utc": "2026-10-03T18:47:47Z", "load": [2.61, 2.3, 2.34], "ncpu": 256, "powermode": "unknown", "torch": "2.8.0+cu128", "host": "781deba5c951", "cuda": "12.8", "gpu": "NVIDIA GeForce RTX 5090", "driver": "570.211.01\n570.211.01", "mem_available_gb": 482.7}, "resumed_from_step": 0, "init": null, "train_name": "train_big"}
{"event": "step", "step": 100, "loss": 8.7558, "lr": 7.680491551459293e-05, "gnorm": 5.389, "tok_per_s": 31453.5, "load": 3.2060546875}
{"event": "step", "step": 200, "loss": 7.2891, "lr": 0.00015360983102918587, "gnorm": 2.097, "tok_per_s": 84461.1, "load": 3.0205078125}
{"event": "step", "step": 300, "loss": 6.6198, "lr": 0.0002304147465437788, "gnorm": 2.356, "tok_per_s": 84369.8, "load": 2.86328125}
{"event": "step", "step": 400, "loss": 6.315, "lr": 0.00030721966205837174, "gnorm": 2.286, "tok_per_s": 84296.9, "load": 2.72998046875}
{"event": "step", "step": 500, "loss": 6.1683, "lr": 0.00038402457757296467, "gnorm": 2.127, "tok_per_s": 84188.3, "load": 2.6171875}
{"event": "step", "step": 600, "loss": 5.814, "lr": 0.0004608294930875576, "gnorm": 1.649, "tok_per_s": 84148.1, "load": 2.521484375}
{"event": "step", "step": 700, "loss": 5.7676, "lr": 0.0005376344086021505, "gnorm": 1.487, "tok_per_s": 84046.0, "load": 2.44091796875}
{"event": "step", "step": 800, "loss": 5.7728, "lr": 0.0006144393241167435, "gnorm": 1.288, "tok_per_s": 84037.0, "load": 2.37255859375}
{"event": "step", "step": 900, "loss": 5.5218, "lr": 0.0006912442396313364, "gnorm": 1.167, "tok_per_s": 84014.6, "load": 2.314453125}
{"event": "step", "step": 1000, "loss": 5.7155, "lr": 0.0007680491551459293, "gnorm": 1.135, "tok_per_s": 83992.8, "load": 2.265625}
{"event": "step", "step": 1100, "loss": 5.184, "lr": 0.0008448540706605224, "gnorm": 1.029, "tok_per_s": 83958.6, "load": 2.22412109375}
{"event": "step", "step": 1200, "loss": 5.3778, "lr": 0.0009216589861751152, "gnorm": 1.015, "tok_per_s": 83957.1, "load": 2.189453125}
{"event": "step", "step": 1300, "loss": 5.3711, "lr": 0.0009984639016897081, "gnorm": 0.981, "tok_per_s": 83896.2, "load": 2.15966796875}
{"event": "step", "step": 1400, "loss": 5.2419, "lr": 0.001075268817204301, "gnorm": 0.939, "tok_per_s": 83905.2, "load": 2.2890625}
{"event": "step", "step": 1500, "loss": 5.31, "lr": 0.001152073732718894, "gnorm": 0.875, "tok_per_s": 83872.1, "load": 2.48486328125}
{"event": "step", "step": 1600, "loss": 5.1785, "lr": 0.001228878648233487, "gnorm": 0.855, "tok_per_s": 83792.5, "load": 2.48388671875}
{"event": "step", "step": 1700, "loss": 5.0213, "lr": 0.00130568356374808, "gnorm": 0.776, "tok_per_s": 83825.8, "load": 2.525390625}
{"event": "step", "step": 1800, "loss": 5.0899, "lr": 0.0013824884792626728, "gnorm": 0.739, "tok_per_s": 83833.1, "load": 2.44384765625}
{"event": "step", "step": 1900, "loss": 5.1983, "lr": 0.0014592933947772657, "gnorm": 0.754, "tok_per_s": 83767.2, "load": 2.4560546875}
{"event": "step", "step": 2000, "loss": 5.2831, "lr": 0.0015360983102918587, "gnorm": 0.699, "tok_per_s": 83770.2, "load": 2.4599609375}
{"event": "step", "step": 2100, "loss": 5.2615, "lr": 0.0016129032258064516, "gnorm": 0.701, "tok_per_s": 83746.7, "load": 2.388671875}
{"event": "step", "step": 2200, "loss": 5.1298, "lr": 0.0016897081413210448, "gnorm": 0.635, "tok_per_s": 83754.7, "load": 2.4091796875}
{"event": "step", "step": 2300, "loss": 4.981, "lr": 0.0017665130568356375, "gnorm": 0.605, "tok_per_s": 83798.3, "load": 2.345703125}
{"event": "step", "step": 2400, "loss": 4.9861, "lr": 0.0018433179723502304, "gnorm": 0.575, "tok_per_s": 83819.1, "load": 2.2919921875}
{"event": "step", "step": 2500, "loss": 5.084, "lr": 0.0019201228878648233, "gnorm": 0.595, "tok_per_s": 83806.7, "load": 2.24658203125}
{"event": "step", "step": 2600, "loss": 4.8702, "lr": 0.0019969278033794163, "gnorm": 0.555, "tok_per_s": 83807.9, "load": 2.2080078125}
{"event": "step", "step": 2700, "loss": 5.1134, "lr": 0.002073732718894009, "gnorm": 0.574, "tok_per_s": 83801.4, "load": 2.17529296875}
{"event": "step", "step": 2800, "loss": 4.9528, "lr": 0.002150537634408602, "gnorm": 0.512, "tok_per_s": 83793.3, "load": 2.14794921875}
{"event": "step", "step": 2900, "loss": 5.0071, "lr": 0.0022273425499231953, "gnorm": 0.5, "tok_per_s": 83786.9, "load": 2.19873046875}
{"event": "step", "step": 3000, "loss": 5.1643, "lr": 0.002304147465437788, "gnorm": 0.505, "tok_per_s": 83786.3, "load": 2.16796875}
{"event": "step", "step": 3100, "loss": 4.7737, "lr": 0.002380952380952381, "gnorm": 0.469, "tok_per_s": 83771.7, "load": 2.1416015625}
{"event": "step", "step": 3200, "loss": 4.9298, "lr": 0.002457757296466974, "gnorm": 0.45, "tok_per_s": 83761.8, "load": 2.119140625}
{"event": "step", "step": 3300, "loss": 5.0552, "lr": 0.002534562211981567, "gnorm": 0.447, "tok_per_s": 83742.6, "load": 2.1005859375}
{"event": "step", "step": 3400, "loss": 5.0286, "lr": 0.00261136712749616, "gnorm": 0.413, "tok_per_s": 83772.0, "load": 2.08447265625}
{"event": "step", "step": 3500, "loss": 4.9712, "lr": 0.002688172043010753, "gnorm": 0.411, "tok_per_s": 83784.4, "load": 2.0712890625}
{"event": "step", "step": 3600, "loss": 5.1002, "lr": 0.0027649769585253456, "gnorm": 0.384, "tok_per_s": 83790.6, "load": 2.140625}
{"event": "step", "step": 3700, "loss": 4.804, "lr": 0.0028417818740399383, "gnorm": 0.365, "tok_per_s": 83756.2, "load": 2.1181640625}
{"event": "step", "step": 3800, "loss": 4.9735, "lr": 0.0029185867895545315, "gnorm": 0.382, "tok_per_s": 83730.9, "load": 2.099609375}
{"event": "step", "step": 3900, "loss": 4.8064, "lr": 0.0029953917050691246, "gnorm": 0.358, "tok_per_s": 83726.9, "load": 2.171875}
{"event": "step", "step": 4000, "loss": 5.0826, "lr": 0.002999998427255279, "gnorm": 0.349, "tok_per_s": 83762.2, "load": 2.29931640625}
{"event": "step", "step": 4100, "loss": 4.9685, "lr": 0.002999993226600707, "gnorm": 0.33, "tok_per_s": 83749.0, "load": 2.25244140625}
{"event": "step", "step": 4200, "loss": 4.8629, "lr": 0.0029999843891400707, "gnorm": 0.338, "tok_per_s": 83751.8, "load": 2.29345703125}
{"event": "step", "step": 4300, "loss": 4.7988, "lr": 0.0029999719148971794, "gnorm": 0.317, "tok_per_s": 83772.5, "load": 2.3955078125}
{"event": "step", "step": 4400, "loss": 4.8041, "lr": 0.0029999558039056373, "gnorm": 0.338, "tok_per_s": 83807.9, "load": 2.33447265625}
{"event": "step", "step": 4500, "loss": 4.913, "lr": 0.002999936056208846, "gnorm": 0.321, "tok_per_s": 83827.0, "load": 2.28271484375}
{"event": "step", "step": 4600, "loss": 4.8875, "lr": 0.002999912671860006, "gnorm": 0.32, "tok_per_s": 83850.5, "load": 2.23876953125}
{"event": "step", "step": 4700, "loss": 4.9229, "lr": 0.0029998856509221125, "gnorm": 0.311, "tok_per_s": 83843.4, "load": 2.50341796875}
{"event": "step", "step": 4800, "loss": 4.9368, "lr": 0.0029998549934679587, "gnorm": 0.307, "tok_per_s": 83863.4, "load": 2.42578125}
{"event": "step", "step": 4900, "loss": 4.8591, "lr": 0.0029998206995801332, "gnorm": 0.308, "tok_per_s": 83851.7, "load": 2.35986328125}
{"event": "step", "step": 5000, "loss": 4.8429, "lr": 0.0029997827693510233, "gnorm": 0.311, "tok_per_s": 83869.0, "load": 2.3037109375}
{"event": "step", "step": 5100, "loss": 4.766, "lr": 0.0029997412028828106, "gnorm": 0.319, "tok_per_s": 67619.2, "load": 2.2568359375}
{"event": "step", "step": 5200, "loss": 4.7525, "lr": 0.0029996960002874715, "gnorm": 0.301, "tok_per_s": 83848.9, "load": 2.61767578125}
{"event": "step", "step": 5300, "loss": 4.5831, "lr": 0.002999647161686781, "gnorm": 0.277, "tok_per_s": 83814.4, "load": 2.6025390625}
{"event": "step", "step": 5400, "loss": 4.6635, "lr": 0.002999594687212306, "gnorm": 0.292, "tok_per_s": 83832.0, "load": 2.58349609375}
{"event": "step", "step": 5500, "loss": 4.4816, "lr": 0.0029995385770054113, "gnorm": 0.282, "tok_per_s": 83787.0, "load": 2.65380859375}
{"event": "step", "step": 5600, "loss": 4.7191, "lr": 0.0029994788312172537, "gnorm": 0.298, "tok_per_s": 83752.2, "load": 2.70751953125}
{"event": "step", "step": 5700, "loss": 4.6397, "lr": 0.0029994154500087846, "gnorm": 0.271, "tok_per_s": 83763.6, "load": 2.6787109375}
{"event": "step", "step": 5800, "loss": 4.7491, "lr": 0.0029993484335507506, "gnorm": 0.283, "tok_per_s": 83752.0, "load": 2.57373046875}
{"event": "step", "step": 5900, "loss": 4.9373, "lr": 0.0029992777820236896, "gnorm": 0.363, "tok_per_s": 83743.2, "load": 2.6328125}
{"event": "step", "step": 6000, "loss": 4.6601, "lr": 0.0029992034956179327, "gnorm": 0.275, "tok_per_s": 83750.4, "load": 2.609375}
{"event": "step", "step": 6100, "loss": 4.6291, "lr": 0.0029991255745336035, "gnorm": 0.316, "tok_per_s": 83752.6, "load": 2.58935546875}
{"event": "step", "step": 6200, "loss": 4.8007, "lr": 0.0029990440189806176, "gnorm": 0.3, "tok_per_s": 83841.5, "load": 2.65283203125}
{"event": "step", "step": 6300, "loss": 4.8109, "lr": 0.00299895882917868, "gnorm": 0.304, "tok_per_s": 83844.7, "load": 2.69970703125}
{"event": "step", "step": 6400, "loss": 4.586, "lr": 0.002998870005357288, "gnorm": 0.279, "tok_per_s": 83862.2, "load": 2.8203125}
{"event": "step", "step": 6500, "loss": 4.418, "lr": 0.002998777547755728, "gnorm": 0.263, "tok_per_s": 83852.5, "load": 2.7744140625}
{"event": "step", "step": 6600, "loss": 4.524, "lr": 0.0029986814566230753, "gnorm": 0.283, "tok_per_s": 83859.7, "load": 2.7353515625}
{"event": "step", "step": 6700, "loss": 4.6346, "lr": 0.0029985817322181942, "gnorm": 0.277, "tok_per_s": 83844.6, "load": 2.923828125}
{"event": "step", "step": 6800, "loss": 4.6511, "lr": 0.002998478374809737, "gnorm": 0.266, "tok_per_s": 83794.8, "load": 2.85546875}
{"event": "step", "step": 6900, "loss": 4.6107, "lr": 0.0029983713846761413, "gnorm": 0.274, "tok_per_s": 83770.7, "load": 2.72314453125}
{"event": "step", "step": 7000, "loss": 4.5241, "lr": 0.0029982607621056347, "gnorm": 0.28, "tok_per_s": 83770.4, "load": 2.76611328125}
{"event": "step", "step": 7100, "loss": 4.4452, "lr": 0.002998146507396226, "gnorm": 0.266, "tok_per_s": 83792.4, "load": 2.869140625}
{"event": "step", "step": 7200, "loss": 4.4338, "lr": 0.002998028620855713, "gnorm": 0.271, "tok_per_s": 83827.3, "load": 2.8798828125}
{"event": "step", "step": 7300, "loss": 4.654, "lr": 0.002997907102801674, "gnorm": 0.325, "tok_per_s": 83839.8, "load": 3.05224609375}
{"event": "step", "step": 7400, "loss": 4.4971, "lr": 0.002997781953561472, "gnorm": 0.27, "tok_per_s": 83874.2, "load": 3.111328125}
{"event": "step", "step": 7500, "loss": 4.6524, "lr": 0.0029976531734722534, "gnorm": 0.275, "tok_per_s": 83882.8, "load": 3.02001953125}
{"event": "step", "step": 7600, "loss": 4.5023, "lr": 0.0029975207628809425, "gnorm": 0.276, "tok_per_s": 83863.6, "load": 2.86279296875}
{"event": "step", "step": 7700, "loss": 4.5208, "lr": 0.0029973847221442477, "gnorm": 0.271, "tok_per_s": 83887.7, "load": 2.81005859375}
{"event": "step", "step": 7800, "loss": 4.4516, "lr": 0.0029972450516286536, "gnorm": 0.296, "tok_per_s": 83906.7, "load": 2.68505859375}
{"event": "step", "step": 7900, "loss": 4.5866, "lr": 0.0029971017517104264, "gnorm": 0.293, "tok_per_s": 83894.3, "load": 2.88134765625}
{"event": "step", "step": 8000, "loss": 4.5678, "lr": 0.002996954822775607, "gnorm": 0.27, "tok_per_s": 83906.2, "load": 2.89990234375}
{"event": "step", "step": 8100, "loss": 4.4465, "lr": 0.0029968042652200135, "gnorm": 0.271, "tok_per_s": 83914.1, "load": 2.83544921875}
{"event": "step", "step": 8200, "loss": 4.3736, "lr": 0.00299665007944924, "gnorm": 0.266, "tok_per_s": 83919.6, "load": 2.86083984375}
{"event": "step", "step": 8300, "loss": 4.4546, "lr": 0.0029964922658786545, "gnorm": 0.35, "tok_per_s": 83909.6, "load": 2.72802734375}
{"event": "step", "step": 8400, "loss": 4.476, "lr": 0.002996330824933398, "gnorm": 0.328, "tok_per_s": 83907.3, "load": 2.77001953125}
{"event": "step", "step": 8500, "loss": 4.4613, "lr": 0.002996165757048382, "gnorm": 0.267, "tok_per_s": 83914.0, "load": 2.8857421875}
{"event": "step", "step": 8600, "loss": 4.5578, "lr": 0.002995997062668292, "gnorm": 0.342, "tok_per_s": 83886.1, "load": 2.82958984375}
{"event": "step", "step": 8700, "loss": 4.4232, "lr": 0.0029958247422475805, "gnorm": 0.272, "tok_per_s": 83913.7, "load": 2.85595703125}
{"event": "step", "step": 8800, "loss": 4.5263, "lr": 0.002995648796250468, "gnorm": 0.324, "tok_per_s": 83924.3, "load": 2.7236328125}
{"event": "step", "step": 8900, "loss": 4.5602, "lr": 0.002995469225150945, "gnorm": 0.349, "tok_per_s": 83929.6, "load": 2.6923828125}
{"event": "step", "step": 9000, "loss": 4.4591, "lr": 0.002995286029432764, "gnorm": 0.275, "tok_per_s": 83928.7, "load": 2.89404296875}
{"event": "step", "step": 9100, "loss": 4.6134, "lr": 0.0029950992095894454, "gnorm": 0.319, "tok_per_s": 83918.0, "load": 2.984375}
{"event": "step", "step": 9200, "loss": 4.4993, "lr": 0.0029949087661242718, "gnorm": 0.283, "tok_per_s": 83919.6, "load": 3.0673828125}
{"event": "step", "step": 9300, "loss": 4.3881, "lr": 0.002994714699550286, "gnorm": 0.274, "tok_per_s": 83921.7, "load": 3.14208984375}
{"event": "step", "step": 9400, "loss": 4.5788, "lr": 0.0029945170103902923, "gnorm": 0.298, "tok_per_s": 83900.6, "load": 3.2001953125}
{"event": "step", "step": 9500, "loss": 4.6926, "lr": 0.0029943156991768553, "gnorm": 0.304, "tok_per_s": 83913.5, "load": 5.3056640625}
{"event": "step", "step": 9600, "loss": 4.5359, "lr": 0.0029941107664522956, "gnorm": 0.288, "tok_per_s": 83900.8, "load": 5.11083984375}
{"event": "step", "step": 9700, "loss": 4.5141, "lr": 0.002993902212768691, "gnorm": 0.302, "tok_per_s": 83891.8, "load": 4.939453125}
{"event": "step", "step": 9800, "loss": 4.4357, "lr": 0.0029936900386878717, "gnorm": 0.292, "tok_per_s": 83879.5, "load": 11.40625}
{"event": "step", "step": 9900, "loss": 4.352, "lr": 0.002993474244781425, "gnorm": 0.274, "tok_per_s": 83882.6, "load": 13.27880859375}
{"event": "step", "step": 10000, "loss": 4.3905, "lr": 0.002993254831630686, "gnorm": 0.306, "tok_per_s": 83864.5, "load": 18.2587890625}
{"event": "step", "step": 10100, "loss": 4.4123, "lr": 0.0029930317998267423, "gnorm": 0.288, "tok_per_s": 65919.3, "load": 21.13818359375}
{"event": "step", "step": 10200, "loss": 4.5968, "lr": 0.0029928051499704287, "gnorm": 0.259, "tok_per_s": 83920.8, "load": 23.89453125}
{"event": "step", "step": 10300, "loss": 4.3543, "lr": 0.0029925748826723276, "gnorm": 0.339, "tok_per_s": 83851.8, "load": 23.92333984375}
{"event": "step", "step": 10400, "loss": 4.362, "lr": 0.0029923409985527657, "gnorm": 0.313, "tok_per_s": 83858.4, "load": 23.6533203125}
{"event": "step", "step": 10500, "loss": 4.6507, "lr": 0.002992103498241814, "gnorm": 0.291, "tok_per_s": 83879.9, "load": 22.1591796875}
{"event": "step", "step": 10600, "loss": 4.3968, "lr": 0.0029918623823792846, "gnorm": 0.31, "tok_per_s": 83861.6, "load": 24.92138671875}
{"event": "step", "step": 10700, "loss": 4.5426, "lr": 0.0029916176516147307, "gnorm": 0.271, "tok_per_s": 83840.6, "load": 21.8515625}
{"event": "step", "step": 10800, "loss": 4.6758, "lr": 0.0029913693066074424, "gnorm": 0.279, "tok_per_s": 83820.6, "load": 22.076171875}
{"event": "step", "step": 10900, "loss": 4.4083, "lr": 0.0029911173480264485, "gnorm": 0.291, "tok_per_s": 83783.0, "load": 22.8203125}
{"event": "step", "step": 11000, "loss": 4.5329, "lr": 0.0029908617765505106, "gnorm": 0.275, "tok_per_s": 83777.3, "load": 23.59765625}
{"event": "step", "step": 11100, "loss": 4.5602, "lr": 0.0029906025928681237, "gnorm": 0.288, "tok_per_s": 83761.5, "load": 23.361328125}
{"event": "step", "step": 11200, "loss": 4.4297, "lr": 0.002990339797677514, "gnorm": 0.294, "tok_per_s": 83760.8, "load": 23.9814453125}
{"event": "step", "step": 11300, "loss": 4.4521, "lr": 0.0029900733916866378, "gnorm": 0.375, "tok_per_s": 83763.5, "load": 24.2666015625}
{"event": "step", "step": 11400, "loss": 4.3413, "lr": 0.0029898033756131774, "gnorm": 0.268, "tok_per_s": 83751.1, "load": 25.85302734375}
{"event": "step", "step": 11500, "loss": 4.228, "lr": 0.0029895297501845407, "gnorm": 0.294, "tok_per_s": 83750.1, "load": 25.1455078125}
{"event": "step", "step": 11600, "loss": 4.3725, "lr": 0.0029892525161378603, "gnorm": 0.276, "tok_per_s": 83856.1, "load": 25.14892578125}
{"event": "step", "step": 11700, "loss": 4.66, "lr": 0.0029889716742199876, "gnorm": 0.28, "tok_per_s": 83848.2, "load": 27.50634765625}
{"event": "step", "step": 11800, "loss": 4.4535, "lr": 0.0029886872251874965, "gnorm": 0.275, "tok_per_s": 83831.5, "load": 24.67333984375}
{"event": "step", "step": 11900, "loss": 4.5526, "lr": 0.0029883991698066758, "gnorm": 0.367, "tok_per_s": 83818.2, "load": 22.28857421875}
{"event": "step", "step": 12000, "loss": 4.5934, "lr": 0.0029881075088535308, "gnorm": 0.386, "tok_per_s": 83842.4, "load": 19.55615234375}
{"event": "step", "step": 12100, "loss": 4.3269, "lr": 0.00298781224311378, "gnorm": 0.272, "tok_per_s": 83818.5, "load": 17.31787109375}
{"event": "step", "step": 12200, "loss": 4.3911, "lr": 0.002987513373382852, "gnorm": 0.319, "tok_per_s": 83789.1, "load": 15.26953125}
{"event": "step", "step": 12300, "loss": 4.5362, "lr": 0.0029872109004658864, "gnorm": 0.318, "tok_per_s": 83774.5, "load": 13.68994140625}
{"event": "step", "step": 12400, "loss": 4.3626, "lr": 0.0029869048251777272, "gnorm": 0.296, "tok_per_s": 83763.1, "load": 12.353515625}
{"event": "step", "step": 12500, "loss": 4.6599, "lr": 0.002986595148342924, "gnorm": 0.297, "tok_per_s": 83795.9, "load": 11.37646484375}
{"event": "step", "step": 12600, "loss": 4.3042, "lr": 0.0029862818707957297, "gnorm": 0.299, "tok_per_s": 83780.5, "load": 10.703125}
{"event": "step", "step": 12700, "loss": 4.478, "lr": 0.002985964993380096, "gnorm": 0.36, "tok_per_s": 83810.1, "load": 10.24609375}
{"event": "step", "step": 12800, "loss": 4.3145, "lr": 0.0029856445169496727, "gnorm": 0.334, "tok_per_s": 83821.7, "load": 9.4453125}
{"event": "step", "step": 12900, "loss": 4.2536, "lr": 0.002985320442367805, "gnorm": 0.254, "tok_per_s": 83853.7, "load": 8.76123046875}
{"event": "step", "step": 13000, "loss": 4.4423, "lr": 0.002984992770507533, "gnorm": 0.297, "tok_per_s": 83875.4, "load": 8.18896484375}
{"event": "step", "step": 13100, "loss": 4.3281, "lr": 0.0029846615022515845, "gnorm": 0.291, "tok_per_s": 83890.4, "load": 7.39111328125}
{"event": "step", "step": 13200, "loss": 4.538, "lr": 0.002984326638492379, "gnorm": 0.301, "tok_per_s": 83810.1, "load": 7.47802734375}
{"event": "step", "step": 13300, "loss": 4.4537, "lr": 0.0029839881801320203, "gnorm": 0.396, "tok_per_s": 83868.6, "load": 7.51025390625}
{"event": "step", "step": 13400, "loss": 4.218, "lr": 0.0029836461280822965, "gnorm": 0.287, "tok_per_s": 83893.5, "load": 6.81640625}
{"event": "step", "step": 13500, "loss": 4.5405, "lr": 0.002983300483264676, "gnorm": 0.313, "tok_per_s": 83828.5, "load": 6.38330078125}
{"event": "step", "step": 13600, "loss": 4.3053, "lr": 0.002982951246610307, "gnorm": 0.277, "tok_per_s": 83824.3, "load": 6.15771484375}
{"event": "step", "step": 13700, "loss": 4.4041, "lr": 0.002982598419060013, "gnorm": 0.304, "tok_per_s": 83887.8, "load": 5.91259765625}
{"event": "step", "step": 13800, "loss": 4.5991, "lr": 0.0029822420015642925, "gnorm": 0.286, "tok_per_s": 83900.6, "load": 5.55078125}
{"event": "step", "step": 13900, "loss": 4.5472, "lr": 0.002981881995083314, "gnorm": 0.311, "tok_per_s": 83905.1, "load": 5.37939453125}
{"event": "step", "step": 14000, "loss": 4.3068, "lr": 0.0029815184005869137, "gnorm": 0.389, "tok_per_s": 83903.8, "load": 5.01318359375}
{"event": "step", "step": 14100, "loss": 4.459, "lr": 0.0029811512190545965, "gnorm": 0.383, "tok_per_s": 83889.8, "load": 4.92431640625}
{"event": "step", "step": 14200, "loss": 4.342, "lr": 0.0029807804514755273, "gnorm": 0.281, "tok_per_s": 83877.4, "load": 5.0166015625}
{"event": "step", "step": 14300, "loss": 4.4728, "lr": 0.0029804060988485345, "gnorm": 0.369, "tok_per_s": 83863.9, "load": 5.087890625}
{"event": "step", "step": 14400, "loss": 4.4291, "lr": 0.002980028162182102, "gnorm": 0.389, "tok_per_s": 83864.6, "load": 4.7666015625}
{"event": "step", "step": 14500, "loss": 4.4368, "lr": 0.002979646642494371, "gnorm": 0.264, "tok_per_s": 83861.2, "load": 4.72900390625}
{"event": "step", "step": 14600, "loss": 4.5022, "lr": 0.0029792615408131325, "gnorm": 0.297, "tok_per_s": 83861.1, "load": 4.83154296875}
{"event": "step", "step": 14700, "loss": 4.5279, "lr": 0.0029788728581758308, "gnorm": 0.348, "tok_per_s": 83782.0, "load": 4.78369140625}
{"event": "step", "step": 14800, "loss": 4.4088, "lr": 0.002978480595629554, "gnorm": 0.281, "tok_per_s": 83833.7, "load": 4.9775390625}
{"event": "step", "step": 14900, "loss": 4.4082, "lr": 0.002978084754231036, "gnorm": 0.298, "tok_per_s": 83825.2, "load": 5.0595703125}
{"event": "step", "step": 15000, "loss": 4.3619, "lr": 0.00297768533504665, "gnorm": 0.335, "tok_per_s": 83830.5, "load": 5.05712890625}
{"event": "step", "step": 15100, "loss": 4.451, "lr": 0.0029772823391524114, "gnorm": 0.424, "tok_per_s": 66172.5, "load": 5.197265625}
{"event": "step", "step": 15200, "loss": 4.3486, "lr": 0.002976875767633966, "gnorm": 0.27, "tok_per_s": 83884.9, "load": 5.17333984375}
{"event": "step", "step": 15300, "loss": 4.3507, "lr": 0.0029764656215865958, "gnorm": 0.443, "tok_per_s": 83836.2, "load": 5.53466796875}
{"event": "step", "step": 15400, "loss": 4.3669, "lr": 0.002976051902115211, "gnorm": 0.299, "tok_per_s": 83803.5, "load": 5.3720703125}
{"event": "step", "step": 15500, "loss": 4.2939, "lr": 0.002975634610334349, "gnorm": 0.283, "tok_per_s": 83817.3, "load": 5.30810546875}
{"event": "step", "step": 15600, "loss": 4.2367, "lr": 0.002975213747368171, "gnorm": 0.352, "tok_per_s": 83772.4, "load": 5.34716796875}
{"event": "step", "step": 15700, "loss": 4.3731, "lr": 0.0029747893143504565, "gnorm": 0.263, "tok_per_s": 83806.4, "load": 5.51513671875}
{"event": "step", "step": 15800, "loss": 4.235, "lr": 0.0029743613124246057, "gnorm": 0.299, "tok_per_s": 83859.0, "load": 5.59033203125}
{"event": "step", "step": 15900, "loss": 4.4885, "lr": 0.002973929742743631, "gnorm": 0.28, "tok_per_s": 83842.2, "load": 7.34130859375}
{"event": "step", "step": 16000, "loss": 4.4649, "lr": 0.002973494606470158, "gnorm": 0.262, "tok_per_s": 83837.0, "load": 6.9072265625}
{"event": "step", "step": 16100, "loss": 4.3655, "lr": 0.0029730559047764183, "gnorm": 0.283, "tok_per_s": 83833.6, "load": 6.75439453125}
{"event": "step", "step": 16200, "loss": 4.4801, "lr": 0.00297261363884425, "gnorm": 0.332, "tok_per_s": 83820.0, "load": 6.484375}
{"event": "step", "step": 16300, "loss": 4.4076, "lr": 0.002972167809865093, "gnorm": 0.334, "tok_per_s": 83828.3, "load": 6.255859375}
{"event": "step", "step": 16400, "loss": 4.226, "lr": 0.002971718419039985, "gnorm": 0.27, "tok_per_s": 83837.2, "load": 6.142578125}
{"event": "step", "step": 16500, "loss": 4.4587, "lr": 0.002971265467579561, "gnorm": 0.29, "tok_per_s": 83825.9, "load": 5.96630859375}
{"event": "step", "step": 16600, "loss": 4.4337, "lr": 0.002970808956704045, "gnorm": 0.342, "tok_per_s": 83814.2, "load": 5.8173828125}
{"event": "step", "step": 16700, "loss": 4.543, "lr": 0.0029703488876432526, "gnorm": 0.268, "tok_per_s": 83802.7, "load": 9.15380859375}
{"event": "step", "step": 16800, "loss": 4.2905, "lr": 0.0029698852616365846, "gnorm": 0.258, "tok_per_s": 83778.1, "load": 8.66845703125}
{"event": "step", "step": 16900, "loss": 4.3611, "lr": 0.002969418079933023, "gnorm": 0.369, "tok_per_s": 83781.6, "load": 8.177734375}
{"event": "step", "step": 17000, "loss": 4.3765, "lr": 0.0029689473437911284, "gnorm": 0.3, "tok_per_s": 83822.7, "load": 7.7685546875}
{"event": "step", "step": 17100, "loss": 4.372, "lr": 0.0029684730544790386, "gnorm": 0.458, "tok_per_s": 83825.9, "load": 7.2685546875}
{"event": "step", "step": 17200, "loss": 4.315, "lr": 0.002967995213274462, "gnorm": 0.29, "tok_per_s": 83826.4, "load": 7.455078125}
{"event": "step", "step": 17300, "loss": 4.4344, "lr": 0.002967513821464676, "gnorm": 0.285, "tok_per_s": 83810.8, "load": 7.23095703125}
{"event": "step", "step": 17400, "loss": 4.3925, "lr": 0.002967028880346523, "gnorm": 0.307, "tok_per_s": 83813.3, "load": 7.115234375}
{"event": "step", "step": 17500, "loss": 4.3402, "lr": 0.0029665403912264078, "gnorm": 0.269, "tok_per_s": 83823.9, "load": 6.86962890625}
{"event": "step", "step": 17600, "loss": 4.3465, "lr": 0.002966048355420292, "gnorm": 0.519, "tok_per_s": 83832.7, "load": 6.6552734375}
{"event": "step", "step": 17700, "loss": 4.3788, "lr": 0.0029655527742536926, "gnorm": 0.437, "tok_per_s": 83815.3, "load": 6.40673828125}
{"event": "step", "step": 17800, "loss": 4.4455, "lr": 0.002965053649061678, "gnorm": 0.272, "tok_per_s": 83801.8, "load": 6.1162109375}
{"event": "step", "step": 17900, "loss": 4.3177, "lr": 0.0029645509811888635, "gnorm": 0.274, "tok_per_s": 83793.6, "load": 5.9375}
{"event": "step", "step": 18000, "loss": 4.5506, "lr": 0.0029640447719894067, "gnorm": 0.287, "tok_per_s": 83784.7, "load": 5.87353515625}
{"event": "step", "step": 18100, "loss": 4.3578, "lr": 0.0029635350228270087, "gnorm": 0.34, "tok_per_s": 83755.7, "load": 6.0537109375}
{"event": "step", "step": 18200, "loss": 4.1849, "lr": 0.0029630217350749043, "gnorm": 0.275, "tok_per_s": 83802.2, "load": 5.8916015625}
{"event": "step", "step": 18300, "loss": 4.3121, "lr": 0.002962504910115862, "gnorm": 0.311, "tok_per_s": 83813.9, "load": 5.81982421875}
{"event": "step", "step": 18400, "loss": 4.2181, "lr": 0.002961984549342179, "gnorm": 0.326, "tok_per_s": 83806.7, "load": 5.6875}
{"event": "step", "step": 18500, "loss": 4.3589, "lr": 0.0029614606541556784, "gnorm": 0.362, "tok_per_s": 83797.6, "load": 5.65576171875}
{"event": "step", "step": 18600, "loss": 4.2652, "lr": 0.0029609332259677044, "gnorm": 0.324, "tok_per_s": 83809.9, "load": 5.62841796875}
{"event": "step", "step": 18700, "loss": 4.4001, "lr": 0.0029604022661991183, "gnorm": 0.3, "tok_per_s": 83814.3, "load": 5.53125}
{"event": "step", "step": 18800, "loss": 4.2725, "lr": 0.002959867776280297, "gnorm": 0.311, "tok_per_s": 83823.2, "load": 5.44873046875}
{"event": "step", "step": 18900, "loss": 4.1776, "lr": 0.002959329757651126, "gnorm": 0.326, "tok_per_s": 83792.1, "load": 5.5205078125}
{"event": "step", "step": 19000, "loss": 4.3755, "lr": 0.0029587882117609976, "gnorm": 0.261, "tok_per_s": 83816.3, "load": 5.43994140625}
{"event": "step", "step": 19100, "loss": 4.3525, "lr": 0.0029582431400688052, "gnorm": 0.269, "tok_per_s": 83817.2, "load": 5.60009765625}
{"event": "step", "step": 19200, "loss": 4.4004, "lr": 0.002957694544042942, "gnorm": 0.304, "tok_per_s": 83808.6, "load": 5.35986328125}
{"event": "step", "step": 19300, "loss": 4.1837, "lr": 0.0029571424251612953, "gnorm": 0.38, "tok_per_s": 83802.5, "load": 5.3779296875}
{"event": "step", "step": 19400, "loss": 4.4256, "lr": 0.0029565867849112417, "gnorm": 0.384, "tok_per_s": 83806.1, "load": 5.32666015625}
{"event": "step", "step": 19500, "loss": 4.3536, "lr": 0.002956027624789645, "gnorm": 0.443, "tok_per_s": 83806.8, "load": 5.4306640625}
{"event": "step", "step": 19600, "loss": 4.4032, "lr": 0.002955464946302851, "gnorm": 0.332, "tok_per_s": 83813.1, "load": 5.43798828125}
{"event": "step", "step": 19700, "loss": 4.3584, "lr": 0.0029548987509666847, "gnorm": 0.319, "tok_per_s": 83805.4, "load": 5.53076171875}
{"event": "step", "step": 19800, "loss": 4.1001, "lr": 0.0029543290403064447, "gnorm": 0.491, "tok_per_s": 83802.6, "load": 5.5224609375}
{"event": "step", "step": 19900, "loss": 4.2983, "lr": 0.0029537558158568983, "gnorm": 0.488, "tok_per_s": 83790.3, "load": 5.6025390625}
{"event": "step", "step": 20000, "loss": 4.1919, "lr": 0.0029531790791622816, "gnorm": 0.276, "tok_per_s": 83825.2, "load": 5.509765625}
{"event": "eval_quick", "step": 20000, "bpb": 1.4064076762483744, "nats_per_token": 4.2404884875450275, "tokens": 16379, "bytes": 71247}
{"event": "step", "step": 20100, "loss": 4.1609, "lr": 0.0029525988317762896, "gnorm": 0.362, "tok_per_s": 64996.3, "load": 5.5048828125}
{"event": "step", "step": 20200, "loss": 4.2872, "lr": 0.0029520150752620766, "gnorm": 0.295, "tok_per_s": 83800.0, "load": 5.4267578125}
{"event": "step", "step": 20300, "loss": 4.4567, "lr": 0.002951427811192251, "gnorm": 0.309, "tok_per_s": 83785.0, "load": 5.36767578125}
{"event": "step", "step": 20400, "loss": 4.3129, "lr": 0.0029508370411488677, "gnorm": 0.368, "tok_per_s": 83839.3, "load": 5.23681640625}
{"event": "step", "step": 20500, "loss": 4.3596, "lr": 0.0029502427667234287, "gnorm": 0.329, "tok_per_s": 83798.4, "load": 5.1943359375}
{"event": "step", "step": 20600, "loss": 4.3439, "lr": 0.0029496449895168764, "gnorm": 0.512, "tok_per_s": 83787.2, "load": 5.1640625}
{"event": "step", "step": 20700, "loss": 4.2436, "lr": 0.0029490437111395883, "gnorm": 0.264, "tok_per_s": 83820.1, "load": 5.3056640625}
{"event": "step", "step": 20800, "loss": 4.3676, "lr": 0.0029484389332113756, "gnorm": 0.43, "tok_per_s": 83791.6, "load": 5.2578125}
{"event": "step", "step": 20900, "loss": 4.4512, "lr": 0.0029478306573614754, "gnorm": 0.297, "tok_per_s": 83790.9, "load": 5.51953125}
{"event": "step", "step": 21000, "loss": 4.4429, "lr": 0.002947218885228549, "gnorm": 0.359, "tok_per_s": 83785.8, "load": 5.43896484375}
{"event": "step", "step": 21100, "loss": 4.212, "lr": 0.002946603618460676, "gnorm": 0.325, "tok_per_s": 83749.1, "load": 5.37109375}
{"event": "step", "step": 21200, "loss": 4.328, "lr": 0.0029459848587153506, "gnorm": 0.499, "tok_per_s": 83746.9, "load": 5.31396484375}
{"event": "step", "step": 21300, "loss": 4.3278, "lr": 0.002945362607659477, "gnorm": 0.302, "tok_per_s": 83738.1, "load": 5.26513671875}
{"event": "step", "step": 21400, "loss": 4.4312, "lr": 0.002944736866969365, "gnorm": 0.581, "tok_per_s": 83774.0, "load": 5.37158203125}
{"event": "step", "step": 21500, "loss": 4.4279, "lr": 0.0029441076383307243, "gnorm": 0.304, "tok_per_s": 83765.3, "load": 5.38818359375}
{"event": "step", "step": 21600, "loss": 4.5079, "lr": 0.0029434749234386617, "gnorm": 0.378, "tok_per_s": 83735.6, "load": 5.328125}
{"event": "step", "step": 21700, "loss": 4.2009, "lr": 0.0029428387239976766, "gnorm": 0.314, "tok_per_s": 83753.3, "load": 5.20361328125}
{"event": "step", "step": 21800, "loss": 4.3078, "lr": 0.002942199041721653, "gnorm": 0.305, "tok_per_s": 83712.6, "load": 5.18701171875}
{"event": "step", "step": 21900, "loss": 4.3799, "lr": 0.0029415558783338603, "gnorm": 0.273, "tok_per_s": 83697.1, "load": 5.16455078125}
{"event": "step", "step": 22000, "loss": 4.2823, "lr": 0.0029409092355669442, "gnorm": 0.457, "tok_per_s": 83724.8, "load": 5.05908203125}
{"event": "step", "step": 22100, "loss": 4.2543, "lr": 0.002940259115162924, "gnorm": 0.529, "tok_per_s": 83695.9, "load": 6.22216796875}
{"event": "step", "step": 22200, "loss": 4.3449, "lr": 0.0029396055188731876, "gnorm": 0.325, "tok_per_s": 83721.5, "load": 6.11376953125}
{"event": "step", "step": 22300, "loss": 4.3971, "lr": 0.0029389484484584867, "gnorm": 0.277, "tok_per_s": 83704.8, "load": 5.94921875}
{"event": "step", "step": 22400, "loss": 4.3382, "lr": 0.0029382879056889326, "gnorm": 0.421, "tok_per_s": 83709.3, "load": 5.72265625}
{"event": "step", "step": 22500, "loss": 4.2038, "lr": 0.0029376238923439907, "gnorm": 0.4, "tok_per_s": 83689.6, "load": 5.68505859375}
{"event": "step", "step": 22600, "loss": 4.4433, "lr": 0.0029369564102124748, "gnorm": 0.538, "tok_per_s": 83695.6, "load": 5.666015625}
{"event": "step", "step": 22700, "loss": 4.4044, "lr": 0.0029362854610925446, "gnorm": 0.614, "tok_per_s": 83705.2, "load": 5.56982421875}
{"event": "step", "step": 22800, "loss": 4.4031, "lr": 0.0029356110467916997, "gnorm": 0.269, "tok_per_s": 83702.6, "load": 5.40185546875}
{"event": "step", "step": 22900, "loss": 4.337, "lr": 0.002934933169126774, "gnorm": 0.37, "tok_per_s": 83741.7, "load": 5.33984375}
{"event": "step", "step": 23000, "loss": 4.2279, "lr": 0.0029342518299239322, "gnorm": 0.287, "tok_per_s": 83730.0, "load": 5.36767578125}
{"event": "step", "step": 23100, "loss": 4.4946, "lr": 0.0029335670310186644, "gnorm": 0.369, "tok_per_s": 83740.0, "load": 5.310546875}
{"event": "step", "step": 23200, "loss": 4.5067, "lr": 0.00293287877425578, "gnorm": 0.756, "tok_per_s": 83732.8, "load": 5.2626953125}
{"event": "step", "step": 23300, "loss": 4.3152, "lr": 0.002932187061489404, "gnorm": 0.37, "tok_per_s": 83745.3, "load": 5.2216796875}
{"event": "step", "step": 23400, "loss": 4.1638, "lr": 0.0029314918945829715, "gnorm": 0.315, "tok_per_s": 83700.2, "load": 5.3349609375}
{"event": "step", "step": 23500, "loss": 4.2104, "lr": 0.002930793275409224, "gnorm": 0.344, "tok_per_s": 83727.9, "load": 5.36376953125}
{"event": "step", "step": 23600, "loss": 4.4696, "lr": 0.002930091205850202, "gnorm": 0.462, "tok_per_s": 83733.5, "load": 5.23388671875}
{"event": "step", "step": 23700, "loss": 4.3518, "lr": 0.0029293856877972415, "gnorm": 0.303, "tok_per_s": 83765.2, "load": 5.19140625}
{"event": "step", "step": 23800, "loss": 4.1233, "lr": 0.0029286767231509686, "gnorm": 0.323, "tok_per_s": 83740.7, "load": 5.30908203125}
{"event": "step", "step": 23900, "loss": 4.4121, "lr": 0.002927964313821294, "gnorm": 0.328, "tok_per_s": 83771.4, "load": 5.1875}
{"event": "step", "step": 24000, "loss": 4.3262, "lr": 0.0029272484617274093, "gnorm": 0.336, "tok_per_s": 83780.6, "load": 5.158203125}
{"event": "step", "step": 24100, "loss": 4.2457, "lr": 0.002926529168797779, "gnorm": 0.314, "tok_per_s": 83782.8, "load": 5.2880859375}
{"event": "step", "step": 24200, "loss": 4.3225, "lr": 0.002925806436970138, "gnorm": 0.298, "tok_per_s": 83769.1, "load": 5.34521484375}
{"event": "step", "step": 24300, "loss": 4.2473, "lr": 0.0029250802681914864, "gnorm": 0.271, "tok_per_s": 83788.8, "load": 6.8935546875}
{"event": "step", "step": 24400, "loss": 4.1649, "lr": 0.002924350664418081, "gnorm": 0.277, "tok_per_s": 83799.9, "load": 6.830078125}
{"event": "step", "step": 24500, "loss": 4.2015, "lr": 0.0029236176276154343, "gnorm": 0.288, "tok_per_s": 83834.7, "load": 6.70166015625}
{"event": "step", "step": 24600, "loss": 4.4812, "lr": 0.0029228811597583055, "gnorm": 0.636, "tok_per_s": 83826.5, "load": 6.51318359375}
{"event": "step", "step": 24700, "loss": 4.3762, "lr": 0.0029221412628306982, "gnorm": 0.357, "tok_per_s": 83805.5, "load": 6.353515625}
{"event": "step", "step": 24800, "loss": 4.246, "lr": 0.0029213979388258535, "gnorm": 0.337, "tok_per_s": 83806.0, "load": 6.373046875}
{"event": "step", "step": 24900, "loss": 4.2331, "lr": 0.0029206511897462437, "gnorm": 0.295, "tok_per_s": 83832.6, "load": 6.23486328125}
{"event": "step", "step": 25000, "loss": 4.2525, "lr": 0.0029199010176035696, "gnorm": 0.345, "tok_per_s": 83845.0, "load": 6.04443359375}
{"event": "step", "step": 25100, "loss": 4.3665, "lr": 0.002919147424418753, "gnorm": 0.523, "tok_per_s": 66024.1, "load": 5.74462890625}
{"event": "step", "step": 25200, "loss": 4.3018, "lr": 0.002918390412221932, "gnorm": 0.302, "tok_per_s": 83706.2, "load": 5.70361328125}
{"event": "step", "step": 25300, "loss": 4.088, "lr": 0.002917629983052454, "gnorm": 0.36, "tok_per_s": 83741.9, "load": 5.5947265625}
{"event": "step", "step": 25400, "loss": 4.2309, "lr": 0.0029168661389588732, "gnorm": 0.489, "tok_per_s": 83777.4, "load": 5.546875}
{"event": "step", "step": 25500, "loss": 4.378, "lr": 0.0029160988819989424, "gnorm": 0.671, "tok_per_s": 83868.9, "load": 5.6171875}
{"event": "step", "step": 25600, "loss": 4.2993, "lr": 0.0029153282142396096, "gnorm": 0.319, "tok_per_s": 83859.6, "load": 5.68212890625}
{"event": "step", "step": 25700, "loss": 4.2182, "lr": 0.0029145541377570095, "gnorm": 0.496, "tok_per_s": 83827.5, "load": 5.95263671875}
{"event": "step", "step": 25800, "loss": 4.149, "lr": 0.0029137766546364617, "gnorm": 0.286, "tok_per_s": 83835.8, "load": 5.7255859375}
{"event": "step", "step": 25900, "loss": 4.2614, "lr": 0.002912995766972461, "gnorm": 0.321, "tok_per_s": 83789.8, "load": 10.48681640625}
{"event": "step", "step": 26000, "loss": 4.2704, "lr": 0.002912211476868676, "gnorm": 0.409, "tok_per_s": 83801.5, "load": 9.6494140625}
{"event": "step", "step": 26100, "loss": 4.3708, "lr": 0.0029114237864379406, "gnorm": 0.337, "tok_per_s": 83784.7, "load": 8.9404296875}
{"event": "step", "step": 26200, "loss": 4.3627, "lr": 0.002910632697802247, "gnorm": 0.277, "tok_per_s": 83766.4, "load": 8.25390625}
{"event": "step", "step": 26300, "loss": 4.1773, "lr": 0.002909838213092745, "gnorm": 0.322, "tok_per_s": 83782.9, "load": 7.82666015625}
{"event": "step", "step": 26400, "loss": 4.2253, "lr": 0.0029090403344497317, "gnorm": 0.654, "tok_per_s": 83765.1, "load": 7.4716796875}
{"event": "step", "step": 26500, "loss": 4.1802, "lr": 0.002908239064022647, "gnorm": 0.309, "tok_per_s": 83753.6, "load": 7.017578125}
{"event": "step", "step": 26600, "loss": 4.1093, "lr": 0.0029074344039700683, "gnorm": 0.666, "tok_per_s": 83768.2, "load": 6.7744140625}
{"event": "step", "step": 26700, "loss": 4.3768, "lr": 0.002906626356459706, "gnorm": 0.553, "tok_per_s": 83777.4, "load": 6.5810546875}
{"event": "step", "step": 26800, "loss": 4.2887, "lr": 0.0029058149236683936, "gnorm": 0.365, "tok_per_s": 83806.2, "load": 6.33740234375}
{"event": "step", "step": 26900, "loss": 4.1401, "lr": 0.002905000107782086, "gnorm": 0.418, "tok_per_s": 83833.7, "load": 6.13134765625}
{"event": "step", "step": 27000, "loss": 4.1421, "lr": 0.002904181910995851, "gnorm": 0.421, "tok_per_s": 83834.5, "load": 6.037109375}
{"event": "step", "step": 27100, "loss": 4.345, "lr": 0.0029033603355138647, "gnorm": 0.472, "tok_per_s": 83824.6, "load": 5.876953125}
{"event": "step", "step": 27200, "loss": 4.2318, "lr": 0.0029025353835494066, "gnorm": 0.34, "tok_per_s": 83812.4, "load": 5.81591796875}
{"event": "step", "step": 27300, "loss": 4.2369, "lr": 0.00290170705732485, "gnorm": 0.608, "tok_per_s": 83799.2, "load": 5.91162109375}
{"event": "step", "step": 27400, "loss": 4.114, "lr": 0.00290087535907166, "gnorm": 0.287, "tok_per_s": 83815.9, "load": 5.697265625}
{"event": "step", "step": 27500, "loss": 4.3187, "lr": 0.0029000402910303842, "gnorm": 0.422, "tok_per_s": 83827.8, "load": 5.50927734375}
{"event": "step", "step": 27600, "loss": 4.3101, "lr": 0.00289920185545065, "gnorm": 0.502, "tok_per_s": 83812.8, "load": 5.548828125}
{"event": "step", "step": 27700, "loss": 4.2287, "lr": 0.0028983600545911554, "gnorm": 0.306, "tok_per_s": 83829.3, "load": 5.31640625}
{"event": "step", "step": 27800, "loss": 4.2596, "lr": 0.0028975148907196646, "gnorm": 0.29, "tok_per_s": 83841.2, "load": 5.26171875}
{"event": "step", "step": 27900, "loss": 4.3298, "lr": 0.002896666366113002, "gnorm": 0.313, "tok_per_s": 83839.3, "load": 5.29541015625}
{"event": "step", "step": 28000, "loss": 4.272, "lr": 0.0028958144830570453, "gnorm": 0.357, "tok_per_s": 83831.7, "load": 5.25634765625}
{"event": "step", "step": 28100, "loss": 4.2625, "lr": 0.002894959243846719, "gnorm": 0.329, "tok_per_s": 83865.9, "load": 5.0625}
{"event": "step", "step": 28200, "loss": 4.235, "lr": 0.0028941006507859903, "gnorm": 0.378, "tok_per_s": 83844.9, "load": 5.1201171875}
{"event": "step", "step": 28300, "loss": 4.3038, "lr": 0.002893238706187861, "gnorm": 0.426, "tok_per_s": 83840.8, "load": 5.181640625}
{"event": "step", "step": 28400, "loss": 4.2771, "lr": 0.002892373412374361, "gnorm": 0.307, "tok_per_s": 83848.5, "load": 5.16015625}
{"event": "step", "step": 28500, "loss": 4.3254, "lr": 0.0028915047716765434, "gnorm": 0.358, "tok_per_s": 83856.5, "load": 5.0546875}
{"event": "step", "step": 28600, "loss": 4.132, "lr": 0.002890632786434477, "gnorm": 0.325, "tok_per_s": 83832.6, "load": 5.1201171875}
{"event": "step", "step": 28700, "loss": 4.2719, "lr": 0.0028897574589972423, "gnorm": 0.677, "tok_per_s": 83823.8, "load": 5.181640625}
{"event": "step", "step": 28800, "loss": 4.3641, "lr": 0.0028888787917229217, "gnorm": 0.367, "tok_per_s": 83843.8, "load": 5.07958984375}
{"event": "step", "step": 28900, "loss": 4.3573, "lr": 0.002887996786978596, "gnorm": 0.926, "tok_per_s": 83842.0, "load": 5.06689453125}
{"event": "step", "step": 29000, "loss": 4.2982, "lr": 0.0028871114471403355, "gnorm": 0.303, "tok_per_s": 83836.8, "load": 4.90283203125}
{"event": "step", "step": 29100, "loss": 4.3499, "lr": 0.002886222774593197, "gnorm": 0.307, "tok_per_s": 83806.8, "load": 4.91796875}
{"event": "step", "step": 29200, "loss": 4.4818, "lr": 0.0028853307717312147, "gnorm": 0.501, "tok_per_s": 83854.3, "load": 4.92431640625}
{"event": "step", "step": 29300, "loss": 4.3086, "lr": 0.002884435440957393, "gnorm": 0.297, "tok_per_s": 83819.5, "load": 5.009765625}
{"event": "step", "step": 29400, "loss": 4.2732, "lr": 0.002883536784683704, "gnorm": 0.312, "tok_per_s": 83845.3, "load": 5.16259765625}
{"event": "step", "step": 29500, "loss": 4.2866, "lr": 0.0028826348053310777, "gnorm": 0.407, "tok_per_s": 83850.2, "load": 5.2177734375}
{"event": "step", "step": 29600, "loss": 4.2768, "lr": 0.0028817295053293946, "gnorm": 0.279, "tok_per_s": 83823.4, "load": 5.2646484375}
{"event": "step", "step": 29700, "loss": 4.4262, "lr": 0.002880820887117483, "gnorm": 0.408, "tok_per_s": 83844.0, "load": 5.3779296875}
{"event": "step", "step": 29800, "loss": 4.3679, "lr": 0.0028799089531431087, "gnorm": 0.536, "tok_per_s": 83842.8, "load": 5.267578125}
{"event": "step", "step": 29900, "loss": 4.2553, "lr": 0.0028789937058629716, "gnorm": 0.494, "tok_per_s": 83831.8, "load": 5.22607421875}
{"event": "step", "step": 30000, "loss": 4.2068, "lr": 0.0028780751477426956, "gnorm": 0.334, "tok_per_s": 83800.4, "load": 5.34521484375}
{"event": "step", "step": 30100, "loss": 4.2694, "lr": 0.002877153281256826, "gnorm": 0.499, "tok_per_s": 65919.1, "load": 5.26806640625}
{"event": "step", "step": 30200, "loss": 4.2037, "lr": 0.0028762281088888183, "gnorm": 0.491, "tok_per_s": 83889.7, "load": 5.30078125}
{"event": "step", "step": 30300, "loss": 4.2166, "lr": 0.0028752996331310354, "gnorm": 0.727, "tok_per_s": 83884.8, "load": 5.25390625}
{"event": "step", "step": 30400, "loss": 4.3025, "lr": 0.002874367856484739, "gnorm": 0.284, "tok_per_s": 83846.7, "load": 5.21435546875}
{"event": "step", "step": 30500, "loss": 4.3127, "lr": 0.0028734327814600833, "gnorm": 0.746, "tok_per_s": 83790.9, "load": 5.26123046875}
{"event": "step", "step": 30600, "loss": 4.0938, "lr": 0.0028724944105761076, "gnorm": 0.717, "tok_per_s": 83826.8, "load": 5.220703125}
{"event": "step", "step": 30700, "loss": 4.2297, "lr": 0.002871552746360731, "gnorm": 0.454, "tok_per_s": 83832.9, "load": 5.18017578125}
{"event": "step", "step": 30800, "loss": 4.1709, "lr": 0.002870607791350743, "gnorm": 0.295, "tok_per_s": 83859.4, "load": 5.15185546875}
{"event": "step", "step": 30900, "loss": 4.3352, "lr": 0.0028696595480918008, "gnorm": 0.412, "tok_per_s": 83811.0, "load": 5.13525390625}
{"event": "step", "step": 31000, "loss": 4.3372, "lr": 0.002868708019138418, "gnorm": 0.581, "tok_per_s": 83822.0, "load": 5.0439453125}
{"event": "step", "step": 31100, "loss": 4.4405, "lr": 0.0028677532070539597, "gnorm": 0.521, "tok_per_s": 83835.5, "load": 5.04345703125}
{"event": "step", "step": 31200, "loss": 4.1855, "lr": 0.002866795114410637, "gnorm": 0.506, "tok_per_s": 83833.3, "load": 5.123046875}
{"event": "step", "step": 31300, "loss": 4.2703, "lr": 0.002865833743789497, "gnorm": 0.316, "tok_per_s": 83829.5, "load": 5.33837890625}
{"event": "step", "step": 31400, "loss": 4.1087, "lr": 0.002864869097780419, "gnorm": 0.294, "tok_per_s": 83840.3, "load": 5.353515625}
{"event": "step", "step": 31500, "loss": 4.2627, "lr": 0.0028639011789821046, "gnorm": 0.452, "tok_per_s": 83824.5, "load": 5.37939453125}
{"event": "step", "step": 31600, "loss": 4.1322, "lr": 0.002862929990002073, "gnorm": 0.3, "tok_per_s": 83838.9, "load": 5.24658203125}
{"event": "step", "step": 31700, "loss": 4.1991, "lr": 0.002861955533456653, "gnorm": 0.305, "tok_per_s": 83828.9, "load": 5.1279296875}
{"event": "step", "step": 31800, "loss": 4.2149, "lr": 0.002860977811970976, "gnorm": 0.287, "tok_per_s": 83843.1, "load": 5.18212890625}
{"event": "step", "step": 31900, "loss": 4.3955, "lr": 0.0028599968281789686, "gnorm": 0.685, "tok_per_s": 83819.0, "load": 5.234375}
{"event": "step", "step": 32000, "loss": 4.2531, "lr": 0.002859012584723346, "gnorm": 0.429, "tok_per_s": 83815.8, "load": 5.19775390625}
{"event": "step", "step": 32100, "loss": 4.2404, "lr": 0.0028580250842556057, "gnorm": 0.283, "tok_per_s": 83806.6, "load": 5.0869140625}
{"event": "step", "step": 32200, "loss": 4.2757, "lr": 0.0028570343294360176, "gnorm": 0.347, "tok_per_s": 83801.4, "load": 5.07275390625}
{"event": "step", "step": 32300, "loss": 4.2909, "lr": 0.00285604032293362, "gnorm": 0.318, "tok_per_s": 83814.6, "load": 5.0615234375}
{"event": "step", "step": 32400, "loss": 4.2425, "lr": 0.0028550430674262107, "gnorm": 0.295, "tok_per_s": 83819.2, "load": 5.05126953125}
{"event": "step", "step": 32500, "loss": 4.2961, "lr": 0.0028540425656003398, "gnorm": 0.673, "tok_per_s": 83813.0, "load": 5.04296875}
{"event": "step", "step": 32600, "loss": 3.9833, "lr": 0.002853038820151304, "gnorm": 0.526, "tok_per_s": 83809.6, "load": 4.95556640625}
{"event": "step", "step": 32700, "loss": 4.327, "lr": 0.002852031833783137, "gnorm": 0.59, "tok_per_s": 83819.2, "load": 4.962890625}
{"event": "step", "step": 32800, "loss": 4.3367, "lr": 0.002851021609208603, "gnorm": 0.895, "tok_per_s": 83824.7, "load": 5.04931640625}
{"event": "step", "step": 32900, "loss": 4.1657, "lr": 0.00285000814914919, "gnorm": 0.312, "tok_per_s": 83805.8, "load": 5.041015625}
{"event": "step", "step": 33000, "loss": 4.2241, "lr": 0.0028489914563351046, "gnorm": 0.327, "tok_per_s": 83794.7, "load": 4.9541015625}
{"event": "step", "step": 33100, "loss": 4.3399, "lr": 0.0028479715335052586, "gnorm": 0.368, "tok_per_s": 83812.0, "load": 4.96142578125}
{"event": "step", "step": 33200, "loss": 4.4317, "lr": 0.002846948383407267, "gnorm": 0.32, "tok_per_s": 83827.6, "load": 4.88427734375}
{"event": "step", "step": 33300, "loss": 4.1669, "lr": 0.0028459220087974388, "gnorm": 0.462, "tok_per_s": 83812.9, "load": 4.97607421875}
{"event": "step", "step": 33400, "loss": 4.3539, "lr": 0.0028448924124407702, "gnorm": 0.591, "tok_per_s": 83806.0, "load": 4.98583984375}
{"event": "step", "step": 33500, "loss": 4.162, "lr": 0.0028438595971109356, "gnorm": 0.491, "tok_per_s": 83852.3, "load": 4.91455078125}
{"event": "step", "step": 33600, "loss": 4.3733, "lr": 0.002842823565590282, "gnorm": 0.379, "tok_per_s": 83836.1, "load": 5.00146484375}
{"event": "step", "step": 33700, "loss": 4.2871, "lr": 0.00284178432066982, "gnorm": 0.289, "tok_per_s": 83829.5, "load": 5.07470703125}
{"event": "step", "step": 33800, "loss": 4.0927, "lr": 0.0028407418651492174, "gnorm": 0.342, "tok_per_s": 83838.8, "load": 5.14306640625}
{"event": "step", "step": 33900, "loss": 4.0851, "lr": 0.00283969620183679, "gnorm": 0.525, "tok_per_s": 83827.4, "load": 5.046875}
{"event": "step", "step": 34000, "loss": 4.0176, "lr": 0.002838647333549497, "gnorm": 0.287, "tok_per_s": 83861.4, "load": 5.11962890625}
{"event": "step", "step": 34100, "loss": 4.2552, "lr": 0.002837595263112931, "gnorm": 0.297, "tok_per_s": 83827.1, "load": 5.0947265625}
{"event": "step", "step": 34200, "loss": 4.3072, "lr": 0.0028365399933613098, "gnorm": 0.298, "tok_per_s": 83833.6, "load": 5.240234375}
{"event": "step", "step": 34300, "loss": 4.1807, "lr": 0.0028354815271374716, "gnorm": 0.522, "tok_per_s": 83813.6, "load": 5.357421875}
{"event": "step", "step": 34400, "loss": 4.226, "lr": 0.002834419867292865, "gnorm": 0.266, "tok_per_s": 83811.3, "load": 5.45654296875}
{"event": "step", "step": 34500, "loss": 4.2221, "lr": 0.002833355016687542, "gnorm": 0.307, "tok_per_s": 83830.0, "load": 5.53369140625}
{"event": "step", "step": 34600, "loss": 4.1602, "lr": 0.0028322869781901507, "gnorm": 0.407, "tok_per_s": 83828.3, "load": 5.6796875}
{"event": "step", "step": 34700, "loss": 4.3751, "lr": 0.0028312157546779263, "gnorm": 0.641, "tok_per_s": 83814.2, "load": 5.6552734375}
{"event": "step", "step": 34800, "loss": 4.2509, "lr": 0.002830141349036686, "gnorm": 0.411, "tok_per_s": 83810.4, "load": 5.634765625}
{"event": "step", "step": 34900, "loss": 4.4765, "lr": 0.002829063764160817, "gnorm": 0.36, "tok_per_s": 83834.1, "load": 5.697265625}
{"event": "step", "step": 35000, "loss": 4.2173, "lr": 0.002827983002953273, "gnorm": 0.332, "tok_per_s": 83842.8, "load": 5.6572265625}
{"event": "step", "step": 35100, "loss": 4.3647, "lr": 0.0028268990683255647, "gnorm": 0.665, "tok_per_s": 66594.3, "load": 5.5498046875}
{"event": "step", "step": 35200, "loss": 4.1951, "lr": 0.002825811963197751, "gnorm": 0.385, "tok_per_s": 83858.1, "load": 5.53857421875}
{"event": "step", "step": 35300, "loss": 4.2217, "lr": 0.0028247216904984315, "gnorm": 0.478, "tok_per_s": 83836.0, "load": 5.53564453125}
{"event": "step", "step": 35400, "loss": 4.2867, "lr": 0.0028236282531647404, "gnorm": 0.4, "tok_per_s": 83779.2, "load": 5.29931640625}
{"event": "step", "step": 35500, "loss": 4.11, "lr": 0.0028225316541423363, "gnorm": 0.354, "tok_per_s": 83804.0, "load": 5.24658203125}
{"event": "step", "step": 35600, "loss": 4.184, "lr": 0.0028214318963853953, "gnorm": 0.285, "tok_per_s": 83831.7, "load": 5.2080078125}
{"event": "step", "step": 35700, "loss": 4.4628, "lr": 0.002820328982856604, "gnorm": 0.881, "tok_per_s": 83818.8, "load": 5.3359375}
{"event": "step", "step": 35800, "loss": 4.293, "lr": 0.0028192229165271486, "gnorm": 0.715, "tok_per_s": 83810.1, "load": 5.28369140625}
{"event": "step", "step": 35900, "loss": 4.2255, "lr": 0.00281811370037671, "gnorm": 0.521, "tok_per_s": 83798.3, "load": 5.474609375}
{"event": "step", "step": 36000, "loss": 4.3082, "lr": 0.0028170013373934547, "gnorm": 0.395, "tok_per_s": 83789.7, "load": 5.4013671875}
{"event": "step", "step": 36100, "loss": 4.2122, "lr": 0.002815885830574026, "gnorm": 0.397, "tok_per_s": 83800.7, "load": 5.25927734375}
{"event": "step", "step": 36200, "loss": 4.2516, "lr": 0.0028147671829235367, "gnorm": 0.327, "tok_per_s": 83778.9, "load": 5.29296875}
{"event": "step", "step": 36300, "loss": 4.2664, "lr": 0.002813645397455561, "gnorm": 0.353, "tok_per_s": 83780.2, "load": 5.32763671875}
{"event": "step", "step": 36400, "loss": 4.3296, "lr": 0.0028125204771921254, "gnorm": 0.353, "tok_per_s": 83789.9, "load": 5.123046875}
{"event": "step", "step": 36500, "loss": 4.3227, "lr": 0.002811392425163703, "gnorm": 0.357, "tok_per_s": 83750.7, "load": 5.2734375}
{"event": "step", "step": 36600, "loss": 4.3043, "lr": 0.002810261244409202, "gnorm": 0.272, "tok_per_s": 83772.6, "load": 5.23779296875}
{"event": "step", "step": 36700, "loss": 4.2929, "lr": 0.002809126937975961, "gnorm": 0.643, "tok_per_s": 83753.3, "load": 5.2685546875}
{"event": "step", "step": 36800, "loss": 4.1545, "lr": 0.0028079895089197365, "gnorm": 0.472, "tok_per_s": 83734.3, "load": 5.37451171875}
{"event": "step", "step": 36900, "loss": 4.1261, "lr": 0.0028068489603046993, "gnorm": 0.319, "tok_per_s": 83780.7, "load": 5.3232421875}
{"event": "step", "step": 37000, "loss": 4.1634, "lr": 0.0028057052952034233, "gnorm": 0.298, "tok_per_s": 83784.4, "load": 5.27978515625}
{"event": "step", "step": 37100, "loss": 4.1938, "lr": 0.002804558516696878, "gnorm": 0.409, "tok_per_s": 83795.7, "load": 5.15625}
{"event": "step", "step": 37200, "loss": 4.2916, "lr": 0.002803408627874421, "gnorm": 0.658, "tok_per_s": 83787.7, "load": 5.1259765625}
{"event": "step", "step": 37300, "loss": 4.277, "lr": 0.002802255631833788, "gnorm": 0.478, "tok_per_s": 83801.5, "load": 5.1064453125}
{"event": "step", "step": 37400, "loss": 4.5631, "lr": 0.0028010995316810855, "gnorm": 2.175, "tok_per_s": 83782.5, "load": 5.01611328125}
{"event": "step", "step": 37500, "loss": 4.0906, "lr": 0.0027999403305307828, "gnorm": 0.396, "tok_per_s": 83786.7, "load": 5.01318359375}
{"event": "step", "step": 37600, "loss": 4.3015, "lr": 0.0027987780315057026, "gnorm": 0.519, "tok_per_s": 83793.6, "load": 5.0107421875}
{"event": "step", "step": 37700, "loss": 4.3471, "lr": 0.002797612637737013, "gnorm": 0.318, "tok_per_s": 83761.5, "load": 5.08935546875}
{"event": "step", "step": 37800, "loss": 4.4117, "lr": 0.00279644415236422, "gnorm": 0.752, "tok_per_s": 83750.1, "load": 5.0751953125}
{"event": "step", "step": 37900, "loss": 4.1834, "lr": 0.0027952725785351574, "gnorm": 0.617, "tok_per_s": 83787.3, "load": 5.1435546875}
{"event": "step", "step": 38000, "loss": 4.3905, "lr": 0.00279409791940598, "gnorm": 0.482, "tok_per_s": 83760.3, "load": 5.12109375}
{"event": "step", "step": 38100, "loss": 4.1101, "lr": 0.002792920178141153, "gnorm": 0.463, "tok_per_s": 83796.2, "load": 5.02197265625}
{"event": "step", "step": 38200, "loss": 4.296, "lr": 0.002791739357913445, "gnorm": 1.582, "tok_per_s": 83803.5, "load": 5.09228515625}
{"event": "step", "step": 38300, "loss": 4.1875, "lr": 0.00279055546190392, "gnorm": 0.372, "tok_per_s": 83801.7, "load": 5.158203125}
{"event": "step", "step": 38400, "loss": 4.2573, "lr": 0.002789368493301928, "gnorm": 0.356, "tok_per_s": 83789.7, "load": 5.20751953125}
{"event": "step", "step": 38500, "loss": 4.2813, "lr": 0.002788178455305095, "gnorm": 0.748, "tok_per_s": 83804.3, "load": 5.1689453125}
{"event": "step", "step": 38600, "loss": 4.2585, "lr": 0.002786985351119317, "gnorm": 0.861, "tok_per_s": 83799.0, "load": 5.13671875}
{"event": "step", "step": 38700, "loss": 4.3943, "lr": 0.002785789183958749, "gnorm": 0.877, "tok_per_s": 83799.8, "load": 5.1220703125}
{"event": "step", "step": 38800, "loss": 4.3181, "lr": 0.0027845899570458, "gnorm": 0.345, "tok_per_s": 83818.5, "load": 5.11181640625}
{"event": "step", "step": 38900, "loss": 4.3711, "lr": 0.0027833876736111187, "gnorm": 0.664, "tok_per_s": 83830.7, "load": 5.10107421875}
{"event": "step", "step": 39000, "loss": 4.2104, "lr": 0.0027821823368935896, "gnorm": 0.428, "tok_per_s": 83830.9, "load": 5.01123046875}
{"event": "step", "step": 39100, "loss": 4.1163, "lr": 0.0027809739501403227, "gnorm": 0.592, "tok_per_s": 83771.9, "load": 4.93603515625}
{"event": "step", "step": 39200, "loss": 4.2035, "lr": 0.002779762516606643, "gnorm": 0.311, "tok_per_s": 83765.8, "load": 5.01953125}
{"event": "step", "step": 39300, "loss": 4.1908, "lr": 0.0027785480395560854, "gnorm": 0.6, "tok_per_s": 83764.2, "load": 5.17041015625}
{"event": "step", "step": 39400, "loss": 4.2181, "lr": 0.0027773305222603835, "gnorm": 1.178, "tok_per_s": 83807.8, "load": 5.14404296875}
{"event": "step", "step": 39500, "loss": 4.1311, "lr": 0.0027761099679994594, "gnorm": 0.49, "tok_per_s": 83783.4, "load": 5.12158203125}
{"event": "step", "step": 39600, "loss": 4.2085, "lr": 0.0027748863800614184, "gnorm": 0.494, "tok_per_s": 83783.0, "load": 5.18310546875}
{"event": "step", "step": 39700, "loss": 4.3414, "lr": 0.0027736597617425375, "gnorm": 0.624, "tok_per_s": 83789.3, "load": 5.23486328125}
{"event": "step", "step": 39800, "loss": 4.0033, "lr": 0.0027724301163472584, "gnorm": 0.357, "tok_per_s": 83789.1, "load": 5.43310546875}
{"event": "step", "step": 39900, "loss": 4.2102, "lr": 0.002771197447188177, "gnorm": 0.431, "tok_per_s": 83786.7, "load": 5.35986328125}
{"event": "step", "step": 40000, "loss": 4.292, "lr": 0.0027699617575860334, "gnorm": 0.428, "tok_per_s": 83812.8, "load": 5.5322265625}
{"event": "eval_quick", "step": 40000, "bpb": 1.3777836861589443, "nats_per_token": 4.154183710849258, "tokens": 16379, "bytes": 71247}
{"event": "step", "step": 40100, "loss": 4.188, "lr": 0.002768723050869708, "gnorm": 0.284, "tok_per_s": 64890.7, "load": 5.6103515625}
{"event": "step", "step": 40200, "loss": 4.2114, "lr": 0.0027674813303762056, "gnorm": 0.527, "tok_per_s": 83810.8, "load": 5.60302734375}
{"event": "step", "step": 40300, "loss": 4.0655, "lr": 0.002766236599450653, "gnorm": 0.306, "tok_per_s": 83797.2, "load": 5.50390625}
{"event": "step", "step": 40400, "loss": 4.4685, "lr": 0.002764988861446284, "gnorm": 0.433, "tok_per_s": 83775.1, "load": 5.43310546875}
{"event": "step", "step": 40500, "loss": 4.2411, "lr": 0.0027637381197244356, "gnorm": 0.539, "tok_per_s": 83725.8, "load": 5.37255859375}
{"event": "step", "step": 40600, "loss": 4.4873, "lr": 0.0027624843776545365, "gnorm": 1.337, "tok_per_s": 83702.9, "load": 5.234375}
{"event": "step", "step": 40700, "loss": 4.1404, "lr": 0.0027612276386140963, "gnorm": 0.668, "tok_per_s": 83771.3, "load": 5.27197265625}
{"event": "step", "step": 40800, "loss": 4.1226, "lr": 0.002759967905988701, "gnorm": 0.544, "tok_per_s": 83776.0, "load": 5.31005859375}
{"event": "step", "step": 40900, "loss": 4.1875, "lr": 0.002758705183171998, "gnorm": 0.637, "tok_per_s": 83753.2, "load": 5.26220703125}
{"event": "step", "step": 41000, "loss": 4.3211, "lr": 0.002757439473565693, "gnorm": 0.29, "tok_per_s": 83708.3, "load": 5.22119140625}
{"event": "step", "step": 41100, "loss": 4.1617, "lr": 0.002756170780579537, "gnorm": 0.517, "tok_per_s": 83719.3, "load": 5.11279296875}
{"event": "step", "step": 41200, "loss": 4.0174, "lr": 0.0027548991076313165, "gnorm": 0.552, "tok_per_s": 83737.0, "load": 5.01513671875}
{"event": "step", "step": 41300, "loss": 4.1084, "lr": 0.0027536244581468474, "gnorm": 0.345, "tok_per_s": 83728.4, "load": 5.4619140625}
{"event": "step", "step": 41400, "loss": 4.2176, "lr": 0.0027523468355599647, "gnorm": 0.455, "tok_per_s": 83726.0, "load": 5.47119140625}
{"event": "step", "step": 41500, "loss": 4.1485, "lr": 0.0027510662433125116, "gnorm": 0.329, "tok_per_s": 83729.3, "load": 5.32470703125}
{"event": "step", "step": 41600, "loss": 4.0953, "lr": 0.0027497826848543313, "gnorm": 0.605, "tok_per_s": 83719.4, "load": 5.26806640625}
{"event": "step", "step": 41700, "loss": 4.2228, "lr": 0.002748496163643259, "gnorm": 1.072, "tok_per_s": 83735.3, "load": 5.220703125}
{"event": "step", "step": 41800, "loss": 4.0483, "lr": 0.002747206683145111, "gnorm": 0.328, "tok_per_s": 83739.9, "load": 5.2666015625}
{"event": "step", "step": 41900, "loss": 4.1791, "lr": 0.002745914246833675, "gnorm": 0.391, "tok_per_s": 83744.7, "load": 5.1513671875}
{"event": "step", "step": 42000, "loss": 4.3846, "lr": 0.0027446188581907015, "gnorm": 0.35, "tok_per_s": 83742.4, "load": 5.12158203125}
{"event": "step", "step": 42100, "loss": 4.226, "lr": 0.002743320520705896, "gnorm": 0.521, "tok_per_s": 83703.6, "load": 5.1767578125}
{"event": "step", "step": 42200, "loss": 4.0217, "lr": 0.0027420192378769053, "gnorm": 0.278, "tok_per_s": 83714.3, "load": 5.236328125}
{"event": "step", "step": 42300, "loss": 4.1426, "lr": 0.002740715013209314, "gnorm": 0.316, "tok_per_s": 83734.7, "load": 5.19970703125}
{"event": "step", "step": 42400, "loss": 4.3252, "lr": 0.0027394078502166294, "gnorm": 0.395, "tok_per_s": 83692.2, "load": 5.26416015625}
{"event": "step", "step": 42500, "loss": 4.2823, "lr": 0.002738097752420276, "gnorm": 0.341, "tok_per_s": 83685.7, "load": 5.22314453125}
{"event": "step", "step": 42600, "loss": 4.2558, "lr": 0.0027367847233495824, "gnorm": 0.552, "tok_per_s": 83720.6, "load": 5.2626953125}
{"event": "step", "step": 42700, "loss": 4.3671, "lr": 0.0027354687665417762, "gnorm": 0.483, "tok_per_s": 83698.5, "load": 5.36962890625}
{"event": "step", "step": 42800, "loss": 4.1598, "lr": 0.002734149885541972, "gnorm": 0.796, "tok_per_s": 83769.4, "load": 5.39306640625}
{"event": "step", "step": 42900, "loss": 4.1722, "lr": 0.0027328280839031597, "gnorm": 0.342, "tok_per_s": 83784.8, "load": 5.33203125}
{"event": "step", "step": 43000, "loss": 4.2321, "lr": 0.0027315033651862, "gnorm": 0.406, "tok_per_s": 83771.2, "load": 5.34814453125}
{"event": "step", "step": 43100, "loss": 4.2542, "lr": 0.0027301757329598105, "gnorm": 0.327, "tok_per_s": 83747.7, "load": 5.37451171875}
{"event": "step", "step": 43200, "loss": 4.1335, "lr": 0.002728845190800558, "gnorm": 0.407, "tok_per_s": 83756.5, "load": 5.24267578125}
{"event": "step", "step": 43300, "loss": 4.1026, "lr": 0.002727511742292848, "gnorm": 0.73, "tok_per_s": 83777.3, "load": 5.205078125}
{"event": "step", "step": 43400, "loss": 4.0959, "lr": 0.002726175391028917, "gnorm": 0.312, "tok_per_s": 83735.1, "load": 5.2470703125}
{"event": "step", "step": 43500, "loss": 4.2543, "lr": 0.0027248361406088193, "gnorm": 0.772, "tok_per_s": 83755.0, "load": 5.20849609375}
{"event": "step", "step": 43600, "loss": 4.298, "lr": 0.0027234939946404212, "gnorm": 0.346, "tok_per_s": 83796.2, "load": 5.17578125}
{"event": "step", "step": 43700, "loss": 4.0569, "lr": 0.0027221489567393884, "gnorm": 0.584, "tok_per_s": 83785.9, "load": 5.1484375}
{"event": "step", "step": 43800, "loss": 4.1689, "lr": 0.002720801030529178, "gnorm": 0.619, "tok_per_s": 83783.0, "load": 5.19921875}
{"event": "step", "step": 43900, "loss": 4.1619, "lr": 0.0027194502196410267, "gnorm": 0.339, "tok_per_s": 83795.7, "load": 5.16796875}
{"event": "step", "step": 44000, "loss": 4.1141, "lr": 0.0027180965277139443, "gnorm": 0.369, "tok_per_s": 83784.2, "load": 5.22216796875}
{"event": "step", "step": 44100, "loss": 4.1227, "lr": 0.0027167399583947005, "gnorm": 0.353, "tok_per_s": 83783.7, "load": 5.1943359375}
{"event": "step", "step": 44200, "loss": 4.3051, "lr": 0.0027153805153378166, "gnorm": 0.332, "tok_per_s": 83758.4, "load": 5.1640625}
{"event": "step", "step": 44300, "loss": 4.2186, "lr": 0.002714018202205557, "gnorm": 0.314, "tok_per_s": 83736.9, "load": 5.2861328125}
{"event": "step", "step": 44400, "loss": 4.0748, "lr": 0.0027126530226679164, "gnorm": 0.373, "tok_per_s": 83750.2, "load": 5.31591796875}
{"event": "step", "step": 44500, "loss": 4.1832, "lr": 0.002711284980402611, "gnorm": 0.311, "tok_per_s": 83774.5, "load": 5.34765625}
{"event": "step", "step": 44600, "loss": 4.2355, "lr": 0.0027099140790950715, "gnorm": 0.581, "tok_per_s": 83796.1, "load": 5.2197265625}
{"event": "step", "step": 44700, "loss": 4.1852, "lr": 0.0027085403224384286, "gnorm": 0.479, "tok_per_s": 83811.1, "load": 5.20166015625}
{"event": "step", "step": 44800, "loss": 4.3307, "lr": 0.0027071637141335048, "gnorm": 0.379, "tok_per_s": 83833.1, "load": 5.32470703125}
{"event": "step", "step": 44900, "loss": 3.9731, "lr": 0.002705784257888807, "gnorm": 0.365, "tok_per_s": 83820.2, "load": 5.34814453125}
{"event": "step", "step": 45000, "loss": 4.0989, "lr": 0.002704401957420512, "gnorm": 0.772, "tok_per_s": 83784.3, "load": 5.22021484375}
{"event": "step", "step": 45100, "loss": 4.3511, "lr": 0.0027030168164524607, "gnorm": 0.437, "tok_per_s": 66010.2, "load": 5.55908203125}
{"event": "step", "step": 45200, "loss": 4.3351, "lr": 0.002701628838716145, "gnorm": 0.329, "tok_per_s": 83859.7, "load": 5.71337890625}
{"event": "step", "step": 45300, "loss": 4.2438, "lr": 0.0027002380279506984, "gnorm": 0.332, "tok_per_s": 83849.9, "load": 5.75830078125}
{"event": "step", "step": 45400, "loss": 4.1963, "lr": 0.002698844387902887, "gnorm": 0.407, "tok_per_s": 83784.5, "load": 5.7890625}
{"event": "step", "step": 45500, "loss": 4.0774, "lr": 0.0026974479223271, "gnorm": 0.291, "tok_per_s": 83721.5, "load": 5.828125}
{"event": "step", "step": 45600, "loss": 4.1405, "lr": 0.002696048634985337, "gnorm": 0.605, "tok_per_s": 83783.0, "load": 11.06005859375}
{"event": "step", "step": 45700, "loss": 4.1806, "lr": 0.002694646529647199, "gnorm": 0.48, "tok_per_s": 83757.4, "load": 11.205078125}
{"event": "step", "step": 45800, "loss": 4.1012, "lr": 0.0026932416100898804, "gnorm": 0.393, "tok_per_s": 83697.8, "load": 14.29052734375}
{"event": "step", "step": 45900, "loss": 4.1337, "lr": 0.0026918338800981543, "gnorm": 0.543, "tok_per_s": 83674.9, "load": 14.427734375}
{"event": "step", "step": 46000, "loss": 4.1922, "lr": 0.002690423343464367, "gnorm": 0.566, "tok_per_s": 83626.3, "load": 14.830078125}
{"event": "step", "step": 46100, "loss": 4.1974, "lr": 0.002689010003988426, "gnorm": 0.917, "tok_per_s": 83701.0, "load": 15.09033203125}
{"event": "step", "step": 46200, "loss": 4.0689, "lr": 0.0026875938654777874, "gnorm": 0.433, "tok_per_s": 83712.6, "load": 15.29736328125}
{"event": "step", "step": 46300, "loss": 4.2201, "lr": 0.002686174931747449, "gnorm": 0.712, "tok_per_s": 83672.1, "load": 20.751953125}
{"event": "step", "step": 46400, "loss": 4.1534, "lr": 0.0026847532066199393, "gnorm": 0.637, "tok_per_s": 83710.3, "load": 19.48583984375}
{"event": "step", "step": 46500, "loss": 4.2421, "lr": 0.002683328693925306, "gnorm": 1.062, "tok_per_s": 83762.6, "load": 19.0166015625}
{"event": "step", "step": 46600, "loss": 4.24, "lr": 0.002681901397501106, "gnorm": 0.849, "tok_per_s": 83753.3, "load": 18.3251953125}
{"event": "step", "step": 46700, "loss": 4.0868, "lr": 0.0026804713211923963, "gnorm": 0.654, "tok_per_s": 83734.9, "load": 17.8134765625}
{"event": "step", "step": 46800, "loss": 4.1944, "lr": 0.0026790384688517217, "gnorm": 0.405, "tok_per_s": 83721.6, "load": 17.4541015625}
{"event": "step", "step": 46900, "loss": 4.028, "lr": 0.002677602844339107, "gnorm": 0.432, "tok_per_s": 83510.1, "load": 17.1435546875}
{"event": "step", "step": 47000, "loss": 4.231, "lr": 0.0026761644515220433, "gnorm": 0.862, "tok_per_s": 83810.0, "load": 16.505859375}
{"event": "step", "step": 47100, "loss": 4.0403, "lr": 0.0026747232942754807, "gnorm": 0.517, "tok_per_s": 83793.1, "load": 15.81298828125}
{"event": "step", "step": 47200, "loss": 4.3245, "lr": 0.002673279376481816, "gnorm": 0.323, "tok_per_s": 83772.3, "load": 15.53369140625}
{"event": "step", "step": 47300, "loss": 4.2398, "lr": 0.0026718327020308816, "gnorm": 0.555, "tok_per_s": 83638.5, "load": 15.2236328125}
{"event": "step", "step": 47400, "loss": 4.2683, "lr": 0.0026703832748199395, "gnorm": 0.397, "tok_per_s": 83715.9, "load": 14.88134765625}
{"event": "step", "step": 47500, "loss": 4.0293, "lr": 0.002668931098753664, "gnorm": 1.108, "tok_per_s": 83681.4, "load": 14.51171875}
{"event": "step", "step": 47600, "loss": 4.1005, "lr": 0.002667476177744136, "gnorm": 0.523, "tok_per_s": 83714.7, "load": 14.27880859375}
{"event": "step", "step": 47700, "loss": 4.2481, "lr": 0.0026660185157108313, "gnorm": 0.652, "tok_per_s": 83760.3, "load": 14.08837890625}
{"event": "step", "step": 47800, "loss": 4.2707, "lr": 0.0026645581165806098, "gnorm": 0.669, "tok_per_s": 83744.1, "load": 13.84033203125}
{"event": "step", "step": 47900, "loss": 4.3976, "lr": 0.0026630949842877056, "gnorm": 0.344, "tok_per_s": 83763.0, "load": 13.705078125}
{"event": "step", "step": 48000, "loss": 4.268, "lr": 0.002661629122773713, "gnorm": 0.39, "tok_per_s": 83770.6, "load": 13.60302734375}
{"event": "step", "step": 48100, "loss": 4.0708, "lr": 0.002660160535987583, "gnorm": 0.342, "tok_per_s": 83732.8, "load": 13.4365234375}
{"event": "step", "step": 48200, "loss": 4.1647, "lr": 0.0026586892278856046, "gnorm": 0.634, "tok_per_s": 83728.8, "load": 13.48193359375}
{"event": "step", "step": 48300, "loss": 4.2301, "lr": 0.0026572152024314, "gnorm": 0.511, "tok_per_s": 83695.1, "load": 13.33349609375}
{"event": "step", "step": 48400, "loss": 4.1936, "lr": 0.0026557384635959107, "gnorm": 0.598, "tok_per_s": 83729.2, "load": 13.27587890625}
{"event": "step", "step": 48500, "loss": 4.0807, "lr": 0.002654259015357389, "gnorm": 0.339, "tok_per_s": 83661.0, "load": 13.22705078125}
{"event": "step", "step": 48600, "loss": 4.2322, "lr": 0.002652776861701385, "gnorm": 1.016, "tok_per_s": 83715.2, "load": 17.765625}
{"event": "step", "step": 48700, "loss": 4.2434, "lr": 0.002651292006620737, "gnorm": 0.419, "tok_per_s": 83715.3, "load": 16.87890625}
{"event": "step", "step": 48800, "loss": 4.2913, "lr": 0.002649804454115563, "gnorm": 0.68, "tok_per_s": 83726.0, "load": 16.275390625}
{"event": "step", "step": 48900, "loss": 4.0597, "lr": 0.0026483142081932445, "gnorm": 0.723, "tok_per_s": 83736.3, "load": 15.8447265625}
{"event": "step", "step": 49000, "loss": 4.1902, "lr": 0.0026468212728684207, "gnorm": 1.224, "tok_per_s": 83769.8, "load": 15.4130859375}
{"event": "step", "step": 49100, "loss": 4.2029, "lr": 0.0026453256521629764, "gnorm": 0.327, "tok_per_s": 83736.1, "load": 14.96826171875}
{"event": "step", "step": 49200, "loss": 4.3699, "lr": 0.0026438273501060293, "gnorm": 0.335, "tok_per_s": 83727.0, "load": 14.73876953125}
{"event": "step", "step": 49300, "loss": 4.2465, "lr": 0.0026423263707339214, "gnorm": 0.777, "tok_per_s": 83726.7, "load": 14.390625}
{"event": "step", "step": 49400, "loss": 4.2008, "lr": 0.002640822718090207, "gnorm": 0.312, "tok_per_s": 83703.6, "load": 18.6767578125}
{"event": "step", "step": 49500, "loss": 4.0267, "lr": 0.0026393163962256413, "gnorm": 0.318, "tok_per_s": 83671.4, "load": 17.8837890625}
{"event": "step", "step": 49600, "loss": 4.1653, "lr": 0.002637807409198172, "gnorm": 0.504, "tok_per_s": 83709.8, "load": 17.212890625}
{"event": "step", "step": 49700, "loss": 4.1851, "lr": 0.002636295761072925, "gnorm": 0.954, "tok_per_s": 83683.4, "load": 16.64501953125}
{"event": "step", "step": 49800, "loss": 4.2145, "lr": 0.002634781455922196, "gnorm": 0.356, "tok_per_s": 83741.0, "load": 16.08447265625}
{"event": "step", "step": 49900, "loss": 4.1735, "lr": 0.0026332644978254377, "gnorm": 0.486, "tok_per_s": 83736.9, "load": 15.68994140625}
{"event": "step", "step": 50000, "loss": 4.2889, "lr": 0.00263174489086925, "gnorm": 0.576, "tok_per_s": 83734.1, "load": 15.1220703125}
{"event": "step", "step": 50100, "loss": 4.2012, "lr": 0.0026302226391473698, "gnorm": 0.49, "tok_per_s": 65442.8, "load": 14.94873046875}
{"event": "step", "step": 50200, "loss": 4.1869, "lr": 0.0026286977467606565, "gnorm": 0.417, "tok_per_s": 83732.5, "load": 14.64892578125}
{"event": "step", "step": 50300, "loss": 4.1658, "lr": 0.002627170217817086, "gnorm": 1.61, "tok_per_s": 83788.7, "load": 14.39501953125}
{"event": "step", "step": 50400, "loss": 4.1318, "lr": 0.0026256400564317354, "gnorm": 0.329, "tok_per_s": 83766.3, "load": 14.173828125}
{"event": "step", "step": 50500, "loss": 4.0735, "lr": 0.0026241072667267723, "gnorm": 0.773, "tok_per_s": 83765.6, "load": 14.78759765625}
{"event": "step", "step": 50600, "loss": 4.216, "lr": 0.002622571852831448, "gnorm": 0.488, "tok_per_s": 83751.3, "load": 14.5185546875}
{"event": "step", "step": 50700, "loss": 4.1288, "lr": 0.002621033818882081, "gnorm": 0.908, "tok_per_s": 83727.4, "load": 14.35791015625}
{"event": "step", "step": 50800, "loss": 4.1466, "lr": 0.002619493169022048, "gnorm": 0.491, "tok_per_s": 83707.5, "load": 14.22900390625}
{"event": "step", "step": 50900, "loss": 3.994, "lr": 0.0026179499074017736, "gnorm": 0.826, "tok_per_s": 83755.3, "load": 17.0732421875}
{"event": "step", "step": 51000, "loss": 4.2815, "lr": 0.002616404038178718, "gnorm": 0.336, "tok_per_s": 83749.9, "load": 16.3662109375}
{"event": "step", "step": 51100, "loss": 4.286, "lr": 0.002614855565517366, "gnorm": 1.182, "tok_per_s": 83725.9, "load": 15.841796875}
{"event": "step", "step": 51200, "loss": 4.1994, "lr": 0.0026133044935892176, "gnorm": 0.548, "tok_per_s": 83735.6, "load": 15.41064453125}
{"event": "step", "step": 51300, "loss": 4.2471, "lr": 0.0026117508265727715, "gnorm": 0.987, "tok_per_s": 83714.3, "load": 15.0458984375}
{"event": "step", "step": 51400, "loss": 4.3406, "lr": 0.0026101945686535207, "gnorm": 0.672, "tok_per_s": 83717.9, "load": 14.724609375}
{"event": "step", "step": 51500, "loss": 4.3017, "lr": 0.0026086357240239365, "gnorm": 0.423, "tok_per_s": 83743.3, "load": 14.53271484375}
{"event": "step", "step": 51600, "loss": 4.2937, "lr": 0.0026070742968834592, "gnorm": 0.394, "tok_per_s": 83696.8, "load": 14.302734375}
{"event": "step", "step": 51700, "loss": 4.195, "lr": 0.0026055102914384854, "gnorm": 0.734, "tok_per_s": 83728.4, "load": 14.2626953125}
{"event": "step", "step": 51800, "loss": 4.2363, "lr": 0.0026039437119023587, "gnorm": 0.5, "tok_per_s": 83747.5, "load": 14.1416015625}
{"event": "step", "step": 51900, "loss": 4.1731, "lr": 0.0026023745624953565, "gnorm": 1.556, "tok_per_s": 83747.5, "load": 14.0498046875}
{"event": "step", "step": 52000, "loss": 4.2251, "lr": 0.0026008028474446792, "gnorm": 0.391, "tok_per_s": 83772.6, "load": 13.8076171875}
{"event": "step", "step": 52100, "loss": 4.1408, "lr": 0.0025992285709844384, "gnorm": 0.476, "tok_per_s": 83748.6, "load": 13.763671875}
{"event": "step", "step": 52200, "loss": 4.0743, "lr": 0.0025976517373556478, "gnorm": 0.707, "tok_per_s": 83739.5, "load": 13.6396484375}
{"event": "step", "step": 52300, "loss": 4.112, "lr": 0.002596072350806208, "gnorm": 0.509, "tok_per_s": 83752.5, "load": 13.541015625}
{"event": "step", "step": 52400, "loss": 4.1107, "lr": 0.0025944904155908977, "gnorm": 1.553, "tok_per_s": 83712.2, "load": 13.6181640625}
{"event": "step", "step": 52500, "loss": 4.2813, "lr": 0.002592905935971362, "gnorm": 0.567, "tok_per_s": 83734.4, "load": 13.5966796875}
{"event": "step", "step": 52600, "loss": 4.0774, "lr": 0.0025913189162161004, "gnorm": 0.43, "tok_per_s": 83630.7, "load": 14.8984375}
{"event": "step", "step": 52700, "loss": 4.4016, "lr": 0.0025897293606004547, "gnorm": 1.164, "tok_per_s": 83730.4, "load": 14.60595703125}
{"event": "step", "step": 52800, "loss": 4.2371, "lr": 0.0025881372734065985, "gnorm": 1.207, "tok_per_s": 83686.3, "load": 18.85888671875}
{"event": "step", "step": 52900, "loss": 4.2273, "lr": 0.002586542658923526, "gnorm": 0.584, "tok_per_s": 83740.2, "load": 17.8779296875}
{"event": "step", "step": 53000, "loss": 4.14, "lr": 0.0025849455214470387, "gnorm": 1.121, "tok_per_s": 83717.2, "load": 17.201171875}
{"event": "step", "step": 53100, "loss": 4.2031, "lr": 0.002583345865279736, "gnorm": 0.334, "tok_per_s": 83756.9, "load": 16.5615234375}
{"event": "step", "step": 53200, "loss": 4.2697, "lr": 0.002581743694731001, "gnorm": 1.056, "tok_per_s": 83712.9, "load": 15.939453125}
{"event": "step", "step": 53300, "loss": 4.295, "lr": 0.0025801390141169923, "gnorm": 0.548, "tok_per_s": 83722.5, "load": 15.48046875}
{"event": "step", "step": 53400, "loss": 4.2546, "lr": 0.002578531827760629, "gnorm": 0.306, "tok_per_s": 83716.2, "load": 15.40625}
{"event": "step", "step": 53500, "loss": 4.1963, "lr": 0.002576922139991581, "gnorm": 0.559, "tok_per_s": 83759.8, "load": 15.04248046875}
{"event": "step", "step": 53600, "loss": 4.0445, "lr": 0.0025753099551462572, "gnorm": 0.328, "tok_per_s": 83733.0, "load": 14.7216796875}
{"event": "step", "step": 53700, "loss": 4.1465, "lr": 0.002573695277567793, "gnorm": 0.898, "tok_per_s": 83778.6, "load": 14.4501953125}
{"event": "step", "step": 53800, "loss": 4.2486, "lr": 0.0025720781116060393, "gnorm": 0.371, "tok_per_s": 83683.5, "load": 14.2333984375}
{"event": "step", "step": 53900, "loss": 4.1295, "lr": 0.0025704584616175505, "gnorm": 0.735, "tok_per_s": 83749.1, "load": 14.0498046875}
{"event": "step", "step": 54000, "loss": 4.0991, "lr": 0.0025688363319655723, "gnorm": 0.506, "tok_per_s": 83709.3, "load": 13.88134765625}
{"event": "step", "step": 54100, "loss": 4.1329, "lr": 0.0025672117270200325, "gnorm": 0.327, "tok_per_s": 83726.6, "load": 13.8193359375}
{"event": "step", "step": 54200, "loss": 4.2883, "lr": 0.002565584651157524, "gnorm": 0.357, "tok_per_s": 83703.9, "load": 13.67333984375}
{"event": "step", "step": 54300, "loss": 4.176, "lr": 0.0025639551087612996, "gnorm": 0.885, "tok_per_s": 83696.4, "load": 23.33935546875}
{"event": "step", "step": 54400, "loss": 4.2727, "lr": 0.0025623231042212536, "gnorm": 1.192, "tok_per_s": 83755.5, "load": 22.05029296875}
{"event": "step", "step": 54500, "loss": 4.1223, "lr": 0.002560688641933916, "gnorm": 0.371, "tok_per_s": 83731.1, "load": 25.54345703125}
{"event": "step", "step": 54600, "loss": 4.1338, "lr": 0.002559051726302436, "gnorm": 0.343, "tok_per_s": 83694.8, "load": 23.6142578125}
{"event": "step", "step": 54700, "loss": 4.2569, "lr": 0.0025574123617365723, "gnorm": 0.404, "tok_per_s": 83683.1, "load": 22.0556640625}
{"event": "step", "step": 54800, "loss": 4.2161, "lr": 0.0025557705526526816, "gnorm": 0.333, "tok_per_s": 83715.5, "load": 24.0517578125}
{"event": "step", "step": 54900, "loss": 4.0472, "lr": 0.0025541263034737052, "gnorm": 0.313, "tok_per_s": 83731.3, "load": 22.666015625}
{"event": "step", "step": 55000, "loss": 4.1865, "lr": 0.0025524796186291586, "gnorm": 0.759, "tok_per_s": 83739.5, "load": 21.3330078125}
{"event": "step", "step": 55100, "loss": 4.2211, "lr": 0.002550830502555118, "gnorm": 0.331, "tok_per_s": 65666.2, "load": 19.85546875}
{"event": "step", "step": 55200, "loss": 4.1489, "lr": 0.00254917895969421, "gnorm": 0.917, "tok_per_s": 83774.5, "load": 19.84228515625}
{"event": "step", "step": 55300, "loss": 4.2488, "lr": 0.002547524994495598, "gnorm": 0.815, "tok_per_s": 83739.8, "load": 18.70947265625}
{"event": "step", "step": 55400, "loss": 4.3129, "lr": 0.0025458686114149718, "gnorm": 1.1, "tok_per_s": 83801.9, "load": 18.251953125}
{"event": "step", "step": 55500, "loss": 4.1003, "lr": 0.002544209814914535, "gnorm": 0.651, "tok_per_s": 83708.9, "load": 17.44384765625}
{"event": "step", "step": 55600, "loss": 4.1842, "lr": 0.0025425486094629917, "gnorm": 0.824, "tok_per_s": 83732.3, "load": 16.84033203125}
{"event": "step", "step": 55700, "loss": 4.1531, "lr": 0.0025408849995355366, "gnorm": 0.458, "tok_per_s": 83705.3, "load": 16.095703125}
{"event": "step", "step": 55800, "loss": 4.1844, "lr": 0.0025392189896138407, "gnorm": 0.528, "tok_per_s": 83702.6, "load": 15.69287109375}
{"event": "step", "step": 55900, "loss": 4.2929, "lr": 0.002537550584186043, "gnorm": 0.364, "tok_per_s": 83710.3, "load": 15.2783203125}
{"event": "step", "step": 56000, "loss": 4.316, "lr": 0.0025358797877467324, "gnorm": 1.457, "tok_per_s": 83702.9, "load": 15.01416015625}
{"event": "step", "step": 56100, "loss": 4.2107, "lr": 0.002534206604796942, "gnorm": 0.835, "tok_per_s": 83676.2, "load": 15.26513671875}
{"event": "step", "step": 56200, "loss": 4.0884, "lr": 0.0025325310398441325, "gnorm": 1.114, "tok_per_s": 83673.8, "load": 14.98388671875}
{"event": "step", "step": 56300, "loss": 4.0838, "lr": 0.0025308530974021822, "gnorm": 0.768, "tok_per_s": 83673.7, "load": 14.75830078125}
{"event": "step", "step": 56400, "loss": 4.2253, "lr": 0.0025291727819913737, "gnorm": 0.427, "tok_per_s": 83653.9, "load": 14.49365234375}
{"event": "step", "step": 56500, "loss": 4.1599, "lr": 0.0025274900981383827, "gnorm": 0.409, "tok_per_s": 83682.7, "load": 14.33154296875}
{"event": "step", "step": 56600, "loss": 4.2172, "lr": 0.0025258050503762647, "gnorm": 0.429, "tok_per_s": 83690.9, "load": 14.60107421875}
{"event": "step", "step": 56700, "loss": 4.317, "lr": 0.0025241176432444445, "gnorm": 0.369, "tok_per_s": 83706.7, "load": 14.4345703125}
{"event": "step", "step": 56800, "loss": 4.138, "lr": 0.0025224278812887016, "gnorm": 0.857, "tok_per_s": 83692.9, "load": 14.2197265625}
{"event": "step", "step": 56900, "loss": 4.2058, "lr": 0.0025207357690611608, "gnorm": 0.32, "tok_per_s": 83670.6, "load": 14.03173828125}
{"event": "step", "step": 57000, "loss": 4.0765, "lr": 0.0025190413111202768, "gnorm": 0.422, "tok_per_s": 83648.2, "load": 13.9462890625}
{"event": "step", "step": 57100, "loss": 4.2152, "lr": 0.0025173445120308248, "gnorm": 1.273, "tok_per_s": 83670.1, "load": 13.880859375}
{"event": "step", "step": 57200, "loss": 4.124, "lr": 0.002515645376363886, "gnorm": 0.778, "tok_per_s": 83619.1, "load": 13.67138671875}
{"event": "step", "step": 57300, "loss": 4.0055, "lr": 0.002513943908696837, "gnorm": 0.68, "tok_per_s": 83620.2, "load": 13.4873046875}
{"event": "step", "step": 57400, "loss": 4.2232, "lr": 0.002512240113613336, "gnorm": 0.394, "tok_per_s": 83696.3, "load": 13.56005859375}
{"event": "step", "step": 57500, "loss": 4.1002, "lr": 0.0025105339957033125, "gnorm": 0.386, "tok_per_s": 83679.1, "load": 13.55419921875}
{"event": "step", "step": 57600, "loss": 4.0033, "lr": 0.002508825559562951, "gnorm": 0.415, "tok_per_s": 83667.2, "load": 13.54296875}
{"event": "step", "step": 57700, "loss": 4.0739, "lr": 0.002507114809794683, "gnorm": 0.891, "tok_per_s": 83697.1, "load": 13.53271484375}
{"event": "step", "step": 57800, "loss": 4.2971, "lr": 0.0025054017510071727, "gnorm": 0.89, "tok_per_s": 83704.1, "load": 13.48974609375}
{"event": "step", "step": 57900, "loss": 4.0686, "lr": 0.002503686387815305, "gnorm": 0.345, "tok_per_s": 83671.9, "load": 13.49462890625}
{"event": "step", "step": 58000, "loss": 4.2133, "lr": 0.002501968724840171, "gnorm": 0.421, "tok_per_s": 83636.8, "load": 13.57861328125}
{"event": "step", "step": 58100, "loss": 4.1637, "lr": 0.0025002487667090596, "gnorm": 0.451, "tok_per_s": 83669.8, "load": 13.4892578125}
{"event": "step", "step": 58200, "loss": 4.2096, "lr": 0.002498526518055441, "gnorm": 0.653, "tok_per_s": 83710.7, "load": 13.41357421875}
{"event": "step", "step": 58300, "loss": 4.4089, "lr": 0.0024968019835189563, "gnorm": 0.971, "tok_per_s": 83691.8, "load": 13.27587890625}
{"event": "step", "step": 58400, "loss": 4.0199, "lr": 0.0024950751677454055, "gnorm": 0.575, "tok_per_s": 83709.4, "load": 13.23291015625}
{"event": "step", "step": 58500, "loss": 4.2405, "lr": 0.0024933460753867325, "gnorm": 0.728, "tok_per_s": 83696.6, "load": 13.1962890625}
{"event": "step", "step": 58600, "loss": 4.0935, "lr": 0.0024916147111010162, "gnorm": 0.928, "tok_per_s": 83704.9, "load": 13.24609375}
{"event": "step", "step": 58700, "loss": 4.2379, "lr": 0.0024898810795524547, "gnorm": 0.468, "tok_per_s": 83690.3, "load": 13.12744140625}
{"event": "step", "step": 58800, "loss": 4.1467, "lr": 0.0024881451854113536, "gnorm": 0.428, "tok_per_s": 83742.1, "load": 13.02734375}
{"event": "step", "step": 58900, "loss": 4.1487, "lr": 0.002486407033354115, "gnorm": 0.533, "tok_per_s": 83699.9, "load": 13.244140625}
{"event": "step", "step": 59000, "loss": 4.1099, "lr": 0.002484666628063223, "gnorm": 0.544, "tok_per_s": 83714.3, "load": 13.212890625}
{"event": "step", "step": 59100, "loss": 4.0617, "lr": 0.0024829239742272307, "gnorm": 0.399, "tok_per_s": 83710.5, "load": 13.26025390625}
{"event": "step", "step": 59200, "loss": 4.2277, "lr": 0.002481179076540752, "gnorm": 0.522, "tok_per_s": 83699.6, "load": 16.06494140625}
{"event": "step", "step": 59300, "loss": 4.2774, "lr": 0.0024794319397044417, "gnorm": 0.61, "tok_per_s": 83731.9, "load": 15.599609375}
{"event": "step", "step": 59400, "loss": 4.192, "lr": 0.002477682568424989, "gnorm": 0.346, "tok_per_s": 83715.5, "load": 15.04541015625}
{"event": "step", "step": 59500, "loss": 4.2419, "lr": 0.0024759309674151028, "gnorm": 0.433, "tok_per_s": 83738.3, "load": 14.95166015625}
{"event": "step", "step": 59600, "loss": 4.2815, "lr": 0.002474177141393497, "gnorm": 0.446, "tok_per_s": 83734.0, "load": 14.87890625}
{"event": "step", "step": 59700, "loss": 4.0785, "lr": 0.0024724210950848808, "gnorm": 0.435, "tok_per_s": 83716.3, "load": 14.58935546875}
{"event": "step", "step": 59800, "loss": 4.1065, "lr": 0.0024706628332199446, "gnorm": 0.698, "tok_per_s": 83732.7, "load": 14.19091796875}
{"event": "step", "step": 59900, "loss": 3.8832, "lr": 0.0024689023605353475, "gnorm": 0.376, "tok_per_s": 83706.3, "load": 14.013671875}
{"event": "step", "step": 60000, "loss": 4.1649, "lr": 0.0024671396817737036, "gnorm": 0.35, "tok_per_s": 83705.3, "load": 13.9306640625}
{"event": "eval_quick", "step": 60000, "bpb": 1.3506737591136806, "nats_per_token": 4.072444016537945, "tokens": 16379, "bytes": 71247}
{"event": "step", "step": 60100, "loss": 4.3047, "lr": 0.0024653748016835713, "gnorm": 0.389, "tok_per_s": 65178.0, "load": 13.787109375}
{"event": "step", "step": 60200, "loss": 4.0954, "lr": 0.002463607725019438, "gnorm": 0.393, "tok_per_s": 83769.8, "load": 13.73974609375}
{"event": "step", "step": 60300, "loss": 4.1565, "lr": 0.0024618384565417103, "gnorm": 0.554, "tok_per_s": 83706.3, "load": 13.7802734375}
{"event": "step", "step": 60400, "loss": 4.2098, "lr": 0.0024600670010166974, "gnorm": 0.737, "tok_per_s": 83729.5, "load": 13.734375}
{"event": "step", "step": 60500, "loss": 4.2568, "lr": 0.0024582933632166007, "gnorm": 0.504, "tok_per_s": 83745.9, "load": 13.541015625}
{"event": "step", "step": 60600, "loss": 4.2109, "lr": 0.002456517547919502, "gnorm": 0.384, "tok_per_s": 83758.8, "load": 13.37744140625}
{"event": "step", "step": 60700, "loss": 4.0799, "lr": 0.0024547395599093472, "gnorm": 0.339, "tok_per_s": 83747.1, "load": 13.5537109375}
{"event": "step", "step": 60800, "loss": 4.2337, "lr": 0.002452959403975937, "gnorm": 0.697, "tok_per_s": 83715.2, "load": 13.548828125}
{"event": "step", "step": 60900, "loss": 4.0799, "lr": 0.002451177084914912, "gnorm": 0.671, "tok_per_s": 83616.3, "load": 13.4638671875}
{"event": "step", "step": 61000, "loss": 4.3257, "lr": 0.0024493926075277394, "gnorm": 0.647, "tok_per_s": 83657.4, "load": 13.3857421875}
{"event": "step", "step": 61100, "loss": 4.2509, "lr": 0.0024476059766217004, "gnorm": 0.875, "tok_per_s": 83702.6, "load": 13.48046875}
{"event": "step", "step": 61200, "loss": 4.1286, "lr": 0.00244581719700988, "gnorm": 0.473, "tok_per_s": 83715.5, "load": 17.900390625}
{"event": "step", "step": 61300, "loss": 4.1061, "lr": 0.0024440262735111492, "gnorm": 0.405, "tok_per_s": 83707.0, "load": 17.22021484375}
{"event": "step", "step": 61400, "loss": 4.1027, "lr": 0.0024422332109501556, "gnorm": 1.004, "tok_per_s": 83699.8, "load": 16.65087890625}
{"event": "step", "step": 61500, "loss": 4.2006, "lr": 0.0024404380141573095, "gnorm": 0.331, "tok_per_s": 83669.8, "load": 16.3583984375}
{"event": "step", "step": 61600, "loss": 4.1719, "lr": 0.00243864068796877, "gnorm": 0.419, "tok_per_s": 83676.0, "load": 15.76171875}
{"event": "step", "step": 61700, "loss": 4.051, "lr": 0.0024368412372264333, "gnorm": 0.348, "tok_per_s": 83677.7, "load": 15.3369140625}
{"event": "step", "step": 61800, "loss": 4.1283, "lr": 0.0024350396667779193, "gnorm": 0.793, "tok_per_s": 83687.5, "load": 14.97705078125}
{"event": "step", "step": 61900, "loss": 4.3397, "lr": 0.0024332359814765573, "gnorm": 0.753, "tok_per_s": 83720.0, "load": 14.59228515625}
{"event": "step", "step": 62000, "loss": 4.111, "lr": 0.0024314301861813738, "gnorm": 0.37, "tok_per_s": 83719.9, "load": 14.5810546875}
{"event": "step", "step": 62100, "loss": 4.2496, "lr": 0.0024296222857570814, "gnorm": 0.436, "tok_per_s": 83609.0, "load": 14.18359375}
{"event": "step", "step": 62200, "loss": 4.2814, "lr": 0.0024278122850740617, "gnorm": 0.747, "tok_per_s": 83658.7, "load": 13.99462890625}
{"event": "step", "step": 62300, "loss": 4.265, "lr": 0.0024260001890083547, "gnorm": 0.428, "tok_per_s": 83654.4, "load": 13.921875}
{"event": "step", "step": 62400, "loss": 3.9947, "lr": 0.002424186002441646, "gnorm": 0.482, "tok_per_s": 83737.1, "load": 13.85986328125}
{"event": "step", "step": 62500, "loss": 4.2481, "lr": 0.0024223697302612527, "gnorm": 0.355, "tok_per_s": 83740.0, "load": 13.80126953125}
{"event": "step", "step": 62600, "loss": 4.0965, "lr": 0.00242055137736011, "gnorm": 0.367, "tok_per_s": 83685.0, "load": 13.75830078125}
{"event": "step", "step": 62700, "loss": 4.2695, "lr": 0.002418730948636759, "gnorm": 0.321, "tok_per_s": 83768.7, "load": 13.64111328125}
{"event": "step", "step": 62800, "loss": 4.2241, "lr": 0.0024169084489953315, "gnorm": 0.436, "tok_per_s": 83700.6, "load": 13.5361328125}
{"event": "step", "step": 62900, "loss": 4.2182, "lr": 0.002415083883345541, "gnorm": 0.407, "tok_per_s": 83758.9, "load": 13.45361328125}
{"event": "step", "step": 63000, "loss": 4.0581, "lr": 0.0024132572566026643, "gnorm": 0.404, "tok_per_s": 83763.6, "load": 13.39013671875}
{"event": "step", "step": 63100, "loss": 4.1023, "lr": 0.002411428573687531, "gnorm": 0.638, "tok_per_s": 83729.9, "load": 13.25}
{"event": "step", "step": 63200, "loss": 3.9683, "lr": 0.002409597839526511, "gnorm": 1.081, "tok_per_s": 83743.3, "load": 13.21142578125}
{"event": "step", "step": 63300, "loss": 4.1835, "lr": 0.0024077650590514986, "gnorm": 0.429, "tok_per_s": 83718.4, "load": 13.4130859375}
{"event": "step", "step": 63400, "loss": 4.178, "lr": 0.002405930237199903, "gnorm": 0.377, "tok_per_s": 83678.8, "load": 13.275390625}
{"event": "step", "step": 63500, "loss": 4.1877, "lr": 0.0024040933789146305, "gnorm": 0.894, "tok_per_s": 83659.3, "load": 13.38720703125}
{"event": "step", "step": 63600, "loss": 4.2184, "lr": 0.002402254489144074, "gnorm": 0.457, "tok_per_s": 83732.1, "load": 13.48193359375}
{"event": "step", "step": 63700, "loss": 4.3044, "lr": 0.0024004135728421003, "gnorm": 0.413, "tok_per_s": 83720.8, "load": 13.4140625}
{"event": "step", "step": 63800, "loss": 4.1859, "lr": 0.002398570634968035, "gnorm": 0.441, "tok_per_s": 83728.6, "load": 13.34423828125}
{"event": "step", "step": 63900, "loss": 4.3556, "lr": 0.0023967256804866477, "gnorm": 0.673, "tok_per_s": 83807.8, "load": 13.39697265625}
{"event": "step", "step": 64000, "loss": 4.3626, "lr": 0.0023948787143681432, "gnorm": 0.486, "tok_per_s": 83766.8, "load": 13.181640625}
{"event": "step", "step": 64100, "loss": 4.0596, "lr": 0.0023930297415881456, "gnorm": 0.37, "tok_per_s": 83745.2, "load": 13.1474609375}
{"event": "step", "step": 64200, "loss": 4.3051, "lr": 0.002391178767127683, "gnorm": 0.48, "tok_per_s": 83774.5, "load": 13.130859375}
{"event": "step", "step": 64300, "loss": 4.1698, "lr": 0.002389325795973177, "gnorm": 1.451, "tok_per_s": 83697.2, "load": 15.099609375}
{"event": "step", "step": 64400, "loss": 4.0682, "lr": 0.002387470833116428, "gnorm": 0.333, "tok_per_s": 83671.3, "load": 17.2529296875}
{"event": "step", "step": 64500, "loss": 4.1446, "lr": 0.0023856138835546014, "gnorm": 0.663, "tok_per_s": 83673.5, "load": 16.67236328125}
{"event": "step", "step": 64600, "loss": 4.165, "lr": 0.0023837549522902164, "gnorm": 0.427, "tok_per_s": 83772.8, "load": 16.42822265625}
{"event": "step", "step": 64700, "loss": 4.1264, "lr": 0.002381894044331128, "gnorm": 1.026, "tok_per_s": 83777.4, "load": 15.900390625}
{"event": "step", "step": 64800, "loss": 4.2211, "lr": 0.00238003116469052, "gnorm": 0.422, "tok_per_s": 83723.8, "load": 15.52783203125}
{"event": "step", "step": 64900, "loss": 4.1321, "lr": 0.002378166318386884, "gnorm": 1.256, "tok_per_s": 83799.6, "load": 15.3603515625}
{"event": "step", "step": 65000, "loss": 4.1119, "lr": 0.0023762995104440114, "gnorm": 0.52, "tok_per_s": 83724.6, "load": 15.07666015625}
{"event": "step", "step": 65100, "loss": 4.0343, "lr": 0.002374430745890979, "gnorm": 1.223, "tok_per_s": 66620.0, "load": 19.17724609375}
{"event": "step", "step": 65200, "loss": 4.1153, "lr": 0.0023725600297621334, "gnorm": 0.378, "tok_per_s": 83809.4, "load": 18.22705078125}
{"event": "step", "step": 65300, "loss": 4.1048, "lr": 0.0023706873670970787, "gnorm": 0.643, "tok_per_s": 83770.4, "load": 17.5029296875}
{"event": "step", "step": 65400, "loss": 3.9884, "lr": 0.0023688127629406634, "gnorm": 0.745, "tok_per_s": 83800.7, "load": 16.89013671875}
{"event": "step", "step": 65500, "loss": 4.1953, "lr": 0.0023669362223429666, "gnorm": 0.901, "tok_per_s": 83827.3, "load": 16.3720703125}
{"event": "step", "step": 65600, "loss": 4.1392, "lr": 0.002365057750359283, "gnorm": 0.368, "tok_per_s": 83816.3, "load": 15.69921875}
{"event": "step", "step": 65700, "loss": 4.1765, "lr": 0.0023631773520501097, "gnorm": 0.485, "tok_per_s": 83671.6, "load": 15.36376953125}
{"event": "step", "step": 65800, "loss": 4.1207, "lr": 0.0023612950324811356, "gnorm": 0.538, "tok_per_s": 83712.4, "load": 14.919921875}
{"event": "step", "step": 65900, "loss": 4.1876, "lr": 0.0023594107967232236, "gnorm": 0.639, "tok_per_s": 83721.9, "load": 14.6181640625}
{"event": "step", "step": 66000, "loss": 4.1585, "lr": 0.0023575246498523995, "gnorm": 0.724, "tok_per_s": 83686.9, "load": 14.5224609375}
{"event": "step", "step": 66100, "loss": 4.2956, "lr": 0.002355636596949837, "gnorm": 0.438, "tok_per_s": 83683.4, "load": 16.857421875}
{"event": "step", "step": 66200, "loss": 4.2306, "lr": 0.0023537466431018447, "gnorm": 0.323, "tok_per_s": 83680.4, "load": 16.26416015625}
{"event": "step", "step": 66300, "loss": 4.1378, "lr": 0.0023518547933998523, "gnorm": 0.669, "tok_per_s": 83667.8, "load": 15.681640625}
{"event": "step", "step": 66400, "loss": 4.1534, "lr": 0.002349961052940397, "gnorm": 0.452, "tok_per_s": 83665.0, "load": 15.34912109375}
{"event": "step", "step": 66500, "loss": 4.0361, "lr": 0.0023480654268251094, "gnorm": 0.869, "tok_per_s": 83628.5, "load": 14.9072265625}
{"event": "step", "step": 66600, "loss": 4.2381, "lr": 0.0023461679201607004, "gnorm": 0.403, "tok_per_s": 83634.8, "load": 14.6875}
{"event": "step", "step": 66700, "loss": 4.2301, "lr": 0.0023442685380589455, "gnorm": 0.405, "tok_per_s": 83678.4, "load": 14.662109375}
{"event": "step", "step": 66800, "loss": 4.0614, "lr": 0.0023423672856366746, "gnorm": 1.339, "tok_per_s": 83687.0, "load": 14.4736328125}
{"event": "step", "step": 66900, "loss": 3.9673, "lr": 0.0023404641680157545, "gnorm": 0.476, "tok_per_s": 83710.6, "load": 14.240234375}
{"event": "step", "step": 67000, "loss": 4.0733, "lr": 0.002338559190323077, "gnorm": 0.373, "tok_per_s": 83664.9, "load": 14.20263671875}
{"event": "step", "step": 67100, "loss": 4.0328, "lr": 0.0023366523576905467, "gnorm": 1.217, "tok_per_s": 83677.6, "load": 13.943359375}
{"event": "step", "step": 67200, "loss": 4.1072, "lr": 0.002334743675255063, "gnorm": 0.6, "tok_per_s": 83693.5, "load": 13.86572265625}
{"event": "step", "step": 67300, "loss": 4.4043, "lr": 0.0023328331481585083, "gnorm": 1.083, "tok_per_s": 83683.1, "load": 13.806640625}
{"event": "step", "step": 67400, "loss": 3.9109, "lr": 0.0023309207815477373, "gnorm": 0.498, "tok_per_s": 83717.6, "load": 13.74169921875}
{"event": "step", "step": 67500, "loss": 4.1089, "lr": 0.0023290065805745574, "gnorm": 0.509, "tok_per_s": 83702.5, "load": 13.62109375}
{"event": "step", "step": 67600, "loss": 4.1629, "lr": 0.0023270905503957186, "gnorm": 0.8, "tok_per_s": 83662.3, "load": 13.525390625}
{"event": "step", "step": 67700, "loss": 4.0724, "lr": 0.002325172696172899, "gnorm": 0.663, "tok_per_s": 83674.5, "load": 13.44384765625}
{"event": "step", "step": 67800, "loss": 4.1567, "lr": 0.002323253023072691, "gnorm": 1.005, "tok_per_s": 83670.5, "load": 13.29541015625}
{"event": "step", "step": 67900, "loss": 4.0303, "lr": 0.002321331536266585, "gnorm": 0.573, "tok_per_s": 83688.1, "load": 13.24951171875}
{"event": "step", "step": 68000, "loss": 4.208, "lr": 0.0023194082409309594, "gnorm": 1.062, "tok_per_s": 83691.3, "load": 13.205078125}
{"event": "step", "step": 68100, "loss": 4.2779, "lr": 0.002317483142247064, "gnorm": 0.95, "tok_per_s": 83715.8, "load": 13.17333984375}
{"event": "step", "step": 68200, "loss": 4.1303, "lr": 0.002315556245401007, "gnorm": 0.714, "tok_per_s": 83686.6, "load": 13.07275390625}
{"event": "step", "step": 68300, "loss": 4.1184, "lr": 0.002313627555583741, "gnorm": 0.534, "tok_per_s": 83669.3, "load": 13.28955078125}
{"event": "step", "step": 68400, "loss": 4.1502, "lr": 0.0023116970779910465, "gnorm": 0.663, "tok_per_s": 83695.1, "load": 13.392578125}
{"event": "step", "step": 68500, "loss": 4.1032, "lr": 0.002309764817823523, "gnorm": 0.4, "tok_per_s": 83669.4, "load": 13.33837890625}
{"event": "step", "step": 68600, "loss": 4.1367, "lr": 0.002307830780286571, "gnorm": 0.787, "tok_per_s": 83712.7, "load": 13.29296875}
{"event": "step", "step": 68700, "loss": 4.2514, "lr": 0.002305894970590379, "gnorm": 0.523, "tok_per_s": 83689.1, "load": 13.388671875}
{"event": "step", "step": 68800, "loss": 4.1876, "lr": 0.0023039573939499097, "gnorm": 0.354, "tok_per_s": 83653.2, "load": 13.5634765625}
{"event": "step", "step": 68900, "loss": 4.1781, "lr": 0.0023020180555848864, "gnorm": 0.695, "tok_per_s": 83655.6, "load": 13.40283203125}
{"event": "step", "step": 69000, "loss": 4.2334, "lr": 0.002300076960719778, "gnorm": 0.369, "tok_per_s": 83659.0, "load": 13.41455078125}
{"event": "step", "step": 69100, "loss": 3.9857, "lr": 0.002298134114583784, "gnorm": 0.693, "tok_per_s": 83654.9, "load": 13.58544921875}
{"event": "step", "step": 69200, "loss": 4.2536, "lr": 0.002296189522410825, "gnorm": 0.334, "tok_per_s": 83630.2, "load": 13.50146484375}
{"event": "step", "step": 69300, "loss": 4.0871, "lr": 0.002294243189439521, "gnorm": 0.397, "tok_per_s": 83650.7, "load": 13.34375}
{"event": "step", "step": 69400, "loss": 4.1808, "lr": 0.0022922951209131855, "gnorm": 0.528, "tok_per_s": 83659.5, "load": 13.3642578125}
{"event": "step", "step": 69500, "loss": 3.9888, "lr": 0.0022903453220798056, "gnorm": 0.395, "tok_per_s": 83621.1, "load": 13.31494140625}
{"event": "step", "step": 69600, "loss": 3.9767, "lr": 0.0022883937981920295, "gnorm": 0.341, "tok_per_s": 83645.6, "load": 13.1923828125}
{"event": "step", "step": 69700, "loss": 4.0146, "lr": 0.0022864405545071536, "gnorm": 0.402, "tok_per_s": 83641.3, "load": 15.63916015625}
{"event": "step", "step": 69800, "loss": 4.2424, "lr": 0.0022844855962871067, "gnorm": 0.865, "tok_per_s": 83717.9, "load": 15.427734375}
{"event": "step", "step": 69900, "loss": 4.2314, "lr": 0.002282528928798437, "gnorm": 0.626, "tok_per_s": 83749.2, "load": 15.12744140625}
{"event": "step", "step": 70000, "loss": 4.1542, "lr": 0.0022805705573122966, "gnorm": 1.178, "tok_per_s": 83700.9, "load": 14.87353515625}
{"event": "step", "step": 70100, "loss": 4.131, "lr": 0.0022786104871044283, "gnorm": 0.435, "tok_per_s": 65899.6, "load": 14.919921875}
{"event": "step", "step": 70200, "loss": 4.241, "lr": 0.002276648723455152, "gnorm": 1.288, "tok_per_s": 83802.2, "load": 14.6181640625}
{"event": "step", "step": 70300, "loss": 4.1319, "lr": 0.002274685271649349, "gnorm": 0.676, "tok_per_s": 83824.7, "load": 14.44873046875}
{"event": "step", "step": 70400, "loss": 4.2038, "lr": 0.0022727201369764473, "gnorm": 0.568, "tok_per_s": 83823.2, "load": 14.29931640625}
{"event": "step", "step": 70500, "loss": 4.1809, "lr": 0.0022707533247304105, "gnorm": 0.372, "tok_per_s": 83771.5, "load": 14.09912109375}
{"event": "step", "step": 70600, "loss": 4.2228, "lr": 0.00226878484020972, "gnorm": 0.513, "tok_per_s": 83783.0, "load": 14.00341796875}
{"event": "step", "step": 70700, "loss": 4.2838, "lr": 0.0022668146887173638, "gnorm": 0.955, "tok_per_s": 83742.5, "load": 13.77490234375}
{"event": "step", "step": 70800, "loss": 4.1184, "lr": 0.0022648428755608183, "gnorm": 0.984, "tok_per_s": 83757.0, "load": 13.72900390625}
{"event": "step", "step": 70900, "loss": 4.203, "lr": 0.002262869406052038, "gnorm": 1.675, "tok_per_s": 83670.5, "load": 13.697265625}
{"event": "step", "step": 71000, "loss": 4.1551, "lr": 0.0022608942855074387, "gnorm": 0.472, "tok_per_s": 83622.1, "load": 13.7216796875}
{"event": "step", "step": 71100, "loss": 4.1625, "lr": 0.0022589175192478856, "gnorm": 0.783, "tok_per_s": 83585.2, "load": 13.53662109375}
{"event": "step", "step": 71200, "loss": 4.217, "lr": 0.002256939112598675, "gnorm": 0.405, "tok_per_s": 83633.8, "load": 13.2998046875}
{"event": "step", "step": 71300, "loss": 4.1965, "lr": 0.0022549590708895242, "gnorm": 0.82, "tok_per_s": 83533.4, "load": 13.2470703125}
{"event": "step", "step": 71400, "loss": 4.1586, "lr": 0.002252977399454554, "gnorm": 0.38, "tok_per_s": 83567.9, "load": 13.43701171875}
{"event": "step", "step": 71500, "loss": 4.0631, "lr": 0.002250994103632277, "gnorm": 1.074, "tok_per_s": 83630.5, "load": 13.36962890625}
{"event": "step", "step": 71600, "loss": 4.0929, "lr": 0.0022490091887655797, "gnorm": 1.203, "tok_per_s": 83632.3, "load": 13.3125}
{"event": "step", "step": 71700, "loss": 4.0261, "lr": 0.0022470226602017123, "gnorm": 0.908, "tok_per_s": 83604.4, "load": 13.34423828125}
{"event": "step", "step": 71800, "loss": 4.1253, "lr": 0.0022450345232922714, "gnorm": 0.395, "tok_per_s": 83592.4, "load": 13.291015625}
{"event": "step", "step": 71900, "loss": 4.0583, "lr": 0.002243044783393186, "gnorm": 0.45, "tok_per_s": 83615.8, "load": 13.166015625}
{"event": "step", "step": 72000, "loss": 4.0804, "lr": 0.002241053445864704, "gnorm": 0.425, "tok_per_s": 83612.5, "load": 13.220703125}
{"event": "step", "step": 72100, "loss": 4.268, "lr": 0.0022390605160713772, "gnorm": 1.072, "tok_per_s": 83704.7, "load": 13.2666015625}
{"event": "step", "step": 72200, "loss": 4.1478, "lr": 0.0022370659993820466, "gnorm": 0.456, "tok_per_s": 83714.5, "load": 13.14501953125}
{"event": "step", "step": 72300, "loss": 4.1364, "lr": 0.0022350699011698285, "gnorm": 0.475, "tok_per_s": 83719.5, "load": 13.1162109375}
{"event": "step", "step": 72400, "loss": 4.0903, "lr": 0.002233072226812099, "gnorm": 0.707, "tok_per_s": 83735.7, "load": 13.1845703125}
{"event": "step", "step": 72500, "loss": 4.0728, "lr": 0.0022310729816904813, "gnorm": 0.98, "tok_per_s": 83745.7, "load": 13.236328125}
{"event": "step", "step": 72600, "loss": 3.9865, "lr": 0.00222907217119083, "gnorm": 0.456, "tok_per_s": 83722.6, "load": 14.30908203125}
{"event": "step", "step": 72700, "loss": 4.1591, "lr": 0.0022270698007032155, "gnorm": 0.435, "tok_per_s": 83727.0, "load": 17.138671875}
{"event": "step", "step": 72800, "loss": 4.1075, "lr": 0.0022250658756219127, "gnorm": 1.18, "tok_per_s": 83714.2, "load": 24.18701171875}
{"event": "step", "step": 72900, "loss": 4.1168, "lr": 0.0022230604013453825, "gnorm": 0.956, "tok_per_s": 83739.7, "load": 22.62060546875}
{"event": "step", "step": 73000, "loss": 4.1081, "lr": 0.0022210533832762603, "gnorm": 0.59, "tok_per_s": 83744.8, "load": 21.36865234375}
{"event": "step", "step": 73100, "loss": 3.9871, "lr": 0.0022190448268213404, "gnorm": 0.695, "tok_per_s": 83759.9, "load": 20.2353515625}
{"event": "step", "step": 73200, "loss": 3.9154, "lr": 0.002217034737391562, "gnorm": 0.825, "tok_per_s": 83751.4, "load": 23.52734375}
{"event": "step", "step": 73300, "loss": 4.0734, "lr": 0.0022150231204019918, "gnorm": 1.473, "tok_per_s": 83743.4, "load": 25.826171875}
{"event": "step", "step": 73400, "loss": 4.2804, "lr": 0.0022130099812718144, "gnorm": 1.147, "tok_per_s": 83769.5, "load": 30.08447265625}
{"event": "step", "step": 73500, "loss": 4.1242, "lr": 0.0022109953254243137, "gnorm": 1.099, "tok_per_s": 83736.5, "load": 30.97509765625}
{"event": "step", "step": 73600, "loss": 3.857, "lr": 0.0022089791582868587, "gnorm": 0.344, "tok_per_s": 83729.4, "load": 32.26953125}
{"event": "step", "step": 73700, "loss": 4.0403, "lr": 0.002206961485290891, "gnorm": 0.473, "tok_per_s": 83710.6, "load": 35.47314453125}
{"event": "step", "step": 73800, "loss": 4.0742, "lr": 0.0022049423118719095, "gnorm": 0.646, "tok_per_s": 83658.7, "load": 41.26904296875}
{"event": "step", "step": 73900, "loss": 4.082, "lr": 0.002202921643469453, "gnorm": 0.343, "tok_per_s": 83758.5, "load": 45.98779296875}
{"event": "step", "step": 74000, "loss": 4.1294, "lr": 0.0022008994855270895, "gnorm": 0.422, "tok_per_s": 83742.6, "load": 41.78369140625}
{"event": "step", "step": 74100, "loss": 4.2092, "lr": 0.0021988758434923986, "gnorm": 0.364, "tok_per_s": 83743.8, "load": 44.927734375}
{"event": "step", "step": 74200, "loss": 4.0502, "lr": 0.0021968507228169593, "gnorm": 0.538, "tok_per_s": 83733.2, "load": 44.525390625}
{"event": "step", "step": 74300, "loss": 3.9479, "lr": 0.0021948241289563323, "gnorm": 1.269, "tok_per_s": 83712.8, "load": 45.498046875}
{"event": "step", "step": 74400, "loss": 4.2714, "lr": 0.0021927960673700482, "gnorm": 0.936, "tok_per_s": 83710.3, "load": 45.94384765625}
{"event": "step", "step": 74500, "loss": 4.0425, "lr": 0.0021907665435215917, "gnorm": 1.324, "tok_per_s": 83724.7, "load": 41.33984375}
{"event": "step", "step": 74600, "loss": 3.9499, "lr": 0.002188735562878385, "gnorm": 0.442, "tok_per_s": 83709.1, "load": 45.599609375}
{"event": "step", "step": 74700, "loss": 4.102, "lr": 0.0021867031309117774, "gnorm": 0.501, "tok_per_s": 83696.6, "load": 43.76806640625}
{"event": "step", "step": 74800, "loss": 4.2003, "lr": 0.002184669253097026, "gnorm": 0.36, "tok_per_s": 83747.0, "load": 44.40283203125}
{"event": "step", "step": 74900, "loss": 4.191, "lr": 0.0021826339349132837, "gnorm": 0.53, "tok_per_s": 83763.6, "load": 40.1220703125}
{"event": "step", "step": 75000, "loss": 4.0467, "lr": 0.002180597181843584, "gnorm": 0.66, "tok_per_s": 83737.4, "load": 36.33251953125}
{"event": "step", "step": 75100, "loss": 4.0634, "lr": 0.002178558999374825, "gnorm": 1.569, "tok_per_s": 66091.3, "load": 33.2734375}
{"event": "step", "step": 75200, "loss": 4.0911, "lr": 0.002176519392997755, "gnorm": 0.519, "tok_per_s": 83744.2, "load": 33.82763671875}
{"event": "step", "step": 75300, "loss": 4.1676, "lr": 0.002174478368206961, "gnorm": 0.563, "tok_per_s": 83825.2, "load": 31.24658203125}
{"event": "step", "step": 75400, "loss": 4.0776, "lr": 0.002172435930500849, "gnorm": 1.076, "tok_per_s": 83820.0, "load": 28.90185546875}
{"event": "step", "step": 75500, "loss": 4.2445, "lr": 0.0021703920853816307, "gnorm": 1.476, "tok_per_s": 83774.3, "load": 26.91162109375}
{"event": "step", "step": 75600, "loss": 4.1088, "lr": 0.002168346838355311, "gnorm": 0.432, "tok_per_s": 83773.2, "load": 25.47998046875}
{"event": "step", "step": 75700, "loss": 3.9151, "lr": 0.0021663001949316714, "gnorm": 0.507, "tok_per_s": 83801.4, "load": 24.015625}
{"event": "step", "step": 75800, "loss": 4.1044, "lr": 0.002164252160624253, "gnorm": 1.543, "tok_per_s": 83760.3, "load": 22.8564453125}
{"event": "step", "step": 75900, "loss": 4.0493, "lr": 0.002162202740950346, "gnorm": 0.369, "tok_per_s": 83763.2, "load": 26.44970703125}
{"event": "step", "step": 76000, "loss": 3.9905, "lr": 0.002160151941430973, "gnorm": 0.574, "tok_per_s": 83699.7, "load": 24.60888671875}
{"event": "step", "step": 76100, "loss": 4.1367, "lr": 0.002158099767590871, "gnorm": 0.767, "tok_per_s": 83729.9, "load": 23.05126953125}
{"event": "step", "step": 76200, "loss": 4.079, "lr": 0.0021560462249584833, "gnorm": 0.703, "tok_per_s": 83720.9, "load": 21.6591796875}
{"event": "step", "step": 76300, "loss": 4.0978, "lr": 0.0021539913190659382, "gnorm": 0.376, "tok_per_s": 83740.2, "load": 20.4873046875}
{"event": "step", "step": 76400, "loss": 3.9884, "lr": 0.0021519350554490353, "gnorm": 0.561, "tok_per_s": 83735.4, "load": 19.71728515625}
{"event": "step", "step": 76500, "loss": 4.0658, "lr": 0.002149877439647235, "gnorm": 1.044, "tok_per_s": 83683.4, "load": 18.998046875}
{"event": "step", "step": 76600, "loss": 4.1431, "lr": 0.002147818477203639, "gnorm": 0.523, "tok_per_s": 83677.9, "load": 18.83837890625}
{"event": "step", "step": 76700, "loss": 4.1133, "lr": 0.002145758173664976, "gnorm": 0.714, "tok_per_s": 83693.3, "load": 18.55517578125}
{"event": "step", "step": 76800, "loss": 4.0991, "lr": 0.0021436965345815887, "gnorm": 0.456, "tok_per_s": 83714.6, "load": 17.546875}
{"event": "step", "step": 76900, "loss": 4.1773, "lr": 0.002141633565507417, "gnorm": 0.445, "tok_per_s": 83685.1, "load": 17.1611328125}
{"event": "step", "step": 77000, "loss": 3.9944, "lr": 0.0021395692719999838, "gnorm": 0.694, "tok_per_s": 83691.0, "load": 22.9140625}
{"event": "step", "step": 77100, "loss": 4.1767, "lr": 0.0021375036596203803, "gnorm": 0.507, "tok_per_s": 83709.9, "load": 21.70361328125}
{"event": "step", "step": 77200, "loss": 4.2396, "lr": 0.00213543673393325, "gnorm": 0.56, "tok_per_s": 83720.3, "load": 20.68505859375}
{"event": "step", "step": 77300, "loss": 4.4021, "lr": 0.002133368500506776, "gnorm": 1.098, "tok_per_s": 83661.9, "load": 19.42919921875}
{"event": "step", "step": 77400, "loss": 4.1596, "lr": 0.0021312989649126617, "gnorm": 0.698, "tok_per_s": 83662.0, "load": 18.513671875}
{"event": "step", "step": 77500, "loss": 4.2539, "lr": 0.002129228132726121, "gnorm": 0.44, "tok_per_s": 83663.4, "load": 17.7392578125}
{"event": "step", "step": 77600, "loss": 4.0172, "lr": 0.0021271560095258587, "gnorm": 0.953, "tok_per_s": 83718.7, "load": 16.93017578125}
{"event": "step", "step": 77700, "loss": 4.1651, "lr": 0.0021250826008940593, "gnorm": 0.785, "tok_per_s": 83676.7, "load": 20.009765625}
{"event": "step", "step": 77800, "loss": 4.2473, "lr": 0.00212300791241637, "gnorm": 0.692, "tok_per_s": 83699.5, "load": 19.01171875}
{"event": "step", "step": 77900, "loss": 4.1808, "lr": 0.002120931949681884, "gnorm": 0.788, "tok_per_s": 83695.9, "load": 18.40771484375}
{"event": "step", "step": 78000, "loss": 4.2773, "lr": 0.0021188547182831286, "gnorm": 0.541, "tok_per_s": 83697.9, "load": 17.56982421875}
{"event": "step", "step": 78100, "loss": 3.9569, "lr": 0.0021167762238160494, "gnorm": 0.385, "tok_per_s": 83738.9, "load": 17.54931640625}
{"event": "step", "step": 78200, "loss": 4.3572, "lr": 0.002114696471879994, "gnorm": 0.457, "tok_per_s": 83709.1, "load": 16.85546875}
{"event": "step", "step": 78300, "loss": 4.2031, "lr": 0.0021126154680776972, "gnorm": 0.458, "tok_per_s": 83683.0, "load": 16.18212890625}
{"event": "step", "step": 78400, "loss": 4.1791, "lr": 0.0021105332180152664, "gnorm": 0.477, "tok_per_s": 83655.7, "load": 15.84619140625}
{"event": "step", "step": 78500, "loss": 4.2102, "lr": 0.0021084497273021665, "gnorm": 0.979, "tok_per_s": 83694.2, "load": 15.48828125}
{"event": "step", "step": 78600, "loss": 4.0465, "lr": 0.002106365001551205, "gnorm": 0.891, "tok_per_s": 83712.1, "load": 15.2587890625}
{"event": "step", "step": 78700, "loss": 4.0892, "lr": 0.0021042790463785157, "gnorm": 0.522, "tok_per_s": 83686.6, "load": 14.90478515625}
{"event": "step", "step": 78800, "loss": 4.0645, "lr": 0.002102191867403546, "gnorm": 0.68, "tok_per_s": 83681.7, "load": 16.20703125}
{"event": "step", "step": 78900, "loss": 4.0853, "lr": 0.0021001034702490375, "gnorm": 1.095, "tok_per_s": 83738.1, "load": 15.72021484375}
{"event": "step", "step": 79000, "loss": 4.198, "lr": 0.002098013860541016, "gnorm": 0.422, "tok_per_s": 83761.2, "load": 15.38134765625}
{"event": "step", "step": 79100, "loss": 3.9626, "lr": 0.0020959230439087733, "gnorm": 0.362, "tok_per_s": 83749.5, "load": 15.08837890625}
{"event": "step", "step": 79200, "loss": 4.1102, "lr": 0.0020938310259848514, "gnorm": 0.731, "tok_per_s": 83754.4, "load": 14.84033203125}
{"event": "step", "step": 79300, "loss": 4.1714, "lr": 0.002091737812405029, "gnorm": 0.683, "tok_per_s": 83740.6, "load": 14.69287109375}
{"event": "step", "step": 79400, "loss": 4.0532, "lr": 0.002089643408808307, "gnorm": 0.571, "tok_per_s": 83744.9, "load": 14.7275390625}
{"event": "step", "step": 79500, "loss": 4.0215, "lr": 0.0020875478208368906, "gnorm": 0.383, "tok_per_s": 83748.1, "load": 14.3876953125}
{"event": "step", "step": 79600, "loss": 4.1472, "lr": 0.0020854510541361768, "gnorm": 0.535, "tok_per_s": 83742.5, "load": 14.173828125}
{"event": "step", "step": 79700, "loss": 4.0834, "lr": 0.0020833531143547375, "gnorm": 0.505, "tok_per_s": 83735.9, "load": 14.5087890625}
{"event": "step", "step": 79800, "loss": 4.1954, "lr": 0.0020812540071443045, "gnorm": 0.577, "tok_per_s": 83749.8, "load": 14.3564453125}
{"event": "step", "step": 79900, "loss": 4.1747, "lr": 0.002079153738159755, "gnorm": 0.784, "tok_per_s": 83730.9, "load": 14.5224609375}
{"event": "step", "step": 80000, "loss": 4.063, "lr": 0.0020770523130590962, "gnorm": 1.627, "tok_per_s": 83700.6, "load": 14.29443359375}
{"event": "eval_quick", "step": 80000, "bpb": 1.343088138342132, "nats_per_token": 4.0495724565373346, "tokens": 16379, "bytes": 71247}
{"event": "step", "step": 80100, "loss": 4.262, "lr": 0.002074949737503449, "gnorm": 0.47, "tok_per_s": 65453.7, "load": 14.30810546875}
{"event": "step", "step": 80200, "loss": 4.1499, "lr": 0.0020728460171570346, "gnorm": 0.721, "tok_per_s": 83814.5, "load": 14.1064453125}
{"event": "step", "step": 80300, "loss": 4.0359, "lr": 0.0020707411576871572, "gnorm": 0.749, "tok_per_s": 83810.3, "load": 13.85595703125}
{"event": "step", "step": 80400, "loss": 4.0747, "lr": 0.002068635164764191, "gnorm": 1.519, "tok_per_s": 83795.4, "load": 14.1728515625}
{"event": "step", "step": 80500, "loss": 3.9701, "lr": 0.0020665280440615615, "gnorm": 0.605, "tok_per_s": 83782.1, "load": 14.20703125}
{"event": "step", "step": 80600, "loss": 4.0083, "lr": 0.0020644198012557354, "gnorm": 0.372, "tok_per_s": 83766.4, "load": 14.1904296875}
{"event": "step", "step": 80700, "loss": 3.9619, "lr": 0.002062310442026199, "gnorm": 0.535, "tok_per_s": 83727.4, "load": 14.2412109375}
{"event": "step", "step": 80800, "loss": 4.1926, "lr": 0.0020601999720554487, "gnorm": 1.437, "tok_per_s": 83804.9, "load": 14.11767578125}
{"event": "step", "step": 80900, "loss": 4.03, "lr": 0.002058088397028972, "gnorm": 0.388, "tok_per_s": 83833.3, "load": 14.09912109375}
{"event": "step", "step": 81000, "loss": 4.0022, "lr": 0.0020559757226352336, "gnorm": 0.474, "tok_per_s": 83818.3, "load": 14.619140625}
{"event": "step", "step": 81100, "loss": 4.0448, "lr": 0.00205386195456566, "gnorm": 0.395, "tok_per_s": 83773.4, "load": 14.751953125}
{"event": "step", "step": 81200, "loss": 4.1891, "lr": 0.0020517470985146244, "gnorm": 0.444, "tok_per_s": 83754.8, "load": 14.48193359375}
{"event": "step", "step": 81300, "loss": 4.1537, "lr": 0.0020496311601794297, "gnorm": 0.523, "tok_per_s": 83794.8, "load": 14.72802734375}
{"event": "step", "step": 81400, "loss": 4.0666, "lr": 0.002047514145260295, "gnorm": 0.464, "tok_per_s": 83794.1, "load": 14.62255859375}
{"event": "step", "step": 81500, "loss": 4.0382, "lr": 0.002045396059460341, "gnorm": 0.343, "tok_per_s": 83804.5, "load": 14.4462890625}
{"event": "step", "step": 81600, "loss": 4.2477, "lr": 0.0020432769084855703, "gnorm": 1.074, "tok_per_s": 83753.9, "load": 14.296875}
{"event": "step", "step": 81700, "loss": 4.2584, "lr": 0.0020411566980448586, "gnorm": 0.893, "tok_per_s": 83783.6, "load": 14.09716796875}
{"event": "step", "step": 81800, "loss": 4.1789, "lr": 0.0020390354338499323, "gnorm": 0.979, "tok_per_s": 83790.6, "load": 14.00830078125}
{"event": "step", "step": 81900, "loss": 4.1192, "lr": 0.0020369131216153593, "gnorm": 0.727, "tok_per_s": 83776.5, "load": 14.00634765625}
{"event": "step", "step": 82000, "loss": 4.293, "lr": 0.00203478976705853, "gnorm": 0.876, "tok_per_s": 83753.9, "load": 14.22607421875}
{"event": "step", "step": 82100, "loss": 4.1807, "lr": 0.002032665375899641, "gnorm": 0.813, "tok_per_s": 83722.2, "load": 14.04345703125}
{"event": "step", "step": 82200, "loss": 4.1414, "lr": 0.0020305399538616846, "gnorm": 0.518, "tok_per_s": 83788.4, "load": 13.8759765625}
{"event": "step", "step": 82300, "loss": 4.267, "lr": 0.0020284135066704284, "gnorm": 1.002, "tok_per_s": 83774.4, "load": 14.0361328125}
{"event": "step", "step": 82400, "loss": 4.3957, "lr": 0.0020262860400544007, "gnorm": 0.512, "tok_per_s": 83791.1, "load": 13.88330078125}
{"event": "step", "step": 82500, "loss": 4.0383, "lr": 0.0020241575597448784, "gnorm": 0.396, "tok_per_s": 83761.4, "load": 13.6669921875}
{"event": "step", "step": 82600, "loss": 4.239, "lr": 0.002022028071475868, "gnorm": 0.772, "tok_per_s": 83800.0, "load": 13.798828125}
{"event": "step", "step": 82700, "loss": 4.0829, "lr": 0.002019897580984091, "gnorm": 0.973, "tok_per_s": 83802.1, "load": 13.755859375}
{"event": "step", "step": 82800, "loss": 4.0195, "lr": 0.0020177660940089693, "gnorm": 0.349, "tok_per_s": 83786.7, "load": 13.8544921875}
{"event": "step", "step": 82900, "loss": 4.2074, "lr": 0.0020156336162926104, "gnorm": 0.61, "tok_per_s": 83802.6, "load": 13.8662109375}
{"event": "step", "step": 83000, "loss": 4.1719, "lr": 0.0020135001535797887, "gnorm": 0.412, "tok_per_s": 83752.2, "load": 13.65234375}
{"event": "step", "step": 83100, "loss": 4.1098, "lr": 0.002011365711617933, "gnorm": 0.626, "tok_per_s": 83804.2, "load": 13.69970703125}
{"event": "step", "step": 83200, "loss": 4.1373, "lr": 0.0020092302961571113, "gnorm": 1.161, "tok_per_s": 83802.1, "load": 13.51806640625}
{"event": "step", "step": 83300, "loss": 4.1574, "lr": 0.0020070939129500126, "gnorm": 1.217, "tok_per_s": 83785.3, "load": 13.43798828125}
{"event": "step", "step": 83400, "loss": 4.1501, "lr": 0.002004956567751933, "gnorm": 1.231, "tok_per_s": 83812.4, "load": 13.3701171875}
{"event": "step", "step": 83500, "loss": 4.2276, "lr": 0.002002818266320761, "gnorm": 0.872, "tok_per_s": 83767.3, "load": 13.6337890625}
{"event": "step", "step": 83600, "loss": 4.1808, "lr": 0.0020006790144169607, "gnorm": 0.386, "tok_per_s": 83797.1, "load": 13.5361328125}
{"event": "step", "step": 83700, "loss": 4.1756, "lr": 0.0019985388178035564, "gnorm": 1.083, "tok_per_s": 83795.2, "load": 13.45361328125}
{"event": "step", "step": 83800, "loss": 4.077, "lr": 0.001996397682246119, "gnorm": 0.364, "tok_per_s": 83811.8, "load": 13.38330078125}
{"event": "step", "step": 83900, "loss": 3.965, "lr": 0.001994255613512747, "gnorm": 0.348, "tok_per_s": 83806.8, "load": 13.32421875}
{"event": "step", "step": 84000, "loss": 4.1968, "lr": 0.001992112617374053, "gnorm": 0.427, "tok_per_s": 83791.0, "load": 13.3544921875}
{"event": "step", "step": 84100, "loss": 4.1229, "lr": 0.001989968699603149, "gnorm": 0.351, "tok_per_s": 83816.8, "load": 13.29931640625}
{"event": "step", "step": 84200, "loss": 4.0579, "lr": 0.0019878238659756286, "gnorm": 0.485, "tok_per_s": 83806.5, "load": 13.32666015625}
{"event": "step", "step": 84300, "loss": 4.2135, "lr": 0.001985678122269554, "gnorm": 0.632, "tok_per_s": 83801.8, "load": 13.578125}
{"event": "step", "step": 84400, "loss": 3.9979, "lr": 0.0019835314742654387, "gnorm": 0.952, "tok_per_s": 83774.1, "load": 13.3349609375}
{"event": "step", "step": 84500, "loss": 4.0972, "lr": 0.001981383927746231, "gnorm": 0.402, "tok_per_s": 83818.2, "load": 13.27734375}
{"event": "step", "step": 84600, "loss": 4.0205, "lr": 0.0019792354884973023, "gnorm": 0.625, "tok_per_s": 83805.8, "load": 13.2412109375}
{"event": "step", "step": 84700, "loss": 4.2635, "lr": 0.001977086162306426, "gnorm": 0.949, "tok_per_s": 83791.1, "load": 13.4189453125}
{"event": "step", "step": 84800, "loss": 4.1912, "lr": 0.001974935954963767, "gnorm": 0.411, "tok_per_s": 83803.9, "load": 13.42822265625}
{"event": "step", "step": 84900, "loss": 3.9905, "lr": 0.001972784872261864, "gnorm": 0.361, "tok_per_s": 83748.1, "load": 13.36181640625}
{"event": "step", "step": 85000, "loss": 4.0491, "lr": 0.0019706329199956117, "gnorm": 0.641, "tok_per_s": 83798.0, "load": 13.2255859375}
{"event": "step", "step": 85100, "loss": 3.9975, "lr": 0.0019684801039622497, "gnorm": 0.516, "tok_per_s": 66536.2, "load": 13.1904296875}
{"event": "step", "step": 85200, "loss": 3.9994, "lr": 0.001966326429961344, "gnorm": 0.344, "tok_per_s": 83784.4, "load": 13.08056640625}
{"event": "step", "step": 85300, "loss": 3.9208, "lr": 0.001964171903794771, "gnorm": 0.429, "tok_per_s": 83799.9, "load": 13.30224609375}
{"event": "step", "step": 85400, "loss": 4.0336, "lr": 0.001962016531266704, "gnorm": 0.562, "tok_per_s": 83827.2, "load": 13.26220703125}
{"event": "step", "step": 85500, "loss": 4.2548, "lr": 0.001959860318183595, "gnorm": 0.603, "tok_per_s": 83841.0, "load": 13.1474609375}
{"event": "step", "step": 85600, "loss": 4.0254, "lr": 0.0019577032703541612, "gnorm": 1.254, "tok_per_s": 83810.0, "load": 13.20458984375}
{"event": "step", "step": 85700, "loss": 4.1381, "lr": 0.0019555453935893694, "gnorm": 0.407, "tok_per_s": 83789.1, "load": 13.1728515625}
{"event": "step", "step": 85800, "loss": 4.2514, "lr": 0.001953386693702418, "gnorm": 0.429, "tok_per_s": 83766.5, "load": 13.44775390625}
{"event": "step", "step": 85900, "loss": 4.0387, "lr": 0.0019512271765087241, "gnorm": 0.536, "tok_per_s": 83793.8, "load": 13.37841796875}
{"event": "step", "step": 86000, "loss": 3.9612, "lr": 0.0019490668478259047, "gnorm": 0.483, "tok_per_s": 83795.8, "load": 13.24609375}
{"event": "step", "step": 86100, "loss": 4.0474, "lr": 0.001946905713473765, "gnorm": 0.505, "tok_per_s": 83754.3, "load": 13.2880859375}
{"event": "step", "step": 86200, "loss": 4.0831, "lr": 0.0019447437792742797, "gnorm": 0.394, "tok_per_s": 83755.8, "load": 13.39794921875}
{"event": "step", "step": 86300, "loss": 4.1403, "lr": 0.0019425810510515782, "gnorm": 0.394, "tok_per_s": 83788.9, "load": 13.36572265625}
{"event": "step", "step": 86400, "loss": 4.0542, "lr": 0.0019404175346319297, "gnorm": 0.709, "tok_per_s": 83753.3, "load": 13.45703125}
{"event": "step", "step": 86500, "loss": 3.9913, "lr": 0.0019382532358437248, "gnorm": 0.539, "tok_per_s": 83774.9, "load": 13.541015625}
{"event": "step", "step": 86600, "loss": 4.2472, "lr": 0.001936088160517464, "gnorm": 0.588, "tok_per_s": 83770.3, "load": 13.3837890625}
{"event": "step", "step": 86700, "loss": 3.9827, "lr": 0.0019339223144857387, "gnorm": 0.443, "tok_per_s": 83717.5, "load": 13.318359375}
{"event": "step", "step": 86800, "loss": 4.1755, "lr": 0.0019317557035832171, "gnorm": 0.379, "tok_per_s": 83722.3, "load": 13.41650390625}
{"event": "step", "step": 86900, "loss": 3.9849, "lr": 0.0019295883336466267, "gnorm": 0.348, "tok_per_s": 83746.0, "load": 13.35888671875}
{"event": "step", "step": 87000, "loss": 4.1129, "lr": 0.0019274202105147406, "gnorm": 0.393, "tok_per_s": 83760.0, "load": 13.22314453125}
{"event": "step", "step": 87100, "loss": 3.9973, "lr": 0.001925251340028362, "gnorm": 0.499, "tok_per_s": 83754.1, "load": 13.2626953125}
{"event": "step", "step": 87200, "loss": 3.9526, "lr": 0.0019230817280303054, "gnorm": 0.689, "tok_per_s": 83754.9, "load": 13.228515625}
{"event": "step", "step": 87300, "loss": 4.0963, "lr": 0.0019209113803653843, "gnorm": 0.441, "tok_per_s": 83784.5, "load": 13.0390625}
{"event": "step", "step": 87400, "loss": 3.9969, "lr": 0.0019187403028803932, "gnorm": 0.61, "tok_per_s": 83775.8, "load": 13.0263671875}
{"event": "step", "step": 87500, "loss": 4.1083, "lr": 0.0019165685014240939, "gnorm": 0.977, "tok_per_s": 83802.6, "load": 13.1025390625}
{"event": "step", "step": 87600, "loss": 4.2342, "lr": 0.0019143959818471972, "gnorm": 0.426, "tok_per_s": 83765.6, "load": 13.00634765625}
{"event": "step", "step": 87700, "loss": 4.1293, "lr": 0.001912222750002349, "gnorm": 1.123, "tok_per_s": 83787.4, "load": 12.99853515625}
{"event": "step", "step": 87800, "loss": 4.0619, "lr": 0.001910048811744114, "gnorm": 0.378, "tok_per_s": 83816.1, "load": 13.1533203125}
{"event": "step", "step": 87900, "loss": 4.2638, "lr": 0.00190787417292896, "gnorm": 0.602, "tok_per_s": 83777.3, "load": 13.13623046875}
{"event": "step", "step": 88000, "loss": 4.1796, "lr": 0.0019056988394152423, "gnorm": 0.351, "tok_per_s": 83792.6, "load": 13.1826171875}
{"event": "step", "step": 88100, "loss": 4.0489, "lr": 0.0019035228170631877, "gnorm": 0.398, "tok_per_s": 83739.0, "load": 13.30908203125}
{"event": "step", "step": 88200, "loss": 4.1717, "lr": 0.0019013461117348776, "gnorm": 0.457, "tok_per_s": 83792.0, "load": 13.26806640625}
{"event": "step", "step": 88300, "loss": 3.9804, "lr": 0.001899168729294235, "gnorm": 0.55, "tok_per_s": 83767.8, "load": 13.146484375}
{"event": "step", "step": 88400, "loss": 4.2168, "lr": 0.0018969906756070055, "gnorm": 0.815, "tok_per_s": 83770.2, "load": 13.1171875}
{"event": "step", "step": 88500, "loss": 4.0416, "lr": 0.0018948119565407437, "gnorm": 1.228, "tok_per_s": 83759.0, "load": 13.02734375}
{"event": "step", "step": 88600, "loss": 4.1672, "lr": 0.001892632577964797, "gnorm": 0.621, "tok_per_s": 83812.6, "load": 13.0966796875}
{"event": "step", "step": 88700, "loss": 3.9645, "lr": 0.0018904525457502886, "gnorm": 0.892, "tok_per_s": 83796.8, "load": 13.08837890625}
{"event": "step", "step": 88800, "loss": 4.0569, "lr": 0.0018882718657701031, "gnorm": 0.712, "tok_per_s": 83806.4, "load": 12.92041015625}
{"event": "step", "step": 88900, "loss": 4.1742, "lr": 0.0018860905438988704, "gnorm": 0.869, "tok_per_s": 83796.5, "load": 12.92626953125}
{"event": "step", "step": 89000, "loss": 4.1679, "lr": 0.0018839085860129494, "gnorm": 0.865, "tok_per_s": 83745.9, "load": 13.091796875}
{"event": "step", "step": 89100, "loss": 4.1877, "lr": 0.0018817259979904113, "gnorm": 0.475, "tok_per_s": 83796.8, "load": 13.00341796875}
{"event": "step", "step": 89200, "loss": 4.1611, "lr": 0.0018795427857110274, "gnorm": 0.435, "tok_per_s": 83811.4, "load": 12.99658203125}
{"event": "step", "step": 89300, "loss": 3.9961, "lr": 0.0018773589550562483, "gnorm": 0.423, "tok_per_s": 83791.4, "load": 13.1513671875}
{"event": "step", "step": 89400, "loss": 4.0004, "lr": 0.0018751745119091913, "gnorm": 0.581, "tok_per_s": 83782.6, "load": 13.134765625}
{"event": "step", "step": 89500, "loss": 4.2263, "lr": 0.0018729894621546238, "gnorm": 1.157, "tok_per_s": 83813.4, "load": 13.107421875}
{"event": "step", "step": 89600, "loss": 3.9948, "lr": 0.0018708038116789479, "gnorm": 1.04, "tok_per_s": 83797.6, "load": 13.2451171875}
{"event": "step", "step": 89700, "loss": 4.1082, "lr": 0.001868617566370183, "gnorm": 0.661, "tok_per_s": 83755.3, "load": 18.0185546875}
{"event": "step", "step": 89800, "loss": 4.0961, "lr": 0.0018664307321179512, "gnorm": 0.673, "tok_per_s": 83724.7, "load": 23.095703125}
{"event": "step", "step": 89900, "loss": 4.0094, "lr": 0.0018642433148134616, "gnorm": 0.598, "tok_per_s": 83774.7, "load": 21.77685546875}
{"event": "step", "step": 90000, "loss": 4.1756, "lr": 0.0018620553203494937, "gnorm": 0.422, "tok_per_s": 83756.4, "load": 20.6669921875}
{"event": "step", "step": 90100, "loss": 4.1398, "lr": 0.0018598667546203815, "gnorm": 0.653, "tok_per_s": 65544.4, "load": 19.333984375}
{"event": "step", "step": 90200, "loss": 4.0175, "lr": 0.0018576776235219995, "gnorm": 0.815, "tok_per_s": 83746.2, "load": 18.513671875}
{"event": "step", "step": 90300, "loss": 4.1363, "lr": 0.0018554879329517428, "gnorm": 1.376, "tok_per_s": 83715.0, "load": 17.892578125}
{"event": "step", "step": 90400, "loss": 3.9379, "lr": 0.0018532976888085161, "gnorm": 0.477, "tok_per_s": 83795.1, "load": 21.06396484375}
{"event": "step", "step": 90500, "loss": 4.1523, "lr": 0.0018511068969927142, "gnorm": 0.986, "tok_per_s": 83768.2, "load": 19.9775390625}
{"event": "step", "step": 90600, "loss": 4.1365, "lr": 0.0018489155634062067, "gnorm": 0.46, "tok_per_s": 83714.1, "load": 19.0517578125}
{"event": "step", "step": 90700, "loss": 4.1219, "lr": 0.001846723693952324, "gnorm": 0.533, "tok_per_s": 83751.1, "load": 18.04736328125}
{"event": "step", "step": 90800, "loss": 3.9905, "lr": 0.0018445312945358395, "gnorm": 1.077, "tok_per_s": 83787.0, "load": 17.27099609375}
{"event": "step", "step": 90900, "loss": 4.0623, "lr": 0.001842338371062954, "gnorm": 0.444, "tok_per_s": 83778.2, "load": 16.84130859375}
{"event": "step", "step": 91000, "loss": 4.0919, "lr": 0.0018401449294412806, "gnorm": 0.598, "tok_per_s": 83766.0, "load": 16.32421875}
{"event": "step", "step": 91100, "loss": 4.0999, "lr": 0.001837950975579828, "gnorm": 0.742, "tok_per_s": 83783.2, "load": 15.81884765625}
{"event": "step", "step": 91200, "loss": 4.2981, "lr": 0.001835756515388985, "gnorm": 0.445, "tok_per_s": 83766.6, "load": 15.544921875}
{"event": "step", "step": 91300, "loss": 4.1442, "lr": 0.001833561554780504, "gnorm": 0.365, "tok_per_s": 83754.8, "load": 15.1533203125}
{"event": "step", "step": 91400, "loss": 3.9987, "lr": 0.0018313660996674868, "gnorm": 0.376, "tok_per_s": 83752.5, "load": 15.20947265625}
{"event": "step", "step": 91500, "loss": 4.0533, "lr": 0.0018291701559643647, "gnorm": 0.869, "tok_per_s": 83741.4, "load": 14.94921875}
{"event": "step", "step": 91600, "loss": 4.3106, "lr": 0.001826973729586888, "gnorm": 0.79, "tok_per_s": 83733.7, "load": 19.6142578125}
{"event": "step", "step": 91700, "loss": 4.1165, "lr": 0.0018247768264521066, "gnorm": 0.528, "tok_per_s": 83786.2, "load": 18.59716796875}
{"event": "step", "step": 91800, "loss": 4.1171, "lr": 0.0018225794524783536, "gnorm": 0.36, "tok_per_s": 83759.3, "load": 17.81005859375}
{"event": "step", "step": 91900, "loss": 4.068, "lr": 0.0018203816135852317, "gnorm": 0.463, "tok_per_s": 83698.6, "load": 17.22412109375}
{"event": "step", "step": 92000, "loss": 4.0795, "lr": 0.001818183315693595, "gnorm": 0.426, "tok_per_s": 83723.9, "load": 16.57421875}
{"event": "step", "step": 92100, "loss": 4.072, "lr": 0.001815984564725536, "gnorm": 0.851, "tok_per_s": 83715.1, "load": 16.36767578125}
{"event": "step", "step": 92200, "loss": 4.0934, "lr": 0.001813785366604365, "gnorm": 0.412, "tok_per_s": 83722.8, "load": 15.84912109375}
{"event": "step", "step": 92300, "loss": 3.9361, "lr": 0.0018115857272545995, "gnorm": 1.372, "tok_per_s": 83719.2, "load": 15.41064453125}
{"event": "step", "step": 92400, "loss": 4.0049, "lr": 0.001809385652601944, "gnorm": 0.557, "tok_per_s": 83714.0, "load": 15.03955078125}
{"event": "step", "step": 92500, "loss": 4.0865, "lr": 0.0018071851485732772, "gnorm": 0.427, "tok_per_s": 83724.9, "load": 14.7255859375}
{"event": "step", "step": 92600, "loss": 4.0919, "lr": 0.0018049842210966325, "gnorm": 0.582, "tok_per_s": 83762.2, "load": 14.4599609375}
{"event": "step", "step": 92700, "loss": 4.0447, "lr": 0.0018027828761011857, "gnorm": 0.611, "tok_per_s": 83711.1, "load": 14.23486328125}
{"event": "step", "step": 92800, "loss": 4.1277, "lr": 0.0018005811195172367, "gnorm": 0.389, "tok_per_s": 83754.2, "load": 14.04443359375}
{"event": "step", "step": 92900, "loss": 4.0501, "lr": 0.0017983789572761943, "gnorm": 0.688, "tok_per_s": 83731.6, "load": 13.8095703125}
{"event": "step", "step": 93000, "loss": 4.0663, "lr": 0.00179617639531056, "gnorm": 0.943, "tok_per_s": 83721.9, "load": 13.6845703125}
{"event": "step", "step": 93100, "loss": 4.1357, "lr": 0.0017939734395539125, "gnorm": 0.42, "tok_per_s": 83757.7, "load": 13.7265625}
{"event": "step", "step": 93200, "loss": 4.0459, "lr": 0.0017917700959408905, "gnorm": 0.626, "tok_per_s": 83764.2, "load": 13.69482421875}
{"event": "step", "step": 93300, "loss": 4.1166, "lr": 0.001789566370407179, "gnorm": 1.122, "tok_per_s": 83749.8, "load": 13.7421875}
{"event": "step", "step": 93400, "loss": 3.9967, "lr": 0.0017873622688894903, "gnorm": 0.648, "tok_per_s": 83738.9, "load": 13.62158203125}
{"event": "step", "step": 93500, "loss": 4.1239, "lr": 0.0017851577973255507, "gnorm": 0.389, "tok_per_s": 83747.6, "load": 13.6806640625}
{"event": "step", "step": 93600, "loss": 4.0451, "lr": 0.0017829529616540832, "gnorm": 0.865, "tok_per_s": 83742.5, "load": 13.57568359375}
{"event": "step", "step": 93700, "loss": 4.1096, "lr": 0.0017807477678147908, "gnorm": 0.641, "tok_per_s": 83730.3, "load": 13.40673828125}
{"event": "step", "step": 93800, "loss": 4.2172, "lr": 0.0017785422217483425, "gnorm": 1.272, "tok_per_s": 83747.3, "load": 13.34375}
{"event": "step", "step": 93900, "loss": 4.0772, "lr": 0.0017763363293963558, "gnorm": 0.615, "tok_per_s": 83744.3, "load": 13.29736328125}
{"event": "step", "step": 94000, "loss": 4.1628, "lr": 0.001774130096701381, "gnorm": 0.431, "tok_per_s": 83768.6, "load": 13.17138671875}
{"event": "step", "step": 94100, "loss": 4.0947, "lr": 0.0017719235296068854, "gnorm": 1.362, "tok_per_s": 83749.6, "load": 13.21875}
{"event": "step", "step": 94200, "loss": 4.1359, "lr": 0.0017697166340572364, "gnorm": 0.464, "tok_per_s": 83760.9, "load": 13.265625}
{"event": "step", "step": 94300, "loss": 4.1519, "lr": 0.0017675094159976875, "gnorm": 0.611, "tok_per_s": 83754.1, "load": 13.22412109375}
{"event": "step", "step": 94400, "loss": 3.9781, "lr": 0.0017653018813743602, "gnorm": 0.609, "tok_per_s": 83745.2, "load": 13.36669921875}
{"event": "step", "step": 94500, "loss": 3.9793, "lr": 0.001763094036134229, "gnorm": 0.444, "tok_per_s": 83756.2, "load": 13.31640625}
{"event": "step", "step": 94600, "loss": 4.0142, "lr": 0.0017608858862251052, "gnorm": 0.522, "tok_per_s": 83729.1, "load": 17.7548828125}
{"event": "step", "step": 94700, "loss": 4.2768, "lr": 0.0017586774375956207, "gnorm": 0.411, "tok_per_s": 83755.7, "load": 17.103515625}
{"event": "step", "step": 94800, "loss": 4.0661, "lr": 0.0017564686961952128, "gnorm": 0.629, "tok_per_s": 83749.0, "load": 16.47900390625}
{"event": "step", "step": 94900, "loss": 4.0913, "lr": 0.0017542596679741066, "gnorm": 1.136, "tok_per_s": 83728.9, "load": 15.86376953125}
{"event": "step", "step": 95000, "loss": 4.1108, "lr": 0.0017520503588833007, "gnorm": 0.803, "tok_per_s": 83780.1, "load": 15.57666015625}
{"event": "step", "step": 95100, "loss": 4.0112, "lr": 0.0017498407748745492, "gnorm": 0.386, "tok_per_s": 65860.8, "load": 15.21484375}
{"event": "step", "step": 95200, "loss": 3.947, "lr": 0.001747630921900348, "gnorm": 0.483, "tok_per_s": 83790.0, "load": 14.88037109375}
{"event": "step", "step": 95300, "loss": 4.0844, "lr": 0.0017454208059139167, "gnorm": 0.47, "tok_per_s": 83774.7, "load": 14.50439453125}
{"event": "step", "step": 95400, "loss": 4.0223, "lr": 0.0017432104328691845, "gnorm": 0.616, "tok_per_s": 83788.1, "load": 14.26611328125}
{"event": "step", "step": 95500, "loss": 4.0977, "lr": 0.001740999808720772, "gnorm": 0.42, "tok_per_s": 83787.5, "load": 14.0712890625}
{"event": "step", "step": 95600, "loss": 4.1498, "lr": 0.001738788939423977, "gnorm": 0.876, "tok_per_s": 83732.4, "load": 13.9853515625}
{"event": "step", "step": 95700, "loss": 3.9719, "lr": 0.0017365778309347568, "gnorm": 0.359, "tok_per_s": 83735.7, "load": 13.9140625}
{"event": "step", "step": 95800, "loss": 4.2126, "lr": 0.0017343664892097146, "gnorm": 0.852, "tok_per_s": 83721.2, "load": 13.99462890625}
{"event": "step", "step": 95900, "loss": 4.2215, "lr": 0.0017321549202060807, "gnorm": 0.751, "tok_per_s": 83705.0, "load": 13.8349609375}
{"event": "step", "step": 96000, "loss": 3.9378, "lr": 0.0017299431298816975, "gnorm": 0.709, "tok_per_s": 83685.4, "load": 13.7802734375}
{"event": "step", "step": 96100, "loss": 4.0747, "lr": 0.0017277311241950045, "gnorm": 0.471, "tok_per_s": 83681.6, "load": 13.6669921875}
{"event": "step", "step": 96200, "loss": 4.2067, "lr": 0.0017255189091050216, "gnorm": 0.93, "tok_per_s": 83703.3, "load": 13.71875}
{"event": "step", "step": 96300, "loss": 4.1302, "lr": 0.0017233064905713311, "gnorm": 0.409, "tok_per_s": 83689.2, "load": 13.8427734375}
{"event": "step", "step": 96400, "loss": 3.9583, "lr": 0.0017210938745540652, "gnorm": 0.556, "tok_per_s": 83692.8, "load": 13.79296875}
{"event": "step", "step": 96500, "loss": 4.1915, "lr": 0.001718881067013887, "gnorm": 0.398, "tok_per_s": 83666.4, "load": 13.67041015625}
{"event": "step", "step": 96600, "loss": 3.9841, "lr": 0.0017166680739119766, "gnorm": 1.03, "tok_per_s": 83676.6, "load": 13.56689453125}
{"event": "step", "step": 96700, "loss": 3.9715, "lr": 0.0017144549012100127, "gnorm": 1.0, "tok_per_s": 83693.8, "load": 13.56005859375}
{"event": "step", "step": 96800, "loss": 3.9509, "lr": 0.001712241554870159, "gnorm": 1.02, "tok_per_s": 83697.9, "load": 13.48046875}
{"event": "step", "step": 96900, "loss": 3.9637, "lr": 0.0017100280408550452, "gnorm": 0.503, "tok_per_s": 83670.6, "load": 13.48046875}
{"event": "step", "step": 97000, "loss": 4.0516, "lr": 0.0017078143651277555, "gnorm": 0.764, "tok_per_s": 83636.1, "load": 13.55419921875}
{"event": "step", "step": 97100, "loss": 4.0997, "lr": 0.0017056005336518077, "gnorm": 0.826, "tok_per_s": 83660.2, "load": 13.4755859375}
{"event": "step", "step": 97200, "loss": 4.0699, "lr": 0.0017033865523911394, "gnorm": 0.574, "tok_per_s": 83703.6, "load": 13.54345703125}
{"event": "step", "step": 97300, "loss": 4.0581, "lr": 0.0017011724273100922, "gnorm": 0.886, "tok_per_s": 83723.2, "load": 13.453125}
{"event": "step", "step": 97400, "loss": 4.1411, "lr": 0.001698958164373395, "gnorm": 1.361, "tok_per_s": 83697.7, "load": 15.94580078125}
{"event": "step", "step": 97500, "loss": 4.1165, "lr": 0.0016967437695461478, "gnorm": 0.646, "tok_per_s": 83737.7, "load": 15.49853515625}
{"event": "step", "step": 97600, "loss": 4.1115, "lr": 0.0016945292487938063, "gnorm": 0.458, "tok_per_s": 83770.0, "load": 15.107421875}
{"event": "step", "step": 97700, "loss": 4.2038, "lr": 0.0016923146080821648, "gnorm": 0.41, "tok_per_s": 83780.2, "load": 14.783203125}
{"event": "step", "step": 97800, "loss": 4.0788, "lr": 0.0016900998533773417, "gnorm": 0.462, "tok_per_s": 83735.9, "load": 14.5888671875}
{"event": "step", "step": 97900, "loss": 4.2264, "lr": 0.0016878849906457622, "gnorm": 1.199, "tok_per_s": 83782.9, "load": 14.34423828125}
{"event": "step", "step": 98000, "loss": 4.103, "lr": 0.0016856700258541415, "gnorm": 0.578, "tok_per_s": 83759.2, "load": 14.236328125}
{"event": "step", "step": 98100, "loss": 3.9918, "lr": 0.0016834549649694713, "gnorm": 0.661, "tok_per_s": 83772.4, "load": 14.0458984375}
{"event": "step", "step": 98200, "loss": 3.9947, "lr": 0.001681239813959001, "gnorm": 0.554, "tok_per_s": 83761.7, "load": 13.8046875}
{"event": "step", "step": 98300, "loss": 4.0089, "lr": 0.0016790245787902237, "gnorm": 0.652, "tok_per_s": 83735.0, "load": 13.6806640625}
{"event": "step", "step": 98400, "loss": 4.099, "lr": 0.0016768092654308585, "gnorm": 0.422, "tok_per_s": 83775.6, "load": 13.57568359375}
{"event": "step", "step": 98500, "loss": 4.2631, "lr": 0.0016745938798488347, "gnorm": 0.842, "tok_per_s": 83767.5, "load": 13.48681640625}
{"event": "step", "step": 98600, "loss": 4.107, "lr": 0.0016723784280122775, "gnorm": 0.64, "tok_per_s": 83773.5, "load": 13.646484375}
{"event": "step", "step": 98700, "loss": 4.0942, "lr": 0.0016701629158894905, "gnorm": 0.468, "tok_per_s": 83743.3, "load": 13.54638671875}
{"event": "step", "step": 98800, "loss": 4.0335, "lr": 0.0016679473494489382, "gnorm": 0.738, "tok_per_s": 83810.1, "load": 13.54248046875}
{"event": "step", "step": 98900, "loss": 3.8966, "lr": 0.0016657317346592331, "gnorm": 0.46, "tok_per_s": 83769.0, "load": 13.5458984375}
{"event": "step", "step": 99000, "loss": 4.1006, "lr": 0.0016635160774891168, "gnorm": 1.231, "tok_per_s": 83796.1, "load": 13.3876953125}
{"event": "step", "step": 99100, "loss": 4.1474, "lr": 0.001661300383907445, "gnorm": 0.391, "tok_per_s": 83752.0, "load": 13.32177734375}
{"event": "step", "step": 99200, "loss": 4.1892, "lr": 0.001659084659883173, "gnorm": 1.355, "tok_per_s": 83751.9, "load": 13.3525390625}
{"event": "step", "step": 99300, "loss": 4.0619, "lr": 0.0016568689113853365, "gnorm": 0.495, "tok_per_s": 83799.1, "load": 13.22412109375}
{"event": "step", "step": 99400, "loss": 4.2409, "lr": 0.0016546531443830375, "gnorm": 0.6, "tok_per_s": 83798.5, "load": 13.2568359375}
{"event": "step", "step": 99500, "loss": 3.7993, "lr": 0.0016524373648454287, "gnorm": 1.075, "tok_per_s": 83737.4, "load": 13.291015625}
{"event": "step", "step": 99600, "loss": 4.0674, "lr": 0.0016502215787416957, "gnorm": 0.561, "tok_per_s": 83735.3, "load": 13.2529296875}
{"event": "step", "step": 99700, "loss": 4.1795, "lr": 0.0016480057920410425, "gnorm": 0.446, "tok_per_s": 83797.9, "load": 13.06005859375}
{"event": "step", "step": 99800, "loss": 4.085, "lr": 0.001645790010712673, "gnorm": 0.907, "tok_per_s": 83799.2, "load": 13.04443359375}
{"event": "step", "step": 99900, "loss": 4.1524, "lr": 0.0016435742407257788, "gnorm": 0.551, "tok_per_s": 83770.4, "load": 13.11767578125}
{"event": "step", "step": 100000, "loss": 4.052, "lr": 0.0016413584880495197, "gnorm": 0.44, "tok_per_s": 83729.2, "load": 13.025390625}
{"event": "eval_quick", "step": 100000, "bpb": 1.3272000275166234, "nats_per_token": 4.001667889332377, "tokens": 16379, "bytes": 71247}
{"event": "step", "step": 100100, "loss": 4.0348, "lr": 0.0016391427586530099, "gnorm": 1.08, "tok_per_s": 65256.6, "load": 12.94091796875}
{"event": "step", "step": 100200, "loss": 4.055, "lr": 0.0016369270585052987, "gnorm": 0.504, "tok_per_s": 83821.5, "load": 12.9501953125}
{"event": "step", "step": 100300, "loss": 4.064, "lr": 0.0016347113935753594, "gnorm": 1.005, "tok_per_s": 83702.8, "load": 12.88427734375}
{"event": "step", "step": 100400, "loss": 4.0516, "lr": 0.0016324957698320684, "gnorm": 0.403, "tok_per_s": 83820.3, "load": 12.90234375}
{"event": "step", "step": 100500, "loss": 4.2604, "lr": 0.0016302801932441921, "gnorm": 1.544, "tok_per_s": 83806.9, "load": 13.06494140625}
{"event": "step", "step": 100600, "loss": 4.1981, "lr": 0.00162806466978037, "gnorm": 0.523, "tok_per_s": 83822.4, "load": 13.0546875}
{"event": "step", "step": 100700, "loss": 3.9922, "lr": 0.001625849205409097, "gnorm": 0.479, "tok_per_s": 83787.0, "load": 13.28662109375}
{"event": "step", "step": 100800, "loss": 4.0547, "lr": 0.0016236338060987114, "gnorm": 0.531, "tok_per_s": 83748.6, "load": 13.24169921875}
{"event": "step", "step": 100900, "loss": 4.1492, "lr": 0.0016214184778173735, "gnorm": 0.787, "tok_per_s": 83752.1, "load": 13.2783203125}
{"event": "step", "step": 101000, "loss": 4.2315, "lr": 0.0016192032265330539, "gnorm": 1.069, "tok_per_s": 83783.9, "load": 13.22900390625}
{"event": "step", "step": 101100, "loss": 4.1275, "lr": 0.0016169880582135151, "gnorm": 0.841, "tok_per_s": 83728.2, "load": 13.193359375}
{"event": "step", "step": 101200, "loss": 3.9721, "lr": 0.0016147729788262976, "gnorm": 0.462, "tok_per_s": 83706.1, "load": 13.24365234375}
{"event": "step", "step": 101300, "loss": 4.1339, "lr": 0.001612557994338699, "gnorm": 0.437, "tok_per_s": 83747.9, "load": 13.2001953125}
{"event": "step", "step": 101400, "loss": 4.087, "lr": 0.0016103431107177648, "gnorm": 0.676, "tok_per_s": 83767.9, "load": 13.1630859375}
{"event": "step", "step": 101500, "loss": 3.9348, "lr": 0.0016081283339302668, "gnorm": 0.479, "tok_per_s": 83757.7, "load": 13.23046875}
{"event": "step", "step": 101600, "loss": 4.1674, "lr": 0.00160591366994269, "gnorm": 0.594, "tok_per_s": 83781.2, "load": 13.275390625}
{"event": "step", "step": 101700, "loss": 4.148, "lr": 0.001603699124721214, "gnorm": 1.254, "tok_per_s": 83756.4, "load": 13.232421875}
{"event": "step", "step": 101800, "loss": 3.9108, "lr": 0.0016014847042317005, "gnorm": 0.628, "tok_per_s": 83746.2, "load": 13.27685546875}
{"event": "step", "step": 101900, "loss": 4.0971, "lr": 0.0015992704144396734, "gnorm": 0.982, "tok_per_s": 83789.6, "load": 13.22802734375}
{"event": "step", "step": 102000, "loss": 4.2106, "lr": 0.001597056261310306, "gnorm": 0.558, "tok_per_s": 83778.3, "load": 13.2666015625}
{"event": "step", "step": 102100, "loss": 4.1329, "lr": 0.0015948422508084018, "gnorm": 0.76, "tok_per_s": 83695.9, "load": 13.1513671875}
{"event": "step", "step": 102200, "loss": 4.1547, "lr": 0.0015926283888983818, "gnorm": 1.062, "tok_per_s": 83746.2, "load": 13.0478515625}
{"event": "step", "step": 102300, "loss": 4.0436, "lr": 0.0015904146815442653, "gnorm": 1.044, "tok_per_s": 83774.3, "load": 13.1142578125}
{"event": "step", "step": 102400, "loss": 4.0663, "lr": 0.0015882011347096562, "gnorm": 0.937, "tok_per_s": 83750.7, "load": 13.10302734375}
{"event": "step", "step": 102500, "loss": 3.9881, "lr": 0.001585987754357725, "gnorm": 0.518, "tok_per_s": 83691.0, "load": 13.01318359375}
{"event": "step", "step": 102600, "loss": 4.0466, "lr": 0.0015837745464511944, "gnorm": 0.441, "tok_per_s": 83768.6, "load": 13.078125}
{"event": "step", "step": 102700, "loss": 4.1777, "lr": 0.0015815615169523236, "gnorm": 0.47, "tok_per_s": 83751.9, "load": 13.06591796875}
{"event": "step", "step": 102800, "loss": 4.0299, "lr": 0.001579348671822888, "gnorm": 0.89, "tok_per_s": 83769.3, "load": 12.982421875}
{"event": "step", "step": 102900, "loss": 4.0466, "lr": 0.0015771360170241703, "gnorm": 0.426, "tok_per_s": 83783.0, "load": 12.9853515625}
{"event": "step", "step": 103000, "loss": 4.1022, "lr": 0.0015749235585169367, "gnorm": 0.469, "tok_per_s": 83754.0, "load": 13.0615234375}
{"event": "step", "step": 103100, "loss": 4.1679, "lr": 0.0015727113022614278, "gnorm": 0.45, "tok_per_s": 83791.4, "load": 13.05126953125}
{"event": "step", "step": 103200, "loss": 4.0335, "lr": 0.001570499254217337, "gnorm": 0.423, "tok_per_s": 83790.6, "load": 13.04296875}
{"event": "step", "step": 103300, "loss": 4.0622, "lr": 0.0015682874203437982, "gnorm": 0.484, "tok_per_s": 83739.7, "load": 13.1162109375}
{"event": "step", "step": 103400, "loss": 4.1067, "lr": 0.0015660758065993673, "gnorm": 0.792, "tok_per_s": 83729.0, "load": 13.09765625}
{"event": "step", "step": 103500, "loss": 3.9237, "lr": 0.0015638644189420088, "gnorm": 0.85, "tok_per_s": 83766.3, "load": 13.076171875}
{"event": "step", "step": 103600, "loss": 3.9888, "lr": 0.0015616532633290754, "gnorm": 0.66, "tok_per_s": 83756.7, "load": 13.06396484375}
{"event": "step", "step": 103700, "loss": 3.9384, "lr": 0.0015594423457172982, "gnorm": 0.546, "tok_per_s": 83758.7, "load": 14.421875}
{"event": "step", "step": 103800, "loss": 4.0667, "lr": 0.0015572316720627638, "gnorm": 0.954, "tok_per_s": 83738.2, "load": 14.3076171875}
{"event": "step", "step": 103900, "loss": 4.2001, "lr": 0.0015550212483209042, "gnorm": 0.894, "tok_per_s": 83778.2, "load": 14.41455078125}
{"event": "step", "step": 104000, "loss": 4.0696, "lr": 0.001552811080446476, "gnorm": 0.965, "tok_per_s": 83758.6, "load": 14.19677734375}
{"event": "step", "step": 104100, "loss": 3.9892, "lr": 0.0015506011743935486, "gnorm": 0.435, "tok_per_s": 83782.2, "load": 14.005859375}
{"event": "step", "step": 104200, "loss": 4.0482, "lr": 0.0015483915361154837, "gnorm": 0.591, "tok_per_s": 83729.7, "load": 16.333984375}
{"event": "step", "step": 104300, "loss": 4.0734, "lr": 0.0015461821715649243, "gnorm": 0.558, "tok_per_s": 83755.3, "load": 15.82763671875}
{"event": "step", "step": 104400, "loss": 4.1027, "lr": 0.0015439730866937736, "gnorm": 0.495, "tok_per_s": 83754.0, "load": 15.47265625}
{"event": "step", "step": 104500, "loss": 3.9896, "lr": 0.0015417642874531834, "gnorm": 0.753, "tok_per_s": 83744.3, "load": 15.08544921875}
{"event": "step", "step": 104600, "loss": 4.1147, "lr": 0.0015395557797935337, "gnorm": 0.96, "tok_per_s": 83750.2, "load": 14.7705078125}
{"event": "step", "step": 104700, "loss": 4.2509, "lr": 0.0015373475696644214, "gnorm": 0.486, "tok_per_s": 83736.3, "load": 14.42431640625}
{"event": "step", "step": 104800, "loss": 4.238, "lr": 0.0015351396630146402, "gnorm": 0.557, "tok_per_s": 83789.1, "load": 14.2724609375}
{"event": "step", "step": 104900, "loss": 4.0356, "lr": 0.001532932065792167, "gnorm": 0.548, "tok_per_s": 83753.4, "load": 14.07666015625}
{"event": "step", "step": 105000, "loss": 4.0607, "lr": 0.0015307247839441453, "gnorm": 1.076, "tok_per_s": 83776.3, "load": 13.8369140625}
{"event": "step", "step": 105100, "loss": 4.0877, "lr": 0.001528517823416868, "gnorm": 0.775, "tok_per_s": 66005.0, "load": 16.1904296875}
{"event": "step", "step": 105200, "loss": 4.0084, "lr": 0.0015263111901557638, "gnorm": 0.785, "tok_per_s": 83861.0, "load": 15.85302734375}
{"event": "step", "step": 105300, "loss": 4.0542, "lr": 0.001524104890105378, "gnorm": 0.667, "tok_per_s": 83825.1, "load": 15.494140625}
{"event": "step", "step": 105400, "loss": 4.1185, "lr": 0.0015218989292093605, "gnorm": 1.095, "tok_per_s": 83798.1, "load": 15.0361328125}
{"event": "step", "step": 105500, "loss": 4.0709, "lr": 0.0015196933134104449, "gnorm": 0.467, "tok_per_s": 83717.0, "load": 14.642578125}
{"event": "step", "step": 105600, "loss": 4.0387, "lr": 0.0015174880486504374, "gnorm": 1.063, "tok_per_s": 83772.8, "load": 14.3896484375}
{"event": "step", "step": 105700, "loss": 4.147, "lr": 0.001515283140870197, "gnorm": 0.521, "tok_per_s": 83759.2, "load": 14.10205078125}
{"event": "step", "step": 105800, "loss": 4.1349, "lr": 0.001513078596009623, "gnorm": 1.049, "tok_per_s": 83799.7, "load": 14.01220703125}
{"event": "step", "step": 105900, "loss": 3.9551, "lr": 0.0015108744200076334, "gnorm": 0.535, "tok_per_s": 83750.3, "load": 13.9296875}
{"event": "step", "step": 106000, "loss": 3.9727, "lr": 0.0015086706188021568, "gnorm": 0.542, "tok_per_s": 83798.6, "load": 13.7861328125}
{"event": "step", "step": 106100, "loss": 3.9044, "lr": 0.0015064671983301091, "gnorm": 1.464, "tok_per_s": 83790.8, "load": 13.74560546875}
{"event": "step", "step": 106200, "loss": 3.9406, "lr": 0.001504264164527382, "gnorm": 0.81, "tok_per_s": 83772.1, "load": 13.7109375}
{"event": "step", "step": 106300, "loss": 4.324, "lr": 0.0015020615233288246, "gnorm": 1.038, "tok_per_s": 83752.8, "load": 13.52099609375}
{"event": "step", "step": 106400, "loss": 4.0746, "lr": 0.001499859280668229, "gnorm": 0.891, "tok_per_s": 83747.1, "load": 13.59521484375}
{"event": "step", "step": 106500, "loss": 4.2355, "lr": 0.0014976574424783132, "gnorm": 0.585, "tok_per_s": 83774.0, "load": 13.583984375}
{"event": "step", "step": 106600, "loss": 3.9106, "lr": 0.0014954560146907064, "gnorm": 0.752, "tok_per_s": 83784.9, "load": 13.6484375}
{"event": "step", "step": 106700, "loss": 3.8828, "lr": 0.001493255003235931, "gnorm": 0.776, "tok_per_s": 83764.9, "load": 13.703125}
{"event": "step", "step": 106800, "loss": 4.0782, "lr": 0.001491054414043389, "gnorm": 0.521, "tok_per_s": 83775.8, "load": 13.6748046875}
{"event": "step", "step": 106900, "loss": 3.9168, "lr": 0.0014888542530413437, "gnorm": 0.793, "tok_per_s": 83773.0, "load": 13.57763671875}
{"event": "step", "step": 107000, "loss": 4.0988, "lr": 0.0014866545261569065, "gnorm": 0.994, "tok_per_s": 83786.5, "load": 13.408203125}
{"event": "step", "step": 107100, "loss": 3.9912, "lr": 0.0014844552393160168, "gnorm": 1.288, "tok_per_s": 83760.1, "load": 15.828125}
{"event": "step", "step": 107200, "loss": 3.8562, "lr": 0.0014822563984434314, "gnorm": 0.461, "tok_per_s": 83774.3, "load": 15.39306640625}
{"event": "step", "step": 107300, "loss": 4.1085, "lr": 0.0014800580094627039, "gnorm": 0.564, "tok_per_s": 83799.7, "load": 15.201171875}
{"event": "step", "step": 107400, "loss": 4.0203, "lr": 0.0014778600782961707, "gnorm": 0.77, "tok_per_s": 83789.6, "load": 14.93603515625}
{"event": "step", "step": 107500, "loss": 4.0277, "lr": 0.0014756626108649354, "gnorm": 0.45, "tok_per_s": 83744.5, "load": 14.6376953125}
{"event": "step", "step": 107600, "loss": 4.1428, "lr": 0.001473465613088852, "gnorm": 0.549, "tok_per_s": 83690.1, "load": 14.38525390625}
{"event": "step", "step": 107700, "loss": 3.9756, "lr": 0.0014712690908865091, "gnorm": 0.529, "tok_per_s": 83734.3, "load": 14.17822265625}
{"event": "step", "step": 107800, "loss": 3.9128, "lr": 0.0014690730501752147, "gnorm": 1.436, "tok_per_s": 83763.7, "load": 13.9228515625}
{"event": "step", "step": 107900, "loss": 4.1645, "lr": 0.0014668774968709796, "gnorm": 0.541, "tok_per_s": 83769.6, "load": 13.84814453125}
{"event": "step", "step": 108000, "loss": 4.1139, "lr": 0.0014646824368884997, "gnorm": 0.525, "tok_per_s": 83736.9, "load": 13.7978515625}
{"event": "step", "step": 108100, "loss": 3.9429, "lr": 0.001462487876141146, "gnorm": 0.53, "tok_per_s": 83710.1, "load": 13.681640625}
{"event": "step", "step": 108200, "loss": 4.2554, "lr": 0.0014602938205409402, "gnorm": 0.96, "tok_per_s": 83789.5, "load": 13.650390625}
{"event": "step", "step": 108300, "loss": 4.1678, "lr": 0.0014581002759985464, "gnorm": 0.799, "tok_per_s": 83777.5, "load": 13.6240234375}
{"event": "step", "step": 108400, "loss": 4.0888, "lr": 0.0014559072484232492, "gnorm": 0.566, "tok_per_s": 83754.1, "load": 13.90966796875}
{"event": "step", "step": 108500, "loss": 4.2354, "lr": 0.001453714743722943, "gnorm": 0.541, "tok_per_s": 83722.9, "load": 13.615234375}
{"event": "step", "step": 108600, "loss": 4.1856, "lr": 0.001451522767804112, "gnorm": 1.037, "tok_per_s": 83731.4, "load": 13.51416015625}
{"event": "step", "step": 108700, "loss": 4.0222, "lr": 0.0014493313265718172, "gnorm": 1.001, "tok_per_s": 83677.1, "load": 13.51513671875}
{"event": "step", "step": 108800, "loss": 4.0925, "lr": 0.001447140425929677, "gnorm": 0.912, "tok_per_s": 83760.0, "load": 13.36181640625}
{"event": "step", "step": 108900, "loss": 4.1631, "lr": 0.0014449500717798565, "gnorm": 0.448, "tok_per_s": 83668.0, "load": 13.2255859375}
{"event": "step", "step": 109000, "loss": 3.8941, "lr": 0.0014427602700230453, "gnorm": 0.697, "tok_per_s": 83790.9, "load": 13.1845703125}
{"event": "step", "step": 109100, "loss": 4.1734, "lr": 0.0014405710265584487, "gnorm": 0.441, "tok_per_s": 83774.6, "load": 13.16259765625}
{"event": "step", "step": 109200, "loss": 4.0054, "lr": 0.0014383823472837638, "gnorm": 1.228, "tok_per_s": 83768.6, "load": 13.21142578125}
{"event": "step", "step": 109300, "loss": 4.1252, "lr": 0.0014361942380951708, "gnorm": 0.953, "tok_per_s": 83751.9, "load": 15.6552734375}
{"event": "step", "step": 109400, "loss": 4.2461, "lr": 0.001434006704887313, "gnorm": 1.045, "tok_per_s": 83717.1, "load": 15.24658203125}
{"event": "step", "step": 109500, "loss": 4.0142, "lr": 0.0014318197535532822, "gnorm": 0.65, "tok_per_s": 83793.4, "load": 14.9072265625}
{"event": "step", "step": 109600, "loss": 4.0776, "lr": 0.0014296333899846035, "gnorm": 0.586, "tok_per_s": 83747.0, "load": 14.75439453125}
{"event": "step", "step": 109700, "loss": 3.951, "lr": 0.001427447620071216, "gnorm": 1.465, "tok_per_s": 83781.4, "load": 14.564453125}
{"event": "step", "step": 109800, "loss": 4.0505, "lr": 0.001425262449701463, "gnorm": 0.593, "tok_per_s": 83722.4, "load": 14.32373046875}
{"event": "step", "step": 109900, "loss": 3.9877, "lr": 0.0014230778847620698, "gnorm": 0.895, "tok_per_s": 83768.8, "load": 14.11328125}
{"event": "step", "step": 110000, "loss": 4.2202, "lr": 0.001420893931138133, "gnorm": 0.458, "tok_per_s": 83664.4, "load": 13.94189453125}
{"event": "step", "step": 110100, "loss": 3.9109, "lr": 0.0014187105947131, "gnorm": 0.574, "tok_per_s": 65772.6, "load": 13.6650390625}
{"event": "step", "step": 110200, "loss": 4.0399, "lr": 0.0014165278813687576, "gnorm": 0.436, "tok_per_s": 83715.3, "load": 13.56201171875}
{"event": "step", "step": 110300, "loss": 4.0232, "lr": 0.0014143457969852126, "gnorm": 0.773, "tok_per_s": 83785.7, "load": 13.47509765625}
{"event": "step", "step": 110400, "loss": 4.0769, "lr": 0.0014121643474408788, "gnorm": 0.536, "tok_per_s": 83795.5, "load": 13.40185546875}
{"event": "step", "step": 110500, "loss": 4.1601, "lr": 0.0014099835386124574, "gnorm": 0.81, "tok_per_s": 83755.3, "load": 13.33984375}
{"event": "step", "step": 110600, "loss": 4.2423, "lr": 0.001407803376374927, "gnorm": 0.493, "tok_per_s": 83723.5, "load": 13.361328125}
{"event": "step", "step": 110700, "loss": 4.1553, "lr": 0.0014056238666015212, "gnorm": 0.679, "tok_per_s": 83753.0, "load": 13.3857421875}
{"event": "step", "step": 110800, "loss": 4.0797, "lr": 0.0014034450151637178, "gnorm": 0.617, "tok_per_s": 83632.3, "load": 13.24560546875}
{"event": "step", "step": 110900, "loss": 4.0454, "lr": 0.0014012668279312196, "gnorm": 0.812, "tok_per_s": 83715.1, "load": 13.30615234375}
{"event": "step", "step": 111000, "loss": 4.0235, "lr": 0.001399089310771942, "gnorm": 0.607, "tok_per_s": 83672.7, "load": 13.10498046875}
{"event": "step", "step": 111100, "loss": 3.9514, "lr": 0.001396912469551993, "gnorm": 0.523, "tok_per_s": 83696.5, "load": 13.08251953125}
{"event": "step", "step": 111200, "loss": 4.0238, "lr": 0.0013947363101356619, "gnorm": 0.707, "tok_per_s": 83672.6, "load": 12.99609375}
{"event": "step", "step": 111300, "loss": 4.0875, "lr": 0.001392560838385399, "gnorm": 0.596, "tok_per_s": 83657.5, "load": 13.0703125}
{"event": "step", "step": 111400, "loss": 4.1924, "lr": 0.0013903860601618043, "gnorm": 0.807, "tok_per_s": 83672.6, "load": 13.05322265625}
{"event": "step", "step": 111500, "loss": 4.0139, "lr": 0.0013882119813236073, "gnorm": 0.533, "tok_per_s": 83697.5, "load": 12.9716796875}
{"event": "step", "step": 111600, "loss": 3.98, "lr": 0.0013860386077276558, "gnorm": 0.481, "tok_per_s": 83722.8, "load": 13.13037109375}
{"event": "step", "step": 111700, "loss": 4.1755, "lr": 0.0013838659452288951, "gnorm": 0.541, "tok_per_s": 83674.8, "load": 13.1904296875}
{"event": "step", "step": 111800, "loss": 4.0469, "lr": 0.001381693999680357, "gnorm": 0.886, "tok_per_s": 83674.8, "load": 13.0869140625}
{"event": "step", "step": 111900, "loss": 4.0756, "lr": 0.0013795227769331409, "gnorm": 0.488, "tok_per_s": 83747.0, "load": 16.5908203125}
{"event": "step", "step": 112000, "loss": 4.1657, "lr": 0.0013773522828363987, "gnorm": 0.502, "tok_per_s": 83760.3, "load": 16.11865234375}
{"event": "step", "step": 112100, "loss": 4.039, "lr": 0.001375182523237321, "gnorm": 0.538, "tok_per_s": 83735.4, "load": 15.63232421875}
{"event": "step", "step": 112200, "loss": 3.906, "lr": 0.001373013503981117, "gnorm": 0.656, "tok_per_s": 83751.7, "load": 15.30078125}
{"event": "step", "step": 112300, "loss": 4.0064, "lr": 0.001370845230911004, "gnorm": 0.478, "tok_per_s": 83680.0, "load": 15.033203125}
{"event": "step", "step": 112400, "loss": 3.9798, "lr": 0.0013686777098681872, "gnorm": 0.48, "tok_per_s": 83778.5, "load": 14.646484375}
{"event": "step", "step": 112500, "loss": 3.9998, "lr": 0.001366510946691848, "gnorm": 0.479, "tok_per_s": 83740.7, "load": 14.38623046875}
{"event": "step", "step": 112600, "loss": 4.1791, "lr": 0.0013643449472191236, "gnorm": 0.934, "tok_per_s": 83741.7, "load": 14.17236328125}
{"event": "step", "step": 112700, "loss": 3.9579, "lr": 0.0013621797172850962, "gnorm": 0.646, "tok_per_s": 83756.9, "load": 13.91796875}
{"event": "step", "step": 112800, "loss": 4.2697, "lr": 0.001360015262722773, "gnorm": 0.701, "tok_per_s": 83708.1, "load": 13.7763671875}
{"event": "step", "step": 112900, "loss": 4.0698, "lr": 0.0013578515893630742, "gnorm": 0.579, "tok_per_s": 83727.7, "load": 13.72412109375}
{"event": "step", "step": 113000, "loss": 3.9434, "lr": 0.0013556887030348134, "gnorm": 0.507, "tok_per_s": 83717.0, "load": 13.6123046875}
{"event": "step", "step": 113100, "loss": 4.1093, "lr": 0.001353526609564686, "gnorm": 0.546, "tok_per_s": 83741.6, "load": 13.517578125}
{"event": "step", "step": 113200, "loss": 4.1026, "lr": 0.0013513653147772498, "gnorm": 0.567, "tok_per_s": 83731.7, "load": 13.47607421875}
{"event": "step", "step": 113300, "loss": 3.9267, "lr": 0.0013492048244949128, "gnorm": 0.534, "tok_per_s": 83707.6, "load": 13.40234375}
{"event": "step", "step": 113400, "loss": 4.1291, "lr": 0.0013470451445379136, "gnorm": 0.58, "tok_per_s": 83722.1, "load": 13.34033203125}
{"event": "step", "step": 113500, "loss": 4.001, "lr": 0.0013448862807243097, "gnorm": 0.498, "tok_per_s": 83706.6, "load": 13.2138671875}
{"event": "step", "step": 113600, "loss": 4.0974, "lr": 0.0013427282388699588, "gnorm": 1.002, "tok_per_s": 83664.9, "load": 13.10009765625}
{"event": "step", "step": 113700, "loss": 4.0445, "lr": 0.001340571024788505, "gnorm": 0.993, "tok_per_s": 83701.5, "load": 13.23876953125}
{"event": "step", "step": 113800, "loss": 3.9441, "lr": 0.0013384146442913618, "gnorm": 0.52, "tok_per_s": 83744.0, "load": 13.1279296875}
{"event": "step", "step": 113900, "loss": 3.9115, "lr": 0.0013362591031876973, "gnorm": 0.625, "tok_per_s": 83753.9, "load": 16.78515625}
{"event": "step", "step": 114000, "loss": 4.1109, "lr": 0.0013341044072844184, "gnorm": 0.768, "tok_per_s": 83709.5, "load": 16.1962890625}
{"event": "step", "step": 114100, "loss": 3.7914, "lr": 0.001331950562386155, "gnorm": 0.584, "tok_per_s": 83716.0, "load": 15.71044921875}
{"event": "step", "step": 114200, "loss": 4.1425, "lr": 0.001329797574295245, "gnorm": 0.934, "tok_per_s": 83755.0, "load": 15.2998046875}
{"event": "step", "step": 114300, "loss": 4.0953, "lr": 0.001327645448811717, "gnorm": 0.585, "tok_per_s": 83731.3, "load": 14.93896484375}
{"event": "step", "step": 114400, "loss": 3.9674, "lr": 0.001325494191733277, "gnorm": 0.705, "tok_per_s": 83766.3, "load": 14.63427734375}
{"event": "step", "step": 114500, "loss": 4.0586, "lr": 0.0013233438088552905, "gnorm": 0.833, "tok_per_s": 83683.1, "load": 14.54296875}
{"event": "step", "step": 114600, "loss": 4.0995, "lr": 0.0013211943059707682, "gnorm": 1.08, "tok_per_s": 83710.6, "load": 14.2314453125}
{"event": "step", "step": 114700, "loss": 3.9937, "lr": 0.001319045688870351, "gnorm": 0.542, "tok_per_s": 83721.6, "load": 14.11572265625}
{"event": "step", "step": 114800, "loss": 3.9165, "lr": 0.0013168979633422927, "gnorm": 0.694, "tok_per_s": 83767.9, "load": 13.94384765625}
{"event": "step", "step": 114900, "loss": 3.9902, "lr": 0.0013147511351724451, "gnorm": 0.652, "tok_per_s": 83669.1, "load": 13.80517578125}
{"event": "step", "step": 115000, "loss": 4.0427, "lr": 0.0013126052101442435, "gnorm": 0.487, "tok_per_s": 83766.7, "load": 13.76123046875}
{"event": "step", "step": 115100, "loss": 4.0795, "lr": 0.0013104601940386888, "gnorm": 0.765, "tok_per_s": 65698.3, "load": 13.7177734375}
{"event": "step", "step": 115200, "loss": 4.0977, "lr": 0.0013083160926343346, "gnorm": 0.625, "tok_per_s": 83755.0, "load": 13.60693359375}
{"event": "step", "step": 115300, "loss": 4.0719, "lr": 0.0013061729117072698, "gnorm": 1.65, "tok_per_s": 83667.9, "load": 13.439453125}
{"event": "step", "step": 115400, "loss": 4.0951, "lr": 0.001304030657031104, "gnorm": 0.654, "tok_per_s": 83690.2, "load": 13.37109375}
{"event": "step", "step": 115500, "loss": 4.0343, "lr": 0.0013018893343769507, "gnorm": 0.965, "tok_per_s": 83690.7, "load": 13.31396484375}
{"event": "step", "step": 115600, "loss": 4.1133, "lr": 0.0012997489495134137, "gnorm": 0.543, "tok_per_s": 83768.0, "load": 13.18505859375}
{"event": "step", "step": 115700, "loss": 3.8848, "lr": 0.0012976095082065692, "gnorm": 0.555, "tok_per_s": 83727.6, "load": 13.15625}
{"event": "step", "step": 115800, "loss": 4.1494, "lr": 0.0012954710162199525, "gnorm": 0.844, "tok_per_s": 83759.0, "load": 13.138671875}
{"event": "step", "step": 115900, "loss": 3.9561, "lr": 0.0012933334793145406, "gnorm": 0.603, "tok_per_s": 83795.1, "load": 13.1171875}
{"event": "step", "step": 116000, "loss": 4.1307, "lr": 0.0012911969032487387, "gnorm": 0.573, "tok_per_s": 83773.7, "load": 13.1728515625}
{"event": "step", "step": 116100, "loss": 4.0168, "lr": 0.001289061293778362, "gnorm": 0.5, "tok_per_s": 83730.9, "load": 13.1455078125}
{"event": "step", "step": 116200, "loss": 4.0479, "lr": 0.0012869266566566241, "gnorm": 0.537, "tok_per_s": 83756.2, "load": 13.19677734375}
{"event": "step", "step": 116300, "loss": 4.001, "lr": 0.0012847929976341167, "gnorm": 0.515, "tok_per_s": 83749.2, "load": 13.240234375}
{"event": "step", "step": 116400, "loss": 4.0983, "lr": 0.0012826603224587974, "gnorm": 0.903, "tok_per_s": 83759.4, "load": 13.20263671875}
{"event": "step", "step": 116500, "loss": 3.9997, "lr": 0.0012805286368759747, "gnorm": 0.897, "tok_per_s": 83718.1, "load": 18.21630859375}
{"event": "step", "step": 116600, "loss": 4.0434, "lr": 0.0012783979466282891, "gnorm": 0.536, "tok_per_s": 83705.4, "load": 17.4873046875}
{"event": "step", "step": 116700, "loss": 3.9428, "lr": 0.001276268257455701, "gnorm": 0.69, "tok_per_s": 83745.8, "load": 16.79736328125}
{"event": "step", "step": 116800, "loss": 3.9303, "lr": 0.0012741395750954733, "gnorm": 0.783, "tok_per_s": 83732.7, "load": 16.4130859375}
{"event": "step", "step": 116900, "loss": 3.9775, "lr": 0.0012720119052821576, "gnorm": 0.506, "tok_per_s": 83726.7, "load": 16.04150390625}
{"event": "step", "step": 117000, "loss": 3.9722, "lr": 0.001269885253747576, "gnorm": 1.041, "tok_per_s": 83692.9, "load": 15.73388671875}
{"event": "step", "step": 117100, "loss": 4.2116, "lr": 0.0012677596262208098, "gnorm": 0.698, "tok_per_s": 83728.2, "load": 15.23291015625}
{"event": "step", "step": 117200, "loss": 4.0138, "lr": 0.0012656350284281788, "gnorm": 0.481, "tok_per_s": 83705.8, "load": 14.9560546875}
{"event": "step", "step": 117300, "loss": 4.0507, "lr": 0.0012635114660932323, "gnorm": 1.489, "tok_per_s": 83712.3, "load": 14.80859375}
{"event": "step", "step": 117400, "loss": 3.8878, "lr": 0.0012613889449367265, "gnorm": 0.526, "tok_per_s": 83717.2, "load": 14.5302734375}
{"event": "step", "step": 117500, "loss": 4.111, "lr": 0.0012592674706766156, "gnorm": 0.702, "tok_per_s": 83730.8, "load": 14.375}
{"event": "step", "step": 117600, "loss": 4.0385, "lr": 0.0012571470490280313, "gnorm": 0.515, "tok_per_s": 83728.1, "load": 14.23681640625}
{"event": "step", "step": 117700, "loss": 3.9884, "lr": 0.0012550276857032712, "gnorm": 0.817, "tok_per_s": 83719.2, "load": 13.96630859375}
{"event": "step", "step": 117800, "loss": 4.1423, "lr": 0.0012529093864117808, "gnorm": 0.839, "tok_per_s": 83709.6, "load": 13.8173828125}
{"event": "step", "step": 117900, "loss": 4.0421, "lr": 0.0012507921568601407, "gnorm": 0.91, "tok_per_s": 83741.9, "load": 13.6171875}
{"event": "step", "step": 118000, "loss": 3.919, "lr": 0.0012486760027520469, "gnorm": 0.574, "tok_per_s": 83727.9, "load": 13.44140625}
{"event": "step", "step": 118100, "loss": 3.9167, "lr": 0.001246560929788302, "gnorm": 0.645, "tok_per_s": 83738.0, "load": 13.3671875}
{"event": "step", "step": 118200, "loss": 4.0761, "lr": 0.001244446943666792, "gnorm": 1.114, "tok_per_s": 83712.6, "load": 13.31689453125}
{"event": "step", "step": 118300, "loss": 3.9906, "lr": 0.0012423340500824786, "gnorm": 0.674, "tok_per_s": 83732.8, "load": 13.1142578125}
{"event": "step", "step": 118400, "loss": 4.0035, "lr": 0.0012402222547273772, "gnorm": 0.895, "tok_per_s": 83770.7, "load": 13.09033203125}
{"event": "step", "step": 118500, "loss": 4.0752, "lr": 0.0012381115632905469, "gnorm": 0.515, "tok_per_s": 83749.1, "load": 13.15673828125}
{"event": "step", "step": 118600, "loss": 4.119, "lr": 0.0012360019814580728, "gnorm": 0.703, "tok_per_s": 83760.2, "load": 13.13916015625}
{"event": "step", "step": 118700, "loss": 4.1124, "lr": 0.0012338935149130482, "gnorm": 0.579, "tok_per_s": 83765.8, "load": 13.03759765625}
{"event": "step", "step": 118800, "loss": 4.1179, "lr": 0.0012317861693355659, "gnorm": 0.598, "tok_per_s": 83763.5, "load": 13.025390625}
{"event": "step", "step": 118900, "loss": 3.8274, "lr": 0.0012296799504026947, "gnorm": 0.604, "tok_per_s": 83797.7, "load": 13.18798828125}
{"event": "step", "step": 119000, "loss": 4.0291, "lr": 0.0012275748637884721, "gnorm": 1.029, "tok_per_s": 83764.6, "load": 13.0849609375}
{"event": "step", "step": 119100, "loss": 3.9862, "lr": 0.0012254709151638822, "gnorm": 0.64, "tok_per_s": 83725.7, "load": 13.078125}
{"event": "step", "step": 119200, "loss": 4.0302, "lr": 0.0012233681101968454, "gnorm": 0.575, "tok_per_s": 83771.7, "load": 13.07275390625}
{"event": "step", "step": 119300, "loss": 4.2117, "lr": 0.0012212664545521992, "gnorm": 0.673, "tok_per_s": 83768.1, "load": 13.05517578125}
{"event": "step", "step": 119400, "loss": 4.2779, "lr": 0.0012191659538916878, "gnorm": 0.567, "tok_per_s": 83770.5, "load": 13.1201171875}
{"event": "step", "step": 119500, "loss": 3.8623, "lr": 0.0012170666138739408, "gnorm": 0.746, "tok_per_s": 83726.0, "load": 13.02783203125}
{"event": "step", "step": 119600, "loss": 3.9178, "lr": 0.001214968440154463, "gnorm": 0.745, "tok_per_s": 83758.3, "load": 13.09716796875}
{"event": "step", "step": 119700, "loss": 3.9018, "lr": 0.001212871438385617, "gnorm": 0.659, "tok_per_s": 83745.1, "load": 13.15625}
{"event": "step", "step": 119800, "loss": 4.0748, "lr": 0.001210775614216608, "gnorm": 0.63, "tok_per_s": 83682.1, "load": 13.28662109375}
{"event": "step", "step": 119900, "loss": 4.0636, "lr": 0.0012086809732934681, "gnorm": 0.574, "tok_per_s": 83725.5, "load": 13.31591796875}
{"event": "step", "step": 120000, "loss": 3.9985, "lr": 0.0012065875212590434, "gnorm": 0.56, "tok_per_s": 83613.2, "load": 13.427734375}
{"event": "eval_quick", "step": 120000, "bpb": 1.3110368913689319, "nats_per_token": 3.9529340876656085, "tokens": 16379, "bytes": 71247}
{"event": "step", "step": 120100, "loss": 3.8961, "lr": 0.0012044952637529753, "gnorm": 0.587, "tok_per_s": 65004.0, "load": 13.3447265625}
{"event": "step", "step": 120200, "loss": 4.079, "lr": 0.0012024042064116898, "gnorm": 0.584, "tok_per_s": 83772.0, "load": 13.29833984375}
{"event": "step", "step": 120300, "loss": 4.0217, "lr": 0.001200314354868376, "gnorm": 0.65, "tok_per_s": 83758.7, "load": 13.171875}
{"event": "step", "step": 120400, "loss": 3.8672, "lr": 0.0011982257147529788, "gnorm": 0.511, "tok_per_s": 83742.6, "load": 13.23828125}
{"event": "step", "step": 120500, "loss": 3.8545, "lr": 0.0011961382916921763, "gnorm": 0.54, "tok_per_s": 83779.5, "load": 13.12109375}
{"event": "step", "step": 120600, "loss": 4.1976, "lr": 0.0011940520913093701, "gnorm": 0.757, "tok_per_s": 83631.2, "load": 13.09619140625}
{"event": "step", "step": 120700, "loss": 4.0757, "lr": 0.0011919671192246659, "gnorm": 0.524, "tok_per_s": 83738.1, "load": 13.16162109375}
{"event": "step", "step": 120800, "loss": 4.0436, "lr": 0.0011898833810548622, "gnorm": 0.591, "tok_per_s": 83749.8, "load": 13.14306640625}
{"event": "step", "step": 120900, "loss": 3.8581, "lr": 0.0011878008824134335, "gnorm": 0.623, "tok_per_s": 83787.6, "load": 13.04052734375}
{"event": "step", "step": 121000, "loss": 3.8542, "lr": 0.0011857196289105133, "gnorm": 0.878, "tok_per_s": 83744.9, "load": 13.10791015625}
{"event": "step", "step": 121100, "loss": 4.0089, "lr": 0.0011836396261528826, "gnorm": 0.737, "tok_per_s": 83763.8, "load": 13.1650390625}
{"event": "step", "step": 121200, "loss": 4.0446, "lr": 0.0011815608797439516, "gnorm": 0.585, "tok_per_s": 83763.6, "load": 13.29345703125}
{"event": "step", "step": 121300, "loss": 4.0721, "lr": 0.0011794833952837474, "gnorm": 0.568, "tok_per_s": 83750.0, "load": 13.24755859375}
{"event": "step", "step": 121400, "loss": 4.197, "lr": 0.0011774071783688955, "gnorm": 1.012, "tok_per_s": 83716.9, "load": 13.208984375}
{"event": "step", "step": 121500, "loss": 4.074, "lr": 0.0011753322345926089, "gnorm": 0.748, "tok_per_s": 83724.0, "load": 13.2568359375}
{"event": "step", "step": 121600, "loss": 4.0406, "lr": 0.0011732585695446692, "gnorm": 0.582, "tok_per_s": 83688.2, "load": 13.29736328125}
{"event": "step", "step": 121700, "loss": 4.0122, "lr": 0.0011711861888114138, "gnorm": 0.812, "tok_per_s": 83692.8, "load": 13.33203125}
{"event": "step", "step": 121800, "loss": 4.0307, "lr": 0.0011691150979757207, "gnorm": 0.522, "tok_per_s": 83705.0, "load": 13.2802734375}
{"event": "step", "step": 121900, "loss": 4.0524, "lr": 0.0011670453026169925, "gnorm": 0.904, "tok_per_s": 83723.3, "load": 13.23095703125}
{"event": "step", "step": 122000, "loss": 3.9873, "lr": 0.001164976808311141, "gnorm": 0.604, "tok_per_s": 83717.6, "load": 13.43603515625}
{"event": "step", "step": 122100, "loss": 4.2662, "lr": 0.0011629096206305747, "gnorm": 1.121, "tok_per_s": 83688.9, "load": 13.294921875}
{"event": "step", "step": 122200, "loss": 4.0565, "lr": 0.0011608437451441807, "gnorm": 0.604, "tok_per_s": 83690.7, "load": 13.31689453125}
{"event": "step", "step": 122300, "loss": 4.0531, "lr": 0.0011587791874173128, "gnorm": 0.531, "tok_per_s": 83762.4, "load": 13.3486328125}
{"event": "step", "step": 122400, "loss": 4.2376, "lr": 0.0011567159530117724, "gnorm": 0.617, "tok_per_s": 83729.1, "load": 13.30126953125}
{"event": "step", "step": 122500, "loss": 3.9308, "lr": 0.0011546540474857982, "gnorm": 0.629, "tok_per_s": 83742.1, "load": 13.17431640625}
{"event": "step", "step": 122600, "loss": 3.9792, "lr": 0.0011525934763940476, "gnorm": 0.563, "tok_per_s": 83742.4, "load": 13.14111328125}
{"event": "step", "step": 122700, "loss": 4.103, "lr": 0.0011505342452875838, "gnorm": 1.307, "tok_per_s": 83709.9, "load": 13.12548828125}
{"event": "step", "step": 122800, "loss": 3.9669, "lr": 0.00114847635971386, "gnorm": 0.97, "tok_per_s": 83729.3, "load": 13.115234375}
{"event": "step", "step": 122900, "loss": 3.9923, "lr": 0.001146419825216705, "gnorm": 1.638, "tok_per_s": 83721.8, "load": 13.177734375}
{"event": "step", "step": 123000, "loss": 4.0101, "lr": 0.001144364647336306, "gnorm": 0.503, "tok_per_s": 83761.2, "load": 13.15673828125}
{"event": "step", "step": 123100, "loss": 4.1176, "lr": 0.0011423108316091987, "gnorm": 0.76, "tok_per_s": 83732.1, "load": 13.05224609375}
{"event": "step", "step": 123200, "loss": 3.887, "lr": 0.0011402583835682463, "gnorm": 0.588, "tok_per_s": 83731.7, "load": 13.03759765625}
{"event": "step", "step": 123300, "loss": 3.8768, "lr": 0.0011382073087426296, "gnorm": 0.841, "tok_per_s": 83745.0, "load": 13.1181640625}
{"event": "step", "step": 123400, "loss": 4.0883, "lr": 0.0011361576126578286, "gnorm": 1.093, "tok_per_s": 83744.5, "load": 13.02587890625}
{"event": "step", "step": 123500, "loss": 3.8641, "lr": 0.00113410930083561, "gnorm": 0.555, "tok_per_s": 83747.9, "load": 12.94140625}
{"event": "step", "step": 123600, "loss": 4.0492, "lr": 0.0011320623787940103, "gnorm": 0.596, "tok_per_s": 83740.5, "load": 12.95068359375}
{"event": "step", "step": 123700, "loss": 4.1594, "lr": 0.0011300168520473235, "gnorm": 0.561, "tok_per_s": 83701.3, "load": 12.958984375}
{"event": "step", "step": 123800, "loss": 3.9696, "lr": 0.001127972726106084, "gnorm": 0.572, "tok_per_s": 83717.0, "load": 13.1123046875}
{"event": "step", "step": 123900, "loss": 4.0112, "lr": 0.001125930006477052, "gnorm": 0.647, "tok_per_s": 83680.2, "load": 13.0947265625}
{"event": "step", "step": 124000, "loss": 3.8512, "lr": 0.0011238886986632002, "gnorm": 0.635, "tok_per_s": 83709.8, "load": 13.15380859375}
{"event": "step", "step": 124100, "loss": 4.205, "lr": 0.0011218488081636963, "gnorm": 0.614, "tok_per_s": 83700.7, "load": 13.20361328125}
{"event": "step", "step": 124200, "loss": 4.0119, "lr": 0.0011198103404738925, "gnorm": 0.886, "tok_per_s": 83742.2, "load": 13.171875}
{"event": "step", "step": 124300, "loss": 4.003, "lr": 0.0011177733010853048, "gnorm": 0.565, "tok_per_s": 83673.6, "load": 13.0712890625}
{"event": "step", "step": 124400, "loss": 4.2067, "lr": 0.0011157376954856048, "gnorm": 0.545, "tok_per_s": 83646.4, "load": 12.97998046875}
{"event": "step", "step": 124500, "loss": 3.8737, "lr": 0.0011137035291585982, "gnorm": 0.599, "tok_per_s": 83607.7, "load": 15.11962890625}
{"event": "step", "step": 124600, "loss": 4.1252, "lr": 0.0011116708075842164, "gnorm": 0.59, "tok_per_s": 83699.9, "load": 14.7998046875}
{"event": "step", "step": 124700, "loss": 4.0629, "lr": 0.0011096395362384967, "gnorm": 0.767, "tok_per_s": 83746.2, "load": 14.67626953125}
{"event": "step", "step": 124800, "loss": 4.1027, "lr": 0.0011076097205935708, "gnorm": 0.57, "tok_per_s": 83745.0, "load": 14.6396484375}
{"event": "step", "step": 124900, "loss": 4.0112, "lr": 0.0011055813661176466, "gnorm": 0.952, "tok_per_s": 83748.0, "load": 14.38720703125}
{"event": "step", "step": 125000, "loss": 4.0776, "lr": 0.0011035544782749995, "gnorm": 0.622, "tok_per_s": 83761.5, "load": 14.099609375}
{"event": "step", "step": 125100, "loss": 3.8867, "lr": 0.00110152906252595, "gnorm": 0.731, "tok_per_s": 65929.4, "load": 13.923828125}
{"event": "step", "step": 125200, "loss": 3.9912, "lr": 0.001099505124326856, "gnorm": 0.573, "tok_per_s": 83823.8, "load": 15.05712890625}
{"event": "step", "step": 125300, "loss": 3.9739, "lr": 0.0010974826691300921, "gnorm": 0.791, "tok_per_s": 83796.5, "load": 14.74658203125}
{"event": "step", "step": 125400, "loss": 4.1666, "lr": 0.00109546170238404, "gnorm": 0.527, "tok_per_s": 83784.3, "load": 14.48388671875}
{"event": "step", "step": 125500, "loss": 4.1693, "lr": 0.0010934422295330712, "gnorm": 0.822, "tok_per_s": 83762.3, "load": 14.32275390625}
{"event": "step", "step": 125600, "loss": 4.0784, "lr": 0.0010914242560175315, "gnorm": 0.66, "tok_per_s": 83736.7, "load": 14.43359375}
{"event": "step", "step": 125700, "loss": 4.0531, "lr": 0.0010894077872737292, "gnorm": 0.644, "tok_per_s": 83698.8, "load": 14.37939453125}
{"event": "step", "step": 125800, "loss": 3.9762, "lr": 0.0010873928287339172, "gnorm": 0.556, "tok_per_s": 83758.4, "load": 14.09326171875}
{"event": "step", "step": 125900, "loss": 4.1455, "lr": 0.0010853793858262818, "gnorm": 0.654, "tok_per_s": 83712.0, "load": 14.0048828125}
{"event": "step", "step": 126000, "loss": 4.088, "lr": 0.0010833674639749238, "gnorm": 0.892, "tok_per_s": 83720.7, "load": 14.0712890625}
{"event": "step", "step": 126100, "loss": 4.2292, "lr": 0.0010813570685998496, "gnorm": 1.679, "tok_per_s": 83761.3, "load": 13.98681640625}
{"event": "step", "step": 126200, "loss": 4.0191, "lr": 0.0010793482051169505, "gnorm": 0.83, "tok_per_s": 83760.4, "load": 13.841796875}
{"event": "step", "step": 126300, "loss": 4.0188, "lr": 0.001077340878937993, "gnorm": 0.675, "tok_per_s": 83711.1, "load": 13.77392578125}
{"event": "step", "step": 126400, "loss": 3.929, "lr": 0.0010753350954706, "gnorm": 1.06, "tok_per_s": 83719.9, "load": 13.64892578125}
{"event": "step", "step": 126500, "loss": 3.8951, "lr": 0.001073330860118241, "gnorm": 0.554, "tok_per_s": 83768.9, "load": 13.70947265625}
{"event": "step", "step": 126600, "loss": 3.727, "lr": 0.0010713281782802125, "gnorm": 0.599, "tok_per_s": 83753.3, "load": 13.6806640625}
{"event": "step", "step": 126700, "loss": 4.1615, "lr": 0.001069327055351628, "gnorm": 0.773, "tok_per_s": 83731.5, "load": 13.73046875}
{"event": "step", "step": 126800, "loss": 4.2095, "lr": 0.0010673274967234, "gnorm": 0.576, "tok_per_s": 83762.1, "load": 13.7724609375}
{"event": "step", "step": 126900, "loss": 4.1871, "lr": 0.001065329507782228, "gnorm": 0.635, "tok_per_s": 83774.8, "load": 13.57958984375}
{"event": "step", "step": 127000, "loss": 3.9822, "lr": 0.0010633330939105808, "gnorm": 0.71, "tok_per_s": 83734.5, "load": 13.416015625}
{"event": "step", "step": 127100, "loss": 3.8812, "lr": 0.001061338260486687, "gnorm": 0.755, "tok_per_s": 83686.5, "load": 13.2041015625}
{"event": "step", "step": 127200, "loss": 4.0258, "lr": 0.001059345012884515, "gnorm": 1.004, "tok_per_s": 83770.1, "load": 13.0986328125}
{"event": "step", "step": 127300, "loss": 4.1798, "lr": 0.0010573533564737626, "gnorm": 0.566, "tok_per_s": 83813.1, "load": 12.84912109375}
{"event": "step", "step": 127400, "loss": 4.1218, "lr": 0.0010553632966198402, "gnorm": 0.681, "tok_per_s": 83811.7, "load": 12.7177734375}
{"event": "step", "step": 127500, "loss": 4.1814, "lr": 0.001053374838683858, "gnorm": 0.553, "tok_per_s": 83833.7, "load": 12.60693359375}
{"event": "step", "step": 127600, "loss": 4.0899, "lr": 0.001051387988022609, "gnorm": 0.599, "tok_per_s": 83775.4, "load": 12.51318359375}
{"event": "step", "step": 127700, "loss": 3.99, "lr": 0.0010494027499885585, "gnorm": 0.827, "tok_per_s": 83767.2, "load": 12.51416015625}
{"event": "step", "step": 127800, "loss": 4.1948, "lr": 0.0010474191299298266, "gnorm": 0.574, "tok_per_s": 83789.2, "load": 12.3544921875}
{"event": "step", "step": 127900, "loss": 4.0071, "lr": 0.0010454371331901737, "gnorm": 0.678, "tok_per_s": 83765.1, "load": 12.29931640625}
{"event": "step", "step": 128000, "loss": 3.9518, "lr": 0.0010434567651089886, "gnorm": 0.858, "tok_per_s": 83806.0, "load": 12.3330078125}
{"event": "step", "step": 128100, "loss": 4.0454, "lr": 0.0010414780310212715, "gnorm": 0.7, "tok_per_s": 83878.2, "load": 12.35546875}
{"event": "step", "step": 128200, "loss": 4.1038, "lr": 0.0010395009362576216, "gnorm": 0.803, "tok_per_s": 83872.6, "load": 12.29443359375}
{"event": "step", "step": 128300, "loss": 4.2196, "lr": 0.0010375254861442204, "gnorm": 0.795, "tok_per_s": 83841.0, "load": 12.4033203125}
{"event": "step", "step": 128400, "loss": 3.9918, "lr": 0.001035551686002821, "gnorm": 0.706, "tok_per_s": 83810.2, "load": 12.34765625}
{"event": "step", "step": 128500, "loss": 3.9506, "lr": 0.0010335795411507288, "gnorm": 0.83, "tok_per_s": 83804.3, "load": 12.2197265625}
{"event": "step", "step": 128600, "loss": 3.7686, "lr": 0.001031609056900793, "gnorm": 0.549, "tok_per_s": 83794.7, "load": 12.3623046875}
{"event": "step", "step": 128700, "loss": 4.0162, "lr": 0.0010296402385613862, "gnorm": 0.623, "tok_per_s": 83812.4, "load": 12.31298828125}
{"event": "step", "step": 128800, "loss": 3.9372, "lr": 0.001027673091436396, "gnorm": 0.911, "tok_per_s": 83833.6, "load": 12.18408203125}
{"event": "step", "step": 128900, "loss": 3.9799, "lr": 0.0010257076208252055, "gnorm": 0.615, "tok_per_s": 83869.5, "load": 12.1552734375}
{"event": "step", "step": 129000, "loss": 3.8588, "lr": 0.0010237438320226833, "gnorm": 0.647, "tok_per_s": 83871.5, "load": 12.21142578125}
{"event": "step", "step": 129100, "loss": 4.0003, "lr": 0.001021781730319165, "gnorm": 0.671, "tok_per_s": 83854.2, "load": 12.1787109375}
{"event": "step", "step": 129200, "loss": 4.0348, "lr": 0.0010198213210004439, "gnorm": 0.592, "tok_per_s": 83874.4, "load": 12.15087890625}
{"event": "step", "step": 129300, "loss": 4.0741, "lr": 0.0010178626093477515, "gnorm": 0.633, "tok_per_s": 83856.2, "load": 12.12744140625}
{"event": "step", "step": 129400, "loss": 4.0251, "lr": 0.0010159056006377484, "gnorm": 0.569, "tok_per_s": 83835.4, "load": 12.18798828125}
{"event": "step", "step": 129500, "loss": 4.0711, "lr": 0.0010139503001425055, "gnorm": 0.746, "tok_per_s": 83834.1, "load": 12.3134765625}
{"event": "step", "step": 129600, "loss": 4.1376, "lr": 0.0010119967131294934, "gnorm": 0.773, "tok_per_s": 83866.9, "load": 12.2646484375}
{"event": "step", "step": 129700, "loss": 4.1567, "lr": 0.001010044844861565, "gnorm": 0.779, "tok_per_s": 83843.5, "load": 12.14990234375}
{"event": "step", "step": 129800, "loss": 4.0307, "lr": 0.0010080947005969452, "gnorm": 1.085, "tok_per_s": 83867.5, "load": 12.04638671875}
{"event": "step", "step": 129900, "loss": 3.9921, "lr": 0.001006146285589212, "gnorm": 0.767, "tok_per_s": 83861.1, "load": 12.11279296875}
{"event": "step", "step": 130000, "loss": 4.2028, "lr": 0.0010041996050872872, "gnorm": 0.967, "tok_per_s": 83864.3, "load": 12.18212890625}
{"event": "step", "step": 130100, "loss": 4.138, "lr": 0.0010022546643354189, "gnorm": 0.646, "tok_per_s": 65533.5, "load": 12.234375}
{"event": "step", "step": 130200, "loss": 3.9706, "lr": 0.0010003114685731677, "gnorm": 0.968, "tok_per_s": 83884.5, "load": 12.19189453125}
{"event": "step", "step": 130300, "loss": 3.8706, "lr": 0.0009983700230353951, "gnorm": 1.193, "tok_per_s": 83874.1, "load": 12.24267578125}
{"event": "step", "step": 130400, "loss": 3.9385, "lr": 0.0009964303329522454, "gnorm": 0.592, "tok_per_s": 83865.1, "load": 12.43994140625}
{"event": "step", "step": 130500, "loss": 4.0329, "lr": 0.0009944924035491358, "gnorm": 0.82, "tok_per_s": 83819.4, "load": 12.2177734375}
{"event": "step", "step": 130600, "loss": 4.0234, "lr": 0.0009925562400467387, "gnorm": 0.589, "tok_per_s": 83801.3, "load": 12.4052734375}
{"event": "step", "step": 130700, "loss": 4.0776, "lr": 0.0009906218476609708, "gnorm": 0.603, "tok_per_s": 83817.2, "load": 12.349609375}
{"event": "step", "step": 130800, "loss": 3.969, "lr": 0.0009886892316029758, "gnorm": 0.625, "tok_per_s": 83789.7, "load": 12.2216796875}
{"event": "step", "step": 130900, "loss": 4.0742, "lr": 0.0009867583970791143, "gnorm": 0.709, "tok_per_s": 83782.6, "load": 12.18701171875}
{"event": "step", "step": 131000, "loss": 3.9386, "lr": 0.0009848293492909451, "gnorm": 1.508, "tok_per_s": 83813.3, "load": 12.07763671875}
{"event": "step", "step": 131100, "loss": 3.9205, "lr": 0.0009829020934352156, "gnorm": 0.658, "tok_per_s": 83831.9, "load": 12.0654296875}
{"event": "step", "step": 131200, "loss": 3.9984, "lr": 0.000980976634703844, "gnorm": 0.753, "tok_per_s": 83832.4, "load": 12.05517578125}
{"event": "step", "step": 131300, "loss": 4.0351, "lr": 0.0009790529782839092, "gnorm": 0.634, "tok_per_s": 83843.7, "load": 12.20068359375}
{"event": "step", "step": 131400, "loss": 4.1259, "lr": 0.000977131129357633, "gnorm": 0.639, "tok_per_s": 83864.0, "load": 12.16943359375}
{"event": "step", "step": 131500, "loss": 4.0355, "lr": 0.0009752110931023696, "gnorm": 0.728, "tok_per_s": 83878.1, "load": 12.2236328125}
{"event": "step", "step": 131600, "loss": 3.9428, "lr": 0.0009732928746905876, "gnorm": 0.634, "tok_per_s": 83843.4, "load": 12.423828125}
{"event": "step", "step": 131700, "loss": 4.2226, "lr": 0.0009713764792898614, "gnorm": 0.83, "tok_per_s": 83870.8, "load": 12.3583984375}
{"event": "step", "step": 131800, "loss": 4.077, "lr": 0.0009694619120628515, "gnorm": 0.651, "tok_per_s": 83849.3, "load": 12.45751953125}
{"event": "step", "step": 131900, "loss": 4.158, "lr": 0.0009675491781672955, "gnorm": 0.645, "tok_per_s": 83846.8, "load": 12.38671875}
{"event": "step", "step": 132000, "loss": 3.8825, "lr": 0.0009656382827559908, "gnorm": 0.825, "tok_per_s": 83847.9, "load": 12.43603515625}
{"event": "step", "step": 132100, "loss": 4.1321, "lr": 0.0009637292309767829, "gnorm": 0.794, "tok_per_s": 83877.0, "load": 12.44921875}
{"event": "step", "step": 132200, "loss": 4.1172, "lr": 0.0009618220279725497, "gnorm": 0.899, "tok_per_s": 83872.1, "load": 12.46044921875}
{"event": "step", "step": 132300, "loss": 3.9553, "lr": 0.0009599166788811895, "gnorm": 0.629, "tok_per_s": 83852.7, "load": 12.46337890625}
{"event": "step", "step": 132400, "loss": 4.0422, "lr": 0.0009580131888356064, "gnorm": 0.612, "tok_per_s": 83853.2, "load": 12.31201171875}
{"event": "step", "step": 132500, "loss": 3.9855, "lr": 0.0009561115629636948, "gnorm": 0.669, "tok_per_s": 83863.0, "load": 13.66357421875}
{"event": "step", "step": 132600, "loss": 4.0848, "lr": 0.0009542118063883295, "gnorm": 0.869, "tok_per_s": 83834.7, "load": 13.56103515625}
{"event": "step", "step": 132700, "loss": 3.9624, "lr": 0.0009523139242273469, "gnorm": 0.695, "tok_per_s": 83848.7, "load": 13.24658203125}
{"event": "step", "step": 132800, "loss": 3.9911, "lr": 0.0009504179215935358, "gnorm": 0.787, "tok_per_s": 83819.4, "load": 13.13427734375}
{"event": "step", "step": 132900, "loss": 4.1695, "lr": 0.0009485238035946209, "gnorm": 0.721, "tok_per_s": 83841.8, "load": 12.958984375}
{"event": "step", "step": 133000, "loss": 4.1078, "lr": 0.0009466315753332501, "gnorm": 0.654, "tok_per_s": 83824.4, "load": 15.09521484375}
{"event": "step", "step": 133100, "loss": 3.9937, "lr": 0.0009447412419069797, "gnorm": 0.703, "tok_per_s": 83814.8, "load": 14.619140625}
{"event": "step", "step": 133200, "loss": 4.0553, "lr": 0.0009428528084082627, "gnorm": 0.63, "tok_per_s": 83772.4, "load": 14.142578125}
{"event": "step", "step": 133300, "loss": 3.9164, "lr": 0.0009409662799244322, "gnorm": 0.804, "tok_per_s": 83772.4, "load": 13.8125}
{"event": "step", "step": 133400, "loss": 3.9821, "lr": 0.0009390816615376908, "gnorm": 0.649, "tok_per_s": 83748.5, "load": 13.841796875}
{"event": "step", "step": 133500, "loss": 4.0423, "lr": 0.0009371989583250949, "gnorm": 0.764, "tok_per_s": 83730.6, "load": 13.63818359375}
{"event": "step", "step": 133600, "loss": 3.8714, "lr": 0.0009353181753585405, "gnorm": 0.631, "tok_per_s": 83758.3, "load": 13.3125}
{"event": "step", "step": 133700, "loss": 3.8627, "lr": 0.0009334393177047528, "gnorm": 0.685, "tok_per_s": 83769.0, "load": 13.18359375}
{"event": "step", "step": 133800, "loss": 4.2097, "lr": 0.0009315623904252675, "gnorm": 0.745, "tok_per_s": 83810.0, "load": 13.07470703125}
{"event": "step", "step": 133900, "loss": 4.1664, "lr": 0.000929687398576423, "gnorm": 0.821, "tok_per_s": 83799.9, "load": 12.916015625}
{"event": "step", "step": 134000, "loss": 4.039, "lr": 0.0009278143472093407, "gnorm": 0.793, "tok_per_s": 83804.3, "load": 12.70068359375}
{"event": "step", "step": 134100, "loss": 3.9062, "lr": 0.0009259432413699174, "gnorm": 0.632, "tok_per_s": 83818.5, "load": 12.5869140625}
{"event": "step", "step": 134200, "loss": 3.8696, "lr": 0.0009240740860988059, "gnorm": 0.853, "tok_per_s": 83849.9, "load": 12.53955078125}
{"event": "step", "step": 134300, "loss": 4.0005, "lr": 0.0009222068864314065, "gnorm": 0.71, "tok_per_s": 83741.7, "load": 12.3759765625}
{"event": "step", "step": 134400, "loss": 4.1261, "lr": 0.0009203416473978508, "gnorm": 0.639, "tok_per_s": 83754.7, "load": 12.39208984375}
{"event": "step", "step": 134500, "loss": 3.9769, "lr": 0.0009184783740229871, "gnorm": 0.696, "tok_per_s": 83750.7, "load": 13.37255859375}
{"event": "step", "step": 134600, "loss": 3.806, "lr": 0.0009166170713263708, "gnorm": 0.667, "tok_per_s": 83702.9, "load": 13.16064453125}
{"event": "step", "step": 134700, "loss": 3.968, "lr": 0.0009147577443222455, "gnorm": 0.714, "tok_per_s": 83750.2, "load": 12.9814453125}
{"event": "step", "step": 134800, "loss": 4.0343, "lr": 0.0009129003980195351, "gnorm": 0.599, "tok_per_s": 83729.0, "load": 12.830078125}
{"event": "step", "step": 134900, "loss": 4.0143, "lr": 0.0009110450374218255, "gnorm": 0.785, "tok_per_s": 83759.6, "load": 12.70166015625}
{"event": "step", "step": 135000, "loss": 3.8768, "lr": 0.0009091916675273553, "gnorm": 0.904, "tok_per_s": 83783.7, "load": 12.59326171875}
{"event": "step", "step": 135100, "loss": 4.012, "lr": 0.0009073402933289977, "gnorm": 0.669, "tok_per_s": 65949.6, "load": 12.53515625}
{"event": "step", "step": 135200, "loss": 4.1456, "lr": 0.0009054909198142519, "gnorm": 0.735, "tok_per_s": 83881.3, "load": 12.52685546875}
{"event": "step", "step": 135300, "loss": 3.9551, "lr": 0.000903643551965226, "gnorm": 0.847, "tok_per_s": 83899.9, "load": 12.37158203125}
{"event": "step", "step": 135400, "loss": 3.897, "lr": 0.0009017981947586256, "gnorm": 1.023, "tok_per_s": 83906.3, "load": 12.341796875}
{"event": "step", "step": 135500, "loss": 3.9581, "lr": 0.0008999548531657398, "gnorm": 0.689, "tok_per_s": 83908.8, "load": 12.29541015625}
{"event": "step", "step": 135600, "loss": 4.0117, "lr": 0.000898113532152427, "gnorm": 0.671, "tok_per_s": 83885.7, "load": 15.853515625}
{"event": "step", "step": 135700, "loss": 3.9624, "lr": 0.0008962742366791033, "gnorm": 0.715, "tok_per_s": 83869.9, "load": 15.33447265625}
{"event": "step", "step": 135800, "loss": 4.1765, "lr": 0.000894436971700727, "gnorm": 0.737, "tok_per_s": 83870.4, "load": 14.828125}
{"event": "step", "step": 135900, "loss": 4.0613, "lr": 0.0008926017421667878, "gnorm": 0.693, "tok_per_s": 83862.3, "load": 20.96630859375}
{"event": "step", "step": 136000, "loss": 4.0762, "lr": 0.0008907685530212898, "gnorm": 0.717, "tok_per_s": 83857.4, "load": 19.73486328125}
{"event": "step", "step": 136100, "loss": 3.9963, "lr": 0.0008889374092027432, "gnorm": 0.74, "tok_per_s": 83855.2, "load": 18.7724609375}
{"event": "step", "step": 136200, "loss": 3.9983, "lr": 0.0008871083156441459, "gnorm": 0.687, "tok_per_s": 83862.0, "load": 17.81103515625}
{"event": "step", "step": 136300, "loss": 4.2048, "lr": 0.0008852812772729742, "gnorm": 0.718, "tok_per_s": 83854.0, "load": 17.07080078125}
{"event": "step", "step": 136400, "loss": 4.1103, "lr": 0.000883456299011166, "gnorm": 0.644, "tok_per_s": 83803.3, "load": 19.83349609375}
{"event": "step", "step": 136500, "loss": 3.9966, "lr": 0.0008816333857751113, "gnorm": 0.65, "tok_per_s": 83809.7, "load": 18.86279296875}
{"event": "step", "step": 136600, "loss": 4.0732, "lr": 0.0008798125424756355, "gnorm": 1.163, "tok_per_s": 83824.9, "load": 22.51953125}
{"event": "step", "step": 136700, "loss": 4.0233, "lr": 0.0008779937740179882, "gnorm": 0.626, "tok_per_s": 83807.8, "load": 21.20263671875}
{"event": "step", "step": 136800, "loss": 3.838, "lr": 0.0008761770853018311, "gnorm": 0.817, "tok_per_s": 83856.8, "load": 24.28759765625}
{"event": "step", "step": 136900, "loss": 3.9085, "lr": 0.00087436248122122, "gnorm": 0.694, "tok_per_s": 83826.8, "load": 25.341796875}
{"event": "step", "step": 137000, "loss": 4.0321, "lr": 0.0008725499666645978, "gnorm": 0.74, "tok_per_s": 83889.1, "load": 27.51513671875}
{"event": "step", "step": 137100, "loss": 4.0324, "lr": 0.0008707395465147763, "gnorm": 0.71, "tok_per_s": 83867.4, "load": 25.35693359375}
{"event": "step", "step": 137200, "loss": 3.9441, "lr": 0.0008689312256489265, "gnorm": 0.691, "tok_per_s": 83858.7, "load": 26.7275390625}
{"event": "step", "step": 137300, "loss": 3.9633, "lr": 0.0008671250089385626, "gnorm": 0.793, "tok_per_s": 83895.1, "load": 31.54541015625}
{"event": "step", "step": 137400, "loss": 3.9296, "lr": 0.0008653209012495324, "gnorm": 0.776, "tok_per_s": 83896.5, "load": 28.93408203125}
{"event": "step", "step": 137500, "loss": 4.1144, "lr": 0.0008635189074419992, "gnorm": 0.756, "tok_per_s": 83867.4, "load": 30.96875}
{"event": "step", "step": 137600, "loss": 3.962, "lr": 0.000861719032370435, "gnorm": 1.051, "tok_per_s": 83863.7, "load": 31.0517578125}
{"event": "step", "step": 137700, "loss": 3.8551, "lr": 0.000859921280883601, "gnorm": 0.647, "tok_per_s": 83905.1, "load": 33.068359375}
{"event": "step", "step": 137800, "loss": 4.0396, "lr": 0.0008581256578245401, "gnorm": 0.987, "tok_per_s": 83906.1, "load": 33.75244140625}
{"event": "step", "step": 137900, "loss": 4.0582, "lr": 0.0008563321680305588, "gnorm": 0.68, "tok_per_s": 83876.3, "load": 36.103515625}
{"event": "step", "step": 138000, "loss": 4.0257, "lr": 0.0008545408163332191, "gnorm": 0.737, "tok_per_s": 83877.6, "load": 36.86962890625}
{"event": "step", "step": 138100, "loss": 4.1512, "lr": 0.0008527516075583215, "gnorm": 0.745, "tok_per_s": 83901.8, "load": 42.5244140625}
{"event": "step", "step": 138200, "loss": 4.0693, "lr": 0.0008509645465258947, "gnorm": 0.915, "tok_per_s": 83871.4, "load": 38.3720703125}
{"event": "step", "step": 138300, "loss": 4.0537, "lr": 0.00084917963805018, "gnorm": 0.703, "tok_per_s": 83798.5, "load": 40.22998046875}
{"event": "step", "step": 138400, "loss": 3.9609, "lr": 0.0008473968869396218, "gnorm": 0.756, "tok_per_s": 83866.1, "load": 41.88916015625}
{"event": "step", "step": 138500, "loss": 4.0142, "lr": 0.0008456162979968506, "gnorm": 0.744, "tok_per_s": 83908.6, "load": 37.8349609375}
{"event": "step", "step": 138600, "loss": 4.0083, "lr": 0.0008438378760186743, "gnorm": 0.825, "tok_per_s": 83896.5, "load": 36.96337890625}
{"event": "step", "step": 138700, "loss": 4.0425, "lr": 0.0008420616257960609, "gnorm": 0.717, "tok_per_s": 83860.9, "load": 33.65380859375}
{"event": "step", "step": 138800, "loss": 3.9222, "lr": 0.00084028755211413, "gnorm": 1.026, "tok_per_s": 83878.1, "load": 30.71826171875}
{"event": "step", "step": 138900, "loss": 3.9952, "lr": 0.0008385156597521355, "gnorm": 0.685, "tok_per_s": 83915.8, "load": 28.14111328125}
{"event": "step", "step": 139000, "loss": 3.9618, "lr": 0.0008367459534834566, "gnorm": 0.677, "tok_per_s": 83893.3, "load": 26.04638671875}
{"event": "step", "step": 139100, "loss": 3.9499, "lr": 0.0008349784380755834, "gnorm": 0.627, "tok_per_s": 83882.8, "load": 24.2001953125}
{"event": "step", "step": 139200, "loss": 3.9821, "lr": 0.0008332131182901021, "gnorm": 0.685, "tok_per_s": 83899.4, "load": 22.85888671875}
{"event": "step", "step": 139300, "loss": 3.9689, "lr": 0.0008314499988826863, "gnorm": 0.583, "tok_per_s": 83904.8, "load": 21.4228515625}
{"event": "step", "step": 139400, "loss": 3.9886, "lr": 0.0008296890846030798, "gnorm": 0.749, "tok_per_s": 83873.2, "load": 20.28125}
{"event": "step", "step": 139500, "loss": 3.9988, "lr": 0.0008279303801950884, "gnorm": 1.052, "tok_per_s": 83895.9, "load": 19.1611328125}
{"event": "step", "step": 139600, "loss": 4.0786, "lr": 0.0008261738903965616, "gnorm": 1.103, "tok_per_s": 83907.5, "load": 18.1396484375}
{"event": "step", "step": 139700, "loss": 4.0254, "lr": 0.0008244196199393856, "gnorm": 0.683, "tok_per_s": 83890.8, "load": 17.810546875}
{"event": "step", "step": 139800, "loss": 3.8463, "lr": 0.0008226675735494656, "gnorm": 0.676, "tok_per_s": 83861.1, "load": 17.90625}
{"event": "step", "step": 139900, "loss": 4.0155, "lr": 0.0008209177559467178, "gnorm": 0.997, "tok_per_s": 83902.6, "load": 17.30517578125}
{"event": "step", "step": 140000, "loss": 4.0002, "lr": 0.000819170171845051, "gnorm": 0.73, "tok_per_s": 83915.3, "load": 17.0302734375}
{"event": "eval_quick", "step": 140000, "bpb": 1.2997935603698745, "nats_per_token": 3.919034090909091, "tokens": 16379, "bytes": 71247}
{"event": "step", "step": 140100, "loss": 4.1621, "lr": 0.0008174248259523601, "gnorm": 1.118, "tok_per_s": 64912.1, "load": 16.0146484375}
{"event": "step", "step": 140200, "loss": 4.0149, "lr": 0.0008156817229705083, "gnorm": 0.744, "tok_per_s": 83835.4, "load": 15.61767578125}
{"event": "step", "step": 140300, "loss": 4.0421, "lr": 0.0008139408675953179, "gnorm": 0.712, "tok_per_s": 83872.0, "load": 15.27587890625}
{"event": "step", "step": 140400, "loss": 4.1666, "lr": 0.0008122022645165553, "gnorm": 1.006, "tok_per_s": 83901.4, "load": 14.84521484375}
{"event": "step", "step": 140500, "loss": 3.9294, "lr": 0.0008104659184179199, "gnorm": 0.805, "tok_per_s": 83795.6, "load": 14.41357421875}
{"event": "step", "step": 140600, "loss": 3.9824, "lr": 0.0008087318339770304, "gnorm": 0.664, "tok_per_s": 83867.9, "load": 14.0419921875}
{"event": "step", "step": 140700, "loss": 3.9893, "lr": 0.0008070000158654137, "gnorm": 0.866, "tok_per_s": 83870.8, "load": 13.794921875}
{"event": "step", "step": 140800, "loss": 4.0255, "lr": 0.0008052704687484898, "gnorm": 0.865, "tok_per_s": 83845.7, "load": 13.5986328125}
{"event": "step", "step": 140900, "loss": 3.9258, "lr": 0.0008035431972855627, "gnorm": 0.694, "tok_per_s": 83872.5, "load": 18.39111328125}
{"event": "step", "step": 141000, "loss": 3.8074, "lr": 0.0008018182061298037, "gnorm": 0.86, "tok_per_s": 83824.1, "load": 17.958984375}
{"event": "step", "step": 141100, "loss": 3.8063, "lr": 0.0008000954999282436, "gnorm": 0.766, "tok_per_s": 83843.8, "load": 17.11572265625}
{"event": "step", "step": 141200, "loss": 4.1928, "lr": 0.000798375083321755, "gnorm": 0.775, "tok_per_s": 83848.6, "load": 16.33544921875}
{"event": "step", "step": 141300, "loss": 4.043, "lr": 0.0007966569609450445, "gnorm": 0.77, "tok_per_s": 83748.9, "load": 15.58837890625}
{"event": "step", "step": 141400, "loss": 3.8734, "lr": 0.0007949411374266378, "gnorm": 0.77, "tok_per_s": 83813.8, "load": 15.0361328125}
{"event": "step", "step": 141500, "loss": 3.9328, "lr": 0.0007932276173888663, "gnorm": 0.886, "tok_per_s": 83816.3, "load": 14.71630859375}
{"event": "step", "step": 141600, "loss": 3.8959, "lr": 0.0007915164054478579, "gnorm": 0.646, "tok_per_s": 83806.4, "load": 14.37841796875}
{"event": "step", "step": 141700, "loss": 4.0588, "lr": 0.0007898075062135211, "gnorm": 0.875, "tok_per_s": 83808.2, "load": 14.01220703125}
{"event": "step", "step": 141800, "loss": 3.9911, "lr": 0.0007881009242895347, "gnorm": 0.957, "tok_per_s": 83778.7, "load": 13.86279296875}
{"event": "step", "step": 141900, "loss": 4.2921, "lr": 0.0007863966642733344, "gnorm": 1.001, "tok_per_s": 83821.1, "load": 13.65625}
{"event": "step", "step": 142000, "loss": 3.9802, "lr": 0.0007846947307561018, "gnorm": 0.653, "tok_per_s": 83795.7, "load": 13.548828125}
{"event": "step", "step": 142100, "loss": 4.038, "lr": 0.0007829951283227498, "gnorm": 0.805, "tok_per_s": 83854.1, "load": 13.39013671875}
{"event": "step", "step": 142200, "loss": 3.934, "lr": 0.0007812978615519123, "gnorm": 0.855, "tok_per_s": 83893.4, "load": 13.1025390625}
{"event": "step", "step": 142300, "loss": 3.8597, "lr": 0.0007796029350159307, "gnorm": 0.688, "tok_per_s": 83862.6, "load": 13.16064453125}
{"event": "step", "step": 142400, "loss": 3.9332, "lr": 0.0007779103532808426, "gnorm": 0.692, "tok_per_s": 83797.3, "load": 13.12939453125}
{"event": "step", "step": 142500, "loss": 3.8838, "lr": 0.0007762201209063672, "gnorm": 0.692, "tok_per_s": 83883.1, "load": 13.1220703125}
{"event": "step", "step": 142600, "loss": 4.0376, "lr": 0.000774532242445897, "gnorm": 0.86, "tok_per_s": 83891.9, "load": 13.26318359375}
{"event": "step", "step": 142700, "loss": 3.9009, "lr": 0.0007728467224464809, "gnorm": 0.798, "tok_per_s": 83886.5, "load": 12.99462890625}
{"event": "step", "step": 142800, "loss": 3.9919, "lr": 0.0007711635654488163, "gnorm": 0.985, "tok_per_s": 83872.6, "load": 12.84130859375}
{"event": "step", "step": 142900, "loss": 3.8812, "lr": 0.0007694827759872325, "gnorm": 0.689, "tok_per_s": 83885.9, "load": 12.78564453125}
{"event": "step", "step": 143000, "loss": 3.9468, "lr": 0.0007678043585896832, "gnorm": 0.833, "tok_per_s": 83830.3, "load": 12.7451171875}
{"event": "step", "step": 143100, "loss": 4.0156, "lr": 0.0007661283177777303, "gnorm": 0.706, "tok_per_s": 83896.3, "load": 12.796875}
{"event": "step", "step": 143200, "loss": 4.2662, "lr": 0.0007644546580665339, "gnorm": 0.725, "tok_per_s": 83900.2, "load": 12.8134765625}
{"event": "step", "step": 143300, "loss": 4.0251, "lr": 0.0007627833839648391, "gnorm": 0.804, "tok_per_s": 83883.5, "load": 12.68798828125}
{"event": "step", "step": 143400, "loss": 3.9979, "lr": 0.0007611144999749652, "gnorm": 0.76, "tok_per_s": 83893.9, "load": 12.65625}
{"event": "step", "step": 143500, "loss": 3.8455, "lr": 0.0007594480105927913, "gnorm": 0.752, "tok_per_s": 83848.6, "load": 12.55517578125}
{"event": "step", "step": 143600, "loss": 3.9593, "lr": 0.0007577839203077469, "gnorm": 0.717, "tok_per_s": 83884.8, "load": 12.54345703125}
{"event": "step", "step": 143700, "loss": 4.1499, "lr": 0.0007561222336027985, "gnorm": 0.89, "tok_per_s": 83889.8, "load": 12.45947265625}
{"event": "step", "step": 143800, "loss": 4.0002, "lr": 0.0007544629549544355, "gnorm": 0.769, "tok_per_s": 83872.7, "load": 12.623046875}
{"event": "step", "step": 143900, "loss": 3.9748, "lr": 0.0007528060888326631, "gnorm": 0.653, "tok_per_s": 83880.1, "load": 12.52685546875}
{"event": "step", "step": 144000, "loss": 3.9923, "lr": 0.0007511516397009842, "gnorm": 0.791, "tok_per_s": 83886.5, "load": 12.740234375}
{"event": "step", "step": 144100, "loss": 4.0345, "lr": 0.0007494996120163934, "gnorm": 0.763, "tok_per_s": 83833.5, "load": 12.927734375}
{"event": "step", "step": 144200, "loss": 3.9653, "lr": 0.0007478500102293598, "gnorm": 0.689, "tok_per_s": 83885.2, "load": 12.7109375}
{"event": "step", "step": 144300, "loss": 4.0858, "lr": 0.0007462028387838186, "gnorm": 0.774, "tok_per_s": 83855.3, "load": 12.67529296875}
{"event": "step", "step": 144400, "loss": 3.8711, "lr": 0.0007445581021171566, "gnorm": 0.675, "tok_per_s": 83873.1, "load": 12.5712890625}
{"event": "step", "step": 144500, "loss": 4.0007, "lr": 0.0007429158046602033, "gnorm": 0.745, "tok_per_s": 83879.1, "load": 12.78515625}
{"event": "step", "step": 144600, "loss": 4.0154, "lr": 0.0007412759508372147, "gnorm": 0.827, "tok_per_s": 83899.1, "load": 12.6640625}
{"event": "step", "step": 144700, "loss": 4.0165, "lr": 0.0007396385450658661, "gnorm": 0.819, "tok_per_s": 83842.1, "load": 16.8349609375}
{"event": "step", "step": 144800, "loss": 4.0207, "lr": 0.0007380035917572361, "gnorm": 0.97, "tok_per_s": 83876.1, "load": 16.17138671875}
{"event": "step", "step": 144900, "loss": 3.8501, "lr": 0.0007363710953157979, "gnorm": 0.816, "tok_per_s": 83921.7, "load": 15.529296875}
{"event": "step", "step": 145000, "loss": 4.1243, "lr": 0.0007347410601394047, "gnorm": 0.807, "tok_per_s": 83871.7, "load": 14.986328125}
{"event": "step", "step": 145100, "loss": 4.1549, "lr": 0.0007331134906192806, "gnorm": 1.002, "tok_per_s": 65875.5, "load": 14.52685546875}
{"event": "step", "step": 145200, "loss": 4.123, "lr": 0.0007314883911400059, "gnorm": 1.158, "tok_per_s": 83830.7, "load": 14.0576171875}
{"event": "step", "step": 145300, "loss": 3.9201, "lr": 0.0007298657660795083, "gnorm": 0.79, "tok_per_s": 83898.5, "load": 13.82080078125}
{"event": "step", "step": 145400, "loss": 4.0363, "lr": 0.0007282456198090478, "gnorm": 0.849, "tok_per_s": 83873.7, "load": 13.701171875}
{"event": "step", "step": 145500, "loss": 4.0571, "lr": 0.0007266279566932086, "gnorm": 0.949, "tok_per_s": 83892.8, "load": 13.44580078125}
{"event": "step", "step": 145600, "loss": 4.178, "lr": 0.0007250127810898834, "gnorm": 0.857, "tok_per_s": 83874.6, "load": 13.29638671875}
{"event": "step", "step": 145700, "loss": 3.8412, "lr": 0.0007234000973502659, "gnorm": 0.815, "tok_per_s": 83842.7, "load": 13.39794921875}
{"event": "step", "step": 145800, "loss": 4.208, "lr": 0.0007217899098188343, "gnorm": 0.818, "tok_per_s": 83836.1, "load": 13.2626953125}
{"event": "step", "step": 145900, "loss": 3.932, "lr": 0.0007201822228333444, "gnorm": 0.679, "tok_per_s": 83831.8, "load": 12.98779296875}
{"event": "step", "step": 146000, "loss": 4.0496, "lr": 0.0007185770407248153, "gnorm": 0.834, "tok_per_s": 83840.9, "load": 12.90966796875}
{"event": "step", "step": 146100, "loss": 4.0043, "lr": 0.0007169743678175164, "gnorm": 0.78, "tok_per_s": 83816.8, "load": 13.169921875}
{"event": "step", "step": 146200, "loss": 4.2344, "lr": 0.0007153742084289597, "gnorm": 0.852, "tok_per_s": 83804.2, "load": 13.29833984375}
{"event": "step", "step": 146300, "loss": 4.219, "lr": 0.000713776566869884, "gnorm": 0.847, "tok_per_s": 83792.9, "load": 13.251953125}
{"event": "step", "step": 146400, "loss": 3.9438, "lr": 0.0007121814474442468, "gnorm": 0.803, "tok_per_s": 83814.1, "load": 13.1328125}
{"event": "step", "step": 146500, "loss": 3.9404, "lr": 0.0007105888544492098, "gnorm": 0.694, "tok_per_s": 83827.6, "load": 13.0419921875}
{"event": "step", "step": 146600, "loss": 3.8818, "lr": 0.0007089987921751299, "gnorm": 0.703, "tok_per_s": 83807.4, "load": 12.875}
{"event": "step", "step": 146700, "loss": 3.9107, "lr": 0.000707411264905545, "gnorm": 0.961, "tok_per_s": 83788.8, "load": 12.740234375}
{"event": "step", "step": 146800, "loss": 3.9139, "lr": 0.0007058262769171653, "gnorm": 0.777, "tok_per_s": 83811.3, "load": 12.70654296875}
{"event": "step", "step": 146900, "loss": 4.0724, "lr": 0.0007042438324798587, "gnorm": 0.827, "tok_per_s": 83793.9, "load": 12.67822265625}
{"event": "step", "step": 147000, "loss": 3.9489, "lr": 0.0007026639358566429, "gnorm": 0.786, "tok_per_s": 83790.0, "load": 12.72802734375}
{"event": "step", "step": 147100, "loss": 4.025, "lr": 0.0007010865913036695, "gnorm": 0.817, "tok_per_s": 83867.5, "load": 12.84375}
{"event": "step", "step": 147200, "loss": 3.8321, "lr": 0.0006995118030702176, "gnorm": 0.753, "tok_per_s": 83860.8, "load": 12.8681640625}
{"event": "step", "step": 147300, "loss": 3.8629, "lr": 0.0006979395753986772, "gnorm": 0.731, "tok_per_s": 83869.3, "load": 12.81494140625}
{"event": "step", "step": 147400, "loss": 4.0067, "lr": 0.0006963699125245428, "gnorm": 0.848, "tok_per_s": 83863.8, "load": 12.689453125}
{"event": "step", "step": 147500, "loss": 4.0022, "lr": 0.0006948028186763969, "gnorm": 0.87, "tok_per_s": 83794.5, "load": 12.66357421875}
{"event": "step", "step": 147600, "loss": 4.0158, "lr": 0.0006932382980759035, "gnorm": 0.757, "tok_per_s": 83865.3, "load": 12.78955078125}
{"event": "step", "step": 147700, "loss": 4.0727, "lr": 0.0006916763549377925, "gnorm": 0.745, "tok_per_s": 83884.3, "load": 12.822265625}
{"event": "step", "step": 147800, "loss": 4.0242, "lr": 0.0006901169934698518, "gnorm": 0.771, "tok_per_s": 83892.3, "load": 12.85009765625}
{"event": "step", "step": 147900, "loss": 4.0099, "lr": 0.0006885602178729133, "gnorm": 1.039, "tok_per_s": 83847.1, "load": 12.947265625}
{"event": "step", "step": 148000, "loss": 3.9587, "lr": 0.0006870060323408437, "gnorm": 0.75, "tok_per_s": 83800.3, "load": 12.9619140625}
{"event": "step", "step": 148100, "loss": 4.015, "lr": 0.0006854544410605313, "gnorm": 0.93, "tok_per_s": 83797.0, "load": 12.89404296875}
{"event": "step", "step": 148200, "loss": 4.0975, "lr": 0.0006839054482118758, "gnorm": 0.882, "tok_per_s": 83846.4, "load": 12.90380859375}
{"event": "step", "step": 148300, "loss": 4.0012, "lr": 0.0006823590579677779, "gnorm": 0.793, "tok_per_s": 83864.8, "load": 13.07275390625}
{"event": "step", "step": 148400, "loss": 3.8642, "lr": 0.0006808152744941253, "gnorm": 0.869, "tok_per_s": 83849.1, "load": 13.068359375}
{"event": "step", "step": 148500, "loss": 3.9331, "lr": 0.000679274101949785, "gnorm": 0.727, "tok_per_s": 83860.9, "load": 13.1376953125}
{"event": "step", "step": 148600, "loss": 3.9237, "lr": 0.0006777355444865886, "gnorm": 0.805, "tok_per_s": 83835.0, "load": 13.1904296875}
{"event": "step", "step": 148700, "loss": 3.9624, "lr": 0.0006761996062493242, "gnorm": 0.85, "tok_per_s": 83832.6, "load": 13.1748046875}
{"event": "step", "step": 148800, "loss": 4.0547, "lr": 0.0006746662913757228, "gnorm": 0.8, "tok_per_s": 83839.2, "load": 13.2216796875}
{"event": "step", "step": 148900, "loss": 3.9935, "lr": 0.0006731356039964496, "gnorm": 0.784, "tok_per_s": 83808.3, "load": 13.26123046875}
{"event": "step", "step": 149000, "loss": 4.0958, "lr": 0.0006716075482350893, "gnorm": 0.777, "tok_per_s": 83780.0, "load": 13.220703125}
{"event": "step", "step": 149100, "loss": 4.1329, "lr": 0.0006700821282081392, "gnorm": 0.938, "tok_per_s": 83773.3, "load": 13.2666015625}
{"event": "step", "step": 149200, "loss": 4.0003, "lr": 0.0006685593480249958, "gnorm": 0.961, "tok_per_s": 83768.7, "load": 13.0712890625}
{"event": "step", "step": 149300, "loss": 4.1469, "lr": 0.0006670392117879425, "gnorm": 0.826, "tok_per_s": 83810.6, "load": 13.13427734375}
{"event": "step", "step": 149400, "loss": 3.9441, "lr": 0.000665521723592142, "gnorm": 0.764, "tok_per_s": 83763.4, "load": 13.18701171875}
{"event": "step", "step": 149500, "loss": 4.1477, "lr": 0.0006640068875256217, "gnorm": 0.722, "tok_per_s": 83782.3, "load": 13.16455078125}
{"event": "step", "step": 149600, "loss": 3.9823, "lr": 0.0006624947076692657, "gnorm": 0.798, "tok_per_s": 83802.6, "load": 13.13916015625}
{"event": "step", "step": 149700, "loss": 3.7897, "lr": 0.000660985188096801, "gnorm": 0.771, "tok_per_s": 83765.3, "load": 13.26513671875}
{"event": "step", "step": 149800, "loss": 3.8072, "lr": 0.0006594783328747895, "gnorm": 0.963, "tok_per_s": 83800.5, "load": 13.22412109375}
{"event": "step", "step": 149900, "loss": 4.0574, "lr": 0.0006579741460626139, "gnorm": 0.821, "tok_per_s": 83743.2, "load": 13.189453125}
{"event": "step", "step": 150000, "loss": 3.9094, "lr": 0.0006564726317124697, "gnorm": 0.87, "tok_per_s": 83719.2, "load": 13.15966796875}
{"event": "step", "step": 150100, "loss": 3.838, "lr": 0.0006549737938693521, "gnorm": 0.785, "tok_per_s": 66388.7, "load": 13.13427734375}
{"event": "step", "step": 150200, "loss": 4.0215, "lr": 0.0006534776365710462, "gnorm": 0.774, "tok_per_s": 83738.3, "load": 13.25439453125}
{"event": "step", "step": 150300, "loss": 3.952, "lr": 0.0006519841638481163, "gnorm": 0.803, "tok_per_s": 83815.6, "load": 13.29541015625}
{"event": "step", "step": 150400, "loss": 3.872, "lr": 0.0006504933797238934, "gnorm": 0.961, "tok_per_s": 83817.1, "load": 13.25634765625}
{"event": "step", "step": 150500, "loss": 3.9688, "lr": 0.0006490052882144673, "gnorm": 0.992, "tok_per_s": 83779.1, "load": 13.13623046875}
{"event": "step", "step": 150600, "loss": 3.9877, "lr": 0.0006475198933286723, "gnorm": 0.889, "tok_per_s": 83781.6, "load": 13.10888671875}
{"event": "step", "step": 150700, "loss": 3.8898, "lr": 0.0006460371990680796, "gnorm": 0.778, "tok_per_s": 83769.2, "load": 13.24658203125}
{"event": "step", "step": 150800, "loss": 3.8436, "lr": 0.0006445572094269835, "gnorm": 0.784, "tok_per_s": 83702.0, "load": 13.294921875}
{"event": "step", "step": 150900, "loss": 4.0346, "lr": 0.0006430799283923943, "gnorm": 0.844, "tok_per_s": 83698.3, "load": 13.1689453125}
{"event": "step", "step": 151000, "loss": 4.177, "lr": 0.0006416053599440231, "gnorm": 1.087, "tok_per_s": 83674.7, "load": 13.216796875}
{"event": "step", "step": 151100, "loss": 3.8966, "lr": 0.0006401335080542753, "gnorm": 0.77, "tok_per_s": 83725.6, "load": 13.263671875}
{"event": "step", "step": 151200, "loss": 4.1055, "lr": 0.0006386643766882375, "gnorm": 0.808, "tok_per_s": 83755.2, "load": 13.22265625}
{"event": "step", "step": 151300, "loss": 4.0047, "lr": 0.0006371979698036668, "gnorm": 0.863, "tok_per_s": 83746.4, "load": 13.18798828125}
{"event": "step", "step": 151400, "loss": 4.0309, "lr": 0.0006357342913509815, "gnorm": 0.802, "tok_per_s": 83707.2, "load": 13.2392578125}
{"event": "step", "step": 151500, "loss": 3.9089, "lr": 0.0006342733452732488, "gnorm": 0.825, "tok_per_s": 83675.6, "load": 13.27587890625}
{"event": "step", "step": 151600, "loss": 3.9269, "lr": 0.0006328151355061762, "gnorm": 0.726, "tok_per_s": 83670.1, "load": 13.23291015625}
{"event": "step", "step": 151700, "loss": 3.9743, "lr": 0.0006313596659780981, "gnorm": 0.991, "tok_per_s": 83705.9, "load": 13.1962890625}
{"event": "step", "step": 151800, "loss": 4.186, "lr": 0.0006299069406099692, "gnorm": 1.044, "tok_per_s": 83688.5, "load": 13.48046875}
{"event": "step", "step": 151900, "loss": 3.9808, "lr": 0.0006284569633153487, "gnorm": 0.807, "tok_per_s": 83646.3, "load": 13.326171875}
{"event": "step", "step": 152000, "loss": 4.0968, "lr": 0.0006270097380003953, "gnorm": 0.759, "tok_per_s": 83647.8, "load": 13.35595703125}
{"event": "step", "step": 152100, "loss": 4.2016, "lr": 0.000625565268563852, "gnorm": 0.915, "tok_per_s": 83669.9, "load": 14.810546875}
{"event": "step", "step": 152200, "loss": 4.0445, "lr": 0.000624123558897039, "gnorm": 0.746, "tok_per_s": 83686.6, "load": 14.826171875}
{"event": "step", "step": 152300, "loss": 3.9632, "lr": 0.000622684612883841, "gnorm": 0.945, "tok_per_s": 83698.7, "load": 14.625}
{"event": "step", "step": 152400, "loss": 3.8863, "lr": 0.0006212484344006984, "gnorm": 0.883, "tok_per_s": 83716.7, "load": 14.38134765625}
{"event": "step", "step": 152500, "loss": 3.8926, "lr": 0.0006198150273165946, "gnorm": 0.798, "tok_per_s": 83704.3, "load": 14.47705078125}
{"event": "step", "step": 152600, "loss": 4.1507, "lr": 0.0006183843954930487, "gnorm": 0.999, "tok_per_s": 83667.7, "load": 14.32958984375}
{"event": "step", "step": 152700, "loss": 4.0008, "lr": 0.0006169565427841027, "gnorm": 0.863, "tok_per_s": 83694.2, "load": 14.04443359375}
{"event": "step", "step": 152800, "loss": 3.9241, "lr": 0.000615531473036311, "gnorm": 0.807, "tok_per_s": 83670.6, "load": 13.95703125}
{"event": "step", "step": 152900, "loss": 4.0466, "lr": 0.0006141091900887325, "gnorm": 0.798, "tok_per_s": 83673.8, "load": 13.89013671875}
{"event": "step", "step": 153000, "loss": 3.9644, "lr": 0.0006126896977729168, "gnorm": 0.883, "tok_per_s": 83693.7, "load": 15.96337890625}
{"event": "step", "step": 153100, "loss": 4.0257, "lr": 0.0006112729999128974, "gnorm": 1.105, "tok_per_s": 83698.0, "load": 15.5810546875}
{"event": "step", "step": 153200, "loss": 4.1104, "lr": 0.0006098591003251784, "gnorm": 0.775, "tok_per_s": 83693.4, "load": 15.25732421875}
{"event": "step", "step": 153300, "loss": 4.0187, "lr": 0.0006084480028187264, "gnorm": 0.828, "tok_per_s": 83708.3, "load": 15.1435546875}
{"event": "step", "step": 153400, "loss": 3.8778, "lr": 0.0006070397111949585, "gnorm": 0.877, "tok_per_s": 83716.3, "load": 14.8134765625}
{"event": "step", "step": 153500, "loss": 3.9505, "lr": 0.0006056342292477339, "gnorm": 0.86, "tok_per_s": 83656.7, "load": 14.54052734375}
{"event": "step", "step": 153600, "loss": 3.7641, "lr": 0.0006042315607633417, "gnorm": 0.791, "tok_per_s": 83724.1, "load": 14.22314453125}
{"event": "step", "step": 153700, "loss": 4.0127, "lr": 0.0006028317095204926, "gnorm": 0.772, "tok_per_s": 83721.8, "load": 14.1826171875}
{"event": "step", "step": 153800, "loss": 3.8334, "lr": 0.0006014346792903068, "gnorm": 0.731, "tok_per_s": 83714.9, "load": 14.08740234375}
{"event": "step", "step": 153900, "loss": 4.1357, "lr": 0.000600040473836306, "gnorm": 0.768, "tok_per_s": 83704.7, "load": 13.84619140625}
{"event": "step", "step": 154000, "loss": 3.9961, "lr": 0.000598649096914401, "gnorm": 0.893, "tok_per_s": 83718.0, "load": 13.7099609375}
{"event": "step", "step": 154100, "loss": 3.9993, "lr": 0.0005972605522728838, "gnorm": 0.934, "tok_per_s": 83707.4, "load": 13.60009765625}
{"event": "step", "step": 154200, "loss": 3.8606, "lr": 0.0005958748436524153, "gnorm": 0.823, "tok_per_s": 83697.2, "load": 13.43359375}
{"event": "step", "step": 154300, "loss": 3.8978, "lr": 0.0005944919747860171, "gnorm": 0.953, "tok_per_s": 83724.4, "load": 13.3662109375}
{"event": "step", "step": 154400, "loss": 3.9016, "lr": 0.0005931119493990601, "gnorm": 0.826, "tok_per_s": 83752.3, "load": 13.376953125}
{"event": "step", "step": 154500, "loss": 4.0043, "lr": 0.000591734771209256, "gnorm": 0.895, "tok_per_s": 83723.8, "load": 13.31884765625}
{"event": "step", "step": 154600, "loss": 3.9328, "lr": 0.0005903604439266446, "gnorm": 0.948, "tok_per_s": 83763.5, "load": 13.212890625}
{"event": "step", "step": 154700, "loss": 4.0623, "lr": 0.0005889889712535875, "gnorm": 0.855, "tok_per_s": 83734.3, "load": 13.1796875}
{"event": "step", "step": 154800, "loss": 4.1581, "lr": 0.0005876203568847545, "gnorm": 0.985, "tok_per_s": 83780.4, "load": 13.1513671875}
{"event": "step", "step": 154900, "loss": 3.9255, "lr": 0.0005862546045071163, "gnorm": 0.782, "tok_per_s": 83772.2, "load": 13.1279296875}
{"event": "step", "step": 155000, "loss": 3.8312, "lr": 0.0005848917177999336, "gnorm": 0.777, "tok_per_s": 83723.8, "load": 13.19482421875}
{"event": "step", "step": 155100, "loss": 3.8779, "lr": 0.0005835317004347459, "gnorm": 0.865, "tok_per_s": 65967.8, "load": 13.22607421875}
{"event": "step", "step": 155200, "loss": 3.9541, "lr": 0.0005821745560753648, "gnorm": 0.76, "tok_per_s": 83749.1, "load": 13.2646484375}
{"event": "step", "step": 155300, "loss": 4.0094, "lr": 0.00058082028837786, "gnorm": 0.836, "tok_per_s": 83709.4, "load": 13.21728515625}
{"event": "step", "step": 155400, "loss": 3.9112, "lr": 0.0005794689009905536, "gnorm": 0.839, "tok_per_s": 83622.9, "load": 13.33837890625}
{"event": "step", "step": 155500, "loss": 3.9133, "lr": 0.000578120397554007, "gnorm": 0.848, "tok_per_s": 83677.3, "load": 13.28564453125}
{"event": "step", "step": 155600, "loss": 4.0449, "lr": 0.000576774781701013, "gnorm": 1.023, "tok_per_s": 83652.8, "load": 15.86572265625}
{"event": "step", "step": 155700, "loss": 3.9822, "lr": 0.0005754320570565852, "gnorm": 0.859, "tok_per_s": 83706.4, "load": 15.572265625}
{"event": "step", "step": 155800, "loss": 4.0333, "lr": 0.0005740922272379487, "gnorm": 0.879, "tok_per_s": 83705.1, "load": 15.2861328125}
{"event": "step", "step": 155900, "loss": 3.9355, "lr": 0.0005727552958545297, "gnorm": 0.851, "tok_per_s": 83649.0, "load": 15.16162109375}
{"event": "step", "step": 156000, "loss": 3.913, "lr": 0.0005714212665079467, "gnorm": 1.225, "tok_per_s": 83675.8, "load": 14.82861328125}
{"event": "step", "step": 156100, "loss": 3.9998, "lr": 0.0005700901427919991, "gnorm": 0.852, "tok_per_s": 83571.4, "load": 14.5537109375}
{"event": "step", "step": 156200, "loss": 3.9832, "lr": 0.0005687619282926608, "gnorm": 0.883, "tok_per_s": 83688.3, "load": 14.47509765625}
{"event": "step", "step": 156300, "loss": 3.9881, "lr": 0.0005674366265880662, "gnorm": 0.794, "tok_per_s": 83628.4, "load": 14.32177734375}
{"event": "step", "step": 156400, "loss": 4.0535, "lr": 0.0005661142412485046, "gnorm": 0.884, "tok_per_s": 83630.7, "load": 14.0380859375}
{"event": "step", "step": 156500, "loss": 4.0835, "lr": 0.000564794775836407, "gnorm": 0.874, "tok_per_s": 83664.5, "load": 13.8779296875}
{"event": "step", "step": 156600, "loss": 4.0123, "lr": 0.0005634782339063402, "gnorm": 0.802, "tok_per_s": 83697.7, "load": 13.74267578125}
{"event": "step", "step": 156700, "loss": 4.0342, "lr": 0.0005621646190049937, "gnorm": 0.86, "tok_per_s": 83728.1, "load": 13.70849609375}
{"event": "step", "step": 156800, "loss": 3.9528, "lr": 0.0005608539346711729, "gnorm": 0.858, "tok_per_s": 83699.6, "load": 13.59912109375}
{"event": "step", "step": 156900, "loss": 3.9785, "lr": 0.0005595461844357871, "gnorm": 0.845, "tok_per_s": 83711.9, "load": 13.51318359375}
{"event": "step", "step": 157000, "loss": 3.9645, "lr": 0.0005582413718218431, "gnorm": 0.97, "tok_per_s": 83714.4, "load": 13.58837890625}
{"event": "step", "step": 157100, "loss": 3.8631, "lr": 0.0005569395003444321, "gnorm": 0.841, "tok_per_s": 83704.1, "load": 13.49755859375}
{"event": "step", "step": 157200, "loss": 4.0793, "lr": 0.0005556405735107233, "gnorm": 0.879, "tok_per_s": 83732.1, "load": 13.42041015625}
{"event": "step", "step": 157300, "loss": 3.8512, "lr": 0.0005543445948199531, "gnorm": 0.839, "tok_per_s": 83710.0, "load": 13.43603515625}
{"event": "step", "step": 157400, "loss": 4.1606, "lr": 0.0005530515677634144, "gnorm": 0.915, "tok_per_s": 83716.4, "load": 13.294921875}
{"event": "step", "step": 157500, "loss": 4.075, "lr": 0.000551761495824451, "gnorm": 0.805, "tok_per_s": 83707.9, "load": 13.3232421875}
{"event": "step", "step": 157600, "loss": 3.958, "lr": 0.0005504743824784428, "gnorm": 0.808, "tok_per_s": 83710.4, "load": 13.27294921875}
{"event": "step", "step": 157700, "loss": 3.8795, "lr": 0.0005491902311928025, "gnorm": 0.832, "tok_per_s": 83728.1, "load": 13.23046875}
{"event": "step", "step": 157800, "loss": 3.8896, "lr": 0.0005479090454269603, "gnorm": 0.954, "tok_per_s": 83716.7, "load": 13.19482421875}
{"event": "step", "step": 157900, "loss": 4.2104, "lr": 0.00054663082863236, "gnorm": 0.937, "tok_per_s": 83722.2, "load": 13.23876953125}
{"event": "step", "step": 158000, "loss": 3.9466, "lr": 0.000545355584252445, "gnorm": 0.852, "tok_per_s": 83685.9, "load": 13.275390625}
{"event": "step", "step": 158100, "loss": 3.911, "lr": 0.000544083315722653, "gnorm": 0.924, "tok_per_s": 83743.1, "load": 13.15869140625}
{"event": "step", "step": 158200, "loss": 3.9513, "lr": 0.0005428140264704035, "gnorm": 0.861, "tok_per_s": 83697.3, "load": 13.1455078125}
{"event": "step", "step": 158300, "loss": 4.08, "lr": 0.0005415477199150912, "gnorm": 0.839, "tok_per_s": 83663.9, "load": 13.04931640625}
{"event": "step", "step": 158400, "loss": 4.1344, "lr": 0.0005402843994680739, "gnorm": 0.995, "tok_per_s": 83580.1, "load": 13.041015625}
{"event": "step", "step": 158500, "loss": 4.0082, "lr": 0.0005390240685326671, "gnorm": 0.998, "tok_per_s": 83694.3, "load": 13.0341796875}
{"event": "step", "step": 158600, "loss": 3.9371, "lr": 0.000537766730504131, "gnorm": 1.042, "tok_per_s": 83718.2, "load": 13.0283203125}
{"event": "step", "step": 158700, "loss": 3.8176, "lr": 0.0005365123887696645, "gnorm": 0.775, "tok_per_s": 83728.2, "load": 12.9501953125}
{"event": "step", "step": 158800, "loss": 4.0154, "lr": 0.000535261046708393, "gnorm": 0.855, "tok_per_s": 83717.4, "load": 12.95849609375}
{"event": "step", "step": 158900, "loss": 3.8396, "lr": 0.0005340127076913627, "gnorm": 0.859, "tok_per_s": 83705.4, "load": 13.04541015625}
{"event": "step", "step": 159000, "loss": 4.0636, "lr": 0.000532767375081528, "gnorm": 0.853, "tok_per_s": 83741.0, "load": 13.11181640625}
{"event": "step", "step": 159100, "loss": 4.1126, "lr": 0.0005315250522337461, "gnorm": 0.938, "tok_per_s": 83743.3, "load": 13.1748046875}
{"event": "step", "step": 159200, "loss": 3.875, "lr": 0.0005302857424947643, "gnorm": 0.793, "tok_per_s": 83747.3, "load": 13.1474609375}
{"event": "step", "step": 159300, "loss": 4.0305, "lr": 0.0005290494492032142, "gnorm": 1.129, "tok_per_s": 83734.3, "load": 13.0439453125}
{"event": "step", "step": 159400, "loss": 4.0166, "lr": 0.0005278161756896, "gnorm": 0.992, "tok_per_s": 83750.0, "load": 13.03662109375}
{"event": "step", "step": 159500, "loss": 3.9247, "lr": 0.0005265859252762918, "gnorm": 0.863, "tok_per_s": 83739.0, "load": 13.037109375}
{"event": "step", "step": 159600, "loss": 4.1752, "lr": 0.0005253587012775154, "gnorm": 0.858, "tok_per_s": 83765.4, "load": 13.03076171875}
{"event": "step", "step": 159700, "loss": 3.9345, "lr": 0.0005241345069993429, "gnorm": 0.868, "tok_per_s": 83767.6, "load": 13.01953125}
{"event": "step", "step": 159800, "loss": 3.91, "lr": 0.0005229133457396855, "gnorm": 0.825, "tok_per_s": 83792.9, "load": 13.02294921875}
{"event": "step", "step": 159900, "loss": 4.0461, "lr": 0.0005216952207882829, "gnorm": 0.857, "tok_per_s": 83795.3, "load": 12.94580078125}
{"event": "step", "step": 160000, "loss": 4.0209, "lr": 0.0005204801354266958, "gnorm": 0.982, "tok_per_s": 83718.3, "load": 13.02099609375}
{"event": "eval_quick", "step": 160000, "bpb": 1.2906617230328863, "nats_per_token": 3.8915005017858233, "tokens": 16379, "bytes": 71247}
{"event": "step", "step": 160100, "loss": 4.1764, "lr": 0.0005192680929282955, "gnorm": 0.905, "tok_per_s": 64761.3, "load": 13.01708984375}
{"event": "step", "step": 160200, "loss": 3.8047, "lr": 0.0005180590965582572, "gnorm": 0.894, "tok_per_s": 83746.8, "load": 13.0947265625}
{"event": "step", "step": 160300, "loss": 4.0362, "lr": 0.0005168531495735485, "gnorm": 0.895, "tok_per_s": 83782.9, "load": 13.15380859375}
{"event": "step", "step": 160400, "loss": 4.017, "lr": 0.0005156502552229237, "gnorm": 1.362, "tok_per_s": 83798.0, "load": 13.12353515625}
{"event": "step", "step": 160500, "loss": 3.8972, "lr": 0.0005144504167469123, "gnorm": 0.871, "tok_per_s": 83736.0, "load": 13.10400390625}
{"event": "step", "step": 160600, "loss": 3.7743, "lr": 0.0005132536373778122, "gnorm": 0.81, "tok_per_s": 83718.3, "load": 13.013671875}
{"event": "step", "step": 160700, "loss": 3.9276, "lr": 0.0005120599203396795, "gnorm": 0.876, "tok_per_s": 83665.6, "load": 13.0107421875}
{"event": "step", "step": 160800, "loss": 4.147, "lr": 0.0005108692688483215, "gnorm": 0.919, "tok_per_s": 83564.6, "load": 16.85302734375}
{"event": "step", "step": 160900, "loss": 4.0748, "lr": 0.000509681686111286, "gnorm": 0.944, "tok_per_s": 83734.0, "load": 16.18017578125}
{"event": "step", "step": 161000, "loss": 3.9703, "lr": 0.000508497175327855, "gnorm": 0.839, "tok_per_s": 83721.8, "load": 15.69091796875}
{"event": "step", "step": 161100, "loss": 3.9367, "lr": 0.0005073157396890333, "gnorm": 1.003, "tok_per_s": 83685.7, "load": 15.283203125}
{"event": "step", "step": 161200, "loss": 3.8254, "lr": 0.0005061373823775431, "gnorm": 0.845, "tok_per_s": 83698.7, "load": 14.931640625}
{"event": "step", "step": 161300, "loss": 3.8564, "lr": 0.0005049621065678122, "gnorm": 0.944, "tok_per_s": 83681.5, "load": 14.7080078125}
{"event": "step", "step": 161400, "loss": 3.9682, "lr": 0.0005037899154259684, "gnorm": 0.965, "tok_per_s": 83692.1, "load": 14.52490234375}
{"event": "step", "step": 161500, "loss": 3.9623, "lr": 0.0005026208121098283, "gnorm": 0.887, "tok_per_s": 83725.6, "load": 18.716796875}
{"event": "step", "step": 161600, "loss": 4.0212, "lr": 0.0005014547997688914, "gnorm": 0.834, "tok_per_s": 83690.3, "load": 17.763671875}
{"event": "step", "step": 161700, "loss": 4.0165, "lr": 0.0005002918815443287, "gnorm": 0.959, "tok_per_s": 83721.1, "load": 17.09814453125}
{"event": "step", "step": 161800, "loss": 3.9875, "lr": 0.0004991320605689771, "gnorm": 0.808, "tok_per_s": 83705.4, "load": 16.3935546875}
{"event": "step", "step": 161900, "loss": 4.0385, "lr": 0.0004979753399673298, "gnorm": 0.83, "tok_per_s": 83698.9, "load": 16.28173828125}
{"event": "step", "step": 162000, "loss": 3.871, "lr": 0.0004968217228555265, "gnorm": 0.912, "tok_per_s": 83714.9, "load": 15.703125}
{"event": "step", "step": 162100, "loss": 3.8623, "lr": 0.0004956712123413475, "gnorm": 1.041, "tok_per_s": 83671.7, "load": 15.0595703125}
{"event": "step", "step": 162200, "loss": 3.8303, "lr": 0.0004945238115242031, "gnorm": 0.89, "tok_per_s": 83605.7, "load": 14.81640625}
{"event": "step", "step": 162300, "loss": 4.0597, "lr": 0.0004933795234951273, "gnorm": 0.853, "tok_per_s": 83691.1, "load": 14.53662109375}
{"event": "step", "step": 162400, "loss": 4.0193, "lr": 0.0004922383513367677, "gnorm": 0.857, "tok_per_s": 83689.2, "load": 14.14599609375}
{"event": "step", "step": 162500, "loss": 4.1617, "lr": 0.0004911002981233782, "gnorm": 0.89, "tok_per_s": 83733.0, "load": 13.8896484375}
{"event": "step", "step": 162600, "loss": 3.8986, "lr": 0.0004899653669208098, "gnorm": 1.026, "tok_per_s": 83782.9, "load": 13.67236328125}
{"event": "step", "step": 162700, "loss": 3.9399, "lr": 0.0004888335607865046, "gnorm": 0.812, "tok_per_s": 83722.5, "load": 13.41455078125}
{"event": "step", "step": 162800, "loss": 3.8971, "lr": 0.00048770488276948364, "gnorm": 0.837, "tok_per_s": 83702.9, "load": 13.1904296875}
{"event": "step", "step": 162900, "loss": 3.781, "lr": 0.0004865793359103434, "gnorm": 0.81, "tok_per_s": 83729.1, "load": 13.08056640625}
{"event": "step", "step": 163000, "loss": 4.0157, "lr": 0.00048545692324124295, "gnorm": 0.816, "tok_per_s": 83764.1, "load": 12.9208984375}
{"event": "step", "step": 163100, "loss": 4.044, "lr": 0.00048433764778590006, "gnorm": 0.898, "tok_per_s": 83783.0, "load": 12.705078125}
{"event": "step", "step": 163200, "loss": 3.9353, "lr": 0.00048322151255957913, "gnorm": 0.865, "tok_per_s": 83811.4, "load": 12.67041015625}
{"event": "step", "step": 163300, "loss": 3.9623, "lr": 0.00048210852056908667, "gnorm": 0.851, "tok_per_s": 83844.3, "load": 12.64111328125}
{"event": "step", "step": 163400, "loss": 4.1029, "lr": 0.00048099867481276004, "gnorm": 0.971, "tok_per_s": 83825.9, "load": 12.548828125}
{"event": "step", "step": 163500, "loss": 3.8642, "lr": 0.00047989197828046215, "gnorm": 1.008, "tok_per_s": 83815.1, "load": 12.4638671875}
{"event": "step", "step": 163600, "loss": 3.9747, "lr": 0.0004787884339535706, "gnorm": 1.243, "tok_per_s": 83839.9, "load": 12.3857421875}
{"event": "step", "step": 163700, "loss": 3.9759, "lr": 0.0004776880448049728, "gnorm": 1.112, "tok_per_s": 83839.2, "load": 12.32568359375}
{"event": "step", "step": 163800, "loss": 4.223, "lr": 0.0004765908137990547, "gnorm": 0.91, "tok_per_s": 83825.7, "load": 12.2822265625}
{"event": "step", "step": 163900, "loss": 4.0553, "lr": 0.00047549674389169586, "gnorm": 0.917, "tok_per_s": 83839.3, "load": 15.68212890625}
{"event": "step", "step": 164000, "loss": 4.0091, "lr": 0.0004744058380302584, "gnorm": 0.922, "tok_per_s": 83822.0, "load": 15.34326171875}
{"event": "step", "step": 164100, "loss": 3.9268, "lr": 0.000473318099153582, "gnorm": 0.835, "tok_per_s": 83785.2, "load": 14.74853515625}
{"event": "step", "step": 164200, "loss": 3.8145, "lr": 0.0004722335301919746, "gnorm": 0.841, "tok_per_s": 83772.5, "load": 14.6083984375}
{"event": "step", "step": 164300, "loss": 3.9801, "lr": 0.00047115213406720327, "gnorm": 0.833, "tok_per_s": 83786.9, "load": 14.05322265625}
{"event": "step", "step": 164400, "loss": 3.9293, "lr": 0.0004700739136924894, "gnorm": 0.986, "tok_per_s": 83787.4, "load": 13.73095703125}
{"event": "step", "step": 164500, "loss": 4.1068, "lr": 0.00046899887197249766, "gnorm": 1.056, "tok_per_s": 83781.3, "load": 13.625}
{"event": "step", "step": 164600, "loss": 4.0828, "lr": 0.0004679270118033306, "gnorm": 0.874, "tok_per_s": 83794.9, "load": 13.30126953125}
{"event": "step", "step": 164700, "loss": 3.7176, "lr": 0.0004668583360725189, "gnorm": 0.877, "tok_per_s": 83807.6, "load": 13.0205078125}
{"event": "step", "step": 164800, "loss": 3.9192, "lr": 0.0004657928476590157, "gnorm": 0.897, "tok_per_s": 83817.6, "load": 12.8564453125}
{"event": "step", "step": 164900, "loss": 3.9491, "lr": 0.00046473054943318645, "gnorm": 0.835, "tok_per_s": 83790.1, "load": 12.73095703125}
{"event": "step", "step": 165000, "loss": 3.9823, "lr": 0.0004636714442568031, "gnorm": 1.053, "tok_per_s": 83836.7, "load": 14.74853515625}
{"event": "step", "step": 165100, "loss": 3.8807, "lr": 0.00046261553498303616, "gnorm": 0.928, "tok_per_s": 66050.0, "load": 14.13330078125}
{"event": "step", "step": 165200, "loss": 3.9394, "lr": 0.00046156282445644533, "gnorm": 0.872, "tok_per_s": 83801.6, "load": 13.798828125}
{"event": "step", "step": 165300, "loss": 3.9115, "lr": 0.0004605133155129744, "gnorm": 0.81, "tok_per_s": 83831.5, "load": 13.755859375}
{"event": "step", "step": 165400, "loss": 3.9764, "lr": 0.0004594670109799409, "gnorm": 0.895, "tok_per_s": 83783.2, "load": 13.615234375}
{"event": "step", "step": 165500, "loss": 3.9273, "lr": 0.0004584239136760314, "gnorm": 0.909, "tok_per_s": 83777.4, "load": 13.587890625}
{"event": "step", "step": 165600, "loss": 4.2348, "lr": 0.0004573840264112906, "gnorm": 0.967, "tok_per_s": 83760.7, "load": 13.50390625}
{"event": "step", "step": 165700, "loss": 4.0375, "lr": 0.0004563473519871174, "gnorm": 0.85, "tok_per_s": 83856.7, "load": 13.2724609375}
{"event": "step", "step": 165800, "loss": 3.9249, "lr": 0.00045531389319625393, "gnorm": 0.841, "tok_per_s": 83781.5, "load": 12.99658203125}
{"event": "step", "step": 165900, "loss": 3.9397, "lr": 0.0004542836528227803, "gnorm": 0.934, "tok_per_s": 83853.3, "load": 12.9169921875}
{"event": "step", "step": 166000, "loss": 3.9422, "lr": 0.00045325663364210685, "gnorm": 0.973, "tok_per_s": 83789.1, "load": 12.775390625}
{"event": "step", "step": 166100, "loss": 4.029, "lr": 0.00045223283842096514, "gnorm": 0.933, "tok_per_s": 83870.7, "load": 12.65576171875}
{"event": "step", "step": 166200, "loss": 4.0027, "lr": 0.0004512122699174024, "gnorm": 0.816, "tok_per_s": 83787.7, "load": 12.62841796875}
{"event": "step", "step": 166300, "loss": 3.9563, "lr": 0.0004501949308807727, "gnorm": 0.962, "tok_per_s": 83856.1, "load": 12.53125}
{"event": "step", "step": 166400, "loss": 4.0991, "lr": 0.0004491808240517305, "gnorm": 1.163, "tok_per_s": 83739.1, "load": 12.689453125}
{"event": "step", "step": 166500, "loss": 4.0323, "lr": 0.0004481699521622226, "gnorm": 0.944, "tok_per_s": 83852.2, "load": 12.7373046875}
{"event": "step", "step": 166600, "loss": 3.8627, "lr": 0.0004471623179354818, "gnorm": 0.895, "tok_per_s": 83789.9, "load": 12.62353515625}
{"event": "step", "step": 166700, "loss": 4.0266, "lr": 0.000446157924086017, "gnorm": 0.829, "tok_per_s": 83802.6, "load": 12.607421875}
{"event": "step", "step": 166800, "loss": 3.8516, "lr": 0.00044515677331961027, "gnorm": 0.828, "tok_per_s": 83772.9, "load": 12.43359375}
{"event": "step", "step": 166900, "loss": 3.7962, "lr": 0.00044415886833330467, "gnorm": 0.878, "tok_per_s": 83765.6, "load": 13.88232421875}
{"event": "step", "step": 167000, "loss": 4.1537, "lr": 0.00044316421181540074, "gnorm": 1.029, "tok_per_s": 83858.8, "load": 13.5927734375}
{"event": "step", "step": 167100, "loss": 3.9432, "lr": 0.0004421728064454474, "gnorm": 0.885, "tok_per_s": 83774.7, "load": 13.58154296875}
{"event": "step", "step": 167200, "loss": 4.0009, "lr": 0.0004411846548942348, "gnorm": 1.3, "tok_per_s": 83740.2, "load": 13.55908203125}
{"event": "step", "step": 167300, "loss": 3.9644, "lr": 0.00044019975982378815, "gnorm": 0.89, "tok_per_s": 83693.2, "load": 13.466796875}
{"event": "step", "step": 167400, "loss": 3.9249, "lr": 0.0004392181238873594, "gnorm": 0.856, "tok_per_s": 83839.1, "load": 14.83642578125}
{"event": "step", "step": 167500, "loss": 4.1196, "lr": 0.0004382397497294208, "gnorm": 0.956, "tok_per_s": 83741.5, "load": 14.8486328125}
{"event": "step", "step": 167600, "loss": 3.9179, "lr": 0.0004372646399856572, "gnorm": 0.954, "tok_per_s": 83812.4, "load": 14.7802734375}
{"event": "step", "step": 167700, "loss": 3.9449, "lr": 0.0004362927972829602, "gnorm": 0.934, "tok_per_s": 83801.0, "load": 14.4326171875}
{"event": "step", "step": 167800, "loss": 3.987, "lr": 0.00043532422423941876, "gnorm": 0.958, "tok_per_s": 83832.1, "load": 14.06494140625}
{"event": "step", "step": 167900, "loss": 3.8695, "lr": 0.0004343589234643152, "gnorm": 1.114, "tok_per_s": 83791.4, "load": 13.8271484375}
{"event": "step", "step": 168000, "loss": 3.9666, "lr": 0.0004333968975581147, "gnorm": 1.028, "tok_per_s": 83803.1, "load": 13.6259765625}
{"event": "step", "step": 168100, "loss": 4.05, "lr": 0.0004324381491124621, "gnorm": 0.903, "tok_per_s": 83728.7, "load": 15.8134765625}
{"event": "step", "step": 168200, "loss": 3.9313, "lr": 0.0004314826807101712, "gnorm": 0.928, "tok_per_s": 83782.8, "load": 15.30029296875}
{"event": "step", "step": 168300, "loss": 4.0338, "lr": 0.0004305304949252209, "gnorm": 0.949, "tok_per_s": 83848.4, "load": 14.798828125}
{"event": "step", "step": 168400, "loss": 4.0945, "lr": 0.00042958159432274586, "gnorm": 1.493, "tok_per_s": 83787.9, "load": 14.2939453125}
{"event": "step", "step": 168500, "loss": 4.1221, "lr": 0.00042863598145903114, "gnorm": 0.883, "tok_per_s": 83864.4, "load": 13.93408203125}
{"event": "step", "step": 168600, "loss": 3.9182, "lr": 0.00042769365888150517, "gnorm": 0.951, "tok_per_s": 83777.1, "load": 13.63623046875}
{"event": "step", "step": 168700, "loss": 3.8998, "lr": 0.00042675462912873175, "gnorm": 0.86, "tok_per_s": 83870.5, "load": 13.310546875}
{"event": "step", "step": 168800, "loss": 3.896, "lr": 0.00042581889473040463, "gnorm": 0.923, "tok_per_s": 83782.6, "load": 15.51171875}
{"event": "step", "step": 168900, "loss": 3.9983, "lr": 0.0004248864582073396, "gnorm": 0.988, "tok_per_s": 83823.6, "load": 15.04541015625}
{"event": "step", "step": 169000, "loss": 3.8738, "lr": 0.00042395732207146865, "gnorm": 0.963, "tok_per_s": 83812.5, "load": 14.57666015625}
{"event": "step", "step": 169100, "loss": 3.9489, "lr": 0.0004230314888258321, "gnorm": 0.895, "tok_per_s": 83804.0, "load": 14.18017578125}
{"event": "step", "step": 169200, "loss": 3.9813, "lr": 0.0004221089609645732, "gnorm": 0.862, "tok_per_s": 83843.7, "load": 13.9248046875}
{"event": "step", "step": 169300, "loss": 3.9754, "lr": 0.00042118974097292964, "gnorm": 0.85, "tok_per_s": 83848.2, "load": 13.5546875}
{"event": "step", "step": 169400, "loss": 3.9099, "lr": 0.00042027383132722937, "gnorm": 1.043, "tok_per_s": 83766.3, "load": 13.30908203125}
{"event": "step", "step": 169500, "loss": 3.9893, "lr": 0.000419361234494881, "gnorm": 1.169, "tok_per_s": 83830.9, "load": 13.1875}
{"event": "step", "step": 169600, "loss": 3.8888, "lr": 0.0004184519529343696, "gnorm": 0.898, "tok_per_s": 83776.5, "load": 12.9306640625}
{"event": "step", "step": 169700, "loss": 3.9621, "lr": 0.0004175459890952483, "gnorm": 0.877, "tok_per_s": 83799.5, "load": 12.78125}
{"event": "step", "step": 169800, "loss": 3.9788, "lr": 0.0004166433454181336, "gnorm": 1.141, "tok_per_s": 83845.1, "load": 12.734375}
{"event": "step", "step": 169900, "loss": 3.9376, "lr": 0.000415744024334696, "gnorm": 0.931, "tok_per_s": 83805.5, "load": 12.59521484375}
{"event": "step", "step": 170000, "loss": 3.901, "lr": 0.00041484802826765704, "gnorm": 0.963, "tok_per_s": 83771.2, "load": 12.57763671875}
{"event": "step", "step": 170100, "loss": 3.8676, "lr": 0.00041395535963077907, "gnorm": 0.916, "tok_per_s": 65901.7, "load": 12.44873046875}
{"event": "step", "step": 170200, "loss": 4.0407, "lr": 0.00041306602082886193, "gnorm": 1.029, "tok_per_s": 83801.9, "load": 12.37939453125}
{"event": "step", "step": 170300, "loss": 3.9848, "lr": 0.0004121800142577342, "gnorm": 1.017, "tok_per_s": 83721.9, "load": 12.48095703125}
{"event": "step", "step": 170400, "loss": 3.8746, "lr": 0.000411297342304248, "gnorm": 0.985, "tok_per_s": 83759.9, "load": 12.40673828125}
{"event": "step", "step": 170500, "loss": 3.9285, "lr": 0.000410418007346272, "gnorm": 0.962, "tok_per_s": 83777.3, "load": 12.34375}
{"event": "step", "step": 170600, "loss": 4.098, "lr": 0.0004095420117526855, "gnorm": 1.105, "tok_per_s": 83815.9, "load": 12.29052734375}
{"event": "step", "step": 170700, "loss": 4.0212, "lr": 0.00040866935788337106, "gnorm": 0.867, "tok_per_s": 83855.3, "load": 12.3193359375}
{"event": "step", "step": 170800, "loss": 3.9689, "lr": 0.0004078000480892097, "gnorm": 0.98, "tok_per_s": 83876.2, "load": 12.35009765625}
{"event": "step", "step": 170900, "loss": 4.0363, "lr": 0.00040693408471207326, "gnorm": 0.961, "tok_per_s": 83859.1, "load": 12.22216796875}
{"event": "step", "step": 171000, "loss": 3.9061, "lr": 0.00040607147008481833, "gnorm": 1.073, "tok_per_s": 83860.8, "load": 12.2041015625}
{"event": "step", "step": 171100, "loss": 3.9977, "lr": 0.0004052122065312806, "gnorm": 1.304, "tok_per_s": 83850.9, "load": 12.17919921875}
{"event": "step", "step": 171200, "loss": 4.0483, "lr": 0.0004043562963662674, "gnorm": 0.975, "tok_per_s": 83789.0, "load": 15.2392578125}
{"event": "step", "step": 171300, "loss": 4.0914, "lr": 0.00040350374189555334, "gnorm": 1.427, "tok_per_s": 83883.9, "load": 14.734375}
{"event": "step", "step": 171400, "loss": 3.906, "lr": 0.00040265454541587193, "gnorm": 1.101, "tok_per_s": 83891.3, "load": 14.3935546875}
{"event": "step", "step": 171500, "loss": 3.8792, "lr": 0.0004018087092149112, "gnorm": 0.888, "tok_per_s": 83872.8, "load": 14.03173828125}
{"event": "step", "step": 171600, "loss": 3.9601, "lr": 0.0004009662355713061, "gnorm": 0.874, "tok_per_s": 83867.9, "load": 13.8662109375}
{"event": "step", "step": 171700, "loss": 3.9205, "lr": 0.0004001271267546338, "gnorm": 0.917, "tok_per_s": 83749.3, "load": 13.65234375}
{"event": "step", "step": 171800, "loss": 3.9372, "lr": 0.0003992913850254058, "gnorm": 0.937, "tok_per_s": 83889.5, "load": 13.404296875}
{"event": "step", "step": 171900, "loss": 3.9794, "lr": 0.00039845901263506426, "gnorm": 1.005, "tok_per_s": 83899.4, "load": 13.18798828125}
{"event": "step", "step": 172000, "loss": 3.8975, "lr": 0.0003976300118259731, "gnorm": 1.045, "tok_per_s": 83866.9, "load": 12.9248046875}
{"event": "step", "step": 172100, "loss": 3.9553, "lr": 0.00039680438483141424, "gnorm": 1.04, "tok_per_s": 83819.5, "load": 12.7890625}
{"event": "step", "step": 172200, "loss": 3.9408, "lr": 0.00039598213387558056, "gnorm": 1.226, "tok_per_s": 83924.6, "load": 12.66748046875}
{"event": "step", "step": 172300, "loss": 4.0246, "lr": 0.00039516326117356994, "gnorm": 1.089, "tok_per_s": 83907.0, "load": 12.71923828125}
{"event": "step", "step": 172400, "loss": 3.8106, "lr": 0.0003943477689313796, "gnorm": 0.901, "tok_per_s": 83903.2, "load": 12.68896484375}
{"event": "step", "step": 172500, "loss": 3.9964, "lr": 0.0003935356593459, "gnorm": 1.001, "tok_per_s": 83859.2, "load": 12.66357421875}
{"event": "step", "step": 172600, "loss": 3.6451, "lr": 0.0003927269346049084, "gnorm": 1.035, "tok_per_s": 83886.8, "load": 12.63525390625}
{"event": "step", "step": 172700, "loss": 3.8621, "lr": 0.00039192159688706467, "gnorm": 1.085, "tok_per_s": 83886.5, "load": 12.69189453125}
{"event": "step", "step": 172800, "loss": 4.0389, "lr": 0.00039111964836190273, "gnorm": 0.958, "tok_per_s": 83911.6, "load": 12.6591796875}
{"event": "step", "step": 172900, "loss": 4.2194, "lr": 0.00039032109118982734, "gnorm": 1.441, "tok_per_s": 83895.9, "load": 12.63134765625}
{"event": "step", "step": 173000, "loss": 3.9292, "lr": 0.0003895259275221066, "gnorm": 0.875, "tok_per_s": 83890.5, "load": 12.52783203125}
{"event": "step", "step": 173100, "loss": 3.9648, "lr": 0.0003887341595008667, "gnorm": 0.961, "tok_per_s": 83886.2, "load": 12.4462890625}
{"event": "step", "step": 173200, "loss": 4.0912, "lr": 0.0003879457892590869, "gnorm": 1.012, "tok_per_s": 83884.1, "load": 12.41015625}
{"event": "step", "step": 173300, "loss": 3.8626, "lr": 0.00038716081892059193, "gnorm": 0.932, "tok_per_s": 83877.5, "load": 12.56787109375}
{"event": "step", "step": 173400, "loss": 3.9949, "lr": 0.00038637925060004794, "gnorm": 0.934, "tok_per_s": 83887.9, "load": 12.560546875}
{"event": "step", "step": 173500, "loss": 3.9893, "lr": 0.00038560108640295603, "gnorm": 1.002, "tok_per_s": 83882.7, "load": 12.400390625}
{"event": "step", "step": 173600, "loss": 3.8952, "lr": 0.0003848263284256473, "gnorm": 0.978, "tok_per_s": 83892.6, "load": 12.25830078125}
{"event": "step", "step": 173700, "loss": 4.0681, "lr": 0.000384054978755276, "gnorm": 0.935, "tok_per_s": 83859.6, "load": 12.298828125}
{"event": "step", "step": 173800, "loss": 3.9284, "lr": 0.0003832870394698151, "gnorm": 1.286, "tok_per_s": 83911.2, "load": 12.1787109375}
{"event": "step", "step": 173900, "loss": 3.9413, "lr": 0.0003825225126380496, "gnorm": 0.968, "tok_per_s": 83898.3, "load": 12.14453125}
{"event": "step", "step": 174000, "loss": 3.9168, "lr": 0.00038176140031957257, "gnorm": 1.149, "tok_per_s": 83715.6, "load": 12.1220703125}
{"event": "step", "step": 174100, "loss": 3.8504, "lr": 0.0003810037045647772, "gnorm": 0.904, "tok_per_s": 83697.1, "load": 14.58544921875}
{"event": "step", "step": 174200, "loss": 3.9741, "lr": 0.000380249427414854, "gnorm": 0.942, "tok_per_s": 83776.5, "load": 14.3408203125}
{"event": "step", "step": 174300, "loss": 3.9263, "lr": 0.00037949857090178264, "gnorm": 1.039, "tok_per_s": 83870.8, "load": 13.98046875}
{"event": "step", "step": 174400, "loss": 3.9582, "lr": 0.00037875113704832926, "gnorm": 0.967, "tok_per_s": 83902.5, "load": 13.66943359375}
{"event": "step", "step": 174500, "loss": 3.863, "lr": 0.0003780071278680381, "gnorm": 0.974, "tok_per_s": 83840.6, "load": 13.49267578125}
{"event": "step", "step": 174600, "loss": 4.1825, "lr": 0.00037726654536522863, "gnorm": 0.979, "tok_per_s": 83833.0, "load": 13.349609375}
{"event": "step", "step": 174700, "loss": 3.9268, "lr": 0.00037652939153498825, "gnorm": 1.057, "tok_per_s": 83902.6, "load": 13.21533203125}
{"event": "step", "step": 174800, "loss": 4.1572, "lr": 0.00037579566836316836, "gnorm": 0.967, "tok_per_s": 83889.1, "load": 13.1015625}
{"event": "step", "step": 174900, "loss": 4.0254, "lr": 0.0003750653778263777, "gnorm": 0.898, "tok_per_s": 83888.8, "load": 13.01171875}
{"event": "step", "step": 175000, "loss": 4.0733, "lr": 0.0003743385218919782, "gnorm": 0.976, "tok_per_s": 83864.0, "load": 12.85595703125}
{"event": "step", "step": 175100, "loss": 4.0792, "lr": 0.00037361510251807903, "gnorm": 0.966, "tok_per_s": 66128.7, "load": 12.7177734375}
{"event": "step", "step": 175200, "loss": 4.1321, "lr": 0.00037289512165353153, "gnorm": 1.07, "tok_per_s": 83881.7, "load": 12.60693359375}
{"event": "step", "step": 175300, "loss": 3.8858, "lr": 0.00037217858123792354, "gnorm": 0.989, "tok_per_s": 83838.1, "load": 12.51318359375}
{"event": "step", "step": 175400, "loss": 3.9119, "lr": 0.00037146548320157486, "gnorm": 0.941, "tok_per_s": 83839.1, "load": 13.39501953125}
{"event": "step", "step": 175500, "loss": 3.9497, "lr": 0.00037075582946553175, "gnorm": 0.967, "tok_per_s": 83837.1, "load": 13.18017578125}
{"event": "step", "step": 175600, "loss": 3.8731, "lr": 0.00037004962194156136, "gnorm": 1.074, "tok_per_s": 83915.2, "load": 12.998046875}
{"event": "step", "step": 175700, "loss": 3.9785, "lr": 0.00036934686253214743, "gnorm": 1.196, "tok_per_s": 83858.3, "load": 12.76416015625}
{"event": "step", "step": 175800, "loss": 4.1336, "lr": 0.0003686475531304841, "gnorm": 1.447, "tok_per_s": 83834.4, "load": 12.64599609375}
{"event": "step", "step": 175900, "loss": 3.9264, "lr": 0.000367951695620472, "gnorm": 1.963, "tok_per_s": 83895.7, "load": 12.47265625}
{"event": "step", "step": 176000, "loss": 4.1378, "lr": 0.00036725929187671197, "gnorm": 1.204, "tok_per_s": 83848.7, "load": 12.3193359375}
{"event": "step", "step": 176100, "loss": 3.9919, "lr": 0.00036657034376450117, "gnorm": 0.95, "tok_per_s": 83901.9, "load": 12.34375}
{"event": "step", "step": 176200, "loss": 3.8349, "lr": 0.0003658848531398269, "gnorm": 1.172, "tok_per_s": 83901.0, "load": 12.37109375}
{"event": "step", "step": 176300, "loss": 3.835, "lr": 0.00036520282184936267, "gnorm": 0.897, "tok_per_s": 83856.1, "load": 12.32080078125}
{"event": "step", "step": 176400, "loss": 4.0327, "lr": 0.0003645242517304623, "gnorm": 0.961, "tok_per_s": 83888.2, "load": 12.19091796875}
{"event": "step", "step": 176500, "loss": 4.0126, "lr": 0.00036384914461115597, "gnorm": 0.99, "tok_per_s": 83815.6, "load": 12.255859375}
{"event": "step", "step": 176600, "loss": 3.8622, "lr": 0.000363177502310144, "gnorm": 1.008, "tok_per_s": 83872.8, "load": 12.21044921875}
{"event": "step", "step": 176700, "loss": 3.9801, "lr": 0.0003625093266367936, "gnorm": 1.029, "tok_per_s": 83843.8, "load": 12.3251953125}
{"event": "step", "step": 176800, "loss": 3.8793, "lr": 0.0003618446193911321, "gnorm": 0.876, "tok_per_s": 83872.2, "load": 12.2744140625}
{"event": "step", "step": 176900, "loss": 4.0271, "lr": 0.0003611833823638441, "gnorm": 1.03, "tok_per_s": 83863.1, "load": 12.2314453125}
{"event": "step", "step": 177000, "loss": 4.009, "lr": 0.0003605256173362643, "gnorm": 1.075, "tok_per_s": 83891.9, "load": 12.26953125}
{"event": "step", "step": 177100, "loss": 4.0049, "lr": 0.0003598713260803756, "gnorm": 1.282, "tok_per_s": 83878.1, "load": 12.234375}
{"event": "step", "step": 177200, "loss": 4.1274, "lr": 0.00035922051035880133, "gnorm": 1.049, "tok_per_s": 83852.2, "load": 12.345703125}
{"event": "step", "step": 177300, "loss": 3.7596, "lr": 0.0003585731719248031, "gnorm": 1.47, "tok_per_s": 83885.7, "load": 12.2919921875}
{"event": "step", "step": 177400, "loss": 3.9231, "lr": 0.0003579293125222738, "gnorm": 0.963, "tok_per_s": 83863.7, "load": 12.4013671875}
{"event": "step", "step": 177500, "loss": 4.0872, "lr": 0.000357288933885735, "gnorm": 1.558, "tok_per_s": 83847.6, "load": 14.9765625}
{"event": "step", "step": 177600, "loss": 4.03, "lr": 0.00035665203774033066, "gnorm": 1.047, "tok_per_s": 83861.9, "load": 14.52490234375}
{"event": "step", "step": 177700, "loss": 4.0352, "lr": 0.00035601862580182317, "gnorm": 0.925, "tok_per_s": 83850.4, "load": 14.29638671875}
{"event": "step", "step": 177800, "loss": 3.9007, "lr": 0.00035538869977658926, "gnorm": 1.165, "tok_per_s": 83806.8, "load": 14.32470703125}
{"event": "step", "step": 177900, "loss": 3.7604, "lr": 0.0003547622613616136, "gnorm": 0.902, "tok_per_s": 83703.8, "load": 14.20068359375}
{"event": "step", "step": 178000, "loss": 3.9724, "lr": 0.00035413931224448694, "gnorm": 1.141, "tok_per_s": 83775.1, "load": 14.015625}
{"event": "step", "step": 178100, "loss": 3.8406, "lr": 0.0003535198541033985, "gnorm": 0.961, "tok_per_s": 83783.4, "load": 13.6923828125}
{"event": "step", "step": 178200, "loss": 3.9724, "lr": 0.00035290388860713444, "gnorm": 1.091, "tok_per_s": 83824.3, "load": 13.6533203125}
{"event": "step", "step": 178300, "loss": 4.0662, "lr": 0.00035229141741507095, "gnorm": 1.091, "tok_per_s": 83807.3, "load": 13.55224609375}
{"event": "step", "step": 178400, "loss": 3.9235, "lr": 0.0003516824421771712, "gnorm": 1.012, "tok_per_s": 83759.4, "load": 13.39306640625}
{"event": "step", "step": 178500, "loss": 4.0058, "lr": 0.0003510769645339801, "gnorm": 1.506, "tok_per_s": 83825.7, "load": 13.33203125}
{"event": "step", "step": 178600, "loss": 3.9884, "lr": 0.00035047498611662074, "gnorm": 1.022, "tok_per_s": 83883.0, "load": 13.2744140625}
{"event": "step", "step": 178700, "loss": 4.021, "lr": 0.000349876508546789, "gnorm": 1.048, "tok_per_s": 83855.2, "load": 13.251953125}
{"event": "step", "step": 178800, "loss": 3.8964, "lr": 0.00034928153343675024, "gnorm": 0.939, "tok_per_s": 83812.8, "load": 13.20654296875}
{"event": "step", "step": 178900, "loss": 4.0577, "lr": 0.00034869006238933363, "gnorm": 1.171, "tok_per_s": 83822.0, "load": 13.3291015625}
{"event": "step", "step": 179000, "loss": 3.8641, "lr": 0.00034810209699792926, "gnorm": 1.002, "tok_per_s": 83781.3, "load": 13.35888671875}
{"event": "step", "step": 179100, "loss": 3.8792, "lr": 0.00034751763884648286, "gnorm": 1.031, "tok_per_s": 83845.2, "load": 13.29736328125}
{"event": "step", "step": 179200, "loss": 3.8033, "lr": 0.0003469366895094921, "gnorm": 1.203, "tok_per_s": 83798.4, "load": 13.39892578125}
{"event": "step", "step": 179300, "loss": 3.9967, "lr": 0.0003463592505520016, "gnorm": 1.193, "tok_per_s": 83708.1, "load": 13.41748046875}
{"event": "step", "step": 179400, "loss": 4.1488, "lr": 0.0003457853235295998, "gnorm": 1.16, "tok_per_s": 83758.9, "load": 13.279296875}
{"event": "step", "step": 179500, "loss": 3.8081, "lr": 0.00034521490998841377, "gnorm": 1.026, "tok_per_s": 83717.6, "load": 13.15576171875}
{"event": "step", "step": 179600, "loss": 3.9793, "lr": 0.0003446480114651057, "gnorm": 1.006, "tok_per_s": 83765.5, "load": 13.13134765625}
{"event": "step", "step": 179700, "loss": 3.8812, "lr": 0.0003440846294868684, "gnorm": 0.982, "tok_per_s": 83725.7, "load": 13.11083984375}
{"event": "step", "step": 179800, "loss": 3.9159, "lr": 0.0003435247655714212, "gnorm": 1.058, "tok_per_s": 83785.5, "load": 13.09326171875}
{"event": "step", "step": 179900, "loss": 4.0759, "lr": 0.00034296842122700626, "gnorm": 1.001, "tok_per_s": 83754.5, "load": 13.078125}
{"event": "step", "step": 180000, "loss": 3.9144, "lr": 0.000342415597952384, "gnorm": 1.031, "tok_per_s": 83729.5, "load": 13.06591796875}
{"event": "eval_quick", "step": 180000, "bpb": 1.2856444685897657, "nats_per_token": 3.8763728755189573, "tokens": 16379, "bytes": 71247}
{"event": "step", "step": 180100, "loss": 3.9239, "lr": 0.00034186629723682947, "gnorm": 1.024, "tok_per_s": 65154.2, "load": 13.12939453125}
{"event": "step", "step": 180200, "loss": 3.9688, "lr": 0.00034132052056012776, "gnorm": 1.047, "tok_per_s": 83800.3, "load": 13.10888671875}
{"event": "step", "step": 180300, "loss": 3.8795, "lr": 0.00034077826939257094, "gnorm": 0.972, "tok_per_s": 83783.8, "load": 13.01806640625}
{"event": "step", "step": 180400, "loss": 4.0405, "lr": 0.00034023954519495276, "gnorm": 1.081, "tok_per_s": 83774.5, "load": 13.00927734375}
{"event": "step", "step": 180500, "loss": 3.8304, "lr": 0.00033970434941856664, "gnorm": 0.98, "tok_per_s": 83674.2, "load": 13.00146484375}
{"event": "step", "step": 180600, "loss": 4.0415, "lr": 0.0003391726835051993, "gnorm": 1.066, "tok_per_s": 83687.5, "load": 13.0810546875}
{"event": "step", "step": 180700, "loss": 3.8578, "lr": 0.00033864454888712936, "gnorm": 0.979, "tok_per_s": 83666.3, "load": 12.98779296875}
{"event": "step", "step": 180800, "loss": 4.061, "lr": 0.000338119946987122, "gnorm": 1.071, "tok_per_s": 83700.7, "load": 12.9833984375}
{"event": "step", "step": 180900, "loss": 3.884, "lr": 0.0003375988792184249, "gnorm": 1.543, "tok_per_s": 83689.2, "load": 13.06640625}
{"event": "step", "step": 181000, "loss": 3.9321, "lr": 0.00033708134698476566, "gnorm": 1.077, "tok_per_s": 83695.5, "load": 13.06298828125}
{"event": "step", "step": 181100, "loss": 3.8346, "lr": 0.000336567351680347, "gnorm": 0.975, "tok_per_s": 83718.4, "load": 13.046875}
{"event": "step", "step": 181200, "loss": 3.8837, "lr": 0.0003360568946898437, "gnorm": 1.159, "tok_per_s": 83697.0, "load": 13.35400390625}
{"event": "step", "step": 181300, "loss": 3.8371, "lr": 0.00033554997738839785, "gnorm": 1.113, "tok_per_s": 83713.2, "load": 13.37939453125}
{"event": "step", "step": 181400, "loss": 3.9201, "lr": 0.0003350466011416166, "gnorm": 0.944, "tok_per_s": 83506.7, "load": 13.24658203125}
{"event": "step", "step": 181500, "loss": 3.974, "lr": 0.00033454676730556714, "gnorm": 0.949, "tok_per_s": 83719.7, "load": 13.1279296875}
{"event": "step", "step": 181600, "loss": 4.0235, "lr": 0.00033405047722677385, "gnorm": 0.99, "tok_per_s": 83689.0, "load": 13.18212890625}
{"event": "step", "step": 181700, "loss": 3.9572, "lr": 0.00033355773224221435, "gnorm": 0.943, "tok_per_s": 83669.1, "load": 13.234375}
{"event": "step", "step": 181800, "loss": 3.872, "lr": 0.00033306853367931613, "gnorm": 1.043, "tok_per_s": 83675.4, "load": 13.27197265625}
{"event": "step", "step": 181900, "loss": 3.9804, "lr": 0.00033258288285595256, "gnorm": 0.976, "tok_per_s": 83668.9, "load": 13.31005859375}
{"event": "step", "step": 182000, "loss": 4.0526, "lr": 0.0003321007810804398, "gnorm": 1.287, "tok_per_s": 83682.2, "load": 13.3427734375}
{"event": "step", "step": 182100, "loss": 3.8979, "lr": 0.00033162222965153315, "gnorm": 1.061, "tok_per_s": 83615.8, "load": 13.3701171875}
{"event": "step", "step": 182200, "loss": 4.0454, "lr": 0.0003311472298584229, "gnorm": 1.05, "tok_per_s": 83639.7, "load": 13.38671875}
{"event": "step", "step": 182300, "loss": 3.8108, "lr": 0.00033067578298073233, "gnorm": 1.095, "tok_per_s": 83651.6, "load": 13.4873046875}
{"event": "step", "step": 182400, "loss": 3.9218, "lr": 0.0003302078902885124, "gnorm": 0.986, "tok_per_s": 83650.6, "load": 13.52880859375}
{"event": "step", "step": 182500, "loss": 3.881, "lr": 0.00032974355304224033, "gnorm": 1.296, "tok_per_s": 83604.4, "load": 13.447265625}
{"event": "step", "step": 182600, "loss": 3.8711, "lr": 0.00032928277249281426, "gnorm": 1.129, "tok_per_s": 83615.9, "load": 13.4521484375}
{"event": "step", "step": 182700, "loss": 3.8591, "lr": 0.00032882554988155125, "gnorm": 1.018, "tok_per_s": 83683.9, "load": 13.388671875}
{"event": "step", "step": 182800, "loss": 3.9509, "lr": 0.00032837188644018356, "gnorm": 1.205, "tok_per_s": 83662.5, "load": 13.40283203125}
{"event": "step", "step": 182900, "loss": 4.0618, "lr": 0.00032792178339085463, "gnorm": 0.964, "tok_per_s": 83670.6, "load": 13.568359375}
{"event": "step", "step": 183000, "loss": 3.8717, "lr": 0.00032747524194611747, "gnorm": 1.049, "tok_per_s": 83668.0, "load": 18.20166015625}
{"event": "step", "step": 183100, "loss": 3.9715, "lr": 0.00032703226330892896, "gnorm": 1.148, "tok_per_s": 83677.0, "load": 17.4013671875}
{"event": "step", "step": 183200, "loss": 3.9599, "lr": 0.0003265928486726494, "gnorm": 0.971, "tok_per_s": 83678.6, "load": 16.7177734375}
{"event": "step", "step": 183300, "loss": 4.1023, "lr": 0.0003261569992210367, "gnorm": 1.115, "tok_per_s": 83708.4, "load": 16.2197265625}
{"event": "step", "step": 183400, "loss": 3.903, "lr": 0.00032572471612824503, "gnorm": 1.111, "tok_per_s": 83681.6, "load": 15.80419921875}
{"event": "step", "step": 183500, "loss": 3.9366, "lr": 0.00032529600055882077, "gnorm": 0.96, "tok_per_s": 83697.2, "load": 15.21923828125}
{"event": "step", "step": 183600, "loss": 3.9211, "lr": 0.00032487085366769984, "gnorm": 1.079, "tok_per_s": 83651.6, "load": 14.87158203125}
{"event": "step", "step": 183700, "loss": 3.9677, "lr": 0.00032444927660020377, "gnorm": 1.087, "tok_per_s": 83641.3, "load": 14.89794921875}
{"event": "step", "step": 183800, "loss": 3.8745, "lr": 0.00032403127049203775, "gnorm": 1.088, "tok_per_s": 83669.6, "load": 14.53173828125}
{"event": "step", "step": 183900, "loss": 3.826, "lr": 0.0003236168364692867, "gnorm": 1.082, "tok_per_s": 83684.1, "load": 14.21533203125}
{"event": "step", "step": 184000, "loss": 3.886, "lr": 0.00032320597564841294, "gnorm": 1.196, "tok_per_s": 83707.6, "load": 14.1015625}
{"event": "step", "step": 184100, "loss": 3.7796, "lr": 0.00032279868913625214, "gnorm": 1.216, "tok_per_s": 83712.9, "load": 13.931640625}
{"event": "step", "step": 184200, "loss": 3.8609, "lr": 0.00032239497803001135, "gnorm": 1.287, "tok_per_s": 83664.3, "load": 13.7880859375}
{"event": "step", "step": 184300, "loss": 4.0202, "lr": 0.00032199484341726575, "gnorm": 1.216, "tok_per_s": 83667.4, "load": 13.7470703125}
{"event": "step", "step": 184400, "loss": 4.0855, "lr": 0.00032159828637595554, "gnorm": 1.041, "tok_per_s": 83726.1, "load": 13.55810546875}
{"event": "step", "step": 184500, "loss": 3.8486, "lr": 0.00032120530797438327, "gnorm": 0.988, "tok_per_s": 83703.0, "load": 13.3916015625}
{"event": "step", "step": 184600, "loss": 3.849, "lr": 0.0003208159092712106, "gnorm": 1.045, "tok_per_s": 83735.4, "load": 13.33056640625}
{"event": "step", "step": 184700, "loss": 3.9211, "lr": 0.0003204300913154557, "gnorm": 1.413, "tok_per_s": 83735.4, "load": 13.2861328125}
{"event": "step", "step": 184800, "loss": 4.0618, "lr": 0.00032004785514649074, "gnorm": 1.098, "tok_per_s": 83715.8, "load": 13.34375}
{"event": "step", "step": 184900, "loss": 3.9629, "lr": 0.0003196692017940384, "gnorm": 1.055, "tok_per_s": 83728.3, "load": 13.44482421875}
{"event": "step", "step": 185000, "loss": 4.1566, "lr": 0.0003192941322781696, "gnorm": 1.087, "tok_per_s": 83736.4, "load": 13.22265625}
{"event": "step", "step": 185100, "loss": 4.0013, "lr": 0.0003189226476093006, "gnorm": 1.016, "tok_per_s": 66036.8, "load": 13.408203125}
{"event": "step", "step": 185200, "loss": 3.8943, "lr": 0.0003185547487881903, "gnorm": 1.169, "tok_per_s": 83743.1, "load": 13.26513671875}
{"event": "step", "step": 185300, "loss": 3.8527, "lr": 0.00031819043680593744, "gnorm": 1.304, "tok_per_s": 83682.6, "load": 13.2978515625}
{"event": "step", "step": 185400, "loss": 4.1082, "lr": 0.00031782971264397795, "gnorm": 1.175, "tok_per_s": 83750.6, "load": 13.2587890625}
{"event": "step", "step": 185500, "loss": 3.9846, "lr": 0.0003174725772740828, "gnorm": 1.188, "tok_per_s": 83722.0, "load": 13.14501953125}
{"event": "step", "step": 185600, "loss": 3.8017, "lr": 0.0003171190316583544, "gnorm": 1.121, "tok_per_s": 83719.9, "load": 13.18994140625}
{"event": "step", "step": 185700, "loss": 3.8959, "lr": 0.00031676907674922503, "gnorm": 1.031, "tok_per_s": 83705.4, "load": 13.16015625}
{"event": "step", "step": 185800, "loss": 3.9578, "lr": 0.00031642271348945335, "gnorm": 1.247, "tok_per_s": 83699.0, "load": 13.0615234375}
{"event": "step", "step": 185900, "loss": 3.8252, "lr": 0.0003160799428121228, "gnorm": 1.257, "tok_per_s": 83608.5, "load": 12.97119140625}
{"event": "step", "step": 186000, "loss": 3.9357, "lr": 0.00031574076564063814, "gnorm": 1.224, "tok_per_s": 83667.1, "load": 13.0537109375}
{"event": "step", "step": 186100, "loss": 3.8613, "lr": 0.00031540518288872385, "gnorm": 1.273, "tok_per_s": 83640.9, "load": 13.044921875}
{"event": "step", "step": 186200, "loss": 3.7752, "lr": 0.0003150731954604208, "gnorm": 1.074, "tok_per_s": 83656.6, "load": 13.03173828125}
{"event": "step", "step": 186300, "loss": 3.7475, "lr": 0.0003147448042500849, "gnorm": 1.095, "tok_per_s": 83617.6, "load": 13.18701171875}
{"event": "step", "step": 186400, "loss": 3.9828, "lr": 0.00031442001014238323, "gnorm": 1.188, "tok_per_s": 83623.3, "load": 13.15771484375}
{"event": "step", "step": 186500, "loss": 3.9771, "lr": 0.00031409881401229324, "gnorm": 1.013, "tok_per_s": 83641.1, "load": 13.13330078125}
{"event": "step", "step": 186600, "loss": 4.1905, "lr": 0.0003137812167250991, "gnorm": 1.282, "tok_per_s": 83626.9, "load": 13.1865234375}
{"event": "step", "step": 186700, "loss": 3.8396, "lr": 0.00031346721913639024, "gnorm": 1.097, "tok_per_s": 83626.5, "load": 13.0771484375}
{"event": "step", "step": 186800, "loss": 4.0067, "lr": 0.00031315682209205847, "gnorm": 1.016, "tok_per_s": 83620.1, "load": 13.29345703125}
{"event": "step", "step": 186900, "loss": 3.9369, "lr": 0.0003128500264282959, "gnorm": 1.182, "tok_per_s": 83578.6, "load": 13.482421875}
{"event": "step", "step": 187000, "loss": 3.9019, "lr": 0.0003125468329715931, "gnorm": 1.066, "tok_per_s": 83574.9, "load": 13.40771484375}
{"event": "step", "step": 187100, "loss": 4.0804, "lr": 0.0003122472425387361, "gnorm": 1.215, "tok_per_s": 83539.0, "load": 13.49267578125}
{"event": "step", "step": 187200, "loss": 3.9875, "lr": 0.0003119512559368048, "gnorm": 1.475, "tok_per_s": 83544.4, "load": 13.41650390625}
{"event": "step", "step": 187300, "loss": 3.8277, "lr": 0.0003116588739631704, "gnorm": 1.028, "tok_per_s": 83610.5, "load": 13.35205078125}
{"event": "step", "step": 187400, "loss": 4.0475, "lr": 0.0003113700974054937, "gnorm": 1.242, "tok_per_s": 83589.4, "load": 13.4521484375}
{"event": "step", "step": 187500, "loss": 3.8963, "lr": 0.00031108492704172235, "gnorm": 0.997, "tok_per_s": 83611.6, "load": 13.54248046875}
{"event": "step", "step": 187600, "loss": 3.9117, "lr": 0.0003108033636400895, "gnorm": 1.261, "tok_per_s": 83588.6, "load": 13.458984375}
{"event": "step", "step": 187700, "loss": 3.8234, "lr": 0.00031052540795911096, "gnorm": 1.18, "tok_per_s": 83622.6, "load": 13.54248046875}
{"event": "step", "step": 187800, "loss": 4.073, "lr": 0.00031025106074758404, "gnorm": 1.197, "tok_per_s": 83619.7, "load": 15.16015625}
{"event": "step", "step": 187900, "loss": 3.8031, "lr": 0.0003099803227445846, "gnorm": 1.129, "tok_per_s": 83602.1, "load": 14.74755859375}
{"event": "step", "step": 188000, "loss": 3.8978, "lr": 0.00030971319467946567, "gnorm": 1.055, "tok_per_s": 83603.0, "load": 14.48486328125}
{"event": "step", "step": 188100, "loss": 3.9423, "lr": 0.00030944967727185524, "gnorm": 1.11, "tok_per_s": 83595.7, "load": 14.32373046875}
{"event": "step", "step": 188200, "loss": 3.9009, "lr": 0.0003091897712316543, "gnorm": 1.111, "tok_per_s": 83649.2, "load": 14.193359375}
{"event": "step", "step": 188300, "loss": 4.139, "lr": 0.00030893347725903536, "gnorm": 1.149, "tok_per_s": 83646.2, "load": 14.0029296875}
{"event": "step", "step": 188400, "loss": 3.8578, "lr": 0.00030868079604444003, "gnorm": 1.162, "tok_per_s": 83667.4, "load": 13.9287109375}
{"event": "step", "step": 188500, "loss": 3.8771, "lr": 0.00030843172826857713, "gnorm": 1.117, "tok_per_s": 83650.3, "load": 13.85400390625}
{"event": "step", "step": 188600, "loss": 3.9457, "lr": 0.00030818627460242154, "gnorm": 1.187, "tok_per_s": 83629.3, "load": 13.802734375}
{"event": "step", "step": 188700, "loss": 3.7641, "lr": 0.00030794443570721146, "gnorm": 0.949, "tok_per_s": 83714.0, "load": 13.60546875}
{"event": "step", "step": 188800, "loss": 3.8296, "lr": 0.00030770621223444756, "gnorm": 1.19, "tok_per_s": 83717.6, "load": 13.431640625}
{"event": "step", "step": 188900, "loss": 3.964, "lr": 0.0003074716048258901, "gnorm": 1.092, "tok_per_s": 83733.1, "load": 15.72265625}
{"event": "step", "step": 189000, "loss": 3.893, "lr": 0.0003072406141135587, "gnorm": 1.497, "tok_per_s": 83744.4, "load": 15.31005859375}
{"event": "step", "step": 189100, "loss": 3.9847, "lr": 0.0003070132407197291, "gnorm": 1.091, "tok_per_s": 83709.8, "load": 14.95458984375}
{"event": "step", "step": 189200, "loss": 4.0604, "lr": 0.00030678948525693264, "gnorm": 1.115, "tok_per_s": 83696.5, "load": 14.6474609375}
{"event": "step", "step": 189300, "loss": 3.8307, "lr": 0.00030656934832795407, "gnorm": 1.003, "tok_per_s": 83746.2, "load": 14.39990234375}
{"event": "step", "step": 189400, "loss": 3.848, "lr": 0.0003063528305258296, "gnorm": 1.015, "tok_per_s": 83750.4, "load": 14.1904296875}
{"event": "step", "step": 189500, "loss": 3.7706, "lr": 0.0003061399324338466, "gnorm": 1.098, "tok_per_s": 83739.3, "load": 13.9267578125}
{"event": "step", "step": 189600, "loss": 4.0645, "lr": 0.00030593065462553997, "gnorm": 1.077, "tok_per_s": 83674.5, "load": 13.85791015625}
{"event": "step", "step": 189700, "loss": 3.9238, "lr": 0.0003057249976646928, "gnorm": 1.074, "tok_per_s": 83713.9, "load": 13.7255859375}
{"event": "step", "step": 189800, "loss": 3.9807, "lr": 0.00030552296210533325, "gnorm": 1.191, "tok_per_s": 83720.2, "load": 13.61376953125}
{"event": "step", "step": 189900, "loss": 4.1265, "lr": 0.0003053245484917339, "gnorm": 1.383, "tok_per_s": 83710.5, "load": 13.51904296875}
{"event": "step", "step": 190000, "loss": 3.8939, "lr": 0.00030512975735840983, "gnorm": 1.019, "tok_per_s": 83676.7, "load": 13.51904296875}
{"event": "step", "step": 190100, "loss": 3.986, "lr": 0.00030493858923011743, "gnorm": 1.148, "tok_per_s": 65884.4, "load": 13.5126953125}
{"event": "step", "step": 190200, "loss": 4.0749, "lr": 0.0003047510446218529, "gnorm": 1.335, "tok_per_s": 83746.2, "load": 13.50732421875}
{"event": "step", "step": 190300, "loss": 3.8939, "lr": 0.0003045671240388509, "gnorm": 1.199, "tok_per_s": 83763.4, "load": 13.35498046875}
{"event": "step", "step": 190400, "loss": 3.8213, "lr": 0.00030438682797658315, "gnorm": 1.276, "tok_per_s": 83773.7, "load": 13.2197265625}
{"event": "step", "step": 190500, "loss": 3.9725, "lr": 0.00030421015692075733, "gnorm": 1.092, "tok_per_s": 83731.4, "load": 13.25927734375}
{"event": "step", "step": 190600, "loss": 3.9815, "lr": 0.00030403711134731505, "gnorm": 1.179, "tok_per_s": 83722.2, "load": 13.22607421875}
{"event": "step", "step": 190700, "loss": 3.9991, "lr": 0.00030386769172243165, "gnorm": 1.215, "tok_per_s": 83651.5, "load": 13.1171875}
{"event": "step", "step": 190800, "loss": 3.9769, "lr": 0.00030370189850251395, "gnorm": 1.233, "tok_per_s": 83677.6, "load": 15.44970703125}
{"event": "step", "step": 190900, "loss": 3.9378, "lr": 0.00030353973213419975, "gnorm": 1.101, "tok_per_s": 83676.7, "load": 15.2265625}
{"event": "step", "step": 191000, "loss": 3.8254, "lr": 0.0003033811930543559, "gnorm": 1.063, "tok_per_s": 83698.6, "load": 14.89013671875}
{"event": "step", "step": 191100, "loss": 4.0843, "lr": 0.00030322628169007803, "gnorm": 1.313, "tok_per_s": 83713.8, "load": 14.51904296875}
{"event": "step", "step": 191200, "loss": 4.1291, "lr": 0.00030307499845868836, "gnorm": 1.281, "tok_per_s": 83656.1, "load": 14.50634765625}
{"event": "step", "step": 191300, "loss": 3.9323, "lr": 0.0003029273437677358, "gnorm": 1.138, "tok_per_s": 83704.6, "load": 15.017578125}
{"event": "step", "step": 191400, "loss": 3.9688, "lr": 0.0003027833180149936, "gnorm": 1.091, "tok_per_s": 83692.1, "load": 14.70703125}
{"event": "step", "step": 191500, "loss": 3.9148, "lr": 0.00030264292158845913, "gnorm": 0.991, "tok_per_s": 83657.1, "load": 14.51806640625}
{"event": "step", "step": 191600, "loss": 4.1807, "lr": 0.00030250615486635256, "gnorm": 1.227, "tok_per_s": 83661.7, "load": 14.2841796875}
{"event": "step", "step": 191700, "loss": 4.0381, "lr": 0.0003023730182171156, "gnorm": 1.072, "tok_per_s": 83624.5, "load": 14.0126953125}
{"event": "step", "step": 191800, "loss": 4.0869, "lr": 0.00030224351199941097, "gnorm": 1.14, "tok_per_s": 83642.8, "load": 14.01025390625}
{"event": "step", "step": 191900, "loss": 3.8843, "lr": 0.0003021176365621213, "gnorm": 1.225, "tok_per_s": 83644.8, "load": 14.01513671875}
{"event": "step", "step": 192000, "loss": 4.1347, "lr": 0.00030199539224434784, "gnorm": 1.071, "tok_per_s": 83651.2, "load": 13.86572265625}
{"event": "step", "step": 192100, "loss": 4.2091, "lr": 0.0003018767793754098, "gnorm": 1.403, "tok_per_s": 83657.3, "load": 13.806640625}
{"event": "step", "step": 192200, "loss": 3.7639, "lr": 0.0003017617982748439, "gnorm": 1.085, "tok_per_s": 83677.1, "load": 14.0625}
{"event": "step", "step": 192300, "loss": 3.9803, "lr": 0.00030165044925240246, "gnorm": 1.034, "tok_per_s": 83702.7, "load": 13.97216796875}
{"event": "step", "step": 192400, "loss": 3.7884, "lr": 0.0003015427326080538, "gnorm": 1.093, "tok_per_s": 83669.4, "load": 13.7421875}
{"event": "step", "step": 192500, "loss": 3.8481, "lr": 0.0003014386486319804, "gnorm": 1.147, "tok_per_s": 83698.2, "load": 13.70849609375}
{"event": "step", "step": 192600, "loss": 3.9882, "lr": 0.0003013381976045785, "gnorm": 1.11, "tok_per_s": 83697.9, "load": 13.59912109375}
{"event": "step", "step": 192700, "loss": 4.1506, "lr": 0.00030124137979645774, "gnorm": 1.343, "tok_per_s": 83677.7, "load": 13.6611328125}
{"event": "step", "step": 192800, "loss": 4.0561, "lr": 0.00030114819546843993, "gnorm": 1.104, "tok_per_s": 83699.0, "load": 13.55322265625}
{"event": "step", "step": 192900, "loss": 4.0147, "lr": 0.0003010586448715582, "gnorm": 1.753, "tok_per_s": 83709.4, "load": 13.5419921875}
{"event": "step", "step": 193000, "loss": 4.0384, "lr": 0.0003009727282470569, "gnorm": 1.326, "tok_per_s": 83699.5, "load": 13.61328125}
{"event": "step", "step": 193100, "loss": 3.9493, "lr": 0.0003008904458263906, "gnorm": 1.289, "tok_per_s": 83730.1, "load": 13.59912109375}
{"event": "step", "step": 193200, "loss": 3.9298, "lr": 0.0003008117978312236, "gnorm": 1.357, "tok_per_s": 83727.7, "load": 13.6611328125}
{"event": "step", "step": 193300, "loss": 4.1023, "lr": 0.00030073678447342916, "gnorm": 1.213, "tok_per_s": 83723.4, "load": 13.23876953125}
{"event": "step", "step": 193400, "loss": 4.113, "lr": 0.0003006654059550891, "gnorm": 1.151, "tok_per_s": 83669.9, "load": 12.1923828125}
{"event": "step", "step": 193500, "loss": 3.8833, "lr": 0.0003005976624684931, "gnorm": 1.203, "tok_per_s": 83597.3, "load": 12.646484375}
{"event": "step", "step": 193600, "loss": 4.0397, "lr": 0.0003005335541961382, "gnorm": 1.068, "tok_per_s": 83643.5, "load": 13.09130859375}
{"event": "step", "step": 193700, "loss": 3.8677, "lr": 0.00030047308131072865, "gnorm": 1.195, "tok_per_s": 83555.0, "load": 14.27587890625}
{"event": "step", "step": 193800, "loss": 4.1665, "lr": 0.0003004162439751751, "gnorm": 1.276, "tok_per_s": 83576.4, "load": 14.51220703125}
{"event": "step", "step": 193900, "loss": 4.0852, "lr": 0.0003003630423425939, "gnorm": 1.117, "tok_per_s": 83615.6, "load": 13.60986328125}
{"event": "step", "step": 194000, "loss": 4.0387, "lr": 0.0003003134765563074, "gnorm": 1.139, "tok_per_s": 83697.6, "load": 14.7080078125}
{"event": "step", "step": 194100, "loss": 3.9273, "lr": 0.00030026754674984305, "gnorm": 1.33, "tok_per_s": 83611.9, "load": 13.5830078125}
{"event": "step", "step": 194200, "loss": 3.8826, "lr": 0.0003002252530469331, "gnorm": 1.104, "tok_per_s": 83676.7, "load": 14.09912109375}
{"event": "step", "step": 194300, "loss": 3.8448, "lr": 0.0003001865955615144, "gnorm": 1.204, "tok_per_s": 83700.4, "load": 13.37548828125}
{"event": "step", "step": 194400, "loss": 4.0169, "lr": 0.00030015157439772824, "gnorm": 1.06, "tok_per_s": 83725.4, "load": 13.794921875}
{"event": "step", "step": 194500, "loss": 3.9728, "lr": 0.00030012018964991954, "gnorm": 1.249, "tok_per_s": 83713.2, "load": 15.95703125}
{"event": "step", "step": 194600, "loss": 4.091, "lr": 0.00030009244140263695, "gnorm": 1.29, "tok_per_s": 83725.8, "load": 15.15966796875}
{"event": "step", "step": 194700, "loss": 4.1053, "lr": 0.00030006832973063284, "gnorm": 1.189, "tok_per_s": 83704.2, "load": 16.576171875}
{"event": "step", "step": 194800, "loss": 3.9538, "lr": 0.0003000478546988627, "gnorm": 1.315, "tok_per_s": 83716.6, "load": 14.86962890625}
{"event": "step", "step": 194900, "loss": 3.9641, "lr": 0.0003000310163624851, "gnorm": 1.169, "tok_per_s": 83700.4, "load": 13.50537109375}
{"event": "step", "step": 195000, "loss": 4.0007, "lr": 0.0003000178147668615, "gnorm": 1.142, "tok_per_s": 83724.5, "load": 12.27734375}
{"event": "step", "step": 195100, "loss": 4.1628, "lr": 0.0003000082499475563, "gnorm": 1.269, "tok_per_s": 65244.7, "load": 10.732421875}
{"event": "step", "step": 195200, "loss": 4.137, "lr": 0.0003000023219303366, "gnorm": 1.462, "tok_per_s": 83771.1, "load": 9.77685546875}
{"event": "step", "step": 195300, "loss": 4.1816, "lr": 0.0003000000307311722, "gnorm": 1.54, "tok_per_s": 83704.5, "load": 9.0419921875}
{"event": "step", "step": 195312, "loss": 3.8548, "lr": 0.00030000000018184133, "gnorm": 1.021, "tok_per_s": 702411.5, "load": 9.0419921875}
{"event": "final", "val_test": {"bpb": 1.1651660227474838, "nats_per_token": 3.9147811168302904, "tokens": 995323, "bytes": 4824566}}
