bash: warning: setlocale: LC_ALL: cannot change locale (en_AU.UTF-8)
{"event": "sdmonly", "arm": "qwen", "d_a": 256, "n_sub": 256, "heads": 1, "readout_f": 0, "share_store": false, "dense_f": null, "sched": "cosine", "wsd_decay": 0.2, "untie": false, "hop_mlp": 0, "ng_rows": 0, "ng_orders": [2, 3], "conj": 0, "rt_write": 0, "rt_buckets": 4096, "rt_shuffle": false, "graded": false, "mix_layers": 0, "mix_heads": 4, "mix_n_sub": 64, "mix_d_a": 64, "mix_k": 32, "mix_decays": [1.0, 0.999, 0.99, 0.9], "mix_f": 0, "mix_chunk": 256, "store_opt": "dense", "body_opt": "muon", "muon_lr": 0.02, "muon_wd": 0.0}
/root/settle/code_w7/track4_sdmllm_train_one_arm.py:229: UserWarning: Converting a tensor with requires_grad=True to a scalar may lead to unexpected behavior.
Consider using tensor.detach() first. (Triggered internally at /pytorch/torch/csrc/autograd/generated/python_variable_methods.cpp:835.)
  rec = {"event": "step", "step": step, "loss": round(float(loss), 4), "lr": lr, "gnorm": round(float(gn), 3),
{"run": "w11_mq_d384_1600M", "arm": "qwen", "seed": 0, "cfg": {"d": 384, "T": 256, "seed": 0, "M": 65536, "k": 32, "hops": 4, "softness": 0.25, "n_layer": 4, "M_big": 0, "value_init": "zero", "qgrad": 0.0, "ngram_orders": [1], "f": 1024, "train_name": "train_big", "n_back": 8, "decays": [0.5, 0.8, 0.9, 0.97, 0.99], "d_a": 256, "n_sub": 256, "heads": 1, "readout_f": 0, "share_store": false, "dense_f": null, "sched": "cosine", "wsd_decay": 0.2, "untie": false, "hop_mlp": 0, "ng_rows": 0, "ng_orders": [2, 3], "conj": 0, "rt_write": 0, "rt_buckets": 4096, "rt_shuffle": false, "graded": false, "mix_layers": 0, "mix_heads": 4, "mix_n_sub": 64, "mix_d_a": 64, "mix_k": 32, "mix_decays": [1.0, 0.999, 0.99, 0.9], "mix_f": 0, "mix_chunk": 256}, "B": 32, "T": 256, "tokens_target": 1600000000, "steps": 195312, "lr": 0.003, "loss_path": "chunked", "store_lr_mult": 3.0, "store_wd": 0.0, "params": {"embedding": 49643520, "non_embedding_trainable": 6492288, "frozen_store_values": 0, "total_trainable": 56135808}, "flops_per_token_fwd": {"head": 99287040, "body": 13762560.0, "total": 113049600.0}, "device": "cuda", "stamp_start": {"utc": "2026-10-03T16:40:51Z", "load": [61.48, 27.31, 13.18], "ncpu": 128, "powermode": "unknown", "torch": "2.8.0+cu128", "host": "3a353df1e9de", "cuda": "12.8", "gpu": "NVIDIA GeForce RTX 5090", "driver": "580.95.05\n580.95.05", "mem_available_gb": 427.9}, "resumed_from_step": 0, "init": null, "train_name": "train_big"}
{"event": "step", "step": 100, "loss": 10.2188, "lr": 7.680491551459293e-05, "gnorm": 3.551, "tok_per_s": 46483.9, "load": 62.259765625}
{"event": "step", "step": 200, "loss": 7.5474, "lr": 0.00015360983102918587, "gnorm": 0.946, "tok_per_s": 193799.6, "load": 62.6396484375}
{"event": "step", "step": 300, "loss": 6.8074, "lr": 0.0002304147465437788, "gnorm": 1.395, "tok_per_s": 193984.2, "load": 58.02392578125}
{"event": "step", "step": 400, "loss": 6.4743, "lr": 0.00030721966205837174, "gnorm": 1.489, "tok_per_s": 194102.4, "load": 53.69775390625}
{"event": "step", "step": 500, "loss": 6.3152, "lr": 0.00038402457757296467, "gnorm": 1.466, "tok_per_s": 194034.1, "load": 49.7978515625}
{"event": "step", "step": 600, "loss": 6.0134, "lr": 0.0004608294930875576, "gnorm": 1.27, "tok_per_s": 194050.1, "load": 49.7978515625}
{"event": "step", "step": 700, "loss": 5.9613, "lr": 0.0005376344086021505, "gnorm": 1.276, "tok_per_s": 193890.6, "load": 46.13037109375}
{"event": "step", "step": 800, "loss": 5.9096, "lr": 0.0006144393241167435, "gnorm": 1.156, "tok_per_s": 193854.0, "load": 42.75634765625}
{"event": "step", "step": 900, "loss": 5.6853, "lr": 0.0006912442396313364, "gnorm": 1.135, "tok_per_s": 193785.9, "load": 39.65234375}
{"event": "step", "step": 1000, "loss": 5.8869, "lr": 0.0007680491551459293, "gnorm": 1.095, "tok_per_s": 193773.6, "load": 36.79736328125}
{"event": "step", "step": 1100, "loss": 5.3584, "lr": 0.0008448540706605224, "gnorm": 1.042, "tok_per_s": 193695.0, "load": 34.1708984375}
{"event": "step", "step": 1200, "loss": 5.6003, "lr": 0.0009216589861751152, "gnorm": 1.049, "tok_per_s": 193682.4, "load": 34.1708984375}
{"event": "step", "step": 1300, "loss": 5.5602, "lr": 0.0009984639016897081, "gnorm": 0.955, "tok_per_s": 193719.8, "load": 31.67431640625}
{"event": "step", "step": 1400, "loss": 5.3856, "lr": 0.001075268817204301, "gnorm": 1.121, "tok_per_s": 193742.4, "load": 34.26318359375}
{"event": "step", "step": 1500, "loss": 5.4596, "lr": 0.001152073732718894, "gnorm": 1.161, "tok_per_s": 193727.0, "load": 31.75927734375}
{"event": "step", "step": 1600, "loss": 5.3431, "lr": 0.001228878648233487, "gnorm": 1.367, "tok_per_s": 193722.6, "load": 29.4560546875}
{"event": "step", "step": 1700, "loss": 5.1865, "lr": 0.00130568356374808, "gnorm": 1.377, "tok_per_s": 193731.2, "load": 32.3828125}
{"event": "step", "step": 1800, "loss": 5.2324, "lr": 0.0013824884792626728, "gnorm": 1.725, "tok_per_s": 193718.1, "load": 30.02978515625}
{"event": "step", "step": 1900, "loss": 5.3568, "lr": 0.0014592933947772657, "gnorm": 1.835, "tok_per_s": 193714.7, "load": 30.02978515625}
{"event": "step", "step": 2000, "loss": 5.439, "lr": 0.0015360983102918587, "gnorm": 1.922, "tok_per_s": 193723.4, "load": 27.865234375}
{"event": "step", "step": 2100, "loss": 5.419, "lr": 0.0016129032258064516, "gnorm": 1.778, "tok_per_s": 193698.9, "load": 30.91943359375}
{"event": "step", "step": 2200, "loss": 5.2887, "lr": 0.0016897081413210448, "gnorm": 2.338, "tok_per_s": 193666.3, "load": 28.763671875}
{"event": "step", "step": 2300, "loss": 5.1096, "lr": 0.0017665130568356375, "gnorm": 2.079, "tok_per_s": 193523.5, "load": 26.6201171875}
{"event": "step", "step": 2400, "loss": 5.1697, "lr": 0.0018433179723502304, "gnorm": 1.744, "tok_per_s": 193778.3, "load": 24.728515625}
{"event": "step", "step": 2500, "loss": 5.2563, "lr": 0.0019201228878648233, "gnorm": 2.192, "tok_per_s": 193794.4, "load": 24.728515625}
{"event": "step", "step": 2600, "loss": 5.0127, "lr": 0.0019969278033794163, "gnorm": 2.077, "tok_per_s": 193514.0, "load": 22.98828125}
{"event": "step", "step": 2700, "loss": 5.272, "lr": 0.002073732718894009, "gnorm": 2.66, "tok_per_s": 193800.4, "load": 21.38720703125}
{"event": "step", "step": 2800, "loss": 5.1041, "lr": 0.002150537634408602, "gnorm": 1.924, "tok_per_s": 193809.9, "load": 19.91455078125}
{"event": "step", "step": 2900, "loss": 5.1702, "lr": 0.0022273425499231953, "gnorm": 2.344, "tok_per_s": 193789.8, "load": 18.64013671875}
{"event": "step", "step": 3000, "loss": 5.3368, "lr": 0.002304147465437788, "gnorm": 3.354, "tok_per_s": 193788.1, "load": 17.3876953125}
{"event": "step", "step": 3100, "loss": 4.9433, "lr": 0.002380952380952381, "gnorm": 2.441, "tok_per_s": 193803.1, "load": 16.2353515625}
{"event": "step", "step": 3200, "loss": 5.1193, "lr": 0.002457757296466974, "gnorm": 2.86, "tok_per_s": 193740.1, "load": 16.2353515625}
{"event": "step", "step": 3300, "loss": 5.2226, "lr": 0.002534562211981567, "gnorm": 2.499, "tok_per_s": 193764.8, "load": 15.09521484375}
{"event": "step", "step": 3400, "loss": 5.1833, "lr": 0.00261136712749616, "gnorm": 2.493, "tok_per_s": 193583.0, "load": 14.60693359375}
{"event": "step", "step": 3500, "loss": 5.1548, "lr": 0.002688172043010753, "gnorm": 2.324, "tok_per_s": 193625.5, "load": 13.67724609375}
{"event": "step", "step": 3600, "loss": 5.2999, "lr": 0.0027649769585253456, "gnorm": 2.042, "tok_per_s": 193746.4, "load": 12.82177734375}
{"event": "step", "step": 3700, "loss": 5.0038, "lr": 0.0028417818740399383, "gnorm": 1.844, "tok_per_s": 193763.0, "load": 12.03515625}
{"event": "step", "step": 3800, "loss": 5.1507, "lr": 0.0029185867895545315, "gnorm": 2.425, "tok_per_s": 193770.6, "load": 12.03515625}
{"event": "step", "step": 3900, "loss": 4.9997, "lr": 0.0029953917050691246, "gnorm": 2.187, "tok_per_s": 193796.7, "load": 11.3115234375}
{"event": "step", "step": 4000, "loss": 5.272, "lr": 0.002999998427255279, "gnorm": 1.845, "tok_per_s": 193771.3, "load": 10.6455078125}
{"event": "step", "step": 4100, "loss": 5.1587, "lr": 0.002999993226600707, "gnorm": 1.546, "tok_per_s": 193801.3, "load": 10.033203125}
{"event": "step", "step": 4200, "loss": 5.0612, "lr": 0.0029999843891400707, "gnorm": 2.021, "tok_per_s": 193842.9, "load": 9.4697265625}
{"event": "step", "step": 4300, "loss": 5.0071, "lr": 0.0029999719148971794, "gnorm": 1.912, "tok_per_s": 193802.8, "load": 8.951171875}
{"event": "step", "step": 4400, "loss": 5.0166, "lr": 0.0029999558039056373, "gnorm": 1.405, "tok_per_s": 193820.9, "load": 8.474609375}
{"event": "step", "step": 4500, "loss": 5.1228, "lr": 0.002999936056208846, "gnorm": 1.414, "tok_per_s": 193811.5, "load": 8.474609375}
{"event": "step", "step": 4600, "loss": 5.079, "lr": 0.002999912671860006, "gnorm": 1.292, "tok_per_s": 193786.1, "load": 8.0361328125}
{"event": "step", "step": 4700, "loss": 5.1525, "lr": 0.0029998856509221125, "gnorm": 1.081, "tok_per_s": 193803.1, "load": 7.6328125}
{"event": "step", "step": 4800, "loss": 5.1369, "lr": 0.0029998549934679587, "gnorm": 1.005, "tok_per_s": 193778.5, "load": 7.26171875}
{"event": "step", "step": 4900, "loss": 5.0598, "lr": 0.0029998206995801332, "gnorm": 0.979, "tok_per_s": 193850.4, "load": 6.92041015625}
{"event": "step", "step": 5000, "loss": 5.0687, "lr": 0.0029997827693510233, "gnorm": 1.21, "tok_per_s": 193837.0, "load": 6.6064453125}
{"event": "step", "step": 5100, "loss": 4.9865, "lr": 0.0029997412028828106, "gnorm": 1.147, "tok_per_s": 170847.0, "load": 6.3173828125}
{"event": "step", "step": 5200, "loss": 4.9567, "lr": 0.0029996960002874715, "gnorm": 1.124, "tok_per_s": 193713.2, "load": 6.3173828125}
{"event": "step", "step": 5300, "loss": 4.7742, "lr": 0.002999647161686781, "gnorm": 0.802, "tok_per_s": 193733.9, "load": 6.05126953125}
{"event": "step", "step": 5400, "loss": 4.8945, "lr": 0.002999594687212306, "gnorm": 0.925, "tok_per_s": 193792.7, "load": 5.88671875}
{"event": "step", "step": 5500, "loss": 4.7149, "lr": 0.0029995385770054113, "gnorm": 0.52, "tok_per_s": 193813.4, "load": 5.6552734375}
{"event": "step", "step": 5600, "loss": 4.9004, "lr": 0.0029994788312172537, "gnorm": 0.531, "tok_per_s": 193843.8, "load": 5.4423828125}
{"event": "step", "step": 5700, "loss": 4.8569, "lr": 0.0029994154500087846, "gnorm": 0.433, "tok_per_s": 193802.2, "load": 5.24658203125}
{"event": "step", "step": 5800, "loss": 4.9541, "lr": 0.0029993484335507506, "gnorm": 0.417, "tok_per_s": 193824.1, "load": 5.24658203125}
{"event": "step", "step": 5900, "loss": 5.1747, "lr": 0.0029992777820236896, "gnorm": 1.002, "tok_per_s": 193821.5, "load": 5.06640625}
{"event": "step", "step": 6000, "loss": 4.8891, "lr": 0.0029992034956179327, "gnorm": 0.364, "tok_per_s": 193828.4, "load": 4.90087890625}
{"event": "step", "step": 6100, "loss": 4.8553, "lr": 0.0029991255745336035, "gnorm": 0.416, "tok_per_s": 193825.5, "load": 4.74853515625}
{"event": "step", "step": 6200, "loss": 5.033, "lr": 0.0029990440189806176, "gnorm": 0.398, "tok_per_s": 193824.6, "load": 4.6884765625}
{"event": "step", "step": 6300, "loss": 5.0187, "lr": 0.00299895882917868, "gnorm": 0.384, "tok_per_s": 193802.0, "load": 4.63330078125}
{"event": "step", "step": 6400, "loss": 4.7599, "lr": 0.002998870005357288, "gnorm": 0.335, "tok_per_s": 193802.5, "load": 4.50244140625}
{"event": "step", "step": 6500, "loss": 4.6284, "lr": 0.002998777547755728, "gnorm": 0.365, "tok_per_s": 193783.9, "load": 4.50244140625}
{"event": "step", "step": 6600, "loss": 4.7309, "lr": 0.0029986814566230753, "gnorm": 0.351, "tok_per_s": 193813.8, "load": 4.3818359375}
{"event": "step", "step": 6700, "loss": 4.8471, "lr": 0.0029985817322181942, "gnorm": 0.359, "tok_per_s": 193815.6, "load": 4.27099609375}
{"event": "step", "step": 6800, "loss": 4.8662, "lr": 0.002998478374809737, "gnorm": 0.354, "tok_per_s": 193806.7, "load": 4.2490234375}
{"event": "step", "step": 6900, "loss": 4.8172, "lr": 0.0029983713846761413, "gnorm": 0.382, "tok_per_s": 193754.6, "load": 4.14892578125}
{"event": "step", "step": 7000, "loss": 4.7718, "lr": 0.0029982607621056347, "gnorm": 0.372, "tok_per_s": 193557.4, "load": 4.056640625}
{"event": "step", "step": 7100, "loss": 4.6857, "lr": 0.002998146507396226, "gnorm": 0.359, "tok_per_s": 193759.9, "load": 4.056640625}
{"event": "step", "step": 7200, "loss": 4.6845, "lr": 0.002998028620855713, "gnorm": 0.333, "tok_per_s": 193811.2, "load": 4.0517578125}
{"event": "step", "step": 7300, "loss": 4.8802, "lr": 0.002997907102801674, "gnorm": 0.351, "tok_per_s": 193800.1, "load": 4.04736328125}
{"event": "step", "step": 7400, "loss": 4.7111, "lr": 0.002997781953561472, "gnorm": 0.329, "tok_per_s": 193790.2, "load": 4.04345703125}
{"event": "step", "step": 7500, "loss": 4.8714, "lr": 0.0029976531734722534, "gnorm": 0.408, "tok_per_s": 193804.4, "load": 4.03955078125}
{"event": "step", "step": 7600, "loss": 4.7173, "lr": 0.0029975207628809425, "gnorm": 0.342, "tok_per_s": 193795.4, "load": 4.0361328125}
{"event": "step", "step": 7700, "loss": 4.7635, "lr": 0.0029973847221442477, "gnorm": 0.366, "tok_per_s": 193798.4, "load": 4.033203125}
{"event": "step", "step": 7800, "loss": 4.6854, "lr": 0.0029972450516286536, "gnorm": 0.336, "tok_per_s": 193782.3, "load": 4.033203125}
{"event": "step", "step": 7900, "loss": 4.8187, "lr": 0.0029971017517104264, "gnorm": 0.336, "tok_per_s": 193780.3, "load": 4.11083984375}
{"event": "step", "step": 8000, "loss": 4.7834, "lr": 0.002996954822775607, "gnorm": 0.322, "tok_per_s": 193796.8, "load": 4.1015625}
{"event": "step", "step": 8100, "loss": 4.6673, "lr": 0.0029968042652200135, "gnorm": 0.323, "tok_per_s": 193817.9, "load": 4.01318359375}
{"event": "step", "step": 8200, "loss": 4.5951, "lr": 0.00299665007944924, "gnorm": 0.326, "tok_per_s": 193798.6, "load": 3.931640625}
{"event": "step", "step": 8300, "loss": 4.6736, "lr": 0.0029964922658786545, "gnorm": 0.327, "tok_per_s": 193781.2, "load": 3.85693359375}
{"event": "step", "step": 8400, "loss": 4.6884, "lr": 0.002996330824933398, "gnorm": 0.36, "tok_per_s": 193797.5, "load": 3.85693359375}
{"event": "step", "step": 8500, "loss": 4.6941, "lr": 0.002996165757048382, "gnorm": 0.327, "tok_per_s": 193808.2, "load": 3.7880859375}
{"event": "step", "step": 8600, "loss": 4.7823, "lr": 0.002995997062668292, "gnorm": 0.355, "tok_per_s": 193803.4, "load": 3.80517578125}
{"event": "step", "step": 8700, "loss": 4.661, "lr": 0.0029958247422475805, "gnorm": 0.361, "tok_per_s": 193630.3, "load": 3.82080078125}
{"event": "step", "step": 8800, "loss": 4.7764, "lr": 0.002995648796250468, "gnorm": 0.336, "tok_per_s": 193704.3, "load": 3.83544921875}
{"event": "step", "step": 8900, "loss": 4.8092, "lr": 0.002995469225150945, "gnorm": 0.344, "tok_per_s": 193788.2, "load": 3.76806640625}
{"event": "step", "step": 9000, "loss": 4.6868, "lr": 0.002995286029432764, "gnorm": 0.37, "tok_per_s": 193792.0, "load": 3.70654296875}
{"event": "step", "step": 9100, "loss": 4.8381, "lr": 0.0029950992095894454, "gnorm": 0.331, "tok_per_s": 193796.7, "load": 3.70654296875}
{"event": "step", "step": 9200, "loss": 4.7538, "lr": 0.0029949087661242718, "gnorm": 0.435, "tok_per_s": 193795.0, "load": 3.64990234375}
{"event": "step", "step": 9300, "loss": 4.6096, "lr": 0.002994714699550286, "gnorm": 0.358, "tok_per_s": 193806.5, "load": 3.59765625}
{"event": "step", "step": 9400, "loss": 4.8141, "lr": 0.0029945170103902923, "gnorm": 0.339, "tok_per_s": 193772.8, "load": 3.54931640625}
{"event": "step", "step": 9500, "loss": 4.9387, "lr": 0.0029943156991768553, "gnorm": 0.48, "tok_per_s": 193775.6, "load": 3.58544921875}
{"event": "step", "step": 9600, "loss": 4.7732, "lr": 0.0029941107664522956, "gnorm": 0.321, "tok_per_s": 193802.6, "load": 3.5380859375}
{"event": "step", "step": 9700, "loss": 4.7653, "lr": 0.002993902212768691, "gnorm": 0.443, "tok_per_s": 193782.1, "load": 3.5380859375}
{"event": "step", "step": 9800, "loss": 4.67, "lr": 0.0029936900386878717, "gnorm": 0.355, "tok_per_s": 193773.1, "load": 3.49462890625}
{"event": "step", "step": 9900, "loss": 4.611, "lr": 0.002993474244781425, "gnorm": 0.327, "tok_per_s": 193827.5, "load": 3.45458984375}
{"event": "step", "step": 10000, "loss": 4.6216, "lr": 0.002993254831630686, "gnorm": 0.366, "tok_per_s": 193792.3, "load": 3.41796875}
{"event": "step", "step": 10100, "loss": 4.667, "lr": 0.0029930317998267423, "gnorm": 0.362, "tok_per_s": 170250.2, "load": 3.625}
{"event": "step", "step": 10200, "loss": 4.8318, "lr": 0.0029928051499704287, "gnorm": 0.352, "tok_per_s": 193800.7, "load": 3.57470703125}
{"event": "step", "step": 10300, "loss": 4.5991, "lr": 0.0029925748826723276, "gnorm": 0.396, "tok_per_s": 193825.6, "load": 3.5283203125}
{"event": "step", "step": 10400, "loss": 4.6235, "lr": 0.0029923409985527657, "gnorm": 0.398, "tok_per_s": 193621.6, "load": 3.5283203125}
{"event": "step", "step": 10500, "loss": 4.8924, "lr": 0.002992103498241814, "gnorm": 0.398, "tok_per_s": 193785.7, "load": 3.48583984375}
{"event": "step", "step": 10600, "loss": 4.6295, "lr": 0.0029918623823792846, "gnorm": 0.336, "tok_per_s": 193811.6, "load": 3.6875}
{"event": "step", "step": 10700, "loss": 4.761, "lr": 0.0029916176516147307, "gnorm": 0.347, "tok_per_s": 193823.9, "load": 3.63232421875}
{"event": "step", "step": 10800, "loss": 4.8914, "lr": 0.0029913693066074424, "gnorm": 0.365, "tok_per_s": 193816.2, "load": 3.50146484375}
{"event": "step", "step": 10900, "loss": 4.6498, "lr": 0.0029911173480264485, "gnorm": 0.35, "tok_per_s": 193819.0, "load": 3.380859375}
{"event": "step", "step": 11000, "loss": 4.7622, "lr": 0.0029908617765505106, "gnorm": 0.355, "tok_per_s": 193820.6, "load": 3.4306640625}
{"event": "step", "step": 11100, "loss": 4.7864, "lr": 0.0029906025928681237, "gnorm": 0.35, "tok_per_s": 193696.5, "load": 3.4306640625}
{"event": "step", "step": 11200, "loss": 4.662, "lr": 0.002990339797677514, "gnorm": 0.354, "tok_per_s": 192808.7, "load": 3.4765625}
{"event": "step", "step": 11300, "loss": 4.6991, "lr": 0.0029900733916866378, "gnorm": 0.351, "tok_per_s": 193754.3, "load": 3.5185546875}
{"event": "step", "step": 11400, "loss": 4.5847, "lr": 0.0029898033756131774, "gnorm": 0.379, "tok_per_s": 193855.9, "load": 3.63720703125}
{"event": "step", "step": 11500, "loss": 4.4733, "lr": 0.0029895297501845407, "gnorm": 0.344, "tok_per_s": 193842.4, "load": 3.5859375}
{"event": "step", "step": 11600, "loss": 4.6209, "lr": 0.0029892525161378603, "gnorm": 0.32, "tok_per_s": 193867.9, "load": 3.53857421875}
{"event": "step", "step": 11700, "loss": 4.8934, "lr": 0.0029889716742199876, "gnorm": 0.353, "tok_per_s": 193849.3, "load": 3.53857421875}
{"event": "step", "step": 11800, "loss": 4.7048, "lr": 0.0029886872251874965, "gnorm": 0.417, "tok_per_s": 193845.3, "load": 3.4951171875}
{"event": "step", "step": 11900, "loss": 4.8192, "lr": 0.0029883991698066758, "gnorm": 0.406, "tok_per_s": 193805.1, "load": 3.53564453125}
{"event": "step", "step": 12000, "loss": 4.8363, "lr": 0.0029881075088535308, "gnorm": 0.39, "tok_per_s": 193788.6, "load": 3.6533203125}
{"event": "step", "step": 12100, "loss": 4.5773, "lr": 0.00298781224311378, "gnorm": 0.343, "tok_per_s": 193777.2, "load": 3.68115234375}
{"event": "step", "step": 12200, "loss": 4.6331, "lr": 0.002987513373382852, "gnorm": 0.348, "tok_per_s": 193722.3, "load": 3.62646484375}
{"event": "step", "step": 12300, "loss": 4.7739, "lr": 0.0029872109004658864, "gnorm": 0.336, "tok_per_s": 193810.2, "load": 3.576171875}
{"event": "step", "step": 12400, "loss": 4.6027, "lr": 0.0029869048251777272, "gnorm": 0.345, "tok_per_s": 193843.9, "load": 3.576171875}
{"event": "step", "step": 12500, "loss": 4.9202, "lr": 0.002986595148342924, "gnorm": 0.394, "tok_per_s": 193813.5, "load": 3.44970703125}
{"event": "step", "step": 12600, "loss": 4.5667, "lr": 0.0029862818707957297, "gnorm": 0.375, "tok_per_s": 193811.5, "load": 3.41357421875}
{"event": "step", "step": 12700, "loss": 4.7083, "lr": 0.002985964993380096, "gnorm": 0.385, "tok_per_s": 193840.3, "load": 3.4609375}
{"event": "step", "step": 12800, "loss": 4.5714, "lr": 0.0029856445169496727, "gnorm": 0.359, "tok_per_s": 193836.7, "load": 3.423828125}
{"event": "step", "step": 12900, "loss": 4.5219, "lr": 0.002985320442367805, "gnorm": 0.339, "tok_per_s": 193829.3, "load": 3.3896484375}
{"event": "step", "step": 13000, "loss": 4.7243, "lr": 0.002984992770507533, "gnorm": 0.393, "tok_per_s": 193841.8, "load": 3.3896484375}
{"event": "step", "step": 13100, "loss": 4.5925, "lr": 0.0029846615022515845, "gnorm": 0.397, "tok_per_s": 193845.1, "load": 3.3583984375}
{"event": "step", "step": 13200, "loss": 4.7815, "lr": 0.002984326638492379, "gnorm": 0.392, "tok_per_s": 193858.5, "load": 3.490234375}
{"event": "step", "step": 13300, "loss": 4.7273, "lr": 0.0029839881801320203, "gnorm": 0.429, "tok_per_s": 193825.8, "load": 3.45068359375}
{"event": "step", "step": 13400, "loss": 4.4847, "lr": 0.0029836461280822965, "gnorm": 0.338, "tok_per_s": 193847.3, "load": 3.41455078125}
{"event": "step", "step": 13500, "loss": 4.7965, "lr": 0.002983300483264676, "gnorm": 0.347, "tok_per_s": 193856.4, "load": 3.38134765625}
{"event": "step", "step": 13600, "loss": 4.5528, "lr": 0.002982951246610307, "gnorm": 0.359, "tok_per_s": 193864.5, "load": 3.3505859375}
{"event": "step", "step": 13700, "loss": 4.6709, "lr": 0.002982598419060013, "gnorm": 0.376, "tok_per_s": 193761.2, "load": 3.3505859375}
{"event": "step", "step": 13800, "loss": 4.8683, "lr": 0.0029822420015642925, "gnorm": 0.37, "tok_per_s": 193844.6, "load": 3.2421875}
{"event": "step", "step": 13900, "loss": 4.8018, "lr": 0.002981881995083314, "gnorm": 0.386, "tok_per_s": 193788.3, "load": 3.142578125}
{"event": "step", "step": 14000, "loss": 4.5432, "lr": 0.0029815184005869137, "gnorm": 0.381, "tok_per_s": 193819.4, "load": 3.130859375}
{"event": "step", "step": 14100, "loss": 4.7112, "lr": 0.0029811512190545965, "gnorm": 0.427, "tok_per_s": 193847.0, "load": 3.1201171875}
{"event": "step", "step": 14200, "loss": 4.5857, "lr": 0.0029807804514755273, "gnorm": 0.353, "tok_per_s": 193832.4, "load": 3.1103515625}
{"event": "step", "step": 14300, "loss": 4.7095, "lr": 0.0029804060988485345, "gnorm": 0.418, "tok_per_s": 193837.8, "load": 3.1103515625}
{"event": "step", "step": 14400, "loss": 4.6977, "lr": 0.002980028162182102, "gnorm": 0.423, "tok_per_s": 193836.1, "load": 3.10107421875}
{"event": "step", "step": 14500, "loss": 4.7195, "lr": 0.002979646642494371, "gnorm": 0.346, "tok_per_s": 193832.3, "load": 3.0927734375}
{"event": "step", "step": 14600, "loss": 4.7697, "lr": 0.0029792615408131325, "gnorm": 0.348, "tok_per_s": 193825.2, "load": 3.32568359375}
{"event": "step", "step": 14700, "loss": 4.7888, "lr": 0.0029788728581758308, "gnorm": 0.39, "tok_per_s": 193838.6, "load": 3.29931640625}
{"event": "step", "step": 14800, "loss": 4.6489, "lr": 0.002978480595629554, "gnorm": 0.349, "tok_per_s": 193716.2, "load": 3.27490234375}
{"event": "step", "step": 14900, "loss": 4.6715, "lr": 0.002978084754231036, "gnorm": 0.35, "tok_per_s": 193805.3, "load": 3.25244140625}
{"event": "step", "step": 15000, "loss": 4.6352, "lr": 0.00297768533504665, "gnorm": 0.396, "tok_per_s": 193831.5, "load": 3.25244140625}
{"event": "step", "step": 15100, "loss": 4.722, "lr": 0.0029772823391524114, "gnorm": 0.385, "tok_per_s": 170858.1, "load": 3.23193359375}
{"event": "step", "step": 15200, "loss": 4.6103, "lr": 0.002976875767633966, "gnorm": 0.313, "tok_per_s": 193782.9, "load": 3.212890625}
{"event": "step", "step": 15300, "loss": 4.6078, "lr": 0.0029764656215865958, "gnorm": 0.37, "tok_per_s": 193803.3, "load": 3.19580078125}
{"event": "step", "step": 15400, "loss": 4.6173, "lr": 0.002976051902115211, "gnorm": 0.345, "tok_per_s": 193802.4, "load": 3.42041015625}
{"event": "step", "step": 15500, "loss": 4.5372, "lr": 0.002975634610334349, "gnorm": 0.34, "tok_per_s": 193755.3, "load": 3.46728515625}
{"event": "step", "step": 15600, "loss": 4.4976, "lr": 0.002975213747368171, "gnorm": 0.354, "tok_per_s": 193786.1, "load": 3.4296875}
{"event": "step", "step": 15700, "loss": 4.6447, "lr": 0.0029747893143504565, "gnorm": 0.347, "tok_per_s": 193811.2, "load": 3.4296875}
{"event": "step", "step": 15800, "loss": 4.5224, "lr": 0.0029743613124246057, "gnorm": 0.38, "tok_per_s": 193807.3, "load": 3.4755859375}
{"event": "step", "step": 15900, "loss": 4.7592, "lr": 0.002973929742743631, "gnorm": 0.396, "tok_per_s": 193819.0, "load": 3.4375}
{"event": "step", "step": 16000, "loss": 4.7446, "lr": 0.002973494606470158, "gnorm": 0.356, "tok_per_s": 193822.9, "load": 3.40234375}
{"event": "step", "step": 16100, "loss": 4.6458, "lr": 0.0029730559047764183, "gnorm": 0.353, "tok_per_s": 193824.1, "load": 3.45068359375}
{"event": "step", "step": 16200, "loss": 4.763, "lr": 0.00297261363884425, "gnorm": 0.414, "tok_per_s": 193830.1, "load": 3.41455078125}
{"event": "step", "step": 16300, "loss": 4.6919, "lr": 0.002972167809865093, "gnorm": 0.407, "tok_per_s": 193755.6, "load": 3.38134765625}
{"event": "step", "step": 16400, "loss": 4.471, "lr": 0.002971718419039985, "gnorm": 0.329, "tok_per_s": 193792.6, "load": 3.38134765625}
{"event": "step", "step": 16500, "loss": 4.7213, "lr": 0.002971265467579561, "gnorm": 0.354, "tok_per_s": 193815.9, "load": 3.3505859375}
{"event": "step", "step": 16600, "loss": 4.6908, "lr": 0.002970808956704045, "gnorm": 0.353, "tok_per_s": 193797.2, "load": 3.2421875}
{"event": "step", "step": 16700, "loss": 4.8362, "lr": 0.0029703488876432526, "gnorm": 0.349, "tok_per_s": 193750.2, "load": 3.22265625}
{"event": "step", "step": 16800, "loss": 4.5764, "lr": 0.0029698852616365846, "gnorm": 0.328, "tok_per_s": 193802.4, "load": 3.20458984375}
{"event": "step", "step": 16900, "loss": 4.6388, "lr": 0.002969418079933023, "gnorm": 0.336, "tok_per_s": 193803.0, "load": 3.18798828125}
{"event": "step", "step": 17000, "loss": 4.6431, "lr": 0.0029689473437911284, "gnorm": 0.393, "tok_per_s": 193803.3, "load": 3.18798828125}
{"event": "step", "step": 17100, "loss": 4.6483, "lr": 0.0029684730544790386, "gnorm": 0.45, "tok_per_s": 193800.6, "load": 3.1728515625}
{"event": "step", "step": 17200, "loss": 4.5785, "lr": 0.002967995213274462, "gnorm": 0.38, "tok_per_s": 193795.2, "load": 3.15869140625}
{"event": "step", "step": 17300, "loss": 4.6793, "lr": 0.002967513821464676, "gnorm": 0.388, "tok_per_s": 193797.3, "load": 3.1455078125}
{"event": "step", "step": 17400, "loss": 4.6775, "lr": 0.002967028880346523, "gnorm": 0.353, "tok_per_s": 193794.4, "load": 3.1337890625}
{"event": "step", "step": 17500, "loss": 4.6265, "lr": 0.0029665403912264078, "gnorm": 0.32, "tok_per_s": 193798.2, "load": 3.123046875}
{"event": "step", "step": 17600, "loss": 4.6167, "lr": 0.002966048355420292, "gnorm": 0.418, "tok_per_s": 193786.0, "load": 3.11279296875}
{"event": "step", "step": 17700, "loss": 4.6763, "lr": 0.0029655527742536926, "gnorm": 0.368, "tok_per_s": 193783.8, "load": 3.11279296875}
{"event": "step", "step": 17800, "loss": 4.7301, "lr": 0.002965053649061678, "gnorm": 0.334, "tok_per_s": 193799.5, "load": 3.103515625}
{"event": "step", "step": 17900, "loss": 4.6111, "lr": 0.0029645509811888635, "gnorm": 0.343, "tok_per_s": 193759.9, "load": 3.09521484375}
{"event": "step", "step": 18000, "loss": 4.8326, "lr": 0.0029640447719894067, "gnorm": 0.369, "tok_per_s": 193808.8, "load": 3.08740234375}
{"event": "step", "step": 18100, "loss": 4.6323, "lr": 0.0029635350228270087, "gnorm": 0.372, "tok_per_s": 193803.4, "load": 3.080078125}
{"event": "step", "step": 18200, "loss": 4.464, "lr": 0.0029630217350749043, "gnorm": 0.359, "tok_per_s": 193796.7, "load": 3.15380859375}
{"event": "step", "step": 18300, "loss": 4.5816, "lr": 0.002962504910115862, "gnorm": 0.388, "tok_per_s": 193805.3, "load": 3.15380859375}
{"event": "step", "step": 18400, "loss": 4.5225, "lr": 0.002961984549342179, "gnorm": 0.375, "tok_per_s": 193817.2, "load": 3.14111328125}
{"event": "step", "step": 18500, "loss": 4.6645, "lr": 0.0029614606541556784, "gnorm": 0.386, "tok_per_s": 193819.8, "load": 3.12939453125}
{"event": "step", "step": 18600, "loss": 4.5273, "lr": 0.0029609332259677044, "gnorm": 0.37, "tok_per_s": 193816.1, "load": 3.279296875}
{"event": "step", "step": 18700, "loss": 4.6828, "lr": 0.0029604022661991183, "gnorm": 0.411, "tok_per_s": 193806.5, "load": 3.2568359375}
{"event": "step", "step": 18800, "loss": 4.5424, "lr": 0.002959867776280297, "gnorm": 0.415, "tok_per_s": 193805.1, "load": 3.23583984375}
{"event": "step", "step": 18900, "loss": 4.4547, "lr": 0.002959329757651126, "gnorm": 0.356, "tok_per_s": 193801.7, "load": 3.216796875}
{"event": "step", "step": 19000, "loss": 4.6793, "lr": 0.0029587882117609976, "gnorm": 0.381, "tok_per_s": 193808.6, "load": 3.216796875}
{"event": "step", "step": 19100, "loss": 4.6284, "lr": 0.0029582431400688052, "gnorm": 0.347, "tok_per_s": 193744.2, "load": 3.19921875}
{"event": "step", "step": 19200, "loss": 4.6873, "lr": 0.002957694544042942, "gnorm": 0.448, "tok_per_s": 193786.8, "load": 3.10302734375}
{"event": "step", "step": 19300, "loss": 4.4774, "lr": 0.0029571424251612953, "gnorm": 0.361, "tok_per_s": 193809.0, "load": 3.0947265625}
{"event": "step", "step": 19400, "loss": 4.6958, "lr": 0.0029565867849112417, "gnorm": 0.357, "tok_per_s": 193788.6, "load": 3.0869140625}
{"event": "step", "step": 19500, "loss": 4.6188, "lr": 0.002956027624789645, "gnorm": 0.397, "tok_per_s": 193778.8, "load": 3.07958984375}
{"event": "step", "step": 19600, "loss": 4.6555, "lr": 0.002955464946302851, "gnorm": 0.348, "tok_per_s": 193824.9, "load": 3.07958984375}
{"event": "step", "step": 19700, "loss": 4.643, "lr": 0.0029548987509666847, "gnorm": 0.391, "tok_per_s": 193832.4, "load": 3.07275390625}
{"event": "step", "step": 19800, "loss": 4.3973, "lr": 0.0029543290403064447, "gnorm": 0.421, "tok_per_s": 193821.3, "load": 3.06689453125}
{"event": "step", "step": 19900, "loss": 4.5907, "lr": 0.0029537558158568983, "gnorm": 0.386, "tok_per_s": 193745.8, "load": 3.0615234375}
{"event": "step", "step": 20000, "loss": 4.487, "lr": 0.0029531790791622816, "gnorm": 0.337, "tok_per_s": 193801.0, "load": 3.05615234375}
eval 20000 {'bpb': 1.513560294397056, 'nats_per_token': 4.563566533365895, 'tokens': 16379, 'bytes': 71247}
{"event": "step", "step": 20100, "loss": 4.4669, "lr": 0.0029525988317762896, "gnorm": 0.431, "tok_per_s": 164563.4, "load": 3.1318359375}
{"event": "step", "step": 20200, "loss": 4.5623, "lr": 0.0029520150752620766, "gnorm": 0.353, "tok_per_s": 193869.3, "load": 3.12109375}
{"event": "step", "step": 20300, "loss": 4.7499, "lr": 0.002951427811192251, "gnorm": 0.384, "tok_per_s": 193897.5, "load": 3.12109375}
{"event": "step", "step": 20400, "loss": 4.6173, "lr": 0.0029508370411488677, "gnorm": 0.401, "tok_per_s": 193879.7, "load": 3.111328125}
{"event": "step", "step": 20500, "loss": 4.6701, "lr": 0.0029502427667234287, "gnorm": 0.382, "tok_per_s": 193848.3, "load": 3.10205078125}
{"event": "step", "step": 20600, "loss": 4.6385, "lr": 0.0029496449895168764, "gnorm": 0.396, "tok_per_s": 193647.0, "load": 3.09375}
{"event": "step", "step": 20700, "loss": 4.5212, "lr": 0.0029490437111395883, "gnorm": 0.34, "tok_per_s": 193834.3, "load": 3.16650390625}
{"event": "step", "step": 20800, "loss": 4.6651, "lr": 0.0029484389332113756, "gnorm": 0.444, "tok_per_s": 193928.2, "load": 3.07275390625}
{"event": "step", "step": 20900, "loss": 4.7498, "lr": 0.0029478306573614754, "gnorm": 0.361, "tok_per_s": 193756.8, "load": 3.7880859375}
{"event": "step", "step": 21000, "loss": 4.7193, "lr": 0.002947218885228549, "gnorm": 0.345, "tok_per_s": 193797.7, "load": 3.7880859375}
{"event": "step", "step": 21100, "loss": 4.5015, "lr": 0.002946603618460676, "gnorm": 0.35, "tok_per_s": 193791.7, "load": 3.80517578125}
{"event": "step", "step": 21200, "loss": 4.6239, "lr": 0.0029459848587153506, "gnorm": 0.369, "tok_per_s": 193797.5, "load": 3.740234375}
{"event": "step", "step": 21300, "loss": 4.5846, "lr": 0.002945362607659477, "gnorm": 0.375, "tok_per_s": 193807.2, "load": 3.6806640625}
{"event": "step", "step": 21400, "loss": 4.7252, "lr": 0.002944736866969365, "gnorm": 0.372, "tok_per_s": 193813.3, "load": 3.6259765625}
{"event": "step", "step": 21500, "loss": 4.7062, "lr": 0.0029441076383307243, "gnorm": 0.481, "tok_per_s": 193653.6, "load": 3.57568359375}
{"event": "step", "step": 21600, "loss": 4.7992, "lr": 0.0029434749234386617, "gnorm": 0.385, "tok_per_s": 193865.1, "load": 3.57568359375}
{"event": "step", "step": 21700, "loss": 4.457, "lr": 0.0029428387239976766, "gnorm": 0.392, "tok_per_s": 193887.6, "load": 3.529296875}
{"event": "step", "step": 21800, "loss": 4.5692, "lr": 0.002942199041721653, "gnorm": 0.401, "tok_per_s": 193885.8, "load": 3.48681640625}
{"event": "step", "step": 21900, "loss": 4.6577, "lr": 0.0029415558783338603, "gnorm": 0.358, "tok_per_s": 193876.4, "load": 3.44775390625}
{"event": "step", "step": 22000, "loss": 4.55, "lr": 0.0029409092355669442, "gnorm": 0.388, "tok_per_s": 193880.7, "load": 3.4921875}
{"event": "step", "step": 22100, "loss": 4.5486, "lr": 0.002940259115162924, "gnorm": 0.341, "tok_per_s": 193883.7, "load": 3.45263671875}
{"event": "step", "step": 22200, "loss": 4.6092, "lr": 0.0029396055188731876, "gnorm": 0.412, "tok_per_s": 193883.9, "load": 3.49658203125}
{"event": "step", "step": 22300, "loss": 4.6668, "lr": 0.0029389484484584867, "gnorm": 0.388, "tok_per_s": 193865.2, "load": 3.49658203125}
{"event": "step", "step": 22400, "loss": 4.6236, "lr": 0.0029382879056889326, "gnorm": 0.339, "tok_per_s": 193865.7, "load": 3.37646484375}
{"event": "step", "step": 22500, "loss": 4.4915, "lr": 0.0029376238923439907, "gnorm": 0.413, "tok_per_s": 193805.8, "load": 3.26611328125}
{"event": "step", "step": 22600, "loss": 4.7377, "lr": 0.0029369564102124748, "gnorm": 0.407, "tok_per_s": 193888.7, "load": 3.24462890625}
{"event": "step", "step": 22700, "loss": 4.7344, "lr": 0.0029362854610925446, "gnorm": 0.676, "tok_per_s": 193914.8, "load": 3.224609375}
{"event": "step", "step": 22800, "loss": 4.6657, "lr": 0.0029356110467916997, "gnorm": 0.496, "tok_per_s": 193919.6, "load": 3.20654296875}
{"event": "step", "step": 22900, "loss": 4.63, "lr": 0.002934933169126774, "gnorm": 0.396, "tok_per_s": 193899.5, "load": 3.20654296875}
{"event": "step", "step": 23000, "loss": 4.5029, "lr": 0.0029342518299239322, "gnorm": 0.339, "tok_per_s": 193882.6, "load": 3.2705078125}
{"event": "step", "step": 23100, "loss": 4.7711, "lr": 0.0029335670310186644, "gnorm": 0.42, "tok_per_s": 193862.0, "load": 3.24853515625}
{"event": "step", "step": 23200, "loss": 4.7903, "lr": 0.00293287877425578, "gnorm": 0.458, "tok_per_s": 193859.6, "load": 3.228515625}
{"event": "step", "step": 23300, "loss": 4.5824, "lr": 0.002932187061489404, "gnorm": 0.427, "tok_per_s": 193876.8, "load": 3.2099609375}
{"event": "step", "step": 23400, "loss": 4.4453, "lr": 0.0029314918945829715, "gnorm": 0.358, "tok_per_s": 193810.4, "load": 3.2734375}
{"event": "step", "step": 23500, "loss": 4.5016, "lr": 0.002930793275409224, "gnorm": 0.465, "tok_per_s": 193853.8, "load": 3.25146484375}
{"event": "step", "step": 23600, "loss": 4.7331, "lr": 0.002930091205850202, "gnorm": 0.408, "tok_per_s": 193846.6, "load": 3.25146484375}
{"event": "step", "step": 23700, "loss": 4.6514, "lr": 0.0029293856877972415, "gnorm": 0.438, "tok_per_s": 193848.8, "load": 3.23095703125}
{"event": "step", "step": 23800, "loss": 4.4566, "lr": 0.0029286767231509686, "gnorm": 0.379, "tok_per_s": 193899.7, "load": 3.21240234375}
{"event": "step", "step": 23900, "loss": 4.7088, "lr": 0.002927964313821294, "gnorm": 0.423, "tok_per_s": 193858.4, "load": 3.1953125}
{"event": "step", "step": 24000, "loss": 4.6162, "lr": 0.0029272484617274093, "gnorm": 0.345, "tok_per_s": 193871.1, "load": 3.17919921875}
{"event": "step", "step": 24100, "loss": 4.5455, "lr": 0.002926529168797779, "gnorm": 0.388, "tok_per_s": 193864.5, "load": 3.16455078125}
{"event": "step", "step": 24200, "loss": 4.6047, "lr": 0.002925806436970138, "gnorm": 0.456, "tok_per_s": 193802.2, "load": 3.16455078125}
{"event": "step", "step": 24300, "loss": 4.513, "lr": 0.0029250802681914864, "gnorm": 0.374, "tok_per_s": 193812.2, "load": 3.31201171875}
{"event": "step", "step": 24400, "loss": 4.4601, "lr": 0.002924350664418081, "gnorm": 0.335, "tok_per_s": 193799.5, "load": 3.3671875}
{"event": "step", "step": 24500, "loss": 4.4974, "lr": 0.0029236176276154343, "gnorm": 0.338, "tok_per_s": 193828.9, "load": 3.41796875}
{"event": "step", "step": 24600, "loss": 4.7544, "lr": 0.0029228811597583055, "gnorm": 0.446, "tok_per_s": 193787.8, "load": 3.38427734375}
{"event": "step", "step": 24700, "loss": 4.6582, "lr": 0.0029221412628306982, "gnorm": 0.39, "tok_per_s": 193808.6, "load": 3.27294921875}
{"event": "step", "step": 24800, "loss": 4.5133, "lr": 0.0029213979388258535, "gnorm": 0.414, "tok_per_s": 193808.9, "load": 3.2509765625}
{"event": "step", "step": 24900, "loss": 4.5559, "lr": 0.0029206511897462437, "gnorm": 0.361, "tok_per_s": 193614.0, "load": 3.2509765625}
{"event": "step", "step": 25000, "loss": 4.5517, "lr": 0.0029199010176035696, "gnorm": 0.362, "tok_per_s": 193311.0, "load": 3.150390625}
{"event": "step", "step": 25100, "loss": 4.6812, "lr": 0.002919147424418753, "gnorm": 0.407, "tok_per_s": 171429.7, "load": 3.13818359375}
{"event": "step", "step": 25200, "loss": 4.6225, "lr": 0.002918390412221932, "gnorm": 0.373, "tok_per_s": 193854.7, "load": 3.126953125}
{"event": "step", "step": 25300, "loss": 4.3984, "lr": 0.002917629983052454, "gnorm": 0.374, "tok_per_s": 193876.9, "load": 3.11669921875}
{"event": "step", "step": 25400, "loss": 4.4813, "lr": 0.0029168661389588732, "gnorm": 0.485, "tok_per_s": 193846.0, "load": 3.1875}
{"event": "step", "step": 25500, "loss": 4.6744, "lr": 0.0029160988819989424, "gnorm": 0.545, "tok_per_s": 193805.2, "load": 3.3330078125}
{"event": "step", "step": 25600, "loss": 4.6005, "lr": 0.0029153282142396096, "gnorm": 0.353, "tok_per_s": 193788.3, "load": 3.3330078125}
{"event": "step", "step": 25700, "loss": 4.5155, "lr": 0.0029145541377570095, "gnorm": 0.381, "tok_per_s": 193823.0, "load": 3.30615234375}
{"event": "step", "step": 25800, "loss": 4.4285, "lr": 0.0029137766546364617, "gnorm": 0.385, "tok_per_s": 193805.5, "load": 3.28125}
{"event": "step", "step": 25900, "loss": 4.545, "lr": 0.002912995766972461, "gnorm": 0.364, "tok_per_s": 193786.8, "load": 3.17822265625}
{"event": "step", "step": 26000, "loss": 4.5654, "lr": 0.002912211476868676, "gnorm": 0.34, "tok_per_s": 193741.6, "load": 3.16357421875}
{"event": "step", "step": 26100, "loss": 4.6887, "lr": 0.0029114237864379406, "gnorm": 0.407, "tok_per_s": 193778.3, "load": 3.23095703125}
{"event": "step", "step": 26200, "loss": 4.6689, "lr": 0.002910632697802247, "gnorm": 0.373, "tok_per_s": 193760.6, "load": 3.373046875}
{"event": "step", "step": 26300, "loss": 4.4588, "lr": 0.002909838213092745, "gnorm": 0.416, "tok_per_s": 193758.3, "load": 3.373046875}
{"event": "step", "step": 26400, "loss": 4.4994, "lr": 0.0029090403344497317, "gnorm": 0.448, "tok_per_s": 193817.1, "load": 3.50341796875}
{"event": "step", "step": 26500, "loss": 4.4595, "lr": 0.002908239064022647, "gnorm": 0.339, "tok_per_s": 193839.9, "load": 3.62353515625}
{"event": "step", "step": 26600, "loss": 4.4269, "lr": 0.0029074344039700683, "gnorm": 0.341, "tok_per_s": 193852.7, "load": 3.65380859375}
{"event": "step", "step": 26700, "loss": 4.7168, "lr": 0.002906626356459706, "gnorm": 0.609, "tok_per_s": 193870.7, "load": 3.76171875}
{"event": "step", "step": 26800, "loss": 4.6096, "lr": 0.0029058149236683936, "gnorm": 0.351, "tok_per_s": 193852.2, "load": 3.78125}
{"event": "step", "step": 26900, "loss": 4.4504, "lr": 0.002905000107782086, "gnorm": 0.423, "tok_per_s": 193880.5, "load": 3.78125}
{"event": "step", "step": 27000, "loss": 4.4556, "lr": 0.002904181910995851, "gnorm": 0.325, "tok_per_s": 193846.8, "load": 3.798828125}
{"event": "step", "step": 27100, "loss": 4.6438, "lr": 0.0029033603355138647, "gnorm": 0.388, "tok_per_s": 193836.2, "load": 3.734375}
{"event": "step", "step": 27200, "loss": 4.5186, "lr": 0.0029025353835494066, "gnorm": 0.351, "tok_per_s": 193860.2, "load": 3.755859375}
{"event": "step", "step": 27300, "loss": 4.5714, "lr": 0.00290170705732485, "gnorm": 0.485, "tok_per_s": 193794.8, "load": 3.6953125}
{"event": "step", "step": 27400, "loss": 4.4022, "lr": 0.00290087535907166, "gnorm": 0.431, "tok_per_s": 193756.1, "load": 3.63916015625}
{"event": "step", "step": 27500, "loss": 4.6219, "lr": 0.0029000402910303842, "gnorm": 0.49, "tok_per_s": 193756.1, "load": 3.63916015625}
{"event": "step", "step": 27600, "loss": 4.6359, "lr": 0.00289920185545065, "gnorm": 0.417, "tok_per_s": 193769.5, "load": 3.587890625}
{"event": "step", "step": 27700, "loss": 4.5511, "lr": 0.0028983600545911554, "gnorm": 0.345, "tok_per_s": 193804.2, "load": 3.46044921875}
{"event": "step", "step": 27800, "loss": 4.5379, "lr": 0.0028975148907196646, "gnorm": 0.456, "tok_per_s": 193728.6, "load": 3.42333984375}
{"event": "step", "step": 27900, "loss": 4.6357, "lr": 0.002896666366113002, "gnorm": 0.428, "tok_per_s": 193541.1, "load": 3.38916015625}
{"event": "step", "step": 28000, "loss": 4.5784, "lr": 0.0028958144830570453, "gnorm": 0.347, "tok_per_s": 193102.5, "load": 3.4384765625}
{"event": "step", "step": 28100, "loss": 4.5657, "lr": 0.002894959243846719, "gnorm": 0.399, "tok_per_s": 193770.7, "load": 3.48388671875}
{"event": "step", "step": 28200, "loss": 4.5559, "lr": 0.0028941006507859903, "gnorm": 0.398, "tok_per_s": 193813.9, "load": 3.48388671875}
{"event": "step", "step": 28300, "loss": 4.6371, "lr": 0.002893238706187861, "gnorm": 0.426, "tok_per_s": 193874.3, "load": 3.44482421875}
{"event": "step", "step": 28400, "loss": 4.5986, "lr": 0.002892373412374361, "gnorm": 0.402, "tok_per_s": 193867.0, "load": 3.48974609375}
{"event": "step", "step": 28500, "loss": 4.626, "lr": 0.0028915047716765434, "gnorm": 0.387, "tok_per_s": 193859.0, "load": 3.4501953125}
{"event": "step", "step": 28600, "loss": 4.4223, "lr": 0.002890632786434477, "gnorm": 0.44, "tok_per_s": 193833.9, "load": 3.4140625}
{"event": "step", "step": 28700, "loss": 4.5969, "lr": 0.0028897574589972423, "gnorm": 0.484, "tok_per_s": 193805.9, "load": 3.380859375}
{"event": "step", "step": 28800, "loss": 4.7193, "lr": 0.0028888787917229217, "gnorm": 0.399, "tok_per_s": 193863.1, "load": 3.380859375}
{"event": "step", "step": 28900, "loss": 4.6675, "lr": 0.002887996786978596, "gnorm": 0.77, "tok_per_s": 193860.6, "load": 3.5107421875}
{"event": "step", "step": 29000, "loss": 4.5955, "lr": 0.0028871114471403355, "gnorm": 0.399, "tok_per_s": 193826.6, "load": 3.3896484375}
{"event": "step", "step": 29100, "loss": 4.6455, "lr": 0.002886222774593197, "gnorm": 0.484, "tok_per_s": 193847.9, "load": 3.3583984375}
{"event": "step", "step": 29200, "loss": 4.7681, "lr": 0.0028853307717312147, "gnorm": 0.511, "tok_per_s": 193862.1, "load": 3.24951171875}
{"event": "step", "step": 29300, "loss": 4.6161, "lr": 0.002884435440957393, "gnorm": 0.352, "tok_per_s": 193859.3, "load": 3.1494140625}
{"event": "step", "step": 29400, "loss": 4.5701, "lr": 0.002883536784683704, "gnorm": 0.393, "tok_per_s": 193783.8, "load": 3.13720703125}
{"event": "step", "step": 29500, "loss": 4.6108, "lr": 0.0028826348053310777, "gnorm": 0.397, "tok_per_s": 193839.4, "load": 3.13720703125}
{"event": "step", "step": 29600, "loss": 4.5762, "lr": 0.0028817295053293946, "gnorm": 0.403, "tok_per_s": 193854.2, "load": 3.1259765625}
{"event": "step", "step": 29700, "loss": 4.7132, "lr": 0.002880820887117483, "gnorm": 0.397, "tok_per_s": 193891.5, "load": 3.11572265625}
{"event": "step", "step": 29800, "loss": 4.6701, "lr": 0.0028799089531431087, "gnorm": 0.424, "tok_per_s": 193822.0, "load": 3.1064453125}
{"event": "step", "step": 29900, "loss": 4.5633, "lr": 0.0028789937058629716, "gnorm": 0.476, "tok_per_s": 193862.6, "load": 3.09765625}
{"event": "step", "step": 30000, "loss": 4.5253, "lr": 0.0028780751477426956, "gnorm": 0.435, "tok_per_s": 193849.5, "load": 3.25}
{"event": "step", "step": 30100, "loss": 4.5743, "lr": 0.002877153281256826, "gnorm": 0.468, "tok_per_s": 170775.4, "load": 3.22998046875}
{"event": "step", "step": 30200, "loss": 4.502, "lr": 0.0028762281088888183, "gnorm": 0.5, "tok_per_s": 193813.1, "load": 3.22998046875}
{"event": "step", "step": 30300, "loss": 4.5187, "lr": 0.0028752996331310354, "gnorm": 0.511, "tok_per_s": 193811.2, "load": 3.21142578125}
{"event": "step", "step": 30400, "loss": 4.5588, "lr": 0.002874367856484739, "gnorm": 0.339, "tok_per_s": 193770.7, "load": 3.1943359375}
{"event": "step", "step": 30500, "loss": 4.6215, "lr": 0.0028734327814600833, "gnorm": 0.363, "tok_per_s": 193616.4, "load": 3.41943359375}
{"event": "step", "step": 30600, "loss": 4.4067, "lr": 0.0028724944105761076, "gnorm": 0.64, "tok_per_s": 193599.9, "load": 3.3056640625}
{"event": "step", "step": 30700, "loss": 4.5259, "lr": 0.002871552746360731, "gnorm": 0.42, "tok_per_s": 193438.3, "load": 3.20068359375}
{"event": "step", "step": 30800, "loss": 4.4976, "lr": 0.002870607791350743, "gnorm": 0.42, "tok_per_s": 193747.5, "load": 3.26513671875}
{"event": "step", "step": 30900, "loss": 4.6318, "lr": 0.0028696595480918008, "gnorm": 0.39, "tok_per_s": 193772.8, "load": 3.26513671875}
{"event": "step", "step": 31000, "loss": 4.6651, "lr": 0.002868708019138418, "gnorm": 0.392, "tok_per_s": 193756.2, "load": 3.16357421875}
{"event": "step", "step": 31100, "loss": 4.7347, "lr": 0.0028677532070539597, "gnorm": 0.444, "tok_per_s": 193766.8, "load": 3.0703125}
{"event": "step", "step": 31200, "loss": 4.4879, "lr": 0.002866795114410637, "gnorm": 0.352, "tok_per_s": 193788.5, "load": 2.984375}
{"event": "step", "step": 31300, "loss": 4.5874, "lr": 0.002865833743789497, "gnorm": 0.596, "tok_per_s": 193778.1, "load": 2.9052734375}
{"event": "step", "step": 31400, "loss": 4.4446, "lr": 0.002864869097780419, "gnorm": 0.39, "tok_per_s": 193806.0, "load": 2.9931640625}
{"event": "step", "step": 31500, "loss": 4.5913, "lr": 0.0028639011789821046, "gnorm": 0.578, "tok_per_s": 193547.7, "load": 2.9931640625}
{"event": "step", "step": 31600, "loss": 4.4555, "lr": 0.002862929990002073, "gnorm": 0.379, "tok_per_s": 193740.1, "load": 2.994140625}
{"event": "step", "step": 31700, "loss": 4.5238, "lr": 0.002861955533456653, "gnorm": 0.39, "tok_per_s": 193514.3, "load": 2.99462890625}
{"event": "step", "step": 31800, "loss": 4.5478, "lr": 0.002860977811970976, "gnorm": 0.489, "tok_per_s": 193842.8, "load": 2.9951171875}
{"event": "step", "step": 31900, "loss": 4.7083, "lr": 0.0028599968281789686, "gnorm": 0.696, "tok_per_s": 193867.1, "load": 2.99560546875}
{"event": "step", "step": 32000, "loss": 4.5993, "lr": 0.002859012584723346, "gnorm": 0.598, "tok_per_s": 193870.0, "load": 2.99609375}
{"event": "step", "step": 32100, "loss": 4.5432, "lr": 0.0028580250842556057, "gnorm": 0.388, "tok_per_s": 193877.8, "load": 2.99658203125}
{"event": "step", "step": 32200, "loss": 4.5753, "lr": 0.0028570343294360176, "gnorm": 0.495, "tok_per_s": 193866.6, "load": 2.99658203125}
{"event": "step", "step": 32300, "loss": 4.6179, "lr": 0.00285604032293362, "gnorm": 0.366, "tok_per_s": 193797.9, "load": 3.0771484375}
{"event": "step", "step": 32400, "loss": 4.5534, "lr": 0.0028550430674262107, "gnorm": 0.378, "tok_per_s": 193658.9, "load": 3.2314453125}
{"event": "step", "step": 32500, "loss": 4.6297, "lr": 0.0028540425656003398, "gnorm": 0.593, "tok_per_s": 193859.9, "load": 3.37353515625}
{"event": "step", "step": 32600, "loss": 4.3099, "lr": 0.002853038820151304, "gnorm": 0.42, "tok_per_s": 193872.8, "load": 3.34326171875}
{"event": "step", "step": 32700, "loss": 4.611, "lr": 0.002852031833783137, "gnorm": 0.554, "tok_per_s": 193851.8, "load": 3.3154296875}
{"event": "step", "step": 32800, "loss": 4.6632, "lr": 0.002851021609208603, "gnorm": 0.593, "tok_per_s": 193862.4, "load": 3.3154296875}
{"event": "step", "step": 32900, "loss": 4.4918, "lr": 0.00285000814914919, "gnorm": 0.687, "tok_per_s": 193867.9, "load": 3.2900390625}
{"event": "step", "step": 33000, "loss": 4.5722, "lr": 0.0028489914563351046, "gnorm": 0.405, "tok_per_s": 193833.7, "load": 8.15185546875}
{"event": "step", "step": 33100, "loss": 4.6566, "lr": 0.0028479715335052586, "gnorm": 0.479, "tok_per_s": 193804.8, "load": 12.78466796875}
{"event": "step", "step": 33200, "loss": 4.7377, "lr": 0.002846948383407267, "gnorm": 0.429, "tok_per_s": 193847.8, "load": 12.0810546875}
{"event": "step", "step": 33300, "loss": 4.4599, "lr": 0.0028459220087974388, "gnorm": 0.438, "tok_per_s": 193858.7, "load": 11.2734375}
{"event": "step", "step": 33400, "loss": 4.6476, "lr": 0.0028448924124407702, "gnorm": 0.366, "tok_per_s": 193861.3, "load": 10.85107421875}
{"event": "step", "step": 33500, "loss": 4.4897, "lr": 0.0028438595971109356, "gnorm": 0.61, "tok_per_s": 193801.1, "load": 10.85107421875}
{"event": "step", "step": 33600, "loss": 4.6846, "lr": 0.002842823565590282, "gnorm": 0.409, "tok_per_s": 193292.2, "load": 10.22216796875}
{"event": "step", "step": 33700, "loss": 4.6265, "lr": 0.00284178432066982, "gnorm": 0.402, "tok_per_s": 193007.0, "load": 14.68896484375}
{"event": "step", "step": 33800, "loss": 4.4126, "lr": 0.0028407418651492174, "gnorm": 0.375, "tok_per_s": 192939.5, "load": 18.79833984375}
{"event": "step", "step": 33900, "loss": 4.415, "lr": 0.00283969620183679, "gnorm": 0.471, "tok_per_s": 192988.8, "load": 22.65869140625}
{"event": "step", "step": 34000, "loss": 4.3469, "lr": 0.002838647333549497, "gnorm": 0.404, "tok_per_s": 193006.0, "load": 26.20947265625}
{"event": "step", "step": 34100, "loss": 4.5749, "lr": 0.002837595263112931, "gnorm": 0.376, "tok_per_s": 192971.0, "load": 26.20947265625}
{"event": "step", "step": 34200, "loss": 4.6047, "lr": 0.0028365399933613098, "gnorm": 0.369, "tok_per_s": 193069.3, "load": 29.39599609375}
{"event": "step", "step": 34300, "loss": 4.4961, "lr": 0.0028354815271374716, "gnorm": 0.463, "tok_per_s": 193119.1, "load": 32.32763671875}
{"event": "step", "step": 34400, "loss": 4.5367, "lr": 0.002834419867292865, "gnorm": 0.382, "tok_per_s": 193225.3, "load": 35.0244140625}
{"event": "step", "step": 34500, "loss": 4.5308, "lr": 0.002833355016687542, "gnorm": 0.378, "tok_per_s": 193256.6, "load": 37.5048828125}
{"event": "step", "step": 34600, "loss": 4.4857, "lr": 0.0028322869781901507, "gnorm": 0.454, "tok_per_s": 193230.9, "load": 39.787109375}
{"event": "step", "step": 34700, "loss": 4.6731, "lr": 0.0028312157546779263, "gnorm": 0.529, "tok_per_s": 193297.5, "load": 41.88623046875}
{"event": "step", "step": 34800, "loss": 4.5438, "lr": 0.002830141349036686, "gnorm": 0.391, "tok_per_s": 193180.8, "load": 41.88623046875}
{"event": "step", "step": 34900, "loss": 4.79, "lr": 0.002829063764160817, "gnorm": 0.343, "tok_per_s": 193220.0, "load": 43.8173828125}
{"event": "step", "step": 35000, "loss": 4.5032, "lr": 0.002827983002953273, "gnorm": 0.398, "tok_per_s": 193177.5, "load": 45.59375}
{"event": "step", "step": 35100, "loss": 4.7067, "lr": 0.0028268990683255647, "gnorm": 0.49, "tok_per_s": 168299.3, "load": 47.30810546875}
{"event": "step", "step": 35200, "loss": 4.4883, "lr": 0.002825811963197751, "gnorm": 0.401, "tok_per_s": 193157.3, "load": 48.96533203125}
{"event": "step", "step": 35300, "loss": 4.5256, "lr": 0.0028247216904984315, "gnorm": 0.39, "tok_per_s": 193109.3, "load": 50.48974609375}
{"event": "step", "step": 35400, "loss": 4.6092, "lr": 0.0028236282531647404, "gnorm": 0.511, "tok_per_s": 193283.6, "load": 51.81201171875}
{"event": "step", "step": 35500, "loss": 4.4281, "lr": 0.0028225316541423363, "gnorm": 0.39, "tok_per_s": 193346.5, "load": 51.81201171875}
{"event": "step", "step": 35600, "loss": 4.4867, "lr": 0.0028214318963853953, "gnorm": 0.523, "tok_per_s": 193358.4, "load": 53.0283203125}
{"event": "step", "step": 35700, "loss": 4.7794, "lr": 0.002820328982856604, "gnorm": 0.431, "tok_per_s": 193283.4, "load": 54.1474609375}
{"event": "step", "step": 35800, "loss": 4.6125, "lr": 0.0028192229165271486, "gnorm": 0.389, "tok_per_s": 193362.6, "load": 54.9365234375}
{"event": "step", "step": 35900, "loss": 4.5147, "lr": 0.00281811370037671, "gnorm": 0.386, "tok_per_s": 193224.9, "load": 55.98291015625}
{"event": "step", "step": 36000, "loss": 4.5814, "lr": 0.0028170013373934547, "gnorm": 0.387, "tok_per_s": 193171.5, "load": 55.26318359375}
{"event": "step", "step": 36100, "loss": 4.5022, "lr": 0.002815885830574026, "gnorm": 0.413, "tok_per_s": 193155.9, "load": 54.52099609375}
{"event": "step", "step": 36200, "loss": 4.574, "lr": 0.0028147671829235367, "gnorm": 0.422, "tok_per_s": 193190.9, "load": 54.52099609375}
{"event": "step", "step": 36300, "loss": 4.582, "lr": 0.002813645397455561, "gnorm": 0.351, "tok_per_s": 193312.3, "load": 53.67822265625}
{"event": "step", "step": 36400, "loss": 4.6611, "lr": 0.0028125204771921254, "gnorm": 0.5, "tok_per_s": 193064.1, "load": 52.50244140625}
{"event": "step", "step": 36500, "loss": 4.6506, "lr": 0.002811392425163703, "gnorm": 0.418, "tok_per_s": 193120.3, "load": 48.5380859375}
{"event": "step", "step": 36600, "loss": 4.6184, "lr": 0.002810261244409202, "gnorm": 0.395, "tok_per_s": 193099.0, "load": 44.97119140625}
{"event": "step", "step": 36700, "loss": 4.5879, "lr": 0.002809126937975961, "gnorm": 0.579, "tok_per_s": 193196.6, "load": 41.60986328125}
{"event": "step", "step": 36800, "loss": 4.4664, "lr": 0.0028079895089197365, "gnorm": 0.395, "tok_per_s": 193536.9, "load": 41.60986328125}
{"event": "step", "step": 36900, "loss": 4.4512, "lr": 0.0028068489603046993, "gnorm": 0.341, "tok_per_s": 193787.0, "load": 38.677734375}
{"event": "step", "step": 37000, "loss": 4.4755, "lr": 0.0028057052952034233, "gnorm": 0.396, "tok_per_s": 193800.1, "load": 36.060546875}
{"event": "step", "step": 37100, "loss": 4.4943, "lr": 0.002804558516696878, "gnorm": 0.38, "tok_per_s": 193776.2, "load": 33.4130859375}
{"event": "step", "step": 37200, "loss": 4.5885, "lr": 0.002803408627874421, "gnorm": 0.351, "tok_per_s": 193758.7, "load": 31.0576171875}
{"event": "step", "step": 37300, "loss": 4.5812, "lr": 0.002802255631833788, "gnorm": 0.564, "tok_per_s": 193795.7, "load": 28.890625}
{"event": "step", "step": 37400, "loss": 4.8652, "lr": 0.0028010995316810855, "gnorm": 0.986, "tok_per_s": 193770.8, "load": 26.89697265625}
{"event": "step", "step": 37500, "loss": 4.4329, "lr": 0.0027999403305307828, "gnorm": 0.497, "tok_per_s": 193770.4, "load": 26.89697265625}
{"event": "step", "step": 37600, "loss": 4.5746, "lr": 0.0027987780315057026, "gnorm": 0.457, "tok_per_s": 193781.5, "load": 24.98291015625}
{"event": "step", "step": 37700, "loss": 4.6431, "lr": 0.002797612637737013, "gnorm": 0.417, "tok_per_s": 193791.7, "load": 23.22216796875}
{"event": "step", "step": 37800, "loss": 4.7355, "lr": 0.00279644415236422, "gnorm": 0.716, "tok_per_s": 193781.4, "load": 21.8427734375}
{"event": "step", "step": 37900, "loss": 4.483, "lr": 0.0027952725785351574, "gnorm": 0.951, "tok_per_s": 193822.4, "load": 20.41357421875}
{"event": "step", "step": 38000, "loss": 4.7107, "lr": 0.00279409791940598, "gnorm": 0.403, "tok_per_s": 193807.2, "load": 18.93896484375}
{"event": "step", "step": 38100, "loss": 4.4565, "lr": 0.002792920178141153, "gnorm": 0.621, "tok_per_s": 193739.1, "load": 18.93896484375}
{"event": "step", "step": 38200, "loss": 4.573, "lr": 0.002791739357913445, "gnorm": 0.946, "tok_per_s": 193747.9, "load": 17.66259765625}
{"event": "step", "step": 38300, "loss": 4.5275, "lr": 0.00279055546190392, "gnorm": 0.474, "tok_per_s": 193797.5, "load": 16.48828125}
{"event": "step", "step": 38400, "loss": 4.5958, "lr": 0.002789368493301928, "gnorm": 0.596, "tok_per_s": 193794.6, "load": 15.48779296875}
{"event": "step", "step": 38500, "loss": 4.5975, "lr": 0.002788178455305095, "gnorm": 0.483, "tok_per_s": 193826.1, "load": 14.48779296875}
{"event": "step", "step": 38600, "loss": 4.5657, "lr": 0.002786985351119317, "gnorm": 0.921, "tok_per_s": 193815.5, "load": 13.72802734375}
{"event": "step", "step": 38700, "loss": 4.7172, "lr": 0.002785789183958749, "gnorm": 0.69, "tok_per_s": 193883.0, "load": 12.94873046875}
{"event": "step", "step": 38800, "loss": 4.6262, "lr": 0.0027845899570458, "gnorm": 0.445, "tok_per_s": 193910.2, "load": 12.94873046875}
{"event": "step", "step": 38900, "loss": 4.6484, "lr": 0.0027833876736111187, "gnorm": 0.509, "tok_per_s": 193915.1, "load": 12.15185546875}
{"event": "step", "step": 39000, "loss": 4.5416, "lr": 0.0027821823368935896, "gnorm": 0.439, "tok_per_s": 193921.1, "load": 11.4189453125}
{"event": "step", "step": 39100, "loss": 4.4163, "lr": 0.0027809739501403227, "gnorm": 0.446, "tok_per_s": 193808.2, "load": 10.74462890625}
{"event": "step", "step": 39200, "loss": 4.5462, "lr": 0.002779762516606643, "gnorm": 0.492, "tok_per_s": 193849.8, "load": 10.1240234375}
{"event": "step", "step": 39300, "loss": 4.5085, "lr": 0.0027785480395560854, "gnorm": 0.433, "tok_per_s": 193931.3, "load": 9.55322265625}
{"event": "step", "step": 39400, "loss": 4.5543, "lr": 0.0027773305222603835, "gnorm": 0.81, "tok_per_s": 193911.5, "load": 9.55322265625}
{"event": "step", "step": 39500, "loss": 4.4988, "lr": 0.0027761099679994594, "gnorm": 0.457, "tok_per_s": 193888.6, "load": 9.1884765625}
{"event": "step", "step": 39600, "loss": 4.5631, "lr": 0.0027748863800614184, "gnorm": 0.608, "tok_per_s": 193924.1, "load": 8.69287109375}
{"event": "step", "step": 39700, "loss": 4.6544, "lr": 0.0027736597617425375, "gnorm": 0.513, "tok_per_s": 193906.3, "load": 8.23681640625}
{"event": "step", "step": 39800, "loss": 4.3128, "lr": 0.0027724301163472584, "gnorm": 0.474, "tok_per_s": 193915.8, "load": 7.8173828125}
{"event": "step", "step": 39900, "loss": 4.5466, "lr": 0.002771197447188177, "gnorm": 0.457, "tok_per_s": 193920.3, "load": 7.43115234375}
{"event": "step", "step": 40000, "loss": 4.6074, "lr": 0.0027699617575860334, "gnorm": 0.531, "tok_per_s": 193938.1, "load": 7.076171875}
eval 40000 {'bpb': 1.4956450484099408, 'nats_per_token': 4.509549909564076, 'tokens': 16379, 'bytes': 71247}
{"event": "step", "step": 40100, "loss": 4.5273, "lr": 0.002768723050869708, "gnorm": 0.397, "tok_per_s": 168291.0, "load": 6.74951171875}
{"event": "step", "step": 40200, "loss": 4.5247, "lr": 0.0027674813303762056, "gnorm": 0.666, "tok_per_s": 193769.2, "load": 6.74951171875}
{"event": "step", "step": 40300, "loss": 4.4283, "lr": 0.002766236599450653, "gnorm": 0.381, "tok_per_s": 193703.0, "load": 6.44921875}
{"event": "step", "step": 40400, "loss": 4.8146, "lr": 0.002764988861446284, "gnorm": 0.513, "tok_per_s": 193661.1, "load": 6.1728515625}
{"event": "step", "step": 40500, "loss": 4.5655, "lr": 0.0027637381197244356, "gnorm": 0.389, "tok_per_s": 193659.5, "load": 5.83837890625}
{"event": "step", "step": 40600, "loss": 4.7908, "lr": 0.0027624843776545365, "gnorm": 0.509, "tok_per_s": 193666.2, "load": 5.53076171875}
{"event": "step", "step": 40700, "loss": 4.4557, "lr": 0.0027612276386140963, "gnorm": 0.51, "tok_per_s": 193675.4, "load": 5.32763671875}
{"event": "step", "step": 40800, "loss": 4.4427, "lr": 0.002759967905988701, "gnorm": 0.652, "tok_per_s": 193667.7, "load": 5.32763671875}
{"event": "step", "step": 40900, "loss": 4.5202, "lr": 0.002758705183171998, "gnorm": 0.519, "tok_per_s": 193671.7, "load": 5.06103515625}
{"event": "step", "step": 41000, "loss": 4.6163, "lr": 0.002757439473565693, "gnorm": 0.441, "tok_per_s": 193660.6, "load": 4.8154296875}
{"event": "step", "step": 41100, "loss": 4.4843, "lr": 0.002756170780579537, "gnorm": 0.529, "tok_per_s": 193678.8, "load": 4.58984375}
{"event": "step", "step": 41200, "loss": 4.3566, "lr": 0.0027548991076313165, "gnorm": 0.379, "tok_per_s": 193700.4, "load": 4.46240234375}
{"event": "step", "step": 41300, "loss": 4.4409, "lr": 0.0027536244581468474, "gnorm": 0.421, "tok_per_s": 193631.8, "load": 4.34521484375}
{"event": "step", "step": 41400, "loss": 4.5465, "lr": 0.0027523468355599647, "gnorm": 0.531, "tok_per_s": 193654.2, "load": 4.2373046875}
{"event": "step", "step": 41500, "loss": 4.4896, "lr": 0.0027510662433125116, "gnorm": 0.399, "tok_per_s": 193664.0, "load": 4.2373046875}
{"event": "step", "step": 41600, "loss": 4.4197, "lr": 0.0027497826848543313, "gnorm": 0.48, "tok_per_s": 193657.3, "load": 4.13818359375}
{"event": "step", "step": 41700, "loss": 4.5335, "lr": 0.002748496163643259, "gnorm": 0.657, "tok_per_s": 193662.9, "load": 4.046875}
{"event": "step", "step": 41800, "loss": 4.3811, "lr": 0.002747206683145111, "gnorm": 0.451, "tok_per_s": 193658.9, "load": 3.962890625}
{"event": "step", "step": 41900, "loss": 4.5094, "lr": 0.002745914246833675, "gnorm": 0.369, "tok_per_s": 193669.9, "load": 3.8857421875}
{"event": "step", "step": 42000, "loss": 4.6928, "lr": 0.0027446188581907015, "gnorm": 0.427, "tok_per_s": 193652.0, "load": 3.97509765625}
{"event": "step", "step": 42100, "loss": 4.54, "lr": 0.002743320520705896, "gnorm": 0.54, "tok_per_s": 193683.4, "load": 3.97509765625}
{"event": "step", "step": 42200, "loss": 4.3813, "lr": 0.0027420192378769053, "gnorm": 0.366, "tok_per_s": 193695.2, "load": 3.81689453125}
{"event": "step", "step": 42300, "loss": 4.4429, "lr": 0.002740715013209314, "gnorm": 0.428, "tok_per_s": 193680.0, "load": 3.67138671875}
{"event": "step", "step": 42400, "loss": 4.6482, "lr": 0.0027394078502166294, "gnorm": 0.565, "tok_per_s": 193614.8, "load": 3.6171875}
{"event": "step", "step": 42500, "loss": 4.5744, "lr": 0.002738097752420276, "gnorm": 0.463, "tok_per_s": 193361.3, "load": 3.4873046875}
{"event": "step", "step": 42600, "loss": 4.5808, "lr": 0.0027367847233495824, "gnorm": 0.676, "tok_per_s": 193639.5, "load": 3.4482421875}
{"event": "step", "step": 42700, "loss": 4.7095, "lr": 0.0027354687665417762, "gnorm": 0.469, "tok_per_s": 193760.4, "load": 3.412109375}
{"event": "step", "step": 42800, "loss": 4.502, "lr": 0.002734149885541972, "gnorm": 0.668, "tok_per_s": 193656.8, "load": 3.412109375}
{"event": "step", "step": 42900, "loss": 4.4891, "lr": 0.0027328280839031597, "gnorm": 0.387, "tok_per_s": 193725.1, "load": 3.45947265625}
{"event": "step", "step": 43000, "loss": 4.5669, "lr": 0.0027315033651862, "gnorm": 0.52, "tok_per_s": 193729.8, "load": 3.5029296875}
{"event": "step", "step": 43100, "loss": 4.5919, "lr": 0.0027301757329598105, "gnorm": 0.388, "tok_per_s": 193728.3, "load": 3.46240234375}
{"event": "step", "step": 43200, "loss": 4.4708, "lr": 0.002728845190800558, "gnorm": 0.455, "tok_per_s": 193694.1, "load": 3.42529296875}
{"event": "step", "step": 43300, "loss": 4.4287, "lr": 0.002727511742292848, "gnorm": 0.629, "tok_per_s": 193703.3, "load": 3.39111328125}
{"event": "step", "step": 43400, "loss": 4.4082, "lr": 0.002726175391028917, "gnorm": 0.451, "tok_per_s": 193701.3, "load": 3.39111328125}
{"event": "step", "step": 43500, "loss": 4.5477, "lr": 0.0027248361406088193, "gnorm": 0.601, "tok_per_s": 193746.6, "load": 3.359375}
{"event": "step", "step": 43600, "loss": 4.599, "lr": 0.0027234939946404212, "gnorm": 0.624, "tok_per_s": 193559.9, "load": 3.33056640625}
{"event": "step", "step": 43700, "loss": 4.3869, "lr": 0.0027221489567393884, "gnorm": 0.473, "tok_per_s": 193710.6, "load": 3.38427734375}
{"event": "step", "step": 43800, "loss": 4.5025, "lr": 0.002720801030529178, "gnorm": 0.425, "tok_per_s": 193716.9, "load": 3.35302734375}
{"event": "step", "step": 43900, "loss": 4.4762, "lr": 0.0027194502196410267, "gnorm": 0.4, "tok_per_s": 193690.5, "load": 3.32470703125}
{"event": "step", "step": 44000, "loss": 4.4226, "lr": 0.0027180965277139443, "gnorm": 0.489, "tok_per_s": 193708.7, "load": 3.29833984375}
{"event": "step", "step": 44100, "loss": 4.4113, "lr": 0.0027167399583947005, "gnorm": 0.425, "tok_per_s": 193700.2, "load": 3.29833984375}
{"event": "step", "step": 44200, "loss": 4.6282, "lr": 0.0027153805153378166, "gnorm": 0.389, "tok_per_s": 193701.1, "load": 3.2744140625}
{"event": "step", "step": 44300, "loss": 4.5244, "lr": 0.002714018202205557, "gnorm": 0.412, "tok_per_s": 193724.0, "load": 3.33251953125}
{"event": "step", "step": 44400, "loss": 4.4286, "lr": 0.0027126530226679164, "gnorm": 0.391, "tok_per_s": 193730.8, "load": 3.3056640625}
{"event": "step", "step": 44500, "loss": 4.5281, "lr": 0.002711284980402611, "gnorm": 0.567, "tok_per_s": 193672.2, "load": 3.28076171875}
{"event": "step", "step": 44600, "loss": 4.5876, "lr": 0.0027099140790950715, "gnorm": 0.955, "tok_per_s": 193663.8, "load": 3.33837890625}
{"event": "step", "step": 44700, "loss": 4.4879, "lr": 0.0027085403224384286, "gnorm": 0.35, "tok_per_s": 193664.0, "load": 3.33837890625}
{"event": "step", "step": 44800, "loss": 4.6494, "lr": 0.0027071637141335048, "gnorm": 0.497, "tok_per_s": 193660.7, "load": 3.3916015625}
{"event": "step", "step": 44900, "loss": 4.2937, "lr": 0.002705784257888807, "gnorm": 0.454, "tok_per_s": 193669.1, "load": 3.35986328125}
{"event": "step", "step": 45000, "loss": 4.4249, "lr": 0.002704401957420512, "gnorm": 0.489, "tok_per_s": 193643.3, "load": 3.33056640625}
{"event": "step", "step": 45100, "loss": 4.6927, "lr": 0.0027030168164524607, "gnorm": 0.441, "tok_per_s": 170807.0, "load": 3.3037109375}
{"event": "step", "step": 45200, "loss": 4.6601, "lr": 0.002701628838716145, "gnorm": 0.472, "tok_per_s": 193711.1, "load": 3.279296875}
{"event": "step", "step": 45300, "loss": 4.5631, "lr": 0.0027002380279506984, "gnorm": 0.652, "tok_per_s": 193689.8, "load": 3.2568359375}
{"event": "step", "step": 45400, "loss": 4.529, "lr": 0.002698844387902887, "gnorm": 0.421, "tok_per_s": 193698.3, "load": 3.2568359375}
{"event": "step", "step": 45500, "loss": 4.4045, "lr": 0.0026974479223271, "gnorm": 0.364, "tok_per_s": 193699.9, "load": 3.23583984375}
{"event": "step", "step": 45600, "loss": 4.483, "lr": 0.002696048634985337, "gnorm": 0.713, "tok_per_s": 193700.1, "load": 3.216796875}
{"event": "step", "step": 45700, "loss": 4.5142, "lr": 0.002694646529647199, "gnorm": 0.615, "tok_per_s": 193723.3, "load": 3.19921875}
{"event": "step", "step": 45800, "loss": 4.4025, "lr": 0.0026932416100898804, "gnorm": 0.449, "tok_per_s": 193709.5, "load": 3.34375}
{"event": "step", "step": 45900, "loss": 4.4512, "lr": 0.0026918338800981543, "gnorm": 0.558, "tok_per_s": 193708.0, "load": 3.4765625}
{"event": "step", "step": 46000, "loss": 4.5273, "lr": 0.002690423343464367, "gnorm": 0.469, "tok_per_s": 193706.1, "load": 3.43798828125}
{"event": "step", "step": 46100, "loss": 4.5298, "lr": 0.002689010003988426, "gnorm": 0.737, "tok_per_s": 193706.7, "load": 3.43798828125}
{"event": "step", "step": 46200, "loss": 4.3872, "lr": 0.0026875938654777874, "gnorm": 0.416, "tok_per_s": 193577.8, "load": 3.40283203125}
{"event": "step", "step": 46300, "loss": 4.548, "lr": 0.002686174931747449, "gnorm": 0.473, "tok_per_s": 193708.8, "load": 3.3701171875}
{"event": "step", "step": 46400, "loss": 4.4876, "lr": 0.0026847532066199393, "gnorm": 0.39, "tok_per_s": 193702.0, "load": 3.26025390625}
{"event": "step", "step": 46500, "loss": 4.5932, "lr": 0.002683328693925306, "gnorm": 0.792, "tok_per_s": 193698.5, "load": 3.1591796875}
{"event": "step", "step": 46600, "loss": 4.56, "lr": 0.002681901397501106, "gnorm": 0.39, "tok_per_s": 193689.4, "load": 3.14599609375}
{"event": "step", "step": 46700, "loss": 4.456, "lr": 0.0026804713211923963, "gnorm": 0.438, "tok_per_s": 193655.1, "load": 3.14599609375}
{"event": "step", "step": 46800, "loss": 4.502, "lr": 0.0026790384688517217, "gnorm": 0.447, "tok_per_s": 193624.6, "load": 3.294921875}
{"event": "step", "step": 46900, "loss": 4.376, "lr": 0.002677602844339107, "gnorm": 0.413, "tok_per_s": 193707.7, "load": 3.431640625}
{"event": "step", "step": 47000, "loss": 4.5334, "lr": 0.0026761644515220433, "gnorm": 0.573, "tok_per_s": 193699.2, "load": 3.4775390625}
{"event": "step", "step": 47100, "loss": 4.3859, "lr": 0.0026747232942754807, "gnorm": 0.845, "tok_per_s": 193682.6, "load": 3.51953125}
{"event": "step", "step": 47200, "loss": 4.6578, "lr": 0.002673279376481816, "gnorm": 0.567, "tok_per_s": 193684.9, "load": 3.55810546875}
{"event": "step", "step": 47300, "loss": 4.5719, "lr": 0.0026718327020308816, "gnorm": 0.534, "tok_per_s": 193692.6, "load": 3.59375}
{"event": "step", "step": 47400, "loss": 4.6181, "lr": 0.0026703832748199395, "gnorm": 0.467, "tok_per_s": 193682.9, "load": 3.59375}
{"event": "step", "step": 47500, "loss": 4.3892, "lr": 0.002668931098753664, "gnorm": 0.966, "tok_per_s": 193669.3, "load": 3.62646484375}
{"event": "step", "step": 47600, "loss": 4.4196, "lr": 0.002667476177744136, "gnorm": 0.365, "tok_per_s": 193654.6, "load": 3.576171875}
{"event": "step", "step": 47700, "loss": 4.5637, "lr": 0.0026660185157108313, "gnorm": 0.411, "tok_per_s": 193672.2, "load": 3.44970703125}
{"event": "step", "step": 47800, "loss": 4.6035, "lr": 0.0026645581165806098, "gnorm": 0.394, "tok_per_s": 193704.0, "load": 3.494140625}
{"event": "step", "step": 47900, "loss": 4.7125, "lr": 0.0026630949842877056, "gnorm": 0.433, "tok_per_s": 193728.5, "load": 3.3740234375}
{"event": "step", "step": 48000, "loss": 4.5939, "lr": 0.002661629122773713, "gnorm": 0.462, "tok_per_s": 193707.6, "load": 3.3740234375}
{"event": "step", "step": 48100, "loss": 4.3923, "lr": 0.002660160535987583, "gnorm": 0.48, "tok_per_s": 193733.8, "load": 3.263671875}
{"event": "step", "step": 48200, "loss": 4.5004, "lr": 0.0026586892278856046, "gnorm": 0.403, "tok_per_s": 193694.6, "load": 3.162109375}
{"event": "step", "step": 48300, "loss": 4.5788, "lr": 0.0026572152024314, "gnorm": 0.614, "tok_per_s": 193645.1, "load": 3.3095703125}
{"event": "step", "step": 48400, "loss": 4.5341, "lr": 0.0026557384635959107, "gnorm": 0.439, "tok_per_s": 193679.8, "load": 3.28466796875}
{"event": "step", "step": 48500, "loss": 4.414, "lr": 0.002654259015357389, "gnorm": 0.386, "tok_per_s": 193677.0, "load": 3.26171875}
{"event": "step", "step": 48600, "loss": 4.5585, "lr": 0.002652776861701385, "gnorm": 0.725, "tok_per_s": 193703.8, "load": 3.24072265625}
{"event": "step", "step": 48700, "loss": 4.5884, "lr": 0.002651292006620737, "gnorm": 0.563, "tok_per_s": 193275.5, "load": 3.24072265625}
{"event": "step", "step": 48800, "loss": 4.627, "lr": 0.002649804454115563, "gnorm": 0.537, "tok_per_s": 193727.1, "load": 3.3017578125}
{"event": "step", "step": 48900, "loss": 4.3861, "lr": 0.0026483142081932445, "gnorm": 0.539, "tok_per_s": 193732.7, "load": 3.35791015625}
{"event": "step", "step": 49000, "loss": 4.5823, "lr": 0.0026468212728684207, "gnorm": 0.68, "tok_per_s": 193720.3, "load": 3.40966796875}
{"event": "step", "step": 49100, "loss": 4.5804, "lr": 0.0026453256521629764, "gnorm": 0.472, "tok_per_s": 193690.7, "load": 3.45703125}
{"event": "step", "step": 49200, "loss": 4.6667, "lr": 0.0026438273501060293, "gnorm": 0.576, "tok_per_s": 193625.6, "load": 3.6611328125}
{"event": "step", "step": 49300, "loss": 4.5351, "lr": 0.0026423263707339214, "gnorm": 0.899, "tok_per_s": 193677.6, "load": 3.6611328125}
{"event": "step", "step": 49400, "loss": 4.5369, "lr": 0.002640822718090207, "gnorm": 0.492, "tok_per_s": 193725.1, "load": 3.6884765625}
{"event": "step", "step": 49500, "loss": 4.372, "lr": 0.0026393163962256413, "gnorm": 0.721, "tok_per_s": 193717.7, "load": 3.63330078125}
{"event": "step", "step": 49600, "loss": 4.48, "lr": 0.002637807409198172, "gnorm": 0.566, "tok_per_s": 193273.5, "load": 3.6630859375}
{"event": "step", "step": 49700, "loss": 4.526, "lr": 0.002636295761072925, "gnorm": 0.783, "tok_per_s": 193796.0, "load": 3.60986328125}
{"event": "step", "step": 49800, "loss": 4.5116, "lr": 0.002634781455922196, "gnorm": 0.823, "tok_per_s": 193456.9, "load": 4.12158203125}
{"event": "step", "step": 49900, "loss": 4.4783, "lr": 0.0026332644978254377, "gnorm": 0.571, "tok_per_s": 193770.2, "load": 4.11181640625}
{"event": "step", "step": 50000, "loss": 4.6194, "lr": 0.00263174489086925, "gnorm": 0.544, "tok_per_s": 193782.3, "load": 4.11181640625}
{"event": "step", "step": 50100, "loss": 4.5228, "lr": 0.0026302226391473698, "gnorm": 0.693, "tok_per_s": 171042.8, "load": 4.1025390625}
{"event": "step", "step": 50200, "loss": 4.5269, "lr": 0.0026286977467606565, "gnorm": 0.39, "tok_per_s": 193743.7, "load": 4.09423828125}
{"event": "step", "step": 50300, "loss": 4.5113, "lr": 0.002627170217817086, "gnorm": 0.765, "tok_per_s": 193744.3, "load": 4.08642578125}
{"event": "step", "step": 50400, "loss": 4.4366, "lr": 0.0026256400564317354, "gnorm": 0.474, "tok_per_s": 193770.2, "load": 4.0791015625}
{"event": "step", "step": 50500, "loss": 4.405, "lr": 0.0026241072667267723, "gnorm": 0.706, "tok_per_s": 193767.9, "load": 4.07275390625}
{"event": "step", "step": 50600, "loss": 4.5652, "lr": 0.002622571852831448, "gnorm": 0.543, "tok_per_s": 193502.5, "load": 4.06689453125}
{"event": "step", "step": 50700, "loss": 4.4589, "lr": 0.002621033818882081, "gnorm": 0.84, "tok_per_s": 193766.4, "load": 4.06689453125}
{"event": "step", "step": 50800, "loss": 4.469, "lr": 0.002619493169022048, "gnorm": 0.705, "tok_per_s": 193788.1, "load": 4.0615234375}
{"event": "step", "step": 50900, "loss": 4.3435, "lr": 0.0026179499074017736, "gnorm": 0.549, "tok_per_s": 193720.8, "load": 4.05615234375}
{"event": "step", "step": 51000, "loss": 4.5974, "lr": 0.002616404038178718, "gnorm": 0.472, "tok_per_s": 193714.8, "load": 3.81103515625}
{"event": "step", "step": 51100, "loss": 4.6482, "lr": 0.002614855565517366, "gnorm": 1.106, "tok_per_s": 193724.7, "load": 3.66552734375}
{"event": "step", "step": 51200, "loss": 4.5414, "lr": 0.0026133044935892176, "gnorm": 0.392, "tok_per_s": 193710.9, "load": 3.61181640625}
{"event": "step", "step": 51300, "loss": 4.6152, "lr": 0.0026117508265727715, "gnorm": 0.657, "tok_per_s": 193584.9, "load": 3.482421875}
{"event": "step", "step": 51400, "loss": 4.7125, "lr": 0.0026101945686535207, "gnorm": 0.884, "tok_per_s": 193357.5, "load": 3.482421875}
{"event": "step", "step": 51500, "loss": 4.6114, "lr": 0.0026086357240239365, "gnorm": 0.401, "tok_per_s": 193761.7, "load": 3.443359375}
{"event": "step", "step": 51600, "loss": 4.6166, "lr": 0.0026070742968834592, "gnorm": 0.595, "tok_per_s": 193717.2, "load": 3.48828125}
{"event": "step", "step": 51700, "loss": 4.544, "lr": 0.0026055102914384854, "gnorm": 0.985, "tok_per_s": 193716.4, "load": 3.529296875}
{"event": "step", "step": 51800, "loss": 4.5549, "lr": 0.0026039437119023587, "gnorm": 0.399, "tok_per_s": 193805.2, "load": 3.48681640625}
{"event": "step", "step": 51900, "loss": 4.5081, "lr": 0.0026023745624953565, "gnorm": 0.603, "tok_per_s": 193782.1, "load": 3.44775390625}
{"event": "step", "step": 52000, "loss": 4.5585, "lr": 0.0026008028474446792, "gnorm": 0.433, "tok_per_s": 193777.1, "load": 3.44775390625}
{"event": "step", "step": 52100, "loss": 4.4688, "lr": 0.0025992285709844384, "gnorm": 0.551, "tok_per_s": 193795.6, "load": 3.41162109375}
{"event": "step", "step": 52200, "loss": 4.4113, "lr": 0.0025976517373556478, "gnorm": 0.452, "tok_per_s": 193788.1, "load": 3.37841796875}
{"event": "step", "step": 52300, "loss": 4.4363, "lr": 0.002596072350806208, "gnorm": 0.575, "tok_per_s": 193780.0, "load": 3.34765625}
{"event": "step", "step": 52400, "loss": 4.4587, "lr": 0.0025944904155908977, "gnorm": 0.867, "tok_per_s": 193742.7, "load": 3.39990234375}
{"event": "step", "step": 52500, "loss": 4.6052, "lr": 0.002592905935971362, "gnorm": 0.516, "tok_per_s": 193764.4, "load": 3.28759765625}
{"event": "step", "step": 52600, "loss": 4.4181, "lr": 0.0025913189162161004, "gnorm": 0.565, "tok_per_s": 193677.4, "load": 3.26416015625}
{"event": "step", "step": 52700, "loss": 4.7336, "lr": 0.0025897293606004547, "gnorm": 0.945, "tok_per_s": 193674.8, "load": 3.26416015625}
{"event": "step", "step": 52800, "loss": 4.5841, "lr": 0.0025881372734065985, "gnorm": 0.632, "tok_per_s": 193713.1, "load": 3.24267578125}
{"event": "step", "step": 52900, "loss": 4.5418, "lr": 0.002586542658923526, "gnorm": 0.624, "tok_per_s": 193722.9, "load": 3.3037109375}
{"event": "step", "step": 53000, "loss": 4.4873, "lr": 0.0025849455214470387, "gnorm": 0.575, "tok_per_s": 193657.0, "load": 3.35986328125}
{"event": "step", "step": 53100, "loss": 4.5546, "lr": 0.002583345865279736, "gnorm": 0.525, "tok_per_s": 193704.3, "load": 3.4111328125}
{"event": "step", "step": 53200, "loss": 4.6011, "lr": 0.002581743694731001, "gnorm": 1.093, "tok_per_s": 193680.3, "load": 3.45849609375}
{"event": "step", "step": 53300, "loss": 4.6304, "lr": 0.0025801390141169923, "gnorm": 0.566, "tok_per_s": 193692.3, "load": 3.45849609375}
{"event": "step", "step": 53400, "loss": 4.5886, "lr": 0.002578531827760629, "gnorm": 0.418, "tok_per_s": 193708.9, "load": 3.501953125}
{"event": "step", "step": 53500, "loss": 4.5068, "lr": 0.002576922139991581, "gnorm": 0.398, "tok_per_s": 193738.2, "load": 3.5419921875}
{"event": "step", "step": 53600, "loss": 4.3879, "lr": 0.0025753099551462572, "gnorm": 0.611, "tok_per_s": 193699.4, "load": 3.49853515625}
{"event": "step", "step": 53700, "loss": 4.4906, "lr": 0.002573695277567793, "gnorm": 0.773, "tok_per_s": 193718.3, "load": 3.45849609375}
{"event": "step", "step": 53800, "loss": 4.6015, "lr": 0.0025720781116060393, "gnorm": 0.477, "tok_per_s": 193704.2, "load": 3.42138671875}
{"event": "step", "step": 53900, "loss": 4.5029, "lr": 0.0025704584616175505, "gnorm": 0.668, "tok_per_s": 193734.1, "load": 3.38720703125}
{"event": "step", "step": 54000, "loss": 4.4827, "lr": 0.0025688363319655723, "gnorm": 0.473, "tok_per_s": 193726.5, "load": 3.38720703125}
{"event": "step", "step": 54100, "loss": 4.4612, "lr": 0.0025672117270200325, "gnorm": 1.071, "tok_per_s": 193705.4, "load": 3.4365234375}
{"event": "step", "step": 54200, "loss": 4.6233, "lr": 0.002565584651157524, "gnorm": 0.458, "tok_per_s": 193737.4, "load": 3.48193359375}
{"event": "step", "step": 54300, "loss": 4.5065, "lr": 0.0025639551087612996, "gnorm": 0.561, "tok_per_s": 193734.7, "load": 3.44287109375}
{"event": "step", "step": 54400, "loss": 4.5735, "lr": 0.0025623231042212536, "gnorm": 0.628, "tok_per_s": 193725.9, "load": 3.4072265625}
{"event": "step", "step": 54500, "loss": 4.4462, "lr": 0.002560688641933916, "gnorm": 0.49, "tok_per_s": 193734.0, "load": 3.37451171875}
{"event": "step", "step": 54600, "loss": 4.4645, "lr": 0.002559051726302436, "gnorm": 0.462, "tok_per_s": 193723.1, "load": 3.37451171875}
{"event": "step", "step": 54700, "loss": 4.6031, "lr": 0.0025574123617365723, "gnorm": 0.463, "tok_per_s": 193594.9, "load": 3.34423828125}
{"event": "step", "step": 54800, "loss": 4.5346, "lr": 0.0025557705526526816, "gnorm": 0.489, "tok_per_s": 193726.4, "load": 3.236328125}
{"event": "step", "step": 54900, "loss": 4.4192, "lr": 0.0025541263034737052, "gnorm": 0.422, "tok_per_s": 193736.7, "load": 3.13720703125}
{"event": "step", "step": 55000, "loss": 4.5151, "lr": 0.0025524796186291586, "gnorm": 0.493, "tok_per_s": 193687.4, "load": 3.1259765625}
{"event": "step", "step": 55100, "loss": 4.5638, "lr": 0.002550830502555118, "gnorm": 0.472, "tok_per_s": 170411.0, "load": 3.11572265625}
{"event": "step", "step": 55200, "loss": 4.5005, "lr": 0.00254917895969421, "gnorm": 0.863, "tok_per_s": 193714.5, "load": 3.1064453125}
{"event": "step", "step": 55300, "loss": 4.5871, "lr": 0.002547524994495598, "gnorm": 0.724, "tok_per_s": 193688.0, "load": 3.1064453125}
{"event": "step", "step": 55400, "loss": 4.6316, "lr": 0.0025458686114149718, "gnorm": 0.462, "tok_per_s": 193757.8, "load": 3.09765625}
{"event": "step", "step": 55500, "loss": 4.4408, "lr": 0.002544209814914535, "gnorm": 0.529, "tok_per_s": 193733.5, "load": 7.974609375}
{"event": "step", "step": 55600, "loss": 4.5173, "lr": 0.0025425486094629917, "gnorm": 0.684, "tok_per_s": 193728.2, "load": 7.576171875}
{"event": "step", "step": 55700, "loss": 4.4931, "lr": 0.0025408849995355366, "gnorm": 0.5, "tok_per_s": 193733.7, "load": 7.28955078125}
{"event": "step", "step": 55800, "loss": 4.5108, "lr": 0.0025392189896138407, "gnorm": 0.516, "tok_per_s": 193722.7, "load": 7.02587890625}
{"event": "step", "step": 55900, "loss": 4.5803, "lr": 0.002537550584186043, "gnorm": 0.752, "tok_per_s": 193746.2, "load": 6.783203125}
{"event": "step", "step": 56000, "loss": 4.6484, "lr": 0.0025358797877467324, "gnorm": 0.79, "tok_per_s": 193722.0, "load": 6.783203125}
{"event": "step", "step": 56100, "loss": 4.5425, "lr": 0.002534206604796942, "gnorm": 0.519, "tok_per_s": 193750.4, "load": 6.47998046875}
{"event": "step", "step": 56200, "loss": 4.4199, "lr": 0.0025325310398441325, "gnorm": 0.455, "tok_per_s": 193738.2, "load": 6.201171875}
{"event": "step", "step": 56300, "loss": 4.4179, "lr": 0.0025308530974021822, "gnorm": 0.61, "tok_per_s": 193729.1, "load": 5.94482421875}
{"event": "step", "step": 56400, "loss": 4.5931, "lr": 0.0025291727819913737, "gnorm": 0.532, "tok_per_s": 193737.5, "load": 5.708984375}
{"event": "step", "step": 56500, "loss": 4.4887, "lr": 0.0025274900981383827, "gnorm": 1.294, "tok_per_s": 193705.2, "load": 5.49169921875}
{"event": "step", "step": 56600, "loss": 4.527, "lr": 0.0025258050503762647, "gnorm": 0.811, "tok_per_s": 193707.0, "load": 5.49169921875}
{"event": "step", "step": 56700, "loss": 4.6336, "lr": 0.0025241176432444445, "gnorm": 0.511, "tok_per_s": 193716.4, "load": 5.2919921875}
{"event": "step", "step": 56800, "loss": 4.4885, "lr": 0.0025224278812887016, "gnorm": 0.509, "tok_per_s": 193652.2, "load": 5.1884765625}
{"event": "step", "step": 56900, "loss": 4.5289, "lr": 0.0025207357690611608, "gnorm": 0.448, "tok_per_s": 193692.6, "load": 5.09326171875}
{"event": "step", "step": 57000, "loss": 4.4034, "lr": 0.0025190413111202768, "gnorm": 0.391, "tok_per_s": 193693.7, "load": 5.00537109375}
{"event": "step", "step": 57100, "loss": 4.5521, "lr": 0.0025173445120308248, "gnorm": 0.411, "tok_per_s": 193693.5, "load": 4.9248046875}
{"event": "step", "step": 57200, "loss": 4.4951, "lr": 0.002515645376363886, "gnorm": 0.437, "tok_per_s": 193622.0, "load": 4.7705078125}
{"event": "step", "step": 57300, "loss": 4.2974, "lr": 0.002513943908696837, "gnorm": 0.5, "tok_per_s": 193694.8, "load": 4.7705078125}
{"event": "step", "step": 57400, "loss": 4.5454, "lr": 0.002512240113613336, "gnorm": 0.51, "tok_per_s": 193713.5, "load": 4.62841796875}
{"event": "step", "step": 57500, "loss": 4.467, "lr": 0.0025105339957033125, "gnorm": 0.56, "tok_per_s": 193731.5, "load": 4.49755859375}
{"event": "step", "step": 57600, "loss": 4.3518, "lr": 0.002508825559562951, "gnorm": 0.593, "tok_per_s": 193703.9, "load": 4.37744140625}
{"event": "step", "step": 57700, "loss": 4.404, "lr": 0.002507114809794683, "gnorm": 0.646, "tok_per_s": 193734.3, "load": 4.26708984375}
{"event": "step", "step": 57800, "loss": 4.625, "lr": 0.0025054017510071727, "gnorm": 0.562, "tok_per_s": 193798.2, "load": 4.16552734375}
{"event": "step", "step": 57900, "loss": 4.4017, "lr": 0.002503686387815305, "gnorm": 0.755, "tok_per_s": 193816.9, "load": 4.16552734375}
{"event": "step", "step": 58000, "loss": 4.5612, "lr": 0.002501968724840171, "gnorm": 0.446, "tok_per_s": 193780.8, "load": 4.07177734375}
{"event": "step", "step": 58100, "loss": 4.4935, "lr": 0.0025002487667090596, "gnorm": 0.755, "tok_per_s": 193699.4, "load": 4.2265625}
{"event": "step", "step": 58200, "loss": 4.5238, "lr": 0.002498526518055441, "gnorm": 1.352, "tok_per_s": 193623.8, "load": 4.0478515625}
{"event": "step", "step": 58300, "loss": 4.7148, "lr": 0.0024968019835189563, "gnorm": 0.775, "tok_per_s": 193689.2, "load": 3.9638671875}
{"event": "step", "step": 58400, "loss": 4.3458, "lr": 0.0024950751677454055, "gnorm": 0.523, "tok_per_s": 193680.6, "load": 3.88623046875}
{"event": "step", "step": 58500, "loss": 4.5829, "lr": 0.0024933460753867325, "gnorm": 0.538, "tok_per_s": 193687.1, "load": 3.81494140625}
{"event": "step", "step": 58600, "loss": 4.4592, "lr": 0.0024916147111010162, "gnorm": 0.578, "tok_per_s": 193737.4, "load": 3.81494140625}
{"event": "step", "step": 58700, "loss": 4.592, "lr": 0.0024898810795524547, "gnorm": 0.726, "tok_per_s": 193781.5, "load": 3.74951171875}
{"event": "step", "step": 58800, "loss": 4.4882, "lr": 0.0024881451854113536, "gnorm": 0.586, "tok_per_s": 193779.9, "load": 3.689453125}
{"event": "step", "step": 58900, "loss": 4.4734, "lr": 0.002486407033354115, "gnorm": 0.541, "tok_per_s": 193731.9, "load": 3.6337890625}
{"event": "step", "step": 59000, "loss": 4.4729, "lr": 0.002484666628063223, "gnorm": 0.497, "tok_per_s": 193717.2, "load": 3.66357421875}
{"event": "step", "step": 59100, "loss": 4.4311, "lr": 0.0024829239742272307, "gnorm": 0.444, "tok_per_s": 193728.6, "load": 3.6103515625}
{"event": "step", "step": 59200, "loss": 4.5719, "lr": 0.002481179076540752, "gnorm": 0.601, "tok_per_s": 193749.1, "load": 3.6103515625}
{"event": "step", "step": 59300, "loss": 4.6436, "lr": 0.0024794319397044417, "gnorm": 0.512, "tok_per_s": 193757.2, "load": 3.56103515625}
{"event": "step", "step": 59400, "loss": 4.5078, "lr": 0.002477682568424989, "gnorm": 0.466, "tok_per_s": 193738.8, "load": 3.515625}
{"event": "step", "step": 59500, "loss": 4.6167, "lr": 0.0024759309674151028, "gnorm": 0.46, "tok_per_s": 193477.3, "load": 8.51953125}
{"event": "step", "step": 59600, "loss": 4.6323, "lr": 0.002474177141393497, "gnorm": 0.407, "tok_per_s": 193716.4, "load": 8.0771484375}
{"event": "step", "step": 59700, "loss": 4.4106, "lr": 0.0024724210950848808, "gnorm": 0.665, "tok_per_s": 193725.3, "load": 7.59033203125}
{"event": "step", "step": 59800, "loss": 4.4384, "lr": 0.0024706628332199446, "gnorm": 0.992, "tok_per_s": 193603.6, "load": 7.22265625}
{"event": "step", "step": 59900, "loss": 4.2408, "lr": 0.0024689023605353475, "gnorm": 0.488, "tok_per_s": 193757.7, "load": 7.22265625}
{"event": "step", "step": 60000, "loss": 4.5461, "lr": 0.0024671396817737036, "gnorm": 0.985, "tok_per_s": 193728.2, "load": 6.88427734375}
eval 60000 {'bpb': 1.473689690722756, 'nats_per_token': 4.443351862522132, 'tokens': 16379, 'bytes': 71247}
{"event": "step", "step": 60100, "loss": 4.6607, "lr": 0.0024653748016835713, "gnorm": 0.569, "tok_per_s": 168083.9, "load": 6.57275390625}
{"event": "step", "step": 60200, "loss": 4.4449, "lr": 0.002463607725019438, "gnorm": 0.522, "tok_per_s": 193742.7, "load": 6.28662109375}
{"event": "step", "step": 60300, "loss": 4.5133, "lr": 0.0024618384565417103, "gnorm": 0.637, "tok_per_s": 193743.0, "load": 6.02294921875}
{"event": "step", "step": 60400, "loss": 4.5855, "lr": 0.0024600670010166974, "gnorm": 0.625, "tok_per_s": 193782.9, "load": 5.86083984375}
{"event": "step", "step": 60500, "loss": 4.6611, "lr": 0.0024582933632166007, "gnorm": 0.882, "tok_per_s": 193787.4, "load": 5.71142578125}
{"event": "step", "step": 60600, "loss": 4.5518, "lr": 0.002456517547919502, "gnorm": 0.591, "tok_per_s": 193770.7, "load": 5.71142578125}
{"event": "step", "step": 60700, "loss": 4.4404, "lr": 0.0024547395599093472, "gnorm": 0.411, "tok_per_s": 193758.1, "load": 5.57421875}
{"event": "step", "step": 60800, "loss": 4.5845, "lr": 0.002452959403975937, "gnorm": 0.551, "tok_per_s": 193785.3, "load": 5.6083984375}
{"event": "step", "step": 60900, "loss": 4.396, "lr": 0.002451177084914912, "gnorm": 0.68, "tok_per_s": 193757.4, "load": 5.5595703125}
{"event": "step", "step": 61000, "loss": 4.6695, "lr": 0.0024493926075277394, "gnorm": 0.613, "tok_per_s": 193774.1, "load": 5.3544921875}
{"event": "step", "step": 61100, "loss": 4.5539, "lr": 0.0024476059766217004, "gnorm": 0.505, "tok_per_s": 193771.5, "load": 5.16552734375}
{"event": "step", "step": 61200, "loss": 4.4637, "lr": 0.00244581719700988, "gnorm": 0.446, "tok_per_s": 193774.0, "load": 5.07177734375}
{"event": "step", "step": 61300, "loss": 4.4606, "lr": 0.0024440262735111492, "gnorm": 0.553, "tok_per_s": 193788.4, "load": 5.07177734375}
{"event": "step", "step": 61400, "loss": 4.4512, "lr": 0.0024422332109501556, "gnorm": 0.812, "tok_per_s": 193782.3, "load": 4.82568359375}
{"event": "step", "step": 61500, "loss": 4.5275, "lr": 0.0024404380141573095, "gnorm": 0.481, "tok_per_s": 193701.3, "load": 4.59912109375}
{"event": "step", "step": 61600, "loss": 4.5254, "lr": 0.00243864068796877, "gnorm": 0.561, "tok_per_s": 193799.6, "load": 4.87158203125}
{"event": "step", "step": 61700, "loss": 4.3947, "lr": 0.0024368412372264333, "gnorm": 0.528, "tok_per_s": 193805.0, "load": 4.7216796875}
{"event": "step", "step": 61800, "loss": 4.4841, "lr": 0.0024350396667779193, "gnorm": 0.627, "tok_per_s": 193812.8, "load": 5.544921875}
{"event": "step", "step": 61900, "loss": 4.6694, "lr": 0.0024332359814765573, "gnorm": 0.659, "tok_per_s": 193763.7, "load": 5.544921875}
{"event": "step", "step": 62000, "loss": 4.4589, "lr": 0.0024314301861813738, "gnorm": 0.517, "tok_per_s": 193798.2, "load": 5.4208984375}
{"event": "step", "step": 62100, "loss": 4.634, "lr": 0.0024296222857570814, "gnorm": 0.546, "tok_per_s": 193800.1, "load": 5.2265625}
{"event": "step", "step": 62200, "loss": 4.5963, "lr": 0.0024278122850740617, "gnorm": 0.468, "tok_per_s": 193810.5, "load": 5.1279296875}
{"event": "step", "step": 62300, "loss": 4.5734, "lr": 0.0024260001890083547, "gnorm": 0.483, "tok_per_s": 193826.2, "load": 4.95751953125}
{"event": "step", "step": 62400, "loss": 4.3778, "lr": 0.002424186002441646, "gnorm": 0.674, "tok_per_s": 193825.9, "load": 4.9609375}
{"event": "step", "step": 62500, "loss": 4.6019, "lr": 0.0024223697302612527, "gnorm": 0.526, "tok_per_s": 193806.0, "load": 4.8037109375}
{"event": "step", "step": 62600, "loss": 4.4406, "lr": 0.00242055137736011, "gnorm": 0.514, "tok_per_s": 193747.3, "load": 4.8037109375}
{"event": "step", "step": 62700, "loss": 4.5929, "lr": 0.002418730948636759, "gnorm": 0.431, "tok_per_s": 193805.2, "load": 4.6591796875}
{"event": "step", "step": 62800, "loss": 4.5921, "lr": 0.0024169084489953315, "gnorm": 0.647, "tok_per_s": 193736.0, "load": 4.52587890625}
{"event": "step", "step": 62900, "loss": 4.534, "lr": 0.002415083883345541, "gnorm": 0.499, "tok_per_s": 193776.9, "load": 4.4033203125}
{"event": "step", "step": 63000, "loss": 4.3744, "lr": 0.0024132572566026643, "gnorm": 0.631, "tok_per_s": 193780.0, "load": 4.21044921875}
{"event": "step", "step": 63100, "loss": 4.4619, "lr": 0.002411428573687531, "gnorm": 0.576, "tok_per_s": 193803.9, "load": 4.11328125}
{"event": "step", "step": 63200, "loss": 4.297, "lr": 0.002409597839526511, "gnorm": 0.736, "tok_per_s": 193632.7, "load": 4.11328125}
{"event": "step", "step": 63300, "loss": 4.5291, "lr": 0.0024077650590514986, "gnorm": 0.484, "tok_per_s": 193762.5, "load": 4.02392578125}
{"event": "step", "step": 63400, "loss": 4.5195, "lr": 0.002405930237199903, "gnorm": 0.898, "tok_per_s": 193537.2, "load": 4.02197265625}
{"event": "step", "step": 63500, "loss": 4.5341, "lr": 0.0024040933789146305, "gnorm": 0.988, "tok_per_s": 192847.3, "load": 3.85986328125}
{"event": "step", "step": 63600, "loss": 4.5462, "lr": 0.002402254489144074, "gnorm": 0.533, "tok_per_s": 192880.0, "load": 3.79052734375}
{"event": "step", "step": 63700, "loss": 4.6496, "lr": 0.0024004135728421003, "gnorm": 0.693, "tok_per_s": 192796.8, "load": 3.64697265625}
{"event": "step", "step": 63800, "loss": 4.5742, "lr": 0.002398570634968035, "gnorm": 1.68, "tok_per_s": 192865.8, "load": 3.5146484375}
{"event": "step", "step": 63900, "loss": 4.7102, "lr": 0.0023967256804866477, "gnorm": 0.863, "tok_per_s": 192781.8, "load": 3.5146484375}
{"event": "step", "step": 64000, "loss": 4.7098, "lr": 0.0023948787143681432, "gnorm": 0.898, "tok_per_s": 192799.5, "load": 3.39306640625}
{"event": "step", "step": 64100, "loss": 4.4026, "lr": 0.0023930297415881456, "gnorm": 0.503, "tok_per_s": 192764.8, "load": 3.28125}
{"event": "step", "step": 64200, "loss": 4.6613, "lr": 0.002391178767127683, "gnorm": 0.849, "tok_per_s": 192816.3, "load": 3.17822265625}
{"event": "step", "step": 64300, "loss": 4.5235, "lr": 0.002389325795973177, "gnorm": 1.233, "tok_per_s": 192866.8, "load": 3.08349609375}
{"event": "step", "step": 64400, "loss": 4.4348, "lr": 0.002387470833116428, "gnorm": 0.485, "tok_per_s": 192897.4, "load": 2.99658203125}
{"event": "step", "step": 64500, "loss": 4.4976, "lr": 0.0023856138835546014, "gnorm": 0.445, "tok_per_s": 192881.8, "load": 2.91650390625}
{"event": "step", "step": 64600, "loss": 4.5025, "lr": 0.0023837549522902164, "gnorm": 0.438, "tok_per_s": 192916.3, "load": 2.91650390625}
{"event": "step", "step": 64700, "loss": 4.4628, "lr": 0.002381894044331128, "gnorm": 0.547, "tok_per_s": 193034.6, "load": 2.8427734375}
{"event": "step", "step": 64800, "loss": 4.5459, "lr": 0.00238003116469052, "gnorm": 0.966, "tok_per_s": 193176.8, "load": 2.77490234375}
{"event": "step", "step": 64900, "loss": 4.5021, "lr": 0.002378166318386884, "gnorm": 1.06, "tok_per_s": 193060.4, "load": 2.71240234375}
{"event": "step", "step": 65000, "loss": 4.435, "lr": 0.0023762995104440114, "gnorm": 0.432, "tok_per_s": 193115.6, "load": 2.6552734375}
{"event": "step", "step": 65100, "loss": 4.3755, "lr": 0.002374430745890979, "gnorm": 1.169, "tok_per_s": 168622.6, "load": 2.6025390625}
{"event": "step", "step": 65200, "loss": 4.4597, "lr": 0.0023725600297621334, "gnorm": 0.813, "tok_per_s": 193125.8, "load": 2.634765625}
{"event": "step", "step": 65300, "loss": 4.4102, "lr": 0.0023706873670970787, "gnorm": 0.462, "tok_per_s": 193178.0, "load": 2.634765625}
{"event": "step", "step": 65400, "loss": 4.318, "lr": 0.0023688127629406634, "gnorm": 0.431, "tok_per_s": 193079.6, "load": 2.58349609375}
{"event": "step", "step": 65500, "loss": 4.5548, "lr": 0.0023669362223429666, "gnorm": 0.906, "tok_per_s": 193183.3, "load": 2.53662109375}
{"event": "step", "step": 65600, "loss": 4.4956, "lr": 0.002365057750359283, "gnorm": 0.632, "tok_per_s": 193166.5, "load": 2.4931640625}
{"event": "step", "step": 65700, "loss": 4.5412, "lr": 0.0023631773520501097, "gnorm": 0.619, "tok_per_s": 193069.9, "load": 2.45361328125}
{"event": "step", "step": 65800, "loss": 4.4294, "lr": 0.0023612950324811356, "gnorm": 0.429, "tok_per_s": 193042.7, "load": 2.65771484375}
{"event": "step", "step": 65900, "loss": 4.5776, "lr": 0.0023594107967232236, "gnorm": 0.564, "tok_per_s": 193094.5, "load": 2.60498046875}
{"event": "step", "step": 66000, "loss": 4.5082, "lr": 0.0023575246498523995, "gnorm": 0.56, "tok_per_s": 193131.7, "load": 2.60498046875}
{"event": "step", "step": 66100, "loss": 4.6526, "lr": 0.002355636596949837, "gnorm": 0.845, "tok_per_s": 193145.4, "load": 2.716796875}
{"event": "step", "step": 66200, "loss": 4.5796, "lr": 0.0023537466431018447, "gnorm": 0.558, "tok_per_s": 193030.5, "load": 2.6591796875}
{"event": "step", "step": 66300, "loss": 4.4821, "lr": 0.0023518547933998523, "gnorm": 0.623, "tok_per_s": 193173.7, "load": 2.60595703125}
{"event": "step", "step": 66400, "loss": 4.4871, "lr": 0.002349961052940397, "gnorm": 0.528, "tok_per_s": 193175.6, "load": 2.55712890625}
{"event": "step", "step": 66500, "loss": 4.3887, "lr": 0.0023480654268251094, "gnorm": 0.488, "tok_per_s": 193104.6, "load": 2.5927734375}
{"event": "step", "step": 66600, "loss": 4.6224, "lr": 0.0023461679201607004, "gnorm": 1.024, "tok_per_s": 193123.1, "load": 2.5927734375}
{"event": "step", "step": 66700, "loss": 4.6017, "lr": 0.0023442685380589455, "gnorm": 0.764, "tok_per_s": 193063.6, "load": 2.70556640625}
{"event": "step", "step": 66800, "loss": 4.3751, "lr": 0.0023423672856366746, "gnorm": 1.081, "tok_per_s": 193106.7, "load": 2.64892578125}
{"event": "step", "step": 66900, "loss": 4.3133, "lr": 0.0023404641680157545, "gnorm": 0.427, "tok_per_s": 193129.6, "load": 2.67724609375}
{"event": "step", "step": 67000, "loss": 4.4242, "lr": 0.002338559190323077, "gnorm": 1.139, "tok_per_s": 193217.9, "load": 7.748046875}
{"event": "step", "step": 67100, "loss": 4.4152, "lr": 0.0023366523576905467, "gnorm": 0.87, "tok_per_s": 193060.6, "load": 12.4130859375}
{"event": "step", "step": 67200, "loss": 4.4638, "lr": 0.002334743675255063, "gnorm": 0.771, "tok_per_s": 193085.1, "load": 16.86474609375}
{"event": "step", "step": 67300, "loss": 4.7487, "lr": 0.0023328331481585083, "gnorm": 0.916, "tok_per_s": 193127.8, "load": 16.86474609375}
{"event": "step", "step": 67400, "loss": 4.2598, "lr": 0.0023309207815477373, "gnorm": 0.546, "tok_per_s": 193074.8, "load": 20.7998046875}
{"event": "step", "step": 67500, "loss": 4.4647, "lr": 0.0023290065805745574, "gnorm": 0.482, "tok_per_s": 193061.3, "load": 24.41943359375}
{"event": "step", "step": 67600, "loss": 4.5469, "lr": 0.0023270905503957186, "gnorm": 0.865, "tok_per_s": 193079.6, "load": 27.82958984375}
{"event": "step", "step": 67700, "loss": 4.4343, "lr": 0.002325172696172899, "gnorm": 0.796, "tok_per_s": 193123.3, "load": 30.96630859375}
{"event": "step", "step": 67800, "loss": 4.541, "lr": 0.002323253023072691, "gnorm": 0.51, "tok_per_s": 193106.3, "load": 33.85205078125}
{"event": "step", "step": 67900, "loss": 4.3678, "lr": 0.002321331536266585, "gnorm": 0.626, "tok_per_s": 193162.1, "load": 33.85205078125}
{"event": "step", "step": 68000, "loss": 4.5706, "lr": 0.0023194082409309594, "gnorm": 1.049, "tok_per_s": 193036.6, "load": 36.5068359375}
{"event": "step", "step": 68100, "loss": 4.6429, "lr": 0.002317483142247064, "gnorm": 0.612, "tok_per_s": 193097.5, "load": 38.94873046875}
{"event": "step", "step": 68200, "loss": 4.4809, "lr": 0.002315556245401007, "gnorm": 0.928, "tok_per_s": 193076.4, "load": 41.1953125}
{"event": "step", "step": 68300, "loss": 4.4918, "lr": 0.002313627555583741, "gnorm": 0.809, "tok_per_s": 193108.4, "load": 43.421875}
{"event": "step", "step": 68400, "loss": 4.5121, "lr": 0.0023116970779910465, "gnorm": 0.475, "tok_per_s": 193096.0, "load": 45.31005859375}
{"event": "step", "step": 68500, "loss": 4.446, "lr": 0.002309764817823523, "gnorm": 0.433, "tok_per_s": 193057.6, "load": 47.12744140625}
{"event": "step", "step": 68600, "loss": 4.4952, "lr": 0.002307830780286571, "gnorm": 0.582, "tok_per_s": 192946.5, "load": 47.12744140625}
{"event": "step", "step": 68700, "loss": 4.6034, "lr": 0.002305894970590379, "gnorm": 0.511, "tok_per_s": 193409.0, "load": 48.63916015625}
{"event": "step", "step": 68800, "loss": 4.4973, "lr": 0.0023039573939499097, "gnorm": 0.479, "tok_per_s": 193771.2, "load": 45.064453125}
{"event": "step", "step": 68900, "loss": 4.5192, "lr": 0.0023020180555848864, "gnorm": 0.593, "tok_per_s": 193793.9, "load": 41.77587890625}
{"event": "step", "step": 69000, "loss": 4.5803, "lr": 0.002300076960719778, "gnorm": 0.533, "tok_per_s": 193790.7, "load": 38.75048828125}
{"event": "step", "step": 69100, "loss": 4.327, "lr": 0.002298134114583784, "gnorm": 0.553, "tok_per_s": 193767.0, "load": 36.12744140625}
{"event": "step", "step": 69200, "loss": 4.5869, "lr": 0.002296189522410825, "gnorm": 0.467, "tok_per_s": 193750.9, "load": 33.5546875}
{"event": "step", "step": 69300, "loss": 4.4329, "lr": 0.002294243189439521, "gnorm": 0.491, "tok_per_s": 193763.9, "load": 33.5546875}
{"event": "step", "step": 69400, "loss": 4.5161, "lr": 0.0022922951209131855, "gnorm": 0.778, "tok_per_s": 193777.0, "load": 31.18798828125}
{"event": "step", "step": 69500, "loss": 4.3562, "lr": 0.0022903453220798056, "gnorm": 0.514, "tok_per_s": 193762.2, "load": 29.0107421875}
{"event": "step", "step": 69600, "loss": 4.3313, "lr": 0.0022883937981920295, "gnorm": 0.465, "tok_per_s": 193675.4, "load": 31.97314453125}
{"event": "step", "step": 69700, "loss": 4.3758, "lr": 0.0022864405545071536, "gnorm": 0.437, "tok_per_s": 193755.1, "load": 33.4970703125}
{"event": "step", "step": 69800, "loss": 4.582, "lr": 0.0022844855962871067, "gnorm": 1.138, "tok_per_s": 193771.8, "load": 31.21484375}
{"event": "step", "step": 69900, "loss": 4.6156, "lr": 0.002282528928798437, "gnorm": 0.756, "tok_per_s": 193757.6, "load": 31.21484375}
{"event": "step", "step": 70000, "loss": 4.5113, "lr": 0.0022805705573122966, "gnorm": 0.849, "tok_per_s": 193761.2, "load": 29.03515625}
{"event": "step", "step": 70100, "loss": 4.4745, "lr": 0.0022786104871044283, "gnorm": 0.576, "tok_per_s": 170199.1, "load": 31.91552734375}
{"event": "step", "step": 70200, "loss": 4.6219, "lr": 0.002276648723455152, "gnorm": 1.037, "tok_per_s": 193726.3, "load": 29.6796875}
{"event": "step", "step": 70300, "loss": 4.4728, "lr": 0.002274685271649349, "gnorm": 0.487, "tok_per_s": 193684.8, "load": 28.18359375}
{"event": "step", "step": 70400, "loss": 4.5521, "lr": 0.0022727201369764473, "gnorm": 0.695, "tok_per_s": 193744.5, "load": 26.16650390625}
{"event": "step", "step": 70500, "loss": 4.5348, "lr": 0.0022707533247304105, "gnorm": 0.408, "tok_per_s": 193743.0, "load": 24.31103515625}
{"event": "step", "step": 70600, "loss": 4.5708, "lr": 0.00226878484020972, "gnorm": 0.617, "tok_per_s": 193761.9, "load": 24.31103515625}
{"event": "step", "step": 70700, "loss": 4.6158, "lr": 0.0022668146887173638, "gnorm": 0.567, "tok_per_s": 193746.6, "load": 27.6494140625}
{"event": "step", "step": 70800, "loss": 4.4853, "lr": 0.0022648428755608183, "gnorm": 1.066, "tok_per_s": 193618.4, "load": 30.9609375}
{"event": "step", "step": 70900, "loss": 4.5237, "lr": 0.002262869406052038, "gnorm": 1.239, "tok_per_s": 193816.8, "load": 28.7216796875}
{"event": "step", "step": 71000, "loss": 4.4825, "lr": 0.0022608942855074387, "gnorm": 0.441, "tok_per_s": 193808.0, "load": 26.66162109375}
{"event": "step", "step": 71100, "loss": 4.4842, "lr": 0.0022589175192478856, "gnorm": 0.7, "tok_per_s": 193395.0, "load": 24.7666015625}
{"event": "step", "step": 71200, "loss": 4.5967, "lr": 0.002256939112598675, "gnorm": 0.827, "tok_per_s": 193762.9, "load": 23.0234375}
{"event": "step", "step": 71300, "loss": 4.5468, "lr": 0.0022549590708895242, "gnorm": 0.892, "tok_per_s": 193756.7, "load": 23.0234375}
{"event": "step", "step": 71400, "loss": 4.504, "lr": 0.002252977399454554, "gnorm": 0.63, "tok_per_s": 193782.4, "load": 21.419921875}
{"event": "step", "step": 71500, "loss": 4.4189, "lr": 0.002250994103632277, "gnorm": 0.589, "tok_per_s": 193771.0, "load": 20.02490234375}
{"event": "step", "step": 71600, "loss": 4.4454, "lr": 0.0022490091887655797, "gnorm": 0.652, "tok_per_s": 193788.4, "load": 18.6611328125}
{"event": "step", "step": 71700, "loss": 4.4158, "lr": 0.0022470226602017123, "gnorm": 0.602, "tok_per_s": 193763.9, "load": 22.0517578125}
{"event": "step", "step": 71800, "loss": 4.5052, "lr": 0.0022450345232922714, "gnorm": 0.491, "tok_per_s": 193506.1, "load": 25.5712890625}
{"event": "step", "step": 71900, "loss": 4.4517, "lr": 0.002243044783393186, "gnorm": 0.564, "tok_per_s": 193686.4, "load": 25.5712890625}
{"event": "step", "step": 72000, "loss": 4.4804, "lr": 0.002241053445864704, "gnorm": 0.468, "tok_per_s": 193739.5, "load": 28.80908203125}
{"event": "step", "step": 72100, "loss": 4.6181, "lr": 0.0022390605160713772, "gnorm": 0.959, "tok_per_s": 193768.9, "load": 26.7421875}
{"event": "step", "step": 72200, "loss": 4.5176, "lr": 0.0022370659993820466, "gnorm": 0.52, "tok_per_s": 193796.1, "load": 24.8408203125}
{"event": "step", "step": 72300, "loss": 4.4992, "lr": 0.0022350699011698285, "gnorm": 0.669, "tok_per_s": 193794.2, "load": 23.171875}
{"event": "step", "step": 72400, "loss": 4.4798, "lr": 0.002233072226812099, "gnorm": 1.032, "tok_per_s": 193783.9, "load": 21.55615234375}
{"event": "step", "step": 72500, "loss": 4.4373, "lr": 0.0022310729816904813, "gnorm": 0.778, "tok_per_s": 193816.7, "load": 20.06982421875}
{"event": "step", "step": 72600, "loss": 4.3515, "lr": 0.00222907217119083, "gnorm": 0.512, "tok_per_s": 193810.7, "load": 20.06982421875}
{"event": "step", "step": 72700, "loss": 4.5471, "lr": 0.0022270698007032155, "gnorm": 0.652, "tok_per_s": 193773.8, "load": 23.828125}
{"event": "step", "step": 72800, "loss": 4.46, "lr": 0.0022250658756219127, "gnorm": 0.73, "tok_per_s": 193792.4, "load": 22.16015625}
{"event": "step", "step": 72900, "loss": 4.4498, "lr": 0.0022230604013453825, "gnorm": 0.563, "tok_per_s": 193793.4, "load": 20.62548828125}
{"event": "step", "step": 73000, "loss": 4.4628, "lr": 0.0022210533832762603, "gnorm": 0.565, "tok_per_s": 193798.1, "load": 19.2138671875}
{"event": "step", "step": 73100, "loss": 4.342, "lr": 0.0022190448268213404, "gnorm": 0.493, "tok_per_s": 193803.8, "load": 17.9150390625}
{"event": "step", "step": 73200, "loss": 4.2687, "lr": 0.002217034737391562, "gnorm": 0.655, "tok_per_s": 193802.2, "load": 17.9150390625}
{"event": "step", "step": 73300, "loss": 4.4257, "lr": 0.0022150231204019918, "gnorm": 1.124, "tok_per_s": 193776.3, "load": 16.72021484375}
{"event": "step", "step": 73400, "loss": 4.6352, "lr": 0.0022130099812718144, "gnorm": 0.627, "tok_per_s": 193772.0, "load": 15.62109375}
{"event": "step", "step": 73500, "loss": 4.4889, "lr": 0.0022109953254243137, "gnorm": 0.624, "tok_per_s": 193816.5, "load": 14.6103515625}
{"event": "step", "step": 73600, "loss": 4.2288, "lr": 0.0022089791582868587, "gnorm": 0.522, "tok_per_s": 193670.9, "load": 13.68017578125}
{"event": "step", "step": 73700, "loss": 4.3715, "lr": 0.002206961485290891, "gnorm": 0.527, "tok_per_s": 193606.8, "load": 17.8701171875}
{"event": "step", "step": 73800, "loss": 4.432, "lr": 0.0022049423118719095, "gnorm": 0.629, "tok_per_s": 193795.8, "load": 16.67919921875}
{"event": "step", "step": 73900, "loss": 4.4462, "lr": 0.002202921643469453, "gnorm": 0.563, "tok_per_s": 193823.2, "load": 16.67919921875}
{"event": "step", "step": 74000, "loss": 4.4773, "lr": 0.0022008994855270895, "gnorm": 0.615, "tok_per_s": 193807.4, "load": 15.58349609375}
{"event": "step", "step": 74100, "loss": 4.5759, "lr": 0.0021988758434923986, "gnorm": 0.502, "tok_per_s": 193786.6, "load": 14.57568359375}
{"event": "step", "step": 74200, "loss": 4.4604, "lr": 0.0021968507228169593, "gnorm": 0.698, "tok_per_s": 193793.7, "load": 13.6484375}
{"event": "step", "step": 74300, "loss": 4.2947, "lr": 0.0021948241289563323, "gnorm": 0.936, "tok_per_s": 193788.2, "load": 12.87548828125}
{"event": "step", "step": 74400, "loss": 4.618, "lr": 0.0021927960673700482, "gnorm": 0.914, "tok_per_s": 193758.8, "load": 12.40478515625}
{"event": "step", "step": 74500, "loss": 4.4057, "lr": 0.0021907665435215917, "gnorm": 0.614, "tok_per_s": 193794.2, "load": 12.40478515625}
{"event": "step", "step": 74600, "loss": 4.324, "lr": 0.002188735562878385, "gnorm": 0.479, "tok_per_s": 193796.9, "load": 11.6513671875}
{"event": "step", "step": 74700, "loss": 4.4823, "lr": 0.0021867031309117774, "gnorm": 0.533, "tok_per_s": 193777.7, "load": 10.95849609375}
{"event": "step", "step": 74800, "loss": 4.5449, "lr": 0.002184669253097026, "gnorm": 0.511, "tok_per_s": 193783.9, "load": 10.48095703125}
{"event": "step", "step": 74900, "loss": 4.5391, "lr": 0.0021826339349132837, "gnorm": 0.572, "tok_per_s": 193799.1, "load": 9.8818359375}
{"event": "step", "step": 75000, "loss": 4.3994, "lr": 0.002180597181843584, "gnorm": 0.512, "tok_per_s": 193785.3, "load": 9.33056640625}
{"event": "step", "step": 75100, "loss": 4.4237, "lr": 0.002178558999374825, "gnorm": 1.465, "tok_per_s": 170038.6, "load": 8.8232421875}
{"event": "step", "step": 75200, "loss": 4.4348, "lr": 0.002176519392997755, "gnorm": 0.59, "tok_per_s": 193804.8, "load": 8.3564453125}
{"event": "step", "step": 75300, "loss": 4.5383, "lr": 0.002174478368206961, "gnorm": 0.628, "tok_per_s": 193735.8, "load": 8.3564453125}
{"event": "step", "step": 75400, "loss": 4.448, "lr": 0.002172435930500849, "gnorm": 0.909, "tok_per_s": 193662.8, "load": 8.00732421875}
{"event": "step", "step": 75500, "loss": 4.6083, "lr": 0.0021703920853816307, "gnorm": 1.357, "tok_per_s": 193777.8, "load": 7.68603515625}
{"event": "step", "step": 75600, "loss": 4.4573, "lr": 0.002168346838355311, "gnorm": 0.562, "tok_per_s": 193790.0, "load": 7.470703125}
{"event": "step", "step": 75700, "loss": 4.3078, "lr": 0.0021663001949316714, "gnorm": 0.488, "tok_per_s": 193805.2, "load": 7.1123046875}
{"event": "step", "step": 75800, "loss": 4.4403, "lr": 0.002164252160624253, "gnorm": 1.369, "tok_per_s": 193779.8, "load": 6.78271484375}
{"event": "step", "step": 75900, "loss": 4.3942, "lr": 0.002162202740950346, "gnorm": 0.64, "tok_per_s": 193794.7, "load": 6.78271484375}
{"event": "step", "step": 76000, "loss": 4.3214, "lr": 0.002160151941430973, "gnorm": 0.477, "tok_per_s": 193780.6, "load": 6.4794921875}
{"event": "step", "step": 76100, "loss": 4.5023, "lr": 0.002158099767590871, "gnorm": 0.758, "tok_per_s": 193778.8, "load": 6.20068359375}
{"event": "step", "step": 76200, "loss": 4.4109, "lr": 0.0021560462249584833, "gnorm": 0.62, "tok_per_s": 193775.9, "load": 6.1044921875}
{"event": "step", "step": 76300, "loss": 4.4569, "lr": 0.0021539913190659382, "gnorm": 0.629, "tok_per_s": 193792.4, "load": 5.85546875}
{"event": "step", "step": 76400, "loss": 4.3444, "lr": 0.0021519350554490353, "gnorm": 0.718, "tok_per_s": 193758.5, "load": 5.62646484375}
{"event": "step", "step": 76500, "loss": 4.4372, "lr": 0.002149877439647235, "gnorm": 0.868, "tok_per_s": 193787.7, "load": 5.49609375}
{"event": "step", "step": 76600, "loss": 4.4802, "lr": 0.002147818477203639, "gnorm": 0.601, "tok_per_s": 193777.2, "load": 5.49609375}
{"event": "step", "step": 76700, "loss": 4.4934, "lr": 0.002145758173664976, "gnorm": 0.795, "tok_per_s": 193763.9, "load": 5.53662109375}
{"event": "step", "step": 76800, "loss": 4.4591, "lr": 0.0021436965345815887, "gnorm": 0.719, "tok_per_s": 193796.3, "load": 5.4130859375}
{"event": "step", "step": 76900, "loss": 4.4969, "lr": 0.002141633565507417, "gnorm": 0.526, "tok_per_s": 193785.3, "load": 5.2197265625}
{"event": "step", "step": 77000, "loss": 4.3126, "lr": 0.0021395692719999838, "gnorm": 0.473, "tok_per_s": 193720.6, "load": 5.12158203125}
{"event": "step", "step": 77100, "loss": 4.5443, "lr": 0.0021375036596203803, "gnorm": 0.536, "tok_per_s": 193392.6, "load": 5.11181640625}
{"event": "step", "step": 77200, "loss": 4.5823, "lr": 0.00213543673393325, "gnorm": 0.844, "tok_per_s": 193473.8, "load": 5.11181640625}
{"event": "step", "step": 77300, "loss": 4.768, "lr": 0.002133368500506776, "gnorm": 0.527, "tok_per_s": 193786.3, "load": 4.9423828125}
{"event": "step", "step": 77400, "loss": 4.5119, "lr": 0.0021312989649126617, "gnorm": 0.649, "tok_per_s": 193784.7, "load": 4.947265625}
{"event": "step", "step": 77500, "loss": 4.6197, "lr": 0.002129228132726121, "gnorm": 0.618, "tok_per_s": 193768.3, "load": 4.791015625}
{"event": "step", "step": 77600, "loss": 4.4368, "lr": 0.0021271560095258587, "gnorm": 1.285, "tok_per_s": 193745.9, "load": 4.80810546875}
{"event": "step", "step": 77700, "loss": 4.5398, "lr": 0.0021250826008940593, "gnorm": 0.622, "tok_per_s": 193774.0, "load": 4.7431640625}
{"event": "step", "step": 77800, "loss": 4.5994, "lr": 0.00212300791241637, "gnorm": 0.518, "tok_per_s": 193765.2, "load": 4.76416015625}
{"event": "step", "step": 77900, "loss": 4.5173, "lr": 0.002120931949681884, "gnorm": 0.511, "tok_per_s": 193787.1, "load": 4.76416015625}
{"event": "step", "step": 78000, "loss": 4.64, "lr": 0.0021188547182831286, "gnorm": 0.549, "tok_per_s": 193800.1, "load": 4.70263671875}
{"event": "step", "step": 78100, "loss": 4.2842, "lr": 0.0021167762238160494, "gnorm": 0.445, "tok_per_s": 193763.0, "load": 4.56591796875}
{"event": "step", "step": 78200, "loss": 4.6651, "lr": 0.002114696471879994, "gnorm": 1.784, "tok_per_s": 193782.6, "load": 4.4404296875}
{"event": "step", "step": 78300, "loss": 4.5279, "lr": 0.0021126154680776972, "gnorm": 0.535, "tok_per_s": 193746.7, "load": 4.40478515625}
{"event": "step", "step": 78400, "loss": 4.5039, "lr": 0.0021105332180152664, "gnorm": 0.572, "tok_per_s": 193769.6, "load": 4.2919921875}
{"event": "step", "step": 78500, "loss": 4.5496, "lr": 0.0021084497273021665, "gnorm": 0.722, "tok_per_s": 193796.5, "load": 4.2919921875}
{"event": "step", "step": 78600, "loss": 4.3749, "lr": 0.002106365001551205, "gnorm": 0.489, "tok_per_s": 193776.2, "load": 4.2685546875}
{"event": "step", "step": 78700, "loss": 4.4595, "lr": 0.0021042790463785157, "gnorm": 0.534, "tok_per_s": 193807.2, "load": 4.3271484375}
{"event": "step", "step": 78800, "loss": 4.3937, "lr": 0.002102191867403546, "gnorm": 0.749, "tok_per_s": 193596.0, "load": 9.50634765625}
{"event": "step", "step": 78900, "loss": 4.4413, "lr": 0.0021001034702490375, "gnorm": 0.543, "tok_per_s": 193765.4, "load": 8.98486328125}
{"event": "step", "step": 79000, "loss": 4.5683, "lr": 0.002098013860541016, "gnorm": 0.737, "tok_per_s": 193762.9, "load": 9.947265625}
{"event": "step", "step": 79100, "loss": 4.3934, "lr": 0.0020959230439087733, "gnorm": 0.47, "tok_per_s": 193776.2, "load": 9.947265625}
{"event": "step", "step": 79200, "loss": 4.4491, "lr": 0.0020938310259848514, "gnorm": 0.486, "tok_per_s": 193779.2, "load": 9.310546875}
{"event": "step", "step": 79300, "loss": 4.5094, "lr": 0.002091737812405029, "gnorm": 0.657, "tok_per_s": 193769.3, "load": 8.72509765625}
{"event": "step", "step": 79400, "loss": 4.3999, "lr": 0.002089643408808307, "gnorm": 0.494, "tok_per_s": 193771.2, "load": 8.2666015625}
{"event": "step", "step": 79500, "loss": 4.3514, "lr": 0.0020875478208368906, "gnorm": 0.476, "tok_per_s": 193784.2, "load": 7.7646484375}
{"event": "step", "step": 79600, "loss": 4.526, "lr": 0.0020854510541361768, "gnorm": 0.848, "tok_per_s": 193793.9, "load": 7.302734375}
{"event": "step", "step": 79700, "loss": 4.4397, "lr": 0.0020833531143547375, "gnorm": 0.505, "tok_per_s": 193806.4, "load": 6.8779296875}
{"event": "step", "step": 79800, "loss": 4.5606, "lr": 0.0020812540071443045, "gnorm": 0.796, "tok_per_s": 193797.5, "load": 6.8779296875}
{"event": "step", "step": 79900, "loss": 4.5687, "lr": 0.002079153738159755, "gnorm": 0.784, "tok_per_s": 193794.5, "load": 6.4873046875}
{"event": "step", "step": 80000, "loss": 4.414, "lr": 0.0020770523130590962, "gnorm": 0.941, "tok_per_s": 193806.1, "load": 6.1279296875}
eval 80000 {'bpb': 1.470408212288449, 'nats_per_token': 4.433457809924294, 'tokens': 16379, 'bytes': 71247}
{"event": "step", "step": 80100, "loss": 4.6136, "lr": 0.002074949737503449, "gnorm": 0.902, "tok_per_s": 168505.2, "load": 5.79736328125}
{"event": "step", "step": 80200, "loss": 4.4894, "lr": 0.0020728460171570346, "gnorm": 0.898, "tok_per_s": 193835.0, "load": 5.4931640625}
{"event": "step", "step": 80300, "loss": 4.4261, "lr": 0.0020707411576871572, "gnorm": 0.544, "tok_per_s": 193804.6, "load": 5.45361328125}
{"event": "step", "step": 80400, "loss": 4.425, "lr": 0.002068635164764191, "gnorm": 0.782, "tok_per_s": 193836.4, "load": 5.2568359375}
{"event": "step", "step": 80500, "loss": 4.3532, "lr": 0.0020665280440615615, "gnorm": 0.556, "tok_per_s": 193752.6, "load": 5.2568359375}
{"event": "step", "step": 80600, "loss": 4.3547, "lr": 0.0020644198012557354, "gnorm": 0.51, "tok_per_s": 193797.8, "load": 5.07568359375}
{"event": "step", "step": 80700, "loss": 4.3216, "lr": 0.002062310442026199, "gnorm": 0.977, "tok_per_s": 193821.3, "load": 4.9091796875}
{"event": "step", "step": 80800, "loss": 4.5395, "lr": 0.0020601999720554487, "gnorm": 1.162, "tok_per_s": 193760.1, "load": 4.755859375}
{"event": "step", "step": 80900, "loss": 4.4255, "lr": 0.002058088397028972, "gnorm": 0.521, "tok_per_s": 193782.0, "load": 4.77587890625}
{"event": "step", "step": 81000, "loss": 4.3677, "lr": 0.0020559757226352336, "gnorm": 0.577, "tok_per_s": 193742.3, "load": 4.71337890625}
{"event": "step", "step": 81100, "loss": 4.4102, "lr": 0.00205386195456566, "gnorm": 0.708, "tok_per_s": 193800.7, "load": 4.576171875}
{"event": "step", "step": 81200, "loss": 4.5444, "lr": 0.0020517470985146244, "gnorm": 0.501, "tok_per_s": 193828.3, "load": 4.576171875}
{"event": "step", "step": 81300, "loss": 4.4967, "lr": 0.0020496311601794297, "gnorm": 0.574, "tok_per_s": 193739.3, "load": 4.44970703125}
{"event": "step", "step": 81400, "loss": 4.4535, "lr": 0.002047514145260295, "gnorm": 0.766, "tok_per_s": 193682.5, "load": 4.33349609375}
{"event": "step", "step": 81500, "loss": 4.4211, "lr": 0.002045396059460341, "gnorm": 0.559, "tok_per_s": 193847.8, "load": 4.2265625}
{"event": "step", "step": 81600, "loss": 4.6123, "lr": 0.0020432769084855703, "gnorm": 0.901, "tok_per_s": 193844.6, "load": 4.1279296875}
{"event": "step", "step": 81700, "loss": 4.588, "lr": 0.0020411566980448586, "gnorm": 0.802, "tok_per_s": 193801.3, "load": 4.1982421875}
{"event": "step", "step": 81800, "loss": 4.5622, "lr": 0.0020390354338499323, "gnorm": 1.367, "tok_per_s": 193822.9, "load": 4.1982421875}
{"event": "step", "step": 81900, "loss": 4.4699, "lr": 0.0020369131216153593, "gnorm": 0.539, "tok_per_s": 193842.0, "load": 4.02197265625}
{"event": "step", "step": 82000, "loss": 4.6253, "lr": 0.00203478976705853, "gnorm": 0.803, "tok_per_s": 193807.9, "load": 3.85986328125}
{"event": "step", "step": 82100, "loss": 4.5354, "lr": 0.002032665375899641, "gnorm": 0.476, "tok_per_s": 193775.9, "load": 8.916015625}
{"event": "step", "step": 82200, "loss": 4.5279, "lr": 0.0020305399538616846, "gnorm": 0.706, "tok_per_s": 193848.1, "load": 8.60205078125}
{"event": "step", "step": 82300, "loss": 4.6108, "lr": 0.0020284135066704284, "gnorm": 1.073, "tok_per_s": 193830.7, "load": 8.3134765625}
{"event": "step", "step": 82400, "loss": 4.7648, "lr": 0.0020262860400544007, "gnorm": 0.567, "tok_per_s": 193832.4, "load": 8.1279296875}
{"event": "step", "step": 82500, "loss": 4.3981, "lr": 0.0020241575597448784, "gnorm": 0.929, "tok_per_s": 193846.5, "load": 8.1279296875}
{"event": "step", "step": 82600, "loss": 4.5752, "lr": 0.002022028071475868, "gnorm": 0.485, "tok_per_s": 193864.2, "load": 7.95751953125}
{"event": "step", "step": 82700, "loss": 4.4528, "lr": 0.002019897580984091, "gnorm": 0.863, "tok_per_s": 193853.2, "load": 7.80029296875}
{"event": "step", "step": 82800, "loss": 4.4069, "lr": 0.0020177660940089693, "gnorm": 0.745, "tok_per_s": 193631.6, "load": 8.376953125}
{"event": "step", "step": 82900, "loss": 4.5799, "lr": 0.0020156336162926104, "gnorm": 0.561, "tok_per_s": 193833.2, "load": 8.0263671875}
{"event": "step", "step": 83000, "loss": 4.5094, "lr": 0.0020135001535797887, "gnorm": 0.612, "tok_per_s": 193862.8, "load": 7.62353515625}
{"event": "step", "step": 83100, "loss": 4.4585, "lr": 0.002011365711617933, "gnorm": 0.792, "tok_per_s": 193823.5, "load": 7.62353515625}
{"event": "step", "step": 83200, "loss": 4.5053, "lr": 0.0020092302961571113, "gnorm": 0.95, "tok_per_s": 193849.6, "load": 7.3330078125}
{"event": "step", "step": 83300, "loss": 4.52, "lr": 0.0020070939129500126, "gnorm": 0.978, "tok_per_s": 193789.5, "load": 7.06591796875}
{"event": "step", "step": 83400, "loss": 4.5353, "lr": 0.002004956567751933, "gnorm": 0.946, "tok_per_s": 193795.4, "load": 6.8203125}
{"event": "step", "step": 83500, "loss": 4.556, "lr": 0.002002818266320761, "gnorm": 0.53, "tok_per_s": 193789.8, "load": 6.43408203125}
{"event": "step", "step": 83600, "loss": 4.5632, "lr": 0.0020006790144169607, "gnorm": 0.591, "tok_per_s": 193718.7, "load": 11.4443359375}
{"event": "step", "step": 83700, "loss": 4.5349, "lr": 0.0019985388178035564, "gnorm": 0.759, "tok_per_s": 192902.8, "load": 10.76806640625}
{"event": "step", "step": 83800, "loss": 4.4796, "lr": 0.001996397682246119, "gnorm": 0.535, "tok_per_s": 192827.7, "load": 10.76806640625}
{"event": "step", "step": 83900, "loss": 4.3223, "lr": 0.001994255613512747, "gnorm": 0.493, "tok_per_s": 192797.8, "load": 10.14599609375}
{"event": "step", "step": 84000, "loss": 4.5645, "lr": 0.001992112617374053, "gnorm": 0.65, "tok_per_s": 192823.2, "load": 9.65380859375}
{"event": "step", "step": 84100, "loss": 4.4436, "lr": 0.001989968699603149, "gnorm": 0.504, "tok_per_s": 192969.9, "load": 9.12060546875}
{"event": "step", "step": 84200, "loss": 4.4385, "lr": 0.0019878238659756286, "gnorm": 0.564, "tok_per_s": 192947.5, "load": 8.63037109375}
{"event": "step", "step": 84300, "loss": 4.5553, "lr": 0.001985678122269554, "gnorm": 0.701, "tok_per_s": 192866.2, "load": 8.17919921875}
{"event": "step", "step": 84400, "loss": 4.3795, "lr": 0.0019835314742654387, "gnorm": 0.862, "tok_per_s": 192881.6, "load": 8.17919921875}
{"event": "step", "step": 84500, "loss": 4.4475, "lr": 0.001981383927746231, "gnorm": 0.515, "tok_per_s": 192833.4, "load": 7.68408203125}
{"event": "step", "step": 84600, "loss": 4.3729, "lr": 0.0019792354884973023, "gnorm": 0.64, "tok_per_s": 192944.6, "load": 7.30859375}
{"event": "step", "step": 84700, "loss": 4.5841, "lr": 0.001977086162306426, "gnorm": 0.64, "tok_per_s": 192890.5, "load": 6.88330078125}
{"event": "step", "step": 84800, "loss": 4.5355, "lr": 0.001974935954963767, "gnorm": 0.726, "tok_per_s": 192939.1, "load": 6.4921875}
{"event": "step", "step": 84900, "loss": 4.3162, "lr": 0.001972784872261864, "gnorm": 0.489, "tok_per_s": 192804.3, "load": 6.37255859375}
{"event": "step", "step": 85000, "loss": 4.3915, "lr": 0.0019706329199956117, "gnorm": 0.573, "tok_per_s": 193094.0, "load": 6.02197265625}
{"event": "step", "step": 85100, "loss": 4.3534, "lr": 0.0019684801039622497, "gnorm": 0.692, "tok_per_s": 169082.5, "load": 5.85986328125}
{"event": "step", "step": 85200, "loss": 4.398, "lr": 0.001966326429961344, "gnorm": 0.469, "tok_per_s": 193244.4, "load": 5.85986328125}
{"event": "step", "step": 85300, "loss": 4.2827, "lr": 0.001964171903794771, "gnorm": 0.65, "tok_per_s": 193257.4, "load": 5.71044921875}
{"event": "step", "step": 85400, "loss": 4.4195, "lr": 0.001962016531266704, "gnorm": 0.839, "tok_per_s": 193181.7, "load": 5.4130859375}
{"event": "step", "step": 85500, "loss": 4.6293, "lr": 0.001959860318183595, "gnorm": 0.613, "tok_per_s": 193306.3, "load": 5.1396484375}
{"event": "step", "step": 85600, "loss": 4.3692, "lr": 0.0019577032703541612, "gnorm": 0.928, "tok_per_s": 193198.7, "load": 4.88818359375}
{"event": "step", "step": 85700, "loss": 4.5251, "lr": 0.0019555453935893694, "gnorm": 0.61, "tok_per_s": 193278.4, "load": 4.65673828125}
{"event": "step", "step": 85800, "loss": 4.6228, "lr": 0.001953386693702418, "gnorm": 0.548, "tok_per_s": 193193.8, "load": 4.65673828125}
{"event": "step", "step": 85900, "loss": 4.4135, "lr": 0.0019512271765087241, "gnorm": 0.61, "tok_per_s": 193189.5, "load": 4.60400390625}
{"event": "step", "step": 86000, "loss": 4.3509, "lr": 0.0019490668478259047, "gnorm": 0.536, "tok_per_s": 193239.5, "load": 4.47509765625}
{"event": "step", "step": 86100, "loss": 4.3966, "lr": 0.001946905713473765, "gnorm": 0.536, "tok_per_s": 193220.2, "load": 4.517578125}
{"event": "step", "step": 86200, "loss": 4.4321, "lr": 0.0019447437792742797, "gnorm": 0.551, "tok_per_s": 193174.9, "load": 4.31591796875}
{"event": "step", "step": 86300, "loss": 4.5126, "lr": 0.0019425810510515782, "gnorm": 0.713, "tok_per_s": 193174.8, "load": 4.29052734375}
{"event": "step", "step": 86400, "loss": 4.4079, "lr": 0.0019404175346319297, "gnorm": 0.639, "tok_per_s": 193187.0, "load": 4.10693359375}
{"event": "step", "step": 86500, "loss": 4.3468, "lr": 0.0019382532358437248, "gnorm": 0.701, "tok_per_s": 193249.2, "load": 4.10693359375}
{"event": "step", "step": 86600, "loss": 4.6058, "lr": 0.001936088160517464, "gnorm": 0.597, "tok_per_s": 193259.1, "load": 3.93798828125}
{"event": "step", "step": 86700, "loss": 4.3266, "lr": 0.0019339223144857387, "gnorm": 0.584, "tok_per_s": 193315.1, "load": 3.78271484375}
{"event": "step", "step": 86800, "loss": 4.5414, "lr": 0.0019317557035832171, "gnorm": 0.56, "tok_per_s": 193205.0, "load": 3.96044921875}
{"event": "step", "step": 86900, "loss": 4.3534, "lr": 0.0019295883336466267, "gnorm": 0.684, "tok_per_s": 193189.4, "load": 3.80322265625}
{"event": "step", "step": 87000, "loss": 4.4723, "lr": 0.0019274202105147406, "gnorm": 0.514, "tok_per_s": 193272.9, "load": 3.73876953125}
{"event": "step", "step": 87100, "loss": 4.3259, "lr": 0.001925251340028362, "gnorm": 0.544, "tok_per_s": 193263.7, "load": 3.59912109375}
{"event": "step", "step": 87200, "loss": 4.2953, "lr": 0.0019230817280303054, "gnorm": 0.538, "tok_per_s": 193251.5, "load": 3.59912109375}
{"event": "step", "step": 87300, "loss": 4.4576, "lr": 0.0019209113803653843, "gnorm": 0.476, "tok_per_s": 193263.8, "load": 3.71142578125}
{"event": "step", "step": 87400, "loss": 4.3682, "lr": 0.0019187403028803932, "gnorm": 0.6, "tok_per_s": 193253.5, "load": 3.57421875}
{"event": "step", "step": 87500, "loss": 4.4649, "lr": 0.0019165685014240939, "gnorm": 0.703, "tok_per_s": 193144.0, "load": 3.44775390625}
{"event": "step", "step": 87600, "loss": 4.6133, "lr": 0.0019143959818471972, "gnorm": 0.646, "tok_per_s": 193292.4, "load": 3.4921875}
{"event": "step", "step": 87700, "loss": 4.5022, "lr": 0.001912222750002349, "gnorm": 0.822, "tok_per_s": 193235.3, "load": 3.37255859375}
{"event": "step", "step": 87800, "loss": 4.4709, "lr": 0.001910048811744114, "gnorm": 0.613, "tok_per_s": 193238.9, "load": 3.37255859375}
{"event": "step", "step": 87900, "loss": 4.6223, "lr": 0.00190787417292896, "gnorm": 0.606, "tok_per_s": 193264.7, "load": 3.26220703125}
{"event": "step", "step": 88000, "loss": 4.5411, "lr": 0.0019056988394152423, "gnorm": 0.634, "tok_per_s": 193220.7, "load": 3.16064453125}
{"event": "step", "step": 88100, "loss": 4.4021, "lr": 0.0019035228170631877, "gnorm": 0.764, "tok_per_s": 193307.7, "load": 3.1474609375}
{"event": "step", "step": 88200, "loss": 4.5337, "lr": 0.0019013461117348776, "gnorm": 0.521, "tok_per_s": 193225.5, "load": 3.13525390625}
{"event": "step", "step": 88300, "loss": 4.3898, "lr": 0.001899168729294235, "gnorm": 0.612, "tok_per_s": 193266.5, "load": 3.28466796875}
{"event": "step", "step": 88400, "loss": 4.5485, "lr": 0.0018969906756070055, "gnorm": 0.514, "tok_per_s": 193266.4, "load": 3.42236328125}
{"event": "step", "step": 88500, "loss": 4.4463, "lr": 0.0018948119565407437, "gnorm": 1.145, "tok_per_s": 193231.5, "load": 3.42236328125}
{"event": "step", "step": 88600, "loss": 4.5108, "lr": 0.001892632577964797, "gnorm": 0.605, "tok_per_s": 193296.7, "load": 3.30810546875}
{"event": "step", "step": 88700, "loss": 4.3966, "lr": 0.0018904525457502886, "gnorm": 0.697, "tok_per_s": 193199.2, "load": 3.203125}
{"event": "step", "step": 88800, "loss": 4.4289, "lr": 0.0018882718657701031, "gnorm": 0.709, "tok_per_s": 193241.1, "load": 3.1064453125}
{"event": "step", "step": 88900, "loss": 4.5286, "lr": 0.0018860905438988704, "gnorm": 0.713, "tok_per_s": 193309.4, "load": 3.017578125}
{"event": "step", "step": 89000, "loss": 4.5356, "lr": 0.0018839085860129494, "gnorm": 0.662, "tok_per_s": 193249.5, "load": 3.2568359375}
{"event": "step", "step": 89100, "loss": 4.5424, "lr": 0.0018817259979904113, "gnorm": 0.562, "tok_per_s": 193238.7, "load": 3.2568359375}
{"event": "step", "step": 89200, "loss": 4.5581, "lr": 0.0018795427857110274, "gnorm": 1.028, "tok_per_s": 193198.5, "load": 3.23583984375}
{"event": "step", "step": 89300, "loss": 4.36, "lr": 0.0018773589550562483, "gnorm": 0.631, "tok_per_s": 193231.8, "load": 3.37744140625}
{"event": "step", "step": 89400, "loss": 4.388, "lr": 0.0018751745119091913, "gnorm": 0.56, "tok_per_s": 193244.1, "load": 3.34716796875}
{"event": "step", "step": 89500, "loss": 4.6025, "lr": 0.0018729894621546238, "gnorm": 1.079, "tok_per_s": 193207.2, "load": 3.2392578125}
{"event": "step", "step": 89600, "loss": 4.3795, "lr": 0.0018708038116789479, "gnorm": 0.932, "tok_per_s": 193218.2, "load": 3.30029296875}
{"event": "step", "step": 89700, "loss": 4.4813, "lr": 0.001868617566370183, "gnorm": 0.592, "tok_per_s": 193274.6, "load": 3.4365234375}
{"event": "step", "step": 89800, "loss": 4.4866, "lr": 0.0018664307321179512, "gnorm": 0.771, "tok_per_s": 193220.1, "load": 3.4365234375}
{"event": "step", "step": 89900, "loss": 4.354, "lr": 0.0018642433148134616, "gnorm": 0.541, "tok_per_s": 193260.8, "load": 3.3212890625}
{"event": "step", "step": 90000, "loss": 4.5644, "lr": 0.0018620553203494937, "gnorm": 0.783, "tok_per_s": 193331.5, "load": 3.3759765625}
{"event": "step", "step": 90100, "loss": 4.5122, "lr": 0.0018598667546203815, "gnorm": 0.562, "tok_per_s": 169237.0, "load": 3.58642578125}
{"event": "step", "step": 90200, "loss": 4.3899, "lr": 0.0018576776235219995, "gnorm": 0.716, "tok_per_s": 193730.6, "load": 3.61962890625}
{"event": "step", "step": 90300, "loss": 4.5538, "lr": 0.0018554879329517428, "gnorm": 0.987, "tok_per_s": 193842.8, "load": 3.810546875}
{"event": "step", "step": 90400, "loss": 4.3043, "lr": 0.0018532976888085161, "gnorm": 0.757, "tok_per_s": 193836.3, "load": 3.74560546875}
{"event": "step", "step": 90500, "loss": 4.5459, "lr": 0.0018511068969927142, "gnorm": 0.789, "tok_per_s": 193852.0, "load": 3.74560546875}
{"event": "step", "step": 90600, "loss": 4.5075, "lr": 0.0018489155634062067, "gnorm": 0.621, "tok_per_s": 193817.8, "load": 3.76611328125}
{"event": "step", "step": 90700, "loss": 4.4685, "lr": 0.001846723693952324, "gnorm": 0.61, "tok_per_s": 193838.2, "load": 3.78515625}
{"event": "step", "step": 90800, "loss": 4.354, "lr": 0.0018445312945358395, "gnorm": 0.637, "tok_per_s": 193789.5, "load": 3.72216796875}
{"event": "step", "step": 90900, "loss": 4.4238, "lr": 0.001842338371062954, "gnorm": 0.747, "tok_per_s": 193818.8, "load": 4.14501953125}
{"event": "step", "step": 91000, "loss": 4.4207, "lr": 0.0018401449294412806, "gnorm": 0.608, "tok_per_s": 193856.6, "load": 4.05322265625}
{"event": "step", "step": 91100, "loss": 4.4673, "lr": 0.001837950975579828, "gnorm": 0.916, "tok_per_s": 193817.4, "load": 4.12939453125}
{"event": "step", "step": 91200, "loss": 4.6921, "lr": 0.001835756515388985, "gnorm": 0.564, "tok_per_s": 193828.0, "load": 4.12939453125}
{"event": "step", "step": 91300, "loss": 4.5363, "lr": 0.001833561554780504, "gnorm": 0.617, "tok_per_s": 193862.3, "load": 4.19921875}
{"event": "step", "step": 91400, "loss": 4.3221, "lr": 0.0018313660996674868, "gnorm": 0.578, "tok_per_s": 193822.2, "load": 7.787109375}
{"event": "step", "step": 91500, "loss": 4.4545, "lr": 0.0018291701559643647, "gnorm": 1.017, "tok_per_s": 193834.6, "load": 7.4833984375}
{"event": "step", "step": 91600, "loss": 4.6733, "lr": 0.001826973729586888, "gnorm": 0.662, "tok_per_s": 193826.3, "load": 7.2041015625}
{"event": "step", "step": 91700, "loss": 4.4828, "lr": 0.0018247768264521066, "gnorm": 0.552, "tok_per_s": 193841.2, "load": 7.107421875}
{"event": "step", "step": 91800, "loss": 4.4496, "lr": 0.0018225794524783536, "gnorm": 0.534, "tok_per_s": 193824.1, "load": 7.107421875}
{"event": "step", "step": 91900, "loss": 4.3981, "lr": 0.0018203816135852317, "gnorm": 0.607, "tok_per_s": 193811.8, "load": 6.9384765625}
{"event": "step", "step": 92000, "loss": 4.4186, "lr": 0.001818183315693595, "gnorm": 0.538, "tok_per_s": 193857.5, "load": 6.86328125}
{"event": "step", "step": 92100, "loss": 4.4408, "lr": 0.001815984564725536, "gnorm": 0.762, "tok_per_s": 193814.7, "load": 6.6337890625}
{"event": "step", "step": 92200, "loss": 4.4687, "lr": 0.001813785366604365, "gnorm": 0.543, "tok_per_s": 193838.4, "load": 6.4228515625}
{"event": "step", "step": 92300, "loss": 4.3052, "lr": 0.0018115857272545995, "gnorm": 0.915, "tok_per_s": 193678.4, "load": 6.1484375}
{"event": "step", "step": 92400, "loss": 4.3724, "lr": 0.001809385652601944, "gnorm": 0.634, "tok_per_s": 193834.9, "load": 5.97607421875}
{"event": "step", "step": 92500, "loss": 4.4369, "lr": 0.0018071851485732772, "gnorm": 0.509, "tok_per_s": 193850.4, "load": 5.97607421875}
{"event": "step", "step": 92600, "loss": 4.4718, "lr": 0.0018049842210966325, "gnorm": 0.584, "tok_per_s": 193840.3, "load": 5.7373046875}
{"event": "step", "step": 92700, "loss": 4.4028, "lr": 0.0018027828761011857, "gnorm": 0.719, "tok_per_s": 193835.1, "load": 10.5634765625}
{"event": "step", "step": 92800, "loss": 4.5108, "lr": 0.0018005811195172367, "gnorm": 0.545, "tok_per_s": 193706.3, "load": 9.95751953125}
{"event": "step", "step": 92900, "loss": 4.388, "lr": 0.0017983789572761943, "gnorm": 0.7, "tok_per_s": 193712.3, "load": 9.56005859375}
{"event": "step", "step": 93000, "loss": 4.4354, "lr": 0.00179617639531056, "gnorm": 0.851, "tok_per_s": 193803.9, "load": 9.11474609375}
{"event": "step", "step": 93100, "loss": 4.5316, "lr": 0.0017939734395539125, "gnorm": 0.952, "tok_per_s": 193828.2, "load": 9.11474609375}
{"event": "step", "step": 93200, "loss": 4.4315, "lr": 0.0017917700959408905, "gnorm": 0.562, "tok_per_s": 193805.8, "load": 8.78515625}
{"event": "step", "step": 93300, "loss": 4.4722, "lr": 0.001789566370407179, "gnorm": 0.796, "tok_per_s": 193827.8, "load": 8.40185546875}
{"event": "step", "step": 93400, "loss": 4.3637, "lr": 0.0017873622688894903, "gnorm": 0.635, "tok_per_s": 193849.4, "load": 8.12939453125}
{"event": "step", "step": 93500, "loss": 4.4668, "lr": 0.0017851577973255507, "gnorm": 0.741, "tok_per_s": 193827.9, "load": 7.79833984375}
{"event": "step", "step": 93600, "loss": 4.4248, "lr": 0.0017829529616540832, "gnorm": 0.853, "tok_per_s": 193814.9, "load": 7.57421875}
{"event": "step", "step": 93700, "loss": 4.4736, "lr": 0.0017807477678147908, "gnorm": 0.755, "tok_per_s": 193828.3, "load": 7.20751953125}
{"event": "step", "step": 93800, "loss": 4.5697, "lr": 0.0017785422217483425, "gnorm": 0.908, "tok_per_s": 193827.4, "load": 7.20751953125}
{"event": "step", "step": 93900, "loss": 4.4053, "lr": 0.0017763363293963558, "gnorm": 0.771, "tok_per_s": 193663.5, "load": 11.99560546875}
{"event": "step", "step": 94000, "loss": 4.5321, "lr": 0.001774130096701381, "gnorm": 0.522, "tok_per_s": 193835.2, "load": 11.27490234375}
{"event": "step", "step": 94100, "loss": 4.4734, "lr": 0.0017719235296068854, "gnorm": 1.054, "tok_per_s": 193808.8, "load": 10.61181640625}
{"event": "step", "step": 94200, "loss": 4.4752, "lr": 0.0017697166340572364, "gnorm": 0.608, "tok_per_s": 193849.2, "load": 10.2421875}
{"event": "step", "step": 94300, "loss": 4.5305, "lr": 0.0017675094159976875, "gnorm": 0.74, "tok_per_s": 193864.2, "load": 9.90234375}
{"event": "step", "step": 94400, "loss": 4.3821, "lr": 0.0017653018813743602, "gnorm": 0.526, "tok_per_s": 193847.2, "load": 9.90234375}
{"event": "step", "step": 94500, "loss": 4.3678, "lr": 0.001763094036134229, "gnorm": 0.588, "tok_per_s": 193863.2, "load": 9.509765625}
{"event": "step", "step": 94600, "loss": 4.4176, "lr": 0.0017608858862251052, "gnorm": 0.945, "tok_per_s": 193848.6, "load": 9.068359375}
{"event": "step", "step": 94700, "loss": 4.647, "lr": 0.0017586774375956207, "gnorm": 0.706, "tok_per_s": 193806.5, "load": 8.662109375}
{"event": "step", "step": 94800, "loss": 4.423, "lr": 0.0017564686961952128, "gnorm": 0.613, "tok_per_s": 193706.9, "load": 13.25390625}
{"event": "step", "step": 94900, "loss": 4.4307, "lr": 0.0017542596679741066, "gnorm": 0.667, "tok_per_s": 193704.0, "load": 12.5126953125}
{"event": "step", "step": 95000, "loss": 4.4291, "lr": 0.0017520503588833007, "gnorm": 0.825, "tok_per_s": 193840.5, "load": 11.83056640625}
{"event": "step", "step": 95100, "loss": 4.3745, "lr": 0.0017498407748745492, "gnorm": 0.531, "tok_per_s": 170773.8, "load": 11.83056640625}
{"event": "step", "step": 95200, "loss": 4.3061, "lr": 0.001747630921900348, "gnorm": 0.753, "tok_per_s": 193894.8, "load": 11.123046875}
{"event": "step", "step": 95300, "loss": 4.4775, "lr": 0.0017454208059139167, "gnorm": 0.649, "tok_per_s": 193897.0, "load": 10.47216796875}
{"event": "step", "step": 95400, "loss": 4.4145, "lr": 0.0017432104328691845, "gnorm": 0.692, "tok_per_s": 193890.6, "load": 9.95361328125}
{"event": "step", "step": 95500, "loss": 4.4509, "lr": 0.001740999808720772, "gnorm": 0.543, "tok_per_s": 193850.6, "load": 9.396484375}
{"event": "step", "step": 95600, "loss": 4.5461, "lr": 0.001738788939423977, "gnorm": 0.629, "tok_per_s": 193904.9, "load": 9.0439453125}
{"event": "step", "step": 95700, "loss": 4.3202, "lr": 0.0017365778309347568, "gnorm": 0.653, "tok_per_s": 193765.4, "load": 8.5595703125}
{"event": "step", "step": 95800, "loss": 4.5676, "lr": 0.0017343664892097146, "gnorm": 0.667, "tok_per_s": 193762.2, "load": 8.5595703125}
{"event": "step", "step": 95900, "loss": 4.6079, "lr": 0.0017321549202060807, "gnorm": 0.743, "tok_per_s": 193837.4, "load": 8.3544921875}
{"event": "step", "step": 96000, "loss": 4.3097, "lr": 0.0017299431298816975, "gnorm": 0.922, "tok_per_s": 193839.3, "load": 8.24560546875}
{"event": "step", "step": 96100, "loss": 4.4447, "lr": 0.0017277311241950045, "gnorm": 0.632, "tok_per_s": 193881.6, "load": 7.9052734375}
{"event": "step", "step": 96200, "loss": 4.5226, "lr": 0.0017255189091050216, "gnorm": 0.74, "tok_per_s": 193917.7, "load": 7.67236328125}
{"event": "step", "step": 96300, "loss": 4.4982, "lr": 0.0017233064905713311, "gnorm": 0.562, "tok_per_s": 193874.9, "load": 7.2978515625}
{"event": "step", "step": 96400, "loss": 4.3664, "lr": 0.0017210938745540652, "gnorm": 0.629, "tok_per_s": 193876.9, "load": 7.2978515625}
{"event": "step", "step": 96500, "loss": 4.5744, "lr": 0.001718881067013887, "gnorm": 0.624, "tok_per_s": 193878.1, "load": 7.11376953125}
{"event": "step", "step": 96600, "loss": 4.3895, "lr": 0.0017166680739119766, "gnorm": 0.828, "tok_per_s": 193915.5, "load": 6.8642578125}
{"event": "step", "step": 96700, "loss": 4.3402, "lr": 0.0017144549012100127, "gnorm": 0.825, "tok_per_s": 193742.6, "load": 6.71484375}
{"event": "step", "step": 96800, "loss": 4.3138, "lr": 0.001712241554870159, "gnorm": 0.895, "tok_per_s": 193876.1, "load": 6.4970703125}
{"event": "step", "step": 96900, "loss": 4.3841, "lr": 0.0017100280408550452, "gnorm": 0.828, "tok_per_s": 193835.2, "load": 6.296875}
{"event": "step", "step": 97000, "loss": 4.4098, "lr": 0.0017078143651277555, "gnorm": 0.652, "tok_per_s": 193891.0, "load": 5.95263671875}
{"event": "step", "step": 97100, "loss": 4.4592, "lr": 0.0017056005336518077, "gnorm": 0.729, "tok_per_s": 193890.3, "load": 5.95263671875}
{"event": "step", "step": 97200, "loss": 4.431, "lr": 0.0017033865523911394, "gnorm": 0.859, "tok_per_s": 193874.5, "load": 5.7958984375}
{"event": "step", "step": 97300, "loss": 4.451, "lr": 0.0017011724273100922, "gnorm": 0.985, "tok_per_s": 193620.2, "load": 5.65185546875}
{"event": "step", "step": 97400, "loss": 4.5248, "lr": 0.001698958164373395, "gnorm": 1.131, "tok_per_s": 193263.0, "load": 5.359375}
{"event": "step", "step": 97500, "loss": 4.5238, "lr": 0.0016967437695461478, "gnorm": 0.787, "tok_per_s": 193849.0, "load": 5.4111328125}
{"event": "step", "step": 97600, "loss": 4.4673, "lr": 0.0016945292487938063, "gnorm": 0.571, "tok_per_s": 193841.2, "load": 5.2177734375}
{"event": "step", "step": 97700, "loss": 4.5724, "lr": 0.0016923146080821648, "gnorm": 0.647, "tok_per_s": 193834.2, "load": 5.2177734375}
{"event": "step", "step": 97800, "loss": 4.4463, "lr": 0.0016900998533773417, "gnorm": 0.656, "tok_per_s": 193842.3, "load": 5.1201171875}
{"event": "step", "step": 97900, "loss": 4.6342, "lr": 0.0016878849906457622, "gnorm": 1.072, "tok_per_s": 193870.0, "load": 5.1103515625}
{"event": "step", "step": 98000, "loss": 4.5033, "lr": 0.0016856700258541415, "gnorm": 0.821, "tok_per_s": 193866.5, "load": 4.94091796875}
{"event": "step", "step": 98100, "loss": 4.348, "lr": 0.0016834549649694713, "gnorm": 0.906, "tok_per_s": 193854.3, "load": 4.78515625}
{"event": "step", "step": 98200, "loss": 4.3384, "lr": 0.001681239813959001, "gnorm": 0.548, "tok_per_s": 193843.9, "load": 4.64208984375}
{"event": "step", "step": 98300, "loss": 4.3956, "lr": 0.0016790245787902237, "gnorm": 0.549, "tok_per_s": 193839.3, "load": 4.51025390625}
{"event": "step", "step": 98400, "loss": 4.4659, "lr": 0.0016768092654308585, "gnorm": 0.581, "tok_per_s": 193829.9, "load": 4.51025390625}
{"event": "step", "step": 98500, "loss": 4.5967, "lr": 0.0016745938798488347, "gnorm": 0.689, "tok_per_s": 193850.8, "load": 4.46923828125}
{"event": "step", "step": 98600, "loss": 4.491, "lr": 0.0016723784280122775, "gnorm": 1.094, "tok_per_s": 193844.1, "load": 4.431640625}
{"event": "step", "step": 98700, "loss": 4.4568, "lr": 0.0016701629158894905, "gnorm": 0.889, "tok_per_s": 193808.0, "load": 4.5576171875}
{"event": "step", "step": 98800, "loss": 4.4212, "lr": 0.0016679473494489382, "gnorm": 0.873, "tok_per_s": 193837.1, "load": 4.5126953125}
{"event": "step", "step": 98900, "loss": 4.2613, "lr": 0.0016657317346592331, "gnorm": 0.522, "tok_per_s": 193850.9, "load": 4.7119140625}
{"event": "step", "step": 99000, "loss": 4.4591, "lr": 0.0016635160774891168, "gnorm": 0.777, "tok_per_s": 193677.8, "load": 4.7119140625}
{"event": "step", "step": 99100, "loss": 4.5146, "lr": 0.001661300383907445, "gnorm": 0.602, "tok_per_s": 193867.8, "load": 4.8955078125}
{"event": "step", "step": 99200, "loss": 4.5437, "lr": 0.001659084659883173, "gnorm": 0.88, "tok_per_s": 193885.7, "load": 4.904296875}
{"event": "step", "step": 99300, "loss": 4.4471, "lr": 0.0016568689113853365, "gnorm": 0.593, "tok_per_s": 193796.3, "load": 4.75146484375}
{"event": "step", "step": 99400, "loss": 4.6241, "lr": 0.0016546531443830375, "gnorm": 0.783, "tok_per_s": 193834.5, "load": 4.69091796875}
{"event": "step", "step": 99500, "loss": 4.1487, "lr": 0.0016524373648454287, "gnorm": 0.757, "tok_per_s": 193848.8, "load": 4.55517578125}
{"event": "step", "step": 99600, "loss": 4.4625, "lr": 0.0016502215787416957, "gnorm": 0.661, "tok_per_s": 193825.8, "load": 4.43017578125}
{"event": "step", "step": 99700, "loss": 4.5179, "lr": 0.0016480057920410425, "gnorm": 0.549, "tok_per_s": 193840.5, "load": 4.43017578125}
{"event": "step", "step": 99800, "loss": 4.5099, "lr": 0.001645790010712673, "gnorm": 1.058, "tok_per_s": 193844.5, "load": 4.3955078125}
{"event": "step", "step": 99900, "loss": 4.5138, "lr": 0.0016435742407257788, "gnorm": 0.588, "tok_per_s": 193849.8, "load": 4.28369140625}
{"event": "step", "step": 100000, "loss": 4.4666, "lr": 0.0016413584880495197, "gnorm": 0.865, "tok_per_s": 193842.2, "load": 4.1806640625}
eval 100000 {'bpb': 1.4577768220813592, 'nats_per_token': 4.395372647521216, 'tokens': 16379, 'bytes': 71247}
{"event": "step", "step": 100100, "loss": 4.409, "lr": 0.0016391427586530099, "gnorm": 0.869, "tok_per_s": 168937.0, "load": 4.0859375}
{"event": "step", "step": 100200, "loss": 4.4079, "lr": 0.0016369270585052987, "gnorm": 0.652, "tok_per_s": 193724.2, "load": 3.99853515625}
{"event": "step", "step": 100300, "loss": 4.4064, "lr": 0.0016347113935753594, "gnorm": 0.62, "tok_per_s": 193716.6, "load": 3.91845703125}
{"event": "step", "step": 100400, "loss": 4.4004, "lr": 0.0016324957698320684, "gnorm": 0.55, "tok_per_s": 193742.7, "load": 3.91845703125}
{"event": "step", "step": 100500, "loss": 4.6551, "lr": 0.0016302801932441921, "gnorm": 1.017, "tok_per_s": 193735.9, "load": 3.8447265625}
{"event": "step", "step": 100600, "loss": 4.5881, "lr": 0.00162806466978037, "gnorm": 0.678, "tok_per_s": 193749.2, "load": 3.77685546875}
{"event": "step", "step": 100700, "loss": 4.36, "lr": 0.001625849205409097, "gnorm": 0.817, "tok_per_s": 193721.6, "load": 3.71435546875}
{"event": "step", "step": 100800, "loss": 4.3846, "lr": 0.0016236338060987114, "gnorm": 0.661, "tok_per_s": 193698.5, "load": 3.8173828125}
{"event": "step", "step": 100900, "loss": 4.5084, "lr": 0.0016214184778173735, "gnorm": 0.557, "tok_per_s": 193695.8, "load": 3.75146484375}
{"event": "step", "step": 101000, "loss": 4.5967, "lr": 0.0016192032265330539, "gnorm": 0.743, "tok_per_s": 193748.0, "load": 3.61083984375}
{"event": "step", "step": 101100, "loss": 4.4892, "lr": 0.0016169880582135151, "gnorm": 1.054, "tok_per_s": 193718.3, "load": 3.61083984375}
{"event": "step", "step": 101200, "loss": 4.3793, "lr": 0.0016147729788262976, "gnorm": 0.767, "tok_per_s": 193695.3, "load": 3.4814453125}
{"event": "step", "step": 101300, "loss": 4.5163, "lr": 0.001612557994338699, "gnorm": 0.65, "tok_per_s": 193714.4, "load": 3.44287109375}
{"event": "step", "step": 101400, "loss": 4.4534, "lr": 0.0016103431107177648, "gnorm": 0.723, "tok_per_s": 193747.9, "load": 3.4072265625}
{"event": "step", "step": 101500, "loss": 4.2903, "lr": 0.0016081283339302668, "gnorm": 0.523, "tok_per_s": 193726.1, "load": 3.615234375}
{"event": "step", "step": 101600, "loss": 4.5161, "lr": 0.00160591366994269, "gnorm": 0.636, "tok_per_s": 193737.7, "load": 3.56591796875}
{"event": "step", "step": 101700, "loss": 4.5246, "lr": 0.001603699124721214, "gnorm": 0.945, "tok_per_s": 193742.5, "load": 3.56591796875}
{"event": "step", "step": 101800, "loss": 4.2992, "lr": 0.0016014847042317005, "gnorm": 0.661, "tok_per_s": 193770.9, "load": 3.5205078125}
{"event": "step", "step": 101900, "loss": 4.4674, "lr": 0.0015992704144396734, "gnorm": 0.92, "tok_per_s": 193741.8, "load": 3.478515625}
{"event": "step", "step": 102000, "loss": 4.5557, "lr": 0.001597056261310306, "gnorm": 0.725, "tok_per_s": 193751.1, "load": 3.43994140625}
{"event": "step", "step": 102100, "loss": 4.5054, "lr": 0.0015948422508084018, "gnorm": 0.569, "tok_per_s": 193735.3, "load": 3.404296875}
{"event": "step", "step": 102200, "loss": 4.5113, "lr": 0.0015926283888983818, "gnorm": 0.664, "tok_per_s": 193765.1, "load": 3.37158203125}
{"event": "step", "step": 102300, "loss": 4.4129, "lr": 0.0015904146815442653, "gnorm": 1.091, "tok_per_s": 193728.1, "load": 3.341796875}
{"event": "step", "step": 102400, "loss": 4.4385, "lr": 0.0015882011347096562, "gnorm": 0.681, "tok_per_s": 193688.4, "load": 3.341796875}
{"event": "step", "step": 102500, "loss": 4.4132, "lr": 0.001585987754357725, "gnorm": 0.8, "tok_per_s": 193738.3, "load": 3.23388671875}
{"event": "step", "step": 102600, "loss": 4.4066, "lr": 0.0015837745464511944, "gnorm": 0.692, "tok_per_s": 193681.9, "load": 3.21484375}
{"event": "step", "step": 102700, "loss": 4.535, "lr": 0.0015815615169523236, "gnorm": 0.745, "tok_per_s": 193726.7, "load": 3.197265625}
{"event": "step", "step": 102800, "loss": 4.4385, "lr": 0.001579348671822888, "gnorm": 0.777, "tok_per_s": 193745.8, "load": 3.18115234375}
{"event": "step", "step": 102900, "loss": 4.4382, "lr": 0.0015771360170241703, "gnorm": 0.732, "tok_per_s": 193739.2, "load": 3.2470703125}
{"event": "step", "step": 103000, "loss": 4.4635, "lr": 0.0015749235585169367, "gnorm": 0.539, "tok_per_s": 193746.8, "load": 3.2470703125}
{"event": "step", "step": 103100, "loss": 4.5386, "lr": 0.0015727113022614278, "gnorm": 0.582, "tok_per_s": 193742.6, "load": 3.22705078125}
{"event": "step", "step": 103200, "loss": 4.3868, "lr": 0.001570499254217337, "gnorm": 0.664, "tok_per_s": 193756.5, "load": 3.20849609375}
{"event": "step", "step": 103300, "loss": 4.4202, "lr": 0.0015682874203437982, "gnorm": 0.879, "tok_per_s": 193753.9, "load": 3.19140625}
{"event": "step", "step": 103400, "loss": 4.4577, "lr": 0.0015660758065993673, "gnorm": 0.983, "tok_per_s": 193763.2, "load": 3.17578125}
{"event": "step", "step": 103500, "loss": 4.3158, "lr": 0.0015638644189420088, "gnorm": 0.689, "tok_per_s": 193759.7, "load": 3.16162109375}
{"event": "step", "step": 103600, "loss": 4.3862, "lr": 0.0015616532633290754, "gnorm": 0.666, "tok_per_s": 193654.5, "load": 3.1484375}
{"event": "step", "step": 103700, "loss": 4.3379, "lr": 0.0015594423457172982, "gnorm": 0.667, "tok_per_s": 193751.0, "load": 3.1484375}
{"event": "step", "step": 103800, "loss": 4.453, "lr": 0.0015572316720627638, "gnorm": 0.768, "tok_per_s": 193739.9, "load": 3.05615234375}
{"event": "step", "step": 103900, "loss": 4.5609, "lr": 0.0015550212483209042, "gnorm": 0.749, "tok_per_s": 193740.4, "load": 2.97119140625}
{"event": "step", "step": 104000, "loss": 4.4187, "lr": 0.001552811080446476, "gnorm": 0.874, "tok_per_s": 193677.8, "load": 2.9736328125}
{"event": "step", "step": 104100, "loss": 4.3741, "lr": 0.0015506011743935486, "gnorm": 0.627, "tok_per_s": 193751.5, "load": 2.97607421875}
{"event": "step", "step": 104200, "loss": 4.4026, "lr": 0.0015483915361154837, "gnorm": 0.777, "tok_per_s": 193721.1, "load": 2.97802734375}
{"event": "step", "step": 104300, "loss": 4.431, "lr": 0.0015461821715649243, "gnorm": 0.664, "tok_per_s": 193709.8, "load": 2.97802734375}
{"event": "step", "step": 104400, "loss": 4.4811, "lr": 0.0015439730866937736, "gnorm": 0.704, "tok_per_s": 193749.0, "load": 2.97998046875}
{"event": "step", "step": 104500, "loss": 4.377, "lr": 0.0015417642874531834, "gnorm": 0.651, "tok_per_s": 193615.5, "load": 2.98193359375}
{"event": "step", "step": 104600, "loss": 4.481, "lr": 0.0015395557797935337, "gnorm": 0.705, "tok_per_s": 193729.6, "load": 2.9833984375}
{"event": "step", "step": 104700, "loss": 4.6506, "lr": 0.0015373475696644214, "gnorm": 0.667, "tok_per_s": 193742.2, "load": 2.98486328125}
{"event": "step", "step": 104800, "loss": 4.584, "lr": 0.0015351396630146402, "gnorm": 0.66, "tok_per_s": 193746.9, "load": 2.986328125}
{"event": "step", "step": 104900, "loss": 4.3907, "lr": 0.001532932065792167, "gnorm": 0.648, "tok_per_s": 193742.6, "load": 2.98779296875}
{"event": "step", "step": 105000, "loss": 4.4408, "lr": 0.0015307247839441453, "gnorm": 0.973, "tok_per_s": 193797.9, "load": 2.98779296875}
{"event": "step", "step": 105100, "loss": 4.462, "lr": 0.001528517823416868, "gnorm": 0.769, "tok_per_s": 170444.9, "load": 2.9892578125}
{"event": "step", "step": 105200, "loss": 4.4076, "lr": 0.0015263111901557638, "gnorm": 0.847, "tok_per_s": 193815.1, "load": 2.990234375}
{"event": "step", "step": 105300, "loss": 4.4186, "lr": 0.001524104890105378, "gnorm": 0.618, "tok_per_s": 193810.5, "load": 2.9912109375}
{"event": "step", "step": 105400, "loss": 4.498, "lr": 0.0015218989292093605, "gnorm": 0.882, "tok_per_s": 193808.6, "load": 2.91162109375}
{"event": "step", "step": 105500, "loss": 4.4656, "lr": 0.0015196933134104449, "gnorm": 0.636, "tok_per_s": 193830.7, "load": 2.9990234375}
{"event": "step", "step": 105600, "loss": 4.4091, "lr": 0.0015174880486504374, "gnorm": 0.728, "tok_per_s": 193780.7, "load": 2.99951171875}
{"event": "step", "step": 105700, "loss": 4.5046, "lr": 0.001515283140870197, "gnorm": 0.798, "tok_per_s": 193802.8, "load": 2.99951171875}
{"event": "step", "step": 105800, "loss": 4.5123, "lr": 0.001513078596009623, "gnorm": 0.689, "tok_per_s": 193765.4, "load": 3.0}
{"event": "step", "step": 105900, "loss": 4.2924, "lr": 0.0015108744200076334, "gnorm": 0.644, "tok_per_s": 193776.5, "load": 3.0}
{"event": "step", "step": 106000, "loss": 4.3376, "lr": 0.0015086706188021568, "gnorm": 0.551, "tok_per_s": 193754.3, "load": 3.0}
{"event": "step", "step": 106100, "loss": 4.2714, "lr": 0.0015064671983301091, "gnorm": 1.014, "tok_per_s": 193788.5, "load": 3.080078125}
{"event": "step", "step": 106200, "loss": 4.3493, "lr": 0.001504264164527382, "gnorm": 0.706, "tok_per_s": 193815.7, "load": 3.15380859375}
{"event": "step", "step": 106300, "loss": 4.6838, "lr": 0.0015020615233288246, "gnorm": 0.88, "tok_per_s": 193815.3, "load": 3.15380859375}
{"event": "step", "step": 106400, "loss": 4.4622, "lr": 0.001499859280668229, "gnorm": 0.773, "tok_per_s": 193816.1, "load": 3.3818359375}
{"event": "step", "step": 106500, "loss": 4.6248, "lr": 0.0014976574424783132, "gnorm": 0.621, "tok_per_s": 193818.5, "load": 3.35107421875}
{"event": "step", "step": 106600, "loss": 4.285, "lr": 0.0014954560146907064, "gnorm": 0.603, "tok_per_s": 193830.2, "load": 3.32275390625}
{"event": "step", "step": 106700, "loss": 4.3416, "lr": 0.001493255003235931, "gnorm": 0.613, "tok_per_s": 193825.8, "load": 3.296875}
{"event": "step", "step": 106800, "loss": 4.433, "lr": 0.001491054414043389, "gnorm": 0.744, "tok_per_s": 193813.6, "load": 3.27294921875}
{"event": "step", "step": 106900, "loss": 4.2587, "lr": 0.0014888542530413437, "gnorm": 0.975, "tok_per_s": 193818.7, "load": 3.2509765625}
{"event": "step", "step": 107000, "loss": 4.4947, "lr": 0.0014866545261569065, "gnorm": 0.932, "tok_per_s": 193813.7, "load": 3.2509765625}
{"event": "step", "step": 107100, "loss": 4.3885, "lr": 0.0014844552393160168, "gnorm": 0.811, "tok_per_s": 193789.3, "load": 3.31103515625}
{"event": "step", "step": 107200, "loss": 4.2323, "lr": 0.0014822563984434314, "gnorm": 0.591, "tok_per_s": 193802.9, "load": 3.28564453125}
{"event": "step", "step": 107300, "loss": 4.5113, "lr": 0.0014800580094627039, "gnorm": 0.732, "tok_per_s": 193670.2, "load": 3.2626953125}
{"event": "step", "step": 107400, "loss": 4.3696, "lr": 0.0014778600782961707, "gnorm": 0.695, "tok_per_s": 193597.7, "load": 3.32177734375}
{"event": "step", "step": 107500, "loss": 4.4188, "lr": 0.0014756626108649354, "gnorm": 0.708, "tok_per_s": 193646.0, "load": 3.2158203125}
{"event": "step", "step": 107600, "loss": 4.5247, "lr": 0.001473465613088852, "gnorm": 0.689, "tok_per_s": 193710.5, "load": 3.2158203125}
{"event": "step", "step": 107700, "loss": 4.385, "lr": 0.0014712690908865091, "gnorm": 0.839, "tok_per_s": 193706.0, "load": 3.1982421875}
{"event": "step", "step": 107800, "loss": 4.3032, "lr": 0.0014690730501752147, "gnorm": 0.715, "tok_per_s": 193691.8, "load": 3.18212890625}
{"event": "step", "step": 107900, "loss": 4.5377, "lr": 0.0014668774968709796, "gnorm": 0.793, "tok_per_s": 193408.7, "load": 3.16748046875}
{"event": "step", "step": 108000, "loss": 4.4647, "lr": 0.0014646824368884997, "gnorm": 0.695, "tok_per_s": 193107.0, "load": 3.15380859375}
{"event": "step", "step": 108100, "loss": 4.3101, "lr": 0.001462487876141146, "gnorm": 0.68, "tok_per_s": 193771.7, "load": 3.3017578125}
{"event": "step", "step": 108200, "loss": 4.605, "lr": 0.0014602938205409402, "gnorm": 0.945, "tok_per_s": 193774.4, "load": 3.27734375}
{"event": "step", "step": 108300, "loss": 4.5282, "lr": 0.0014581002759985464, "gnorm": 0.702, "tok_per_s": 193761.3, "load": 3.27734375}
{"event": "step", "step": 108400, "loss": 4.4934, "lr": 0.0014559072484232492, "gnorm": 0.693, "tok_per_s": 193788.8, "load": 3.2548828125}
{"event": "step", "step": 108500, "loss": 4.6078, "lr": 0.001453714743722943, "gnorm": 0.596, "tok_per_s": 193779.8, "load": 3.234375}
{"event": "step", "step": 108600, "loss": 4.5827, "lr": 0.001451522767804112, "gnorm": 0.749, "tok_per_s": 193771.9, "load": 3.21533203125}
{"event": "step", "step": 108700, "loss": 4.3865, "lr": 0.0014493313265718172, "gnorm": 0.6, "tok_per_s": 193757.7, "load": 3.19775390625}
{"event": "step", "step": 108800, "loss": 4.4693, "lr": 0.001447140425929677, "gnorm": 1.345, "tok_per_s": 193763.7, "load": 3.181640625}
{"event": "step", "step": 108900, "loss": 4.5318, "lr": 0.0014449500717798565, "gnorm": 0.8, "tok_per_s": 193736.7, "load": 3.181640625}
{"event": "step", "step": 109000, "loss": 4.2478, "lr": 0.0014427602700230453, "gnorm": 0.678, "tok_per_s": 193783.1, "load": 3.1669921875}
{"event": "step", "step": 109100, "loss": 4.5528, "lr": 0.0014405710265584487, "gnorm": 0.654, "tok_per_s": 193744.0, "load": 3.1533203125}
{"event": "step", "step": 109200, "loss": 4.3551, "lr": 0.0014383823472837638, "gnorm": 0.68, "tok_per_s": 193760.3, "load": 3.30126953125}
{"event": "step", "step": 109300, "loss": 4.4671, "lr": 0.0014361942380951708, "gnorm": 0.664, "tok_per_s": 193742.8, "load": 3.357421875}
{"event": "step", "step": 109400, "loss": 4.6058, "lr": 0.001434006704887313, "gnorm": 1.319, "tok_per_s": 193786.2, "load": 3.32861328125}
{"event": "step", "step": 109500, "loss": 4.3698, "lr": 0.0014318197535532822, "gnorm": 0.753, "tok_per_s": 193769.5, "load": 3.462890625}
{"event": "step", "step": 109600, "loss": 4.4581, "lr": 0.0014296333899846035, "gnorm": 0.798, "tok_per_s": 193736.6, "load": 3.462890625}
{"event": "step", "step": 109700, "loss": 4.346, "lr": 0.001427447620071216, "gnorm": 0.71, "tok_per_s": 193769.4, "load": 3.42578125}
{"event": "step", "step": 109800, "loss": 4.4213, "lr": 0.001425262449701463, "gnorm": 0.734, "tok_per_s": 193755.9, "load": 3.3916015625}
{"event": "step", "step": 109900, "loss": 4.3463, "lr": 0.0014230778847620698, "gnorm": 0.824, "tok_per_s": 193771.5, "load": 3.27978515625}
{"event": "step", "step": 110000, "loss": 4.6084, "lr": 0.001420893931138133, "gnorm": 0.642, "tok_per_s": 193750.5, "load": 3.17724609375}
{"event": "step", "step": 110100, "loss": 4.285, "lr": 0.0014187105947131, "gnorm": 0.614, "tok_per_s": 170942.0, "load": 8.2080078125}
{"event": "step", "step": 110200, "loss": 4.4285, "lr": 0.0014165278813687576, "gnorm": 0.693, "tok_per_s": 193814.1, "load": 7.79052734375}
{"event": "step", "step": 110300, "loss": 4.378, "lr": 0.0014143457969852126, "gnorm": 0.644, "tok_per_s": 193789.0, "load": 7.79052734375}
{"event": "step", "step": 110400, "loss": 4.501, "lr": 0.0014121643474408788, "gnorm": 0.871, "tok_per_s": 193791.4, "load": 7.40673828125}
{"event": "step", "step": 110500, "loss": 4.5272, "lr": 0.0014099835386124574, "gnorm": 0.747, "tok_per_s": 193792.5, "load": 7.0537109375}
{"event": "step", "step": 110600, "loss": 4.6044, "lr": 0.001407803376374927, "gnorm": 0.898, "tok_per_s": 193622.9, "load": 6.72900390625}
{"event": "step", "step": 110700, "loss": 4.515, "lr": 0.0014056238666015212, "gnorm": 0.664, "tok_per_s": 193662.6, "load": 6.43017578125}
{"event": "step", "step": 110800, "loss": 4.4279, "lr": 0.0014034450151637178, "gnorm": 0.64, "tok_per_s": 193686.1, "load": 6.1552734375}
{"event": "step", "step": 110900, "loss": 4.4256, "lr": 0.0014012668279312196, "gnorm": 0.73, "tok_per_s": 193729.1, "load": 6.1552734375}
{"event": "step", "step": 111000, "loss": 4.4065, "lr": 0.001399089310771942, "gnorm": 0.708, "tok_per_s": 193710.3, "load": 5.90234375}
{"event": "step", "step": 111100, "loss": 4.3678, "lr": 0.001396912469551993, "gnorm": 0.863, "tok_per_s": 193375.4, "load": 5.669921875}
{"event": "step", "step": 111200, "loss": 4.3977, "lr": 0.0013947363101356619, "gnorm": 0.678, "tok_per_s": 193712.0, "load": 6.97802734375}
{"event": "step", "step": 111300, "loss": 4.4668, "lr": 0.001392560838385399, "gnorm": 0.802, "tok_per_s": 193696.5, "load": 6.5791015625}
{"event": "step", "step": 111400, "loss": 4.5828, "lr": 0.0013903860601618043, "gnorm": 1.045, "tok_per_s": 193665.1, "load": 6.21240234375}
{"event": "step", "step": 111500, "loss": 4.4107, "lr": 0.0013882119813236073, "gnorm": 0.896, "tok_per_s": 193610.4, "load": 5.955078125}
{"event": "step", "step": 111600, "loss": 4.3471, "lr": 0.0013860386077276558, "gnorm": 0.814, "tok_per_s": 193649.7, "load": 5.955078125}
{"event": "step", "step": 111700, "loss": 4.5591, "lr": 0.0013838659452288951, "gnorm": 0.817, "tok_per_s": 193791.9, "load": 6.0390625}
{"event": "step", "step": 111800, "loss": 4.4094, "lr": 0.001381693999680357, "gnorm": 0.742, "tok_per_s": 193785.6, "load": 5.79541015625}
{"event": "step", "step": 111900, "loss": 4.4498, "lr": 0.0013795227769331409, "gnorm": 0.668, "tok_per_s": 193786.0, "load": 5.5712890625}
{"event": "step", "step": 112000, "loss": 4.5398, "lr": 0.0013773522828363987, "gnorm": 0.731, "tok_per_s": 193786.5, "load": 5.365234375}
{"event": "step", "step": 112100, "loss": 4.4248, "lr": 0.001375182523237321, "gnorm": 0.753, "tok_per_s": 193701.8, "load": 5.17578125}
{"event": "step", "step": 112200, "loss": 4.2788, "lr": 0.001373013503981117, "gnorm": 0.627, "tok_per_s": 193784.9, "load": 5.17578125}
{"event": "step", "step": 112300, "loss": 4.4014, "lr": 0.001370845230911004, "gnorm": 0.614, "tok_per_s": 193756.8, "load": 5.00146484375}
{"event": "step", "step": 112400, "loss": 4.4043, "lr": 0.0013686777098681872, "gnorm": 0.771, "tok_per_s": 193775.4, "load": 4.7607421875}
{"event": "step", "step": 112500, "loss": 4.3576, "lr": 0.001366510946691848, "gnorm": 0.666, "tok_per_s": 193776.3, "load": 4.61962890625}
{"event": "step", "step": 112600, "loss": 4.5654, "lr": 0.0013643449472191236, "gnorm": 0.943, "tok_per_s": 193694.6, "load": 4.48974609375}
{"event": "step", "step": 112700, "loss": 4.3469, "lr": 0.0013621797172850962, "gnorm": 0.755, "tok_per_s": 193786.8, "load": 4.3701171875}
{"event": "step", "step": 112800, "loss": 4.6432, "lr": 0.001360015262722773, "gnorm": 0.665, "tok_per_s": 193774.8, "load": 4.18017578125}
{"event": "step", "step": 112900, "loss": 4.4757, "lr": 0.0013578515893630742, "gnorm": 0.796, "tok_per_s": 193781.7, "load": 4.18017578125}
{"event": "step", "step": 113000, "loss": 4.3385, "lr": 0.0013556887030348134, "gnorm": 0.783, "tok_per_s": 193783.4, "load": 4.08544921875}
{"event": "step", "step": 113100, "loss": 4.4864, "lr": 0.001353526609564686, "gnorm": 0.706, "tok_per_s": 193769.8, "load": 3.91796875}
{"event": "step", "step": 113200, "loss": 4.4725, "lr": 0.0013513653147772498, "gnorm": 0.897, "tok_per_s": 193780.7, "load": 3.76416015625}
{"event": "step", "step": 113300, "loss": 4.315, "lr": 0.0013492048244949128, "gnorm": 0.677, "tok_per_s": 193783.2, "load": 3.62255859375}
{"event": "step", "step": 113400, "loss": 4.4764, "lr": 0.0013470451445379136, "gnorm": 0.719, "tok_per_s": 193672.7, "load": 3.572265625}
{"event": "step", "step": 113500, "loss": 4.3713, "lr": 0.0013448862807243097, "gnorm": 0.94, "tok_per_s": 193172.4, "load": 3.572265625}
{"event": "step", "step": 113600, "loss": 4.4786, "lr": 0.0013427282388699588, "gnorm": 0.79, "tok_per_s": 193742.0, "load": 3.60693359375}
{"event": "step", "step": 113700, "loss": 4.4573, "lr": 0.001340571024788505, "gnorm": 0.689, "tok_per_s": 193736.0, "load": 3.638671875}
{"event": "step", "step": 113800, "loss": 4.3207, "lr": 0.0013384146442913618, "gnorm": 0.87, "tok_per_s": 193728.1, "load": 3.66796875}
{"event": "step", "step": 113900, "loss": 4.3282, "lr": 0.0013362591031876973, "gnorm": 0.657, "tok_per_s": 193788.6, "load": 3.69482421875}
{"event": "step", "step": 114000, "loss": 4.4691, "lr": 0.0013341044072844184, "gnorm": 0.958, "tok_per_s": 193756.6, "load": 3.63916015625}
{"event": "step", "step": 114100, "loss": 4.1792, "lr": 0.001331950562386155, "gnorm": 0.805, "tok_per_s": 193761.9, "load": 3.587890625}
{"event": "step", "step": 114200, "loss": 4.5174, "lr": 0.001329797574295245, "gnorm": 0.675, "tok_per_s": 193809.2, "load": 3.587890625}
{"event": "step", "step": 114300, "loss": 4.482, "lr": 0.001327645448811717, "gnorm": 0.763, "tok_per_s": 193774.3, "load": 3.78125}
{"event": "step", "step": 114400, "loss": 4.3613, "lr": 0.001325494191733277, "gnorm": 0.925, "tok_per_s": 193786.6, "load": 3.71826171875}
{"event": "step", "step": 114500, "loss": 4.4846, "lr": 0.0013233438088552905, "gnorm": 0.915, "tok_per_s": 193723.2, "load": 3.58056640625}
{"event": "step", "step": 114600, "loss": 4.5132, "lr": 0.0013211943059707682, "gnorm": 0.949, "tok_per_s": 193676.0, "load": 3.45361328125}
{"event": "step", "step": 114700, "loss": 4.3804, "lr": 0.001319045688870351, "gnorm": 0.737, "tok_per_s": 193686.4, "load": 3.3369140625}
{"event": "step", "step": 114800, "loss": 4.3185, "lr": 0.0013168979633422927, "gnorm": 0.879, "tok_per_s": 193673.4, "load": 3.3369140625}
{"event": "step", "step": 114900, "loss": 4.3823, "lr": 0.0013147511351724451, "gnorm": 0.749, "tok_per_s": 193658.3, "load": 3.2294921875}
{"event": "step", "step": 115000, "loss": 4.4142, "lr": 0.0013126052101442435, "gnorm": 0.696, "tok_per_s": 193719.3, "load": 3.2109375}
{"event": "step", "step": 115100, "loss": 4.468, "lr": 0.0013104601940386888, "gnorm": 0.634, "tok_per_s": 170263.3, "load": 3.19384765625}
{"event": "step", "step": 115200, "loss": 4.4856, "lr": 0.0013083160926343346, "gnorm": 0.794, "tok_per_s": 193662.3, "load": 3.17822265625}
{"event": "step", "step": 115300, "loss": 4.4602, "lr": 0.0013061729117072698, "gnorm": 1.16, "tok_per_s": 193642.5, "load": 8.369140625}
{"event": "step", "step": 115400, "loss": 4.4676, "lr": 0.001304030657031104, "gnorm": 0.881, "tok_per_s": 193372.5, "load": 8.66015625}
{"event": "step", "step": 115500, "loss": 4.414, "lr": 0.0013018893343769507, "gnorm": 0.856, "tok_per_s": 193659.3, "load": 8.84765625}
{"event": "step", "step": 115600, "loss": 4.4739, "lr": 0.0012997489495134137, "gnorm": 0.925, "tok_per_s": 193621.8, "load": 8.84765625}
{"event": "step", "step": 115700, "loss": 4.2877, "lr": 0.0012976095082065692, "gnorm": 1.011, "tok_per_s": 193314.1, "load": 9.10009765625}
{"event": "step", "step": 115800, "loss": 4.5237, "lr": 0.0012954710162199525, "gnorm": 0.704, "tok_per_s": 193727.2, "load": 9.25244140625}
{"event": "step", "step": 115900, "loss": 4.3329, "lr": 0.0012933334793145406, "gnorm": 0.696, "tok_per_s": 193683.7, "load": 9.392578125}
{"event": "step", "step": 116000, "loss": 4.5099, "lr": 0.0012911969032487387, "gnorm": 0.803, "tok_per_s": 193715.8, "load": 9.44140625}
{"event": "step", "step": 116100, "loss": 4.3842, "lr": 0.001289061293778362, "gnorm": 0.705, "tok_per_s": 193767.2, "load": 9.486328125}
{"event": "step", "step": 116200, "loss": 4.4302, "lr": 0.0012869266566566241, "gnorm": 0.688, "tok_per_s": 193779.6, "load": 9.486328125}
{"event": "step", "step": 116300, "loss": 4.3418, "lr": 0.0012847929976341167, "gnorm": 0.734, "tok_per_s": 193761.1, "load": 9.046875}
{"event": "step", "step": 116400, "loss": 4.4877, "lr": 0.0012826603224587974, "gnorm": 0.95, "tok_per_s": 193785.5, "load": 8.642578125}
{"event": "step", "step": 116500, "loss": 4.3755, "lr": 0.0012805286368759747, "gnorm": 0.863, "tok_per_s": 193764.7, "load": 8.2705078125}
{"event": "step", "step": 116600, "loss": 4.4275, "lr": 0.0012783979466282891, "gnorm": 0.775, "tok_per_s": 193763.0, "load": 7.92822265625}
{"event": "step", "step": 116700, "loss": 4.318, "lr": 0.001276268257455701, "gnorm": 0.797, "tok_per_s": 193775.3, "load": 7.61328125}
{"event": "step", "step": 116800, "loss": 4.3077, "lr": 0.0012741395750954733, "gnorm": 0.729, "tok_per_s": 193759.3, "load": 7.48388671875}
{"event": "step", "step": 116900, "loss": 4.3557, "lr": 0.0012720119052821576, "gnorm": 0.718, "tok_per_s": 193744.3, "load": 7.48388671875}
{"event": "step", "step": 117000, "loss": 4.3537, "lr": 0.001269885253747576, "gnorm": 0.915, "tok_per_s": 193747.5, "load": 7.12451171875}
{"event": "step", "step": 117100, "loss": 4.5704, "lr": 0.0012677596262208098, "gnorm": 1.216, "tok_per_s": 193743.0, "load": 6.8740234375}
{"event": "step", "step": 117200, "loss": 4.3958, "lr": 0.0012656350284281788, "gnorm": 0.722, "tok_per_s": 193724.6, "load": 6.6435546875}
{"event": "step", "step": 117300, "loss": 4.4409, "lr": 0.0012635114660932323, "gnorm": 1.208, "tok_per_s": 193623.0, "load": 6.51171875}
{"event": "step", "step": 117400, "loss": 4.3403, "lr": 0.0012613889449367265, "gnorm": 0.797, "tok_per_s": 193696.4, "load": 11.35595703125}
{"event": "step", "step": 117500, "loss": 4.4966, "lr": 0.0012592674706766156, "gnorm": 1.083, "tok_per_s": 193649.3, "load": 11.35595703125}
{"event": "step", "step": 117600, "loss": 4.4329, "lr": 0.0012571470490280313, "gnorm": 0.769, "tok_per_s": 193725.6, "load": 10.6865234375}
{"event": "step", "step": 117700, "loss": 4.376, "lr": 0.0012550276857032712, "gnorm": 0.785, "tok_per_s": 193717.1, "load": 10.07080078125}
{"event": "step", "step": 117800, "loss": 4.5009, "lr": 0.0012529093864117808, "gnorm": 0.821, "tok_per_s": 193737.2, "load": 9.50439453125}
{"event": "step", "step": 117900, "loss": 4.4592, "lr": 0.0012507921568601407, "gnorm": 0.765, "tok_per_s": 193756.1, "load": 8.9833984375}
{"event": "step", "step": 118000, "loss": 4.2849, "lr": 0.0012486760027520469, "gnorm": 0.768, "tok_per_s": 193723.8, "load": 8.50390625}
{"event": "step", "step": 118100, "loss": 4.2903, "lr": 0.001246560929788302, "gnorm": 0.72, "tok_per_s": 193694.8, "load": 8.06298828125}
{"event": "step", "step": 118200, "loss": 4.4622, "lr": 0.001244446943666792, "gnorm": 0.824, "tok_per_s": 193712.2, "load": 8.06298828125}
{"event": "step", "step": 118300, "loss": 4.3603, "lr": 0.0012423340500824786, "gnorm": 0.774, "tok_per_s": 193711.5, "load": 7.5771484375}
{"event": "step", "step": 118400, "loss": 4.3704, "lr": 0.0012402222547273772, "gnorm": 0.847, "tok_per_s": 193709.0, "load": 7.29052734375}
{"event": "step", "step": 118500, "loss": 4.4443, "lr": 0.0012381115632905469, "gnorm": 0.728, "tok_per_s": 193684.8, "load": 7.02685546875}
{"event": "step", "step": 118600, "loss": 4.4795, "lr": 0.0012360019814580728, "gnorm": 0.923, "tok_per_s": 193707.5, "load": 6.7041015625}
{"event": "step", "step": 118700, "loss": 4.4745, "lr": 0.0012338935149130482, "gnorm": 0.771, "tok_per_s": 193690.0, "load": 6.4072265625}
{"event": "step", "step": 118800, "loss": 4.5399, "lr": 0.0012317861693355659, "gnorm": 0.746, "tok_per_s": 193704.5, "load": 6.4072265625}
{"event": "step", "step": 118900, "loss": 4.1986, "lr": 0.0012296799504026947, "gnorm": 0.913, "tok_per_s": 193734.0, "load": 6.13427734375}
{"event": "step", "step": 119000, "loss": 4.4102, "lr": 0.0012275748637884721, "gnorm": 0.886, "tok_per_s": 193721.4, "load": 5.8828125}
{"event": "step", "step": 119100, "loss": 4.3784, "lr": 0.0012254709151638822, "gnorm": 0.672, "tok_per_s": 193740.9, "load": 5.65185546875}
{"event": "step", "step": 119200, "loss": 4.4177, "lr": 0.0012233681101968454, "gnorm": 0.742, "tok_per_s": 193750.3, "load": 5.439453125}
{"event": "step", "step": 119300, "loss": 4.5996, "lr": 0.0012212664545521992, "gnorm": 0.754, "tok_per_s": 193753.9, "load": 5.24365234375}
{"event": "step", "step": 119400, "loss": 4.6281, "lr": 0.0012191659538916878, "gnorm": 0.721, "tok_per_s": 193738.9, "load": 5.06396484375}
{"event": "step", "step": 119500, "loss": 4.2343, "lr": 0.0012170666138739408, "gnorm": 0.674, "tok_per_s": 193706.6, "load": 5.06396484375}
{"event": "step", "step": 119600, "loss": 4.3377, "lr": 0.001214968440154463, "gnorm": 0.688, "tok_per_s": 193736.4, "load": 4.8984375}
{"event": "step", "step": 119700, "loss": 4.29, "lr": 0.001212871438385617, "gnorm": 0.814, "tok_per_s": 193767.7, "load": 4.74609375}
{"event": "step", "step": 119800, "loss": 4.4643, "lr": 0.001210775614216608, "gnorm": 0.742, "tok_per_s": 193756.8, "load": 4.60595703125}
{"event": "step", "step": 119900, "loss": 4.4402, "lr": 0.0012086809732934681, "gnorm": 0.776, "tok_per_s": 193791.2, "load": 4.39697265625}
{"event": "step", "step": 120000, "loss": 4.3685, "lr": 0.0012065875212590434, "gnorm": 0.824, "tok_per_s": 193769.2, "load": 4.20458984375}
eval 120000 {'bpb': 1.4488784042801093, 'nats_per_token': 4.3685428464039315, 'tokens': 16379, 'bytes': 71247}
{"event": "step", "step": 120100, "loss": 4.283, "lr": 0.0012044952637529753, "gnorm": 0.717, "tok_per_s": 169530.5, "load": 4.10791015625}
{"event": "step", "step": 120200, "loss": 4.4544, "lr": 0.0012024042064116898, "gnorm": 0.802, "tok_per_s": 193600.9, "load": 4.10791015625}
{"event": "step", "step": 120300, "loss": 4.3983, "lr": 0.001200314354868376, "gnorm": 0.876, "tok_per_s": 193387.1, "load": 4.01904296875}
{"event": "step", "step": 120400, "loss": 4.248, "lr": 0.0011982257147529788, "gnorm": 0.681, "tok_per_s": 193702.8, "load": 3.93701171875}
{"event": "step", "step": 120500, "loss": 4.2172, "lr": 0.0011961382916921763, "gnorm": 0.737, "tok_per_s": 193776.0, "load": 3.86181640625}
{"event": "step", "step": 120600, "loss": 4.5994, "lr": 0.0011940520913093701, "gnorm": 0.73, "tok_per_s": 193775.4, "load": 3.79248046875}
{"event": "step", "step": 120700, "loss": 4.4681, "lr": 0.0011919671192246659, "gnorm": 0.788, "tok_per_s": 193782.9, "load": 3.72900390625}
{"event": "step", "step": 120800, "loss": 4.3942, "lr": 0.0011898833810548622, "gnorm": 0.801, "tok_per_s": 193777.5, "load": 3.67041015625}
{"event": "step", "step": 120900, "loss": 4.3027, "lr": 0.0011878008824134335, "gnorm": 0.819, "tok_per_s": 193788.6, "load": 3.67041015625}
{"event": "step", "step": 121000, "loss": 4.2355, "lr": 0.0011857196289105133, "gnorm": 0.761, "tok_per_s": 193780.4, "load": 3.697265625}
{"event": "step", "step": 121100, "loss": 4.3934, "lr": 0.0011836396261528826, "gnorm": 0.733, "tok_per_s": 193766.3, "load": 3.64111328125}
{"event": "step", "step": 121200, "loss": 4.3946, "lr": 0.0011815608797439516, "gnorm": 0.818, "tok_per_s": 193760.2, "load": 3.58935546875}
{"event": "step", "step": 121300, "loss": 4.4471, "lr": 0.0011794833952837474, "gnorm": 0.809, "tok_per_s": 193779.8, "load": 3.5419921875}
{"event": "step", "step": 121400, "loss": 4.5496, "lr": 0.0011774071783688955, "gnorm": 0.871, "tok_per_s": 193765.3, "load": 3.49853515625}
{"event": "step", "step": 121500, "loss": 4.4432, "lr": 0.0011753322345926089, "gnorm": 0.896, "tok_per_s": 193767.9, "load": 3.49853515625}
{"event": "step", "step": 121600, "loss": 4.3964, "lr": 0.0011732585695446692, "gnorm": 0.934, "tok_per_s": 193786.4, "load": 3.37841796875}
{"event": "step", "step": 121700, "loss": 4.3865, "lr": 0.0011711861888114138, "gnorm": 0.81, "tok_per_s": 193787.8, "load": 3.267578125}
{"event": "step", "step": 121800, "loss": 4.3965, "lr": 0.0011691150979757207, "gnorm": 0.828, "tok_per_s": 193783.0, "load": 3.166015625}
{"event": "step", "step": 121900, "loss": 4.4154, "lr": 0.0011670453026169925, "gnorm": 0.773, "tok_per_s": 193779.1, "load": 3.15234375}
{"event": "step", "step": 122000, "loss": 4.385, "lr": 0.001164976808311141, "gnorm": 0.825, "tok_per_s": 193726.5, "load": 3.14013671875}
{"event": "step", "step": 122100, "loss": 4.6509, "lr": 0.0011629096206305747, "gnorm": 0.847, "tok_per_s": 193770.5, "load": 3.14013671875}
{"event": "step", "step": 122200, "loss": 4.4342, "lr": 0.0011608437451441807, "gnorm": 0.702, "tok_per_s": 193781.9, "load": 3.12890625}
{"event": "step", "step": 122300, "loss": 4.4476, "lr": 0.0011587791874173128, "gnorm": 0.781, "tok_per_s": 193758.5, "load": 3.1181640625}
{"event": "step", "step": 122400, "loss": 4.6104, "lr": 0.0011567159530117724, "gnorm": 0.806, "tok_per_s": 193779.6, "load": 3.1083984375}
{"event": "step", "step": 122500, "loss": 4.3371, "lr": 0.0011546540474857982, "gnorm": 0.775, "tok_per_s": 193778.0, "load": 3.099609375}
{"event": "step", "step": 122600, "loss": 4.3576, "lr": 0.0011525934763940476, "gnorm": 0.884, "tok_per_s": 193753.4, "load": 3.09130859375}
{"event": "step", "step": 122700, "loss": 4.4782, "lr": 0.0011505342452875838, "gnorm": 0.853, "tok_per_s": 193774.9, "load": 3.16455078125}
{"event": "step", "step": 122800, "loss": 4.3279, "lr": 0.00114847635971386, "gnorm": 0.847, "tok_per_s": 193784.0, "load": 3.16455078125}
{"event": "step", "step": 122900, "loss": 4.3759, "lr": 0.001146419825216705, "gnorm": 1.205, "tok_per_s": 193771.5, "load": 3.1513671875}
{"event": "step", "step": 123000, "loss": 4.4247, "lr": 0.001144364647336306, "gnorm": 0.787, "tok_per_s": 193775.4, "load": 3.13916015625}
{"event": "step", "step": 123100, "loss": 4.4979, "lr": 0.0011423108316091987, "gnorm": 0.935, "tok_per_s": 193773.4, "load": 3.1279296875}
{"event": "step", "step": 123200, "loss": 4.26, "lr": 0.0011402583835682463, "gnorm": 0.751, "tok_per_s": 193784.1, "load": 3.11767578125}
{"event": "step", "step": 123300, "loss": 4.2646, "lr": 0.0011382073087426296, "gnorm": 0.81, "tok_per_s": 193716.1, "load": 3.2685546875}
{"event": "step", "step": 123400, "loss": 4.4945, "lr": 0.0011361576126578286, "gnorm": 0.892, "tok_per_s": 193690.2, "load": 3.2685546875}
{"event": "step", "step": 123500, "loss": 4.2732, "lr": 0.00113410930083561, "gnorm": 0.752, "tok_per_s": 193779.9, "load": 3.24658203125}
{"event": "step", "step": 123600, "loss": 4.4191, "lr": 0.0011320623787940103, "gnorm": 0.732, "tok_per_s": 193781.0, "load": 3.146484375}
{"event": "step", "step": 123700, "loss": 4.5441, "lr": 0.0011300168520473235, "gnorm": 0.73, "tok_per_s": 193762.0, "load": 3.05419921875}
{"event": "step", "step": 123800, "loss": 4.3922, "lr": 0.001127972726106084, "gnorm": 0.863, "tok_per_s": 193774.3, "load": 2.9697265625}
{"event": "step", "step": 123900, "loss": 4.4004, "lr": 0.001125930006477052, "gnorm": 0.959, "tok_per_s": 193796.0, "load": 2.8916015625}
{"event": "step", "step": 124000, "loss": 4.2591, "lr": 0.0011238886986632002, "gnorm": 0.753, "tok_per_s": 193785.7, "load": 2.81982421875}
{"event": "step", "step": 124100, "loss": 4.5665, "lr": 0.0011218488081636963, "gnorm": 0.815, "tok_per_s": 193795.5, "load": 2.81982421875}
{"event": "step", "step": 124200, "loss": 4.4121, "lr": 0.0011198103404738925, "gnorm": 1.005, "tok_per_s": 193804.6, "load": 2.75390625}
{"event": "step", "step": 124300, "loss": 4.4053, "lr": 0.0011177733010853048, "gnorm": 0.896, "tok_per_s": 193783.4, "load": 2.693359375}
{"event": "step", "step": 124400, "loss": 4.5821, "lr": 0.0011157376954856048, "gnorm": 0.777, "tok_per_s": 193817.3, "load": 2.6376953125}
{"event": "step", "step": 124500, "loss": 4.2709, "lr": 0.0011137035291585982, "gnorm": 0.874, "tok_per_s": 193799.5, "load": 2.58642578125}
{"event": "step", "step": 124600, "loss": 4.5016, "lr": 0.0011116708075842164, "gnorm": 0.832, "tok_per_s": 193789.3, "load": 2.5390625}
{"event": "step", "step": 124700, "loss": 4.4424, "lr": 0.0011096395362384967, "gnorm": 0.734, "tok_per_s": 193779.7, "load": 2.5390625}
{"event": "step", "step": 124800, "loss": 4.5109, "lr": 0.0011076097205935708, "gnorm": 0.712, "tok_per_s": 193783.3, "load": 2.65625}
{"event": "step", "step": 124900, "loss": 4.3675, "lr": 0.0011055813661176466, "gnorm": 1.12, "tok_per_s": 193813.7, "load": 2.76416015625}
{"event": "step", "step": 125000, "loss": 4.4502, "lr": 0.0011035544782749995, "gnorm": 0.841, "tok_per_s": 193783.3, "load": 2.86328125}
{"event": "step", "step": 125100, "loss": 4.2284, "lr": 0.00110152906252595, "gnorm": 0.892, "tok_per_s": 170766.7, "load": 2.95458984375}
{"event": "step", "step": 125200, "loss": 4.3755, "lr": 0.001099505124326856, "gnorm": 0.818, "tok_per_s": 193786.4, "load": 3.03857421875}
{"event": "step", "step": 125300, "loss": 4.3677, "lr": 0.0010974826691300921, "gnorm": 0.86, "tok_per_s": 193788.6, "load": 3.03515625}
{"event": "step", "step": 125400, "loss": 4.5155, "lr": 0.00109546170238404, "gnorm": 0.791, "tok_per_s": 193837.6, "load": 3.0322265625}
{"event": "step", "step": 125500, "loss": 4.5491, "lr": 0.0010934422295330712, "gnorm": 0.902, "tok_per_s": 193735.4, "load": 3.0322265625}
{"event": "step", "step": 125600, "loss": 4.4136, "lr": 0.0010914242560175315, "gnorm": 0.786, "tok_per_s": 193792.4, "load": 3.10986328125}
{"event": "step", "step": 125700, "loss": 4.4702, "lr": 0.0010894077872737292, "gnorm": 0.84, "tok_per_s": 193734.0, "load": 3.18115234375}
{"event": "step", "step": 125800, "loss": 4.366, "lr": 0.0010873928287339172, "gnorm": 0.839, "tok_per_s": 193760.5, "load": 3.4072265625}
{"event": "step", "step": 125900, "loss": 4.5168, "lr": 0.0010853793858262818, "gnorm": 1.281, "tok_per_s": 193799.3, "load": 3.53515625}
{"event": "step", "step": 126000, "loss": 4.4958, "lr": 0.0010833674639749238, "gnorm": 0.885, "tok_per_s": 193765.0, "load": 3.73291015625}
{"event": "step", "step": 126100, "loss": 4.6024, "lr": 0.0010813570685998496, "gnorm": 1.344, "tok_per_s": 193783.4, "load": 3.73291015625}
{"event": "step", "step": 126200, "loss": 4.41, "lr": 0.0010793482051169505, "gnorm": 0.811, "tok_per_s": 193750.7, "load": 3.91455078125}
{"event": "step", "step": 126300, "loss": 4.444, "lr": 0.001077340878937993, "gnorm": 0.767, "tok_per_s": 193769.8, "load": 7.205078125}
{"event": "step", "step": 126400, "loss": 4.3381, "lr": 0.0010753350954706, "gnorm": 0.873, "tok_per_s": 193474.0, "load": 7.82958984375}
{"event": "step", "step": 126500, "loss": 4.2841, "lr": 0.001073330860118241, "gnorm": 0.712, "tok_per_s": 193776.8, "load": 7.4423828125}
{"event": "step", "step": 126600, "loss": 4.1332, "lr": 0.0010713281782802125, "gnorm": 0.933, "tok_per_s": 193777.1, "load": 7.08642578125}
{"event": "step", "step": 126700, "loss": 4.5463, "lr": 0.001069327055351628, "gnorm": 0.84, "tok_per_s": 193804.3, "load": 6.7587890625}
{"event": "step", "step": 126800, "loss": 4.6146, "lr": 0.0010673274967234, "gnorm": 0.964, "tok_per_s": 193663.2, "load": 6.7587890625}
{"event": "step", "step": 126900, "loss": 4.588, "lr": 0.001065329507782228, "gnorm": 0.93, "tok_per_s": 193768.8, "load": 6.37744140625}
{"event": "step", "step": 127000, "loss": 4.3497, "lr": 0.0010633330939105808, "gnorm": 0.901, "tok_per_s": 193756.6, "load": 6.10693359375}
{"event": "step", "step": 127100, "loss": 4.2809, "lr": 0.001061338260486687, "gnorm": 0.827, "tok_per_s": 193482.1, "load": 6.4990234375}
{"event": "step", "step": 127200, "loss": 4.4132, "lr": 0.001059345012884515, "gnorm": 0.984, "tok_per_s": 193554.8, "load": 6.21875}
{"event": "step", "step": 127300, "loss": 4.5398, "lr": 0.0010573533564737626, "gnorm": 0.792, "tok_per_s": 193773.6, "load": 5.9609375}
{"event": "step", "step": 127400, "loss": 4.4998, "lr": 0.0010553632966198402, "gnorm": 0.975, "tok_per_s": 193785.4, "load": 5.9609375}
{"event": "step", "step": 127500, "loss": 4.5445, "lr": 0.001053374838683858, "gnorm": 0.962, "tok_per_s": 193788.7, "load": 5.7236328125}
{"event": "step", "step": 127600, "loss": 4.4687, "lr": 0.001051387988022609, "gnorm": 0.99, "tok_per_s": 193775.8, "load": 5.50537109375}
{"event": "step", "step": 127700, "loss": 4.3251, "lr": 0.0010494027499885585, "gnorm": 0.757, "tok_per_s": 193787.2, "load": 5.3046875}
{"event": "step", "step": 127800, "loss": 4.5657, "lr": 0.0010474191299298266, "gnorm": 1.025, "tok_per_s": 193728.5, "load": 5.36083984375}
{"event": "step", "step": 127900, "loss": 4.453, "lr": 0.0010454371331901737, "gnorm": 0.843, "tok_per_s": 193711.7, "load": 5.25146484375}
{"event": "step", "step": 128000, "loss": 4.3141, "lr": 0.0010434567651089886, "gnorm": 1.027, "tok_per_s": 193748.6, "load": 5.15087890625}
{"event": "step", "step": 128100, "loss": 4.4177, "lr": 0.0010414780310212715, "gnorm": 0.784, "tok_per_s": 193726.1, "load": 5.15087890625}
{"event": "step", "step": 128200, "loss": 4.5213, "lr": 0.0010395009362576216, "gnorm": 0.916, "tok_per_s": 193680.4, "load": 5.05859375}
{"event": "step", "step": 128300, "loss": 4.5995, "lr": 0.0010375254861442204, "gnorm": 1.129, "tok_per_s": 193722.5, "load": 4.9736328125}
{"event": "step", "step": 128400, "loss": 4.3953, "lr": 0.001035551686002821, "gnorm": 1.13, "tok_per_s": 193490.9, "load": 4.8955078125}
{"event": "step", "step": 128500, "loss": 4.3328, "lr": 0.0010335795411507288, "gnorm": 0.778, "tok_per_s": 193609.6, "load": 4.74365234375}
{"event": "step", "step": 128600, "loss": 4.1269, "lr": 0.001031609056900793, "gnorm": 0.747, "tok_per_s": 193748.8, "load": 4.60400390625}
{"event": "step", "step": 128700, "loss": 4.3845, "lr": 0.0010296402385613862, "gnorm": 0.83, "tok_per_s": 193720.2, "load": 4.60400390625}
{"event": "step", "step": 128800, "loss": 4.3116, "lr": 0.001027673091436396, "gnorm": 0.922, "tok_per_s": 193732.6, "load": 4.47509765625}
{"event": "step", "step": 128900, "loss": 4.3978, "lr": 0.0010257076208252055, "gnorm": 0.874, "tok_per_s": 193753.0, "load": 4.35693359375}
{"event": "step", "step": 129000, "loss": 4.3085, "lr": 0.0010237438320226833, "gnorm": 0.917, "tok_per_s": 193740.5, "load": 4.248046875}
{"event": "step", "step": 129100, "loss": 4.3881, "lr": 0.001021781730319165, "gnorm": 0.838, "tok_per_s": 193664.5, "load": 4.22802734375}
{"event": "step", "step": 129200, "loss": 4.4243, "lr": 0.0010198213210004439, "gnorm": 0.855, "tok_per_s": 193728.4, "load": 4.20947265625}
{"event": "step", "step": 129300, "loss": 4.4563, "lr": 0.0010178626093477515, "gnorm": 0.763, "tok_per_s": 193703.7, "load": 9.23779296875}
{"event": "step", "step": 129400, "loss": 4.3773, "lr": 0.0010159056006377484, "gnorm": 0.743, "tok_per_s": 193577.2, "load": 9.23779296875}
{"event": "step", "step": 129500, "loss": 4.4319, "lr": 0.0010139503001425055, "gnorm": 0.885, "tok_per_s": 193740.3, "load": 9.53955078125}
{"event": "step", "step": 129600, "loss": 4.5409, "lr": 0.0010119967131294934, "gnorm": 0.824, "tok_per_s": 193774.1, "load": 9.015625}
{"event": "step", "step": 129700, "loss": 4.5491, "lr": 0.001010044844861565, "gnorm": 1.097, "tok_per_s": 193759.1, "load": 8.53369140625}
{"event": "step", "step": 129800, "loss": 4.4194, "lr": 0.0010080947005969452, "gnorm": 0.884, "tok_per_s": 193742.8, "load": 8.09033203125}
{"event": "step", "step": 129900, "loss": 4.3712, "lr": 0.001006146285589212, "gnorm": 0.897, "tok_per_s": 193732.4, "load": 7.6826171875}
{"event": "step", "step": 130000, "loss": 4.5323, "lr": 0.0010041996050872872, "gnorm": 1.111, "tok_per_s": 193757.2, "load": 7.6826171875}
{"event": "step", "step": 130100, "loss": 4.5086, "lr": 0.0010022546643354189, "gnorm": 0.834, "tok_per_s": 172183.2, "load": 7.3076171875}
{"event": "step", "step": 130200, "loss": 4.3702, "lr": 0.0010003114685731677, "gnorm": 0.898, "tok_per_s": 193678.9, "load": 6.96240234375}
{"event": "step", "step": 130300, "loss": 4.2849, "lr": 0.0009983700230353951, "gnorm": 0.908, "tok_per_s": 193774.5, "load": 6.64501953125}
{"event": "step", "step": 130400, "loss": 4.3238, "lr": 0.0009964303329522454, "gnorm": 0.995, "tok_per_s": 193790.8, "load": 6.27294921875}
{"event": "step", "step": 130500, "loss": 4.4155, "lr": 0.0009944924035491358, "gnorm": 0.881, "tok_per_s": 193771.9, "load": 5.9306640625}
{"event": "step", "step": 130600, "loss": 4.4226, "lr": 0.0009925562400467387, "gnorm": 1.013, "tok_per_s": 193773.0, "load": 5.69580078125}
{"event": "step", "step": 130700, "loss": 4.4408, "lr": 0.0009906218476609708, "gnorm": 0.832, "tok_per_s": 193770.8, "load": 5.69580078125}
{"event": "step", "step": 130800, "loss": 4.3786, "lr": 0.0009886892316029758, "gnorm": 0.895, "tok_per_s": 193791.6, "load": 5.4794921875}
{"event": "step", "step": 130900, "loss": 4.4502, "lr": 0.0009867583970791143, "gnorm": 1.064, "tok_per_s": 193791.4, "load": 5.28076171875}
{"event": "step", "step": 131000, "loss": 4.308, "lr": 0.0009848293492909451, "gnorm": 1.262, "tok_per_s": 193761.0, "load": 5.177734375}
{"event": "step", "step": 131100, "loss": 4.4111, "lr": 0.0009829020934352156, "gnorm": 0.894, "tok_per_s": 193775.6, "load": 5.0830078125}
{"event": "step", "step": 131200, "loss": 4.3965, "lr": 0.000980976634703844, "gnorm": 0.955, "tok_per_s": 193683.5, "load": 4.99609375}
{"event": "step", "step": 131300, "loss": 4.4203, "lr": 0.0009790529782839092, "gnorm": 0.934, "tok_per_s": 193746.3, "load": 4.99658203125}
{"event": "step", "step": 131400, "loss": 4.4759, "lr": 0.000977131129357633, "gnorm": 1.017, "tok_per_s": 193739.8, "load": 4.99658203125}
{"event": "step", "step": 131500, "loss": 4.4137, "lr": 0.0009752110931023696, "gnorm": 0.8, "tok_per_s": 193732.5, "load": 4.9970703125}
{"event": "step", "step": 131600, "loss": 4.3573, "lr": 0.0009732928746905876, "gnorm": 0.797, "tok_per_s": 193757.3, "load": 4.99755859375}
{"event": "step", "step": 131700, "loss": 4.5682, "lr": 0.0009713764792898614, "gnorm": 1.002, "tok_per_s": 193751.7, "load": 4.998046875}
{"event": "step", "step": 131800, "loss": 4.495, "lr": 0.0009694619120628515, "gnorm": 0.993, "tok_per_s": 193738.8, "load": 4.99853515625}
{"event": "step", "step": 131900, "loss": 4.5462, "lr": 0.0009675491781672955, "gnorm": 0.942, "tok_per_s": 193739.6, "load": 4.9990234375}
{"event": "step", "step": 132000, "loss": 4.2566, "lr": 0.0009656382827559908, "gnorm": 1.008, "tok_per_s": 193729.1, "load": 4.9990234375}
{"event": "step", "step": 132100, "loss": 4.4988, "lr": 0.0009637292309767829, "gnorm": 1.107, "tok_per_s": 193746.9, "load": 5.23974609375}
{"event": "step", "step": 132200, "loss": 4.5043, "lr": 0.0009618220279725497, "gnorm": 1.079, "tok_per_s": 193737.6, "load": 5.78125}
{"event": "step", "step": 132300, "loss": 4.3656, "lr": 0.0009599166788811895, "gnorm": 0.871, "tok_per_s": 193739.1, "load": 5.55810546875}
{"event": "step", "step": 132400, "loss": 4.4314, "lr": 0.0009580131888356064, "gnorm": 0.853, "tok_per_s": 193774.4, "load": 5.35302734375}
{"event": "step", "step": 132500, "loss": 4.3501, "lr": 0.0009561115629636948, "gnorm": 0.792, "tok_per_s": 193731.8, "load": 5.08447265625}
{"event": "step", "step": 132600, "loss": 4.4643, "lr": 0.0009542118063883295, "gnorm": 0.918, "tok_per_s": 193741.0, "load": 4.83740234375}
{"event": "step", "step": 132700, "loss": 4.349, "lr": 0.0009523139242273469, "gnorm": 1.002, "tok_per_s": 193700.5, "load": 4.83740234375}
{"event": "step", "step": 132800, "loss": 4.4205, "lr": 0.0009504179215935358, "gnorm": 0.973, "tok_per_s": 193107.4, "load": 4.68994140625}
{"event": "step", "step": 132900, "loss": 4.5241, "lr": 0.0009485238035946209, "gnorm": 0.924, "tok_per_s": 193029.6, "load": 4.63427734375}
{"event": "step", "step": 133000, "loss": 4.4889, "lr": 0.0009466315753332501, "gnorm": 1.301, "tok_per_s": 192999.9, "load": 4.5830078125}
{"event": "step", "step": 133100, "loss": 4.3818, "lr": 0.0009447412419069797, "gnorm": 0.942, "tok_per_s": 193083.4, "load": 4.3759765625}
{"event": "step", "step": 133200, "loss": 4.4476, "lr": 0.0009428528084082627, "gnorm": 0.864, "tok_per_s": 193141.2, "load": 4.185546875}
{"event": "step", "step": 133300, "loss": 4.3461, "lr": 0.0009409662799244322, "gnorm": 0.973, "tok_per_s": 193195.6, "load": 4.185546875}
{"event": "step", "step": 133400, "loss": 4.367, "lr": 0.0009390816615376908, "gnorm": 0.856, "tok_per_s": 193239.0, "load": 4.01025390625}
{"event": "step", "step": 133500, "loss": 4.4194, "lr": 0.0009371989583250949, "gnorm": 0.814, "tok_per_s": 193185.0, "load": 3.84912109375}
{"event": "step", "step": 133600, "loss": 4.2744, "lr": 0.0009353181753585405, "gnorm": 0.816, "tok_per_s": 193263.1, "load": 3.70068359375}
{"event": "step", "step": 133700, "loss": 4.23, "lr": 0.0009334393177047528, "gnorm": 0.839, "tok_per_s": 193177.9, "load": 3.64453125}
{"event": "step", "step": 133800, "loss": 4.5737, "lr": 0.0009315623904252675, "gnorm": 1.006, "tok_per_s": 193237.7, "load": 3.75341796875}
{"event": "step", "step": 133900, "loss": 4.5561, "lr": 0.000929687398576423, "gnorm": 0.864, "tok_per_s": 193240.0, "load": 3.69287109375}
{"event": "step", "step": 134000, "loss": 4.4318, "lr": 0.0009278143472093407, "gnorm": 0.935, "tok_per_s": 193173.7, "load": 3.69287109375}
{"event": "step", "step": 134100, "loss": 4.2914, "lr": 0.0009259432413699174, "gnorm": 0.882, "tok_per_s": 193210.1, "load": 3.63720703125}
{"event": "step", "step": 134200, "loss": 4.2649, "lr": 0.0009240740860988059, "gnorm": 1.187, "tok_per_s": 193214.8, "load": 3.5859375}
{"event": "step", "step": 134300, "loss": 4.3904, "lr": 0.0009222068864314065, "gnorm": 0.863, "tok_per_s": 193161.6, "load": 3.53857421875}
{"event": "step", "step": 134400, "loss": 4.5191, "lr": 0.0009203416473978508, "gnorm": 0.927, "tok_per_s": 193316.7, "load": 3.4951171875}
{"event": "step", "step": 134500, "loss": 4.3928, "lr": 0.0009184783740229871, "gnorm": 0.933, "tok_per_s": 193773.4, "load": 3.53564453125}
{"event": "step", "step": 134600, "loss": 4.1926, "lr": 0.0009166170713263708, "gnorm": 0.866, "tok_per_s": 193713.8, "load": 8.4580078125}
{"event": "step", "step": 134700, "loss": 4.3421, "lr": 0.0009147577443222455, "gnorm": 0.892, "tok_per_s": 193747.3, "load": 8.4580078125}
{"event": "step", "step": 134800, "loss": 4.4415, "lr": 0.0009129003980195351, "gnorm": 0.831, "tok_per_s": 193731.1, "load": 8.1005859375}
{"event": "step", "step": 134900, "loss": 4.3979, "lr": 0.0009110450374218255, "gnorm": 0.761, "tok_per_s": 193694.5, "load": 7.77197265625}
{"event": "step", "step": 135000, "loss": 4.2643, "lr": 0.0009091916675273553, "gnorm": 1.0, "tok_per_s": 193692.3, "load": 7.4697265625}
{"event": "step", "step": 135100, "loss": 4.3622, "lr": 0.0009073402933289977, "gnorm": 0.826, "tok_per_s": 171336.2, "load": 7.19140625}
{"event": "step", "step": 135200, "loss": 4.5208, "lr": 0.0009054909198142519, "gnorm": 0.854, "tok_per_s": 193556.2, "load": 6.85546875}
{"event": "step", "step": 135300, "loss": 4.3591, "lr": 0.000903643551965226, "gnorm": 0.912, "tok_per_s": 193648.7, "load": 6.62646484375}
{"event": "step", "step": 135400, "loss": 4.2593, "lr": 0.0009017981947586256, "gnorm": 0.975, "tok_per_s": 193697.5, "load": 6.62646484375}
{"event": "step", "step": 135500, "loss": 4.3238, "lr": 0.0008999548531657398, "gnorm": 0.843, "tok_per_s": 193695.8, "load": 6.416015625}
{"event": "step", "step": 135600, "loss": 4.3762, "lr": 0.000898113532152427, "gnorm": 0.866, "tok_per_s": 193728.2, "load": 11.267578125}
{"event": "step", "step": 135700, "loss": 4.3469, "lr": 0.0008962742366791033, "gnorm": 0.892, "tok_per_s": 193709.8, "load": 10.92578125}
{"event": "step", "step": 135800, "loss": 4.6089, "lr": 0.000894436971700727, "gnorm": 1.016, "tok_per_s": 193776.2, "load": 11.73291015625}
{"event": "step", "step": 135900, "loss": 4.4338, "lr": 0.0008926017421667878, "gnorm": 0.991, "tok_per_s": 193794.3, "load": 11.11328125}
{"event": "step", "step": 136000, "loss": 4.4759, "lr": 0.0008907685530212898, "gnorm": 0.784, "tok_per_s": 193788.8, "load": 11.11328125}
{"event": "step", "step": 136100, "loss": 4.378, "lr": 0.0008889374092027432, "gnorm": 0.956, "tok_per_s": 193758.2, "load": 10.54345703125}
{"event": "step", "step": 136200, "loss": 4.3271, "lr": 0.0008871083156441459, "gnorm": 0.964, "tok_per_s": 193776.3, "load": 10.01904296875}
{"event": "step", "step": 136300, "loss": 4.6288, "lr": 0.0008852812772729742, "gnorm": 0.963, "tok_per_s": 193786.9, "load": 9.53662109375}
{"event": "step", "step": 136400, "loss": 4.4715, "lr": 0.000883456299011166, "gnorm": 0.8, "tok_per_s": 193787.3, "load": 9.0126953125}
{"event": "step", "step": 136500, "loss": 4.3619, "lr": 0.0008816333857751113, "gnorm": 0.891, "tok_per_s": 193780.6, "load": 8.53076171875}
{"event": "step", "step": 136600, "loss": 4.4759, "lr": 0.0008798125424756355, "gnorm": 0.929, "tok_per_s": 193577.2, "load": 8.08740234375}
{"event": "step", "step": 136700, "loss": 4.3874, "lr": 0.0008779937740179882, "gnorm": 0.873, "tok_per_s": 192769.9, "load": 8.08740234375}
{"event": "step", "step": 136800, "loss": 4.2572, "lr": 0.0008761770853018311, "gnorm": 0.958, "tok_per_s": 192757.7, "load": 7.6796875}
{"event": "step", "step": 136900, "loss": 4.2879, "lr": 0.00087436248122122, "gnorm": 0.897, "tok_per_s": 192867.8, "load": 7.3046875}
{"event": "step", "step": 137000, "loss": 4.4285, "lr": 0.0008725499666645978, "gnorm": 1.07, "tok_per_s": 192557.5, "load": 7.0400390625}
{"event": "step", "step": 137100, "loss": 4.3875, "lr": 0.0008707395465147763, "gnorm": 0.872, "tok_per_s": 192844.9, "load": 6.63623046875}
{"event": "step", "step": 137200, "loss": 4.3595, "lr": 0.0008689312256489265, "gnorm": 0.826, "tok_per_s": 192864.2, "load": 6.2646484375}
{"event": "step", "step": 137300, "loss": 4.3695, "lr": 0.0008671250089385626, "gnorm": 0.931, "tok_per_s": 192820.3, "load": 6.2646484375}
{"event": "step", "step": 137400, "loss": 4.3412, "lr": 0.0008653209012495324, "gnorm": 0.881, "tok_per_s": 192808.3, "load": 5.9228515625}
{"event": "step", "step": 137500, "loss": 4.4828, "lr": 0.0008635189074419992, "gnorm": 0.934, "tok_per_s": 192782.9, "load": 5.6083984375}
{"event": "step", "step": 137600, "loss": 4.3705, "lr": 0.000861719032370435, "gnorm": 0.931, "tok_per_s": 193001.7, "load": 5.4794921875}
{"event": "step", "step": 137700, "loss": 4.2234, "lr": 0.000859921280883601, "gnorm": 0.866, "tok_per_s": 192996.4, "load": 10.40625}
{"event": "step", "step": 137800, "loss": 4.4308, "lr": 0.0008581256578245401, "gnorm": 0.853, "tok_per_s": 192997.0, "load": 14.8583984375}
{"event": "step", "step": 137900, "loss": 4.4595, "lr": 0.0008563321680305588, "gnorm": 0.941, "tok_per_s": 192966.9, "load": 18.9541015625}
{"event": "step", "step": 138000, "loss": 4.4071, "lr": 0.0008545408163332191, "gnorm": 0.947, "tok_per_s": 192952.2, "load": 18.9541015625}
{"event": "step", "step": 138100, "loss": 4.5398, "lr": 0.0008527516075583215, "gnorm": 1.028, "tok_per_s": 193024.1, "load": 22.7216796875}
{"event": "step", "step": 138200, "loss": 4.4448, "lr": 0.0008509645465258947, "gnorm": 1.09, "tok_per_s": 192984.7, "load": 26.1875}
{"event": "step", "step": 138300, "loss": 4.4325, "lr": 0.00084917963805018, "gnorm": 0.949, "tok_per_s": 193040.1, "load": 29.3759765625}
{"event": "step", "step": 138400, "loss": 4.34, "lr": 0.0008473968869396218, "gnorm": 0.978, "tok_per_s": 192894.9, "load": 32.30908203125}
{"event": "step", "step": 138500, "loss": 4.4092, "lr": 0.0008456162979968506, "gnorm": 1.089, "tok_per_s": 192960.8, "load": 35.00732421875}
{"event": "step", "step": 138600, "loss": 4.3806, "lr": 0.0008438378760186743, "gnorm": 0.995, "tok_per_s": 192881.1, "load": 37.4892578125}
{"event": "step", "step": 138700, "loss": 4.4422, "lr": 0.0008420616257960609, "gnorm": 1.029, "tok_per_s": 192946.1, "load": 37.4892578125}
{"event": "step", "step": 138800, "loss": 4.3204, "lr": 0.00084028755211413, "gnorm": 1.016, "tok_per_s": 192906.6, "load": 39.7724609375}
{"event": "step", "step": 138900, "loss": 4.3939, "lr": 0.0008385156597521355, "gnorm": 0.909, "tok_per_s": 192951.8, "load": 41.873046875}
{"event": "step", "step": 139000, "loss": 4.3453, "lr": 0.0008367459534834566, "gnorm": 0.977, "tok_per_s": 192858.5, "load": 43.88525390625}
{"event": "step", "step": 139100, "loss": 4.3448, "lr": 0.0008349784380755834, "gnorm": 0.913, "tok_per_s": 192991.3, "load": 45.65625}
{"event": "step", "step": 139200, "loss": 4.3616, "lr": 0.0008332131182901021, "gnorm": 1.056, "tok_per_s": 192943.4, "load": 47.44580078125}
{"event": "step", "step": 139300, "loss": 4.3434, "lr": 0.0008314499988826863, "gnorm": 0.821, "tok_per_s": 192958.6, "load": 47.44580078125}
{"event": "step", "step": 139400, "loss": 4.3727, "lr": 0.0008296890846030798, "gnorm": 0.98, "tok_per_s": 192944.4, "load": 48.931640625}
{"event": "step", "step": 139500, "loss": 4.4274, "lr": 0.0008279303801950884, "gnorm": 0.945, "tok_per_s": 192978.6, "load": 50.298828125}
{"event": "step", "step": 139600, "loss": 4.4754, "lr": 0.0008261738903965616, "gnorm": 1.233, "tok_per_s": 192956.9, "load": 51.55615234375}
{"event": "step", "step": 139700, "loss": 4.4284, "lr": 0.0008244196199393856, "gnorm": 0.973, "tok_per_s": 192965.0, "load": 52.79296875}
{"event": "step", "step": 139800, "loss": 4.2359, "lr": 0.0008226675735494656, "gnorm": 0.936, "tok_per_s": 193006.9, "load": 53.9306640625}
{"event": "step", "step": 139900, "loss": 4.3969, "lr": 0.0008209177559467178, "gnorm": 1.088, "tok_per_s": 193179.6, "load": 54.9775390625}
{"event": "step", "step": 140000, "loss": 4.4172, "lr": 0.000819170171845051, "gnorm": 1.044, "tok_per_s": 192992.7, "load": 54.9775390625}
eval 140000 {'bpb': 1.4327381275854263, 'nats_per_token': 4.31987796874046, 'tokens': 16379, 'bytes': 71247}
{"event": "step", "step": 140100, "loss": 4.515, "lr": 0.0008174248259523601, "gnorm": 0.886, "tok_per_s": 167384.0, "load": 55.9404296875}
{"event": "step", "step": 140200, "loss": 4.4319, "lr": 0.0008156817229705083, "gnorm": 0.946, "tok_per_s": 193090.8, "load": 56.826171875}
{"event": "step", "step": 140300, "loss": 4.4195, "lr": 0.0008139408675953179, "gnorm": 0.995, "tok_per_s": 193121.7, "load": 57.64111328125}
{"event": "step", "step": 140400, "loss": 4.5449, "lr": 0.0008122022645165553, "gnorm": 1.074, "tok_per_s": 193060.0, "load": 58.470703125}
{"event": "step", "step": 140500, "loss": 4.3167, "lr": 0.0008104659184179199, "gnorm": 1.008, "tok_per_s": 193100.9, "load": 59.15380859375}
{"event": "step", "step": 140600, "loss": 4.3647, "lr": 0.0008087318339770304, "gnorm": 1.067, "tok_per_s": 193071.2, "load": 60.1025390625}
{"event": "step", "step": 140700, "loss": 4.3882, "lr": 0.0008070000158654137, "gnorm": 0.926, "tok_per_s": 193477.2, "load": 55.52978515625}
{"event": "step", "step": 140800, "loss": 4.4417, "lr": 0.0008052704687484898, "gnorm": 1.058, "tok_per_s": 193727.3, "load": 55.52978515625}
{"event": "step", "step": 140900, "loss": 4.3316, "lr": 0.0008035431972855627, "gnorm": 0.943, "tok_per_s": 193813.0, "load": 51.4033203125}
{"event": "step", "step": 141000, "loss": 4.223, "lr": 0.0008018182061298037, "gnorm": 1.006, "tok_per_s": 193792.2, "load": 47.60693359375}
{"event": "step", "step": 141100, "loss": 4.2072, "lr": 0.0008000954999282436, "gnorm": 0.882, "tok_per_s": 193777.4, "load": 44.19482421875}
{"event": "step", "step": 141200, "loss": 4.5852, "lr": 0.000798375083321755, "gnorm": 0.962, "tok_per_s": 193736.5, "load": 40.97607421875}
{"event": "step", "step": 141300, "loss": 4.4509, "lr": 0.0007966569609450445, "gnorm": 0.894, "tok_per_s": 193736.6, "load": 38.0947265625}
{"event": "step", "step": 141400, "loss": 4.2365, "lr": 0.0007949411374266378, "gnorm": 0.918, "tok_per_s": 193737.3, "load": 38.0947265625}
{"event": "step", "step": 141500, "loss": 4.3337, "lr": 0.0007932276173888663, "gnorm": 1.039, "tok_per_s": 193761.2, "load": 35.3642578125}
{"event": "step", "step": 141600, "loss": 4.3012, "lr": 0.0007915164054478579, "gnorm": 0.872, "tok_per_s": 193727.4, "load": 32.8525390625}
{"event": "step", "step": 141700, "loss": 4.4609, "lr": 0.0007898075062135211, "gnorm": 0.948, "tok_per_s": 193773.6, "load": 30.5419921875}
{"event": "step", "step": 141800, "loss": 4.3578, "lr": 0.0007881009242895347, "gnorm": 0.988, "tok_per_s": 193821.4, "load": 28.41650390625}
{"event": "step", "step": 141900, "loss": 4.7082, "lr": 0.0007863966642733344, "gnorm": 1.021, "tok_per_s": 193835.0, "load": 26.4609375}
{"event": "step", "step": 142000, "loss": 4.3993, "lr": 0.0007846947307561018, "gnorm": 0.988, "tok_per_s": 193797.0, "load": 24.662109375}
{"event": "step", "step": 142100, "loss": 4.416, "lr": 0.0007829951283227498, "gnorm": 0.882, "tok_per_s": 193824.2, "load": 24.662109375}
{"event": "step", "step": 142200, "loss": 4.3322, "lr": 0.0007812978615519123, "gnorm": 0.961, "tok_per_s": 193634.4, "load": 23.00732421875}
{"event": "step", "step": 142300, "loss": 4.2292, "lr": 0.0007796029350159307, "gnorm": 0.927, "tok_per_s": 193690.1, "load": 22.28564453125}
{"event": "step", "step": 142400, "loss": 4.3578, "lr": 0.0007779103532808426, "gnorm": 0.866, "tok_per_s": 193785.7, "load": 24.02490234375}
{"event": "step", "step": 142500, "loss": 4.2628, "lr": 0.0007762201209063672, "gnorm": 0.898, "tok_per_s": 193661.4, "load": 22.3408203125}
{"event": "step", "step": 142600, "loss": 4.46, "lr": 0.000774532242445897, "gnorm": 1.022, "tok_per_s": 193774.8, "load": 20.9521484375}
{"event": "step", "step": 142700, "loss": 4.3036, "lr": 0.0007728467224464809, "gnorm": 0.929, "tok_per_s": 193801.2, "load": 20.9521484375}
{"event": "step", "step": 142800, "loss": 4.3874, "lr": 0.0007711635654488163, "gnorm": 1.0, "tok_per_s": 193827.4, "load": 19.51416015625}
{"event": "step", "step": 142900, "loss": 4.2903, "lr": 0.0007694827759872325, "gnorm": 1.041, "tok_per_s": 193814.4, "load": 18.19140625}
{"event": "step", "step": 143000, "loss": 4.3249, "lr": 0.0007678043585896832, "gnorm": 0.931, "tok_per_s": 193798.2, "load": 16.974609375}
{"event": "step", "step": 143100, "loss": 4.4248, "lr": 0.0007661283177777303, "gnorm": 0.943, "tok_per_s": 193788.7, "load": 15.85546875}
{"event": "step", "step": 143200, "loss": 4.6691, "lr": 0.0007644546580665339, "gnorm": 1.0, "tok_per_s": 193815.3, "load": 14.82568359375}
{"event": "step", "step": 143300, "loss": 4.4531, "lr": 0.0007627833839648391, "gnorm": 1.221, "tok_per_s": 193627.7, "load": 14.82568359375}
{"event": "step", "step": 143400, "loss": 4.4182, "lr": 0.0007611144999749652, "gnorm": 0.924, "tok_per_s": 193804.7, "load": 13.87841796875}
{"event": "step", "step": 143500, "loss": 4.2371, "lr": 0.0007594480105927913, "gnorm": 0.964, "tok_per_s": 193780.4, "load": 13.0068359375}
{"event": "step", "step": 143600, "loss": 4.3534, "lr": 0.0007577839203077469, "gnorm": 0.943, "tok_per_s": 193782.3, "load": 12.28515625}
{"event": "step", "step": 143700, "loss": 4.5333, "lr": 0.0007561222336027985, "gnorm": 0.993, "tok_per_s": 193796.3, "load": 11.62158203125}
{"event": "step", "step": 143800, "loss": 4.375, "lr": 0.0007544629549544355, "gnorm": 1.065, "tok_per_s": 193783.4, "load": 11.01123046875}
{"event": "step", "step": 143900, "loss": 4.3736, "lr": 0.0007528060888326631, "gnorm": 1.018, "tok_per_s": 193816.9, "load": 10.44970703125}
{"event": "step", "step": 144000, "loss": 4.405, "lr": 0.0007511516397009842, "gnorm": 1.02, "tok_per_s": 193626.4, "load": 10.44970703125}
{"event": "step", "step": 144100, "loss": 4.4123, "lr": 0.0007494996120163934, "gnorm": 0.899, "tok_per_s": 193778.9, "load": 10.01318359375}
{"event": "step", "step": 144200, "loss": 4.3533, "lr": 0.0007478500102293598, "gnorm": 1.025, "tok_per_s": 193812.4, "load": 9.53125}
{"event": "step", "step": 144300, "loss": 4.4737, "lr": 0.0007462028387838186, "gnorm": 0.893, "tok_per_s": 193797.7, "load": 9.087890625}
{"event": "step", "step": 144400, "loss": 4.269, "lr": 0.0007445581021171566, "gnorm": 0.997, "tok_per_s": 193751.1, "load": 13.5654296875}
{"event": "step", "step": 144500, "loss": 4.4059, "lr": 0.0007429158046602033, "gnorm": 0.994, "tok_per_s": 193704.3, "load": 12.79931640625}
{"event": "step", "step": 144600, "loss": 4.4331, "lr": 0.0007412759508372147, "gnorm": 1.104, "tok_per_s": 193763.2, "load": 12.79931640625}
{"event": "step", "step": 144700, "loss": 4.4033, "lr": 0.0007396385450658661, "gnorm": 0.962, "tok_per_s": 193749.4, "load": 12.01416015625}
{"event": "step", "step": 144800, "loss": 4.42, "lr": 0.0007380035917572361, "gnorm": 1.122, "tok_per_s": 193803.8, "load": 11.2919921875}
{"event": "step", "step": 144900, "loss": 4.2268, "lr": 0.0007363710953157979, "gnorm": 0.907, "tok_per_s": 193834.7, "load": 10.7080078125}
{"event": "step", "step": 145000, "loss": 4.4948, "lr": 0.0007347410601394047, "gnorm": 1.061, "tok_per_s": 193822.9, "load": 10.01025390625}
{"event": "step", "step": 145100, "loss": 4.5475, "lr": 0.0007331134906192806, "gnorm": 1.332, "tok_per_s": 155359.3, "load": 9.52880859375}
{"event": "step", "step": 145200, "loss": 4.5418, "lr": 0.0007314883911400059, "gnorm": 5.93, "tok_per_s": 193850.7, "load": 9.166015625}
{"event": "step", "step": 145300, "loss": 4.2881, "lr": 0.0007298657660795083, "gnorm": 0.935, "tok_per_s": 193703.2, "load": 8.671875}
{"event": "step", "step": 145400, "loss": 4.3955, "lr": 0.0007282456198090478, "gnorm": 1.079, "tok_per_s": 193831.0, "load": 8.671875}
{"event": "step", "step": 145500, "loss": 4.4561, "lr": 0.0007266279566932086, "gnorm": 1.1, "tok_per_s": 193836.6, "load": 8.29736328125}
{"event": "step", "step": 145600, "loss": 4.5624, "lr": 0.0007250127810898834, "gnorm": 1.044, "tok_per_s": 193844.1, "load": 7.873046875}
{"event": "step", "step": 145700, "loss": 4.2282, "lr": 0.0007234000973502659, "gnorm": 0.926, "tok_per_s": 193825.8, "load": 7.482421875}
{"event": "step", "step": 145800, "loss": 4.6135, "lr": 0.0007217899098188343, "gnorm": 0.897, "tok_per_s": 193822.3, "load": 7.203125}
{"event": "step", "step": 145900, "loss": 4.3367, "lr": 0.0007201822228333444, "gnorm": 0.909, "tok_per_s": 193834.5, "load": 6.8662109375}
{"event": "step", "step": 146000, "loss": 4.4206, "lr": 0.0007185770407248153, "gnorm": 0.991, "tok_per_s": 193821.8, "load": 6.55615234375}
{"event": "step", "step": 146100, "loss": 4.3757, "lr": 0.0007169743678175164, "gnorm": 1.074, "tok_per_s": 193833.6, "load": 6.55615234375}
{"event": "step", "step": 146200, "loss": 4.6395, "lr": 0.0007153742084289597, "gnorm": 0.982, "tok_per_s": 193822.4, "load": 6.27099609375}
{"event": "step", "step": 146300, "loss": 4.597, "lr": 0.000713776566869884, "gnorm": 1.253, "tok_per_s": 193835.8, "load": 6.0087890625}
{"event": "step", "step": 146400, "loss": 4.3164, "lr": 0.0007121814474442468, "gnorm": 0.997, "tok_per_s": 193708.1, "load": 5.767578125}
{"event": "step", "step": 146500, "loss": 4.3099, "lr": 0.0007105888544492098, "gnorm": 0.871, "tok_per_s": 193540.8, "load": 5.4658203125}
{"event": "step", "step": 146600, "loss": 4.2608, "lr": 0.0007089987921751299, "gnorm": 1.012, "tok_per_s": 193754.9, "load": 5.18798828125}
{"event": "step", "step": 146700, "loss": 4.2876, "lr": 0.000707411264905545, "gnorm": 0.996, "tok_per_s": 193789.3, "load": 5.18798828125}
{"event": "step", "step": 146800, "loss": 4.3062, "lr": 0.0007058262769171653, "gnorm": 0.963, "tok_per_s": 193811.7, "load": 4.9326171875}
{"event": "step", "step": 146900, "loss": 4.4642, "lr": 0.0007042438324798587, "gnorm": 1.063, "tok_per_s": 193721.6, "load": 4.85791015625}
{"event": "step", "step": 147000, "loss": 4.3564, "lr": 0.0007026639358566429, "gnorm": 1.021, "tok_per_s": 193919.1, "load": 4.7890625}
{"event": "step", "step": 147100, "loss": 4.415, "lr": 0.0007010865913036695, "gnorm": 1.039, "tok_per_s": 193830.7, "load": 4.6455078125}
{"event": "step", "step": 147200, "loss": 4.2397, "lr": 0.0006995118030702176, "gnorm": 0.998, "tok_per_s": 193861.8, "load": 4.513671875}
{"event": "step", "step": 147300, "loss": 4.2344, "lr": 0.0006979395753986772, "gnorm": 1.071, "tok_per_s": 193844.5, "load": 4.39208984375}
{"event": "step", "step": 147400, "loss": 4.379, "lr": 0.0006963699125245428, "gnorm": 1.021, "tok_per_s": 193843.1, "load": 4.39208984375}
{"event": "step", "step": 147500, "loss": 4.3684, "lr": 0.0006948028186763969, "gnorm": 1.068, "tok_per_s": 193828.7, "load": 4.2802734375}
{"event": "step", "step": 147600, "loss": 4.3963, "lr": 0.0006932382980759035, "gnorm": 0.925, "tok_per_s": 193805.3, "load": 4.177734375}
{"event": "step", "step": 147700, "loss": 4.4689, "lr": 0.0006916763549377925, "gnorm": 0.965, "tok_per_s": 193810.6, "load": 4.1630859375}
{"event": "step", "step": 147800, "loss": 4.3975, "lr": 0.0006901169934698518, "gnorm": 0.938, "tok_per_s": 193807.1, "load": 4.06982421875}
{"event": "step", "step": 147900, "loss": 4.3756, "lr": 0.0006885602178729133, "gnorm": 1.136, "tok_per_s": 193831.0, "load": 3.98388671875}
{"event": "step", "step": 148000, "loss": 4.3311, "lr": 0.0006870060323408437, "gnorm": 1.012, "tok_per_s": 193822.3, "load": 3.98388671875}
{"event": "step", "step": 148100, "loss": 4.4031, "lr": 0.0006854544410605313, "gnorm": 1.153, "tok_per_s": 193823.5, "load": 3.90478515625}
{"event": "step", "step": 148200, "loss": 4.4986, "lr": 0.0006839054482118758, "gnorm": 0.987, "tok_per_s": 193830.2, "load": 3.83203125}
{"event": "step", "step": 148300, "loss": 4.4462, "lr": 0.0006823590579677779, "gnorm": 1.033, "tok_per_s": 193829.6, "load": 3.845703125}
{"event": "step", "step": 148400, "loss": 4.2912, "lr": 0.0006808152744941253, "gnorm": 0.951, "tok_per_s": 193864.5, "load": 3.8583984375}
{"event": "step", "step": 148500, "loss": 4.3032, "lr": 0.000679274101949785, "gnorm": 0.897, "tok_per_s": 193826.4, "load": 3.8701171875}
{"event": "step", "step": 148600, "loss": 4.3136, "lr": 0.0006777355444865886, "gnorm": 0.935, "tok_per_s": 193709.2, "load": 8.60546875}
{"event": "step", "step": 148700, "loss": 4.339, "lr": 0.0006761996062493242, "gnorm": 1.065, "tok_per_s": 193650.5, "load": 8.60546875}
{"event": "step", "step": 148800, "loss": 4.4392, "lr": 0.0006746662913757228, "gnorm": 0.991, "tok_per_s": 193843.9, "load": 8.076171875}
{"event": "step", "step": 148900, "loss": 4.3765, "lr": 0.0006731356039964496, "gnorm": 1.061, "tok_per_s": 193814.5, "load": 7.58935546875}
{"event": "step", "step": 149000, "loss": 4.486, "lr": 0.0006716075482350893, "gnorm": 1.035, "tok_per_s": 193779.9, "load": 7.2216796875}
{"event": "step", "step": 149100, "loss": 4.5029, "lr": 0.0006700821282081392, "gnorm": 1.017, "tok_per_s": 193692.9, "load": 6.88330078125}
{"event": "step", "step": 149200, "loss": 4.4071, "lr": 0.0006685593480249958, "gnorm": 1.086, "tok_per_s": 193798.0, "load": 6.65234375}
{"event": "step", "step": 149300, "loss": 4.5526, "lr": 0.0006670392117879425, "gnorm": 1.101, "tok_per_s": 193827.6, "load": 6.65234375}
{"event": "step", "step": 149400, "loss": 4.3689, "lr": 0.000665521723592142, "gnorm": 0.987, "tok_per_s": 193838.0, "load": 6.43994140625}
{"event": "step", "step": 149500, "loss": 4.5419, "lr": 0.0006640068875256217, "gnorm": 0.947, "tok_per_s": 193727.9, "load": 6.244140625}
{"event": "step", "step": 149600, "loss": 4.3759, "lr": 0.0006624947076692657, "gnorm": 0.966, "tok_per_s": 193844.9, "load": 6.06396484375}
{"event": "step", "step": 149700, "loss": 4.1919, "lr": 0.000660985188096801, "gnorm": 1.051, "tok_per_s": 193847.6, "load": 5.978515625}
{"event": "step", "step": 149800, "loss": 4.2568, "lr": 0.0006594783328747895, "gnorm": 1.011, "tok_per_s": 193827.5, "load": 5.81982421875}
{"event": "step", "step": 149900, "loss": 4.4407, "lr": 0.0006579741460626139, "gnorm": 1.121, "tok_per_s": 193817.8, "load": 5.673828125}
{"event": "step", "step": 150000, "loss": 4.334, "lr": 0.0006564726317124697, "gnorm": 0.971, "tok_per_s": 193733.9, "load": 5.673828125}
{"event": "step", "step": 150100, "loss": 4.184, "lr": 0.0006549737938693521, "gnorm": 1.009, "tok_per_s": 170870.6, "load": 5.53955078125}
{"event": "step", "step": 150200, "loss": 4.3984, "lr": 0.0006534776365710462, "gnorm": 1.051, "tok_per_s": 193746.1, "load": 6.05712890625}
{"event": "step", "step": 150300, "loss": 4.3899, "lr": 0.0006519841638481163, "gnorm": 1.006, "tok_per_s": 193753.5, "load": 5.73193359375}
{"event": "step", "step": 150400, "loss": 4.2645, "lr": 0.0006504933797238934, "gnorm": 1.003, "tok_per_s": 193825.0, "load": 5.4326171875}
{"event": "step", "step": 150500, "loss": 4.3759, "lr": 0.0006490052882144673, "gnorm": 1.147, "tok_per_s": 193805.2, "load": 5.15771484375}
{"event": "step", "step": 150600, "loss": 4.3619, "lr": 0.0006475198933286723, "gnorm": 1.131, "tok_per_s": 193818.5, "load": 4.98486328125}
{"event": "step", "step": 150700, "loss": 4.2898, "lr": 0.0006460371990680796, "gnorm": 1.008, "tok_per_s": 193802.5, "load": 4.98486328125}
{"event": "step", "step": 150800, "loss": 4.271, "lr": 0.0006445572094269835, "gnorm": 0.96, "tok_per_s": 193902.4, "load": 4.82568359375}
{"event": "step", "step": 150900, "loss": 4.4117, "lr": 0.0006430799283923943, "gnorm": 1.06, "tok_per_s": 193865.7, "load": 4.75927734375}
{"event": "step", "step": 151000, "loss": 4.5519, "lr": 0.0006416053599440231, "gnorm": 1.109, "tok_per_s": 193779.4, "load": 4.6982421875}
{"event": "step", "step": 151100, "loss": 4.3373, "lr": 0.0006401335080542753, "gnorm": 1.022, "tok_per_s": 193793.0, "load": 4.72265625}
{"event": "step", "step": 151200, "loss": 4.5048, "lr": 0.0006386643766882375, "gnorm": 0.991, "tok_per_s": 193855.2, "load": 4.66455078125}
{"event": "step", "step": 151300, "loss": 4.3873, "lr": 0.0006371979698036668, "gnorm": 0.973, "tok_per_s": 193820.2, "load": 4.66455078125}
{"event": "step", "step": 151400, "loss": 4.4146, "lr": 0.0006357342913509815, "gnorm": 1.13, "tok_per_s": 193821.3, "load": 4.611328125}
{"event": "step", "step": 151500, "loss": 4.3426, "lr": 0.0006342733452732488, "gnorm": 1.151, "tok_per_s": 193808.4, "load": 4.48193359375}
{"event": "step", "step": 151600, "loss": 4.3093, "lr": 0.0006328151355061762, "gnorm": 0.988, "tok_per_s": 193848.1, "load": 4.44287109375}
{"event": "step", "step": 151700, "loss": 4.3468, "lr": 0.0006313596659780981, "gnorm": 1.053, "tok_per_s": 193841.5, "load": 4.3271484375}
{"event": "step", "step": 151800, "loss": 4.5901, "lr": 0.0006299069406099692, "gnorm": 1.201, "tok_per_s": 193892.1, "load": 5.82275390625}
{"event": "step", "step": 151900, "loss": 4.3695, "lr": 0.0006284569633153487, "gnorm": 0.939, "tok_per_s": 193902.5, "load": 5.83740234375}
{"event": "step", "step": 152000, "loss": 4.5313, "lr": 0.0006270097380003953, "gnorm": 0.973, "tok_per_s": 193891.1, "load": 5.83740234375}
{"event": "step", "step": 152100, "loss": 4.6147, "lr": 0.000625565268563852, "gnorm": 1.146, "tok_per_s": 193905.2, "load": 5.52978515625}
{"event": "step", "step": 152200, "loss": 4.4907, "lr": 0.000624123558897039, "gnorm": 1.06, "tok_per_s": 193773.4, "load": 5.2470703125}
{"event": "step", "step": 152300, "loss": 4.366, "lr": 0.000622684612883841, "gnorm": 1.038, "tok_per_s": 193871.7, "load": 5.3876953125}
{"event": "step", "step": 152400, "loss": 4.28, "lr": 0.0006212484344006984, "gnorm": 0.996, "tok_per_s": 193882.1, "load": 5.1962890625}
{"event": "step", "step": 152500, "loss": 4.2887, "lr": 0.0006198150273165946, "gnorm": 1.106, "tok_per_s": 193232.3, "load": 10.0654296875}
{"event": "step", "step": 152600, "loss": 4.5263, "lr": 0.0006183843954930487, "gnorm": 1.148, "tok_per_s": 193024.9, "load": 10.0654296875}
{"event": "step", "step": 152700, "loss": 4.377, "lr": 0.0006169565427841027, "gnorm": 1.003, "tok_per_s": 192975.0, "load": 14.544921875}
{"event": "step", "step": 152800, "loss": 4.2997, "lr": 0.000615531473036311, "gnorm": 0.989, "tok_per_s": 192992.3, "load": 18.82568359375}
{"event": "step", "step": 152900, "loss": 4.4068, "lr": 0.0006141091900887325, "gnorm": 1.104, "tok_per_s": 193079.1, "load": 22.68359375}
{"event": "step", "step": 153000, "loss": 4.3516, "lr": 0.0006126896977729168, "gnorm": 1.206, "tok_per_s": 193083.3, "load": 26.15234375}
{"event": "step", "step": 153100, "loss": 4.3744, "lr": 0.0006112729999128974, "gnorm": 1.073, "tok_per_s": 193124.5, "load": 29.34375}
{"event": "step", "step": 153200, "loss": 4.5294, "lr": 0.0006098591003251784, "gnorm": 0.997, "tok_per_s": 193031.2, "load": 32.279296875}
{"event": "step", "step": 153300, "loss": 4.4392, "lr": 0.0006084480028187264, "gnorm": 1.09, "tok_per_s": 193056.7, "load": 32.279296875}
{"event": "step", "step": 153400, "loss": 4.2848, "lr": 0.0006070397111949585, "gnorm": 1.12, "tok_per_s": 193019.1, "load": 34.97998046875}
{"event": "step", "step": 153500, "loss": 4.3527, "lr": 0.0006056342292477339, "gnorm": 1.105, "tok_per_s": 193068.5, "load": 37.46435546875}
{"event": "step", "step": 153600, "loss": 4.1278, "lr": 0.0006042315607633417, "gnorm": 0.999, "tok_per_s": 192974.5, "load": 39.74951171875}
{"event": "step", "step": 153700, "loss": 4.3917, "lr": 0.0006028317095204926, "gnorm": 1.057, "tok_per_s": 193015.4, "load": 46.09619140625}
{"event": "step", "step": 153800, "loss": 4.2209, "lr": 0.0006014346792903068, "gnorm": 1.017, "tok_per_s": 192917.3, "load": 46.9697265625}
{"event": "step", "step": 153900, "loss": 4.5154, "lr": 0.000600040473836306, "gnorm": 0.968, "tok_per_s": 193093.3, "load": 46.8916015625}
{"event": "step", "step": 154000, "loss": 4.3786, "lr": 0.000598649096914401, "gnorm": 1.116, "tok_per_s": 193111.1, "load": 46.8916015625}
{"event": "step", "step": 154100, "loss": 4.3887, "lr": 0.0005972605522728838, "gnorm": 0.976, "tok_per_s": 193217.6, "load": 45.21826171875}
{"event": "step", "step": 154200, "loss": 4.2743, "lr": 0.0005958748436524153, "gnorm": 1.015, "tok_per_s": 193258.4, "load": 43.83935546875}
{"event": "step", "step": 154300, "loss": 4.2941, "lr": 0.0005944919747860171, "gnorm": 1.074, "tok_per_s": 193289.6, "load": 40.64892578125}
{"event": "step", "step": 154400, "loss": 4.2695, "lr": 0.0005931119493990601, "gnorm": 1.052, "tok_per_s": 193188.4, "load": 37.6337890625}
{"event": "step", "step": 154500, "loss": 4.3901, "lr": 0.000591734771209256, "gnorm": 1.333, "tok_per_s": 193181.5, "load": 34.8603515625}
{"event": "step", "step": 154600, "loss": 4.3262, "lr": 0.0005903604439266446, "gnorm": 1.023, "tok_per_s": 193247.6, "load": 34.8603515625}
{"event": "step", "step": 154700, "loss": 4.4689, "lr": 0.0005889889712535875, "gnorm": 1.132, "tok_per_s": 193266.5, "load": 32.30859375}
{"event": "step", "step": 154800, "loss": 4.555, "lr": 0.0005876203568847545, "gnorm": 1.074, "tok_per_s": 193179.0, "load": 29.96142578125}
{"event": "step", "step": 154900, "loss": 4.2998, "lr": 0.0005862546045071163, "gnorm": 1.026, "tok_per_s": 193197.3, "load": 27.80224609375}
{"event": "step", "step": 155000, "loss": 4.2084, "lr": 0.0005848917177999336, "gnorm": 1.124, "tok_per_s": 193130.3, "load": 25.81591796875}
{"event": "step", "step": 155100, "loss": 4.2566, "lr": 0.0005835317004347459, "gnorm": 1.219, "tok_per_s": 169442.8, "load": 23.98876953125}
{"event": "step", "step": 155200, "loss": 4.3552, "lr": 0.0005821745560753648, "gnorm": 1.069, "tok_per_s": 193283.7, "load": 22.3076171875}
{"event": "step", "step": 155300, "loss": 4.4014, "lr": 0.00058082028837786, "gnorm": 0.996, "tok_per_s": 193169.5, "load": 20.92138671875}
{"event": "step", "step": 155400, "loss": 4.3619, "lr": 0.0005794689009905536, "gnorm": 1.161, "tok_per_s": 193294.9, "load": 20.92138671875}
{"event": "step", "step": 155500, "loss": 4.3152, "lr": 0.000578120397554007, "gnorm": 1.173, "tok_per_s": 193185.7, "load": 19.48583984375}
{"event": "step", "step": 155600, "loss": 4.4393, "lr": 0.000576774781701013, "gnorm": 1.181, "tok_per_s": 193190.0, "load": 18.16552734375}
{"event": "step", "step": 155700, "loss": 4.4022, "lr": 0.0005754320570565852, "gnorm": 1.048, "tok_per_s": 193201.7, "load": 16.95068359375}
{"event": "step", "step": 155800, "loss": 4.4145, "lr": 0.0005740922272379487, "gnorm": 1.096, "tok_per_s": 193268.6, "load": 15.83349609375}
{"event": "step", "step": 155900, "loss": 4.3408, "lr": 0.0005727552958545297, "gnorm": 1.083, "tok_per_s": 193253.7, "load": 14.8056640625}
{"event": "step", "step": 156000, "loss": 4.3127, "lr": 0.0005714212665079467, "gnorm": 1.079, "tok_per_s": 193199.8, "load": 14.8056640625}
{"event": "step", "step": 156100, "loss": 4.4338, "lr": 0.0005700901427919991, "gnorm": 1.097, "tok_per_s": 193172.7, "load": 13.85986328125}
{"event": "step", "step": 156200, "loss": 4.362, "lr": 0.0005687619282926608, "gnorm": 1.057, "tok_per_s": 193141.3, "load": 12.98974609375}
{"event": "step", "step": 156300, "loss": 4.3719, "lr": 0.0005674366265880662, "gnorm": 0.978, "tok_per_s": 193165.8, "load": 12.189453125}
{"event": "step", "step": 156400, "loss": 4.4568, "lr": 0.0005661142412485046, "gnorm": 1.063, "tok_per_s": 193219.2, "load": 11.61328125}
{"event": "step", "step": 156500, "loss": 4.5257, "lr": 0.000564794775836407, "gnorm": 1.28, "tok_per_s": 193165.9, "load": 10.92333984375}
{"event": "step", "step": 156600, "loss": 4.3957, "lr": 0.0005634782339063402, "gnorm": 1.158, "tok_per_s": 193247.7, "load": 10.28857421875}
{"event": "step", "step": 156700, "loss": 4.4361, "lr": 0.0005621646190049937, "gnorm": 1.04, "tok_per_s": 193214.7, "load": 10.28857421875}
{"event": "step", "step": 156800, "loss": 4.328, "lr": 0.0005608539346711729, "gnorm": 1.02, "tok_per_s": 193261.0, "load": 9.70458984375}
{"event": "step", "step": 156900, "loss": 4.3707, "lr": 0.0005595461844357871, "gnorm": 1.185, "tok_per_s": 193171.4, "load": 9.16748046875}
{"event": "step", "step": 157000, "loss": 4.3785, "lr": 0.0005582413718218431, "gnorm": 1.023, "tok_per_s": 193270.4, "load": 8.67333984375}
{"event": "step", "step": 157100, "loss": 4.2747, "lr": 0.0005569395003444321, "gnorm": 1.324, "tok_per_s": 193145.0, "load": 8.458984375}
{"event": "step", "step": 157200, "loss": 4.4606, "lr": 0.0005556405735107233, "gnorm": 1.144, "tok_per_s": 193241.6, "load": 8.1015625}
{"event": "step", "step": 157300, "loss": 4.2374, "lr": 0.0005543445948199531, "gnorm": 1.045, "tok_per_s": 193249.3, "load": 8.1015625}
{"event": "step", "step": 157400, "loss": 4.615, "lr": 0.0005530515677634144, "gnorm": 1.308, "tok_per_s": 193282.9, "load": 7.77294921875}
{"event": "step", "step": 157500, "loss": 4.4528, "lr": 0.000551761495824451, "gnorm": 1.167, "tok_per_s": 193292.6, "load": 7.390625}
{"event": "step", "step": 157600, "loss": 4.3729, "lr": 0.0005504743824784428, "gnorm": 1.124, "tok_per_s": 193169.7, "load": 7.03857421875}
{"event": "step", "step": 157700, "loss": 4.3079, "lr": 0.0005491902311928025, "gnorm": 1.149, "tok_per_s": 193184.3, "load": 6.71484375}
{"event": "step", "step": 157800, "loss": 4.3041, "lr": 0.0005479090454269603, "gnorm": 1.076, "tok_per_s": 193237.9, "load": 6.4169921875}
{"event": "step", "step": 157900, "loss": 4.6166, "lr": 0.00054663082863236, "gnorm": 1.478, "tok_per_s": 193241.8, "load": 6.22314453125}
{"event": "step", "step": 158000, "loss": 4.3719, "lr": 0.000545355584252445, "gnorm": 1.182, "tok_per_s": 193112.5, "load": 6.22314453125}
{"event": "step", "step": 158100, "loss": 4.3359, "lr": 0.000544083315722653, "gnorm": 1.107, "tok_per_s": 193163.1, "load": 6.044921875}
{"event": "step", "step": 158200, "loss": 4.3623, "lr": 0.0005428140264704035, "gnorm": 1.007, "tok_per_s": 193286.9, "load": 5.880859375}
{"event": "step", "step": 158300, "loss": 4.4847, "lr": 0.0005415477199150912, "gnorm": 1.297, "tok_per_s": 193250.5, "load": 5.72998046875}
{"event": "step", "step": 158400, "loss": 4.5075, "lr": 0.0005402843994680739, "gnorm": 1.153, "tok_per_s": 193172.7, "load": 5.59130859375}
{"event": "step", "step": 158500, "loss": 4.4047, "lr": 0.0005390240685326671, "gnorm": 1.212, "tok_per_s": 193255.9, "load": 5.4638671875}
{"event": "step", "step": 158600, "loss": 4.3315, "lr": 0.000537766730504131, "gnorm": 1.328, "tok_per_s": 193186.9, "load": 5.34619140625}
{"event": "step", "step": 158700, "loss": 4.2166, "lr": 0.0005365123887696645, "gnorm": 1.059, "tok_per_s": 193278.3, "load": 5.34619140625}
{"event": "step", "step": 158800, "loss": 4.437, "lr": 0.000535261046708393, "gnorm": 1.084, "tok_per_s": 192996.9, "load": 5.23828125}
{"event": "step", "step": 158900, "loss": 4.2311, "lr": 0.0005340127076913627, "gnorm": 1.216, "tok_per_s": 193212.9, "load": 5.29931640625}
{"event": "step", "step": 159000, "loss": 4.4731, "lr": 0.000532767375081528, "gnorm": 1.111, "tok_per_s": 193453.5, "load": 5.11474609375}
{"event": "step", "step": 159100, "loss": 4.5381, "lr": 0.0005315250522337461, "gnorm": 1.078, "tok_per_s": 193782.4, "load": 5.025390625}
{"event": "step", "step": 159200, "loss": 4.2608, "lr": 0.0005302857424947643, "gnorm": 1.114, "tok_per_s": 193728.7, "load": 5.103515625}
{"event": "step", "step": 159300, "loss": 4.4495, "lr": 0.0005290494492032142, "gnorm": 1.235, "tok_per_s": 193821.9, "load": 5.103515625}
{"event": "step", "step": 159400, "loss": 4.4127, "lr": 0.0005278161756896, "gnorm": 1.311, "tok_per_s": 193846.4, "load": 9.1796875}
{"event": "step", "step": 159500, "loss": 4.3235, "lr": 0.0005265859252762918, "gnorm": 1.166, "tok_per_s": 193801.3, "load": 8.8447265625}
{"event": "step", "step": 159600, "loss": 4.568, "lr": 0.0005253587012775154, "gnorm": 1.107, "tok_per_s": 193825.8, "load": 8.45654296875}
{"event": "step", "step": 159700, "loss": 4.3136, "lr": 0.0005241345069993429, "gnorm": 1.031, "tok_per_s": 193866.7, "load": 8.099609375}
{"event": "step", "step": 159800, "loss": 4.2794, "lr": 0.0005229133457396855, "gnorm": 1.113, "tok_per_s": 193734.0, "load": 7.77099609375}
{"event": "step", "step": 159900, "loss": 4.4381, "lr": 0.0005216952207882829, "gnorm": 1.259, "tok_per_s": 193759.0, "load": 9.15087890625}
{"event": "step", "step": 160000, "loss": 4.4281, "lr": 0.0005204801354266958, "gnorm": 1.213, "tok_per_s": 193806.4, "load": 9.15087890625}
eval 160000 {'bpb': 1.436069754439136, 'nats_per_token': 4.329923224861103, 'tokens': 16379, 'bytes': 71247}
{"event": "step", "step": 160100, "loss": 4.5543, "lr": 0.0005192680929282955, "gnorm": 1.054, "tok_per_s": 168773.1, "load": 8.73828125}
{"event": "step", "step": 160200, "loss": 4.2268, "lr": 0.0005180590965582572, "gnorm": 1.061, "tok_per_s": 193618.1, "load": 8.3583984375}
{"event": "step", "step": 160300, "loss": 4.3848, "lr": 0.0005168531495735485, "gnorm": 1.065, "tok_per_s": 193617.0, "load": 7.92919921875}
{"event": "step", "step": 160400, "loss": 4.4443, "lr": 0.0005156502552229237, "gnorm": 1.168, "tok_per_s": 193586.3, "load": 7.6142578125}
{"event": "step", "step": 160500, "loss": 4.291, "lr": 0.0005144504167469123, "gnorm": 1.162, "tok_per_s": 193612.1, "load": 12.3701171875}
{"event": "step", "step": 160600, "loss": 4.1707, "lr": 0.0005132536373778122, "gnorm": 1.035, "tok_per_s": 193611.4, "load": 11.61962890625}
{"event": "step", "step": 160700, "loss": 4.3323, "lr": 0.0005120599203396795, "gnorm": 1.173, "tok_per_s": 193557.4, "load": 11.61962890625}
{"event": "step", "step": 160800, "loss": 4.5345, "lr": 0.0005108692688483215, "gnorm": 1.071, "tok_per_s": 193565.9, "load": 15.734375}
{"event": "step", "step": 160900, "loss": 4.5224, "lr": 0.000509681686111286, "gnorm": 1.117, "tok_per_s": 193583.5, "load": 19.919921875}
{"event": "step", "step": 161000, "loss": 4.3433, "lr": 0.000508497175327855, "gnorm": 1.098, "tok_per_s": 193716.1, "load": 18.64501953125}
{"event": "step", "step": 161100, "loss": 4.3203, "lr": 0.0005073157396890333, "gnorm": 1.209, "tok_per_s": 193709.7, "load": 17.47216796875}
{"event": "step", "step": 161200, "loss": 4.1857, "lr": 0.0005061373823775431, "gnorm": 1.041, "tok_per_s": 193602.1, "load": 16.39306640625}
{"event": "step", "step": 161300, "loss": 4.2457, "lr": 0.0005049621065678122, "gnorm": 1.022, "tok_per_s": 193712.8, "load": 16.39306640625}
{"event": "step", "step": 161400, "loss": 4.3619, "lr": 0.0005037899154259684, "gnorm": 1.099, "tok_per_s": 193722.3, "load": 15.400390625}
{"event": "step", "step": 161500, "loss": 4.3871, "lr": 0.0005026208121098283, "gnorm": 1.099, "tok_per_s": 193698.0, "load": 14.4873046875}
{"event": "step", "step": 161600, "loss": 4.3893, "lr": 0.0005014547997688914, "gnorm": 1.368, "tok_per_s": 193709.9, "load": 13.6474609375}
{"event": "step", "step": 161700, "loss": 4.4231, "lr": 0.0005002918815443287, "gnorm": 1.1, "tok_per_s": 193526.7, "load": 17.919921875}
{"event": "step", "step": 161800, "loss": 4.3893, "lr": 0.0004991320605689771, "gnorm": 1.095, "tok_per_s": 193507.2, "load": 17.60595703125}
{"event": "step", "step": 161900, "loss": 4.4249, "lr": 0.0004979753399673298, "gnorm": 1.122, "tok_per_s": 193542.1, "load": 16.51611328125}
{"event": "step", "step": 162000, "loss": 4.2824, "lr": 0.0004968217228555265, "gnorm": 1.231, "tok_per_s": 193516.2, "load": 16.51611328125}
{"event": "step", "step": 162100, "loss": 4.2406, "lr": 0.0004956712123413475, "gnorm": 1.133, "tok_per_s": 193648.4, "load": 15.513671875}
{"event": "step", "step": 162200, "loss": 4.2464, "lr": 0.0004945238115242031, "gnorm": 1.109, "tok_per_s": 193716.8, "load": 14.59130859375}
{"event": "step", "step": 162300, "loss": 4.463, "lr": 0.0004933795234951273, "gnorm": 1.307, "tok_per_s": 193727.4, "load": 13.7431640625}
{"event": "step", "step": 162400, "loss": 4.4174, "lr": 0.0004922383513367677, "gnorm": 1.139, "tok_per_s": 193732.8, "load": 13.203125}
{"event": "step", "step": 162500, "loss": 4.5668, "lr": 0.0004911002981233782, "gnorm": 1.24, "tok_per_s": 193694.6, "load": 12.4658203125}
{"event": "step", "step": 162600, "loss": 4.2805, "lr": 0.0004899653669208098, "gnorm": 1.15, "tok_per_s": 193708.1, "load": 12.4658203125}
{"event": "step", "step": 162700, "loss": 4.3196, "lr": 0.0004888335607865046, "gnorm": 1.203, "tok_per_s": 193692.9, "load": 11.78759765625}
{"event": "step", "step": 162800, "loss": 4.2636, "lr": 0.00048770488276948364, "gnorm": 1.206, "tok_per_s": 193709.1, "load": 11.16357421875}
{"event": "step", "step": 162900, "loss": 4.1784, "lr": 0.0004865793359103434, "gnorm": 1.106, "tok_per_s": 193679.2, "load": 10.669921875}
{"event": "step", "step": 163000, "loss": 4.4201, "lr": 0.00048545692324124295, "gnorm": 1.12, "tok_per_s": 193691.8, "load": 10.1357421875}
{"event": "step", "step": 163100, "loss": 4.4525, "lr": 0.00048433764778590006, "gnorm": 1.082, "tok_per_s": 193685.9, "load": 9.64404296875}
{"event": "step", "step": 163200, "loss": 4.3115, "lr": 0.00048322151255957913, "gnorm": 1.051, "tok_per_s": 193697.9, "load": 9.8330078125}
{"event": "step", "step": 163300, "loss": 4.3247, "lr": 0.00048210852056908667, "gnorm": 1.234, "tok_per_s": 193549.2, "load": 9.8330078125}
{"event": "step", "step": 163400, "loss": 4.4822, "lr": 0.00048099867481276004, "gnorm": 1.296, "tok_per_s": 193627.3, "load": 9.36572265625}
{"event": "step", "step": 163500, "loss": 4.244, "lr": 0.00047989197828046215, "gnorm": 1.139, "tok_per_s": 193698.7, "load": 9.01611328125}
{"event": "step", "step": 163600, "loss": 4.3914, "lr": 0.0004787884339535706, "gnorm": 1.276, "tok_per_s": 193674.6, "load": 8.8544921875}
{"event": "step", "step": 163700, "loss": 4.3602, "lr": 0.0004776880448049728, "gnorm": 1.349, "tok_per_s": 193675.0, "load": 8.62548828125}
{"event": "step", "step": 163800, "loss": 4.5836, "lr": 0.0004765908137990547, "gnorm": 1.31, "tok_per_s": 193700.6, "load": 8.3349609375}
{"event": "step", "step": 163900, "loss": 4.4449, "lr": 0.00047549674389169586, "gnorm": 1.23, "tok_per_s": 193691.2, "load": 8.3349609375}
{"event": "step", "step": 164000, "loss": 4.4314, "lr": 0.0004744058380302584, "gnorm": 1.266, "tok_per_s": 193678.9, "load": 8.06787109375}
{"event": "step", "step": 164100, "loss": 4.2885, "lr": 0.000473318099153582, "gnorm": 1.26, "tok_per_s": 193701.5, "load": 7.82177734375}
{"event": "step", "step": 164200, "loss": 4.2086, "lr": 0.0004722335301919746, "gnorm": 1.184, "tok_per_s": 193684.9, "load": 7.595703125}
{"event": "step", "step": 164300, "loss": 4.4224, "lr": 0.00047115213406720327, "gnorm": 1.451, "tok_per_s": 193625.9, "load": 7.3876953125}
{"event": "step", "step": 164400, "loss": 4.3674, "lr": 0.0004700739136924894, "gnorm": 1.232, "tok_per_s": 193664.6, "load": 7.2763671875}
{"event": "step", "step": 164500, "loss": 4.4937, "lr": 0.00046899887197249766, "gnorm": 1.237, "tok_per_s": 193650.1, "load": 7.013671875}
{"event": "step", "step": 164600, "loss": 4.4678, "lr": 0.0004679270118033306, "gnorm": 1.161, "tok_per_s": 193361.5, "load": 7.013671875}
{"event": "step", "step": 164700, "loss": 4.1373, "lr": 0.0004668583360725189, "gnorm": 1.12, "tok_per_s": 193642.2, "load": 6.77197265625}
{"event": "step", "step": 164800, "loss": 4.3078, "lr": 0.0004657928476590157, "gnorm": 1.172, "tok_per_s": 193658.8, "load": 11.35498046875}
{"event": "step", "step": 164900, "loss": 4.3305, "lr": 0.00046473054943318645, "gnorm": 1.302, "tok_per_s": 193642.8, "load": 11.56689453125}
{"event": "step", "step": 165000, "loss": 4.3636, "lr": 0.0004636714442568031, "gnorm": 1.24, "tok_per_s": 193662.3, "load": 16.00634765625}
{"event": "step", "step": 165100, "loss": 4.2856, "lr": 0.00046261553498303616, "gnorm": 1.235, "tok_per_s": 155701.9, "load": 15.12451171875}
{"event": "step", "step": 165200, "loss": 4.3158, "lr": 0.00046156282445644533, "gnorm": 1.167, "tok_per_s": 193705.0, "load": 14.3134765625}
{"event": "step", "step": 165300, "loss": 4.2587, "lr": 0.0004605133155129744, "gnorm": 1.024, "tok_per_s": 193667.6, "load": 13.4873046875}
{"event": "step", "step": 165400, "loss": 4.3336, "lr": 0.0004594670109799409, "gnorm": 1.222, "tok_per_s": 193637.3, "load": 13.4873046875}
{"event": "step", "step": 165500, "loss": 4.3302, "lr": 0.0004584239136760314, "gnorm": 1.185, "tok_per_s": 193651.5, "load": 12.7275390625}
{"event": "step", "step": 165600, "loss": 4.6179, "lr": 0.0004573840264112906, "gnorm": 1.241, "tok_per_s": 193642.4, "load": 12.0283203125}
{"event": "step", "step": 165700, "loss": 4.4049, "lr": 0.0004563473519871174, "gnorm": 1.087, "tok_per_s": 193650.7, "load": 11.38525390625}
{"event": "step", "step": 165800, "loss": 4.3174, "lr": 0.00045531389319625393, "gnorm": 1.146, "tok_per_s": 193551.6, "load": 10.87353515625}
{"event": "step", "step": 165900, "loss": 4.3162, "lr": 0.0004542836528227803, "gnorm": 1.147, "tok_per_s": 193385.1, "load": 10.48291015625}
{"event": "step", "step": 166000, "loss": 4.3628, "lr": 0.00045325663364210685, "gnorm": 1.77, "tok_per_s": 193595.2, "load": 10.48291015625}
{"event": "step", "step": 166100, "loss": 4.4144, "lr": 0.00045223283842096514, "gnorm": 1.217, "tok_per_s": 193594.3, "load": 9.96337890625}
{"event": "step", "step": 166200, "loss": 4.3961, "lr": 0.0004512122699174024, "gnorm": 1.108, "tok_per_s": 193631.6, "load": 9.48583984375}
{"event": "step", "step": 166300, "loss": 4.3693, "lr": 0.0004501949308807727, "gnorm": 1.312, "tok_per_s": 193669.6, "load": 9.04638671875}
{"event": "step", "step": 166400, "loss": 4.5153, "lr": 0.0004491808240517305, "gnorm": 1.362, "tok_per_s": 193681.6, "load": 8.64208984375}
{"event": "step", "step": 166500, "loss": 4.4337, "lr": 0.0004481699521622226, "gnorm": 1.343, "tok_per_s": 193667.6, "load": 8.27001953125}
{"event": "step", "step": 166600, "loss": 4.283, "lr": 0.0004471623179354818, "gnorm": 1.224, "tok_per_s": 193540.9, "load": 8.087890625}
{"event": "step", "step": 166700, "loss": 4.3984, "lr": 0.000446157924086017, "gnorm": 1.224, "tok_per_s": 193626.9, "load": 8.087890625}
{"event": "step", "step": 166800, "loss": 4.2235, "lr": 0.00044515677331961027, "gnorm": 1.155, "tok_per_s": 193631.0, "load": 7.84033203125}
{"event": "step", "step": 166900, "loss": 4.221, "lr": 0.00044415886833330467, "gnorm": 1.173, "tok_per_s": 193648.4, "load": 7.77294921875}
{"event": "step", "step": 167000, "loss": 4.5552, "lr": 0.00044316421181540074, "gnorm": 1.475, "tok_per_s": 193653.9, "load": 7.55078125}
{"event": "step", "step": 167100, "loss": 4.3554, "lr": 0.0004421728064454474, "gnorm": 1.186, "tok_per_s": 193607.8, "load": 7.34619140625}
{"event": "step", "step": 167200, "loss": 4.3844, "lr": 0.0004411846548942348, "gnorm": 1.356, "tok_per_s": 193457.3, "load": 7.158203125}
{"event": "step", "step": 167300, "loss": 4.3504, "lr": 0.00044019975982378815, "gnorm": 1.403, "tok_per_s": 193615.2, "load": 7.158203125}
{"event": "step", "step": 167400, "loss": 4.3264, "lr": 0.0004392181238873594, "gnorm": 1.322, "tok_per_s": 193644.3, "load": 6.9853515625}
{"event": "step", "step": 167500, "loss": 4.5181, "lr": 0.0004382397497294208, "gnorm": 1.345, "tok_per_s": 193665.6, "load": 6.74609375}
{"event": "step", "step": 167600, "loss": 4.314, "lr": 0.0004372646399856572, "gnorm": 1.154, "tok_per_s": 193661.9, "load": 6.52587890625}
{"event": "step", "step": 167700, "loss": 4.3189, "lr": 0.0004362927972829602, "gnorm": 1.229, "tok_per_s": 193267.2, "load": 6.3232421875}
{"event": "step", "step": 167800, "loss": 4.3972, "lr": 0.00043532422423941876, "gnorm": 1.218, "tok_per_s": 193659.2, "load": 6.056640625}
{"event": "step", "step": 167900, "loss": 4.313, "lr": 0.0004343589234643152, "gnorm": 1.351, "tok_per_s": 193674.2, "load": 5.8115234375}
{"event": "step", "step": 168000, "loss": 4.397, "lr": 0.0004333968975581147, "gnorm": 1.305, "tok_per_s": 193698.8, "load": 5.8115234375}
{"event": "step", "step": 168100, "loss": 4.4357, "lr": 0.0004324381491124621, "gnorm": 1.339, "tok_per_s": 193675.2, "load": 5.666015625}
{"event": "step", "step": 168200, "loss": 4.31, "lr": 0.0004314826807101712, "gnorm": 1.183, "tok_per_s": 193656.9, "load": 5.4521484375}
{"event": "step", "step": 168300, "loss": 4.4419, "lr": 0.0004305304949252209, "gnorm": 1.326, "tok_per_s": 193673.3, "load": 5.25537109375}
{"event": "step", "step": 168400, "loss": 4.4853, "lr": 0.00042958159432274586, "gnorm": 1.613, "tok_per_s": 193680.0, "load": 5.07470703125}
{"event": "step", "step": 168500, "loss": 4.4679, "lr": 0.00042863598145903114, "gnorm": 1.445, "tok_per_s": 193678.8, "load": 4.908203125}
{"event": "step", "step": 168600, "loss": 4.3512, "lr": 0.00042769365888150517, "gnorm": 1.432, "tok_per_s": 193692.8, "load": 4.908203125}
{"event": "step", "step": 168700, "loss": 4.2929, "lr": 0.00042675462912873175, "gnorm": 1.343, "tok_per_s": 193690.2, "load": 4.75537109375}
{"event": "step", "step": 168800, "loss": 4.2928, "lr": 0.00042581889473040463, "gnorm": 1.212, "tok_per_s": 193674.4, "load": 4.61474609375}
{"event": "step", "step": 168900, "loss": 4.4091, "lr": 0.0004248864582073396, "gnorm": 1.419, "tok_per_s": 193681.8, "load": 4.4853515625}
{"event": "step", "step": 169000, "loss": 4.2761, "lr": 0.00042395732207146865, "gnorm": 1.411, "tok_per_s": 193678.8, "load": 4.3662109375}
{"event": "step", "step": 169100, "loss": 4.327, "lr": 0.0004230314888258321, "gnorm": 1.344, "tok_per_s": 193652.3, "load": 4.25634765625}
{"event": "step", "step": 169200, "loss": 4.3342, "lr": 0.0004221089609645732, "gnorm": 1.234, "tok_per_s": 193667.0, "load": 4.2353515625}
{"event": "step", "step": 169300, "loss": 4.3823, "lr": 0.00042118974097292964, "gnorm": 1.214, "tok_per_s": 193664.1, "load": 4.2353515625}
{"event": "step", "step": 169400, "loss": 4.3111, "lr": 0.00042027383132722937, "gnorm": 1.139, "tok_per_s": 193674.0, "load": 4.21630859375}
{"event": "step", "step": 169500, "loss": 4.4062, "lr": 0.000419361234494881, "gnorm": 1.315, "tok_per_s": 193696.7, "load": 4.279296875}
{"event": "step", "step": 169600, "loss": 4.2474, "lr": 0.0004184519529343696, "gnorm": 1.209, "tok_per_s": 193702.8, "load": 4.1767578125}
{"event": "step", "step": 169700, "loss": 4.3422, "lr": 0.0004175459890952483, "gnorm": 1.145, "tok_per_s": 193676.7, "load": 4.08251953125}
{"event": "step", "step": 169800, "loss": 4.3829, "lr": 0.0004166433454181336, "gnorm": 1.222, "tok_per_s": 193621.1, "load": 4.15625}
{"event": "step", "step": 169900, "loss": 4.3143, "lr": 0.000415744024334696, "gnorm": 1.249, "tok_per_s": 193095.8, "load": 4.15625}
{"event": "step", "step": 170000, "loss": 4.274, "lr": 0.00041484802826765704, "gnorm": 1.311, "tok_per_s": 192830.0, "load": 4.0634765625}
{"event": "step", "step": 170100, "loss": 4.2573, "lr": 0.00041395535963077907, "gnorm": 1.135, "tok_per_s": 168577.3, "load": 3.97802734375}
{"event": "step", "step": 170200, "loss": 4.4804, "lr": 0.00041306602082886193, "gnorm": 1.333, "tok_per_s": 193120.0, "load": 4.06005859375}
{"event": "step", "step": 170300, "loss": 4.3931, "lr": 0.0004121800142577342, "gnorm": 1.336, "tok_per_s": 193232.2, "load": 9.0205078125}
{"event": "step", "step": 170400, "loss": 4.2811, "lr": 0.000411297342304248, "gnorm": 1.298, "tok_per_s": 192913.3, "load": 8.6982421875}
{"event": "step", "step": 170500, "loss": 4.3323, "lr": 0.000410418007346272, "gnorm": 1.188, "tok_per_s": 192847.2, "load": 8.16162109375}
{"event": "step", "step": 170600, "loss": 4.4822, "lr": 0.0004095420117526855, "gnorm": 1.347, "tok_per_s": 192831.0, "load": 7.66796875}
{"event": "step", "step": 170700, "loss": 4.3851, "lr": 0.00040866935788337106, "gnorm": 1.176, "tok_per_s": 193026.7, "load": 7.66796875}
{"event": "step", "step": 170800, "loss": 4.3773, "lr": 0.0004078000480892097, "gnorm": 1.238, "tok_per_s": 193047.3, "load": 7.2138671875}
{"event": "step", "step": 170900, "loss": 4.48, "lr": 0.00040693408471207326, "gnorm": 1.375, "tok_per_s": 193020.5, "load": 6.8759765625}
{"event": "step", "step": 171000, "loss": 4.3367, "lr": 0.00040607147008481833, "gnorm": 1.465, "tok_per_s": 193099.6, "load": 6.4853515625}
{"event": "step", "step": 171100, "loss": 4.3697, "lr": 0.0004052122065312806, "gnorm": 1.354, "tok_per_s": 193145.8, "load": 6.1259765625}
{"event": "step", "step": 171200, "loss": 4.4337, "lr": 0.0004043562963662674, "gnorm": 1.363, "tok_per_s": 193143.0, "load": 5.87548828125}
{"event": "step", "step": 171300, "loss": 4.5006, "lr": 0.00040350374189555334, "gnorm": 1.663, "tok_per_s": 193113.2, "load": 5.64501953125}
{"event": "step", "step": 171400, "loss": 4.3172, "lr": 0.00040265454541587193, "gnorm": 1.333, "tok_per_s": 193112.5, "load": 5.64501953125}
{"event": "step", "step": 171500, "loss": 4.2988, "lr": 0.0004018087092149112, "gnorm": 1.231, "tok_per_s": 193157.5, "load": 5.43310546875}
{"event": "step", "step": 171600, "loss": 4.3763, "lr": 0.0004009662355713061, "gnorm": 1.187, "tok_per_s": 193659.6, "load": 5.31787109375}
{"event": "step", "step": 171700, "loss": 4.3032, "lr": 0.0004001271267546338, "gnorm": 1.117, "tok_per_s": 193592.1, "load": 6.25341796875}
{"event": "step", "step": 171800, "loss": 4.3545, "lr": 0.0003992913850254058, "gnorm": 1.273, "tok_per_s": 193574.3, "load": 6.07275390625}
{"event": "step", "step": 171900, "loss": 4.4332, "lr": 0.00039845901263506426, "gnorm": 1.266, "tok_per_s": 193607.6, "load": 5.90673828125}
{"event": "step", "step": 172000, "loss": 4.3072, "lr": 0.0003976300118259731, "gnorm": 1.212, "tok_per_s": 193615.6, "load": 5.90673828125}
{"event": "step", "step": 172100, "loss": 4.3637, "lr": 0.00039680438483141424, "gnorm": 1.363, "tok_per_s": 193565.3, "load": 5.75390625}
{"event": "step", "step": 172200, "loss": 4.3663, "lr": 0.00039598213387558056, "gnorm": 1.291, "tok_per_s": 193326.0, "load": 5.533203125}
{"event": "step", "step": 172300, "loss": 4.4267, "lr": 0.00039516326117356994, "gnorm": 1.349, "tok_per_s": 193530.7, "load": 9.25439453125}
{"event": "step", "step": 172400, "loss": 4.2435, "lr": 0.0003943477689313796, "gnorm": 1.171, "tok_per_s": 193630.8, "load": 8.75341796875}
{"event": "step", "step": 172500, "loss": 4.3856, "lr": 0.0003935356593459, "gnorm": 1.466, "tok_per_s": 193616.0, "load": 8.37255859375}
{"event": "step", "step": 172600, "loss": 4.0511, "lr": 0.0003927269346049084, "gnorm": 1.201, "tok_per_s": 193600.3, "load": 7.94189453125}
{"event": "step", "step": 172700, "loss": 4.2841, "lr": 0.00039192159688706467, "gnorm": 1.391, "tok_per_s": 193617.3, "load": 7.94189453125}
{"event": "step", "step": 172800, "loss": 4.4404, "lr": 0.00039111964836190273, "gnorm": 1.439, "tok_per_s": 193632.9, "load": 7.6259765625}
{"event": "step", "step": 172900, "loss": 4.6315, "lr": 0.00039032109118982734, "gnorm": 1.687, "tok_per_s": 193572.2, "load": 7.25537109375}
{"event": "step", "step": 173000, "loss": 4.3331, "lr": 0.0003895259275221066, "gnorm": 1.437, "tok_per_s": 193577.8, "load": 7.15478515625}
{"event": "step", "step": 173100, "loss": 4.3754, "lr": 0.0003887341595008667, "gnorm": 1.444, "tok_per_s": 193516.4, "load": 6.98193359375}
{"event": "step", "step": 173200, "loss": 4.5087, "lr": 0.0003879457892590869, "gnorm": 1.436, "tok_per_s": 193545.9, "load": 6.74267578125}
{"event": "step", "step": 173300, "loss": 4.2493, "lr": 0.00038716081892059193, "gnorm": 1.243, "tok_per_s": 193559.5, "load": 6.74267578125}
{"event": "step", "step": 173400, "loss": 4.395, "lr": 0.00038637925060004794, "gnorm": 1.257, "tok_per_s": 193605.3, "load": 6.60302734375}
{"event": "step", "step": 173500, "loss": 4.3698, "lr": 0.00038560108640295603, "gnorm": 1.334, "tok_per_s": 193590.4, "load": 6.314453125}
{"event": "step", "step": 173600, "loss": 4.3161, "lr": 0.0003848263284256473, "gnorm": 1.295, "tok_per_s": 193589.4, "load": 6.048828125}
{"event": "step", "step": 173700, "loss": 4.4997, "lr": 0.000384054978755276, "gnorm": 1.388, "tok_per_s": 193576.0, "load": 5.80419921875}
{"event": "step", "step": 173800, "loss": 4.3375, "lr": 0.0003832870394698151, "gnorm": 1.438, "tok_per_s": 193565.1, "load": 5.57958984375}
{"event": "step", "step": 173900, "loss": 4.3373, "lr": 0.0003825225126380496, "gnorm": 1.196, "tok_per_s": 193575.1, "load": 10.41796875}
{"event": "step", "step": 174000, "loss": 4.3109, "lr": 0.00038176140031957257, "gnorm": 1.516, "tok_per_s": 193575.7, "load": 10.41796875}
{"event": "step", "step": 174100, "loss": 4.2667, "lr": 0.0003810037045647772, "gnorm": 1.24, "tok_per_s": 193588.9, "load": 9.90380859375}
{"event": "step", "step": 174200, "loss": 4.3949, "lr": 0.000380249427414854, "gnorm": 1.403, "tok_per_s": 193437.2, "load": 9.5107421875}
{"event": "step", "step": 174300, "loss": 4.3371, "lr": 0.00037949857090178264, "gnorm": 1.37, "tok_per_s": 193682.8, "load": 9.1494140625}
{"event": "step", "step": 174400, "loss": 4.3729, "lr": 0.00037875113704832926, "gnorm": 1.288, "tok_per_s": 193684.0, "load": 8.81689453125}
{"event": "step", "step": 174500, "loss": 4.2599, "lr": 0.0003780071278680381, "gnorm": 1.351, "tok_per_s": 193660.6, "load": 8.43115234375}
{"event": "step", "step": 174600, "loss": 4.5842, "lr": 0.00037726654536522863, "gnorm": 1.526, "tok_per_s": 193674.9, "load": 8.43115234375}
{"event": "step", "step": 174700, "loss": 4.3464, "lr": 0.00037652939153498825, "gnorm": 1.385, "tok_per_s": 193682.1, "load": 8.076171875}
{"event": "step", "step": 174800, "loss": 4.5658, "lr": 0.00037579566836316836, "gnorm": 1.428, "tok_per_s": 193654.3, "load": 7.74951171875}
{"event": "step", "step": 174900, "loss": 4.4425, "lr": 0.0003750653778263777, "gnorm": 1.222, "tok_per_s": 193630.1, "load": 10.09228515625}
{"event": "step", "step": 175000, "loss": 4.4466, "lr": 0.0003743385218919782, "gnorm": 1.397, "tok_per_s": 193663.6, "load": 10.3251953125}
{"event": "step", "step": 175100, "loss": 4.4767, "lr": 0.00037361510251807903, "gnorm": 1.302, "tok_per_s": 170949.0, "load": 9.818359375}
{"event": "step", "step": 175200, "loss": 4.5577, "lr": 0.00037289512165353153, "gnorm": 1.309, "tok_per_s": 193684.0, "load": 9.43212890625}
{"event": "step", "step": 175300, "loss": 4.2838, "lr": 0.00037217858123792354, "gnorm": 1.442, "tok_per_s": 193678.8, "load": 9.43212890625}
{"event": "step", "step": 175400, "loss": 4.2943, "lr": 0.00037146548320157486, "gnorm": 1.335, "tok_per_s": 193639.7, "load": 8.9169921875}
{"event": "step", "step": 175500, "loss": 4.359, "lr": 0.00037075582946553175, "gnorm": 1.269, "tok_per_s": 193662.6, "load": 8.68310546875}
{"event": "step", "step": 175600, "loss": 4.2675, "lr": 0.00037004962194156136, "gnorm": 1.146, "tok_per_s": 193654.5, "load": 8.3076171875}
{"event": "step", "step": 175700, "loss": 4.3816, "lr": 0.00036934686253214743, "gnorm": 1.523, "tok_per_s": 193361.1, "load": 8.04248046875}
{"event": "step", "step": 175800, "loss": 4.5294, "lr": 0.0003686475531304841, "gnorm": 1.469, "tok_per_s": 193677.7, "load": 7.638671875}
{"event": "step", "step": 175900, "loss": 4.333, "lr": 0.000367951695620472, "gnorm": 2.223, "tok_per_s": 193667.1, "load": 7.26708984375}
{"event": "step", "step": 176000, "loss": 4.5831, "lr": 0.00036725929187671197, "gnorm": 1.414, "tok_per_s": 193724.7, "load": 7.26708984375}
{"event": "step", "step": 176100, "loss": 4.4077, "lr": 0.00036657034376450117, "gnorm": 1.511, "tok_per_s": 193684.5, "load": 6.92529296875}
{"event": "step", "step": 176200, "loss": 4.2307, "lr": 0.0003658848531398269, "gnorm": 1.251, "tok_per_s": 193594.1, "load": 6.61083984375}
{"event": "step", "step": 176300, "loss": 4.266, "lr": 0.00036520282184936267, "gnorm": 1.158, "tok_per_s": 193632.5, "load": 11.36669921875}
{"event": "step", "step": 176400, "loss": 4.4166, "lr": 0.0003645242517304623, "gnorm": 1.261, "tok_per_s": 193709.4, "load": 10.6162109375}
{"event": "step", "step": 176500, "loss": 4.4133, "lr": 0.00036384914461115597, "gnorm": 1.43, "tok_per_s": 193658.0, "load": 10.005859375}
{"event": "step", "step": 176600, "loss": 4.2707, "lr": 0.000363177502310144, "gnorm": 1.307, "tok_per_s": 193701.6, "load": 10.005859375}
{"event": "step", "step": 176700, "loss": 4.4102, "lr": 0.0003625093266367936, "gnorm": 1.417, "tok_per_s": 193739.9, "load": 9.44482421875}
{"event": "step", "step": 176800, "loss": 4.2997, "lr": 0.0003618446193911321, "gnorm": 1.354, "tok_per_s": 193709.5, "load": 8.9287109375}
{"event": "step", "step": 176900, "loss": 4.4517, "lr": 0.0003611833823638441, "gnorm": 1.245, "tok_per_s": 193702.1, "load": 8.53369140625}
{"event": "step", "step": 177000, "loss": 4.3847, "lr": 0.0003605256173362643, "gnorm": 1.305, "tok_per_s": 193697.7, "load": 8.17041015625}
{"event": "step", "step": 177100, "loss": 4.4473, "lr": 0.0003598713260803756, "gnorm": 1.644, "tok_per_s": 193715.9, "load": 7.75634765625}
{"event": "step", "step": 177200, "loss": 4.5274, "lr": 0.00035922051035880133, "gnorm": 1.463, "tok_per_s": 193695.7, "load": 7.375}
{"event": "step", "step": 177300, "loss": 4.2369, "lr": 0.0003585731719248031, "gnorm": 1.402, "tok_per_s": 193727.3, "load": 7.375}
{"event": "step", "step": 177400, "loss": 4.2929, "lr": 0.0003579293125222738, "gnorm": 1.256, "tok_per_s": 193709.5, "load": 6.9443359375}
{"event": "step", "step": 177500, "loss": 4.4641, "lr": 0.000357288933885735, "gnorm": 1.663, "tok_per_s": 193695.1, "load": 6.54833984375}
{"event": "step", "step": 177600, "loss": 4.4459, "lr": 0.00035665203774033066, "gnorm": 1.452, "tok_per_s": 193728.7, "load": 6.18408203125}
{"event": "step", "step": 177700, "loss": 4.4429, "lr": 0.00035601862580182317, "gnorm": 1.415, "tok_per_s": 193744.7, "load": 5.8486328125}
{"event": "step", "step": 177800, "loss": 4.3271, "lr": 0.00035538869977658926, "gnorm": 1.455, "tok_per_s": 193619.0, "load": 5.6201171875}
{"event": "step", "step": 177900, "loss": 4.2012, "lr": 0.0003547622613616136, "gnorm": 1.276, "tok_per_s": 193141.8, "load": 5.6201171875}
{"event": "step", "step": 178000, "loss": 4.3638, "lr": 0.00035413931224448694, "gnorm": 1.479, "tok_per_s": 193680.3, "load": 5.330078125}
{"event": "step", "step": 178100, "loss": 4.2618, "lr": 0.0003535198541033985, "gnorm": 1.292, "tok_per_s": 193722.7, "load": 5.14306640625}
{"event": "step", "step": 178200, "loss": 4.3782, "lr": 0.00035290388860713444, "gnorm": 1.589, "tok_per_s": 193735.9, "load": 5.05126953125}
{"event": "step", "step": 178300, "loss": 4.4821, "lr": 0.00035229141741507095, "gnorm": 1.407, "tok_per_s": 193730.2, "load": 4.88671875}
{"event": "step", "step": 178400, "loss": 4.3135, "lr": 0.0003516824421771712, "gnorm": 1.161, "tok_per_s": 193729.7, "load": 4.7353515625}
{"event": "step", "step": 178500, "loss": 4.4078, "lr": 0.0003510769645339801, "gnorm": 1.369, "tok_per_s": 193732.6, "load": 4.59619140625}
{"event": "step", "step": 178600, "loss": 4.3982, "lr": 0.00035047498611662074, "gnorm": 1.439, "tok_per_s": 193719.5, "load": 4.59619140625}
{"event": "step", "step": 178700, "loss": 4.4597, "lr": 0.000349876508546789, "gnorm": 1.362, "tok_per_s": 193731.2, "load": 4.46826171875}
{"event": "step", "step": 178800, "loss": 4.3061, "lr": 0.00034928153343675024, "gnorm": 1.26, "tok_per_s": 193739.8, "load": 4.3505859375}
{"event": "step", "step": 178900, "loss": 4.478, "lr": 0.00034869006238933363, "gnorm": 1.469, "tok_per_s": 193731.8, "load": 4.2421875}
{"event": "step", "step": 179000, "loss": 4.2363, "lr": 0.00034810209699792926, "gnorm": 1.283, "tok_per_s": 193742.6, "load": 4.142578125}
{"event": "step", "step": 179100, "loss": 4.2831, "lr": 0.00034751763884648286, "gnorm": 1.5, "tok_per_s": 193488.5, "load": 3.970703125}
{"event": "step", "step": 179200, "loss": 4.222, "lr": 0.0003469366895094921, "gnorm": 1.275, "tok_per_s": 193725.5, "load": 3.970703125}
{"event": "step", "step": 179300, "loss": 4.3924, "lr": 0.0003463592505520016, "gnorm": 1.496, "tok_per_s": 193733.3, "load": 3.8125}
{"event": "step", "step": 179400, "loss": 4.528, "lr": 0.0003457853235295998, "gnorm": 1.449, "tok_per_s": 193709.7, "load": 3.6669921875}
{"event": "step", "step": 179500, "loss": 4.1904, "lr": 0.00034521490998841377, "gnorm": 1.495, "tok_per_s": 193607.1, "load": 3.533203125}
{"event": "step", "step": 179600, "loss": 4.3796, "lr": 0.0003446480114651057, "gnorm": 1.377, "tok_per_s": 193644.4, "load": 3.41015625}
{"event": "step", "step": 179700, "loss": 4.3093, "lr": 0.0003440846294868684, "gnorm": 1.324, "tok_per_s": 193615.5, "load": 3.296875}
{"event": "step", "step": 179800, "loss": 4.3119, "lr": 0.0003435247655714212, "gnorm": 1.332, "tok_per_s": 193597.9, "load": 3.19287109375}
{"event": "step", "step": 179900, "loss": 4.4593, "lr": 0.00034296842122700626, "gnorm": 1.679, "tok_per_s": 193584.6, "load": 3.19287109375}
{"event": "step", "step": 180000, "loss": 4.3372, "lr": 0.000342415597952384, "gnorm": 1.452, "tok_per_s": 193531.0, "load": 3.09716796875}
eval 180000 {'bpb': 1.4383297554473078, 'nats_per_token': 4.336737400024422, 'tokens': 16379, 'bytes': 71247}
{"event": "step", "step": 180100, "loss": 4.3055, "lr": 0.00034186629723682947, "gnorm": 1.387, "tok_per_s": 168174.7, "load": 3.08935546875}
{"event": "step", "step": 180200, "loss": 4.3635, "lr": 0.00034132052056012776, "gnorm": 1.564, "tok_per_s": 193749.6, "load": 3.16259765625}
{"event": "step", "step": 180300, "loss": 4.2796, "lr": 0.00034077826939257094, "gnorm": 1.539, "tok_per_s": 193742.3, "load": 3.22998046875}
{"event": "step", "step": 180400, "loss": 4.4389, "lr": 0.00034023954519495276, "gnorm": 1.674, "tok_per_s": 193744.8, "load": 3.2919921875}
{"event": "step", "step": 180500, "loss": 4.2004, "lr": 0.00033970434941856664, "gnorm": 1.363, "tok_per_s": 193735.7, "load": 3.34912109375}
{"event": "step", "step": 180600, "loss": 4.4263, "lr": 0.0003391726835051993, "gnorm": 1.597, "tok_per_s": 193737.4, "load": 3.34912109375}
{"event": "step", "step": 180700, "loss": 4.2311, "lr": 0.00033864454888712936, "gnorm": 1.189, "tok_per_s": 193718.2, "load": 3.4013671875}
{"event": "step", "step": 180800, "loss": 4.4619, "lr": 0.000338119946987122, "gnorm": 1.344, "tok_per_s": 193737.1, "load": 3.52978515625}
{"event": "step", "step": 180900, "loss": 4.2773, "lr": 0.0003375988792184249, "gnorm": 1.403, "tok_per_s": 193684.7, "load": 3.64794921875}
{"event": "step", "step": 181000, "loss": 4.3406, "lr": 0.00033708134698476566, "gnorm": 1.475, "tok_per_s": 193699.2, "load": 3.595703125}
{"event": "step", "step": 181100, "loss": 4.2262, "lr": 0.000336567351680347, "gnorm": 1.251, "tok_per_s": 193677.6, "load": 3.62841796875}
{"event": "step", "step": 181200, "loss": 4.2862, "lr": 0.0003360568946898437, "gnorm": 1.326, "tok_per_s": 193721.0, "load": 3.73828125}
{"event": "step", "step": 181300, "loss": 4.2378, "lr": 0.00033554997738839785, "gnorm": 1.544, "tok_per_s": 193743.1, "load": 3.73828125}
{"event": "step", "step": 181400, "loss": 4.2955, "lr": 0.0003350466011416166, "gnorm": 1.21, "tok_per_s": 193733.1, "load": 3.75927734375}
{"event": "step", "step": 181500, "loss": 4.4142, "lr": 0.00033454676730556714, "gnorm": 1.254, "tok_per_s": 193750.9, "load": 3.77880859375}
{"event": "step", "step": 181600, "loss": 4.4204, "lr": 0.00033405047722677385, "gnorm": 1.426, "tok_per_s": 193737.3, "load": 3.796875}
{"event": "step", "step": 181700, "loss": 4.3259, "lr": 0.00033355773224221435, "gnorm": 1.326, "tok_per_s": 193694.9, "load": 3.8134765625}
{"event": "step", "step": 181800, "loss": 4.2591, "lr": 0.00033306853367931613, "gnorm": 1.39, "tok_per_s": 193657.9, "load": 3.82861328125}
{"event": "step", "step": 181900, "loss": 4.3945, "lr": 0.00033258288285595256, "gnorm": 1.328, "tok_per_s": 193716.0, "load": 3.82861328125}
{"event": "step", "step": 182000, "loss": 4.4509, "lr": 0.0003321007810804398, "gnorm": 1.446, "tok_per_s": 193672.9, "load": 3.76220703125}
{"event": "step", "step": 182100, "loss": 4.3402, "lr": 0.00033162222965153315, "gnorm": 1.428, "tok_per_s": 193721.1, "load": 3.62060546875}
{"event": "step", "step": 182200, "loss": 4.4644, "lr": 0.0003311472298584229, "gnorm": 1.313, "tok_per_s": 193743.6, "load": 3.49072265625}
{"event": "step", "step": 182300, "loss": 4.2385, "lr": 0.00033067578298073233, "gnorm": 1.323, "tok_per_s": 193730.5, "load": 3.61181640625}
{"event": "step", "step": 182400, "loss": 4.3232, "lr": 0.0003302078902885124, "gnorm": 1.43, "tok_per_s": 193718.5, "load": 3.5625}
{"event": "step", "step": 182500, "loss": 4.2902, "lr": 0.00032974355304224033, "gnorm": 1.353, "tok_per_s": 193686.5, "load": 3.59765625}
{"event": "step", "step": 182600, "loss": 4.2619, "lr": 0.00032928277249281426, "gnorm": 1.344, "tok_per_s": 193664.8, "load": 3.59765625}
{"event": "step", "step": 182700, "loss": 4.2506, "lr": 0.00032882554988155125, "gnorm": 1.429, "tok_per_s": 193688.0, "load": 3.6298828125}
{"event": "step", "step": 182800, "loss": 4.3257, "lr": 0.00032837188644018356, "gnorm": 1.337, "tok_per_s": 193716.8, "load": 3.65966796875}
{"event": "step", "step": 182900, "loss": 4.4865, "lr": 0.00032792178339085463, "gnorm": 1.299, "tok_per_s": 193694.3, "load": 3.68701171875}
{"event": "step", "step": 183000, "loss": 4.2688, "lr": 0.00032747524194611747, "gnorm": 1.378, "tok_per_s": 193671.4, "load": 3.71240234375}
{"event": "step", "step": 183100, "loss": 4.359, "lr": 0.00032703226330892896, "gnorm": 1.473, "tok_per_s": 193725.9, "load": 3.73583984375}
{"event": "step", "step": 183200, "loss": 4.3455, "lr": 0.0003265928486726494, "gnorm": 1.26, "tok_per_s": 193695.4, "load": 3.73583984375}
{"event": "step", "step": 183300, "loss": 4.5154, "lr": 0.0003261569992210367, "gnorm": 1.498, "tok_per_s": 193712.7, "load": 3.83740234375}
{"event": "step", "step": 183400, "loss": 4.3076, "lr": 0.00032572471612824503, "gnorm": 1.551, "tok_per_s": 193743.5, "load": 3.8505859375}
{"event": "step", "step": 183500, "loss": 4.3422, "lr": 0.00032529600055882077, "gnorm": 1.419, "tok_per_s": 193754.1, "load": 3.94287109375}
{"event": "step", "step": 183600, "loss": 4.3448, "lr": 0.00032487085366769984, "gnorm": 1.376, "tok_per_s": 193707.6, "load": 3.94775390625}
{"event": "step", "step": 183700, "loss": 4.367, "lr": 0.00032444927660020377, "gnorm": 1.475, "tok_per_s": 193698.6, "load": 3.9521484375}
{"event": "step", "step": 183800, "loss": 4.3104, "lr": 0.00032403127049203775, "gnorm": 1.469, "tok_per_s": 193699.6, "load": 3.9560546875}
{"event": "step", "step": 183900, "loss": 4.2355, "lr": 0.0003236168364692867, "gnorm": 1.422, "tok_per_s": 193724.4, "load": 3.9560546875}
{"event": "step", "step": 184000, "loss": 4.309, "lr": 0.00032320597564841294, "gnorm": 1.359, "tok_per_s": 193692.0, "load": 3.87939453125}
{"event": "step", "step": 184100, "loss": 4.2046, "lr": 0.00032279868913625214, "gnorm": 1.372, "tok_per_s": 193701.1, "load": 3.80859375}
{"event": "step", "step": 184200, "loss": 4.2804, "lr": 0.00032239497803001135, "gnorm": 1.453, "tok_per_s": 193585.6, "load": 7.66796875}
{"event": "step", "step": 184300, "loss": 4.4228, "lr": 0.00032199484341726575, "gnorm": 1.37, "tok_per_s": 193360.5, "load": 7.2138671875}
{"event": "step", "step": 184400, "loss": 4.4871, "lr": 0.00032159828637595554, "gnorm": 1.554, "tok_per_s": 193679.7, "load": 6.8759765625}
{"event": "step", "step": 184500, "loss": 4.2601, "lr": 0.00032120530797438327, "gnorm": 1.518, "tok_per_s": 193689.0, "load": 6.8759765625}
{"event": "step", "step": 184600, "loss": 4.2797, "lr": 0.0003208159092712106, "gnorm": 1.28, "tok_per_s": 193674.6, "load": 6.5654296875}
{"event": "step", "step": 184700, "loss": 4.3493, "lr": 0.0003204300913154557, "gnorm": 1.394, "tok_per_s": 193689.7, "load": 6.27978515625}
{"event": "step", "step": 184800, "loss": 4.4791, "lr": 0.00032004785514649074, "gnorm": 1.791, "tok_per_s": 193683.7, "load": 6.17724609375}
{"event": "step", "step": 184900, "loss": 4.33, "lr": 0.0003196692017940384, "gnorm": 1.339, "tok_per_s": 193586.7, "load": 6.16259765625}
{"event": "step", "step": 185000, "loss": 4.5705, "lr": 0.0003192941322781696, "gnorm": 1.595, "tok_per_s": 193622.9, "load": 5.9892578125}
{"event": "step", "step": 185100, "loss": 4.39, "lr": 0.0003189226476093006, "gnorm": 1.488, "tok_per_s": 170577.3, "load": 5.90966796875}
{"event": "step", "step": 185200, "loss": 4.3002, "lr": 0.0003185547487881903, "gnorm": 1.54, "tok_per_s": 193693.3, "load": 5.75634765625}
{"event": "step", "step": 185300, "loss": 4.2543, "lr": 0.00031819043680593744, "gnorm": 1.419, "tok_per_s": 193737.4, "load": 5.75634765625}
{"event": "step", "step": 185400, "loss": 4.524, "lr": 0.00031782971264397795, "gnorm": 1.478, "tok_per_s": 193715.5, "load": 5.615234375}
{"event": "step", "step": 185500, "loss": 4.4035, "lr": 0.0003174725772740828, "gnorm": 1.705, "tok_per_s": 193665.2, "load": 5.48583984375}
{"event": "step", "step": 185600, "loss": 4.2475, "lr": 0.0003171190316583544, "gnorm": 1.401, "tok_per_s": 193704.0, "load": 5.44677734375}
{"event": "step", "step": 185700, "loss": 4.326, "lr": 0.00031676907674922503, "gnorm": 1.371, "tok_per_s": 193569.5, "load": 10.3759765625}
{"event": "step", "step": 185800, "loss": 4.3422, "lr": 0.00031642271348945335, "gnorm": 1.315, "tok_per_s": 193560.5, "load": 14.67041015625}
{"event": "step", "step": 185900, "loss": 4.2538, "lr": 0.0003160799428121228, "gnorm": 1.43, "tok_per_s": 193629.2, "load": 14.67041015625}
{"event": "step", "step": 186000, "loss": 4.3551, "lr": 0.00031574076564063814, "gnorm": 1.495, "tok_per_s": 193632.3, "load": 13.81591796875}
{"event": "step", "step": 186100, "loss": 4.2329, "lr": 0.00031540518288872385, "gnorm": 1.348, "tok_per_s": 193617.3, "load": 13.35009765625}
{"event": "step", "step": 186200, "loss": 4.197, "lr": 0.0003150731954604208, "gnorm": 1.363, "tok_per_s": 193615.0, "load": 12.68115234375}
{"event": "step", "step": 186300, "loss": 4.1925, "lr": 0.0003147448042500849, "gnorm": 1.369, "tok_per_s": 193604.7, "load": 11.98583984375}
{"event": "step", "step": 186400, "loss": 4.3852, "lr": 0.00031442001014238323, "gnorm": 1.49, "tok_per_s": 193641.6, "load": 11.34619140625}
{"event": "step", "step": 186500, "loss": 4.3955, "lr": 0.00031409881401229324, "gnorm": 1.343, "tok_per_s": 193634.5, "load": 10.7578125}
{"event": "step", "step": 186600, "loss": 4.5729, "lr": 0.0003137812167250991, "gnorm": 1.497, "tok_per_s": 193605.3, "load": 10.7578125}
{"event": "step", "step": 186700, "loss": 4.231, "lr": 0.00031346721913639024, "gnorm": 1.947, "tok_per_s": 193618.9, "load": 10.45654296875}
{"event": "step", "step": 186800, "loss": 4.4241, "lr": 0.00031315682209205847, "gnorm": 1.373, "tok_per_s": 193537.3, "load": 15.14501953125}
{"event": "step", "step": 186900, "loss": 4.3913, "lr": 0.0003128500264282959, "gnorm": 1.449, "tok_per_s": 193659.2, "load": 14.17236328125}
{"event": "step", "step": 187000, "loss": 4.3102, "lr": 0.0003125468329715931, "gnorm": 1.501, "tok_per_s": 193702.3, "load": 13.197265625}
{"event": "step", "step": 187100, "loss": 4.4985, "lr": 0.0003122472425387361, "gnorm": 1.575, "tok_per_s": 193708.5, "load": 12.38037109375}
{"event": "step", "step": 187200, "loss": 4.416, "lr": 0.0003119512559368048, "gnorm": 1.513, "tok_per_s": 193690.0, "load": 12.38037109375}
{"event": "step", "step": 187300, "loss": 4.2499, "lr": 0.0003116588739631704, "gnorm": 1.283, "tok_per_s": 193735.9, "load": 11.62890625}
{"event": "step", "step": 187400, "loss": 4.4979, "lr": 0.0003113700974054937, "gnorm": 1.665, "tok_per_s": 193730.2, "load": 10.9375}
{"event": "step", "step": 187500, "loss": 4.2599, "lr": 0.00031108492704172235, "gnorm": 1.394, "tok_per_s": 193734.8, "load": 10.3818359375}
{"event": "step", "step": 187600, "loss": 4.3084, "lr": 0.0003108033636400895, "gnorm": 1.661, "tok_per_s": 193767.2, "load": 9.79052734375}
{"event": "step", "step": 187700, "loss": 4.2454, "lr": 0.00031052540795911096, "gnorm": 1.441, "tok_per_s": 193747.4, "load": 9.24658203125}
{"event": "step", "step": 187800, "loss": 4.4849, "lr": 0.00031025106074758404, "gnorm": 1.663, "tok_per_s": 193748.6, "load": 8.74609375}
{"event": "step", "step": 187900, "loss": 4.2135, "lr": 0.0003099803227445846, "gnorm": 1.788, "tok_per_s": 193641.4, "load": 8.74609375}
{"event": "step", "step": 188000, "loss": 4.3408, "lr": 0.00030971319467946567, "gnorm": 1.749, "tok_per_s": 193670.3, "load": 8.36572265625}
{"event": "step", "step": 188100, "loss": 4.3562, "lr": 0.00030944967727185524, "gnorm": 1.423, "tok_per_s": 193741.0, "load": 8.25634765625}
{"event": "step", "step": 188200, "loss": 4.339, "lr": 0.0003091897712316543, "gnorm": 1.497, "tok_per_s": 193665.7, "load": 7.9150390625}
{"event": "step", "step": 188300, "loss": 4.5839, "lr": 0.00030893347725903536, "gnorm": 1.448, "tok_per_s": 193653.9, "load": 7.68115234375}
{"event": "step", "step": 188400, "loss": 4.2847, "lr": 0.00030868079604444003, "gnorm": 1.433, "tok_per_s": 193648.6, "load": 7.54638671875}
{"event": "step", "step": 188500, "loss": 4.2906, "lr": 0.00030843172826857713, "gnorm": 1.276, "tok_per_s": 193743.8, "load": 7.54638671875}
{"event": "step", "step": 188600, "loss": 4.3812, "lr": 0.00030818627460242154, "gnorm": 1.513, "tok_per_s": 193722.8, "load": 7.34228515625}
{"event": "step", "step": 188700, "loss": 4.1869, "lr": 0.00030794443570721146, "gnorm": 1.684, "tok_per_s": 193712.6, "load": 7.154296875}
{"event": "step", "step": 188800, "loss": 4.1991, "lr": 0.00030770621223444756, "gnorm": 1.634, "tok_per_s": 193704.6, "load": 6.9814453125}
{"event": "step", "step": 188900, "loss": 4.3909, "lr": 0.0003074716048258901, "gnorm": 1.613, "tok_per_s": 193607.6, "load": 6.82275390625}
{"event": "step", "step": 189000, "loss": 4.2754, "lr": 0.0003072406141135587, "gnorm": 1.4, "tok_per_s": 193666.5, "load": 6.83740234375}
{"event": "step", "step": 189100, "loss": 4.3765, "lr": 0.0003070132407197291, "gnorm": 1.572, "tok_per_s": 193692.7, "load": 6.60986328125}
{"event": "step", "step": 189200, "loss": 4.475, "lr": 0.00030678948525693264, "gnorm": 1.514, "tok_per_s": 193653.4, "load": 6.60986328125}
{"event": "step", "step": 189300, "loss": 4.2413, "lr": 0.00030656934832795407, "gnorm": 1.337, "tok_per_s": 193681.0, "load": 6.3203125}
{"event": "step", "step": 189400, "loss": 4.2386, "lr": 0.0003063528305258296, "gnorm": 1.332, "tok_per_s": 193150.2, "load": 6.05419921875}
{"event": "step", "step": 189500, "loss": 4.1865, "lr": 0.0003061399324338466, "gnorm": 1.45, "tok_per_s": 193622.2, "load": 5.8095703125}
{"event": "step", "step": 189600, "loss": 4.4443, "lr": 0.00030593065462553997, "gnorm": 1.401, "tok_per_s": 193681.2, "load": 5.58447265625}
{"event": "step", "step": 189700, "loss": 4.3341, "lr": 0.0003057249976646928, "gnorm": 1.563, "tok_per_s": 193694.9, "load": 5.53759765625}
{"event": "step", "step": 189800, "loss": 4.374, "lr": 0.00030552296210533325, "gnorm": 1.494, "tok_per_s": 193718.9, "load": 5.53759765625}
{"event": "step", "step": 189900, "loss": 4.5298, "lr": 0.0003053245484917339, "gnorm": 1.4, "tok_per_s": 193703.5, "load": 5.333984375}
{"event": "step", "step": 190000, "loss": 4.2821, "lr": 0.00030512975735840983, "gnorm": 1.328, "tok_per_s": 193692.9, "load": 5.22705078125}
{"event": "step", "step": 190100, "loss": 4.3772, "lr": 0.00030493858923011743, "gnorm": 1.473, "tok_per_s": 170404.6, "load": 5.04833984375}
{"event": "step", "step": 190200, "loss": 4.5021, "lr": 0.0003047510446218529, "gnorm": 1.89, "tok_per_s": 193699.0, "load": 4.96435546875}
{"event": "step", "step": 190300, "loss": 4.3037, "lr": 0.0003045671240388509, "gnorm": 1.752, "tok_per_s": 193668.7, "load": 4.88671875}
{"event": "step", "step": 190400, "loss": 4.2738, "lr": 0.00030438682797658315, "gnorm": 1.501, "tok_per_s": 193720.2, "load": 4.97607421875}
{"event": "step", "step": 190500, "loss": 4.3545, "lr": 0.00030421015692075733, "gnorm": 1.47, "tok_per_s": 193691.8, "load": 4.97607421875}
{"event": "step", "step": 190600, "loss": 4.3985, "lr": 0.00030403711134731505, "gnorm": 2.233, "tok_per_s": 193695.7, "load": 4.8974609375}
{"event": "step", "step": 190700, "loss": 4.4047, "lr": 0.00030386769172243165, "gnorm": 1.352, "tok_per_s": 193720.2, "load": 4.8251953125}
{"event": "step", "step": 190800, "loss": 4.3609, "lr": 0.00030370189850251395, "gnorm": 1.677, "tok_per_s": 193599.9, "load": 4.7587890625}
{"event": "step", "step": 190900, "loss": 4.3607, "lr": 0.00030353973213419975, "gnorm": 1.421, "tok_per_s": 193690.3, "load": 4.61767578125}
{"event": "step", "step": 191000, "loss": 4.2762, "lr": 0.0003033811930543559, "gnorm": 1.698, "tok_per_s": 193599.4, "load": 4.728515625}
{"event": "step", "step": 191100, "loss": 4.4517, "lr": 0.00030322628169007803, "gnorm": 1.408, "tok_per_s": 193461.4, "load": 4.509765625}
{"event": "step", "step": 191200, "loss": 4.4959, "lr": 0.00030307499845868836, "gnorm": 1.625, "tok_per_s": 193582.1, "load": 4.509765625}
{"event": "step", "step": 191300, "loss": 4.3323, "lr": 0.0003029273437677358, "gnorm": 1.532, "tok_per_s": 193621.3, "load": 4.30859375}
{"event": "step", "step": 191400, "loss": 4.4022, "lr": 0.0003027833180149936, "gnorm": 1.403, "tok_per_s": 193658.1, "load": 4.12353515625}
{"event": "step", "step": 191500, "loss": 4.2959, "lr": 0.00030264292158845913, "gnorm": 1.322, "tok_per_s": 193662.2, "load": 3.953125}
{"event": "step", "step": 191600, "loss": 4.5599, "lr": 0.00030250615486635256, "gnorm": 1.441, "tok_per_s": 193655.2, "load": 3.79638671875}
{"event": "step", "step": 191700, "loss": 4.4241, "lr": 0.0003023730182171156, "gnorm": 1.548, "tok_per_s": 193656.8, "load": 3.732421875}
{"event": "step", "step": 191800, "loss": 4.4926, "lr": 0.00030224351199941097, "gnorm": 1.532, "tok_per_s": 193635.6, "load": 3.732421875}
{"event": "step", "step": 191900, "loss": 4.275, "lr": 0.0003021176365621213, "gnorm": 1.442, "tok_per_s": 193629.8, "load": 3.9140625}
{"event": "step", "step": 192000, "loss": 4.5072, "lr": 0.00030199539224434784, "gnorm": 1.593, "tok_per_s": 193660.4, "load": 3.8408203125}
{"event": "step", "step": 192100, "loss": 4.612, "lr": 0.0003018767793754098, "gnorm": 2.889, "tok_per_s": 193656.8, "load": 3.7734375}
{"event": "step", "step": 192200, "loss": 4.18, "lr": 0.0003017617982748439, "gnorm": 1.371, "tok_per_s": 193635.9, "load": 3.71142578125}
{"event": "step", "step": 192300, "loss": 4.4037, "lr": 0.00030165044925240246, "gnorm": 1.45, "tok_per_s": 193688.5, "load": 3.654296875}
{"event": "step", "step": 192400, "loss": 4.1692, "lr": 0.0003015427326080538, "gnorm": 1.375, "tok_per_s": 193642.1, "load": 3.6015625}
{"event": "step", "step": 192500, "loss": 4.2654, "lr": 0.0003014386486319804, "gnorm": 1.478, "tok_per_s": 193666.2, "load": 3.6015625}
{"event": "step", "step": 192600, "loss": 4.3901, "lr": 0.0003013381976045785, "gnorm": 1.525, "tok_per_s": 193621.7, "load": 3.6337890625}
{"event": "step", "step": 192700, "loss": 4.5454, "lr": 0.00030124137979645774, "gnorm": 1.739, "tok_per_s": 193665.4, "load": 3.5029296875}
{"event": "step", "step": 192800, "loss": 4.4172, "lr": 0.00030114819546843993, "gnorm": 1.553, "tok_per_s": 193648.3, "load": 3.38232421875}
{"event": "step", "step": 192900, "loss": 4.407, "lr": 0.0003010586448715582, "gnorm": 2.054, "tok_per_s": 193664.3, "load": 3.271484375}
{"event": "step", "step": 193000, "loss": 4.455, "lr": 0.0003009727282470569, "gnorm": 1.626, "tok_per_s": 193642.2, "load": 3.16943359375}
{"event": "step", "step": 193100, "loss": 4.3543, "lr": 0.0003008904458263906, "gnorm": 1.416, "tok_per_s": 193643.5, "load": 3.15576171875}
{"event": "step", "step": 193200, "loss": 4.3097, "lr": 0.0003008117978312236, "gnorm": 1.453, "tok_per_s": 193643.2, "load": 3.15576171875}
{"event": "step", "step": 193300, "loss": 4.5199, "lr": 0.00030073678447342916, "gnorm": 1.985, "tok_per_s": 193708.3, "load": 3.2236328125}
{"event": "step", "step": 193400, "loss": 4.4829, "lr": 0.0003006654059550891, "gnorm": 1.579, "tok_per_s": 193675.3, "load": 3.20556640625}
{"event": "step", "step": 193500, "loss": 4.2975, "lr": 0.0003005976624684931, "gnorm": 1.536, "tok_per_s": 193691.2, "load": 3.26953125}
{"event": "step", "step": 193600, "loss": 4.4376, "lr": 0.0003005335541961382, "gnorm": 1.397, "tok_per_s": 193727.6, "load": 3.328125}
{"event": "step", "step": 193700, "loss": 4.2958, "lr": 0.00030047308131072865, "gnorm": 1.454, "tok_per_s": 193710.5, "load": 3.38232421875}
{"event": "step", "step": 193800, "loss": 4.5548, "lr": 0.0003004162439751751, "gnorm": 1.53, "tok_per_s": 193728.1, "load": 3.38232421875}
{"event": "step", "step": 193900, "loss": 4.5121, "lr": 0.0003003630423425939, "gnorm": 1.652, "tok_per_s": 193705.8, "load": 3.43212890625}
{"event": "step", "step": 194000, "loss": 4.4446, "lr": 0.0003003134765563074, "gnorm": 1.571, "tok_per_s": 193727.7, "load": 3.47802734375}
{"event": "step", "step": 194100, "loss": 4.2955, "lr": 0.00030026754674984305, "gnorm": 1.429, "tok_per_s": 193625.7, "load": 3.60009765625}
{"event": "step", "step": 194200, "loss": 4.317, "lr": 0.0003002252530469331, "gnorm": 1.542, "tok_per_s": 193649.9, "load": 3.5517578125}
{"event": "step", "step": 194300, "loss": 4.2342, "lr": 0.0003001865955615144, "gnorm": 1.456, "tok_per_s": 193691.6, "load": 3.50732421875}
{"event": "step", "step": 194400, "loss": 4.3992, "lr": 0.00030015157439772824, "gnorm": 1.505, "tok_per_s": 193669.2, "load": 4.267578125}
{"event": "step", "step": 194500, "loss": 4.3813, "lr": 0.00030012018964991954, "gnorm": 1.395, "tok_per_s": 193587.6, "load": 4.267578125}
{"event": "step", "step": 194600, "loss": 4.4706, "lr": 0.00030009244140263695, "gnorm": 1.505, "tok_per_s": 193693.8, "load": 4.24609375}
{"event": "step", "step": 194700, "loss": 4.4878, "lr": 0.00030006832973063284, "gnorm": 1.777, "tok_per_s": 193679.1, "load": 4.06591796875}
{"event": "step", "step": 194800, "loss": 4.3626, "lr": 0.0003000478546988627, "gnorm": 1.432, "tok_per_s": 193661.9, "load": 3.900390625}
{"event": "step", "step": 194900, "loss": 4.3529, "lr": 0.0003000310163624851, "gnorm": 1.488, "tok_per_s": 193706.8, "load": 3.828125}
{"event": "step", "step": 195000, "loss": 4.3949, "lr": 0.0003000178147668615, "gnorm": 1.413, "tok_per_s": 193677.2, "load": 3.92236328125}
{"event": "step", "step": 195100, "loss": 4.607, "lr": 0.0003000082499475563, "gnorm": 1.822, "tok_per_s": 171390.4, "load": 4.0087890625}
{"event": "step", "step": 195200, "loss": 4.5343, "lr": 0.0003000023219303366, "gnorm": 1.893, "tok_per_s": 193664.1, "load": 4.0087890625}
{"event": "step", "step": 195300, "loss": 4.6013, "lr": 0.0003000000307311722, "gnorm": 1.63, "tok_per_s": 193703.2, "load": 4.0078125}
{"event": "step", "step": 195312, "loss": 4.2849, "lr": 0.00030000000018184133, "gnorm": 1.347, "tok_per_s": 1620953.4, "load": 4.0078125}
FINAL w11_mq_d384_1600M {"bpb": 1.2833716117948277, "nats_per_token": 4.311933967902254, "tokens": 995323, "bytes": 4824566}
NEXT -> python3 track4_sdmonly_summary.py
