{"event": "start", "run": "vast_VC_d1024_s0_2500M", "arm": "sdm_ngram", "seed": 0, "cfg": {"d": 1024, "T": 256, "seed": 0, "M": 3600, "k": 32, "hops": 2, "softness": 0.5, "n_layer": 4, "M_big": 16384, "value_init": "s0", "qgrad": 1.0, "ngram_orders": [1], "f": 2752, "train_name": "train_big"}, "B": 32, "T": 256, "tokens_target": 2500000000, "steps": 305175, "lr": 0.003, "loss_path": "chunked", "store_lr_mult": 3.0, "store_wd": 0.0, "params": {"embedding": 132382720, "non_embedding_trainable": 22652928, "frozen_store_values": 0, "total_trainable": 155035648}, "flops_per_token_fwd": {"head": 264765440, "body": 30015488.0, "total": 294780928.0}, "device": "cuda", "stamp_start": {"utc": "2026-10-01T06:33:23Z", "load": [24.26, 21.35, 11.35], "ncpu": 128, "powermode": "unknown", "torch": "2.8.0+cu128", "host": "41ac7b578b34", "cuda": "12.8", "gpu": "NVIDIA GeForce RTX 5090", "driver": "570.181\n570.181\n570.181\n570.181", "mem_available_gb": 481.0}, "resumed_from_step": 0, "init": null, "train_name": "train_big"}
{"event": "step", "step": 200, "loss": 7.5164, "lr": 9.831230542356218e-05, "gnorm": 0.723, "tok_per_s": 92150.2, "load": 18.43603515625}
{"event": "step", "step": 400, "loss": 6.4842, "lr": 0.00019662461084712435, "gnorm": 0.657, "tok_per_s": 117106.6, "load": 15.08984375}
{"event": "step", "step": 600, "loss": 6.1806, "lr": 0.00029493691627068653, "gnorm": 0.692, "tok_per_s": 117163.9, "load": 13.38427734375}
{"event": "step", "step": 800, "loss": 5.7734, "lr": 0.0003932492216942487, "gnorm": 0.663, "tok_per_s": 116929.0, "load": 11.3046875}
{"event": "step", "step": 1000, "loss": 5.8154, "lr": 0.0004915615271178109, "gnorm": 0.669, "tok_per_s": 116781.7, "load": 9.759765625}
{"event": "step", "step": 1200, "loss": 5.7394, "lr": 0.0005898738325413731, "gnorm": 0.713, "tok_per_s": 116667.0, "load": 8.630859375}
{"event": "step", "step": 1400, "loss": 5.5601, "lr": 0.0006881861379649353, "gnorm": 0.689, "tok_per_s": 116470.2, "load": 7.6044921875}
{"event": "step", "step": 1600, "loss": 5.5887, "lr": 0.0007864984433884974, "gnorm": 0.694, "tok_per_s": 116264.6, "load": 6.80517578125}
{"event": "step", "step": 1800, "loss": 5.5068, "lr": 0.0008848107488120596, "gnorm": 0.649, "tok_per_s": 116205.7, "load": 6.373046875}
{"event": "step", "step": 2000, "loss": 5.7655, "lr": 0.0009831230542356219, "gnorm": 0.769, "tok_per_s": 116180.7, "load": 5.8466796875}
{"event": "step", "step": 2200, "loss": 5.4827, "lr": 0.0010814353596591841, "gnorm": 0.718, "tok_per_s": 100412.1, "load": 5.3955078125}
{"event": "step", "step": 2400, "loss": 5.3289, "lr": 0.0011797476650827461, "gnorm": 0.685, "tok_per_s": 116183.2, "load": 5.25439453125}
{"event": "step", "step": 2600, "loss": 5.232, "lr": 0.0012780599705063084, "gnorm": 0.648, "tok_per_s": 116144.5, "load": 4.9755859375}
{"event": "step", "step": 2800, "loss": 5.4157, "lr": 0.0013763722759298706, "gnorm": 0.567, "tok_per_s": 115932.7, "load": 4.7587890625}
{"event": "step", "step": 3000, "loss": 5.4969, "lr": 0.0014746845813534328, "gnorm": 0.572, "tok_per_s": 115788.4, "load": 4.67041015625}
{"event": "step", "step": 3200, "loss": 5.3126, "lr": 0.0015729968867769948, "gnorm": 0.562, "tok_per_s": 115786.7, "load": 4.521484375}
{"event": "step", "step": 3400, "loss": 5.3233, "lr": 0.0016713091922005573, "gnorm": 0.527, "tok_per_s": 115820.1, "load": 4.4052734375}
{"event": "step", "step": 3600, "loss": 5.1709, "lr": 0.0017696214976241193, "gnorm": 0.592, "tok_per_s": 115501.0, "load": 4.34228515625}
{"event": "step", "step": 3800, "loss": 5.3946, "lr": 0.0018679338030476815, "gnorm": 0.464, "tok_per_s": 115455.8, "load": 4.265625}
{"event": "step", "step": 4000, "loss": 5.419, "lr": 0.0019662461084712438, "gnorm": 0.498, "tok_per_s": 115476.5, "load": 4.2060546875}
{"event": "step", "step": 4200, "loss": 5.4884, "lr": 0.0020645584138948058, "gnorm": 0.736, "tok_per_s": 95243.9, "load": 4.22705078125}
{"event": "step", "step": 4400, "loss": 5.3264, "lr": 0.0021628707193183682, "gnorm": 0.448, "tok_per_s": 115618.5, "load": 4.43212890625}
{"event": "step", "step": 4600, "loss": 5.2131, "lr": 0.0022611830247419302, "gnorm": 0.388, "tok_per_s": 115595.8, "load": 4.41650390625}
{"event": "step", "step": 4800, "loss": 5.2462, "lr": 0.0023594953301654923, "gnorm": 0.393, "tok_per_s": 115560.9, "load": 4.32373046875}
{"event": "step", "step": 5000, "loss": 5.2665, "lr": 0.0024578076355890547, "gnorm": 0.385, "tok_per_s": 115560.6, "load": 4.25146484375}
{"event": "eval_quick", "step": 5000, "bpb": 1.758903921972896, "nats_per_token": 5.303307112003175, "tokens": 16379, "bytes": 71247}
{"event": "step", "step": 5200, "loss": 5.1125, "lr": 0.0025561199410126167, "gnorm": 0.353, "tok_per_s": 112976.8, "load": 4.1953125}
{"event": "step", "step": 5400, "loss": 5.395, "lr": 0.0026544322464361787, "gnorm": 0.358, "tok_per_s": 115775.8, "load": 4.287109375}
{"event": "step", "step": 5600, "loss": 5.0279, "lr": 0.002752744551859741, "gnorm": 0.353, "tok_per_s": 115892.6, "load": 4.22265625}
{"event": "step", "step": 5800, "loss": 5.2632, "lr": 0.0028510568572833036, "gnorm": 0.336, "tok_per_s": 115897.5, "load": 4.18798828125}
{"event": "step", "step": 6000, "loss": 5.2526, "lr": 0.0029493691627068656, "gnorm": 0.283, "tok_per_s": 115726.3, "load": 4.1455078125}
{"event": "step", "step": 6200, "loss": 5.1384, "lr": 0.002999999313572874, "gnorm": 0.304, "tok_per_s": 98557.8, "load": 8.23779296875}
{"event": "step", "step": 6400, "loss": 5.4625, "lr": 0.0029999934741801525, "gnorm": 0.306, "tok_per_s": 116133.0, "load": 7.7333984375}
{"event": "step", "step": 6600, "loss": 5.0802, "lr": 0.0029999816762491193, "gnorm": 0.337, "tok_per_s": 116114.4, "load": 7.041015625}
{"event": "step", "step": 6800, "loss": 5.3801, "lr": 0.0029999639198318474, "gnorm": 0.361, "tok_per_s": 116058.3, "load": 6.36669921875}
{"event": "step", "step": 7000, "loss": 5.1599, "lr": 0.0029999402050067086, "gnorm": 0.281, "tok_per_s": 116032.6, "load": 5.841796875}
{"event": "step", "step": 7200, "loss": 5.1279, "lr": 0.0029999105318783753, "gnorm": 0.254, "tok_per_s": 116021.0, "load": 5.43310546875}
{"event": "step", "step": 7400, "loss": 5.0193, "lr": 0.002999874900577817, "gnorm": 0.316, "tok_per_s": 116055.0, "load": 5.1884765625}
{"event": "step", "step": 7600, "loss": 5.0037, "lr": 0.002999833311262301, "gnorm": 0.292, "tok_per_s": 116071.1, "load": 5.00537109375}
{"event": "step", "step": 7800, "loss": 5.0233, "lr": 0.002999785764115393, "gnorm": 0.273, "tok_per_s": 115862.8, "load": 4.7822265625}
{"event": "step", "step": 8000, "loss": 5.0026, "lr": 0.0029997322593469542, "gnorm": 0.264, "tok_per_s": 115797.8, "load": 4.6083984375}
{"event": "step", "step": 8200, "loss": 5.1221, "lr": 0.0029996727971931415, "gnorm": 0.268, "tok_per_s": 98267.6, "load": 4.47314453125}
{"event": "step", "step": 8400, "loss": 4.9285, "lr": 0.0029996073779164053, "gnorm": 0.271, "tok_per_s": 115753.4, "load": 4.50390625}
{"event": "step", "step": 8600, "loss": 4.9997, "lr": 0.002999536001805491, "gnorm": 0.286, "tok_per_s": 115559.6, "load": 4.4599609375}
{"event": "step", "step": 8800, "loss": 4.9893, "lr": 0.002999458669175435, "gnorm": 0.26, "tok_per_s": 115565.5, "load": 4.357421875}
{"event": "step", "step": 9000, "loss": 5.027, "lr": 0.0029993753803675646, "gnorm": 0.272, "tok_per_s": 115560.3, "load": 4.27783203125}
{"event": "step", "step": 9200, "loss": 5.0823, "lr": 0.0029992861357494966, "gnorm": 0.309, "tok_per_s": 115570.0, "load": 4.2158203125}
{"event": "step", "step": 9400, "loss": 4.8778, "lr": 0.0029991909357151335, "gnorm": 0.278, "tok_per_s": 115547.9, "load": 4.248046875}
{"event": "step", "step": 9600, "loss": 4.9609, "lr": 0.0029990897806846653, "gnorm": 0.308, "tok_per_s": 115552.2, "load": 4.20947265625}
{"event": "step", "step": 9800, "loss": 5.1297, "lr": 0.0029989826711045654, "gnorm": 0.379, "tok_per_s": 115598.7, "load": 4.2431640625}
{"event": "step", "step": 10000, "loss": 4.8066, "lr": 0.002998869607447589, "gnorm": 0.262, "tok_per_s": 115563.1, "load": 4.18896484375}
{"event": "eval_quick", "step": 10000, "bpb": 1.7004759510674536, "nats_per_token": 5.127139744489895, "tokens": 16379, "bytes": 71247}
{"event": "step", "step": 10200, "loss": 5.1097, "lr": 0.0029987505902127716, "gnorm": 0.305, "tok_per_s": 94526.5, "load": 4.20263671875}
{"event": "step", "step": 10400, "loss": 5.1007, "lr": 0.0029986256199254252, "gnorm": 0.355, "tok_per_s": 115630.5, "load": 4.25146484375}
{"event": "step", "step": 10600, "loss": 5.06, "lr": 0.0029984946971371392, "gnorm": 0.279, "tok_per_s": 115597.9, "load": 4.423828125}
{"event": "step", "step": 10800, "loss": 5.0725, "lr": 0.0029983578224257726, "gnorm": 0.302, "tok_per_s": 115605.3, "load": 4.40380859375}
{"event": "step", "step": 11000, "loss": 5.0689, "lr": 0.002998214996395458, "gnorm": 0.292, "tok_per_s": 115581.7, "load": 4.38134765625}
{"event": "step", "step": 11200, "loss": 5.06, "lr": 0.002998066219676594, "gnorm": 0.301, "tok_per_s": 115604.6, "load": 4.29638671875}
{"event": "step", "step": 11400, "loss": 5.1086, "lr": 0.002997911492925843, "gnorm": 0.311, "tok_per_s": 115559.0, "load": 4.310546875}
{"event": "step", "step": 11600, "loss": 5.0262, "lr": 0.002997750816826133, "gnorm": 0.551, "tok_per_s": 115570.4, "load": 4.2626953125}
{"event": "step", "step": 11800, "loss": 5.053, "lr": 0.002997584192086648, "gnorm": 0.364, "tok_per_s": 115559.2, "load": 4.2841796875}
{"event": "step", "step": 12000, "loss": 5.0281, "lr": 0.0029974116194428275, "gnorm": 0.369, "tok_per_s": 115580.0, "load": 4.220703125}
{"event": "step", "step": 12200, "loss": 4.9501, "lr": 0.0029972330996563654, "gnorm": 0.289, "tok_per_s": 95343.5, "load": 4.3056640625}
{"event": "step", "step": 12400, "loss": 5.0823, "lr": 0.0029970486335152043, "gnorm": 0.34, "tok_per_s": 115632.6, "load": 4.2578125}
{"event": "step", "step": 12600, "loss": 5.0426, "lr": 0.0029968582218335305, "gnorm": 0.305, "tok_per_s": 115589.0, "load": 4.3359375}
{"event": "step", "step": 12800, "loss": 5.1874, "lr": 0.002996661865451777, "gnorm": 0.468, "tok_per_s": 115601.3, "load": 4.41552734375}
{"event": "step", "step": 13000, "loss": 4.9716, "lr": 0.00299645956523661, "gnorm": 0.299, "tok_per_s": 115635.7, "load": 4.32275390625}
{"event": "step", "step": 13200, "loss": 4.9233, "lr": 0.0029962513220809345, "gnorm": 0.312, "tok_per_s": 115631.9, "load": 4.33154296875}
{"event": "step", "step": 13400, "loss": 5.0248, "lr": 0.0029960371369038828, "gnorm": 0.352, "tok_per_s": 115629.7, "load": 4.3251953125}
{"event": "step", "step": 13600, "loss": 5.0144, "lr": 0.002995817010650817, "gnorm": 0.278, "tok_per_s": 115683.6, "load": 4.251953125}
{"event": "step", "step": 13800, "loss": 5.1358, "lr": 0.0029955909442933196, "gnorm": 0.401, "tok_per_s": 115685.1, "load": 4.212890625}
{"event": "step", "step": 14000, "loss": 4.9011, "lr": 0.002995358938829191, "gnorm": 0.298, "tok_per_s": 115718.3, "load": 4.2333984375}
{"event": "step", "step": 14200, "loss": 4.938, "lr": 0.0029951209952824467, "gnorm": 0.345, "tok_per_s": 93322.4, "load": 4.302734375}
{"event": "step", "step": 14400, "loss": 4.8769, "lr": 0.002994877114703311, "gnorm": 0.363, "tok_per_s": 115767.4, "load": 7.8515625}
{"event": "step", "step": 14600, "loss": 4.8895, "lr": 0.0029946272981682133, "gnorm": 0.362, "tok_per_s": 115851.2, "load": 7.33251953125}
{"event": "step", "step": 14800, "loss": 4.9692, "lr": 0.0029943715467797808, "gnorm": 0.338, "tok_per_s": 115849.8, "load": 6.66162109375}
{"event": "step", "step": 15000, "loss": 4.8535, "lr": 0.0029941098616668373, "gnorm": 0.352, "tok_per_s": 115564.3, "load": 6.298828125}
{"event": "eval_quick", "step": 15000, "bpb": 1.6806628958899048, "nats_per_token": 5.067400997466268, "tokens": 16379, "bytes": 71247}
{"event": "step", "step": 15200, "loss": 4.9931, "lr": 0.0029938422439843965, "gnorm": 0.287, "tok_per_s": 115348.7, "load": 5.99755859375}
{"event": "step", "step": 15400, "loss": 4.9229, "lr": 0.0029935686949136577, "gnorm": 0.284, "tok_per_s": 115882.3, "load": 5.75830078125}
{"event": "step", "step": 15600, "loss": 5.0085, "lr": 0.0029932892156619983, "gnorm": 0.59, "tok_per_s": 115873.7, "load": 5.3681640625}
{"event": "step", "step": 15800, "loss": 4.9205, "lr": 0.0029930038074629708, "gnorm": 0.382, "tok_per_s": 115897.6, "load": 5.1572265625}
{"event": "step", "step": 16000, "loss": 4.9433, "lr": 0.002992712471576297, "gnorm": 0.357, "tok_per_s": 115731.8, "load": 5.04833984375}
{"event": "step", "step": 16200, "loss": 5.0326, "lr": 0.002992415209287861, "gnorm": 0.515, "tok_per_s": 94650.6, "load": 4.90478515625}
{"event": "step", "step": 16400, "loss": 4.9989, "lr": 0.0029921120219097057, "gnorm": 0.382, "tok_per_s": 116053.1, "load": 4.9140625}
{"event": "step", "step": 16600, "loss": 4.8961, "lr": 0.0029918029107800256, "gnorm": 0.326, "tok_per_s": 116040.8, "load": 4.7734375}
{"event": "step", "step": 16800, "loss": 4.9492, "lr": 0.0029914878772631607, "gnorm": 0.285, "tok_per_s": 116037.0, "load": 4.76220703125}
{"event": "step", "step": 17000, "loss": 4.8882, "lr": 0.002991166922749591, "gnorm": 0.384, "tok_per_s": 116052.9, "load": 4.67333984375}
{"event": "step", "step": 17200, "loss": 4.9651, "lr": 0.0029908400486559315, "gnorm": 0.451, "tok_per_s": 116031.3, "load": 4.5234375}
{"event": "step", "step": 17400, "loss": 4.9117, "lr": 0.002990507256424923, "gnorm": 0.366, "tok_per_s": 116033.3, "load": 4.4072265625}
{"event": "step", "step": 17600, "loss": 5.0516, "lr": 0.0029901685475254283, "gnorm": 0.451, "tok_per_s": 116029.1, "load": 4.31640625}
{"event": "step", "step": 17800, "loss": 5.0887, "lr": 0.0029898239234524256, "gnorm": 0.356, "tok_per_s": 116002.1, "load": 4.267578125}
{"event": "step", "step": 18000, "loss": 4.9802, "lr": 0.002989473385727, "gnorm": 0.393, "tok_per_s": 116071.4, "load": 4.28173828125}
{"event": "step", "step": 18200, "loss": 4.9043, "lr": 0.0029891169358963387, "gnorm": 0.358, "tok_per_s": 96518.8, "load": 4.4169921875}
{"event": "step", "step": 18400, "loss": 5.0417, "lr": 0.002988754575533724, "gnorm": 0.336, "tok_per_s": 116137.6, "load": 4.32421875}
{"event": "step", "step": 18600, "loss": 5.0528, "lr": 0.002988386306238525, "gnorm": 0.287, "tok_per_s": 116118.1, "load": 4.2001953125}
{"event": "step", "step": 18800, "loss": 5.0742, "lr": 0.0029880121296361906, "gnorm": 0.282, "tok_per_s": 116073.8, "load": 4.2236328125}
{"event": "step", "step": 19000, "loss": 5.0156, "lr": 0.002987632047378245, "gnorm": 0.318, "tok_per_s": 115931.2, "load": 4.173828125}
{"event": "step", "step": 19200, "loss": 5.0131, "lr": 0.002987246061142277, "gnorm": 0.719, "tok_per_s": 115968.3, "load": 4.41845703125}
{"event": "step", "step": 19400, "loss": 4.9034, "lr": 0.002986854172631935, "gnorm": 0.308, "tok_per_s": 116054.5, "load": 4.40576171875}
{"event": "step", "step": 19600, "loss": 4.9503, "lr": 0.002986456383576918, "gnorm": 0.392, "tok_per_s": 116019.4, "load": 4.3955078125}
{"event": "step", "step": 19800, "loss": 4.9965, "lr": 0.002986052695732969, "gnorm": 0.432, "tok_per_s": 116118.5, "load": 4.4150390625}
{"event": "step", "step": 20000, "loss": 4.9966, "lr": 0.0029856431108818676, "gnorm": 0.344, "tok_per_s": 116319.5, "load": 4.98583984375}
{"event": "eval_quick", "step": 20000, "bpb": 1.6528381956712426, "nats_per_token": 4.983506175972281, "tokens": 16379, "bytes": 71247}
{"event": "step", "step": 20200, "loss": 4.9384, "lr": 0.002985227630831418, "gnorm": 0.306, "tok_per_s": 98078.4, "load": 4.70556640625}
{"event": "step", "step": 20400, "loss": 4.8666, "lr": 0.0029848062574154488, "gnorm": 0.37, "tok_per_s": 116415.1, "load": 4.5966796875}
{"event": "step", "step": 20600, "loss": 4.856, "lr": 0.002984378992493797, "gnorm": 0.352, "tok_per_s": 116355.1, "load": 4.4638671875}
{"event": "step", "step": 20800, "loss": 4.9091, "lr": 0.0029839458379523056, "gnorm": 0.365, "tok_per_s": 116327.7, "load": 4.5087890625}
{"event": "step", "step": 21000, "loss": 5.0382, "lr": 0.0029835067957028117, "gnorm": 0.305, "tok_per_s": 116294.2, "load": 4.4697265625}
{"event": "step", "step": 21200, "loss": 5.1517, "lr": 0.002983061867683139, "gnorm": 0.409, "tok_per_s": 116325.0, "load": 4.36474609375}
{"event": "step", "step": 21400, "loss": 4.8483, "lr": 0.0029826110558570907, "gnorm": 0.334, "tok_per_s": 116296.9, "load": 4.56787109375}
{"event": "step", "step": 21600, "loss": 5.0293, "lr": 0.0029821543622144384, "gnorm": 0.514, "tok_per_s": 116154.0, "load": 4.92919921875}
{"event": "step", "step": 21800, "loss": 4.9354, "lr": 0.0029816917887709156, "gnorm": 0.445, "tok_per_s": 116013.4, "load": 4.72265625}
{"event": "step", "step": 22000, "loss": 5.0079, "lr": 0.0029812233375682076, "gnorm": 0.384, "tok_per_s": 115966.6, "load": 4.63623046875}
{"event": "step", "step": 22200, "loss": 5.0385, "lr": 0.002980749010673942, "gnorm": 0.462, "tok_per_s": 94584.7, "load": 4.45458984375}
{"event": "step", "step": 22400, "loss": 4.8731, "lr": 0.0029802688101816816, "gnorm": 0.444, "tok_per_s": 116081.4, "load": 4.38427734375}
{"event": "step", "step": 22600, "loss": 4.9856, "lr": 0.0029797827382109124, "gnorm": 0.321, "tok_per_s": 116097.6, "load": 4.37890625}
{"event": "step", "step": 22800, "loss": 5.0265, "lr": 0.002979290796907036, "gnorm": 0.348, "tok_per_s": 116053.2, "load": 4.2939453125}
{"event": "step", "step": 23000, "loss": 4.993, "lr": 0.00297879298844136, "gnorm": 0.41, "tok_per_s": 116047.7, "load": 4.22802734375}
{"event": "step", "step": 23200, "loss": 4.7777, "lr": 0.0029782893150110887, "gnorm": 0.655, "tok_per_s": 116004.5, "load": 4.1767578125}
{"event": "step", "step": 23400, "loss": 5.0225, "lr": 0.0029777797788393123, "gnorm": 0.465, "tok_per_s": 115822.7, "load": 4.5810546875}
{"event": "step", "step": 23600, "loss": 4.9076, "lr": 0.0029772643821749977, "gnorm": 0.675, "tok_per_s": 116054.2, "load": 4.4912109375}
{"event": "step", "step": 23800, "loss": 4.9009, "lr": 0.0029767431272929787, "gnorm": 0.369, "tok_per_s": 115954.0, "load": 4.68994140625}
{"event": "step", "step": 24000, "loss": 4.9215, "lr": 0.0029762160164939454, "gnorm": 0.343, "tok_per_s": 116085.3, "load": 4.6044921875}
{"event": "step", "step": 24200, "loss": 4.8232, "lr": 0.0029756830521044356, "gnorm": 0.323, "tok_per_s": 95554.3, "load": 4.71630859375}
{"event": "step", "step": 24400, "loss": 4.9572, "lr": 0.002975144236476823, "gnorm": 0.321, "tok_per_s": 116126.9, "load": 4.6796875}
{"event": "step", "step": 24600, "loss": 4.9849, "lr": 0.0029745995719893054, "gnorm": 0.352, "tok_per_s": 116048.6, "load": 4.5283203125}
{"event": "step", "step": 24800, "loss": 4.9995, "lr": 0.0029740490610458987, "gnorm": 0.361, "tok_per_s": 116085.8, "load": 4.41064453125}
{"event": "step", "step": 25000, "loss": 4.9419, "lr": 0.0029734927060764225, "gnorm": 0.773, "tok_per_s": 116048.3, "load": 4.3193359375}
{"event": "eval_quick", "step": 25000, "bpb": 1.66128203466128, "nats_per_token": 5.008965367238537, "tokens": 16379, "bytes": 71247}
{"event": "step", "step": 25200, "loss": 4.8999, "lr": 0.00297293050953649, "gnorm": 0.404, "tok_per_s": 115874.4, "load": 4.24755859375}
{"event": "step", "step": 25400, "loss": 4.9117, "lr": 0.0029723624739074984, "gnorm": 0.369, "tok_per_s": 116339.6, "load": 4.19189453125}
{"event": "step", "step": 25600, "loss": 5.1326, "lr": 0.0029717886016966165, "gnorm": 0.513, "tok_per_s": 116321.0, "load": 4.24267578125}
{"event": "step", "step": 25800, "loss": 4.908, "lr": 0.0029712088954367754, "gnorm": 0.564, "tok_per_s": 116257.7, "load": 4.1884765625}
{"event": "step", "step": 26000, "loss": 5.077, "lr": 0.002970623357686655, "gnorm": 0.315, "tok_per_s": 116011.4, "load": 4.14599609375}
{"event": "step", "step": 26200, "loss": 5.0643, "lr": 0.0029700319910306748, "gnorm": 0.612, "tok_per_s": 95413.1, "load": 4.11279296875}
{"event": "step", "step": 26400, "loss": 4.9935, "lr": 0.0029694347980789813, "gnorm": 0.444, "tok_per_s": 116020.6, "load": 4.291015625}
{"event": "step", "step": 26600, "loss": 5.0478, "lr": 0.002968831781467437, "gnorm": 0.667, "tok_per_s": 116103.0, "load": 4.84228515625}
{"event": "step", "step": 26800, "loss": 4.8479, "lr": 0.002968222943857609, "gnorm": 0.394, "tok_per_s": 116063.9, "load": 4.87109375}
{"event": "step", "step": 27000, "loss": 4.9789, "lr": 0.002967608287936755, "gnorm": 0.492, "tok_per_s": 116050.7, "load": 4.677734375}
{"event": "step", "step": 27200, "loss": 4.9359, "lr": 0.002966987816417816, "gnorm": 0.642, "tok_per_s": 116034.3, "load": 4.52685546875}
{"event": "step", "step": 27400, "loss": 5.0381, "lr": 0.0029663615320393998, "gnorm": 0.591, "tok_per_s": 115983.3, "load": 4.4775390625}
{"event": "step", "step": 27600, "loss": 5.102, "lr": 0.002965729437565771, "gnorm": 0.356, "tok_per_s": 116002.6, "load": 4.40380859375}
{"event": "step", "step": 27800, "loss": 4.7337, "lr": 0.0029650915357868394, "gnorm": 0.451, "tok_per_s": 115970.3, "load": 4.31396484375}
{"event": "step", "step": 28000, "loss": 4.9516, "lr": 0.002964447829518146, "gnorm": 0.307, "tok_per_s": 115977.1, "load": 4.404296875}
{"event": "step", "step": 28200, "loss": 4.9316, "lr": 0.0029637983216008507, "gnorm": 0.579, "tok_per_s": 95588.0, "load": 4.31396484375}
{"event": "step", "step": 28400, "loss": 4.9536, "lr": 0.002963143014901722, "gnorm": 0.365, "tok_per_s": 116083.6, "load": 4.31201171875}
{"event": "step", "step": 28600, "loss": 4.7707, "lr": 0.002962481912313122, "gnorm": 0.43, "tok_per_s": 115976.1, "load": 4.322265625}
{"event": "step", "step": 28800, "loss": 5.0559, "lr": 0.002961815016752995, "gnorm": 0.715, "tok_per_s": 115944.0, "load": 10.89794921875}
{"event": "step", "step": 29000, "loss": 4.9876, "lr": 0.002961142331164852, "gnorm": 0.4, "tok_per_s": 116043.7, "load": 9.43701171875}
{"event": "step", "step": 29200, "loss": 5.0419, "lr": 0.002960463858517763, "gnorm": 0.624, "tok_per_s": 116051.8, "load": 8.23193359375}
{"event": "step", "step": 29400, "loss": 4.9991, "lr": 0.0029597796018063388, "gnorm": 0.679, "tok_per_s": 115973.0, "load": 7.80810546875}
{"event": "step", "step": 29600, "loss": 4.9303, "lr": 0.0029590895640507187, "gnorm": 0.52, "tok_per_s": 115979.9, "load": 6.9638671875}
{"event": "step", "step": 29800, "loss": 5.0441, "lr": 0.00295839374829656, "gnorm": 0.361, "tok_per_s": 115954.2, "load": 6.30615234375}
{"event": "step", "step": 30000, "loss": 5.1986, "lr": 0.0029576921576150218, "gnorm": 0.59, "tok_per_s": 115953.5, "load": 5.794921875}
{"event": "eval_quick", "step": 30000, "bpb": 1.6583281029221586, "nats_per_token": 5.00005890736614, "tokens": 16379, "bytes": 71247}
{"event": "step", "step": 30200, "loss": 5.0064, "lr": 0.002956984795102752, "gnorm": 0.687, "tok_per_s": 94918.6, "load": 5.396484375}
{"event": "step", "step": 30400, "loss": 4.8247, "lr": 0.002956271663881875, "gnorm": 0.266, "tok_per_s": 116076.7, "load": 5.08642578125}
{"event": "step", "step": 30600, "loss": 5.0173, "lr": 0.0029555527670999753, "gnorm": 0.42, "tok_per_s": 116086.9, "load": 4.84521484375}
{"event": "step", "step": 30800, "loss": 4.9228, "lr": 0.0029548281079300864, "gnorm": 0.598, "tok_per_s": 116041.4, "load": 4.6572265625}
{"event": "step", "step": 31000, "loss": 4.9568, "lr": 0.002954097689570676, "gnorm": 0.43, "tok_per_s": 116021.5, "load": 4.5107421875}
{"event": "step", "step": 31200, "loss": 5.0013, "lr": 0.0029533615152456294, "gnorm": 0.565, "tok_per_s": 115863.9, "load": 4.69873046875}
{"event": "step", "step": 31400, "loss": 5.053, "lr": 0.002952619588204239, "gnorm": 0.354, "tok_per_s": 116017.1, "load": 4.5908203125}
{"event": "step", "step": 31600, "loss": 4.8773, "lr": 0.0029518719117211877, "gnorm": 0.389, "tok_per_s": 115926.5, "load": 4.7001953125}
{"event": "step", "step": 31800, "loss": 4.9673, "lr": 0.0029511184890965354, "gnorm": 0.443, "tok_per_s": 116028.7, "load": 7.33544921875}
{"event": "step", "step": 32000, "loss": 4.884, "lr": 0.002950359323655704, "gnorm": 0.502, "tok_per_s": 116027.5, "load": 6.595703125}
{"event": "step", "step": 32200, "loss": 5.0163, "lr": 0.0029495944187494616, "gnorm": 0.469, "tok_per_s": 95481.7, "load": 6.02001953125}
{"event": "step", "step": 32400, "loss": 4.8646, "lr": 0.002948823777753911, "gnorm": 0.368, "tok_per_s": 116040.0, "load": 5.6455078125}
{"event": "step", "step": 32600, "loss": 4.9166, "lr": 0.0029480474040704707, "gnorm": 0.812, "tok_per_s": 116110.8, "load": 5.34814453125}
{"event": "step", "step": 32800, "loss": 4.8307, "lr": 0.002947265301125863, "gnorm": 0.386, "tok_per_s": 116096.6, "load": 5.048828125}
{"event": "step", "step": 33000, "loss": 4.8249, "lr": 0.0029464774723720975, "gnorm": 0.979, "tok_per_s": 116050.9, "load": 4.8154296875}
{"event": "step", "step": 33200, "loss": 4.9879, "lr": 0.0029456839212864566, "gnorm": 0.397, "tok_per_s": 116057.2, "load": 4.63427734375}
{"event": "step", "step": 33400, "loss": 4.9779, "lr": 0.0029448846513714776, "gnorm": 1.058, "tok_per_s": 116023.1, "load": 4.5361328125}
{"event": "step", "step": 33600, "loss": 5.1148, "lr": 0.002944079666154942, "gnorm": 1.264, "tok_per_s": 116053.8, "load": 4.49755859375}
{"event": "step", "step": 33800, "loss": 4.953, "lr": 0.002943268969189856, "gnorm": 0.493, "tok_per_s": 116004.9, "load": 4.46728515625}
{"event": "step", "step": 34000, "loss": 5.0038, "lr": 0.002942452564054436, "gnorm": 0.481, "tok_per_s": 116022.4, "load": 6.076171875}
{"event": "step", "step": 34200, "loss": 5.1442, "lr": 0.002941630454352092, "gnorm": 0.449, "tok_per_s": 95222.2, "load": 5.615234375}
{"event": "step", "step": 34400, "loss": 5.0817, "lr": 0.0029408026437114155, "gnorm": 0.679, "tok_per_s": 116165.9, "load": 5.2568359375}
{"event": "step", "step": 34600, "loss": 4.7895, "lr": 0.002939969135786157, "gnorm": 0.612, "tok_per_s": 116181.1, "load": 4.9775390625}
{"event": "step", "step": 34800, "loss": 5.0291, "lr": 0.002939129934255215, "gnorm": 0.54, "tok_per_s": 116163.2, "load": 4.908203125}
{"event": "step", "step": 35000, "loss": 5.0188, "lr": 0.002938285042822619, "gnorm": 0.938, "tok_per_s": 116146.6, "load": 4.70654296875}
{"event": "eval_quick", "step": 35000, "bpb": 1.6503761772132992, "nats_per_token": 4.976082893873253, "tokens": 16379, "bytes": 71247}
{"event": "step", "step": 35200, "loss": 4.9201, "lr": 0.0029374344652175104, "gnorm": 0.492, "tok_per_s": 115654.0, "load": 4.54931640625}
{"event": "step", "step": 35400, "loss": 5.1124, "lr": 0.0029365782051941295, "gnorm": 0.775, "tok_per_s": 116130.6, "load": 4.46435546875}
{"event": "step", "step": 35600, "loss": 4.942, "lr": 0.0029357162665317976, "gnorm": 0.604, "tok_per_s": 116159.4, "load": 4.36083984375}
{"event": "step", "step": 35800, "loss": 4.9568, "lr": 0.002934848653034898, "gnorm": 0.84, "tok_per_s": 116049.9, "load": 4.44091796875}
{"event": "step", "step": 36000, "loss": 5.02, "lr": 0.002933975368532864, "gnorm": 0.678, "tok_per_s": 116036.0, "load": 4.41064453125}
{"event": "step", "step": 36200, "loss": 4.9685, "lr": 0.0029330964168801576, "gnorm": 1.456, "tok_per_s": 95767.5, "load": 4.3193359375}
{"event": "step", "step": 36400, "loss": 5.0276, "lr": 0.0029322118019562545, "gnorm": 0.553, "tok_per_s": 116130.5, "load": 4.328125}
{"event": "step", "step": 36600, "loss": 4.9762, "lr": 0.002931321527665627, "gnorm": 0.645, "tok_per_s": 116106.0, "load": 4.458984375}
{"event": "step", "step": 36800, "loss": 4.9911, "lr": 0.002930425597937726, "gnorm": 0.492, "tok_per_s": 116115.5, "load": 4.3564453125}
{"event": "step", "step": 37000, "loss": 4.9506, "lr": 0.002929524016726965, "gnorm": 0.544, "tok_per_s": 116096.9, "load": 4.27685546875}
{"event": "step", "step": 37200, "loss": 4.9837, "lr": 0.0029286167880127004, "gnorm": 0.928, "tok_per_s": 116113.1, "load": 4.21484375}
{"event": "step", "step": 37400, "loss": 5.0094, "lr": 0.002927703915799217, "gnorm": 0.511, "tok_per_s": 116074.5, "load": 4.18115234375}
{"event": "step", "step": 37600, "loss": 5.0018, "lr": 0.0029267854041157065, "gnorm": 1.377, "tok_per_s": 116149.3, "load": 4.14013671875}
{"event": "step", "step": 37800, "loss": 4.8654, "lr": 0.0029258612570162543, "gnorm": 0.391, "tok_per_s": 116172.8, "load": 4.18896484375}
{"event": "step", "step": 38000, "loss": 4.8103, "lr": 0.002924931478579817, "gnorm": 0.383, "tok_per_s": 116088.1, "load": 4.146484375}
{"event": "step", "step": 38200, "loss": 4.9359, "lr": 0.002923996072910207, "gnorm": 0.569, "tok_per_s": 95742.0, "load": 4.11279296875}
{"event": "step", "step": 38400, "loss": 5.1585, "lr": 0.0029230550441360745, "gnorm": 0.727, "tok_per_s": 116115.2, "load": 4.08740234375}
{"event": "step", "step": 38600, "loss": 5.0248, "lr": 0.0029221083964108894, "gnorm": 1.99, "tok_per_s": 115998.9, "load": 4.5419921875}
{"event": "step", "step": 38800, "loss": 5.0884, "lr": 0.0029211561339129205, "gnorm": 0.479, "tok_per_s": 116112.8, "load": 4.55712890625}
{"event": "step", "step": 39000, "loss": 4.9206, "lr": 0.0029201982608452193, "gnorm": 0.504, "tok_per_s": 116093.3, "load": 4.4326171875}
{"event": "step", "step": 39200, "loss": 4.8607, "lr": 0.002919234781435602, "gnorm": 0.926, "tok_per_s": 116084.5, "load": 4.36572265625}
{"event": "step", "step": 39400, "loss": 4.8673, "lr": 0.0029182656999366297, "gnorm": 0.896, "tok_per_s": 116117.4, "load": 4.2841796875}
{"event": "step", "step": 39600, "loss": 5.0569, "lr": 0.0029172910206255874, "gnorm": 0.736, "tok_per_s": 116084.2, "load": 4.294921875}
{"event": "step", "step": 39800, "loss": 4.8826, "lr": 0.002916310747804471, "gnorm": 0.763, "tok_per_s": 116082.8, "load": 4.22900390625}
{"event": "step", "step": 40000, "loss": 4.8812, "lr": 0.002915324885799962, "gnorm": 0.599, "tok_per_s": 115992.7, "load": 4.3876953125}
{"event": "eval_quick", "step": 40000, "bpb": 1.6443674632070773, "nats_per_token": 4.957965897643324, "tokens": 16379, "bytes": 71247}
{"event": "step", "step": 40200, "loss": 5.0754, "lr": 0.0029143334389634123, "gnorm": 0.599, "tok_per_s": 95110.4, "load": 4.36962890625}
{"event": "step", "step": 40400, "loss": 4.9729, "lr": 0.0029133364116708245, "gnorm": 0.796, "tok_per_s": 116132.1, "load": 4.287109375}
{"event": "step", "step": 40600, "loss": 4.7472, "lr": 0.00291233380832283, "gnorm": 1.069, "tok_per_s": 116094.9, "load": 4.291015625}
{"event": "step", "step": 40800, "loss": 5.0639, "lr": 0.002911325633344674, "gnorm": 2.101, "tok_per_s": 116121.6, "load": 4.3740234375}
{"event": "step", "step": 41000, "loss": 4.9224, "lr": 0.0029103118911861913, "gnorm": 1.961, "tok_per_s": 116101.8, "load": 4.3642578125}
{"event": "step", "step": 41200, "loss": 4.9085, "lr": 0.0029092925863217906, "gnorm": 0.801, "tok_per_s": 115954.0, "load": 4.46875}
{"event": "step", "step": 41400, "loss": 4.9174, "lr": 0.0029082677232504313, "gnorm": 1.001, "tok_per_s": 116121.9, "load": 4.91357421875}
{"event": "step", "step": 41600, "loss": 4.9644, "lr": 0.002907237306495607, "gnorm": 1.698, "tok_per_s": 116106.3, "load": 4.7109375}
{"event": "step", "step": 41800, "loss": 4.9398, "lr": 0.002906201340605323, "gnorm": 0.542, "tok_per_s": 116106.9, "load": 4.626953125}
{"event": "step", "step": 42000, "loss": 4.9842, "lr": 0.0029051598301520773, "gnorm": 0.515, "tok_per_s": 116079.5, "load": 4.48779296875}
{"event": "step", "step": 42200, "loss": 4.8296, "lr": 0.0029041127797328407, "gnorm": 1.248, "tok_per_s": 95508.6, "load": 4.37939453125}
{"event": "step", "step": 42400, "loss": 5.1075, "lr": 0.0029030601939690343, "gnorm": 1.166, "tok_per_s": 116123.9, "load": 4.36865234375}
{"event": "step", "step": 42600, "loss": 5.0405, "lr": 0.002902002077506513, "gnorm": 1.501, "tok_per_s": 116147.3, "load": 4.2861328125}
{"event": "step", "step": 42800, "loss": 5.0203, "lr": 0.0029009384350155423, "gnorm": 1.195, "tok_per_s": 116119.2, "load": 4.22216796875}
{"event": "step", "step": 43000, "loss": 4.8942, "lr": 0.002899869271190777, "gnorm": 1.049, "tok_per_s": 116061.6, "load": 4.53662109375}
{"event": "step", "step": 43200, "loss": 4.9965, "lr": 0.002898794590751243, "gnorm": 1.335, "tok_per_s": 116117.5, "load": 4.45361328125}
{"event": "step", "step": 43400, "loss": 5.0363, "lr": 0.002897714398440315, "gnorm": 0.869, "tok_per_s": 116101.2, "load": 4.3525390625}
{"event": "step", "step": 43600, "loss": 4.9648, "lr": 0.002896628699025695, "gnorm": 1.185, "tok_per_s": 116095.4, "load": 4.27392578125}
{"event": "step", "step": 43800, "loss": 5.0036, "lr": 0.002895537497299393, "gnorm": 1.163, "tok_per_s": 116074.1, "load": 4.28076171875}
{"event": "step", "step": 44000, "loss": 5.0898, "lr": 0.002894440798077704, "gnorm": 0.742, "tok_per_s": 116109.3, "load": 4.2177734375}
{"event": "step", "step": 44200, "loss": 5.006, "lr": 0.0028933386062011883, "gnorm": 0.559, "tok_per_s": 95788.5, "load": 4.2431640625}
{"event": "step", "step": 44400, "loss": 5.0981, "lr": 0.002892230926534649, "gnorm": 0.665, "tok_per_s": 116169.8, "load": 4.18896484375}
{"event": "step", "step": 44600, "loss": 5.0855, "lr": 0.00289111776396711, "gnorm": 0.998, "tok_per_s": 116141.5, "load": 4.146484375}
{"event": "step", "step": 44800, "loss": 5.0686, "lr": 0.002889999123411798, "gnorm": 2.031, "tok_per_s": 116143.0, "load": 4.11279296875}
{"event": "step", "step": 45000, "loss": 4.9205, "lr": 0.0028888750098061155, "gnorm": 1.337, "tok_per_s": 116125.8, "load": 4.08740234375}
{"event": "eval_quick", "step": 45000, "bpb": 1.6598345329655797, "nats_per_token": 5.004600975334269, "tokens": 16379, "bytes": 71247}
{"event": "step", "step": 45200, "loss": 4.8974, "lr": 0.002887745428111623, "gnorm": 1.231, "tok_per_s": 115615.4, "load": 4.0732421875}
{"event": "step", "step": 45400, "loss": 5.1188, "lr": 0.002886610383314016, "gnorm": 1.203, "tok_per_s": 116122.4, "load": 4.05615234375}
{"event": "step", "step": 45600, "loss": 4.7662, "lr": 0.002885469880423102, "gnorm": 1.422, "tok_per_s": 116092.5, "load": 4.12353515625}
{"event": "step", "step": 45800, "loss": 4.9032, "lr": 0.002884323924472779, "gnorm": 0.798, "tok_per_s": 116139.5, "load": 4.09521484375}
{"event": "step", "step": 46000, "loss": 5.0001, "lr": 0.002883172520521015, "gnorm": 2.659, "tok_per_s": 116056.0, "load": 13.35107421875}
{"event": "step", "step": 46200, "loss": 5.017, "lr": 0.0028820156736498225, "gnorm": 1.115, "tok_per_s": 93215.2, "load": 11.494140625}
{"event": "step", "step": 46400, "loss": 5.0554, "lr": 0.002880853388965238, "gnorm": 0.397, "tok_per_s": 116174.4, "load": 9.83349609375}
{"event": "step", "step": 46600, "loss": 5.0476, "lr": 0.0028796856715973007, "gnorm": 0.602, "tok_per_s": 116151.3, "load": 8.54052734375}
{"event": "step", "step": 46800, "loss": 5.0116, "lr": 0.002878512526700026, "gnorm": 0.89, "tok_per_s": 116175.8, "load": 7.5341796875}
{"event": "step", "step": 47000, "loss": 5.0364, "lr": 0.002877333959451387, "gnorm": 0.764, "tok_per_s": 116122.4, "load": 6.75048828125}
{"event": "step", "step": 47200, "loss": 4.8984, "lr": 0.0028761499750532883, "gnorm": 0.604, "tok_per_s": 116117.2, "load": 6.55419921875}
{"event": "step", "step": 47400, "loss": 4.9176, "lr": 0.002874960578731545, "gnorm": 1.3, "tok_per_s": 116084.8, "load": 6.0556640625}
{"event": "step", "step": 47600, "loss": 4.9638, "lr": 0.0028737657757358604, "gnorm": 1.317, "tok_per_s": 116109.2, "load": 5.6669921875}
{"event": "step", "step": 47800, "loss": 5.0085, "lr": 0.0028725655713397985, "gnorm": 0.951, "tok_per_s": 116093.4, "load": 5.36474609375}
{"event": "step", "step": 48000, "loss": 4.9737, "lr": 0.002871359970840767, "gnorm": 1.227, "tok_per_s": 116086.5, "load": 5.06201171875}
{"event": "step", "step": 48200, "loss": 5.0309, "lr": 0.002870148979559988, "gnorm": 2.009, "tok_per_s": 94619.6, "load": 5.12158203125}
{"event": "step", "step": 48400, "loss": 5.152, "lr": 0.0028689326028424797, "gnorm": 0.837, "tok_per_s": 116141.5, "load": 4.87255859375}
{"event": "step", "step": 48600, "loss": 5.0503, "lr": 0.0028677108460570286, "gnorm": 1.667, "tok_per_s": 116004.6, "load": 4.98046875}
{"event": "step", "step": 48800, "loss": 4.9048, "lr": 0.002866483714596167, "gnorm": 3.545, "tok_per_s": 116155.1, "load": 4.7626953125}
{"event": "step", "step": 49000, "loss": 5.0436, "lr": 0.0028652512138761517, "gnorm": 1.732, "tok_per_s": 116164.7, "load": 4.59326171875}
{"event": "step", "step": 49200, "loss": 5.1704, "lr": 0.0028640133493369364, "gnorm": 1.619, "tok_per_s": 116145.6, "load": 4.58203125}
{"event": "step", "step": 49400, "loss": 4.8688, "lr": 0.0028627701264421503, "gnorm": 1.567, "tok_per_s": 116149.9, "load": 4.533203125}
{"event": "step", "step": 49600, "loss": 4.9202, "lr": 0.0028615215506790728, "gnorm": 0.99, "tok_per_s": 116107.9, "load": 4.41455078125}
{"event": "step", "step": 49800, "loss": 4.9017, "lr": 0.002860267627558608, "gnorm": 1.078, "tok_per_s": 116115.9, "load": 4.322265625}
{"event": "step", "step": 50000, "loss": 4.8214, "lr": 0.002859008362615265, "gnorm": 0.712, "tok_per_s": 116120.8, "load": 4.25048828125}
{"event": "eval_quick", "step": 50000, "bpb": 1.6508393777559232, "nats_per_token": 4.977479499282618, "tokens": 16379, "bytes": 71247}
{"event": "step", "step": 50200, "loss": 4.9673, "lr": 0.0028577437614071286, "gnorm": 0.453, "tok_per_s": 94093.3, "load": 10.64404296875}
{"event": "step", "step": 50400, "loss": 5.019, "lr": 0.002856473829515836, "gnorm": 1.388, "tok_per_s": 116179.3, "load": 9.17138671875}
{"event": "step", "step": 50600, "loss": 5.0932, "lr": 0.0028551985725465538, "gnorm": 0.728, "tok_per_s": 116146.2, "load": 8.02490234375}
{"event": "step", "step": 50800, "loss": 4.934, "lr": 0.0028539179961279515, "gnorm": 1.015, "tok_per_s": 116155.5, "load": 7.37255859375}
{"event": "step", "step": 51000, "loss": 5.0488, "lr": 0.0028526321059121782, "gnorm": 2.634, "tok_per_s": 116146.5, "load": 6.6923828125}
{"event": "step", "step": 51200, "loss": 4.9009, "lr": 0.002851340907574836, "gnorm": 0.515, "tok_per_s": 116132.8, "load": 6.3515625}
{"event": "step", "step": 51400, "loss": 4.8508, "lr": 0.0028500444068149558, "gnorm": 1.178, "tok_per_s": 116140.6, "load": 5.830078125}
{"event": "step", "step": 51600, "loss": 4.9772, "lr": 0.0028487426093549723, "gnorm": 1.033, "tok_per_s": 116120.5, "load": 5.423828125}
{"event": "step", "step": 51800, "loss": 4.8496, "lr": 0.0028474355209406987, "gnorm": 1.968, "tok_per_s": 116118.0, "load": 5.10791015625}
{"event": "step", "step": 52000, "loss": 5.0596, "lr": 0.002846123147341301, "gnorm": 0.918, "tok_per_s": 116104.9, "load": 4.86181640625}
{"event": "step", "step": 52200, "loss": 5.1459, "lr": 0.0028448054943492718, "gnorm": 0.951, "tok_per_s": 95169.3, "load": 4.74462890625}
{"event": "step", "step": 52400, "loss": 4.7686, "lr": 0.002843482567780408, "gnorm": 0.918, "tok_per_s": 116134.2, "load": 4.72119140625}
{"event": "step", "step": 52600, "loss": 4.9035, "lr": 0.00284215437347378, "gnorm": 2.59, "tok_per_s": 116146.6, "load": 4.560546875}
{"event": "step", "step": 52800, "loss": 5.0126, "lr": 0.0028408209172917104, "gnorm": 0.524, "tok_per_s": 116117.9, "load": 4.43603515625}
{"event": "step", "step": 53000, "loss": 5.1, "lr": 0.0028394822051197462, "gnorm": 1.333, "tok_per_s": 116130.8, "load": 4.3388671875}
{"event": "step", "step": 53200, "loss": 5.0876, "lr": 0.0028381382428666322, "gnorm": 1.935, "tok_per_s": 116115.0, "load": 4.44677734375}
{"event": "step", "step": 53400, "loss": 4.8483, "lr": 0.0028367890364642875, "gnorm": 0.759, "tok_per_s": 116073.1, "load": 4.34716796875}
{"event": "step", "step": 53600, "loss": 5.0551, "lr": 0.0028354345918677752, "gnorm": 1.145, "tok_per_s": 115977.5, "load": 4.47998046875}
{"event": "step", "step": 53800, "loss": 5.1642, "lr": 0.0028340749150552805, "gnorm": 0.825, "tok_per_s": 116115.0, "load": 4.373046875}
{"event": "step", "step": 54000, "loss": 5.0703, "lr": 0.002832710012028082, "gnorm": 0.891, "tok_per_s": 116120.0, "load": 4.35791015625}
{"event": "step", "step": 54200, "loss": 4.9272, "lr": 0.002831339888810524, "gnorm": 1.18, "tok_per_s": 95314.4, "load": 4.2783203125}
{"event": "step", "step": 54400, "loss": 4.9093, "lr": 0.002829964551449993, "gnorm": 1.605, "tok_per_s": 116177.8, "load": 4.52490234375}
{"event": "step", "step": 54600, "loss": 4.9282, "lr": 0.0028285840060168896, "gnorm": 1.058, "tok_per_s": 116155.3, "load": 4.40771484375}
{"event": "step", "step": 54800, "loss": 4.7905, "lr": 0.0028271982586045995, "gnorm": 1.278, "tok_per_s": 116145.1, "load": 4.31689453125}
{"event": "step", "step": 55000, "loss": 5.0931, "lr": 0.0028258073153294714, "gnorm": 1.528, "tok_per_s": 116152.1, "load": 4.26806640625}
{"event": "eval_quick", "step": 55000, "bpb": 1.6534595931205005, "nats_per_token": 4.985379764103425, "tokens": 16379, "bytes": 71247}
{"event": "step", "step": 55200, "loss": 4.8448, "lr": 0.0028244111823307856, "gnorm": 1.906, "tok_per_s": 115648.0, "load": 4.2080078125}
{"event": "step", "step": 55400, "loss": 5.093, "lr": 0.0028230098657707286, "gnorm": 1.14, "tok_per_s": 116161.8, "load": 4.1611328125}
{"event": "step", "step": 55600, "loss": 4.9367, "lr": 0.0028216033718343665, "gnorm": 1.321, "tok_per_s": 116106.1, "load": 4.12451171875}
{"event": "step", "step": 55800, "loss": 4.8217, "lr": 0.002820191706729616, "gnorm": 1.557, "tok_per_s": 116035.8, "load": 4.09619140625}
{"event": "step", "step": 56000, "loss": 5.1386, "lr": 0.00281877487668722, "gnorm": 0.484, "tok_per_s": 116000.4, "load": 4.302734375}
{"event": "step", "step": 56200, "loss": 4.8447, "lr": 0.0028173528879607166, "gnorm": 1.082, "tok_per_s": 95669.4, "load": 4.30322265625}
{"event": "step", "step": 56400, "loss": 4.8662, "lr": 0.0028159257468264123, "gnorm": 0.662, "tok_per_s": 116044.5, "load": 4.5439453125}
{"event": "step", "step": 56600, "loss": 4.8222, "lr": 0.002814493459583357, "gnorm": 1.997, "tok_per_s": 116181.2, "load": 11.33544921875}
{"event": "step", "step": 56800, "loss": 4.8081, "lr": 0.0028130560325533138, "gnorm": 1.277, "tok_per_s": 116188.2, "load": 9.7099609375}
{"event": "step", "step": 57000, "loss": 5.0491, "lr": 0.00281161347208073, "gnorm": 1.702, "tok_per_s": 116162.1, "load": 8.83154296875}
{"event": "step", "step": 57200, "loss": 5.1149, "lr": 0.0028101657845327134, "gnorm": 1.413, "tok_per_s": 116037.6, "load": 8.0009765625}
{"event": "step", "step": 57400, "loss": 5.043, "lr": 0.0028087129762989983, "gnorm": 1.081, "tok_per_s": 116014.8, "load": 7.181640625}
{"event": "step", "step": 57600, "loss": 5.0154, "lr": 0.0028072550537919234, "gnorm": 1.731, "tok_per_s": 116107.7, "load": 6.4765625}
{"event": "step", "step": 57800, "loss": 4.9524, "lr": 0.002805792023446398, "gnorm": 1.285, "tok_per_s": 116109.2, "load": 5.92724609375}
{"event": "step", "step": 58000, "loss": 4.8658, "lr": 0.002804323891719878, "gnorm": 1.337, "tok_per_s": 116070.5, "load": 5.57958984375}
{"event": "step", "step": 58200, "loss": 4.9591, "lr": 0.0028028506650923345, "gnorm": 1.127, "tok_per_s": 95473.9, "load": 5.228515625}
{"event": "step", "step": 58400, "loss": 5.231, "lr": 0.0028013723500662268, "gnorm": 0.726, "tok_per_s": 116169.4, "load": 4.95556640625}
{"event": "step", "step": 58600, "loss": 4.9754, "lr": 0.0027998889531664723, "gnorm": 1.169, "tok_per_s": 116094.4, "load": 4.7431640625}
{"event": "step", "step": 58800, "loss": 5.0402, "lr": 0.0027984004809404202, "gnorm": 1.143, "tok_per_s": 116024.6, "load": 4.57763671875}
{"event": "step", "step": 59000, "loss": 4.959, "lr": 0.0027969069399578187, "gnorm": 0.593, "tok_per_s": 115954.3, "load": 4.78369140625}
{"event": "step", "step": 59200, "loss": 4.937, "lr": 0.0027954083368107907, "gnorm": 0.677, "tok_per_s": 116141.7, "load": 4.609375}
{"event": "step", "step": 59400, "loss": 5.0483, "lr": 0.0027939046781137993, "gnorm": 2.949, "tok_per_s": 116382.1, "load": 4.47412109375}
{"event": "step", "step": 59600, "loss": 4.8523, "lr": 0.002792395970503625, "gnorm": 2.348, "tok_per_s": 116387.4, "load": 4.36865234375}
{"event": "step", "step": 59800, "loss": 4.9696, "lr": 0.00279088222063933, "gnorm": 0.699, "tok_per_s": 116356.9, "load": 4.3544921875}
{"event": "step", "step": 60000, "loss": 4.9026, "lr": 0.002789363435202233, "gnorm": 0.772, "tok_per_s": 116370.1, "load": 4.27490234375}
{"event": "eval_quick", "step": 60000, "bpb": 1.6572385217277175, "nats_per_token": 4.996773688869895, "tokens": 16379, "bytes": 71247}
{"event": "step", "step": 60200, "loss": 5.0617, "lr": 0.0027878396208958793, "gnorm": 8.714, "tok_per_s": 98635.7, "load": 4.29345703125}
{"event": "step", "step": 60400, "loss": 5.1157, "lr": 0.0027863107844460083, "gnorm": 1.238, "tok_per_s": 116435.0, "load": 4.2275390625}
{"event": "step", "step": 60600, "loss": 4.9448, "lr": 0.002784776932600528, "gnorm": 1.742, "tok_per_s": 116408.1, "load": 4.17626953125}
{"event": "step", "step": 60800, "loss": 5.0659, "lr": 0.002783238072129482, "gnorm": 1.309, "tok_per_s": 116141.9, "load": 4.14892578125}
{"event": "step", "step": 61000, "loss": 4.9849, "lr": 0.0027816942098250206, "gnorm": 2.551, "tok_per_s": 116049.9, "load": 4.4794921875}
{"event": "step", "step": 61200, "loss": 4.777, "lr": 0.002780145352501372, "gnorm": 0.874, "tok_per_s": 116027.5, "load": 4.37255859375}
{"event": "step", "step": 61400, "loss": 4.8682, "lr": 0.00277859150699481, "gnorm": 1.155, "tok_per_s": 116074.8, "load": 4.36328125}
{"event": "step", "step": 61600, "loss": 5.0792, "lr": 0.0027770326801636255, "gnorm": 1.699, "tok_per_s": 116052.6, "load": 4.2822265625}
{"event": "step", "step": 61800, "loss": 5.0384, "lr": 0.002775468878888096, "gnorm": 0.81, "tok_per_s": 116088.5, "load": 4.21875}
{"event": "step", "step": 62000, "loss": 5.1205, "lr": 0.002773900110070454, "gnorm": 2.822, "tok_per_s": 116071.7, "load": 4.265625}
{"event": "step", "step": 62200, "loss": 5.0837, "lr": 0.00277232638063486, "gnorm": 1.21, "tok_per_s": 95582.1, "load": 4.189453125}
{"event": "step", "step": 62400, "loss": 5.1059, "lr": 0.0027707476975273658, "gnorm": 0.714, "tok_per_s": 116154.4, "load": 4.146484375}
{"event": "step", "step": 62600, "loss": 5.0202, "lr": 0.0027691640677158904, "gnorm": 1.458, "tok_per_s": 116099.3, "load": 4.123046875}
{"event": "step", "step": 62800, "loss": 5.0407, "lr": 0.0027675754981901844, "gnorm": 1.061, "tok_per_s": 116112.7, "load": 4.09521484375}
{"event": "step", "step": 63000, "loss": 4.8551, "lr": 0.0027659819959618033, "gnorm": 0.705, "tok_per_s": 116090.7, "load": 4.29638671875}
{"event": "step", "step": 63200, "loss": 4.9312, "lr": 0.002764383568064072, "gnorm": 1.627, "tok_per_s": 116074.1, "load": 4.22998046875}
{"event": "step", "step": 63400, "loss": 5.1145, "lr": 0.002762780221552057, "gnorm": 2.396, "tok_per_s": 115970.9, "load": 4.40673828125}
{"event": "step", "step": 63600, "loss": 4.9947, "lr": 0.0027611719635025353, "gnorm": 0.947, "tok_per_s": 116098.9, "load": 4.31591796875}
{"event": "step", "step": 63800, "loss": 4.943, "lr": 0.002759558801013961, "gnorm": 0.487, "tok_per_s": 116072.4, "load": 4.24560546875}
{"event": "step", "step": 64000, "loss": 4.8896, "lr": 0.002757940741206435, "gnorm": 0.874, "tok_per_s": 116078.7, "load": 4.28125}
{"event": "step", "step": 64200, "loss": 4.7537, "lr": 0.002756317791221675, "gnorm": 0.614, "tok_per_s": 95797.7, "load": 4.361328125}
{"event": "step", "step": 64400, "loss": 4.8607, "lr": 0.0027546899582229817, "gnorm": 0.592, "tok_per_s": 116104.9, "load": 4.64501953125}
{"event": "step", "step": 64600, "loss": 4.911, "lr": 0.0027530572493952086, "gnorm": 1.19, "tok_per_s": 116167.0, "load": 4.54541015625}
{"event": "step", "step": 64800, "loss": 4.8684, "lr": 0.00275141967194473, "gnorm": 1.364, "tok_per_s": 116077.5, "load": 4.72021484375}
{"event": "step", "step": 65000, "loss": 5.1174, "lr": 0.002749777233099409, "gnorm": 0.972, "tok_per_s": 116121.7, "load": 4.640625}
{"event": "eval_quick", "step": 65000, "bpb": 1.6693937392458393, "nats_per_token": 5.0334231332804205, "tokens": 16379, "bytes": 71247}
{"event": "step", "step": 65200, "loss": 5.1117, "lr": 0.0027481299401085654, "gnorm": 2.023, "tok_per_s": 115601.0, "load": 4.57861328125}
{"event": "step", "step": 65400, "loss": 4.8856, "lr": 0.002746477800242944, "gnorm": 1.427, "tok_per_s": 116090.8, "load": 4.52392578125}
{"event": "step", "step": 65600, "loss": 4.9285, "lr": 0.0027448208207946838, "gnorm": 0.701, "tok_per_s": 116039.1, "load": 4.4072265625}
{"event": "step", "step": 65800, "loss": 5.1141, "lr": 0.002743159009077283, "gnorm": 1.86, "tok_per_s": 116069.5, "load": 4.34423828125}
{"event": "step", "step": 66000, "loss": 5.031, "lr": 0.002741492372425568, "gnorm": 2.006, "tok_per_s": 116059.6, "load": 4.267578125}
{"event": "step", "step": 66200, "loss": 4.9446, "lr": 0.002739820918195663, "gnorm": 0.827, "tok_per_s": 96034.1, "load": 4.33837890625}
{"event": "step", "step": 66400, "loss": 4.9542, "lr": 0.002738144653764955, "gnorm": 2.698, "tok_per_s": 116196.1, "load": 4.58349609375}
{"event": "step", "step": 66600, "loss": 5.0011, "lr": 0.002736463586532061, "gnorm": 1.216, "tok_per_s": 116153.8, "load": 4.5673828125}
{"event": "step", "step": 66800, "loss": 4.8825, "lr": 0.002734777723916797, "gnorm": 1.674, "tok_per_s": 116151.6, "load": 4.44091796875}
{"event": "step", "step": 67000, "loss": 4.9424, "lr": 0.0027330870733601464, "gnorm": 3.029, "tok_per_s": 116105.0, "load": 4.34228515625}
{"event": "step", "step": 67200, "loss": 5.0401, "lr": 0.002731391642324223, "gnorm": 1.5, "tok_per_s": 116114.0, "load": 4.265625}
{"event": "step", "step": 67400, "loss": 4.942, "lr": 0.0027296914382922404, "gnorm": 1.94, "tok_per_s": 116067.3, "load": 4.2060546875}
{"event": "step", "step": 67600, "loss": 4.7511, "lr": 0.002727986468768482, "gnorm": 0.851, "tok_per_s": 116062.2, "load": 4.15966796875}
{"event": "step", "step": 67800, "loss": 4.9378, "lr": 0.0027262767412782603, "gnorm": 2.899, "tok_per_s": 116066.9, "load": 4.13427734375}
{"event": "step", "step": 68000, "loss": 5.0857, "lr": 0.002724562263367893, "gnorm": 0.57, "tok_per_s": 116038.2, "load": 4.103515625}
{"event": "step", "step": 68200, "loss": 5.0469, "lr": 0.0027228430426046624, "gnorm": 1.995, "tok_per_s": 96041.2, "load": 4.22119140625}
{"event": "step", "step": 68400, "loss": 4.9152, "lr": 0.0027211190865767845, "gnorm": 2.952, "tok_per_s": 116106.5, "load": 12.6650390625}
{"event": "step", "step": 68600, "loss": 4.8943, "lr": 0.002719390402893376, "gnorm": 2.619, "tok_per_s": 116165.3, "load": 10.74462890625}
{"event": "step", "step": 68800, "loss": 4.9436, "lr": 0.002717656999184421, "gnorm": 0.894, "tok_per_s": 116111.9, "load": 9.25}
{"event": "step", "step": 69000, "loss": 4.9959, "lr": 0.002715918883100736, "gnorm": 1.501, "tok_per_s": 116088.0, "load": 8.08642578125}
{"event": "step", "step": 69200, "loss": 5.0254, "lr": 0.0027141760623139366, "gnorm": 1.288, "tok_per_s": 116062.2, "load": 7.18017578125}
{"event": "step", "step": 69400, "loss": 5.1365, "lr": 0.002712428544516404, "gnorm": 1.292, "tok_per_s": 116050.9, "load": 6.47509765625}
{"event": "step", "step": 69600, "loss": 4.9562, "lr": 0.002710676337421251, "gnorm": 2.657, "tok_per_s": 116047.7, "load": 5.92626953125}
{"event": "step", "step": 69800, "loss": 4.9473, "lr": 0.0027089194487622875, "gnorm": 3.348, "tok_per_s": 116041.9, "load": 5.6298828125}
{"event": "step", "step": 70000, "loss": 5.0883, "lr": 0.0027071578862939865, "gnorm": 2.287, "tok_per_s": 116035.9, "load": 5.26806640625}
{"event": "eval_quick", "step": 70000, "bpb": 1.6568480126636917, "nats_per_token": 4.995596257021186, "tokens": 16379, "bytes": 71247}
{"event": "step", "step": 70200, "loss": 4.8176, "lr": 0.0027053916577914508, "gnorm": 2.373, "tok_per_s": 94939.8, "load": 4.97509765625}
{"event": "step", "step": 70400, "loss": 5.1454, "lr": 0.0027036207710503775, "gnorm": 5.027, "tok_per_s": 116145.9, "load": 4.82470703125}
{"event": "step", "step": 70600, "loss": 5.0585, "lr": 0.0027018452338870244, "gnorm": 1.957, "tok_per_s": 116110.8, "load": 4.77734375}
{"event": "step", "step": 70800, "loss": 4.889, "lr": 0.0027000650541381733, "gnorm": 1.141, "tok_per_s": 115977.3, "load": 4.90087890625}
{"event": "step", "step": 71000, "loss": 4.9061, "lr": 0.0026982802396611, "gnorm": 0.677, "tok_per_s": 116004.0, "load": 4.77490234375}
{"event": "step", "step": 71200, "loss": 4.8866, "lr": 0.002696490798333535, "gnorm": 3.03, "tok_per_s": 115985.8, "load": 4.6025390625}
{"event": "step", "step": 71400, "loss": 4.9354, "lr": 0.0026946967380536316, "gnorm": 1.112, "tok_per_s": 115989.7, "load": 4.46875}
{"event": "step", "step": 71600, "loss": 5.046, "lr": 0.0026928980667399287, "gnorm": 1.623, "tok_per_s": 115924.9, "load": 4.57421875}
{"event": "step", "step": 71800, "loss": 5.0721, "lr": 0.002691094792331319, "gnorm": 3.499, "tok_per_s": 116026.2, "load": 4.4853515625}
{"event": "step", "step": 72000, "loss": 4.9876, "lr": 0.00268928692278701, "gnorm": 1.037, "tok_per_s": 115983.4, "load": 4.376953125}
{"event": "step", "step": 72200, "loss": 4.9456, "lr": 0.002687474466086492, "gnorm": 2.019, "tok_per_s": 95380.1, "load": 4.41796875}
{"event": "step", "step": 72400, "loss": 4.9755, "lr": 0.0026856574302295028, "gnorm": 3.812, "tok_per_s": 116139.4, "load": 4.43359375}
{"event": "step", "step": 72600, "loss": 4.9886, "lr": 0.00268383582323599, "gnorm": 2.017, "tok_per_s": 116072.8, "load": 4.4169921875}
{"event": "step", "step": 72800, "loss": 5.066, "lr": 0.0026820096531460784, "gnorm": 1.317, "tok_per_s": 116044.2, "load": 4.39208984375}
{"event": "step", "step": 73000, "loss": 5.051, "lr": 0.002680178928020032, "gnorm": 1.034, "tok_per_s": 115910.0, "load": 5.00048828125}
{"event": "step", "step": 73200, "loss": 4.8305, "lr": 0.00267834365593822, "gnorm": 0.469, "tok_per_s": 116045.3, "load": 5.1171875}
{"event": "step", "step": 73400, "loss": 4.7646, "lr": 0.002676503845001081, "gnorm": 0.929, "tok_per_s": 116027.7, "load": 4.869140625}
{"event": "step", "step": 73600, "loss": 4.8948, "lr": 0.0026746595033290874, "gnorm": 3.19, "tok_per_s": 116017.7, "load": 4.73486328125}
{"event": "step", "step": 73800, "loss": 5.1038, "lr": 0.002672810639062707, "gnorm": 2.746, "tok_per_s": 115999.4, "load": 4.65234375}
{"event": "step", "step": 74000, "loss": 4.9766, "lr": 0.002670957260362372, "gnorm": 1.42, "tok_per_s": 115941.8, "load": 4.50732421875}
{"event": "step", "step": 74200, "loss": 4.9656, "lr": 0.0026690993754084386, "gnorm": 2.884, "tok_per_s": 95789.1, "load": 4.44287109375}
{"event": "step", "step": 74400, "loss": 4.899, "lr": 0.0026672369924011534, "gnorm": 0.515, "tok_per_s": 116087.0, "load": 4.37451171875}
{"event": "step", "step": 74600, "loss": 5.0605, "lr": 0.002665370119560615, "gnorm": 2.457, "tok_per_s": 116089.1, "load": 4.291015625}
{"event": "step", "step": 74800, "loss": 4.9403, "lr": 0.00266349876512674, "gnorm": 1.592, "tok_per_s": 116038.4, "load": 4.30029296875}
{"event": "step", "step": 75000, "loss": 4.8755, "lr": 0.0026616229373592256, "gnorm": 1.895, "tok_per_s": 116089.3, "load": 4.23291015625}
{"event": "eval_quick", "step": 75000, "bpb": 1.6622115996846607, "nats_per_token": 5.011768117711704, "tokens": 16379, "bytes": 71247}
{"event": "step", "step": 75200, "loss": 4.9585, "lr": 0.0026597426445375133, "gnorm": 1.314, "tok_per_s": 115556.1, "load": 4.18017578125}
{"event": "step", "step": 75400, "loss": 4.9827, "lr": 0.0026578578949607514, "gnorm": 3.401, "tok_per_s": 116068.3, "load": 4.1396484375}
{"event": "step", "step": 75600, "loss": 4.885, "lr": 0.00265596869694776, "gnorm": 1.798, "tok_per_s": 116029.0, "load": 4.11767578125}
{"event": "step", "step": 75800, "loss": 5.0978, "lr": 0.002654075058836993, "gnorm": 4.077, "tok_per_s": 115942.0, "load": 4.31982421875}
{"event": "step", "step": 76000, "loss": 4.9666, "lr": 0.0026521769889865025, "gnorm": 0.712, "tok_per_s": 116200.7, "load": 4.31640625}
{"event": "step", "step": 76200, "loss": 5.0264, "lr": 0.002650274495773901, "gnorm": 3.755, "tok_per_s": 100852.9, "load": 4.24609375}
{"event": "step", "step": 76400, "loss": 5.0645, "lr": 0.0026483675875963236, "gnorm": 3.78, "tok_per_s": 116383.6, "load": 4.33837890625}
{"event": "step", "step": 76600, "loss": 4.9718, "lr": 0.002646456272870394, "gnorm": 1.69, "tok_per_s": 116326.3, "load": 4.33642578125}
{"event": "step", "step": 76800, "loss": 4.9162, "lr": 0.002644540560032183, "gnorm": 1.053, "tok_per_s": 116346.8, "load": 4.26123046875}
{"event": "step", "step": 77000, "loss": 5.1421, "lr": 0.002642620457537175, "gnorm": 1.879, "tok_per_s": 115978.7, "load": 4.27099609375}
{"event": "step", "step": 77200, "loss": 4.9027, "lr": 0.002640695973860229, "gnorm": 1.719, "tok_per_s": 115977.3, "load": 4.21044921875}
{"event": "step", "step": 77400, "loss": 4.9462, "lr": 0.0026387671174955417, "gnorm": 0.937, "tok_per_s": 115952.1, "load": 4.177734375}
{"event": "step", "step": 77600, "loss": 5.0671, "lr": 0.0026368338969566087, "gnorm": 3.511, "tok_per_s": 115986.7, "load": 4.1376953125}
{"event": "step", "step": 77800, "loss": 4.992, "lr": 0.00263489632077619, "gnorm": 0.74, "tok_per_s": 115970.7, "load": 4.1064453125}
{"event": "step", "step": 78000, "loss": 4.8674, "lr": 0.0026329543975062678, "gnorm": 2.622, "tok_per_s": 115971.6, "load": 4.08203125}
{"event": "step", "step": 78200, "loss": 4.8878, "lr": 0.002631008135718014, "gnorm": 1.872, "tok_per_s": 94903.6, "load": 4.5009765625}
{"event": "step", "step": 78400, "loss": 5.0577, "lr": 0.002629057544001746, "gnorm": 1.44, "tok_per_s": 116066.9, "load": 4.38916015625}
{"event": "step", "step": 78600, "loss": 4.8551, "lr": 0.0026271026309668973, "gnorm": 0.683, "tok_per_s": 115979.4, "load": 4.46337890625}
{"event": "step", "step": 78800, "loss": 5.0599, "lr": 0.00262514340524197, "gnorm": 3.877, "tok_per_s": 115977.7, "load": 4.5703125}
{"event": "step", "step": 79000, "loss": 4.9001, "lr": 0.002623179875474504, "gnorm": 1.416, "tok_per_s": 115994.0, "load": 4.44287109375}
{"event": "step", "step": 79200, "loss": 4.8846, "lr": 0.0026212120503310357, "gnorm": 0.634, "tok_per_s": 115954.4, "load": 4.41259765625}
{"event": "step", "step": 79400, "loss": 5.0214, "lr": 0.00261923993849706, "gnorm": 0.62, "tok_per_s": 115957.4, "load": 4.3486328125}
{"event": "step", "step": 79600, "loss": 5.0346, "lr": 0.0026172635486769926, "gnorm": 4.071, "tok_per_s": 115956.0, "load": 4.2705078125}
{"event": "step", "step": 79800, "loss": 5.1166, "lr": 0.0026152828895941297, "gnorm": 3.811, "tok_per_s": 115934.6, "load": 4.42626953125}
{"event": "step", "step": 80000, "loss": 4.9064, "lr": 0.002613297969990613, "gnorm": 1.132, "tok_per_s": 115935.1, "load": 4.3310546875}
{"event": "eval_quick", "step": 80000, "bpb": 1.6594381706160086, "nats_per_token": 5.003405895124855, "tokens": 16379, "bytes": 71247}
{"event": "step", "step": 80200, "loss": 4.8646, "lr": 0.0026113087986273887, "gnorm": 0.997, "tok_per_s": 94365.4, "load": 4.3310546875}
{"event": "step", "step": 80400, "loss": 5.0011, "lr": 0.002609315384284167, "gnorm": 3.867, "tok_per_s": 116094.7, "load": 4.49169921875}
{"event": "step", "step": 80600, "loss": 5.2749, "lr": 0.0026073177357593884, "gnorm": 2.067, "tok_per_s": 116075.8, "load": 4.3818359375}
{"event": "step", "step": 80800, "loss": 5.0238, "lr": 0.002605315861870181, "gnorm": 1.286, "tok_per_s": 116008.1, "load": 4.296875}
{"event": "step", "step": 81000, "loss": 4.9374, "lr": 0.0026033097714523224, "gnorm": 2.789, "tok_per_s": 115988.8, "load": 4.23046875}
{"event": "step", "step": 81200, "loss": 4.8802, "lr": 0.0026012994733602014, "gnorm": 5.21, "tok_per_s": 115959.4, "load": 4.49365234375}
{"event": "step", "step": 81400, "loss": 5.0377, "lr": 0.0025992849764667767, "gnorm": 0.726, "tok_per_s": 115904.4, "load": 4.49169921875}
{"event": "step", "step": 81600, "loss": 4.9767, "lr": 0.0025972662896635423, "gnorm": 1.134, "tok_per_s": 115978.3, "load": 4.3818359375}
{"event": "step", "step": 81800, "loss": 4.9509, "lr": 0.0025952434218604833, "gnorm": 0.515, "tok_per_s": 115965.6, "load": 4.43896484375}
{"event": "step", "step": 82000, "loss": 4.9295, "lr": 0.002593216381986039, "gnorm": 2.027, "tok_per_s": 115979.7, "load": 4.34130859375}
{"event": "step", "step": 82200, "loss": 4.9498, "lr": 0.002591185178987065, "gnorm": 2.557, "tok_per_s": 94924.3, "load": 4.26513671875}
{"event": "step", "step": 82400, "loss": 4.96, "lr": 0.002589149821828789, "gnorm": 1.73, "tok_per_s": 116133.2, "load": 4.27392578125}
{"event": "step", "step": 82600, "loss": 4.8136, "lr": 0.0025871103194947762, "gnorm": 1.66, "tok_per_s": 116107.7, "load": 4.212890625}
{"event": "step", "step": 82800, "loss": 4.9586, "lr": 0.002585066680986887, "gnorm": 1.23, "tok_per_s": 116047.7, "load": 4.1650390625}
{"event": "step", "step": 83000, "loss": 4.9464, "lr": 0.002583018915325238, "gnorm": 0.595, "tok_per_s": 116039.3, "load": 4.275390625}
{"event": "step", "step": 83200, "loss": 4.8572, "lr": 0.002580967031548162, "gnorm": 1.221, "tok_per_s": 115821.1, "load": 4.67041015625}
{"event": "step", "step": 83400, "loss": 5.0195, "lr": 0.0025789110387121673, "gnorm": 2.074, "tok_per_s": 115959.3, "load": 4.79541015625}
{"event": "step", "step": 83600, "loss": 4.9458, "lr": 0.0025768509458919, "gnorm": 2.054, "tok_per_s": 115903.9, "load": 4.853515625}
{"event": "step", "step": 83800, "loss": 4.9156, "lr": 0.0025747867621801015, "gnorm": 1.358, "tok_per_s": 115915.9, "load": 4.88037109375}
{"event": "step", "step": 84000, "loss": 4.8245, "lr": 0.00257271849668757, "gnorm": 1.582, "tok_per_s": 115890.8, "load": 4.7587890625}
{"event": "step", "step": 84200, "loss": 4.9691, "lr": 0.002570646158543119, "gnorm": 1.76, "tok_per_s": 94920.6, "load": 4.58984375}
{"event": "step", "step": 84400, "loss": 5.0807, "lr": 0.002568569756893539, "gnorm": 0.917, "tok_per_s": 116036.8, "load": 4.458984375}
{"event": "step", "step": 84600, "loss": 4.8654, "lr": 0.002566489300903553, "gnorm": 1.892, "tok_per_s": 116015.0, "load": 4.43701171875}
{"event": "step", "step": 84800, "loss": 4.9719, "lr": 0.0025644047997557826, "gnorm": 1.053, "tok_per_s": 115954.7, "load": 4.33984375}
{"event": "step", "step": 85000, "loss": 5.1133, "lr": 0.002562316262650701, "gnorm": 2.007, "tok_per_s": 115919.9, "load": 4.263671875}
{"event": "eval_quick", "step": 85000, "bpb": 1.6576317992376095, "nats_per_token": 4.9979594679162345, "tokens": 16379, "bytes": 71247}
{"event": "step", "step": 85200, "loss": 4.9858, "lr": 0.0025602236988065963, "gnorm": 2.218, "tok_per_s": 115416.4, "load": 4.20458984375}
{"event": "step", "step": 85400, "loss": 4.8532, "lr": 0.002558127117459529, "gnorm": 1.424, "tok_per_s": 115863.6, "load": 4.1728515625}
{"event": "step", "step": 85600, "loss": 4.9007, "lr": 0.0025560265278632924, "gnorm": 1.282, "tok_per_s": 115775.4, "load": 4.41162109375}
{"event": "step", "step": 85800, "loss": 4.7789, "lr": 0.002553921939289371, "gnorm": 1.167, "tok_per_s": 115862.2, "load": 4.47998046875}
{"event": "step", "step": 86000, "loss": 4.876, "lr": 0.0025518133610268998, "gnorm": 0.79, "tok_per_s": 115932.5, "load": 4.44140625}
{"event": "step", "step": 86200, "loss": 4.9972, "lr": 0.002549700802382623, "gnorm": 1.066, "tok_per_s": 94823.5, "load": 4.42333984375}
{"event": "step", "step": 86400, "loss": 5.0183, "lr": 0.0025475842726808543, "gnorm": 0.98, "tok_per_s": 116117.9, "load": 4.3291015625}
{"event": "step", "step": 86600, "loss": 5.1209, "lr": 0.0025454637812634333, "gnorm": 2.465, "tok_per_s": 116046.3, "load": 4.255859375}
{"event": "step", "step": 86800, "loss": 4.9199, "lr": 0.002543339337489686, "gnorm": 1.72, "tok_per_s": 116036.9, "load": 4.19873046875}
{"event": "step", "step": 87000, "loss": 4.9635, "lr": 0.0025412109507363845, "gnorm": 2.081, "tok_per_s": 115986.0, "load": 4.228515625}
{"event": "step", "step": 87200, "loss": 4.997, "lr": 0.0025390786303977017, "gnorm": 1.424, "tok_per_s": 115989.2, "load": 4.17724609375}
{"event": "step", "step": 87400, "loss": 4.9561, "lr": 0.002536942385885175, "gnorm": 2.115, "tok_per_s": 115957.6, "load": 4.1494140625}
{"event": "step", "step": 87600, "loss": 4.8707, "lr": 0.00253480222662766, "gnorm": 0.77, "tok_per_s": 115961.4, "load": 4.18994140625}
{"event": "step", "step": 87800, "loss": 4.8086, "lr": 0.0025326581620712923, "gnorm": 0.855, "tok_per_s": 115918.4, "load": 4.14697265625}
{"event": "step", "step": 88000, "loss": 5.0745, "lr": 0.0025305102016794445, "gnorm": 0.63, "tok_per_s": 115925.2, "load": 4.181640625}
{"event": "step", "step": 88200, "loss": 4.7647, "lr": 0.0025283583549326836, "gnorm": 0.64, "tok_per_s": 94932.1, "load": 4.140625}
{"event": "step", "step": 88400, "loss": 4.7824, "lr": 0.002526202631328731, "gnorm": 1.003, "tok_per_s": 116061.6, "load": 4.1826171875}
{"event": "step", "step": 88600, "loss": 4.9193, "lr": 0.0025240430403824184, "gnorm": 0.993, "tok_per_s": 116033.9, "load": 4.1416015625}
{"event": "step", "step": 88800, "loss": 5.0024, "lr": 0.002521879591625648, "gnorm": 1.092, "tok_per_s": 115995.0, "load": 4.109375}
{"event": "step", "step": 89000, "loss": 4.7805, "lr": 0.0025197122946073497, "gnorm": 0.789, "tok_per_s": 115969.0, "load": 4.08447265625}
{"event": "step", "step": 89200, "loss": 4.8803, "lr": 0.002517541158893438, "gnorm": 0.962, "tok_per_s": 115935.5, "load": 4.37353515625}
{"event": "step", "step": 89400, "loss": 4.8548, "lr": 0.00251536619406677, "gnorm": 0.976, "tok_per_s": 115928.4, "load": 4.39599609375}
{"event": "step", "step": 89600, "loss": 4.9791, "lr": 0.0025131874097271047, "gnorm": 1.637, "tok_per_s": 115879.7, "load": 14.1123046875}
{"event": "step", "step": 89800, "loss": 4.8355, "lr": 0.0025110048154910586, "gnorm": 0.945, "tok_per_s": 115905.1, "load": 11.87158203125}
{"event": "step", "step": 90000, "loss": 4.8962, "lr": 0.0025088184209920645, "gnorm": 0.788, "tok_per_s": 115930.3, "load": 10.12744140625}
{"event": "eval_quick", "step": 90000, "bpb": 1.6423771879247162, "nats_per_token": 4.951964978020636, "tokens": 16379, "bytes": 71247}
{"event": "step", "step": 90200, "loss": 4.9292, "lr": 0.0025066282358803286, "gnorm": 1.862, "tok_per_s": 93679.6, "load": 8.76953125}
{"event": "step", "step": 90400, "loss": 4.859, "lr": 0.0025044342698227885, "gnorm": 2.521, "tok_per_s": 116052.5, "load": 7.71240234375}
{"event": "step", "step": 90600, "loss": 5.0308, "lr": 0.0025022365325030687, "gnorm": 0.928, "tok_per_s": 115903.9, "load": 7.04931640625}
{"event": "step", "step": 90800, "loss": 4.9173, "lr": 0.0025000350336214397, "gnorm": 1.019, "tok_per_s": 116005.0, "load": 6.587890625}
{"event": "step", "step": 91000, "loss": 4.8588, "lr": 0.002497829782894775, "gnorm": 1.402, "tok_per_s": 116031.1, "load": 6.09375}
{"event": "step", "step": 91200, "loss": 5.0345, "lr": 0.0024956207900565077, "gnorm": 0.875, "tok_per_s": 115991.0, "load": 5.62939453125}
{"event": "step", "step": 91400, "loss": 5.0388, "lr": 0.002493408064856587, "gnorm": 2.246, "tok_per_s": 115999.7, "load": 5.33544921875}
{"event": "step", "step": 91600, "loss": 4.9466, "lr": 0.0024911916170614373, "gnorm": 0.87, "tok_per_s": 115951.3, "load": 5.12939453125}
{"event": "step", "step": 91800, "loss": 4.834, "lr": 0.002488971456453911, "gnorm": 0.958, "tok_per_s": 115944.9, "load": 4.87841796875}
{"event": "step", "step": 92000, "loss": 4.9401, "lr": 0.0024867475928332513, "gnorm": 0.934, "tok_per_s": 115936.0, "load": 4.7568359375}
{"event": "step", "step": 92200, "loss": 4.8438, "lr": 0.0024845200360150434, "gnorm": 1.531, "tok_per_s": 94890.1, "load": 4.58837890625}
{"event": "step", "step": 92400, "loss": 4.9014, "lr": 0.0024822887958311727, "gnorm": 1.709, "tok_per_s": 116102.4, "load": 4.52587890625}
{"event": "step", "step": 92600, "loss": 5.0681, "lr": 0.002480053882129785, "gnorm": 0.618, "tok_per_s": 116066.4, "load": 4.40869140625}
{"event": "step", "step": 92800, "loss": 4.8911, "lr": 0.0024778153047752363, "gnorm": 0.804, "tok_per_s": 115945.6, "load": 4.47802734375}
{"event": "step", "step": 93000, "loss": 5.1054, "lr": 0.0024755730736480564, "gnorm": 0.537, "tok_per_s": 115884.9, "load": 4.72314453125}
{"event": "step", "step": 93200, "loss": 4.7311, "lr": 0.0024733271986449, "gnorm": 0.691, "tok_per_s": 115881.4, "load": 4.6982421875}
{"event": "step", "step": 93400, "loss": 4.9869, "lr": 0.0024710776896785065, "gnorm": 1.102, "tok_per_s": 115917.2, "load": 4.54296875}
{"event": "step", "step": 93600, "loss": 5.2279, "lr": 0.002468824556677653, "gnorm": 0.992, "tok_per_s": 115916.2, "load": 4.458984375}
{"event": "step", "step": 93800, "loss": 4.9615, "lr": 0.0024665678095871124, "gnorm": 0.691, "tok_per_s": 115826.7, "load": 4.49267578125}
{"event": "step", "step": 94000, "loss": 5.0218, "lr": 0.0024643074583676114, "gnorm": 1.363, "tok_per_s": 115820.3, "load": 4.3828125}
{"event": "step", "step": 94200, "loss": 5.0125, "lr": 0.002462043512995782, "gnorm": 1.215, "tok_per_s": 94873.3, "load": 4.29736328125}
{"event": "step", "step": 94400, "loss": 5.062, "lr": 0.002459775983464121, "gnorm": 1.72, "tok_per_s": 115837.1, "load": 4.23095703125}
{"event": "step", "step": 94600, "loss": 4.7942, "lr": 0.002457504879780944, "gnorm": 1.021, "tok_per_s": 115777.3, "load": 4.17919921875}
{"event": "step", "step": 94800, "loss": 4.8965, "lr": 0.0024552302119703437, "gnorm": 1.576, "tok_per_s": 115741.1, "load": 4.13916015625}
{"event": "step", "step": 95000, "loss": 4.8974, "lr": 0.002452951990072143, "gnorm": 1.288, "tok_per_s": 115724.8, "load": 4.18212890625}
{"event": "eval_quick", "step": 95000, "bpb": 1.645037743500485, "nats_per_token": 4.959986873435497, "tokens": 16379, "bytes": 71247}
{"event": "step", "step": 95200, "loss": 4.8056, "lr": 0.00245067022414185, "gnorm": 1.083, "tok_per_s": 115211.5, "load": 4.14111328125}
{"event": "step", "step": 95400, "loss": 5.024, "lr": 0.002448384924250618, "gnorm": 1.096, "tok_per_s": 115854.4, "load": 4.10888671875}
{"event": "step", "step": 95600, "loss": 4.9419, "lr": 0.0024460961004851975, "gnorm": 1.335, "tok_per_s": 116190.5, "load": 4.091796875}
{"event": "step", "step": 95800, "loss": 5.0581, "lr": 0.002443803762947892, "gnorm": 1.845, "tok_per_s": 116185.6, "load": 4.07080078125}
{"event": "step", "step": 96000, "loss": 5.0065, "lr": 0.0024415079217565134, "gnorm": 0.746, "tok_per_s": 116176.4, "load": 4.0546875}
{"event": "step", "step": 96200, "loss": 5.0424, "lr": 0.0024392085870443394, "gnorm": 1.012, "tok_per_s": 100137.0, "load": 4.0419921875}
{"event": "step", "step": 96400, "loss": 4.9091, "lr": 0.0024369057689600663, "gnorm": 0.736, "tok_per_s": 116189.7, "load": 4.1796875}
{"event": "step", "step": 96600, "loss": 4.8724, "lr": 0.002434599477667765, "gnorm": 1.041, "tok_per_s": 116187.7, "load": 4.2197265625}
{"event": "step", "step": 96800, "loss": 5.012, "lr": 0.002432289723346838, "gnorm": 1.36, "tok_per_s": 116151.1, "load": 4.244140625}
{"event": "step", "step": 97000, "loss": 4.9225, "lr": 0.002429976516191969, "gnorm": 0.506, "tok_per_s": 116176.1, "load": 4.189453125}
{"event": "step", "step": 97200, "loss": 4.944, "lr": 0.0024276598664130854, "gnorm": 1.157, "tok_per_s": 116162.3, "load": 4.220703125}
{"event": "step", "step": 97400, "loss": 5.0928, "lr": 0.0024253397842353077, "gnorm": 1.176, "tok_per_s": 116143.5, "load": 4.18603515625}
{"event": "step", "step": 97600, "loss": 4.8461, "lr": 0.002423016279898906, "gnorm": 1.324, "tok_per_s": 116123.0, "load": 4.34765625}
{"event": "step", "step": 97800, "loss": 4.9012, "lr": 0.002420689363659257, "gnorm": 1.834, "tok_per_s": 116031.4, "load": 4.58447265625}
{"event": "step", "step": 98000, "loss": 5.0214, "lr": 0.0024183590457867946, "gnorm": 0.512, "tok_per_s": 115831.0, "load": 4.60302734375}
{"event": "step", "step": 98200, "loss": 4.9094, "lr": 0.0024160253365669666, "gnorm": 1.081, "tok_per_s": 94504.2, "load": 4.75244140625}
{"event": "step", "step": 98400, "loss": 5.0195, "lr": 0.002413688246300191, "gnorm": 1.865, "tok_per_s": 115598.4, "load": 4.6533203125}
{"event": "step", "step": 98600, "loss": 4.9772, "lr": 0.0024113477853018065, "gnorm": 2.056, "tok_per_s": 115605.3, "load": 4.5078125}
{"event": "step", "step": 98800, "loss": 4.9559, "lr": 0.0024090039639020327, "gnorm": 0.836, "tok_per_s": 115582.9, "load": 4.39453125}
{"event": "step", "step": 99000, "loss": 5.0112, "lr": 0.002406656792445918, "gnorm": 0.916, "tok_per_s": 115597.8, "load": 4.38720703125}
{"event": "step", "step": 99200, "loss": 4.809, "lr": 0.0024043062812932983, "gnorm": 0.918, "tok_per_s": 115558.7, "load": 4.375}
{"event": "step", "step": 99400, "loss": 4.9039, "lr": 0.002401952440818751, "gnorm": 0.699, "tok_per_s": 115584.2, "load": 4.39111328125}
{"event": "step", "step": 99600, "loss": 4.9258, "lr": 0.0023995952814115473, "gnorm": 1.49, "tok_per_s": 115555.5, "load": 4.37158203125}
{"event": "step", "step": 99800, "loss": 5.0766, "lr": 0.0023972348134756083, "gnorm": 1.133, "tok_per_s": 115565.3, "load": 4.36279296875}
{"event": "step", "step": 100000, "loss": 5.0851, "lr": 0.0023948710474294564, "gnorm": 1.21, "tok_per_s": 115515.1, "load": 4.3623046875}
{"event": "eval_quick", "step": 100000, "bpb": 1.6435658794811634, "nats_per_token": 4.955549026192076, "tokens": 16379, "bytes": 71247}
{"event": "step", "step": 100200, "loss": 5.0799, "lr": 0.0023925039937061723, "gnorm": 0.865, "tok_per_s": 93087.7, "load": 4.6806640625}
{"event": "step", "step": 100400, "loss": 4.772, "lr": 0.0023901336627533474, "gnorm": 0.856, "tok_per_s": 115615.2, "load": 4.65625}
{"event": "step", "step": 100600, "loss": 4.8329, "lr": 0.002387760065033038, "gnorm": 0.741, "tok_per_s": 115615.0, "load": 4.51025390625}
{"event": "step", "step": 100800, "loss": 4.8168, "lr": 0.0023853832110217197, "gnorm": 0.828, "tok_per_s": 115628.0, "load": 4.39697265625}
{"event": "step", "step": 101000, "loss": 4.836, "lr": 0.0023830031112102397, "gnorm": 1.078, "tok_per_s": 115576.8, "load": 4.30810546875}
{"event": "step", "step": 101200, "loss": 4.8422, "lr": 0.0023806197761037716, "gnorm": 0.803, "tok_per_s": 115576.0, "load": 4.2392578125}
{"event": "step", "step": 101400, "loss": 5.0493, "lr": 0.002378233216221769, "gnorm": 0.815, "tok_per_s": 115543.5, "load": 4.345703125}
{"event": "step", "step": 101600, "loss": 4.9687, "lr": 0.002375843442097918, "gnorm": 1.327, "tok_per_s": 115562.1, "load": 4.2919921875}
{"event": "step", "step": 101800, "loss": 4.9121, "lr": 0.002373450464280094, "gnorm": 1.172, "tok_per_s": 115572.8, "load": 4.37548828125}
{"event": "step", "step": 102000, "loss": 4.9939, "lr": 0.0023710542933303093, "gnorm": 0.92, "tok_per_s": 115570.0, "load": 4.779296875}
{"event": "step", "step": 102200, "loss": 4.8408, "lr": 0.0023686549398246725, "gnorm": 0.898, "tok_per_s": 94585.9, "load": 4.7177734375}
{"event": "step", "step": 102400, "loss": 4.982, "lr": 0.002366252414353338, "gnorm": 0.772, "tok_per_s": 115626.7, "load": 4.60693359375}
{"event": "step", "step": 102600, "loss": 4.9278, "lr": 0.002363846727520461, "gnorm": 0.887, "tok_per_s": 115614.7, "load": 4.62060546875}
{"event": "step", "step": 102800, "loss": 4.898, "lr": 0.00236143788994415, "gnorm": 1.288, "tok_per_s": 115593.0, "load": 4.7666015625}
{"event": "step", "step": 103000, "loss": 4.8567, "lr": 0.0023590259122564204, "gnorm": 1.29, "tok_per_s": 115490.9, "load": 14.17333984375}
{"event": "step", "step": 103200, "loss": 5.0637, "lr": 0.0023566108051031463, "gnorm": 1.733, "tok_per_s": 115577.5, "load": 16.53271484375}
{"event": "step", "step": 103400, "loss": 4.9245, "lr": 0.0023541925791440155, "gnorm": 1.594, "tok_per_s": 115671.4, "load": 20.40283203125}
{"event": "step", "step": 103600, "loss": 4.8654, "lr": 0.0023517712450524812, "gnorm": 1.628, "tok_per_s": 115390.1, "load": 23.62451171875}
{"event": "step", "step": 103800, "loss": 4.952, "lr": 0.002349346813515715, "gnorm": 1.246, "tok_per_s": 115439.6, "load": 25.22021484375}
{"event": "step", "step": 104000, "loss": 5.01, "lr": 0.002346919295234559, "gnorm": 1.713, "tok_per_s": 115710.2, "load": 26.55029296875}
{"event": "step", "step": 104200, "loss": 4.8328, "lr": 0.002344488700923482, "gnorm": 2.099, "tok_per_s": 98214.4, "load": 20.21630859375}
{"event": "step", "step": 104400, "loss": 4.8833, "lr": 0.002342055041310526, "gnorm": 1.611, "tok_per_s": 115892.2, "load": 17.72265625}
{"event": "step", "step": 104600, "loss": 4.8614, "lr": 0.0023396183271372664, "gnorm": 2.17, "tok_per_s": 115795.8, "load": 14.68212890625}
{"event": "step", "step": 104800, "loss": 4.7148, "lr": 0.002337178569158757, "gnorm": 1.272, "tok_per_s": 115563.8, "load": 12.3955078125}
{"event": "step", "step": 105000, "loss": 4.7645, "lr": 0.0023347357781434894, "gnorm": 1.44, "tok_per_s": 115557.2, "load": 10.53515625}
{"event": "eval_quick", "step": 105000, "bpb": 1.648570834114793, "nats_per_token": 4.970639567052323, "tokens": 16379, "bytes": 71247}
{"event": "step", "step": 105200, "loss": 4.7498, "lr": 0.0023322899648733396, "gnorm": 1.622, "tok_per_s": 115065.8, "load": 9.16064453125}
{"event": "step", "step": 105400, "loss": 5.0026, "lr": 0.002329841140143525, "gnorm": 1.488, "tok_per_s": 115508.7, "load": 8.32470703125}
{"event": "step", "step": 105600, "loss": 4.8902, "lr": 0.002327389314762554, "gnorm": 1.081, "tok_per_s": 115542.6, "load": 10.55126953125}
{"event": "step", "step": 105800, "loss": 5.0062, "lr": 0.002324934499552179, "gnorm": 1.663, "tok_per_s": 115569.2, "load": 9.6171875}
{"event": "step", "step": 106000, "loss": 4.895, "lr": 0.002322476705347349, "gnorm": 0.844, "tok_per_s": 115503.1, "load": 8.60009765625}
{"event": "step", "step": 106200, "loss": 5.0664, "lr": 0.002320015942996162, "gnorm": 2.914, "tok_per_s": 92991.9, "load": 7.5537109375}
{"event": "step", "step": 106400, "loss": 4.7805, "lr": 0.0023175522233598155, "gnorm": 1.211, "tok_per_s": 115604.0, "load": 6.765625}
{"event": "step", "step": 106600, "loss": 4.765, "lr": 0.0023150855573125617, "gnorm": 1.079, "tok_per_s": 115573.2, "load": 6.58056640625}
{"event": "step", "step": 106800, "loss": 4.9041, "lr": 0.002312615955741655, "gnorm": 0.923, "tok_per_s": 115581.1, "load": 6.0078125}
{"event": "step", "step": 107000, "loss": 5.0077, "lr": 0.002310143429547309, "gnorm": 0.927, "tok_per_s": 115550.8, "load": 5.5625}
{"event": "step", "step": 107200, "loss": 4.9664, "lr": 0.0023076679896426432, "gnorm": 2.413, "tok_per_s": 115455.5, "load": 5.591796875}
{"event": "step", "step": 107400, "loss": 4.9512, "lr": 0.00230518964695364, "gnorm": 1.074, "tok_per_s": 115521.9, "load": 5.23828125}
{"event": "step", "step": 107600, "loss": 4.79, "lr": 0.002302708412419093, "gnorm": 0.922, "tok_per_s": 115449.7, "load": 14.62109375}
{"event": "step", "step": 107800, "loss": 4.9544, "lr": 0.002300224296990559, "gnorm": 1.641, "tok_per_s": 115591.1, "load": 12.34814453125}
{"event": "step", "step": 108000, "loss": 5.0216, "lr": 0.002297737311632311, "gnorm": 1.061, "tok_per_s": 115595.4, "load": 11.06396484375}
{"event": "step", "step": 108200, "loss": 4.9014, "lr": 0.002295247467321289, "gnorm": 1.415, "tok_per_s": 94904.8, "load": 9.1826171875}
{"event": "step", "step": 108400, "loss": 5.0671, "lr": 0.0022927547750470527, "gnorm": 1.241, "tok_per_s": 115529.9, "load": 8.1943359375}
{"event": "step", "step": 108600, "loss": 5.3221, "lr": 0.002290259245811731, "gnorm": 1.748, "tok_per_s": 115604.3, "load": 7.2646484375}
{"event": "step", "step": 108800, "loss": 4.945, "lr": 0.0022877608906299736, "gnorm": 1.096, "tok_per_s": 115632.5, "load": 6.84228515625}
{"event": "step", "step": 109000, "loss": 4.9046, "lr": 0.0022852597205289048, "gnorm": 0.645, "tok_per_s": 115623.1, "load": 6.35986328125}
{"event": "step", "step": 109200, "loss": 4.825, "lr": 0.002282755746548073, "gnorm": 0.925, "tok_per_s": 115680.3, "load": 5.83642578125}
{"event": "step", "step": 109400, "loss": 4.997, "lr": 0.0022802489797394015, "gnorm": 2.586, "tok_per_s": 115605.1, "load": 5.56494140625}
{"event": "step", "step": 109600, "loss": 4.6611, "lr": 0.002277739431167141, "gnorm": 3.544, "tok_per_s": 115636.7, "load": 5.21728515625}
{"event": "step", "step": 109800, "loss": 5.0639, "lr": 0.0022752271119078206, "gnorm": 3.294, "tok_per_s": 115679.1, "load": 5.0830078125}
{"event": "step", "step": 110000, "loss": 5.0141, "lr": 0.0022727120330501976, "gnorm": 1.508, "tok_per_s": 115586.9, "load": 5.28466796875}
{"event": "eval_quick", "step": 110000, "bpb": 1.6448456924558317, "nats_per_token": 4.959407816411258, "tokens": 16379, "bytes": 71247}
{"event": "step", "step": 110200, "loss": 4.9148, "lr": 0.002270194205695209, "gnorm": 2.277, "tok_per_s": 95780.5, "load": 5.33349609375}
{"event": "step", "step": 110400, "loss": 4.9288, "lr": 0.002267673640955925, "gnorm": 2.971, "tok_per_s": 115604.9, "load": 5.11083984375}
{"event": "step", "step": 110600, "loss": 4.9178, "lr": 0.002265150349957497, "gnorm": 0.75, "tok_per_s": 115606.9, "load": 5.486328125}
{"event": "step", "step": 110800, "loss": 5.0583, "lr": 0.0022626243438371085, "gnorm": 1.192, "tok_per_s": 115609.7, "load": 5.25732421875}
{"event": "step", "step": 111000, "loss": 5.0317, "lr": 0.0022600956337439277, "gnorm": 3.757, "tok_per_s": 115620.7, "load": 5.0517578125}
{"event": "step", "step": 111200, "loss": 4.8213, "lr": 0.002257564230839058, "gnorm": 1.879, "tok_per_s": 115599.2, "load": 4.97900390625}
{"event": "step", "step": 111400, "loss": 4.8877, "lr": 0.0022550301462954873, "gnorm": 2.355, "tok_per_s": 115582.0, "load": 4.76171875}
{"event": "step", "step": 111600, "loss": 5.2366, "lr": 0.00225249339129804, "gnorm": 0.784, "tok_per_s": 115570.0, "load": 4.5927734375}
{"event": "step", "step": 111800, "loss": 4.8709, "lr": 0.002249953977043327, "gnorm": 1.512, "tok_per_s": 115554.8, "load": 4.46044921875}
{"event": "step", "step": 112000, "loss": 4.7133, "lr": 0.002247411914739697, "gnorm": 1.343, "tok_per_s": 115585.3, "load": 4.35791015625}
{"event": "step", "step": 112200, "loss": 4.7792, "lr": 0.002244867215607186, "gnorm": 0.867, "tok_per_s": 95255.3, "load": 4.2783203125}
{"event": "step", "step": 112400, "loss": 4.9203, "lr": 0.002242319890877468, "gnorm": 1.246, "tok_per_s": 115653.3, "load": 4.431640625}
{"event": "step", "step": 112600, "loss": 4.8745, "lr": 0.002239769951793807, "gnorm": 2.245, "tok_per_s": 115628.0, "load": 4.484375}
{"event": "step", "step": 112800, "loss": 4.9907, "lr": 0.0022372174096110045, "gnorm": 1.172, "tok_per_s": 115530.0, "load": 4.93115234375}
{"event": "step", "step": 113000, "loss": 5.0418, "lr": 0.002234662275595353, "gnorm": 1.388, "tok_per_s": 115565.4, "load": 4.86181640625}
{"event": "step", "step": 113200, "loss": 4.7986, "lr": 0.002232104561024584, "gnorm": 1.793, "tok_per_s": 115503.2, "load": 4.74462890625}
{"event": "step", "step": 113400, "loss": 4.8804, "lr": 0.0022295442771878187, "gnorm": 4.989, "tok_per_s": 115566.1, "load": 4.6591796875}
{"event": "step", "step": 113600, "loss": 4.8161, "lr": 0.0022269814353855183, "gnorm": 1.529, "tok_per_s": 115580.3, "load": 9.3173828125}
{"event": "step", "step": 113800, "loss": 4.7831, "lr": 0.0022244160469294355, "gnorm": 1.227, "tok_per_s": 115565.6, "load": 8.27392578125}
{"event": "step", "step": 114000, "loss": 5.0429, "lr": 0.0022218481231425615, "gnorm": 0.806, "tok_per_s": 115576.7, "load": 7.32666015625}
{"event": "step", "step": 114200, "loss": 4.9697, "lr": 0.002219277675359079, "gnorm": 2.038, "tok_per_s": 95008.2, "load": 6.830078125}
{"event": "step", "step": 114400, "loss": 5.1917, "lr": 0.0022167047149243106, "gnorm": 1.971, "tok_per_s": 115483.2, "load": 6.55322265625}
{"event": "step", "step": 114600, "loss": 4.8352, "lr": 0.0022141292531946692, "gnorm": 0.92, "tok_per_s": 115542.4, "load": 5.98681640625}
{"event": "step", "step": 114800, "loss": 4.8747, "lr": 0.002211551301537608, "gnorm": 2.225, "tok_per_s": 115491.9, "load": 6.0029296875}
{"event": "step", "step": 115000, "loss": 4.9178, "lr": 0.0022089708713315696, "gnorm": 1.436, "tok_per_s": 115505.5, "load": 6.08251953125}
{"event": "eval_quick", "step": 115000, "bpb": 1.649077934299008, "nats_per_token": 4.972168535166982, "tokens": 16379, "bytes": 71247}
{"event": "step", "step": 115200, "loss": 4.7649, "lr": 0.002206387973965937, "gnorm": 1.375, "tok_per_s": 115053.8, "load": 5.62060546875}
{"event": "step", "step": 115400, "loss": 4.965, "lr": 0.0022038026208409823, "gnorm": 2.907, "tok_per_s": 115507.3, "load": 5.26123046875}
{"event": "step", "step": 115600, "loss": 4.8858, "lr": 0.0022012148233678166, "gnorm": 2.588, "tok_per_s": 115488.8, "load": 5.0615234375}
{"event": "step", "step": 115800, "loss": 4.8743, "lr": 0.00219862459296834, "gnorm": 1.528, "tok_per_s": 115554.8, "load": 4.8251953125}
{"event": "step", "step": 116000, "loss": 4.971, "lr": 0.0021960319410751906, "gnorm": 2.187, "tok_per_s": 115585.3, "load": 4.72216796875}
{"event": "step", "step": 116200, "loss": 5.0126, "lr": 0.0021934368791316937, "gnorm": 0.87, "tok_per_s": 94907.4, "load": 4.5615234375}
{"event": "step", "step": 116400, "loss": 5.1098, "lr": 0.0021908394185918144, "gnorm": 1.841, "tok_per_s": 115580.2, "load": 4.572265625}
{"event": "step", "step": 116600, "loss": 5.0111, "lr": 0.0021882395709201022, "gnorm": 1.2, "tok_per_s": 115551.6, "load": 4.44482421875}
{"event": "step", "step": 116800, "loss": 4.994, "lr": 0.0021856373475916437, "gnorm": 1.331, "tok_per_s": 115551.2, "load": 4.345703125}
{"event": "step", "step": 117000, "loss": 4.9536, "lr": 0.002183032760092011, "gnorm": 1.253, "tok_per_s": 115557.0, "load": 4.2685546875}
{"event": "step", "step": 117200, "loss": 5.0562, "lr": 0.002180425819917211, "gnorm": 1.305, "tok_per_s": 115519.3, "load": 4.2265625}
{"event": "step", "step": 117400, "loss": 4.9546, "lr": 0.002177816538573635, "gnorm": 2.106, "tok_per_s": 115537.2, "load": 4.447265625}
{"event": "step", "step": 117600, "loss": 4.9324, "lr": 0.002175204927578007, "gnorm": 1.991, "tok_per_s": 115526.6, "load": 4.42138671875}
{"event": "step", "step": 117800, "loss": 4.8773, "lr": 0.0021725909984573353, "gnorm": 1.269, "tok_per_s": 115535.3, "load": 4.40771484375}
{"event": "step", "step": 118000, "loss": 4.9089, "lr": 0.0021699747627488574, "gnorm": 1.132, "tok_per_s": 115544.2, "load": 4.39111328125}
{"event": "step", "step": 118200, "loss": 5.001, "lr": 0.0021673562319999926, "gnorm": 1.182, "tok_per_s": 94598.7, "load": 4.46435546875}
{"event": "step", "step": 118400, "loss": 4.8841, "lr": 0.00216473541776829, "gnorm": 1.147, "tok_per_s": 115583.4, "load": 4.4287109375}
{"event": "step", "step": 118600, "loss": 4.8026, "lr": 0.002162112331621378, "gnorm": 0.752, "tok_per_s": 115561.6, "load": 4.4013671875}
{"event": "step", "step": 118800, "loss": 4.7805, "lr": 0.0021594869851369104, "gnorm": 1.623, "tok_per_s": 115554.6, "load": 4.31201171875}
{"event": "step", "step": 119000, "loss": 5.0722, "lr": 0.002156859389902521, "gnorm": 1.662, "tok_per_s": 115510.4, "load": 4.45849609375}
{"event": "step", "step": 119200, "loss": 4.9283, "lr": 0.0021542295575157668, "gnorm": 1.169, "tok_per_s": 115541.8, "load": 4.43017578125}
{"event": "step", "step": 119400, "loss": 4.9202, "lr": 0.0021515974995840784, "gnorm": 1.891, "tok_per_s": 115569.7, "load": 4.4375}
{"event": "step", "step": 119600, "loss": 4.9464, "lr": 0.0021489632277247126, "gnorm": 0.73, "tok_per_s": 115564.2, "load": 4.5615234375}
{"event": "step", "step": 119800, "loss": 4.9685, "lr": 0.0021463267535646938, "gnorm": 1.093, "tok_per_s": 115562.8, "load": 4.51708984375}
{"event": "step", "step": 120000, "loss": 4.9448, "lr": 0.0021436880887407703, "gnorm": 4.103, "tok_per_s": 115554.3, "load": 4.40234375}
{"event": "eval_quick", "step": 120000, "bpb": 1.653825581663998, "nats_per_token": 4.986483263630258, "tokens": 16379, "bytes": 71247}
{"event": "step", "step": 120200, "loss": 4.8366, "lr": 0.0021410472448993565, "gnorm": 1.646, "tok_per_s": 93757.1, "load": 4.4736328125}
{"event": "step", "step": 120400, "loss": 4.8948, "lr": 0.0021384042336964875, "gnorm": 0.979, "tok_per_s": 115459.3, "load": 4.7197265625}
{"event": "step", "step": 120600, "loss": 4.8971, "lr": 0.0021357590667977614, "gnorm": 1.171, "tok_per_s": 115546.7, "load": 4.64013671875}
{"event": "step", "step": 120800, "loss": 4.8411, "lr": 0.002133111755878294, "gnorm": 0.673, "tok_per_s": 115526.1, "load": 4.57177734375}
{"event": "step", "step": 121000, "loss": 4.929, "lr": 0.002130462312622663, "gnorm": 1.653, "tok_per_s": 115536.7, "load": 4.5126953125}
{"event": "step", "step": 121200, "loss": 4.8841, "lr": 0.0021278107487248564, "gnorm": 1.079, "tok_per_s": 115493.4, "load": 4.39794921875}
{"event": "step", "step": 121400, "loss": 4.8491, "lr": 0.0021251570758882244, "gnorm": 1.098, "tok_per_s": 115433.4, "load": 4.611328125}
{"event": "step", "step": 121600, "loss": 4.9767, "lr": 0.002122501305825424, "gnorm": 5.177, "tok_per_s": 115598.8, "load": 4.5166015625}
{"event": "step", "step": 121800, "loss": 4.8588, "lr": 0.00211984345025837, "gnorm": 1.094, "tok_per_s": 115602.9, "load": 4.53759765625}
{"event": "step", "step": 122000, "loss": 5.0063, "lr": 0.0021171835209181813, "gnorm": 1.443, "tok_per_s": 115581.9, "load": 8.90234375}
{"event": "step", "step": 122200, "loss": 4.9937, "lr": 0.00211452152954513, "gnorm": 3.548, "tok_per_s": 94736.9, "load": 13.58349609375}
{"event": "step", "step": 122400, "loss": 4.7502, "lr": 0.002111857487888589, "gnorm": 0.668, "tok_per_s": 115602.0, "load": 12.18359375}
{"event": "step", "step": 122600, "loss": 4.9503, "lr": 0.002109191407706982, "gnorm": 1.408, "tok_per_s": 115462.1, "load": 10.91796875}
{"event": "step", "step": 122800, "loss": 4.9141, "lr": 0.0021065233007677296, "gnorm": 1.234, "tok_per_s": 115660.4, "load": 9.46484375}
{"event": "step", "step": 123000, "loss": 4.8575, "lr": 0.002103853178847197, "gnorm": 1.16, "tok_per_s": 115643.7, "load": 8.3212890625}
{"event": "step", "step": 123200, "loss": 5.1132, "lr": 0.0021011810537306455, "gnorm": 4.334, "tok_per_s": 115635.7, "load": 7.732421875}
{"event": "step", "step": 123400, "loss": 4.8552, "lr": 0.0020985069372121755, "gnorm": 1.867, "tok_per_s": 115623.2, "load": 6.978515625}
{"event": "step", "step": 123600, "loss": 4.9796, "lr": 0.002095830841094678, "gnorm": 1.219, "tok_per_s": 115628.9, "load": 6.52001953125}
{"event": "step", "step": 123800, "loss": 4.8282, "lr": 0.0020931527771897813, "gnorm": 1.342, "tok_per_s": 115616.9, "load": 6.318359375}
{"event": "step", "step": 124000, "loss": 5.0055, "lr": 0.0020904727573177995, "gnorm": 1.48, "tok_per_s": 115609.8, "load": 5.80419921875}
{"event": "step", "step": 124200, "loss": 5.0593, "lr": 0.002087790793307679, "gnorm": 1.379, "tok_per_s": 94682.4, "load": 8.94580078125}
{"event": "step", "step": 124400, "loss": 4.8541, "lr": 0.0020851068969969483, "gnorm": 0.789, "tok_per_s": 115653.2, "load": 8.1845703125}
{"event": "step", "step": 124600, "loss": 4.9401, "lr": 0.0020824210802316626, "gnorm": 1.148, "tok_per_s": 115645.9, "load": 7.2568359375}
{"event": "step", "step": 124800, "loss": 5.0267, "lr": 0.002079733354866356, "gnorm": 2.025, "tok_per_s": 115668.4, "load": 6.61474609375}
{"event": "step", "step": 125000, "loss": 4.9159, "lr": 0.0020770437327639855, "gnorm": 0.987, "tok_per_s": 115637.0, "load": 6.34228515625}
{"event": "eval_quick", "step": 125000, "bpb": 1.6476301953079482, "nats_per_token": 4.967803427788632, "tokens": 16379, "bytes": 71247}
{"event": "step", "step": 125200, "loss": 5.2999, "lr": 0.0020743522257958796, "gnorm": 4.505, "tok_per_s": 115108.8, "load": 5.82275390625}
{"event": "step", "step": 125400, "loss": 4.9529, "lr": 0.0020716588458416863, "gnorm": 1.025, "tok_per_s": 115489.2, "load": 5.4990234375}
{"event": "step", "step": 125600, "loss": 4.8577, "lr": 0.0020689636047893202, "gnorm": 0.888, "tok_per_s": 115513.3, "load": 5.23388671875}
{"event": "step", "step": 125800, "loss": 4.8751, "lr": 0.0020662665145349114, "gnorm": 2.971, "tok_per_s": 115531.0, "load": 5.04345703125}
{"event": "step", "step": 126000, "loss": 4.9831, "lr": 0.0020635675869827516, "gnorm": 1.342, "tok_per_s": 115620.8, "load": 5.12646484375}
{"event": "step", "step": 126200, "loss": 5.0737, "lr": 0.0020608668340452397, "gnorm": 1.764, "tok_per_s": 94718.2, "load": 4.80615234375}
{"event": "step", "step": 126400, "loss": 4.9413, "lr": 0.0020581642676428353, "gnorm": 2.066, "tok_per_s": 115677.7, "load": 4.626953125}
{"event": "step", "step": 126600, "loss": 4.7355, "lr": 0.002055459899703999, "gnorm": 1.412, "tok_per_s": 115643.5, "load": 4.5302734375}
{"event": "step", "step": 126800, "loss": 4.8477, "lr": 0.002052753742165144, "gnorm": 2.647, "tok_per_s": 115647.5, "load": 4.41259765625}
{"event": "step", "step": 127000, "loss": 4.9233, "lr": 0.0020500458069705823, "gnorm": 1.139, "tok_per_s": 115617.4, "load": 4.3203125}
{"event": "step", "step": 127200, "loss": 4.9335, "lr": 0.0020473361060724727, "gnorm": 1.072, "tok_per_s": 115627.2, "load": 4.24853515625}
{"event": "step", "step": 127400, "loss": 4.8629, "lr": 0.002044624651430767, "gnorm": 1.738, "tok_per_s": 115602.0, "load": 4.2734375}
{"event": "step", "step": 127600, "loss": 4.7923, "lr": 0.0020419114550131565, "gnorm": 2.878, "tok_per_s": 115562.5, "load": 4.52099609375}
{"event": "step", "step": 127800, "loss": 4.8505, "lr": 0.0020391965287950213, "gnorm": 1.23, "tok_per_s": 115481.0, "load": 4.62158203125}
{"event": "step", "step": 128000, "loss": 4.8162, "lr": 0.002036479884759377, "gnorm": 1.793, "tok_per_s": 115562.6, "load": 4.6064453125}
{"event": "step", "step": 128200, "loss": 4.8164, "lr": 0.00203376153489682, "gnorm": 3.124, "tok_per_s": 95554.4, "load": 4.43310546875}
{"event": "step", "step": 128400, "loss": 4.8252, "lr": 0.0020310414912054764, "gnorm": 0.947, "tok_per_s": 115602.1, "load": 4.57080078125}
{"event": "step", "step": 128600, "loss": 4.8403, "lr": 0.0020283197656909484, "gnorm": 1.27, "tok_per_s": 115547.0, "load": 4.51171875}
{"event": "step", "step": 128800, "loss": 4.8211, "lr": 0.0020255963703662613, "gnorm": 2.109, "tok_per_s": 115599.3, "load": 4.5068359375}
{"event": "step", "step": 129000, "loss": 4.7166, "lr": 0.00202287131725181, "gnorm": 2.739, "tok_per_s": 115610.3, "load": 4.4619140625}
{"event": "step", "step": 129200, "loss": 5.0647, "lr": 0.0020201446183753077, "gnorm": 3.199, "tok_per_s": 115603.0, "load": 4.6796875}
{"event": "step", "step": 129400, "loss": 5.0242, "lr": 0.0020174162857717307, "gnorm": 1.59, "tok_per_s": 115586.3, "load": 4.5966796875}
{"event": "step", "step": 129600, "loss": 5.0774, "lr": 0.0020146863314832657, "gnorm": 1.996, "tok_per_s": 115437.1, "load": 9.80517578125}
{"event": "step", "step": 129800, "loss": 4.9855, "lr": 0.002011954767559259, "gnorm": 0.908, "tok_per_s": 115501.0, "load": 8.58642578125}
{"event": "step", "step": 130000, "loss": 4.8105, "lr": 0.0020092216060561595, "gnorm": 1.608, "tok_per_s": 115501.5, "load": 7.880859375}
{"event": "eval_quick", "step": 130000, "bpb": 1.630712776309426, "nats_per_token": 4.916795372504426, "tokens": 16379, "bytes": 71247}
{"event": "step", "step": 130200, "loss": 4.8622, "lr": 0.002006486859037468, "gnorm": 1.295, "tok_per_s": 94278.3, "load": 6.85205078125}
{"event": "step", "step": 130400, "loss": 4.8318, "lr": 0.002003750538573684, "gnorm": 2.49, "tok_per_s": 115576.1, "load": 6.29345703125}
{"event": "step", "step": 130600, "loss": 5.1298, "lr": 0.0020010126567422504, "gnorm": 1.275, "tok_per_s": 115597.0, "load": 5.78466796875}
{"event": "step", "step": 130800, "loss": 4.7517, "lr": 0.0019982732256275033, "gnorm": 0.95, "tok_per_s": 115531.1, "load": 5.73779296875}
{"event": "step", "step": 131000, "loss": 4.9595, "lr": 0.001995532257320616, "gnorm": 1.813, "tok_per_s": 115608.1, "load": 9.4169921875}
{"event": "step", "step": 131200, "loss": 4.9898, "lr": 0.001992789763919547, "gnorm": 0.994, "tok_per_s": 115555.5, "load": 8.2900390625}
{"event": "step", "step": 131400, "loss": 4.8894, "lr": 0.001990045757528985, "gnorm": 1.335, "tok_per_s": 115575.5, "load": 7.48681640625}
{"event": "step", "step": 131600, "loss": 4.961, "lr": 0.001987300250260298, "gnorm": 1.214, "tok_per_s": 115546.2, "load": 6.7138671875}
{"event": "step", "step": 131800, "loss": 4.885, "lr": 0.001984553254231479, "gnorm": 1.858, "tok_per_s": 115550.1, "load": 6.19189453125}
{"event": "step", "step": 132000, "loss": 4.944, "lr": 0.00198180478156709, "gnorm": 2.048, "tok_per_s": 115541.2, "load": 5.70556640625}
{"event": "step", "step": 132200, "loss": 4.806, "lr": 0.001979054844398212, "gnorm": 1.71, "tok_per_s": 95686.6, "load": 9.37353515625}
{"event": "step", "step": 132400, "loss": 4.788, "lr": 0.00197630345486239, "gnorm": 1.279, "tok_per_s": 115610.1, "load": 8.25048828125}
{"event": "step", "step": 132600, "loss": 4.8432, "lr": 0.0019735506251035784, "gnorm": 1.671, "tok_per_s": 115590.5, "load": 7.30810546875}
{"event": "step", "step": 132800, "loss": 4.8891, "lr": 0.001970796367272089, "gnorm": 1.792, "tok_per_s": 115591.0, "load": 6.57421875}
{"event": "step", "step": 133000, "loss": 4.7349, "lr": 0.0019680406935245367, "gnorm": 1.709, "tok_per_s": 115563.5, "load": 6.177734375}
{"event": "step", "step": 133200, "loss": 4.8958, "lr": 0.001965283616023786, "gnorm": 0.825, "tok_per_s": 115579.0, "load": 5.6943359375}
{"event": "step", "step": 133400, "loss": 5.1775, "lr": 0.0019625251469388974, "gnorm": 1.031, "tok_per_s": 115546.7, "load": 5.39208984375}
{"event": "step", "step": 133600, "loss": 4.9976, "lr": 0.001959765298445073, "gnorm": 2.493, "tok_per_s": 115561.6, "load": 5.0830078125}
{"event": "step", "step": 133800, "loss": 4.9641, "lr": 0.0019570040827236036, "gnorm": 2.533, "tok_per_s": 115589.2, "load": 4.91650390625}
{"event": "step", "step": 134000, "loss": 4.9544, "lr": 0.0019542415119618143, "gnorm": 1.114, "tok_per_s": 115550.2, "load": 4.78662109375}
{"event": "step", "step": 134200, "loss": 5.0088, "lr": 0.0019514775983530115, "gnorm": 1.603, "tok_per_s": 95693.5, "load": 4.611328125}
{"event": "step", "step": 134400, "loss": 4.7895, "lr": 0.0019487123540964288, "gnorm": 1.534, "tok_per_s": 115594.8, "load": 4.8759765625}
{"event": "step", "step": 134600, "loss": 5.0026, "lr": 0.0019459457913971717, "gnorm": 2.836, "tok_per_s": 115591.8, "load": 9.9296875}
{"event": "step", "step": 134800, "loss": 5.1334, "lr": 0.001943177922466166, "gnorm": 0.932, "tok_per_s": 115571.4, "load": 8.61572265625}
{"event": "step", "step": 135000, "loss": 4.8211, "lr": 0.001940408759520103, "gnorm": 2.148, "tok_per_s": 115462.0, "load": 7.98583984375}
{"event": "eval_quick", "step": 135000, "bpb": 1.648903443110991, "nats_per_token": 4.9716424232248615, "tokens": 16379, "bytes": 71247}
{"event": "step", "step": 135200, "loss": 5.0122, "lr": 0.0019376383147813843, "gnorm": 2.714, "tok_per_s": 115068.1, "load": 7.37939453125}
{"event": "step", "step": 135400, "loss": 5.05, "lr": 0.0019348666004780706, "gnorm": 0.918, "tok_per_s": 115499.9, "load": 6.63037109375}
{"event": "step", "step": 135600, "loss": 4.9412, "lr": 0.001932093628843825, "gnorm": 1.286, "tok_per_s": 115379.1, "load": 6.28076171875}
{"event": "step", "step": 135800, "loss": 4.9464, "lr": 0.001929319412117861, "gnorm": 3.218, "tok_per_s": 115560.3, "load": 5.84228515625}
{"event": "step", "step": 136000, "loss": 4.8896, "lr": 0.0019265439625448864, "gnorm": 1.038, "tok_per_s": 115574.1, "load": 9.83837890625}
{"event": "step", "step": 136200, "loss": 5.0208, "lr": 0.0019237672923750522, "gnorm": 2.869, "tok_per_s": 95440.7, "load": 8.62451171875}
{"event": "step", "step": 136400, "loss": 4.9533, "lr": 0.0019209894138638953, "gnorm": 0.984, "tok_per_s": 115645.1, "load": 7.599609375}
{"event": "step", "step": 136600, "loss": 4.9305, "lr": 0.0019182103392722859, "gnorm": 1.233, "tok_per_s": 115605.7, "load": 7.1826171875}
{"event": "step", "step": 136800, "loss": 4.8313, "lr": 0.0019154300808663753, "gnorm": 2.161, "tok_per_s": 115616.3, "load": 6.7177734375}
{"event": "step", "step": 137000, "loss": 4.9647, "lr": 0.0019126486509175378, "gnorm": 1.705, "tok_per_s": 115482.4, "load": 6.638671875}
{"event": "step", "step": 137200, "loss": 4.9905, "lr": 0.0019098660617023191, "gnorm": 1.194, "tok_per_s": 115608.1, "load": 6.38623046875}
{"event": "step", "step": 137400, "loss": 5.0449, "lr": 0.001907082325502382, "gnorm": 3.117, "tok_per_s": 115600.5, "load": 7.18994140625}
{"event": "step", "step": 137600, "loss": 4.8286, "lr": 0.0019042974546044525, "gnorm": 2.986, "tok_per_s": 115567.1, "load": 6.482421875}
{"event": "step", "step": 137800, "loss": 4.9498, "lr": 0.0019015114613002626, "gnorm": 1.107, "tok_per_s": 115583.1, "load": 6.283203125}
{"event": "step", "step": 138000, "loss": 4.9335, "lr": 0.0018987243578865009, "gnorm": 1.944, "tok_per_s": 115436.3, "load": 6.07275390625}
{"event": "step", "step": 138200, "loss": 5.0193, "lr": 0.0018959361566647543, "gnorm": 4.815, "tok_per_s": 95347.6, "load": 5.61328125}
{"event": "step", "step": 138400, "loss": 5.0097, "lr": 0.001893146869941455, "gnorm": 1.033, "tok_per_s": 115621.9, "load": 5.25537109375}
{"event": "step", "step": 138600, "loss": 5.0388, "lr": 0.0018903565100278274, "gnorm": 3.181, "tok_per_s": 115631.1, "load": 5.056640625}
{"event": "step", "step": 138800, "loss": 4.8287, "lr": 0.0018875650892398322, "gnorm": 1.722, "tok_per_s": 115596.4, "load": 4.82177734375}
{"event": "step", "step": 139000, "loss": 4.7613, "lr": 0.0018847726198981125, "gnorm": 1.719, "tok_per_s": 115524.2, "load": 4.935546875}
{"event": "step", "step": 139200, "loss": 4.9288, "lr": 0.0018819791143279384, "gnorm": 1.276, "tok_per_s": 115595.8, "load": 4.791015625}
{"event": "step", "step": 139400, "loss": 4.9625, "lr": 0.0018791845848591558, "gnorm": 4.368, "tok_per_s": 115569.3, "load": 4.615234375}
{"event": "step", "step": 139600, "loss": 4.8838, "lr": 0.0018763890438261285, "gnorm": 5.376, "tok_per_s": 115583.4, "load": 6.72119140625}
{"event": "step", "step": 139800, "loss": 4.9505, "lr": 0.0018735925035676844, "gnorm": 1.441, "tok_per_s": 115559.6, "load": 6.271484375}
{"event": "step", "step": 140000, "loss": 4.9139, "lr": 0.0018707949764270632, "gnorm": 0.997, "tok_per_s": 115585.5, "load": 5.767578125}
{"event": "eval_quick", "step": 140000, "bpb": 1.648693041225168, "nats_per_token": 4.971008036204896, "tokens": 16379, "bytes": 71247}
{"event": "step", "step": 140200, "loss": 5.0189, "lr": 0.0018679964747518605, "gnorm": 1.266, "tok_per_s": 95104.6, "load": 5.37548828125}
{"event": "step", "step": 140400, "loss": 4.6753, "lr": 0.0018651970108939714, "gnorm": 1.381, "tok_per_s": 115619.6, "load": 5.0703125}
{"event": "step", "step": 140600, "loss": 4.9189, "lr": 0.0018623965972095404, "gnorm": 4.381, "tok_per_s": 115603.2, "load": 4.83251953125}
{"event": "step", "step": 140800, "loss": 4.8287, "lr": 0.0018595952460589025, "gnorm": 1.046, "tok_per_s": 115571.1, "load": 4.6474609375}
{"event": "step", "step": 141000, "loss": 4.8507, "lr": 0.0018567929698065303, "gnorm": 1.862, "tok_per_s": 115569.0, "load": 4.50341796875}
{"event": "step", "step": 141200, "loss": 4.8769, "lr": 0.0018539897808209807, "gnorm": 3.587, "tok_per_s": 115535.9, "load": 4.3916015625}
{"event": "step", "step": 141400, "loss": 4.8604, "lr": 0.001851185691474839, "gnorm": 3.319, "tok_per_s": 115551.4, "load": 4.33056640625}
{"event": "step", "step": 141600, "loss": 4.9493, "lr": 0.0018483807141446633, "gnorm": 2.715, "tok_per_s": 115523.8, "load": 4.33056640625}
{"event": "step", "step": 141800, "loss": 4.9024, "lr": 0.0018455748612109322, "gnorm": 1.699, "tok_per_s": 115532.3, "load": 4.32470703125}
{"event": "step", "step": 142000, "loss": 4.9586, "lr": 0.0018427681450579893, "gnorm": 3.804, "tok_per_s": 115501.8, "load": 4.33251953125}
{"event": "step", "step": 142200, "loss": 5.0111, "lr": 0.001839960578073987, "gnorm": 1.45, "tok_per_s": 95505.1, "load": 4.33837890625}
{"event": "step", "step": 142400, "loss": 4.998, "lr": 0.0018371521726508334, "gnorm": 2.186, "tok_per_s": 115541.0, "load": 4.42333984375}
{"event": "step", "step": 142600, "loss": 4.9546, "lr": 0.001834342941184138, "gnorm": 1.113, "tok_per_s": 115448.3, "load": 4.53857421875}
{"event": "step", "step": 142800, "loss": 4.8753, "lr": 0.0018315328960731563, "gnorm": 1.95, "tok_per_s": 115426.9, "load": 4.62841796875}
{"event": "step", "step": 143000, "loss": 5.0204, "lr": 0.0018287220497207337, "gnorm": 3.035, "tok_per_s": 115517.9, "load": 4.48828125}
{"event": "step", "step": 143200, "loss": 5.0465, "lr": 0.0018259104145332528, "gnorm": 1.799, "tok_per_s": 115517.9, "load": 4.37939453125}
{"event": "step", "step": 143400, "loss": 4.8722, "lr": 0.0018230980029205794, "gnorm": 1.15, "tok_per_s": 115519.0, "load": 4.29443359375}
{"event": "step", "step": 143600, "loss": 4.8905, "lr": 0.0018202848272960025, "gnorm": 1.639, "tok_per_s": 115502.2, "load": 4.24853515625}
{"event": "step", "step": 143800, "loss": 4.9708, "lr": 0.0018174709000761875, "gnorm": 1.365, "tok_per_s": 115530.2, "load": 4.19287109375}
{"event": "step", "step": 144000, "loss": 4.8919, "lr": 0.001814656233681115, "gnorm": 2.266, "tok_per_s": 115532.5, "load": 8.16064453125}
{"event": "step", "step": 144200, "loss": 4.8872, "lr": 0.001811840840534028, "gnorm": 1.541, "tok_per_s": 95243.3, "load": 7.52685546875}
{"event": "step", "step": 144400, "loss": 5.0857, "lr": 0.0018090247330613772, "gnorm": 1.391, "tok_per_s": 115485.0, "load": 7.0576171875}
{"event": "step", "step": 144600, "loss": 5.1372, "lr": 0.001806207923692768, "gnorm": 2.181, "tok_per_s": 115510.2, "load": 6.45947265625}
{"event": "step", "step": 144800, "loss": 4.9236, "lr": 0.0018033904248609012, "gnorm": 1.44, "tok_per_s": 115514.8, "load": 5.91357421875}
{"event": "step", "step": 145000, "loss": 4.9901, "lr": 0.0018005722490015228, "gnorm": 1.62, "tok_per_s": 115479.9, "load": 5.4892578125}
{"event": "eval_quick", "step": 145000, "bpb": 1.625170426783961, "nats_per_token": 4.900084521338299, "tokens": 16379, "bytes": 71247}
{"event": "step", "step": 145200, "loss": 4.9552, "lr": 0.0017977534085533648, "gnorm": 3.017, "tok_per_s": 115009.9, "load": 5.232421875}
{"event": "step", "step": 145400, "loss": 4.8697, "lr": 0.0017949339159580955, "gnorm": 2.062, "tok_per_s": 115466.2, "load": 4.958984375}
{"event": "step", "step": 145600, "loss": 4.9225, "lr": 0.0017921137836602588, "gnorm": 1.326, "tok_per_s": 115478.7, "load": 4.81103515625}
{"event": "step", "step": 145800, "loss": 4.8722, "lr": 0.0017892930241072231, "gnorm": 3.343, "tok_per_s": 115469.6, "load": 4.63037109375}
{"event": "step", "step": 146000, "loss": 5.0808, "lr": 0.0017864716497491267, "gnorm": 1.245, "tok_per_s": 115500.5, "load": 6.77392578125}
{"event": "step", "step": 146200, "loss": 4.9584, "lr": 0.0017836496730388193, "gnorm": 1.195, "tok_per_s": 97234.1, "load": 6.189453125}
{"event": "step", "step": 146400, "loss": 4.9962, "lr": 0.0017808271064318106, "gnorm": 2.255, "tok_per_s": 116016.8, "load": 6.1474609375}
{"event": "step", "step": 146600, "loss": 4.9559, "lr": 0.0017780039623862135, "gnorm": 0.583, "tok_per_s": 115871.7, "load": 5.75146484375}
{"event": "step", "step": 146800, "loss": 4.8599, "lr": 0.00177518025336269, "gnorm": 2.163, "tok_per_s": 115913.8, "load": 7.2783203125}
{"event": "step", "step": 147000, "loss": 4.9304, "lr": 0.0017723559918243956, "gnorm": 2.445, "tok_per_s": 115907.5, "load": 6.7724609375}
{"event": "step", "step": 147200, "loss": 4.9933, "lr": 0.0017695311902369236, "gnorm": 3.774, "tok_per_s": 115694.2, "load": 6.46533203125}
{"event": "step", "step": 147400, "loss": 5.0656, "lr": 0.0017667058610682524, "gnorm": 3.033, "tok_per_s": 115894.5, "load": 6.0537109375}
{"event": "step", "step": 147600, "loss": 5.0094, "lr": 0.0017638800167886872, "gnorm": 1.009, "tok_per_s": 115862.0, "load": 5.73779296875}
{"event": "step", "step": 147800, "loss": 4.9246, "lr": 0.0017610536698708095, "gnorm": 2.233, "tok_per_s": 115603.6, "load": 5.35205078125}
{"event": "step", "step": 148000, "loss": 4.9292, "lr": 0.0017582268327894159, "gnorm": 3.088, "tok_per_s": 115229.0, "load": 5.11962890625}
{"event": "step", "step": 148200, "loss": 5.0677, "lr": 0.0017553995180214694, "gnorm": 1.024, "tok_per_s": 94114.5, "load": 4.94384765625}
{"event": "step", "step": 148400, "loss": 4.949, "lr": 0.0017525717380460402, "gnorm": 0.925, "tok_per_s": 115253.7, "load": 4.79833984375}
{"event": "step", "step": 148600, "loss": 4.7681, "lr": 0.001749743505344251, "gnorm": 6.397, "tok_per_s": 115368.9, "load": 4.62109375}
{"event": "step", "step": 148800, "loss": 4.7401, "lr": 0.0017469148323992244, "gnorm": 0.611, "tok_per_s": 115428.0, "load": 4.5634765625}
{"event": "step", "step": 149000, "loss": 5.0141, "lr": 0.0017440857316960252, "gnorm": 1.326, "tok_per_s": 115454.5, "load": 4.43798828125}
{"event": "step", "step": 149200, "loss": 4.776, "lr": 0.0017412562157216056, "gnorm": 0.979, "tok_per_s": 115446.5, "load": 4.40869140625}
{"event": "step", "step": 149400, "loss": 4.8555, "lr": 0.0017384262969647522, "gnorm": 0.928, "tok_per_s": 115452.2, "load": 4.3173828125}
{"event": "step", "step": 149600, "loss": 4.7525, "lr": 0.001735595987916028, "gnorm": 1.956, "tok_per_s": 115417.9, "load": 8.4912109375}
{"event": "step", "step": 149800, "loss": 4.9301, "lr": 0.0017327653010677198, "gnorm": 2.606, "tok_per_s": 115335.8, "load": 8.04052734375}
{"event": "step", "step": 150000, "loss": 4.9107, "lr": 0.0017299342489137807, "gnorm": 2.148, "tok_per_s": 115160.7, "load": 7.85302734375}
{"event": "eval_quick", "step": 150000, "bpb": 1.6558286708957963, "nats_per_token": 4.99252281885341, "tokens": 16379, "bytes": 71247}
{"event": "step", "step": 150200, "loss": 4.9005, "lr": 0.0017271028439497774, "gnorm": 3.159, "tok_per_s": 93458.0, "load": 6.7587890625}
{"event": "step", "step": 150400, "loss": 4.902, "lr": 0.0017242710986728332, "gnorm": 0.892, "tok_per_s": 115462.3, "load": 6.294921875}
{"event": "step", "step": 150600, "loss": 4.9716, "lr": 0.001721439025581573, "gnorm": 1.668, "tok_per_s": 115452.5, "load": 5.78564453125}
{"event": "step", "step": 150800, "loss": 4.9241, "lr": 0.0017186066371760694, "gnorm": 1.464, "tok_per_s": 115464.6, "load": 5.5107421875}
{"event": "step", "step": 151000, "loss": 4.8159, "lr": 0.001715773945957787, "gnorm": 1.526, "tok_per_s": 115431.9, "load": 5.2431640625}
{"event": "step", "step": 151200, "loss": 4.9014, "lr": 0.0017129409644295248, "gnorm": 1.685, "tok_per_s": 115463.4, "load": 7.0498046875}
{"event": "step", "step": 151400, "loss": 4.9342, "lr": 0.0017101077050953666, "gnorm": 2.334, "tok_per_s": 115427.9, "load": 10.3720703125}
{"event": "step", "step": 151600, "loss": 4.9504, "lr": 0.0017072741804606193, "gnorm": 2.051, "tok_per_s": 115259.7, "load": 9.64208984375}
{"event": "step", "step": 151800, "loss": 4.7737, "lr": 0.0017044404030317618, "gnorm": 1.143, "tok_per_s": 115276.9, "load": 8.458984375}
{"event": "step", "step": 152000, "loss": 4.8843, "lr": 0.0017016063853163895, "gnorm": 5.583, "tok_per_s": 115322.3, "load": 7.77294921875}
{"event": "step", "step": 152200, "loss": 4.9682, "lr": 0.0016987721398231577, "gnorm": 1.614, "tok_per_s": 94738.6, "load": 6.701171875}
{"event": "step", "step": 152400, "loss": 4.8777, "lr": 0.0016959376790617268, "gnorm": 1.505, "tok_per_s": 115370.5, "load": 6.1826171875}
{"event": "step", "step": 152600, "loss": 4.6852, "lr": 0.001693103015542708, "gnorm": 1.494, "tok_per_s": 115592.8, "load": 5.7666015625}
{"event": "step", "step": 152800, "loss": 4.7467, "lr": 0.001690268161777607, "gnorm": 4.089, "tok_per_s": 115768.9, "load": 5.6484375}
{"event": "step", "step": 153000, "loss": 4.8366, "lr": 0.0016874331302787694, "gnorm": 0.911, "tok_per_s": 115728.8, "load": 5.28271484375}
{"event": "step", "step": 153200, "loss": 5.1624, "lr": 0.001684597933559325, "gnorm": 2.305, "tok_per_s": 115656.6, "load": 4.998046875}
{"event": "step", "step": 153400, "loss": 4.8213, "lr": 0.001681762584133133, "gnorm": 1.286, "tok_per_s": 115498.6, "load": 4.8447265625}
{"event": "step", "step": 153600, "loss": 4.8559, "lr": 0.0016789270945147268, "gnorm": 1.266, "tok_per_s": 115603.1, "load": 4.73095703125}
{"event": "step", "step": 153800, "loss": 5.026, "lr": 0.0016760914772192582, "gnorm": 1.753, "tok_per_s": 115371.8, "load": 4.568359375}
{"event": "step", "step": 154000, "loss": 4.9068, "lr": 0.0016732557447624427, "gnorm": 4.538, "tok_per_s": 115333.2, "load": 4.44189453125}
{"event": "step", "step": 154200, "loss": 4.9703, "lr": 0.001670419909660505, "gnorm": 3.051, "tok_per_s": 95097.1, "load": 4.41748046875}
{"event": "step", "step": 154400, "loss": 4.7703, "lr": 0.00166758398443012, "gnorm": 2.748, "tok_per_s": 115428.2, "load": 4.47900390625}
{"event": "step", "step": 154600, "loss": 5.0573, "lr": 0.001664747981588364, "gnorm": 1.82, "tok_per_s": 115442.2, "load": 4.3720703125}
{"event": "step", "step": 154800, "loss": 5.0932, "lr": 0.0016619119136526538, "gnorm": 1.321, "tok_per_s": 115441.3, "load": 4.28857421875}
{"event": "step", "step": 155000, "loss": 4.7921, "lr": 0.0016590757931406947, "gnorm": 1.787, "tok_per_s": 115408.5, "load": 4.6123046875}
{"event": "eval_quick", "step": 155000, "bpb": 1.6532842318494967, "nats_per_token": 4.984851028756334, "tokens": 16379, "bytes": 71247}
{"event": "step", "step": 155200, "loss": 4.9188, "lr": 0.001656239632570422, "gnorm": 2.338, "tok_per_s": 114909.5, "load": 4.47607421875}
{"event": "step", "step": 155400, "loss": 5.0447, "lr": 0.00165340344445995, "gnorm": 1.483, "tok_per_s": 115313.2, "load": 4.53076171875}
{"event": "step", "step": 155600, "loss": 4.9444, "lr": 0.0016505672413275134, "gnorm": 1.865, "tok_per_s": 115230.0, "load": 4.71533203125}
{"event": "step", "step": 155800, "loss": 4.8214, "lr": 0.0016477310356914133, "gnorm": 0.863, "tok_per_s": 115646.8, "load": 4.70458984375}
{"event": "step", "step": 156000, "loss": 4.9696, "lr": 0.0016448948400699618, "gnorm": 1.114, "tok_per_s": 115831.3, "load": 4.6220703125}
{"event": "step", "step": 156200, "loss": 4.8114, "lr": 0.0016420586669814283, "gnorm": 2.259, "tok_per_s": 98649.1, "load": 4.4833984375}
{"event": "step", "step": 156400, "loss": 4.9794, "lr": 0.0016392225289439794, "gnorm": 2.11, "tok_per_s": 115844.1, "load": 4.37548828125}
{"event": "step", "step": 156600, "loss": 4.6979, "lr": 0.0016363864384756311, "gnorm": 0.944, "tok_per_s": 115703.5, "load": 8.9365234375}
{"event": "step", "step": 156800, "loss": 4.8118, "lr": 0.0016335504080941864, "gnorm": 2.703, "tok_per_s": 115508.2, "load": 8.14990234375}
{"event": "step", "step": 157000, "loss": 4.9436, "lr": 0.0016307144503171834, "gnorm": 0.909, "tok_per_s": 115351.3, "load": 7.88623046875}
{"event": "step", "step": 157200, "loss": 4.8742, "lr": 0.0016278785776618425, "gnorm": 1.413, "tok_per_s": 115329.3, "load": 7.42529296875}
{"event": "step", "step": 157400, "loss": 4.8487, "lr": 0.0016250428026450047, "gnorm": 1.907, "tok_per_s": 115367.2, "load": 11.427734375}
{"event": "step", "step": 157600, "loss": 5.0091, "lr": 0.0016222071377830815, "gnorm": 1.615, "tok_per_s": 115387.6, "load": 9.94189453125}
{"event": "step", "step": 157800, "loss": 4.8235, "lr": 0.0016193715955919996, "gnorm": 1.372, "tok_per_s": 115394.3, "load": 8.69287109375}
{"event": "step", "step": 158000, "loss": 4.7305, "lr": 0.0016165361885871422, "gnorm": 2.223, "tok_per_s": 115373.8, "load": 7.80029296875}
{"event": "step", "step": 158200, "loss": 5.1207, "lr": 0.0016137009292832962, "gnorm": 1.672, "tok_per_s": 95042.9, "load": 6.95751953125}
{"event": "step", "step": 158400, "loss": 4.8643, "lr": 0.0016108658301945983, "gnorm": 3.178, "tok_per_s": 115375.5, "load": 6.30126953125}
{"event": "step", "step": 158600, "loss": 5.0471, "lr": 0.0016080309038344759, "gnorm": 2.762, "tok_per_s": 115378.5, "load": 5.8583984375}
{"event": "step", "step": 158800, "loss": 4.8242, "lr": 0.0016051961627155948, "gnorm": 4.007, "tok_per_s": 115354.9, "load": 5.4462890625}
{"event": "step", "step": 159000, "loss": 4.7242, "lr": 0.0016023616193498048, "gnorm": 0.916, "tok_per_s": 115233.7, "load": 5.9697265625}
{"event": "step", "step": 159200, "loss": 4.782, "lr": 0.0015995272862480798, "gnorm": 1.681, "tok_per_s": 115325.1, "load": 5.666015625}
{"event": "step", "step": 159400, "loss": 4.8841, "lr": 0.0015966931759204672, "gnorm": 1.202, "tok_per_s": 115347.8, "load": 5.2958984375}
{"event": "step", "step": 159600, "loss": 4.9748, "lr": 0.0015938593008760318, "gnorm": 1.279, "tok_per_s": 115389.4, "load": 5.00830078125}
{"event": "step", "step": 159800, "loss": 4.934, "lr": 0.0015910256736227993, "gnorm": 3.061, "tok_per_s": 115313.2, "load": 4.85205078125}
{"event": "step", "step": 160000, "loss": 4.9527, "lr": 0.0015881923066677014, "gnorm": 2.972, "tok_per_s": 115338.3, "load": 4.7431640625}
{"event": "eval_quick", "step": 160000, "bpb": 1.6465179919558586, "nats_per_token": 4.964450000763172, "tokens": 16379, "bytes": 71247}
{"event": "step", "step": 160200, "loss": 4.9097, "lr": 0.0015853592125165213, "gnorm": 2.07, "tok_per_s": 94537.0, "load": 4.57763671875}
{"event": "step", "step": 160400, "loss": 5.0652, "lr": 0.001582526403673838, "gnorm": 2.595, "tok_per_s": 115403.0, "load": 4.44873046875}
{"event": "step", "step": 160600, "loss": 4.975, "lr": 0.001579693892642971, "gnorm": 1.773, "tok_per_s": 115427.6, "load": 4.4228515625}
{"event": "step", "step": 160800, "loss": 4.8842, "lr": 0.0015768616919259256, "gnorm": 2.032, "tok_per_s": 115446.7, "load": 4.32861328125}
{"event": "step", "step": 161000, "loss": 5.0923, "lr": 0.0015740298140233377, "gnorm": 1.621, "tok_per_s": 115461.5, "load": 4.3359375}
{"event": "step", "step": 161200, "loss": 4.9488, "lr": 0.0015711982714344175, "gnorm": 1.826, "tok_per_s": 115424.6, "load": 4.2607421875}
{"event": "step", "step": 161400, "loss": 4.9183, "lr": 0.0015683670766568967, "gnorm": 1.813, "tok_per_s": 115454.7, "load": 4.22021484375}
{"event": "step", "step": 161600, "loss": 4.8332, "lr": 0.0015655362421869703, "gnorm": 1.374, "tok_per_s": 115414.6, "load": 4.24462890625}
{"event": "step", "step": 161800, "loss": 4.8769, "lr": 0.0015627057805192434, "gnorm": 2.176, "tok_per_s": 115431.2, "load": 4.33154296875}
{"event": "step", "step": 162000, "loss": 4.8547, "lr": 0.0015598757041466766, "gnorm": 2.37, "tok_per_s": 115404.1, "load": 4.33837890625}
{"event": "step", "step": 162200, "loss": 4.82, "lr": 0.0015570460255605286, "gnorm": 1.681, "tok_per_s": 94592.5, "load": 4.34326171875}
{"event": "step", "step": 162400, "loss": 4.6494, "lr": 0.0015542167572503024, "gnorm": 2.052, "tok_per_s": 115493.9, "load": 4.2666015625}
{"event": "step", "step": 162600, "loss": 4.8302, "lr": 0.0015513879117036921, "gnorm": 1.599, "tok_per_s": 115468.2, "load": 4.36767578125}
{"event": "step", "step": 162800, "loss": 4.8563, "lr": 0.001548559501406523, "gnorm": 1.222, "tok_per_s": 115490.6, "load": 4.353515625}
{"event": "step", "step": 163000, "loss": 4.9703, "lr": 0.001545731538842702, "gnorm": 1.128, "tok_per_s": 115477.4, "load": 4.2744140625}
{"event": "step", "step": 163200, "loss": 4.7618, "lr": 0.0015429040364941578, "gnorm": 2.268, "tok_per_s": 115373.8, "load": 4.28076171875}
{"event": "step", "step": 163400, "loss": 4.9799, "lr": 0.0015400770068407887, "gnorm": 2.059, "tok_per_s": 115393.0, "load": 4.37841796875}
{"event": "step", "step": 163600, "loss": 4.9984, "lr": 0.0015372504623604062, "gnorm": 2.093, "tok_per_s": 115383.7, "load": 4.3193359375}
{"event": "step", "step": 163800, "loss": 5.0083, "lr": 0.001534424415528681, "gnorm": 2.467, "tok_per_s": 115327.9, "load": 4.4580078125}
{"event": "step", "step": 164000, "loss": 4.7776, "lr": 0.0015315988788190868, "gnorm": 2.61, "tok_per_s": 115288.8, "load": 4.51611328125}
{"event": "step", "step": 164200, "loss": 4.774, "lr": 0.0015287738647028464, "gnorm": 1.294, "tok_per_s": 94662.0, "load": 4.91259765625}
{"event": "step", "step": 164400, "loss": 4.7126, "lr": 0.0015259493856488748, "gnorm": 1.474, "tok_per_s": 115382.4, "load": 4.77197265625}
{"event": "step", "step": 164600, "loss": 4.8839, "lr": 0.001523125454123726, "gnorm": 1.92, "tok_per_s": 115313.1, "load": 4.9150390625}
{"event": "step", "step": 164800, "loss": 4.8803, "lr": 0.0015203020825915387, "gnorm": 1.187, "tok_per_s": 115413.9, "load": 5.28466796875}
{"event": "step", "step": 165000, "loss": 4.8986, "lr": 0.0015174792835139774, "gnorm": 1.741, "tok_per_s": 115425.5, "load": 5.54248046875}
{"event": "eval_quick", "step": 165000, "bpb": 1.6291269314188745, "nats_per_token": 4.912013859209964, "tokens": 16379, "bytes": 71247}
{"event": "step", "step": 165200, "loss": 4.8105, "lr": 0.001514657069350181, "gnorm": 1.598, "tok_per_s": 114957.1, "load": 5.2001953125}
{"event": "step", "step": 165400, "loss": 4.8689, "lr": 0.001511835452556708, "gnorm": 2.647, "tok_per_s": 115444.5, "load": 4.93359375}
{"event": "step", "step": 165600, "loss": 4.887, "lr": 0.0015090144455874785, "gnorm": 1.568, "tok_per_s": 115740.5, "load": 4.72607421875}
{"event": "step", "step": 165800, "loss": 4.9092, "lr": 0.0015061940608937215, "gnorm": 1.443, "tok_per_s": 115890.1, "load": 4.68798828125}
{"event": "step", "step": 166000, "loss": 4.8052, "lr": 0.0015033743109239205, "gnorm": 1.381, "tok_per_s": 115834.4, "load": 4.53515625}
{"event": "step", "step": 166200, "loss": 5.0234, "lr": 0.0015005552081237558, "gnorm": 1.902, "tok_per_s": 95910.2, "load": 8.6142578125}
{"event": "step", "step": 166400, "loss": 5.0318, "lr": 0.0014977367649360515, "gnorm": 1.233, "tok_per_s": 115507.9, "load": 7.80078125}
{"event": "step", "step": 166600, "loss": 4.8396, "lr": 0.001494918993800722, "gnorm": 1.302, "tok_per_s": 115409.8, "load": 7.2158203125}
{"event": "step", "step": 166800, "loss": 4.7651, "lr": 0.001492101907154714, "gnorm": 2.078, "tok_per_s": 115431.0, "load": 6.5703125}
{"event": "step", "step": 167000, "loss": 4.6817, "lr": 0.0014892855174319525, "gnorm": 3.522, "tok_per_s": 115424.6, "load": 6.08056640625}
{"event": "step", "step": 167200, "loss": 4.8634, "lr": 0.0014864698370632885, "gnorm": 2.462, "tok_per_s": 115439.0, "load": 5.619140625}
{"event": "step", "step": 167400, "loss": 4.9531, "lr": 0.00148365487847644, "gnorm": 3.92, "tok_per_s": 115408.1, "load": 5.33984375}
{"event": "step", "step": 167600, "loss": 5.0111, "lr": 0.0014808406540959401, "gnorm": 2.347, "tok_per_s": 115445.0, "load": 5.12255859375}
{"event": "step", "step": 167800, "loss": 4.8813, "lr": 0.0014780271763430817, "gnorm": 4.804, "tok_per_s": 115396.1, "load": 4.94921875}
{"event": "step", "step": 168000, "loss": 4.7877, "lr": 0.001475214457635862, "gnorm": 2.467, "tok_per_s": 115419.9, "load": 7.46142578125}
{"event": "step", "step": 168200, "loss": 4.8349, "lr": 0.001472402510388927, "gnorm": 5.952, "tok_per_s": 95442.7, "load": 6.81689453125}
{"event": "step", "step": 168400, "loss": 4.6993, "lr": 0.001469591347013519, "gnorm": 2.857, "tok_per_s": 115493.2, "load": 6.19287109375}
{"event": "step", "step": 168600, "loss": 4.7829, "lr": 0.0014667809799174202, "gnorm": 0.892, "tok_per_s": 115462.8, "load": 5.935546875}
{"event": "step", "step": 168800, "loss": 4.8843, "lr": 0.0014639714215048969, "gnorm": 1.031, "tok_per_s": 115434.5, "load": 5.580078125}
{"event": "step", "step": 169000, "loss": 4.8693, "lr": 0.0014611626841766483, "gnorm": 2.729, "tok_per_s": 115404.9, "load": 5.302734375}
{"event": "step", "step": 169200, "loss": 4.8766, "lr": 0.0014583547803297477, "gnorm": 1.474, "tok_per_s": 115448.4, "load": 5.013671875}
{"event": "step", "step": 169400, "loss": 4.633, "lr": 0.0014555477223575912, "gnorm": 3.766, "tok_per_s": 115426.4, "load": 4.78857421875}
{"event": "step", "step": 169600, "loss": 4.9006, "lr": 0.00145274152264984, "gnorm": 2.741, "tok_per_s": 115431.1, "load": 9.25244140625}
{"event": "step", "step": 169800, "loss": 4.6377, "lr": 0.0014499361935923672, "gnorm": 1.98, "tok_per_s": 115432.4, "load": 8.08837890625}
{"event": "step", "step": 170000, "loss": 4.9958, "lr": 0.001447131747567204, "gnorm": 1.463, "tok_per_s": 115419.4, "load": 7.45947265625}
{"event": "eval_quick", "step": 170000, "bpb": 1.6430527678144964, "nats_per_token": 4.954001932733989, "tokens": 16379, "bytes": 71247}
{"event": "step", "step": 170200, "loss": 5.0441, "lr": 0.0014443281969524833, "gnorm": 2.159, "tok_per_s": 95009.5, "load": 6.61865234375}
{"event": "step", "step": 170400, "loss": 4.7946, "lr": 0.0014415255541223866, "gnorm": 1.494, "tok_per_s": 115363.1, "load": 6.17919921875}
{"event": "step", "step": 170600, "loss": 4.9341, "lr": 0.0014387238314470885, "gnorm": 1.71, "tok_per_s": 115412.2, "load": 5.77587890625}
{"event": "step", "step": 170800, "loss": 4.818, "lr": 0.0014359230412927017, "gnorm": 1.757, "tok_per_s": 115470.6, "load": 5.50244140625}
{"event": "step", "step": 171000, "loss": 4.8138, "lr": 0.0014331231960212222, "gnorm": 1.955, "tok_per_s": 115435.7, "load": 5.48974609375}
{"event": "step", "step": 171200, "loss": 4.8944, "lr": 0.0014303243079904786, "gnorm": 2.901, "tok_per_s": 115379.3, "load": 5.9169921875}
{"event": "step", "step": 171400, "loss": 4.785, "lr": 0.0014275263895540717, "gnorm": 3.446, "tok_per_s": 115423.6, "load": 5.7998046875}
{"event": "step", "step": 171600, "loss": 5.02, "lr": 0.0014247294530613228, "gnorm": 4.072, "tok_per_s": 115463.7, "load": 5.56103515625}
{"event": "step", "step": 171800, "loss": 4.9529, "lr": 0.0014219335108572211, "gnorm": 6.037, "tok_per_s": 115439.0, "load": 5.41845703125}
{"event": "step", "step": 172000, "loss": 4.9466, "lr": 0.0014191385752823657, "gnorm": 2.061, "tok_per_s": 115146.1, "load": 5.4736328125}
{"event": "step", "step": 172200, "loss": 4.8697, "lr": 0.0014163446586729126, "gnorm": 1.481, "tok_per_s": 93943.5, "load": 5.28271484375}
{"event": "step", "step": 172400, "loss": 4.8291, "lr": 0.0014135517733605213, "gnorm": 2.373, "tok_per_s": 115495.3, "load": 4.998046875}
{"event": "step", "step": 172600, "loss": 4.8388, "lr": 0.0014107599316722985, "gnorm": 1.198, "tok_per_s": 115532.5, "load": 4.8447265625}
{"event": "step", "step": 172800, "loss": 4.7568, "lr": 0.001407969145930745, "gnorm": 1.664, "tok_per_s": 115501.9, "load": 4.65673828125}
{"event": "step", "step": 173000, "loss": 5.0375, "lr": 0.0014051794284537014, "gnorm": 2.36, "tok_per_s": 115525.8, "load": 4.55517578125}
{"event": "step", "step": 173200, "loss": 4.8329, "lr": 0.0014023907915542925, "gnorm": 1.429, "tok_per_s": 115483.3, "load": 4.57373046875}
{"event": "step", "step": 173400, "loss": 4.9827, "lr": 0.0013996032475408733, "gnorm": 2.242, "tok_per_s": 115481.9, "load": 4.44580078125}
{"event": "step", "step": 173600, "loss": 5.052, "lr": 0.0013968168087169768, "gnorm": 1.137, "tok_per_s": 115314.4, "load": 4.5810546875}
{"event": "step", "step": 173800, "loss": 5.0837, "lr": 0.0013940314873812564, "gnorm": 2.939, "tok_per_s": 115286.0, "load": 4.59423828125}
{"event": "step", "step": 174000, "loss": 4.8792, "lr": 0.0013912472958274335, "gnorm": 4.028, "tok_per_s": 115372.7, "load": 4.4619140625}
{"event": "step", "step": 174200, "loss": 5.067, "lr": 0.0013884642463442432, "gnorm": 2.921, "tok_per_s": 95201.8, "load": 4.35888671875}
{"event": "step", "step": 174400, "loss": 5.0266, "lr": 0.0013856823512153802, "gnorm": 1.53, "tok_per_s": 115467.8, "load": 4.27880859375}
{"event": "step", "step": 174600, "loss": 4.7322, "lr": 0.0013829016227194428, "gnorm": 1.158, "tok_per_s": 115427.0, "load": 6.05859375}
{"event": "step", "step": 174800, "loss": 4.8275, "lr": 0.0013801220731298814, "gnorm": 1.353, "tok_per_s": 115455.2, "load": 5.83642578125}
{"event": "step", "step": 175000, "loss": 4.724, "lr": 0.0013773437147149418, "gnorm": 1.189, "tok_per_s": 115434.7, "load": 5.42919921875}
{"event": "eval_quick", "step": 175000, "bpb": 1.6557677650867422, "nats_per_token": 4.9923391805055255, "tokens": 16379, "bytes": 71247}
{"event": "step", "step": 175200, "loss": 4.764, "lr": 0.001374566559737614, "gnorm": 1.48, "tok_per_s": 114944.8, "load": 5.36962890625}
{"event": "step", "step": 175400, "loss": 4.9075, "lr": 0.001371790620455575, "gnorm": 1.813, "tok_per_s": 115428.2, "load": 7.5419921875}
{"event": "step", "step": 175600, "loss": 4.8735, "lr": 0.0013690159091211353, "gnorm": 1.669, "tok_per_s": 115405.0, "load": 6.7568359375}
{"event": "step", "step": 175800, "loss": 4.9491, "lr": 0.0013662424379811884, "gnorm": 1.342, "tok_per_s": 115513.9, "load": 6.21337890625}
{"event": "step", "step": 176000, "loss": 5.0614, "lr": 0.0013634702192771503, "gnorm": 3.363, "tok_per_s": 115476.7, "load": 5.72265625}
{"event": "step", "step": 176200, "loss": 4.6686, "lr": 0.0013606992652449117, "gnorm": 2.92, "tok_per_s": 95235.4, "load": 5.34033203125}
{"event": "step", "step": 176400, "loss": 4.8616, "lr": 0.0013579295881147799, "gnorm": 1.095, "tok_per_s": 115447.5, "load": 5.04296875}
{"event": "step", "step": 176600, "loss": 4.9458, "lr": 0.0013551612001114273, "gnorm": 1.081, "tok_per_s": 115464.3, "load": 4.81103515625}
{"event": "step", "step": 176800, "loss": 4.9622, "lr": 0.0013523941134538351, "gnorm": 1.426, "tok_per_s": 115411.6, "load": 6.59619140625}
{"event": "step", "step": 177000, "loss": 4.8983, "lr": 0.0013496283403552428, "gnorm": 1.949, "tok_per_s": 115441.9, "load": 6.0205078125}
{"event": "step", "step": 177200, "loss": 5.0106, "lr": 0.0013468638930230902, "gnorm": 2.067, "tok_per_s": 115442.2, "load": 5.572265625}
{"event": "step", "step": 177400, "loss": 4.9415, "lr": 0.0013441007836589652, "gnorm": 2.083, "tok_per_s": 115415.2, "load": 5.49072265625}
{"event": "step", "step": 177600, "loss": 4.7401, "lr": 0.0013413390244585532, "gnorm": 1.071, "tok_per_s": 115443.2, "load": 5.22802734375}
{"event": "step", "step": 177800, "loss": 4.8502, "lr": 0.0013385786276115768, "gnorm": 1.701, "tok_per_s": 115445.2, "load": 4.955078125}
{"event": "step", "step": 178000, "loss": 4.8067, "lr": 0.0013358196053017471, "gnorm": 2.014, "tok_per_s": 115445.2, "load": 4.74267578125}
{"event": "step", "step": 178200, "loss": 4.8674, "lr": 0.0013330619697067092, "gnorm": 1.578, "tok_per_s": 94513.9, "load": 4.818359375}
{"event": "step", "step": 178400, "loss": 5.1489, "lr": 0.0013303057329979858, "gnorm": 3.644, "tok_per_s": 115462.1, "load": 4.70458984375}
{"event": "step", "step": 178600, "loss": 4.8288, "lr": 0.0013275509073409264, "gnorm": 2.205, "tok_per_s": 115427.4, "load": 4.6162109375}
{"event": "step", "step": 178800, "loss": 4.9313, "lr": 0.001324797504894652, "gnorm": 2.521, "tok_per_s": 115373.5, "load": 4.6826171875}
{"event": "step", "step": 179000, "loss": 4.8374, "lr": 0.0013220455378120022, "gnorm": 1.549, "tok_per_s": 115346.4, "load": 4.53125}
{"event": "step", "step": 179200, "loss": 4.7538, "lr": 0.0013192950182394807, "gnorm": 1.33, "tok_per_s": 115334.5, "load": 4.548828125}
{"event": "step", "step": 179400, "loss": 4.8962, "lr": 0.0013165459583172035, "gnorm": 1.273, "tok_per_s": 115263.1, "load": 4.81494140625}
{"event": "step", "step": 179600, "loss": 4.9875, "lr": 0.0013137983701788428, "gnorm": 1.913, "tok_per_s": 115288.8, "load": 4.8369140625}
{"event": "step", "step": 179800, "loss": 4.8017, "lr": 0.0013110522659515746, "gnorm": 1.326, "tok_per_s": 115416.3, "load": 4.80517578125}
{"event": "step", "step": 180000, "loss": 4.7851, "lr": 0.0013083076577560268, "gnorm": 2.308, "tok_per_s": 115462.8, "load": 4.6259765625}
{"event": "eval_quick", "step": 180000, "bpb": 1.6261928533915357, "nats_per_token": 4.903167260669149, "tokens": 16379, "bytes": 71247}
{"event": "step", "step": 180200, "loss": 4.7495, "lr": 0.0013055645577062227, "gnorm": 2.449, "tok_per_s": 94223.1, "load": 5.041015625}
{"event": "step", "step": 180400, "loss": 4.9742, "lr": 0.001302822977909529, "gnorm": 2.935, "tok_per_s": 115520.5, "load": 5.0283203125}
{"event": "step", "step": 180600, "loss": 4.9863, "lr": 0.0013000829304666047, "gnorm": 2.983, "tok_per_s": 115504.3, "load": 4.7998046875}
{"event": "step", "step": 180800, "loss": 4.7704, "lr": 0.0012973444274713413, "gnorm": 2.228, "tok_per_s": 115491.1, "load": 4.6220703125}
{"event": "step", "step": 181000, "loss": 4.8754, "lr": 0.0012946074810108168, "gnorm": 2.939, "tok_per_s": 115349.0, "load": 4.8603515625}
{"event": "step", "step": 181200, "loss": 4.982, "lr": 0.0012918721031652384, "gnorm": 2.109, "tok_per_s": 115334.5, "load": 4.82958984375}
{"event": "step", "step": 181400, "loss": 5.0105, "lr": 0.0012891383060078883, "gnorm": 2.024, "tok_per_s": 115329.9, "load": 4.64501953125}
{"event": "step", "step": 181600, "loss": 5.0408, "lr": 0.0012864061016050745, "gnorm": 1.687, "tok_per_s": 115313.6, "load": 4.50146484375}
{"event": "step", "step": 181800, "loss": 4.9287, "lr": 0.0012836755020160728, "gnorm": 1.347, "tok_per_s": 115358.5, "load": 4.58447265625}
{"event": "step", "step": 182000, "loss": 4.8065, "lr": 0.0012809465192930758, "gnorm": 1.855, "tok_per_s": 115331.1, "load": 5.99658203125}
{"event": "step", "step": 182200, "loss": 4.6743, "lr": 0.0012782191654811413, "gnorm": 1.392, "tok_per_s": 95122.3, "load": 5.42919921875}
{"event": "step", "step": 182400, "loss": 4.7587, "lr": 0.0012754934526181365, "gnorm": 2.587, "tok_per_s": 115384.7, "load": 5.11181640625}
{"event": "step", "step": 182600, "loss": 4.8392, "lr": 0.0012727693927346853, "gnorm": 2.703, "tok_per_s": 115384.9, "load": 4.9404296875}
{"event": "step", "step": 182800, "loss": 4.8553, "lr": 0.0012700469978541165, "gnorm": 1.339, "tok_per_s": 115350.0, "load": 4.79931640625}
{"event": "step", "step": 183000, "loss": 4.9699, "lr": 0.0012673262799924102, "gnorm": 1.863, "tok_per_s": 115367.2, "load": 4.62158203125}
{"event": "step", "step": 183200, "loss": 4.9014, "lr": 0.0012646072511581432, "gnorm": 1.782, "tok_per_s": 115365.6, "load": 4.63818359375}
{"event": "step", "step": 183400, "loss": 4.84, "lr": 0.0012618899233524396, "gnorm": 3.696, "tok_per_s": 115413.8, "load": 4.5703125}
{"event": "step", "step": 183600, "loss": 4.9114, "lr": 0.0012591743085689133, "gnorm": 2.208, "tok_per_s": 115396.2, "load": 4.44287109375}
{"event": "step", "step": 183800, "loss": 4.9686, "lr": 0.0012564604187936183, "gnorm": 3.566, "tok_per_s": 115378.7, "load": 4.34423828125}
{"event": "step", "step": 184000, "loss": 4.7707, "lr": 0.0012537482660049959, "gnorm": 4.337, "tok_per_s": 115396.5, "load": 4.291015625}
{"event": "step", "step": 184200, "loss": 5.0862, "lr": 0.0012510378621738193, "gnorm": 6.736, "tok_per_s": 95339.2, "load": 4.20751953125}
{"event": "step", "step": 184400, "loss": 4.8727, "lr": 0.0012483292192631418, "gnorm": 2.549, "tok_per_s": 115424.0, "load": 4.16064453125}
{"event": "step", "step": 184600, "loss": 4.6628, "lr": 0.0012456223492282468, "gnorm": 2.035, "tok_per_s": 115438.0, "load": 4.26025390625}
{"event": "step", "step": 184800, "loss": 5.0962, "lr": 0.0012429172640165893, "gnorm": 2.172, "tok_per_s": 115405.5, "load": 4.2939453125}
{"event": "step", "step": 185000, "loss": 4.7871, "lr": 0.00124021397556775, "gnorm": 5.864, "tok_per_s": 115364.3, "load": 4.22802734375}
{"event": "eval_quick", "step": 185000, "bpb": 1.6734202460119385, "nats_per_token": 5.045563536006472, "tokens": 16379, "bytes": 71247}
{"event": "step", "step": 185200, "loss": 4.8561, "lr": 0.0012375124958133774, "gnorm": 3.085, "tok_per_s": 114890.7, "load": 4.1767578125}
{"event": "step", "step": 185400, "loss": 4.9797, "lr": 0.0012348128366771363, "gnorm": 3.418, "tok_per_s": 115065.4, "load": 4.57470703125}
{"event": "step", "step": 185600, "loss": 5.0306, "lr": 0.0012321150100746562, "gnorm": 10.926, "tok_per_s": 115369.3, "load": 4.51513671875}
{"event": "step", "step": 185800, "loss": 4.7047, "lr": 0.0012294190279134793, "gnorm": 1.968, "tok_per_s": 115403.9, "load": 4.400390625}
{"event": "step", "step": 186000, "loss": 5.0072, "lr": 0.0012267249020930064, "gnorm": 3.94, "tok_per_s": 115417.6, "load": 4.60595703125}
{"event": "step", "step": 186200, "loss": 4.9159, "lr": 0.001224032644504443, "gnorm": 3.007, "tok_per_s": 95430.4, "load": 4.470703125}
{"event": "step", "step": 186400, "loss": 4.8003, "lr": 0.0012213422670307522, "gnorm": 2.027, "tok_per_s": 115455.6, "load": 4.36572265625}
{"event": "step", "step": 186600, "loss": 4.9152, "lr": 0.0012186537815465953, "gnorm": 3.284, "tok_per_s": 115451.2, "load": 4.42041015625}
{"event": "step", "step": 186800, "loss": 4.8549, "lr": 0.0012159671999182843, "gnorm": 4.827, "tok_per_s": 115305.5, "load": 4.9375}
{"event": "step", "step": 187000, "loss": 4.8723, "lr": 0.0012132825340037292, "gnorm": 2.129, "tok_per_s": 115438.5, "load": 8.39697265625}
{"event": "step", "step": 187200, "loss": 4.7692, "lr": 0.0012105997956523824, "gnorm": 4.084, "tok_per_s": 115397.0, "load": 7.48974609375}
{"event": "step", "step": 187400, "loss": 4.8426, "lr": 0.0012079189967051894, "gnorm": 3.796, "tok_per_s": 115444.1, "load": 6.7158203125}
{"event": "step", "step": 187600, "loss": 4.901, "lr": 0.0012052401489945365, "gnorm": 1.759, "tok_per_s": 115403.9, "load": 6.19384765625}
{"event": "step", "step": 187800, "loss": 4.7877, "lr": 0.001202563264344196, "gnorm": 5.83, "tok_per_s": 115441.9, "load": 5.70751953125}
{"event": "step", "step": 188000, "loss": 4.8187, "lr": 0.001199888354569278, "gnorm": 3.328, "tok_per_s": 115420.2, "load": 5.32861328125}
{"event": "step", "step": 188200, "loss": 4.9298, "lr": 0.0011972154314761733, "gnorm": 2.216, "tok_per_s": 95360.4, "load": 5.1943359375}
{"event": "step", "step": 188400, "loss": 4.8254, "lr": 0.0011945445068625058, "gnorm": 6.554, "tok_per_s": 115391.7, "load": 5.90869140625}
{"event": "step", "step": 188600, "loss": 4.9331, "lr": 0.0011918755925170786, "gnorm": 2.339, "tok_per_s": 115424.1, "load": 5.4853515625}
{"event": "step", "step": 188800, "loss": 4.816, "lr": 0.001189208700219821, "gnorm": 2.239, "tok_per_s": 115437.1, "load": 5.22314453125}
{"event": "step", "step": 189000, "loss": 4.9889, "lr": 0.0011865438417417375, "gnorm": 2.709, "tok_per_s": 115395.1, "load": 5.03466796875}
{"event": "step", "step": 189200, "loss": 4.9076, "lr": 0.0011838810288448576, "gnorm": 4.561, "tok_per_s": 115425.2, "load": 4.8046875}
{"event": "step", "step": 189400, "loss": 4.8801, "lr": 0.0011812202732821805, "gnorm": 3.388, "tok_per_s": 115404.3, "load": 4.6259765625}
{"event": "step", "step": 189600, "loss": 4.6974, "lr": 0.0011785615867976242, "gnorm": 3.768, "tok_per_s": 115408.3, "load": 4.8876953125}
{"event": "step", "step": 189800, "loss": 4.851, "lr": 0.001175904981125976, "gnorm": 2.284, "tok_per_s": 115402.8, "load": 4.7646484375}
{"event": "step", "step": 190000, "loss": 4.8168, "lr": 0.0011732504679928385, "gnorm": 5.289, "tok_per_s": 115405.3, "load": 4.59423828125}
{"event": "eval_quick", "step": 190000, "bpb": 1.6146673386602701, "nats_per_token": 4.86841644598266, "tokens": 16379, "bytes": 71247}
{"event": "step", "step": 190200, "loss": 4.8461, "lr": 0.0011705980591145773, "gnorm": 5.188, "tok_per_s": 94909.2, "load": 4.4619140625}
{"event": "step", "step": 190400, "loss": 4.8465, "lr": 0.0011679477661982716, "gnorm": 1.888, "tok_per_s": 115510.8, "load": 4.35888671875}
{"event": "step", "step": 190600, "loss": 5.0525, "lr": 0.0011652996009416615, "gnorm": 4.123, "tok_per_s": 115476.0, "load": 4.27880859375}
{"event": "step", "step": 190800, "loss": 4.858, "lr": 0.0011626535750330945, "gnorm": 3.428, "tok_per_s": 115489.7, "load": 4.28466796875}
{"event": "step", "step": 191000, "loss": 4.8124, "lr": 0.0011600097001514765, "gnorm": 2.978, "tok_per_s": 115466.9, "load": 4.22119140625}
{"event": "step", "step": 191200, "loss": 4.9207, "lr": 0.0011573679879662204, "gnorm": 3.734, "tok_per_s": 115434.7, "load": 4.1865234375}
{"event": "step", "step": 191400, "loss": 4.8049, "lr": 0.0011547284501371906, "gnorm": 2.917, "tok_per_s": 115444.7, "load": 4.14453125}
{"event": "step", "step": 191600, "loss": 4.9366, "lr": 0.001152091098314658, "gnorm": 1.276, "tok_per_s": 115394.0, "load": 4.1923828125}
{"event": "step", "step": 191800, "loss": 4.9997, "lr": 0.0011494559441392418, "gnorm": 2.837, "tok_per_s": 115438.4, "load": 4.22998046875}
{"event": "step", "step": 192000, "loss": 4.8737, "lr": 0.0011468229992418633, "gnorm": 3.799, "tok_per_s": 115423.9, "load": 4.54248046875}
{"event": "step", "step": 192200, "loss": 4.7615, "lr": 0.0011441922752436927, "gnorm": 1.795, "tok_per_s": 95250.1, "load": 4.421875}
{"event": "step", "step": 192400, "loss": 4.8464, "lr": 0.0011415637837560964, "gnorm": 4.246, "tok_per_s": 115397.0, "load": 4.70458984375}
{"event": "step", "step": 192600, "loss": 5.041, "lr": 0.0011389375363805873, "gnorm": 3.261, "tok_per_s": 115403.6, "load": 4.68408203125}
{"event": "step", "step": 192800, "loss": 4.8563, "lr": 0.0011363135447087747, "gnorm": 4.253, "tok_per_s": 115429.7, "load": 4.60546875}
{"event": "step", "step": 193000, "loss": 4.7888, "lr": 0.0011336918203223101, "gnorm": 6.444, "tok_per_s": 115411.8, "load": 4.55126953125}
{"event": "step", "step": 193200, "loss": 4.8982, "lr": 0.0011310723747928388, "gnorm": 1.335, "tok_per_s": 115443.1, "load": 4.49658203125}
{"event": "step", "step": 193400, "loss": 4.7414, "lr": 0.0011284552196819473, "gnorm": 4.657, "tok_per_s": 115418.9, "load": 4.419921875}
{"event": "step", "step": 193600, "loss": 4.8409, "lr": 0.0011258403665411127, "gnorm": 1.842, "tok_per_s": 115442.4, "load": 4.326171875}
{"event": "step", "step": 193800, "loss": 4.8899, "lr": 0.0011232278269116525, "gnorm": 5.205, "tok_per_s": 115401.5, "load": 4.33349609375}
{"event": "step", "step": 194000, "loss": 4.9198, "lr": 0.0011206176123246723, "gnorm": 7.602, "tok_per_s": 115432.4, "load": 4.3330078125}
{"event": "step", "step": 194200, "loss": 4.9023, "lr": 0.0011180097343010146, "gnorm": 2.001, "tok_per_s": 95133.4, "load": 4.79541015625}
{"event": "step", "step": 194400, "loss": 4.8938, "lr": 0.001115404204351212, "gnorm": 7.937, "tok_per_s": 115446.4, "load": 4.75439453125}
{"event": "step", "step": 194600, "loss": 4.8954, "lr": 0.0011128010339754297, "gnorm": 4.789, "tok_per_s": 115489.1, "load": 4.5869140625}
{"event": "step", "step": 194800, "loss": 4.8436, "lr": 0.0011102002346634204, "gnorm": 2.575, "tok_per_s": 115439.3, "load": 4.4560546875}
{"event": "step", "step": 195000, "loss": 4.7925, "lr": 0.0011076018178944706, "gnorm": 7.423, "tok_per_s": 115412.0, "load": 4.3544921875}
{"event": "eval_quick", "step": 195000, "bpb": 1.6269157341563993, "nats_per_token": 4.9053468332163135, "tokens": 16379, "bytes": 71247}
{"event": "step", "step": 195200, "loss": 5.0065, "lr": 0.0011050057951373512, "gnorm": 4.052, "tok_per_s": 114933.9, "load": 4.27490234375}
{"event": "step", "step": 195400, "loss": 4.7964, "lr": 0.0011024121778502667, "gnorm": 3.021, "tok_per_s": 115404.8, "load": 4.212890625}
{"event": "step", "step": 195600, "loss": 4.88, "lr": 0.0010998209774808045, "gnorm": 2.33, "tok_per_s": 115241.0, "load": 4.57470703125}
{"event": "step", "step": 195800, "loss": 4.7719, "lr": 0.0010972322054658842, "gnorm": 3.034, "tok_per_s": 115261.0, "load": 4.5830078125}
{"event": "step", "step": 196000, "loss": 4.7245, "lr": 0.001094645873231706, "gnorm": 2.687, "tok_per_s": 115278.1, "load": 4.521484375}
{"event": "step", "step": 196200, "loss": 4.9567, "lr": 0.001092061992193704, "gnorm": 3.009, "tok_per_s": 94763.2, "load": 4.44677734375}
{"event": "step", "step": 196400, "loss": 4.8657, "lr": 0.0010894805737564914, "gnorm": 4.184, "tok_per_s": 115390.9, "load": 4.37744140625}
{"event": "step", "step": 196600, "loss": 4.881, "lr": 0.0010869016293138124, "gnorm": 2.86, "tok_per_s": 115347.3, "load": 5.08251953125}
{"event": "step", "step": 196800, "loss": 4.8581, "lr": 0.0010843251702484919, "gnorm": 4.401, "tok_per_s": 115382.0, "load": 4.90966796875}
{"event": "step", "step": 197000, "loss": 4.8334, "lr": 0.0010817512079323859, "gnorm": 4.841, "tok_per_s": 115385.0, "load": 4.775390625}
{"event": "step", "step": 197200, "loss": 4.7339, "lr": 0.0010791797537263279, "gnorm": 2.441, "tok_per_s": 115356.4, "load": 4.60302734375}
{"event": "step", "step": 197400, "loss": 4.7437, "lr": 0.0010766108189800836, "gnorm": 2.374, "tok_per_s": 115342.6, "load": 4.46923828125}
{"event": "step", "step": 197600, "loss": 4.9519, "lr": 0.0010740444150322973, "gnorm": 2.023, "tok_per_s": 115355.6, "load": 4.4326171875}
{"event": "step", "step": 197800, "loss": 5.0336, "lr": 0.0010714805532104428, "gnorm": 2.719, "tok_per_s": 115338.2, "load": 4.36572265625}
{"event": "step", "step": 198000, "loss": 4.8852, "lr": 0.0010689192448307748, "gnorm": 2.699, "tok_per_s": 115370.7, "load": 4.2841796875}
{"event": "step", "step": 198200, "loss": 4.8898, "lr": 0.001066360501198277, "gnorm": 4.428, "tok_per_s": 95143.4, "load": 4.740234375}
{"event": "step", "step": 198400, "loss": 4.8269, "lr": 0.0010638043336066117, "gnorm": 1.542, "tok_per_s": 115410.2, "load": 4.57568359375}
{"event": "step", "step": 198600, "loss": 4.8797, "lr": 0.001061250753338073, "gnorm": 5.686, "tok_per_s": 115398.4, "load": 4.48681640625}
{"event": "step", "step": 198800, "loss": 4.874, "lr": 0.001058699771663535, "gnorm": 1.799, "tok_per_s": 115368.4, "load": 4.37841796875}
{"event": "step", "step": 199000, "loss": 5.0753, "lr": 0.0010561513998424003, "gnorm": 5.346, "tok_per_s": 115399.0, "load": 4.7744140625}
{"event": "step", "step": 199200, "loss": 4.908, "lr": 0.0010536056491225556, "gnorm": 1.82, "tok_per_s": 115353.4, "load": 4.67626953125}
{"event": "step", "step": 199400, "loss": 4.9114, "lr": 0.0010510625307403158, "gnorm": 1.425, "tok_per_s": 115389.3, "load": 4.59423828125}
{"event": "step", "step": 199600, "loss": 4.8815, "lr": 0.0010485220559203784, "gnorm": 3.392, "tok_per_s": 115269.2, "load": 4.73974609375}
{"event": "step", "step": 199800, "loss": 4.9463, "lr": 0.0010459842358757731, "gnorm": 1.636, "tok_per_s": 115441.6, "load": 4.5751953125}
{"event": "step", "step": 200000, "loss": 4.9823, "lr": 0.0010434490818078113, "gnorm": 1.678, "tok_per_s": 115441.0, "load": 4.486328125}
{"event": "eval_quick", "step": 200000, "bpb": 1.6299150684077246, "nats_per_token": 4.914390187129861, "tokens": 16379, "bytes": 71247}
{"event": "step", "step": 200200, "loss": 4.8047, "lr": 0.0010409166049060396, "gnorm": 2.38, "tok_per_s": 94840.0, "load": 4.34765625}
{"event": "step", "step": 200400, "loss": 4.8322, "lr": 0.001038386816348184, "gnorm": 2.064, "tok_per_s": 115494.2, "load": 4.34375}
{"event": "step", "step": 200600, "loss": 4.7635, "lr": 0.0010358597273001091, "gnorm": 3.982, "tok_per_s": 115472.2, "load": 4.34130859375}
{"event": "step", "step": 200800, "loss": 5.0758, "lr": 0.0010333353489157624, "gnorm": 3.698, "tok_per_s": 115463.5, "load": 4.28857421875}
{"event": "step", "step": 201000, "loss": 4.9075, "lr": 0.001030813692337128, "gnorm": 1.505, "tok_per_s": 115481.2, "load": 4.22412109375}
{"event": "step", "step": 201200, "loss": 4.6507, "lr": 0.0010282947686941748, "gnorm": 2.078, "tok_per_s": 115464.3, "load": 4.25439453125}
{"event": "step", "step": 201400, "loss": 4.8223, "lr": 0.0010257785891048129, "gnorm": 1.51, "tok_per_s": 115472.6, "load": 4.197265625}
{"event": "step", "step": 201600, "loss": 4.6134, "lr": 0.001023265164674837, "gnorm": 1.586, "tok_per_s": 115249.8, "load": 4.68212890625}
{"event": "step", "step": 201800, "loss": 4.8602, "lr": 0.001020754506497883, "gnorm": 2.839, "tok_per_s": 115311.8, "load": 4.67919921875}
{"event": "step", "step": 202000, "loss": 4.7775, "lr": 0.0010182466256553771, "gnorm": 1.886, "tok_per_s": 115329.7, "load": 4.52783203125}
{"event": "step", "step": 202200, "loss": 4.9576, "lr": 0.0010157415332164876, "gnorm": 3.663, "tok_per_s": 95053.3, "load": 4.57080078125}
{"event": "step", "step": 202400, "loss": 5.0825, "lr": 0.001013239240238074, "gnorm": 4.346, "tok_per_s": 115233.6, "load": 4.443359375}
{"event": "step", "step": 202600, "loss": 4.7282, "lr": 0.0010107397577646402, "gnorm": 3.969, "tok_per_s": 115363.9, "load": 4.3447265625}
{"event": "step", "step": 202800, "loss": 4.8639, "lr": 0.0010082430968282867, "gnorm": 2.999, "tok_per_s": 115390.4, "load": 4.42236328125}
{"event": "step", "step": 203000, "loss": 4.9626, "lr": 0.0010057492684486576, "gnorm": 1.816, "tok_per_s": 115151.9, "load": 4.5849609375}
{"event": "step", "step": 203200, "loss": 4.9546, "lr": 0.0010032582836328986, "gnorm": 1.663, "tok_per_s": 115343.7, "load": 4.67138671875}
{"event": "step", "step": 203400, "loss": 4.9323, "lr": 0.0010007701533756006, "gnorm": 2.173, "tok_per_s": 115273.4, "load": 4.818359375}
{"event": "step", "step": 203600, "loss": 4.8558, "lr": 0.0009982848886587576, "gnorm": 3.457, "tok_per_s": 115213.8, "load": 4.63623046875}
{"event": "step", "step": 203800, "loss": 4.8357, "lr": 0.0009958025004517157, "gnorm": 3.973, "tok_per_s": 115276.9, "load": 5.11083984375}
{"event": "step", "step": 204000, "loss": 4.8305, "lr": 0.000993322999711124, "gnorm": 2.1, "tok_per_s": 115339.5, "load": 4.86376953125}
{"event": "step", "step": 204200, "loss": 4.6701, "lr": 0.0009908463973808872, "gnorm": 2.702, "tok_per_s": 95327.8, "load": 4.671875}
{"event": "step", "step": 204400, "loss": 4.882, "lr": 0.000988372704392117, "gnorm": 3.282, "tok_per_s": 115393.2, "load": 4.6025390625}
{"event": "step", "step": 204600, "loss": 4.8567, "lr": 0.000985901931663085, "gnorm": 4.747, "tok_per_s": 115375.8, "load": 4.54296875}
{"event": "step", "step": 204800, "loss": 4.9337, "lr": 0.0009834340900991725, "gnorm": 2.868, "tok_per_s": 115319.1, "load": 8.7529296875}
{"event": "step", "step": 205000, "loss": 4.8035, "lr": 0.000980969190592824, "gnorm": 4.849, "tok_per_s": 115476.2, "load": 7.69921875}
{"event": "eval_quick", "step": 205000, "bpb": 1.6262342218826207, "nats_per_token": 4.903291991650894, "tokens": 16379, "bytes": 71247}
{"event": "step", "step": 205200, "loss": 4.7958, "lr": 0.0009785072440234976, "gnorm": 1.44, "tok_per_s": 114905.7, "load": 7.1298828125}
{"event": "step", "step": 205400, "loss": 4.7058, "lr": 0.0009760482612576184, "gnorm": 2.794, "tok_per_s": 115436.3, "load": 6.435546875}
{"event": "step", "step": 205600, "loss": 4.9613, "lr": 0.0009735922531485299, "gnorm": 2.777, "tok_per_s": 115389.1, "load": 5.96875}
{"event": "step", "step": 205800, "loss": 4.722, "lr": 0.0009711392305364467, "gnorm": 4.294, "tok_per_s": 115411.7, "load": 5.66796875}
{"event": "step", "step": 206000, "loss": 4.9613, "lr": 0.0009686892042484055, "gnorm": 2.122, "tok_per_s": 115389.8, "load": 5.2978515625}
{"event": "step", "step": 206200, "loss": 5.0151, "lr": 0.0009662421850982188, "gnorm": 1.819, "tok_per_s": 94788.1, "load": 5.08984375}
{"event": "step", "step": 206400, "loss": 4.8523, "lr": 0.0009637981838864249, "gnorm": 3.852, "tok_per_s": 115417.5, "load": 4.84765625}
{"event": "step", "step": 206600, "loss": 4.8349, "lr": 0.0009613572114002427, "gnorm": 2.938, "tok_per_s": 115281.3, "load": 4.9619140625}
{"event": "step", "step": 206800, "loss": 4.7423, "lr": 0.0009589192784135236, "gnorm": 5.095, "tok_per_s": 115427.9, "load": 4.81640625}
{"event": "step", "step": 207000, "loss": 4.6998, "lr": 0.0009564843956867008, "gnorm": 1.524, "tok_per_s": 115393.1, "load": 4.634765625}
{"event": "step", "step": 207200, "loss": 4.7979, "lr": 0.0009540525739667486, "gnorm": 1.862, "tok_per_s": 115409.3, "load": 4.57373046875}
{"event": "step", "step": 207400, "loss": 4.8194, "lr": 0.0009516238239871268, "gnorm": 1.643, "tok_per_s": 115352.2, "load": 4.48486328125}
{"event": "step", "step": 207600, "loss": 4.9538, "lr": 0.0009491981564677394, "gnorm": 1.622, "tok_per_s": 115395.4, "load": 4.37646484375}
{"event": "step", "step": 207800, "loss": 4.7991, "lr": 0.0009467755821148848, "gnorm": 1.818, "tok_per_s": 115365.3, "load": 4.373046875}
{"event": "step", "step": 208000, "loss": 4.8781, "lr": 0.0009443561116212091, "gnorm": 1.761, "tok_per_s": 115391.8, "load": 6.13134765625}
{"event": "step", "step": 208200, "loss": 4.8403, "lr": 0.0009419397556656579, "gnorm": 1.76, "tok_per_s": 94603.9, "load": 5.88037109375}
{"event": "step", "step": 208400, "loss": 4.8792, "lr": 0.0009395265249134306, "gnorm": 3.485, "tok_per_s": 115290.6, "load": 5.6044921875}
{"event": "step", "step": 208600, "loss": 4.6983, "lr": 0.0009371164300159331, "gnorm": 2.054, "tok_per_s": 115328.0, "load": 8.7294921875}
{"event": "step", "step": 208800, "loss": 4.7328, "lr": 0.0009347094816107295, "gnorm": 1.184, "tok_per_s": 115340.7, "load": 8.40234375}
{"event": "step", "step": 209000, "loss": 4.9209, "lr": 0.0009323056903214976, "gnorm": 2.835, "tok_per_s": 115245.1, "load": 7.5126953125}
{"event": "step", "step": 209200, "loss": 5.0125, "lr": 0.000929905066757978, "gnorm": 2.857, "tok_per_s": 115334.2, "load": 6.580078125}
{"event": "step", "step": 209400, "loss": 4.8562, "lr": 0.0009275076215159322, "gnorm": 1.483, "tok_per_s": 115304.1, "load": 6.18701171875}
{"event": "step", "step": 209600, "loss": 4.8744, "lr": 0.0009251133651770915, "gnorm": 3.266, "tok_per_s": 115286.9, "load": 5.69677734375}
{"event": "step", "step": 209800, "loss": 4.8007, "lr": 0.000922722308309114, "gnorm": 1.925, "tok_per_s": 115343.3, "load": 8.89404296875}
{"event": "step", "step": 210000, "loss": 4.7883, "lr": 0.0009203344614655338, "gnorm": 2.807, "tok_per_s": 115380.4, "load": 7.51416015625}
{"event": "eval_quick", "step": 210000, "bpb": 1.631195435071566, "nats_per_token": 4.918250646788571, "tokens": 16379, "bytes": 71247}
{"event": "step", "step": 210200, "loss": 4.8495, "lr": 0.0009179498351857196, "gnorm": 3.842, "tok_per_s": 94934.3, "load": 6.1884765625}
{"event": "step", "step": 210400, "loss": 4.8718, "lr": 0.0009155684399948225, "gnorm": 2.205, "tok_per_s": 115413.2, "load": 5.69140625}
{"event": "step", "step": 210600, "loss": 4.8601, "lr": 0.0009131902864037343, "gnorm": 1.183, "tok_per_s": 115397.4, "load": 8.71728515625}
{"event": "step", "step": 210800, "loss": 5.0039, "lr": 0.000910815384909039, "gnorm": 2.311, "tok_per_s": 115388.6, "load": 7.228515625}
{"event": "step", "step": 211000, "loss": 4.6989, "lr": 0.0009084437459929653, "gnorm": 2.613, "tok_per_s": 115389.2, "load": 6.06982421875}
{"event": "step", "step": 211200, "loss": 4.7532, "lr": 0.0009060753801233424, "gnorm": 1.421, "tok_per_s": 115386.0, "load": 5.30322265625}
{"event": "step", "step": 211400, "loss": 4.8869, "lr": 0.0009037102977535543, "gnorm": 1.988, "tok_per_s": 115382.7, "load": 4.638671875}
{"event": "step", "step": 211600, "loss": 4.8689, "lr": 0.0009013485093224912, "gnorm": 5.2, "tok_per_s": 115374.2, "load": 4.05322265625}
{"event": "step", "step": 211800, "loss": 4.6911, "lr": 0.0008989900252545034, "gnorm": 2.362, "tok_per_s": 115379.9, "load": 3.7373046875}
{"event": "step", "step": 212000, "loss": 4.7297, "lr": 0.0008966348559593604, "gnorm": 1.443, "tok_per_s": 115385.8, "load": 3.3515625}
{"event": "step", "step": 212200, "loss": 4.8831, "lr": 0.0008942830118321961, "gnorm": 2.011, "tok_per_s": 95126.1, "load": 3.4091796875}
{"event": "step", "step": 212400, "loss": 4.7931, "lr": 0.0008919345032534732, "gnorm": 1.576, "tok_per_s": 115411.6, "load": 3.1640625}
{"event": "step", "step": 212600, "loss": 4.7901, "lr": 0.0008895893405889277, "gnorm": 2.013, "tok_per_s": 115432.1, "load": 3.05859375}
{"event": "step", "step": 212800, "loss": 5.0516, "lr": 0.0008872475341895296, "gnorm": 4.932, "tok_per_s": 115367.8, "load": 2.8974609375}
{"event": "step", "step": 213000, "loss": 4.8151, "lr": 0.0008849090943914358, "gnorm": 1.581, "tok_per_s": 115280.2, "load": 2.8583984375}
{"event": "step", "step": 213200, "loss": 4.8264, "lr": 0.0008825740315159417, "gnorm": 2.482, "tok_per_s": 115438.0, "load": 2.81005859375}
{"event": "step", "step": 213400, "loss": 4.8105, "lr": 0.0008802423558694396, "gnorm": 2.27, "tok_per_s": 115483.2, "load": 2.7041015625}
{"event": "step", "step": 213600, "loss": 4.8228, "lr": 0.0008779140777433709, "gnorm": 1.22, "tok_per_s": 115466.1, "load": 2.54736328125}
{"event": "step", "step": 213800, "loss": 5.035, "lr": 0.0008755892074141818, "gnorm": 1.487, "tok_per_s": 115319.1, "load": 2.7646484375}
{"event": "step", "step": 214000, "loss": 4.8013, "lr": 0.0008732677551432747, "gnorm": 1.46, "tok_per_s": 115449.4, "load": 2.66259765625}
{"event": "step", "step": 214200, "loss": 4.9335, "lr": 0.00087094973117697, "gnorm": 2.097, "tok_per_s": 95540.3, "load": 2.54833984375}
{"event": "step", "step": 214400, "loss": 4.8119, "lr": 0.0008686351457464521, "gnorm": 2.318, "tok_per_s": 115563.7, "load": 2.42626953125}
{"event": "step", "step": 214600, "loss": 4.8202, "lr": 0.000866324009067731, "gnorm": 2.309, "tok_per_s": 115484.2, "load": 2.3603515625}
{"event": "step", "step": 214800, "loss": 4.8016, "lr": 0.0008640163313415946, "gnorm": 1.935, "tok_per_s": 115526.1, "load": 2.34765625}
{"event": "step", "step": 215000, "loss": 4.6927, "lr": 0.000861712122753562, "gnorm": 4.153, "tok_per_s": 115503.6, "load": 2.35009765625}
{"event": "eval_quick", "step": 215000, "bpb": 1.6212211992067525, "nats_per_token": 4.888177124671836, "tokens": 16379, "bytes": 71247}
{"event": "step", "step": 215200, "loss": 4.993, "lr": 0.0008594113934738431, "gnorm": 2.358, "tok_per_s": 114986.3, "load": 2.34033203125}
{"event": "step", "step": 215400, "loss": 4.7085, "lr": 0.0008571141536572886, "gnorm": 1.815, "tok_per_s": 115458.2, "load": 6.7490234375}
{"event": "step", "step": 215600, "loss": 4.7579, "lr": 0.0008548204134433495, "gnorm": 1.218, "tok_per_s": 115424.5, "load": 5.76416015625}
{"event": "step", "step": 215800, "loss": 4.9069, "lr": 0.0008525301829560286, "gnorm": 2.583, "tok_per_s": 115396.1, "load": 9.5712890625}
{"event": "step", "step": 216000, "loss": 4.8124, "lr": 0.0008502434723038397, "gnorm": 2.372, "tok_per_s": 115457.0, "load": 8.48046875}
{"event": "step", "step": 216200, "loss": 4.9832, "lr": 0.0008479602915797584, "gnorm": 3.175, "tok_per_s": 94869.7, "load": 6.78173828125}
{"event": "step", "step": 216400, "loss": 4.6088, "lr": 0.0008456806508611825, "gnorm": 1.575, "tok_per_s": 115405.8, "load": 6.0849609375}
{"event": "step", "step": 216600, "loss": 4.9865, "lr": 0.0008434045602098834, "gnorm": 1.99, "tok_per_s": 115493.7, "load": 5.1796875}
{"event": "step", "step": 216800, "loss": 4.8949, "lr": 0.0008411320296719647, "gnorm": 2.237, "tok_per_s": 115467.3, "load": 4.6904296875}
{"event": "step", "step": 217000, "loss": 4.8762, "lr": 0.0008388630692778148, "gnorm": 1.944, "tok_per_s": 115455.1, "load": 4.09375}
{"event": "step", "step": 217200, "loss": 4.8522, "lr": 0.0008365976890420659, "gnorm": 2.585, "tok_per_s": 115403.0, "load": 3.62939453125}
{"event": "step", "step": 217400, "loss": 4.8263, "lr": 0.0008343358989635485, "gnorm": 1.716, "tok_per_s": 115380.7, "load": 3.4033203125}
{"event": "step", "step": 217600, "loss": 4.7046, "lr": 0.0008320777090252446, "gnorm": 1.479, "tok_per_s": 115321.8, "load": 3.326171875}
{"event": "step", "step": 217800, "loss": 4.7603, "lr": 0.0008298231291942497, "gnorm": 2.095, "tok_per_s": 115466.9, "load": 3.09912109375}
{"event": "step", "step": 218000, "loss": 4.8105, "lr": 0.0008275721694217215, "gnorm": 3.31, "tok_per_s": 115507.4, "load": 2.85498046875}
{"event": "step", "step": 218200, "loss": 5.0814, "lr": 0.0008253248396428427, "gnorm": 2.637, "tok_per_s": 95249.0, "load": 2.74560546875}
{"event": "step", "step": 218400, "loss": 4.8991, "lr": 0.000823081149776772, "gnorm": 1.512, "tok_per_s": 115697.4, "load": 2.57958984375}
{"event": "step", "step": 218600, "loss": 4.5669, "lr": 0.0008208411097266035, "gnorm": 3.228, "tok_per_s": 115644.9, "load": 2.4501953125}
{"event": "step", "step": 218800, "loss": 4.8315, "lr": 0.0008186047293793216, "gnorm": 3.354, "tok_per_s": 115641.4, "load": 2.35009765625}
{"event": "step", "step": 219000, "loss": 4.7447, "lr": 0.0008163720186057582, "gnorm": 2.037, "tok_per_s": 115635.5, "load": 2.2958984375}
{"event": "step", "step": 219200, "loss": 4.8851, "lr": 0.0008141429872605471, "gnorm": 2.619, "tok_per_s": 115638.3, "load": 2.22998046875}
{"event": "step", "step": 219400, "loss": 4.8519, "lr": 0.0008119176451820839, "gnorm": 2.007, "tok_per_s": 115677.1, "load": 2.25244140625}
{"event": "step", "step": 219600, "loss": 5.0845, "lr": 0.0008096960021924798, "gnorm": 1.671, "tok_per_s": 115650.2, "load": 2.26953125}
{"event": "step", "step": 219800, "loss": 4.6243, "lr": 0.0008074780680975176, "gnorm": 1.588, "tok_per_s": 115731.2, "load": 2.28955078125}
{"event": "step", "step": 220000, "loss": 5.1181, "lr": 0.0008052638526866138, "gnorm": 2.491, "tok_per_s": 115685.9, "load": 2.224609375}
{"event": "eval_quick", "step": 220000, "bpb": 1.6405061931099572, "nats_per_token": 4.946323703370169, "tokens": 16379, "bytes": 71247}
{"event": "step", "step": 220200, "loss": 4.7299, "lr": 0.0008030533657327676, "gnorm": 2.838, "tok_per_s": 96686.1, "load": 4.5263671875}
{"event": "step", "step": 220400, "loss": 4.6986, "lr": 0.0008008466169925239, "gnorm": 1.602, "tok_per_s": 115771.5, "load": 4.0458984375}
{"event": "step", "step": 220600, "loss": 4.6966, "lr": 0.0007986436162059277, "gnorm": 1.527, "tok_per_s": 115721.5, "load": 3.66552734375}
{"event": "step", "step": 220800, "loss": 4.8752, "lr": 0.0007964443730964811, "gnorm": 1.179, "tok_per_s": 115362.0, "load": 3.82568359375}
{"event": "step", "step": 221000, "loss": 4.8947, "lr": 0.0007942488973711006, "gnorm": 1.718, "tok_per_s": 115362.3, "load": 3.6181640625}
{"event": "step", "step": 221200, "loss": 4.9878, "lr": 0.0007920571987200751, "gnorm": 1.944, "tok_per_s": 115359.9, "load": 3.41943359375}
{"event": "step", "step": 221400, "loss": 4.8469, "lr": 0.0007898692868170221, "gnorm": 2.648, "tok_per_s": 115090.2, "load": 3.61669921875}
{"event": "step", "step": 221600, "loss": 5.0427, "lr": 0.0007876851713188441, "gnorm": 1.438, "tok_per_s": 115242.0, "load": 3.46142578125}
{"event": "step", "step": 221800, "loss": 4.7646, "lr": 0.0007855048618656902, "gnorm": 1.463, "tok_per_s": 115402.0, "load": 3.13720703125}
{"event": "step", "step": 222000, "loss": 4.783, "lr": 0.000783328368080907, "gnorm": 2.977, "tok_per_s": 115402.2, "load": 2.884765625}
{"event": "step", "step": 222200, "loss": 4.7735, "lr": 0.0007811556995710024, "gnorm": 1.274, "tok_per_s": 95050.6, "load": 2.68798828125}
{"event": "step", "step": 222400, "loss": 4.7369, "lr": 0.0007789868659255991, "gnorm": 2.103, "tok_per_s": 115625.2, "load": 2.53515625}
{"event": "step", "step": 222600, "loss": 4.8031, "lr": 0.0007768218767173943, "gnorm": 1.648, "tok_per_s": 115627.8, "load": 2.49658203125}
{"event": "step", "step": 222800, "loss": 4.8144, "lr": 0.0007746607415021157, "gnorm": 1.542, "tok_per_s": 115633.9, "load": 2.61474609375}
{"event": "step", "step": 223000, "loss": 4.9173, "lr": 0.0007725034698184825, "gnorm": 2.568, "tok_per_s": 115623.4, "load": 2.61376953125}
{"event": "step", "step": 223200, "loss": 4.7641, "lr": 0.0007703500711881591, "gnorm": 1.44, "tok_per_s": 115639.9, "load": 2.51904296875}
{"event": "step", "step": 223400, "loss": 4.8542, "lr": 0.0007682005551157162, "gnorm": 2.579, "tok_per_s": 115628.6, "load": 2.4033203125}
{"event": "step", "step": 223600, "loss": 4.661, "lr": 0.0007660549310885883, "gnorm": 3.293, "tok_per_s": 115650.1, "load": 2.39404296875}
{"event": "step", "step": 223800, "loss": 4.9199, "lr": 0.0007639132085770297, "gnorm": 2.552, "tok_per_s": 115374.2, "load": 2.67041015625}
{"event": "step", "step": 224000, "loss": 4.8267, "lr": 0.0007617753970340762, "gnorm": 3.076, "tok_per_s": 115543.0, "load": 2.58935546875}
{"event": "step", "step": 224200, "loss": 4.7874, "lr": 0.0007596415058955006, "gnorm": 3.606, "tok_per_s": 94744.3, "load": 2.45849609375}
{"event": "step", "step": 224400, "loss": 4.8031, "lr": 0.0007575115445797723, "gnorm": 3.656, "tok_per_s": 115838.2, "load": 2.4365234375}
{"event": "step", "step": 224600, "loss": 4.8738, "lr": 0.0007553855224880152, "gnorm": 3.565, "tok_per_s": 115742.8, "load": 2.33935546875}
{"event": "step", "step": 224800, "loss": 4.8587, "lr": 0.0007532634490039671, "gnorm": 1.516, "tok_per_s": 115753.2, "load": 2.34375}
{"event": "step", "step": 225000, "loss": 4.8628, "lr": 0.0007511453334939363, "gnorm": 3.607, "tok_per_s": 115499.4, "load": 2.8525390625}
{"event": "eval_quick", "step": 225000, "bpb": 1.6084795457557388, "nats_per_token": 4.849759505311679, "tokens": 16379, "bytes": 71247}
{"event": "step", "step": 225200, "loss": 4.5959, "lr": 0.0007490311853067628, "gnorm": 1.515, "tok_per_s": 115233.2, "load": 2.72119140625}
{"event": "step", "step": 225400, "loss": 4.7265, "lr": 0.0007469210137737757, "gnorm": 1.576, "tok_per_s": 115742.7, "load": 2.560546875}
{"event": "step", "step": 225600, "loss": 4.914, "lr": 0.0007448148282087506, "gnorm": 4.321, "tok_per_s": 115709.9, "load": 2.43603515625}
{"event": "step", "step": 225800, "loss": 4.8345, "lr": 0.000742712637907873, "gnorm": 1.559, "tok_per_s": 115706.7, "load": 2.3388671875}
{"event": "step", "step": 226000, "loss": 4.9378, "lr": 0.0007406144521496911, "gnorm": 2.371, "tok_per_s": 115710.8, "load": 2.26318359375}
{"event": "step", "step": 226200, "loss": 5.0443, "lr": 0.0007385202801950799, "gnorm": 2.966, "tok_per_s": 94805.1, "load": 2.2041015625}
{"event": "step", "step": 226400, "loss": 4.7409, "lr": 0.0007364301312871983, "gnorm": 2.617, "tok_per_s": 115860.4, "load": 2.158203125}
{"event": "step", "step": 226600, "loss": 4.9201, "lr": 0.0007343440146514484, "gnorm": 2.337, "tok_per_s": 115760.4, "load": 2.1904296875}
{"event": "step", "step": 226800, "loss": 4.9184, "lr": 0.0007322619394954332, "gnorm": 4.58, "tok_per_s": 115668.8, "load": 2.1474609375}
{"event": "step", "step": 227000, "loss": 4.6827, "lr": 0.000730183915008921, "gnorm": 3.86, "tok_per_s": 115712.1, "load": 2.11376953125}
{"event": "step", "step": 227200, "loss": 4.7688, "lr": 0.000728109950363798, "gnorm": 2.129, "tok_per_s": 115778.6, "load": 2.087890625}
{"event": "step", "step": 227400, "loss": 4.9029, "lr": 0.0007260400547140335, "gnorm": 2.017, "tok_per_s": 115735.9, "load": 2.07373046875}
{"event": "step", "step": 227600, "loss": 4.5601, "lr": 0.0007239742371956366, "gnorm": 1.823, "tok_per_s": 115757.9, "load": 2.05615234375}
{"event": "step", "step": 227800, "loss": 4.7965, "lr": 0.0007219125069266156, "gnorm": 1.736, "tok_per_s": 115718.1, "load": 2.04296875}
{"event": "step", "step": 228000, "loss": 4.8505, "lr": 0.0007198548730069402, "gnorm": 1.827, "tok_per_s": 115624.3, "load": 11.6103515625}
{"event": "step", "step": 228200, "loss": 4.7264, "lr": 0.0007178013445184988, "gnorm": 1.924, "tok_per_s": 94876.2, "load": 9.48095703125}
{"event": "step", "step": 228400, "loss": 4.7421, "lr": 0.0007157519305250606, "gnorm": 2.689, "tok_per_s": 115893.9, "load": 7.8232421875}
{"event": "step", "step": 228600, "loss": 4.8624, "lr": 0.000713706640072232, "gnorm": 1.398, "tok_per_s": 115847.3, "load": 6.60595703125}
{"event": "step", "step": 228800, "loss": 5.004, "lr": 0.0007116654821874228, "gnorm": 1.747, "tok_per_s": 115837.1, "load": 5.5849609375}
{"event": "step", "step": 229000, "loss": 4.5742, "lr": 0.0007096284658797988, "gnorm": 2.191, "tok_per_s": 115803.3, "load": 4.8583984375}
{"event": "step", "step": 229200, "loss": 4.8189, "lr": 0.0007075956001402487, "gnorm": 2.822, "tok_per_s": 115795.4, "load": 4.224609375}
{"event": "step", "step": 229400, "loss": 4.8726, "lr": 0.0007055668939413401, "gnorm": 4.593, "tok_per_s": 115802.6, "load": 3.88232421875}
{"event": "step", "step": 229600, "loss": 4.7992, "lr": 0.0007035423562372827, "gnorm": 2.634, "tok_per_s": 115705.5, "load": 4.11181640625}
{"event": "step", "step": 229800, "loss": 4.6921, "lr": 0.0007015219959638856, "gnorm": 1.328, "tok_per_s": 115800.4, "load": 3.72314453125}
{"event": "step", "step": 230000, "loss": 4.8818, "lr": 0.0006995058220385215, "gnorm": 1.88, "tok_per_s": 115785.8, "load": 3.3408203125}
{"event": "eval_quick", "step": 230000, "bpb": 1.6116176977926353, "nats_per_token": 4.8592214115635874, "tokens": 16379, "bytes": 71247}
{"event": "step", "step": 230200, "loss": 4.849, "lr": 0.0006974938433600853, "gnorm": 2.212, "tok_per_s": 94755.2, "load": 3.19091796875}
{"event": "step", "step": 230400, "loss": 4.8736, "lr": 0.0006954860688089534, "gnorm": 1.156, "tok_per_s": 115930.8, "load": 2.92626953125}
{"event": "step", "step": 230600, "loss": 4.7773, "lr": 0.0006934825072469495, "gnorm": 1.723, "tok_per_s": 115901.5, "load": 2.720703125}
{"event": "step", "step": 230800, "loss": 4.8381, "lr": 0.0006914831675172983, "gnorm": 2.438, "tok_per_s": 115882.4, "load": 2.63427734375}
{"event": "step", "step": 231000, "loss": 4.9697, "lr": 0.0006894880584445945, "gnorm": 4.929, "tok_per_s": 115873.2, "load": 2.57373046875}
{"event": "step", "step": 231200, "loss": 4.9129, "lr": 0.0006874971888347558, "gnorm": 4.318, "tok_per_s": 115744.7, "load": 2.8896484375}
{"event": "step", "step": 231400, "loss": 4.7435, "lr": 0.0006855105674749906, "gnorm": 1.578, "tok_per_s": 115681.8, "load": 2.75244140625}
{"event": "step", "step": 231600, "loss": 4.8135, "lr": 0.0006835282031337559, "gnorm": 1.837, "tok_per_s": 115752.2, "load": 2.5849609375}
{"event": "step", "step": 231800, "loss": 4.7563, "lr": 0.0006815501045607183, "gnorm": 2.291, "tok_per_s": 115841.5, "load": 2.45458984375}
{"event": "step", "step": 232000, "loss": 4.7235, "lr": 0.0006795762804867175, "gnorm": 1.513, "tok_per_s": 115834.3, "load": 2.35302734375}
{"event": "step", "step": 232200, "loss": 5.0162, "lr": 0.0006776067396237264, "gnorm": 4.816, "tok_per_s": 94704.9, "load": 2.2744140625}
{"event": "step", "step": 232400, "loss": 4.7222, "lr": 0.0006756414906648132, "gnorm": 1.456, "tok_per_s": 115913.9, "load": 2.79833984375}
{"event": "step", "step": 232600, "loss": 4.7803, "lr": 0.0006736805422841006, "gnorm": 3.566, "tok_per_s": 115981.5, "load": 2.62109375}
{"event": "step", "step": 232800, "loss": 4.8912, "lr": 0.0006717239031367333, "gnorm": 2.815, "tok_per_s": 115940.8, "load": 2.55126953125}
{"event": "step", "step": 233000, "loss": 4.9033, "lr": 0.0006697715818588324, "gnorm": 3.702, "tok_per_s": 115954.9, "load": 2.42822265625}
{"event": "step", "step": 233200, "loss": 4.7055, "lr": 0.0006678235870674634, "gnorm": 1.693, "tok_per_s": 115914.8, "load": 2.33251953125}
{"event": "step", "step": 233400, "loss": 4.8497, "lr": 0.0006658799273605946, "gnorm": 3.691, "tok_per_s": 115906.7, "load": 2.326171875}
{"event": "step", "step": 233600, "loss": 4.8583, "lr": 0.0006639406113170614, "gnorm": 3.475, "tok_per_s": 115884.6, "load": 2.275390625}
{"event": "step", "step": 233800, "loss": 4.86, "lr": 0.0006620056474965256, "gnorm": 4.477, "tok_per_s": 115882.2, "load": 2.21337890625}
{"event": "step", "step": 234000, "loss": 4.7815, "lr": 0.000660075044439441, "gnorm": 2.909, "tok_per_s": 115867.1, "load": 2.16552734375}
{"event": "step", "step": 234200, "loss": 4.7134, "lr": 0.0006581488106670136, "gnorm": 1.718, "tok_per_s": 94968.8, "load": 2.12841796875}
{"event": "step", "step": 234400, "loss": 5.1114, "lr": 0.0006562269546811632, "gnorm": 3.179, "tok_per_s": 116010.9, "load": 2.1796875}
{"event": "step", "step": 234600, "loss": 4.7876, "lr": 0.0006543094849644897, "gnorm": 3.532, "tok_per_s": 115969.8, "load": 2.20751953125}
{"event": "step", "step": 234800, "loss": 4.753, "lr": 0.0006523964099802308, "gnorm": 3.221, "tok_per_s": 115973.4, "load": 2.16064453125}
{"event": "step", "step": 235000, "loss": 4.596, "lr": 0.0006504877381722277, "gnorm": 3.005, "tok_per_s": 115837.5, "load": 11.81396484375}
{"event": "eval_quick", "step": 235000, "bpb": 1.6033776955167958, "nats_per_token": 4.834376812534343, "tokens": 16379, "bytes": 71247}
{"event": "step", "step": 235200, "loss": 4.9239, "lr": 0.0006485834779648875, "gnorm": 1.793, "tok_per_s": 115407.9, "load": 9.70703125}
{"event": "step", "step": 235400, "loss": 5.0129, "lr": 0.0006466836377631454, "gnorm": 6.46, "tok_per_s": 115967.5, "load": 7.99951171875}
{"event": "step", "step": 235600, "loss": 4.9105, "lr": 0.0006447882259524267, "gnorm": 2.246, "tok_per_s": 115957.5, "load": 7.07666015625}
{"event": "step", "step": 235800, "loss": 5.0994, "lr": 0.0006428972508986122, "gnorm": 4.155, "tok_per_s": 115943.2, "load": 5.95166015625}
{"event": "step", "step": 236000, "loss": 4.7523, "lr": 0.0006410107209479999, "gnorm": 2.355, "tok_per_s": 115968.8, "load": 5.0751953125}
{"event": "step", "step": 236200, "loss": 4.8911, "lr": 0.000639128644427267, "gnorm": 3.019, "tok_per_s": 95114.8, "load": 4.33740234375}
{"event": "step", "step": 236400, "loss": 4.7911, "lr": 0.0006372510296434362, "gnorm": 5.437, "tok_per_s": 116103.4, "load": 3.9775390625}
{"event": "step", "step": 236600, "loss": 4.8694, "lr": 0.0006353778848838353, "gnorm": 3.41, "tok_per_s": 116058.6, "load": 3.6064453125}
{"event": "step", "step": 236800, "loss": 4.9344, "lr": 0.0006335092184160638, "gnorm": 2.895, "tok_per_s": 116034.4, "load": 3.330078125}
{"event": "step", "step": 237000, "loss": 4.9216, "lr": 0.0006316450384879545, "gnorm": 6.134, "tok_per_s": 116014.2, "load": 3.1826171875}
{"event": "step", "step": 237200, "loss": 4.9596, "lr": 0.0006297853533275382, "gnorm": 2.696, "tok_per_s": 115995.7, "load": 2.919921875}
{"event": "step", "step": 237400, "loss": 4.6711, "lr": 0.0006279301711430065, "gnorm": 6.212, "tok_per_s": 116024.7, "load": 2.7158203125}
{"event": "step", "step": 237600, "loss": 4.7988, "lr": 0.0006260795001226764, "gnorm": 7.7, "tok_per_s": 115966.2, "load": 2.60546875}
{"event": "step", "step": 237800, "loss": 4.8321, "lr": 0.0006242333484349527, "gnorm": 2.75, "tok_per_s": 115874.8, "load": 4.62060546875}
{"event": "step", "step": 238000, "loss": 4.9314, "lr": 0.0006223917242282943, "gnorm": 2.292, "tok_per_s": 115897.6, "load": 4.32861328125}
{"event": "step", "step": 238200, "loss": 4.8837, "lr": 0.0006205546356311766, "gnorm": 3.379, "tok_per_s": 94969.7, "load": 3.9599609375}
{"event": "step", "step": 238400, "loss": 5.0169, "lr": 0.0006187220907520545, "gnorm": 1.352, "tok_per_s": 116007.4, "load": 3.525390625}
{"event": "step", "step": 238600, "loss": 4.8008, "lr": 0.0006168940976793308, "gnorm": 3.516, "tok_per_s": 115904.8, "load": 3.6552734375}
{"event": "step", "step": 238800, "loss": 4.6829, "lr": 0.000615070664481315, "gnorm": 1.511, "tok_per_s": 116042.6, "load": 3.626953125}
{"event": "step", "step": 239000, "loss": 4.7161, "lr": 0.0006132517992061921, "gnorm": 3.797, "tok_per_s": 116019.8, "load": 3.26611328125}
{"event": "step", "step": 239200, "loss": 5.0691, "lr": 0.0006114375098819846, "gnorm": 10.825, "tok_per_s": 116027.1, "load": 2.9853515625}
{"event": "step", "step": 239400, "loss": 4.8075, "lr": 0.000609627804516519, "gnorm": 3.179, "tok_per_s": 115976.1, "load": 2.8349609375}
{"event": "step", "step": 239600, "loss": 4.9115, "lr": 0.0006078226910973876, "gnorm": 6.065, "tok_per_s": 115959.4, "load": 2.70654296875}
{"event": "step", "step": 239800, "loss": 4.8228, "lr": 0.0006060221775919161, "gnorm": 5.134, "tok_per_s": 115833.4, "load": 2.759765625}
{"event": "step", "step": 240000, "loss": 4.6348, "lr": 0.0006042262719471275, "gnorm": 1.669, "tok_per_s": 115879.8, "load": 2.5908203125}
{"event": "eval_quick", "step": 240000, "bpb": 1.6164938801442652, "nats_per_token": 4.873923688488309, "tokens": 16379, "bytes": 71247}
{"event": "step", "step": 240200, "loss": 5.0544, "lr": 0.0006024349820897063, "gnorm": 4.786, "tok_per_s": 94861.1, "load": 2.42236328125}
{"event": "step", "step": 240400, "loss": 4.832, "lr": 0.0006006483159259646, "gnorm": 1.808, "tok_per_s": 116017.5, "load": 2.35693359375}
{"event": "step", "step": 240600, "loss": 4.868, "lr": 0.0005988662813418056, "gnorm": 2.716, "tok_per_s": 116004.1, "load": 2.27734375}
{"event": "step", "step": 240800, "loss": 4.9904, "lr": 0.0005970888862026907, "gnorm": 3.974, "tok_per_s": 115947.9, "load": 2.283203125}
{"event": "step", "step": 241000, "loss": 5.0083, "lr": 0.0005953161383536043, "gnorm": 4.843, "tok_per_s": 115945.5, "load": 2.2939453125}
{"event": "step", "step": 241200, "loss": 4.8261, "lr": 0.0005935480456190182, "gnorm": 5.64, "tok_per_s": 115917.6, "load": 2.22802734375}
{"event": "step", "step": 241400, "loss": 4.9043, "lr": 0.0005917846158028566, "gnorm": 2.787, "tok_per_s": 116017.2, "load": 2.33154296875}
{"event": "step", "step": 241600, "loss": 4.892, "lr": 0.0005900258566884655, "gnorm": 1.578, "tok_per_s": 115981.1, "load": 2.35400390625}
{"event": "step", "step": 241800, "loss": 4.7285, "lr": 0.000588271776038573, "gnorm": 5.926, "tok_per_s": 115976.1, "load": 2.3486328125}
{"event": "step", "step": 242000, "loss": 4.686, "lr": 0.0005865223815952587, "gnorm": 3.314, "tok_per_s": 115963.6, "load": 2.2705078125}
{"event": "step", "step": 242200, "loss": 4.896, "lr": 0.0005847776810799187, "gnorm": 3.444, "tok_per_s": 95110.5, "load": 2.71044921875}
{"event": "step", "step": 242400, "loss": 4.7881, "lr": 0.0005830376821932303, "gnorm": 2.639, "tok_per_s": 116085.8, "load": 2.6005859375}
{"event": "step", "step": 242600, "loss": 4.7021, "lr": 0.0005813023926151197, "gnorm": 2.819, "tok_per_s": 116059.2, "load": 2.466796875}
{"event": "step", "step": 242800, "loss": 4.8537, "lr": 0.0005795718200047274, "gnorm": 4.602, "tok_per_s": 116018.8, "load": 2.36279296875}
{"event": "step", "step": 243000, "loss": 4.7697, "lr": 0.000577845972000374, "gnorm": 2.103, "tok_per_s": 116005.6, "load": 2.28173828125}
{"event": "step", "step": 243200, "loss": 4.6966, "lr": 0.0005761248562195269, "gnorm": 3.694, "tok_per_s": 115983.1, "load": 2.21875}
{"event": "step", "step": 243400, "loss": 4.9726, "lr": 0.0005744084802587675, "gnorm": 2.92, "tok_per_s": 115958.2, "load": 2.169921875}
{"event": "step", "step": 243600, "loss": 4.727, "lr": 0.0005726968516937554, "gnorm": 2.407, "tok_per_s": 115961.7, "load": 2.1435546875}
{"event": "step", "step": 243800, "loss": 4.7921, "lr": 0.000570989978079197, "gnorm": 2.299, "tok_per_s": 115971.1, "load": 2.25341796875}
{"event": "step", "step": 244000, "loss": 4.5517, "lr": 0.0005692878669488115, "gnorm": 3.332, "tok_per_s": 116000.5, "load": 2.1962890625}
{"event": "step", "step": 244200, "loss": 4.8273, "lr": 0.0005675905258152981, "gnorm": 2.192, "tok_per_s": 95225.5, "load": 2.22607421875}
{"event": "step", "step": 244400, "loss": 4.7944, "lr": 0.0005658979621703023, "gnorm": 2.378, "tok_per_s": 116077.6, "load": 2.1748046875}
{"event": "step", "step": 244600, "loss": 4.7234, "lr": 0.0005642101834843815, "gnorm": 3.992, "tok_per_s": 116036.2, "load": 2.13525390625}
{"event": "step", "step": 244800, "loss": 4.9205, "lr": 0.0005625271972069759, "gnorm": 1.717, "tok_per_s": 115994.5, "load": 2.1044921875}
{"event": "step", "step": 245000, "loss": 4.7183, "lr": 0.0005608490107663711, "gnorm": 3.689, "tok_per_s": 116004.2, "load": 2.08056640625}
{"event": "eval_quick", "step": 245000, "bpb": 1.6051559869442673, "nats_per_token": 4.839738575309848, "tokens": 16379, "bytes": 71247}
{"event": "step", "step": 245200, "loss": 4.6224, "lr": 0.0005591756315696689, "gnorm": 2.259, "tok_per_s": 115464.6, "load": 2.19775390625}
{"event": "step", "step": 245400, "loss": 4.8484, "lr": 0.0005575070670027515, "gnorm": 2.328, "tok_per_s": 115959.3, "load": 2.1533203125}
{"event": "step", "step": 245600, "loss": 5.0105, "lr": 0.0005558433244302527, "gnorm": 2.731, "tok_per_s": 115968.9, "load": 2.12890625}
{"event": "step", "step": 245800, "loss": 4.7236, "lr": 0.0005541844111955211, "gnorm": 2.605, "tok_per_s": 115972.5, "load": 2.099609375}
{"event": "step", "step": 246000, "loss": 4.57, "lr": 0.0005525303346205909, "gnorm": 2.262, "tok_per_s": 115842.1, "load": 2.31787109375}
{"event": "step", "step": 246200, "loss": 4.6952, "lr": 0.0005508811020061483, "gnorm": 1.88, "tok_per_s": 93876.2, "load": 10.2685546875}
{"event": "step", "step": 246400, "loss": 4.9152, "lr": 0.0005492367206314993, "gnorm": 2.918, "tok_per_s": 115971.3, "load": 8.99658203125}
{"event": "step", "step": 246600, "loss": 4.8128, "lr": 0.0005475971977545376, "gnorm": 2.622, "tok_per_s": 115973.9, "load": 7.5263671875}
{"event": "step", "step": 246800, "loss": 4.8302, "lr": 0.0005459625406117134, "gnorm": 2.908, "tok_per_s": 115909.4, "load": 6.3017578125}
{"event": "step", "step": 247000, "loss": 4.7762, "lr": 0.0005443327564180001, "gnorm": 1.585, "tok_per_s": 115837.5, "load": 5.5087890625}
{"event": "step", "step": 247200, "loss": 4.7294, "lr": 0.0005427078523668624, "gnorm": 3.85, "tok_per_s": 115840.5, "load": 4.87890625}
{"event": "step", "step": 247400, "loss": 4.7491, "lr": 0.0005410878356302279, "gnorm": 2.316, "tok_per_s": 115846.3, "load": 4.44970703125}
{"event": "step", "step": 247600, "loss": 4.6666, "lr": 0.0005394727133584494, "gnorm": 2.855, "tok_per_s": 115879.6, "load": 4.07275390625}
{"event": "step", "step": 247800, "loss": 4.6858, "lr": 0.0005378624926802788, "gnorm": 2.424, "tok_per_s": 115836.4, "load": 3.61328125}
{"event": "step", "step": 248000, "loss": 4.6135, "lr": 0.0005362571807028334, "gnorm": 2.834, "tok_per_s": 115935.1, "load": 3.7236328125}
{"event": "step", "step": 248200, "loss": 4.7023, "lr": 0.0005346567845115647, "gnorm": 4.074, "tok_per_s": 98603.0, "load": 3.78564453125}
{"event": "step", "step": 248400, "loss": 4.7949, "lr": 0.0005330613111702259, "gnorm": 3.004, "tok_per_s": 116233.4, "load": 3.69189453125}
{"event": "step", "step": 248600, "loss": 4.9039, "lr": 0.0005314707677208434, "gnorm": 2.755, "tok_per_s": 115989.0, "load": 3.5380859375}
{"event": "step", "step": 248800, "loss": 4.7509, "lr": 0.0005298851611836844, "gnorm": 2.523, "tok_per_s": 115986.7, "load": 3.4921875}
{"event": "step", "step": 249000, "loss": 4.7976, "lr": 0.0005283044985572239, "gnorm": 2.268, "tok_per_s": 115916.7, "load": 3.38232421875}
{"event": "step", "step": 249200, "loss": 4.8447, "lr": 0.0005267287868181182, "gnorm": 1.771, "tok_per_s": 115885.6, "load": 3.74755859375}
{"event": "step", "step": 249400, "loss": 4.8921, "lr": 0.0005251580329211692, "gnorm": 2.056, "tok_per_s": 115836.8, "load": 4.09423828125}
{"event": "step", "step": 249600, "loss": 4.9199, "lr": 0.0005235922437992988, "gnorm": 4.049, "tok_per_s": 115883.7, "load": 4.07275390625}
{"event": "step", "step": 249800, "loss": 4.9137, "lr": 0.0005220314263635126, "gnorm": 3.501, "tok_per_s": 115884.4, "load": 4.05615234375}
{"event": "step", "step": 250000, "loss": 4.9674, "lr": 0.0005204755875028749, "gnorm": 1.827, "tok_per_s": 115856.0, "load": 4.04296875}
{"event": "eval_quick", "step": 250000, "bpb": 1.609992224576972, "nats_per_token": 4.8543204140973195, "tokens": 16379, "bytes": 71247}
{"event": "step", "step": 250200, "loss": 4.7642, "lr": 0.0005189247340844744, "gnorm": 3.288, "tok_per_s": 95016.2, "load": 3.87890625}
{"event": "step", "step": 250400, "loss": 4.7988, "lr": 0.0005173788729533954, "gnorm": 2.599, "tok_per_s": 116132.2, "load": 3.68359375}
{"event": "step", "step": 250600, "loss": 4.7385, "lr": 0.0005158380109326883, "gnorm": 4.095, "tok_per_s": 116061.7, "load": 3.69189453125}
{"event": "step", "step": 250800, "loss": 4.9877, "lr": 0.0005143021548233375, "gnorm": 2.911, "tok_per_s": 115860.2, "load": 3.90234375}
{"event": "step", "step": 251000, "loss": 4.8887, "lr": 0.000512771311404234, "gnorm": 2.694, "tok_per_s": 115835.3, "load": 3.9248046875}
{"event": "step", "step": 251200, "loss": 4.7404, "lr": 0.0005112454874321421, "gnorm": 4.67, "tok_per_s": 115702.5, "load": 3.9423828125}
{"event": "step", "step": 251400, "loss": 4.7106, "lr": 0.0005097246896416737, "gnorm": 3.407, "tok_per_s": 115836.7, "load": 4.02490234375}
{"event": "step", "step": 251600, "loss": 4.7128, "lr": 0.0005082089247452544, "gnorm": 2.72, "tok_per_s": 115849.8, "load": 4.16650390625}
{"event": "step", "step": 251800, "loss": 5.0515, "lr": 0.000506698199433097, "gnorm": 3.627, "tok_per_s": 115833.8, "load": 4.35009765625}
{"event": "step", "step": 252000, "loss": 4.7429, "lr": 0.0005051925203731705, "gnorm": 3.508, "tok_per_s": 115769.8, "load": 4.71435546875}
{"event": "step", "step": 252200, "loss": 4.7978, "lr": 0.0005036918942111714, "gnorm": 3.446, "tok_per_s": 96440.8, "load": 4.55517578125}
{"event": "step", "step": 252400, "loss": 4.7958, "lr": 0.0005021963275704927, "gnorm": 4.254, "tok_per_s": 116360.7, "load": 4.431640625}
{"event": "step", "step": 252600, "loss": 4.9505, "lr": 0.0005007058270521973, "gnorm": 3.221, "tok_per_s": 116294.8, "load": 4.33544921875}
{"event": "step", "step": 252800, "loss": 4.8326, "lr": 0.0004992203992349872, "gnorm": 5.015, "tok_per_s": 116222.3, "load": 4.26025390625}
{"event": "step", "step": 253000, "loss": 4.7388, "lr": 0.0004977400506751735, "gnorm": 3.381, "tok_per_s": 116279.1, "load": 4.20166015625}
{"event": "step", "step": 253200, "loss": 4.7965, "lr": 0.000496264787906651, "gnorm": 2.174, "tok_per_s": 116078.5, "load": 4.22412109375}
{"event": "step", "step": 253400, "loss": 4.821, "lr": 0.000494794617440865, "gnorm": 2.418, "tok_per_s": 115853.9, "load": 4.423828125}
{"event": "step", "step": 253600, "loss": 4.8446, "lr": 0.0004933295457667856, "gnorm": 5.494, "tok_per_s": 115759.5, "load": 4.5390625}
{"event": "step", "step": 253800, "loss": 4.7009, "lr": 0.0004918695793508778, "gnorm": 3.75, "tok_per_s": 115788.6, "load": 4.55517578125}
{"event": "step", "step": 254000, "loss": 4.7819, "lr": 0.0004904147246370741, "gnorm": 1.954, "tok_per_s": 115782.4, "load": 4.431640625}
{"event": "step", "step": 254200, "loss": 4.7256, "lr": 0.0004889649880467433, "gnorm": 5.801, "tok_per_s": 94769.4, "load": 4.33544921875}
{"event": "step", "step": 254400, "loss": 4.9775, "lr": 0.00048752037597866576, "gnorm": 7.669, "tok_per_s": 115797.9, "load": 4.70458984375}
{"event": "step", "step": 254600, "loss": 4.7976, "lr": 0.0004860808948090031, "gnorm": 6.142, "tok_per_s": 115871.3, "load": 4.6162109375}
{"event": "step", "step": 254800, "loss": 4.8208, "lr": 0.00048464655089127014, "gnorm": 3.969, "tok_per_s": 115782.3, "load": 4.47900390625}
{"event": "step", "step": 255000, "loss": 4.714, "lr": 0.00048321735055630743, "gnorm": 8.35, "tok_per_s": 115806.6, "load": 4.3720703125}
{"event": "eval_quick", "step": 255000, "bpb": 1.6230448931464279, "nats_per_token": 4.893675781488492, "tokens": 16379, "bytes": 71247}
{"event": "step", "step": 255200, "loss": 4.7675, "lr": 0.0004817933001122524, "gnorm": 11.775, "tok_per_s": 115293.7, "load": 4.4248046875}
{"event": "step", "step": 255400, "loss": 4.6544, "lr": 0.00048037440584451267, "gnorm": 4.646, "tok_per_s": 115793.7, "load": 4.27880859375}
{"event": "step", "step": 255600, "loss": 4.9485, "lr": 0.0004789606740157378, "gnorm": 3.674, "tok_per_s": 115783.8, "load": 3.9951171875}
{"event": "step", "step": 255800, "loss": 4.6104, "lr": 0.00047755211086579155, "gnorm": 3.598, "tok_per_s": 116007.5, "load": 5.3515625}
{"event": "step", "step": 256000, "loss": 4.8479, "lr": 0.0004761487226117243, "gnorm": 6.623, "tok_per_s": 115927.3, "load": 5.119140625}
{"event": "step", "step": 256200, "loss": 4.9091, "lr": 0.000474750515447746, "gnorm": 3.389, "tok_per_s": 96180.5, "load": 4.9443359375}
{"event": "step", "step": 256400, "loss": 4.8093, "lr": 0.00047335749554519753, "gnorm": 5.214, "tok_per_s": 115914.8, "load": 4.89501953125}
{"event": "step", "step": 256600, "loss": 4.7212, "lr": 0.0004719696690525259, "gnorm": 3.452, "tok_per_s": 115972.7, "load": 5.17724609375}
{"event": "step", "step": 256800, "loss": 4.8611, "lr": 0.0004705870420952552, "gnorm": 8.608, "tok_per_s": 115938.4, "load": 4.91552734375}
{"event": "step", "step": 257000, "loss": 4.9546, "lr": 0.00046920962077595896, "gnorm": 4.526, "tok_per_s": 115927.0, "load": 4.7119140625}
{"event": "step", "step": 257200, "loss": 4.8469, "lr": 0.0004678374111742363, "gnorm": 10.105, "tok_per_s": 115857.2, "load": 4.4736328125}
{"event": "step", "step": 257400, "loss": 4.8649, "lr": 0.0004664704193466814, "gnorm": 3.158, "tok_per_s": 115845.1, "load": 4.24658203125}
{"event": "step", "step": 257600, "loss": 4.8626, "lr": 0.00046510865132685925, "gnorm": 4.242, "tok_per_s": 115836.3, "load": 4.04296875}
{"event": "step", "step": 257800, "loss": 4.7136, "lr": 0.0004637521131252781, "gnorm": 3.262, "tok_per_s": 115856.2, "load": 3.81103515625}
{"event": "step", "step": 258000, "loss": 4.744, "lr": 0.0004624008107293633, "gnorm": 4.473, "tok_per_s": 115875.5, "load": 3.865234375}
{"event": "step", "step": 258200, "loss": 4.7948, "lr": 0.00046105475010343013, "gnorm": 5.05, "tok_per_s": 94998.8, "load": 3.6728515625}
{"event": "step", "step": 258400, "loss": 4.7833, "lr": 0.0004597139371886583, "gnorm": 8.408, "tok_per_s": 116059.8, "load": 3.74609375}
{"event": "step", "step": 258600, "loss": 4.7933, "lr": 0.00045837837790306557, "gnorm": 3.221, "tok_per_s": 115995.7, "load": 3.951171875}
{"event": "step", "step": 258800, "loss": 5.0718, "lr": 0.00045704807814148123, "gnorm": 6.305, "tok_per_s": 116004.6, "load": 3.962890625}
{"event": "step", "step": 259000, "loss": 4.9112, "lr": 0.00045572304377552054, "gnorm": 2.484, "tok_per_s": 115980.6, "load": 3.97216796875}
{"event": "step", "step": 259200, "loss": 4.7492, "lr": 0.00045440328065355815, "gnorm": 6.113, "tok_per_s": 116019.6, "load": 3.97900390625}
{"event": "step", "step": 259400, "loss": 4.7239, "lr": 0.00045308879460070314, "gnorm": 4.801, "tok_per_s": 115946.9, "load": 4.13623046875}
{"event": "step", "step": 259600, "loss": 4.8673, "lr": 0.0004517795914187729, "gnorm": 3.101, "tok_per_s": 115919.9, "load": 4.10546875}
{"event": "step", "step": 259800, "loss": 4.7507, "lr": 0.0004504756768862677, "gnorm": 4.837, "tok_per_s": 115870.7, "load": 4.08154296875}
{"event": "step", "step": 260000, "loss": 4.7742, "lr": 0.000449177056758344, "gnorm": 3.233, "tok_per_s": 115852.6, "load": 4.13671875}
{"event": "eval_quick", "step": 260000, "bpb": 1.5999450599382001, "nats_per_token": 4.824027002945845, "tokens": 16379, "bytes": 71247}
{"event": "step", "step": 260200, "loss": 4.8688, "lr": 0.00044788373676679183, "gnorm": 5.018, "tok_per_s": 94499.2, "load": 5.3134765625}
{"event": "step", "step": 260400, "loss": 4.9252, "lr": 0.0004465957226200059, "gnorm": 5.216, "tok_per_s": 116019.5, "load": 4.80029296875}
{"event": "step", "step": 260600, "loss": 4.8287, "lr": 0.00044531302000296356, "gnorm": 2.729, "tok_per_s": 115976.3, "load": 4.40087890625}
{"event": "step", "step": 260800, "loss": 4.8991, "lr": 0.00044403563457719793, "gnorm": 3.488, "tok_per_s": 115909.4, "load": 4.25048828125}
{"event": "step", "step": 261000, "loss": 4.7956, "lr": 0.00044276357198077263, "gnorm": 7.195, "tok_per_s": 115875.2, "load": 4.625}
{"event": "step", "step": 261200, "loss": 4.7119, "lr": 0.0004414968378282589, "gnorm": 4.083, "tok_per_s": 115905.1, "load": 4.26416015625}
{"event": "step", "step": 261400, "loss": 4.7098, "lr": 0.00044023543771070875, "gnorm": 2.631, "tok_per_s": 115863.0, "load": 4.0693359375}
{"event": "step", "step": 261600, "loss": 4.8496, "lr": 0.00043897937719563116, "gnorm": 3.145, "tok_per_s": 115875.3, "load": 3.83154296875}
{"event": "step", "step": 261800, "loss": 4.6446, "lr": 0.00043772866182696776, "gnorm": 5.561, "tok_per_s": 115741.3, "load": 4.39892578125}
{"event": "step", "step": 262000, "loss": 4.9559, "lr": 0.00043648329712506776, "gnorm": 2.629, "tok_per_s": 115866.2, "load": 15.97802734375}
{"event": "step", "step": 262200, "loss": 4.9256, "lr": 0.0004352432885866634, "gnorm": 3.228, "tok_per_s": 95038.8, "load": 13.169921875}
{"event": "step", "step": 262400, "loss": 4.9084, "lr": 0.0004340086416848474, "gnorm": 6.087, "tok_per_s": 115993.7, "load": 10.91650390625}
{"event": "step", "step": 262600, "loss": 4.8613, "lr": 0.0004327793618690461, "gnorm": 3.092, "tok_per_s": 115811.2, "load": 9.52490234375}
{"event": "step", "step": 262800, "loss": 4.7699, "lr": 0.0004315554545649978, "gnorm": 4.453, "tok_per_s": 115952.9, "load": 8.07861328125}
{"event": "step", "step": 263000, "loss": 4.8355, "lr": 0.0004303369251747276, "gnorm": 3.199, "tok_per_s": 115862.3, "load": 7.10693359375}
{"event": "step", "step": 263200, "loss": 5.0757, "lr": 0.0004291237790765234, "gnorm": 3.045, "tok_per_s": 115910.3, "load": 6.41796875}
{"event": "step", "step": 263400, "loss": 4.7488, "lr": 0.0004279160216249131, "gnorm": 4.569, "tok_per_s": 115876.2, "load": 5.8818359375}
{"event": "step", "step": 263600, "loss": 4.7371, "lr": 0.00042671365815064044, "gnorm": 10.594, "tok_per_s": 115750.6, "load": 5.900390625}
{"event": "step", "step": 263800, "loss": 4.7007, "lr": 0.00042551669396064147, "gnorm": 4.466, "tok_per_s": 115835.5, "load": 5.61474609375}
{"event": "step", "step": 264000, "loss": 4.7221, "lr": 0.0004243251343380202, "gnorm": 4.585, "tok_per_s": 115804.0, "load": 5.25634765625}
{"event": "step", "step": 264200, "loss": 4.69, "lr": 0.0004231389845420279, "gnorm": 3.176, "tok_per_s": 94744.8, "load": 4.96630859375}
{"event": "step", "step": 264400, "loss": 4.7903, "lr": 0.0004219582498080369, "gnorm": 5.854, "tok_per_s": 115957.8, "load": 4.8173828125}
{"event": "step", "step": 264600, "loss": 4.6649, "lr": 0.00042078293534751886, "gnorm": 4.572, "tok_per_s": 115914.3, "load": 4.63525390625}
{"event": "step", "step": 264800, "loss": 4.9213, "lr": 0.00041961304634802285, "gnorm": 5.254, "tok_per_s": 115873.9, "load": 4.56201171875}
{"event": "step", "step": 265000, "loss": 4.9635, "lr": 0.00041844858797314926, "gnorm": 8.421, "tok_per_s": 115855.9, "load": 4.43701171875}
{"event": "eval_quick", "step": 265000, "bpb": 1.608944802858149, "nats_per_token": 4.851162311496428, "tokens": 16379, "bytes": 71247}
{"event": "step", "step": 265200, "loss": 4.9404, "lr": 0.0004172895653625312, "gnorm": 2.974, "tok_per_s": 115312.4, "load": 4.33984375}
{"event": "step", "step": 265400, "loss": 4.8124, "lr": 0.0004161359836318082, "gnorm": 6.645, "tok_per_s": 115823.6, "load": 4.263671875}
{"event": "step", "step": 265600, "loss": 4.8749, "lr": 0.00041498784787260596, "gnorm": 5.289, "tok_per_s": 115793.1, "load": 4.22265625}
{"event": "step", "step": 265800, "loss": 4.7484, "lr": 0.0004138451631525119, "gnorm": 3.989, "tok_per_s": 115816.9, "load": 4.24072265625}
{"event": "step", "step": 266000, "loss": 4.9406, "lr": 0.0004127079345150555, "gnorm": 3.832, "tok_per_s": 116099.3, "load": 4.34716796875}
{"event": "step", "step": 266200, "loss": 4.6711, "lr": 0.0004115761669796829, "gnorm": 4.369, "tok_per_s": 96095.3, "load": 4.24755859375}
{"event": "step", "step": 266400, "loss": 4.9153, "lr": 0.00041044986554173725, "gnorm": 5.277, "tok_per_s": 116024.6, "load": 4.283203125}
{"event": "step", "step": 266600, "loss": 4.9356, "lr": 0.00040932903517243517, "gnorm": 11.838, "tok_per_s": 115878.7, "load": 4.2197265625}
{"event": "step", "step": 266800, "loss": 4.6757, "lr": 0.0004082136808188458, "gnorm": 4.326, "tok_per_s": 115886.3, "load": 4.30615234375}
{"event": "step", "step": 267000, "loss": 4.84, "lr": 0.0004071038074038678, "gnorm": 2.678, "tok_per_s": 115828.0, "load": 4.2373046875}
{"event": "step", "step": 267200, "loss": 4.6988, "lr": 0.00040599941982620927, "gnorm": 2.343, "tok_per_s": 115843.7, "load": 4.1845703125}
{"event": "step", "step": 267400, "loss": 4.8119, "lr": 0.0004049005229603644, "gnorm": 2.684, "tok_per_s": 115834.7, "load": 4.14306640625}
{"event": "step", "step": 267600, "loss": 4.8371, "lr": 0.00040380712165659263, "gnorm": 3.937, "tok_per_s": 115814.0, "load": 4.12060546875}
{"event": "step", "step": 267800, "loss": 4.7515, "lr": 0.0004027192207408985, "gnorm": 1.852, "tok_per_s": 115814.5, "load": 4.09326171875}
{"event": "step", "step": 268000, "loss": 4.8038, "lr": 0.00040163682501500735, "gnorm": 3.278, "tok_per_s": 115777.4, "load": 4.20751953125}
{"event": "step", "step": 268200, "loss": 4.7467, "lr": 0.00040055993925634814, "gnorm": 6.153, "tok_per_s": 94645.4, "load": 4.4560546875}
{"event": "step", "step": 268400, "loss": 4.616, "lr": 0.0003994885682180286, "gnorm": 3.908, "tok_per_s": 115878.8, "load": 4.4599609375}
{"event": "step", "step": 268600, "loss": 4.9774, "lr": 0.00039842271662881597, "gnorm": 5.486, "tok_per_s": 115927.6, "load": 4.42578125}
{"event": "step", "step": 268800, "loss": 4.7036, "lr": 0.00039736238919311687, "gnorm": 5.927, "tok_per_s": 115885.0, "load": 4.33056640625}
{"event": "step", "step": 269000, "loss": 4.7667, "lr": 0.0003963075905909547, "gnorm": 4.505, "tok_per_s": 115849.3, "load": 4.2568359375}
{"event": "step", "step": 269200, "loss": 4.9457, "lr": 0.0003952583254779508, "gnorm": 3.624, "tok_per_s": 115716.9, "load": 6.36962890625}
{"event": "step", "step": 269400, "loss": 4.7714, "lr": 0.00039421459848530227, "gnorm": 3.687, "tok_per_s": 115898.1, "load": 5.84423828125}
{"event": "step", "step": 269600, "loss": 4.7142, "lr": 0.0003931764142197631, "gnorm": 2.624, "tok_per_s": 115914.6, "load": 5.56005859375}
{"event": "step", "step": 269800, "loss": 4.5242, "lr": 0.0003921437772636219, "gnorm": 7.606, "tok_per_s": 115907.6, "load": 5.35009765625}
{"event": "step", "step": 270000, "loss": 4.7103, "lr": 0.0003911166921746848, "gnorm": 4.727, "tok_per_s": 115881.0, "load": 5.05029296875}
{"event": "eval_quick", "step": 270000, "bpb": 1.6032298605075463, "nats_per_token": 4.8339310721808415, "tokens": 16379, "bytes": 71247}
{"event": "step", "step": 270200, "loss": 4.9025, "lr": 0.00039009516348625093, "gnorm": 5.764, "tok_per_s": 94695.4, "load": 4.8251953125}
{"event": "step", "step": 270400, "loss": 4.7701, "lr": 0.00038907919570709665, "gnorm": 3.603, "tok_per_s": 116039.2, "load": 4.69775390625}
{"event": "step", "step": 270600, "loss": 4.9707, "lr": 0.00038806879332145306, "gnorm": 5.106, "tok_per_s": 115970.7, "load": 4.61083984375}
{"event": "step", "step": 270800, "loss": 4.7597, "lr": 0.0003870639607889875, "gnorm": 8.695, "tok_per_s": 115794.6, "load": 5.15283203125}
{"event": "step", "step": 271000, "loss": 4.8636, "lr": 0.0003860647025447822, "gnorm": 5.21, "tok_per_s": 115903.2, "load": 5.10009765625}
{"event": "step", "step": 271200, "loss": 5.0296, "lr": 0.0003850710229993172, "gnorm": 4.941, "tok_per_s": 115865.3, "load": 4.85595703125}
{"event": "step", "step": 271400, "loss": 4.8564, "lr": 0.0003840829265384492, "gnorm": 3.823, "tok_per_s": 115868.1, "load": 4.66552734375}
{"event": "step", "step": 271600, "loss": 4.7392, "lr": 0.0003831004175233915, "gnorm": 5.22, "tok_per_s": 115831.5, "load": 4.5625}
{"event": "step", "step": 271800, "loss": 4.8765, "lr": 0.00038212350029069754, "gnorm": 3.474, "tok_per_s": 115808.0, "load": 4.51806640625}
{"event": "step", "step": 272000, "loss": 4.8305, "lr": 0.00038115217915223867, "gnorm": 5.364, "tok_per_s": 115771.8, "load": 4.40283203125}
{"event": "step", "step": 272200, "loss": 4.9884, "lr": 0.0003801864583951868, "gnorm": 3.773, "tok_per_s": 94900.3, "load": 4.28759765625}
{"event": "step", "step": 272400, "loss": 4.7834, "lr": 0.00037922634228199537, "gnorm": 4.917, "tok_per_s": 115992.3, "load": 4.24267578125}
{"event": "step", "step": 272600, "loss": 4.9368, "lr": 0.00037827183505038025, "gnorm": 7.805, "tok_per_s": 115933.2, "load": 4.1884765625}
{"event": "step", "step": 272800, "loss": 4.7187, "lr": 0.0003773229409133007, "gnorm": 5.065, "tok_per_s": 115918.4, "load": 4.2265625}
{"event": "step", "step": 273000, "loss": 4.7998, "lr": 0.00037637966405894193, "gnorm": 3.433, "tok_per_s": 115924.1, "load": 4.17529296875}
{"event": "step", "step": 273200, "loss": 5.0333, "lr": 0.00037544200865069493, "gnorm": 6.958, "tok_per_s": 115869.1, "load": 4.29052734375}
{"event": "step", "step": 273400, "loss": 4.9226, "lr": 0.0003745099788271396, "gnorm": 4.055, "tok_per_s": 115902.6, "load": 4.2255859375}
{"event": "step", "step": 273600, "loss": 4.7527, "lr": 0.0003735835787020259, "gnorm": 8.0, "tok_per_s": 115894.3, "load": 4.1904296875}
{"event": "step", "step": 273800, "loss": 4.6352, "lr": 0.00037266281236425535, "gnorm": 3.635, "tok_per_s": 115869.4, "load": 4.1474609375}
{"event": "step", "step": 274000, "loss": 4.7411, "lr": 0.0003717476838778636, "gnorm": 3.548, "tok_per_s": 115831.7, "load": 4.25634765625}
{"event": "step", "step": 274200, "loss": 4.9336, "lr": 0.00037083819728200217, "gnorm": 5.203, "tok_per_s": 94781.5, "load": 4.1826171875}
{"event": "step", "step": 274400, "loss": 4.9228, "lr": 0.0003699343565909205, "gnorm": 3.586, "tok_per_s": 115967.1, "load": 4.23486328125}
{"event": "step", "step": 274600, "loss": 4.8306, "lr": 0.00036903616579394877, "gnorm": 4.153, "tok_per_s": 115940.1, "load": 4.18212890625}
{"event": "step", "step": 274800, "loss": 4.7739, "lr": 0.0003681436288554796, "gnorm": 3.254, "tok_per_s": 115892.3, "load": 4.14111328125}
{"event": "step", "step": 275000, "loss": 4.8421, "lr": 0.0003672567497149508, "gnorm": 4.921, "tok_per_s": 115865.0, "load": 4.10888671875}
{"event": "eval_quick", "step": 275000, "bpb": 1.6258305824753443, "nats_per_token": 4.902074970236278, "tokens": 16379, "bytes": 71247}
{"event": "step", "step": 275200, "loss": 4.7823, "lr": 0.0003663755322868284, "gnorm": 7.877, "tok_per_s": 115350.1, "load": 4.083984375}
{"event": "step", "step": 275400, "loss": 4.6841, "lr": 0.0003654999804605888, "gnorm": 3.588, "tok_per_s": 115855.4, "load": 4.06494140625}
{"event": "step", "step": 275600, "loss": 4.7183, "lr": 0.0003646300981007015, "gnorm": 2.963, "tok_per_s": 115810.1, "load": 4.2109375}
{"event": "step", "step": 275800, "loss": 4.6996, "lr": 0.00036376588904661345, "gnorm": 7.087, "tok_per_s": 115695.2, "load": 4.701171875}
{"event": "step", "step": 276000, "loss": 4.7917, "lr": 0.0003629073571127296, "gnorm": 3.281, "tok_per_s": 115816.7, "load": 4.54541015625}
{"event": "step", "step": 276200, "loss": 4.6568, "lr": 0.0003620545060883987, "gnorm": 5.254, "tok_per_s": 95074.7, "load": 4.52685546875}
{"event": "step", "step": 276400, "loss": 4.6951, "lr": 0.00036120733973789466, "gnorm": 4.992, "tok_per_s": 115894.3, "load": 4.72998046875}
{"event": "step", "step": 276600, "loss": 4.9766, "lr": 0.00036036586180040103, "gnorm": 9.408, "tok_per_s": 115892.2, "load": 4.77197265625}
{"event": "step", "step": 276800, "loss": 4.8817, "lr": 0.0003595300759899934, "gnorm": 8.298, "tok_per_s": 115973.4, "load": 4.74267578125}
{"event": "step", "step": 277000, "loss": 4.9428, "lr": 0.0003586999859956252, "gnorm": 5.507, "tok_per_s": 115909.3, "load": 4.6513671875}
{"event": "step", "step": 277200, "loss": 4.7238, "lr": 0.000357875595481108, "gnorm": 3.496, "tok_per_s": 115914.8, "load": 4.50634765625}
{"event": "step", "step": 277400, "loss": 4.8516, "lr": 0.00035705690808509883, "gnorm": 5.236, "tok_per_s": 115922.9, "load": 4.39306640625}
{"event": "step", "step": 277600, "loss": 5.0579, "lr": 0.00035624392742108205, "gnorm": 4.419, "tok_per_s": 115987.1, "load": 4.30517578125}
{"event": "step", "step": 277800, "loss": 4.7533, "lr": 0.0003554366570773533, "gnorm": 2.52, "tok_per_s": 115977.1, "load": 4.2578125}
{"event": "step", "step": 278000, "loss": 4.7444, "lr": 0.0003546351006170052, "gnorm": 5.833, "tok_per_s": 115782.5, "load": 5.01953125}
{"event": "step", "step": 278200, "loss": 4.8038, "lr": 0.0003538392615779103, "gnorm": 2.483, "tok_per_s": 94475.0, "load": 4.72900390625}
{"event": "step", "step": 278400, "loss": 4.8379, "lr": 0.0003530491434727061, "gnorm": 3.636, "tok_per_s": 115961.3, "load": 4.79541015625}
{"event": "step", "step": 278600, "loss": 4.7147, "lr": 0.0003522647497887784, "gnorm": 2.399, "tok_per_s": 115965.1, "load": 4.6728515625}
{"event": "step", "step": 278800, "loss": 4.9176, "lr": 0.00035148608398824835, "gnorm": 7.929, "tok_per_s": 115914.8, "load": 4.52294921875}
{"event": "step", "step": 279000, "loss": 4.8501, "lr": 0.0003507131495079542, "gnorm": 3.869, "tok_per_s": 115821.8, "load": 4.7275390625}
{"event": "step", "step": 279200, "loss": 4.8544, "lr": 0.00034994594975943814, "gnorm": 6.115, "tok_per_s": 115822.7, "load": 4.775390625}
{"event": "step", "step": 279400, "loss": 4.6291, "lr": 0.00034918448812893126, "gnorm": 2.812, "tok_per_s": 115835.9, "load": 4.60302734375}
{"event": "step", "step": 279600, "loss": 4.6524, "lr": 0.0003484287679773369, "gnorm": 8.298, "tok_per_s": 115852.9, "load": 4.46923828125}
{"event": "step", "step": 279800, "loss": 4.8222, "lr": 0.00034767879264021754, "gnorm": 7.164, "tok_per_s": 115801.9, "load": 4.39697265625}
{"event": "step", "step": 280000, "loss": 4.7119, "lr": 0.0003469345654277795, "gnorm": 2.52, "tok_per_s": 115828.0, "load": 4.388671875}
{"event": "eval_quick", "step": 280000, "bpb": 1.6015460917317885, "nats_per_token": 4.828854306581598, "tokens": 16379, "bytes": 71247}
{"event": "step", "step": 280200, "loss": 4.571, "lr": 0.00034619608962485805, "gnorm": 4.677, "tok_per_s": 96153.3, "load": 4.4765625}
{"event": "step", "step": 280400, "loss": 4.7822, "lr": 0.00034546336849090344, "gnorm": 3.13, "tok_per_s": 116564.7, "load": 4.505859375}
{"event": "step", "step": 280600, "loss": 4.7043, "lr": 0.00034473640525996616, "gnorm": 3.312, "tok_per_s": 116546.3, "load": 4.427734375}
{"event": "step", "step": 280800, "loss": 4.6903, "lr": 0.0003440152031406823, "gnorm": 4.762, "tok_per_s": 116484.9, "load": 4.33203125}
{"event": "step", "step": 281000, "loss": 4.7527, "lr": 0.00034329976531626054, "gnorm": 3.447, "tok_per_s": 116470.0, "load": 4.2578125}
{"event": "step", "step": 281200, "loss": 4.8413, "lr": 0.0003425900949444669, "gnorm": 3.1, "tok_per_s": 116457.5, "load": 4.2744140625}
{"event": "step", "step": 281400, "loss": 4.9973, "lr": 0.00034188619515761133, "gnorm": 3.749, "tok_per_s": 116444.7, "load": 4.28662109375}
{"event": "step", "step": 281600, "loss": 4.8752, "lr": 0.0003411880690625341, "gnorm": 4.315, "tok_per_s": 116446.0, "load": 4.24169921875}
{"event": "step", "step": 281800, "loss": 4.8673, "lr": 0.00034049571974059136, "gnorm": 4.276, "tok_per_s": 116444.9, "load": 4.1875}
{"event": "step", "step": 282000, "loss": 4.8214, "lr": 0.00033980915024764256, "gnorm": 3.321, "tok_per_s": 116414.0, "load": 4.1455078125}
{"event": "step", "step": 282200, "loss": 4.9178, "lr": 0.000339128363614036, "gnorm": 6.4, "tok_per_s": 100569.7, "load": 4.11279296875}
{"event": "step", "step": 282400, "loss": 4.6872, "lr": 0.0003384533628445962, "gnorm": 3.779, "tok_per_s": 116504.9, "load": 4.08740234375}
{"event": "step", "step": 282600, "loss": 4.8286, "lr": 0.00033778415091860985, "gnorm": 2.829, "tok_per_s": 116497.8, "load": 4.13525390625}
{"event": "step", "step": 282800, "loss": 4.8765, "lr": 0.00033712073078981354, "gnorm": 3.897, "tok_per_s": 116428.3, "load": 4.1044921875}
{"event": "step", "step": 283000, "loss": 4.9005, "lr": 0.00033646310538638013, "gnorm": 9.908, "tok_per_s": 116341.2, "load": 4.08056640625}
{"event": "step", "step": 283200, "loss": 4.7849, "lr": 0.000335811277610906, "gnorm": 3.18, "tok_per_s": 116165.5, "load": 4.27197265625}
{"event": "step", "step": 283400, "loss": 4.6861, "lr": 0.000335165250340398, "gnorm": 2.956, "tok_per_s": 116147.9, "load": 4.22998046875}
{"event": "step", "step": 283600, "loss": 4.9529, "lr": 0.00033452502642626164, "gnorm": 6.813, "tok_per_s": 116159.1, "load": 4.1787109375}
{"event": "step", "step": 283800, "loss": 4.7833, "lr": 0.00033389060869428713, "gnorm": 2.83, "tok_per_s": 116047.5, "load": 4.138671875}
{"event": "step", "step": 284000, "loss": 4.8557, "lr": 0.00033326199994463773, "gnorm": 5.627, "tok_per_s": 115781.0, "load": 4.3173828125}
{"event": "step", "step": 284200, "loss": 4.9016, "lr": 0.000332639202951838, "gnorm": 4.176, "tok_per_s": 95128.5, "load": 4.24658203125}
{"event": "step", "step": 284400, "loss": 4.8121, "lr": 0.0003320222204647595, "gnorm": 7.43, "tok_per_s": 116018.0, "load": 4.40771484375}
{"event": "step", "step": 284600, "loss": 4.8883, "lr": 0.00033141105520661146, "gnorm": 7.182, "tok_per_s": 116004.6, "load": 4.3974609375}
{"event": "step", "step": 284800, "loss": 4.8576, "lr": 0.0003308057098749265, "gnorm": 3.72, "tok_per_s": 115937.3, "load": 4.45654296875}
{"event": "step", "step": 285000, "loss": 4.7872, "lr": 0.0003302061871415494, "gnorm": 5.697, "tok_per_s": 115666.0, "load": 4.58349609375}
{"event": "eval_quick", "step": 285000, "bpb": 1.591403217964503, "nats_per_token": 4.798272320883449, "tokens": 16379, "bytes": 71247}
{"event": "step", "step": 285200, "loss": 4.8133, "lr": 0.00032961248965262586, "gnorm": 3.334, "tok_per_s": 115326.6, "load": 4.58935546875}
{"event": "step", "step": 285400, "loss": 4.6394, "lr": 0.0003290246200285904, "gnorm": 4.312, "tok_per_s": 115811.0, "load": 4.49853515625}
{"event": "step", "step": 285600, "loss": 4.6562, "lr": 0.0003284425808641542, "gnorm": 9.358, "tok_per_s": 115867.8, "load": 4.38720703125}
{"event": "step", "step": 285800, "loss": 4.7205, "lr": 0.0003278663747282947, "gnorm": 6.186, "tok_per_s": 115805.2, "load": 4.30078125}
{"event": "step", "step": 286000, "loss": 4.8489, "lr": 0.00032729600416424396, "gnorm": 4.045, "tok_per_s": 115856.0, "load": 4.2333984375}
{"event": "step", "step": 286200, "loss": 4.8079, "lr": 0.0003267314716894766, "gnorm": 3.324, "tok_per_s": 95643.8, "load": 4.1806640625}
{"event": "step", "step": 286400, "loss": 4.9283, "lr": 0.0003261727797957002, "gnorm": 3.57, "tok_per_s": 115963.3, "load": 4.14013671875}
{"event": "step", "step": 286600, "loss": 4.7689, "lr": 0.00032561993094884246, "gnorm": 4.054, "tok_per_s": 115926.1, "load": 4.1767578125}
{"event": "step", "step": 286800, "loss": 4.7387, "lr": 0.00032507292758904256, "gnorm": 5.076, "tok_per_s": 115915.6, "load": 4.27294921875}
{"event": "step", "step": 287000, "loss": 4.9164, "lr": 0.000324531772130638, "gnorm": 4.187, "tok_per_s": 115863.2, "load": 4.34765625}
{"event": "step", "step": 287200, "loss": 4.7622, "lr": 0.0003239964669621555, "gnorm": 10.999, "tok_per_s": 115864.0, "load": 4.34375}
{"event": "step", "step": 287400, "loss": 4.8247, "lr": 0.00032346701444630036, "gnorm": 7.792, "tok_per_s": 115676.0, "load": 4.5986328125}
{"event": "step", "step": 287600, "loss": 4.9463, "lr": 0.0003229434169199453, "gnorm": 4.624, "tok_per_s": 115840.0, "load": 4.5458984375}
{"event": "step", "step": 287800, "loss": 4.6568, "lr": 0.0003224256766941206, "gnorm": 3.185, "tok_per_s": 115847.2, "load": 4.42431640625}
{"event": "step", "step": 288000, "loss": 4.9057, "lr": 0.00032191379605400397, "gnorm": 3.259, "tok_per_s": 115824.0, "load": 4.330078125}
{"event": "step", "step": 288200, "loss": 4.9633, "lr": 0.0003214077772589105, "gnorm": 5.758, "tok_per_s": 95349.4, "load": 4.25634765625}
{"event": "step", "step": 288400, "loss": 4.8047, "lr": 0.000320907622542282, "gnorm": 3.282, "tok_per_s": 115968.6, "load": 4.27294921875}
{"event": "step", "step": 288600, "loss": 4.9521, "lr": 0.0003204133341116788, "gnorm": 4.342, "tok_per_s": 115947.8, "load": 4.2119140625}
{"event": "step", "step": 288800, "loss": 4.9075, "lr": 0.00031992491414876734, "gnorm": 16.679, "tok_per_s": 115878.3, "load": 4.16455078125}
{"event": "step", "step": 289000, "loss": 4.7994, "lr": 0.0003194423648093133, "gnorm": 5.198, "tok_per_s": 115857.4, "load": 4.20166015625}
{"event": "step", "step": 289200, "loss": 4.8398, "lr": 0.0003189656882231703, "gnorm": 8.001, "tok_per_s": 115867.1, "load": 4.15625}
{"event": "step", "step": 289400, "loss": 4.6818, "lr": 0.00031849488649427155, "gnorm": 7.304, "tok_per_s": 115860.9, "load": 4.1318359375}
{"event": "step", "step": 289600, "loss": 4.7048, "lr": 0.0003180299617006196, "gnorm": 5.598, "tok_per_s": 115868.7, "load": 4.10205078125}
{"event": "step", "step": 289800, "loss": 4.835, "lr": 0.00031757091589427767, "gnorm": 8.541, "tok_per_s": 115840.8, "load": 4.07861328125}
{"event": "step", "step": 290000, "loss": 4.9361, "lr": 0.000317117751101361, "gnorm": 5.255, "tok_per_s": 115839.8, "load": 4.1416015625}
{"event": "eval_quick", "step": 290000, "bpb": 1.605215785374975, "nats_per_token": 4.83991887477868, "tokens": 16379, "bytes": 71247}
{"event": "step", "step": 290200, "loss": 4.7742, "lr": 0.0003166704693220273, "gnorm": 5.433, "tok_per_s": 94886.4, "load": 4.109375}
{"event": "step", "step": 290400, "loss": 4.6823, "lr": 0.000316229072530468, "gnorm": 9.218, "tok_per_s": 115959.0, "load": 4.08447265625}
{"event": "step", "step": 290600, "loss": 4.6924, "lr": 0.00031579356267489943, "gnorm": 2.799, "tok_per_s": 115817.9, "load": 4.42919921875}
{"event": "step", "step": 290800, "loss": 4.714, "lr": 0.0003153639416775551, "gnorm": 9.642, "tok_per_s": 115848.7, "load": 4.33349609375}
{"event": "step", "step": 291000, "loss": 4.9389, "lr": 0.0003149402114346758, "gnorm": 4.424, "tok_per_s": 115825.7, "load": 4.2587890625}
{"event": "step", "step": 291200, "loss": 4.7784, "lr": 0.00031452237381650257, "gnorm": 6.651, "tok_per_s": 115782.1, "load": 4.435546875}
{"event": "step", "step": 291400, "loss": 4.844, "lr": 0.00031411043066726746, "gnorm": 7.613, "tok_per_s": 115833.9, "load": 4.4423828125}
{"event": "step", "step": 291600, "loss": 4.8625, "lr": 0.0003137043838051862, "gnorm": 5.627, "tok_per_s": 115848.1, "load": 4.34375}
{"event": "step", "step": 291800, "loss": 4.8513, "lr": 0.00031330423502244924, "gnorm": 5.466, "tok_per_s": 115893.6, "load": 4.3349609375}
{"event": "step", "step": 292000, "loss": 4.777, "lr": 0.0003129099860852149, "gnorm": 10.064, "tok_per_s": 115870.1, "load": 4.3408203125}
{"event": "step", "step": 292200, "loss": 4.8052, "lr": 0.0003125216387336006, "gnorm": 4.322, "tok_per_s": 95354.8, "load": 4.62939453125}
{"event": "step", "step": 292400, "loss": 4.8395, "lr": 0.00031213919468167585, "gnorm": 9.926, "tok_per_s": 115900.2, "load": 4.4892578125}
{"event": "step", "step": 292600, "loss": 4.8191, "lr": 0.0003117626556174543, "gnorm": 11.367, "tok_per_s": 115863.7, "load": 4.38037109375}
{"event": "step", "step": 292800, "loss": 4.8007, "lr": 0.0003113920232028865, "gnorm": 7.742, "tok_per_s": 115864.5, "load": 4.29541015625}
{"event": "step", "step": 293000, "loss": 4.7884, "lr": 0.00031102729907385283, "gnorm": 11.398, "tok_per_s": 115811.6, "load": 4.2294921875}
{"event": "step", "step": 293200, "loss": 4.9327, "lr": 0.00031066848484015544, "gnorm": 11.223, "tok_per_s": 115835.8, "load": 4.2587890625}
{"event": "step", "step": 293400, "loss": 4.6664, "lr": 0.0003103155820855119, "gnorm": 6.71, "tok_per_s": 115844.8, "load": 4.21875}
{"event": "step", "step": 293600, "loss": 4.8699, "lr": 0.00030996859236754796, "gnorm": 8.443, "tok_per_s": 115823.9, "load": 4.169921875}
{"event": "step", "step": 293800, "loss": 4.7049, "lr": 0.00030962751721779066, "gnorm": 3.624, "tok_per_s": 115839.6, "load": 4.1318359375}
{"event": "step", "step": 294000, "loss": 4.7762, "lr": 0.0003092923581416616, "gnorm": 15.497, "tok_per_s": 115824.7, "load": 4.10205078125}
{"event": "step", "step": 294200, "loss": 4.7671, "lr": 0.00030896311661847035, "gnorm": 7.928, "tok_per_s": 95572.3, "load": 4.1591796875}
{"event": "step", "step": 294400, "loss": 4.8062, "lr": 0.0003086397941014078, "gnorm": 9.839, "tok_per_s": 115940.3, "load": 4.27099609375}
{"event": "step", "step": 294600, "loss": 4.9083, "lr": 0.0003083223920175398, "gnorm": 5.26, "tok_per_s": 115949.7, "load": 5.07373046875}
{"event": "step", "step": 294800, "loss": 4.8229, "lr": 0.0003080109117678009, "gnorm": 3.813, "tok_per_s": 115911.3, "load": 4.61376953125}
{"event": "step", "step": 295000, "loss": 4.8713, "lr": 0.000307705354726988, "gnorm": 10.981, "tok_per_s": 115890.3, "load": 4.32373046875}
{"event": "eval_quick", "step": 295000, "bpb": 1.6322767109284089, "nats_per_token": 4.921510823691922, "tokens": 16379, "bytes": 71247}
{"event": "step", "step": 295200, "loss": 4.8286, "lr": 0.0003074057222437547, "gnorm": 3.541, "tok_per_s": 115366.9, "load": 4.02978515625}
{"event": "step", "step": 295400, "loss": 5.0205, "lr": 0.0003071120156406047, "gnorm": 4.489, "tok_per_s": 115869.6, "load": 3.87109375}
{"event": "step", "step": 295600, "loss": 4.7424, "lr": 0.00030682423621388686, "gnorm": 5.554, "tok_per_s": 115738.0, "load": 3.83837890625}
{"event": "step", "step": 295800, "loss": 4.7654, "lr": 0.0003065423852337883, "gnorm": 5.081, "tok_per_s": 115898.9, "load": 3.72021484375}
{"event": "step", "step": 296000, "loss": 4.8624, "lr": 0.0003062664639443299, "gnorm": 9.004, "tok_per_s": 116271.4, "load": 3.56005859375}
{"event": "step", "step": 296200, "loss": 4.9322, "lr": 0.00030599647356336013, "gnorm": 4.753, "tok_per_s": 100880.0, "load": 3.435546875}
{"event": "step", "step": 296400, "loss": 4.716, "lr": 0.0003057324152825499, "gnorm": 6.557, "tok_per_s": 116180.7, "load": 3.41259765625}
{"event": "step", "step": 296600, "loss": 4.9272, "lr": 0.0003054742902673874, "gnorm": 4.105, "tok_per_s": 116253.6, "load": 3.3203125}
{"event": "step", "step": 296800, "loss": 4.6922, "lr": 0.0003052220996571729, "gnorm": 3.451, "tok_per_s": 116046.0, "load": 3.24853515625}
{"event": "step", "step": 297000, "loss": 4.6523, "lr": 0.0003049758445650135, "gnorm": 6.837, "tok_per_s": 115904.2, "load": 3.19287109375}
{"event": "step", "step": 297200, "loss": 4.6314, "lr": 0.0003047355260778183, "gnorm": 3.287, "tok_per_s": 115917.8, "load": 3.16259765625}
{"event": "step", "step": 297400, "loss": 4.9085, "lr": 0.00030450114525629407, "gnorm": 5.781, "tok_per_s": 115913.3, "load": 3.1259765625}
{"event": "step", "step": 297600, "loss": 4.7942, "lr": 0.0003042727031349399, "gnorm": 4.834, "tok_per_s": 115909.5, "load": 3.09765625}
{"event": "step", "step": 297800, "loss": 4.7174, "lr": 0.00030405020072204304, "gnorm": 9.311, "tok_per_s": 115904.8, "load": 3.0751953125}
{"event": "step", "step": 298000, "loss": 4.6744, "lr": 0.00030383363899967407, "gnorm": 5.806, "tok_per_s": 115750.9, "load": 3.5068359375}
{"event": "step", "step": 298200, "loss": 4.8476, "lr": 0.00030362301892368314, "gnorm": 8.217, "tok_per_s": 96626.1, "load": 3.52978515625}
{"event": "step", "step": 298400, "loss": 4.8632, "lr": 0.00030341834142369543, "gnorm": 4.563, "tok_per_s": 115958.0, "load": 3.412109375}
{"event": "step", "step": 298600, "loss": 4.5784, "lr": 0.00030321960740310673, "gnorm": 7.779, "tok_per_s": 115884.5, "load": 3.62841796875}
{"event": "step", "step": 298800, "loss": 4.8885, "lr": 0.0003030268177390803, "gnorm": 5.146, "tok_per_s": 115953.0, "load": 3.56884765625}
{"event": "step", "step": 299000, "loss": 4.6794, "lr": 0.0003028399732825421, "gnorm": 3.158, "tok_per_s": 115910.5, "load": 3.51611328125}
{"event": "step", "step": 299200, "loss": 4.7079, "lr": 0.00030265907485817726, "gnorm": 4.0, "tok_per_s": 115749.5, "load": 3.51708984375}
{"event": "step", "step": 299400, "loss": 4.8322, "lr": 0.000302484123264427, "gnorm": 7.277, "tok_per_s": 115781.0, "load": 3.685546875}
{"event": "step", "step": 299600, "loss": 4.8381, "lr": 0.0003023151192734845, "gnorm": 9.347, "tok_per_s": 115808.1, "load": 3.60107421875}
{"event": "step", "step": 299800, "loss": 4.7252, "lr": 0.00030215206363129156, "gnorm": 4.355, "tok_per_s": 115837.4, "load": 3.6279296875}
{"event": "step", "step": 300000, "loss": 4.7149, "lr": 0.00030199495705753596, "gnorm": 5.215, "tok_per_s": 115821.2, "load": 3.5625}
{"event": "eval_quick", "step": 300000, "bpb": 1.6027659480788423, "nats_per_token": 4.832532320349228, "tokens": 16379, "bytes": 71247}
{"event": "step", "step": 300200, "loss": 4.6385, "lr": 0.000301843800245647, "gnorm": 6.917, "tok_per_s": 95066.8, "load": 3.4375}
{"event": "step", "step": 300400, "loss": 4.5547, "lr": 0.00030169859386279367, "gnorm": 6.47, "tok_per_s": 115963.7, "load": 3.34033203125}
{"event": "step", "step": 300600, "loss": 4.7849, "lr": 0.0003015593385498812, "gnorm": 5.179, "tok_per_s": 115900.2, "load": 3.33837890625}
{"event": "step", "step": 300800, "loss": 4.7968, "lr": 0.00030142603492154806, "gnorm": 6.745, "tok_per_s": 115857.3, "load": 3.34326171875}
{"event": "step", "step": 301000, "loss": 4.7216, "lr": 0.0003012986835661639, "gnorm": 5.525, "tok_per_s": 115911.1, "load": 3.3408203125}
{"event": "step", "step": 301200, "loss": 4.913, "lr": 0.000301177285045826, "gnorm": 7.33, "tok_per_s": 115805.6, "load": 3.2880859375}
{"event": "step", "step": 301400, "loss": 4.8978, "lr": 0.0003010618398963573, "gnorm": 6.234, "tok_per_s": 115758.5, "load": 3.29150390625}
{"event": "step", "step": 301600, "loss": 4.9717, "lr": 0.0003009523486273046, "gnorm": 4.312, "tok_per_s": 115830.1, "load": 4.587890625}
{"event": "step", "step": 301800, "loss": 4.8768, "lr": 0.00030084881172193515, "gnorm": 2.987, "tok_per_s": 115818.4, "load": 4.2353515625}
{"event": "step", "step": 302000, "loss": 4.9677, "lr": 0.0003007512296372354, "gnorm": 8.224, "tok_per_s": 115815.2, "load": 3.9609375}
{"event": "step", "step": 302200, "loss": 4.8226, "lr": 0.00030065960280390856, "gnorm": 6.238, "tok_per_s": 95371.9, "load": 3.8154296875}
{"event": "step", "step": 302400, "loss": 4.8443, "lr": 0.00030057393162637283, "gnorm": 5.551, "tok_per_s": 115977.9, "load": 3.63427734375}
{"event": "step", "step": 302600, "loss": 4.8194, "lr": 0.0003004942164827598, "gnorm": 11.844, "tok_per_s": 115923.5, "load": 3.4931640625}
{"event": "step", "step": 302800, "loss": 5.0322, "lr": 0.0003004204577249123, "gnorm": 4.309, "tok_per_s": 115893.6, "load": 3.59375}
{"event": "step", "step": 303000, "loss": 4.7962, "lr": 0.0003003526556783835, "gnorm": 4.673, "tok_per_s": 115856.7, "load": 3.46142578125}
{"event": "step", "step": 303200, "loss": 4.7759, "lr": 0.00030029081064243457, "gnorm": 3.768, "tok_per_s": 115852.3, "load": 3.39013671875}
{"event": "step", "step": 303400, "loss": 4.8948, "lr": 0.0003002349228900346, "gnorm": 6.126, "tok_per_s": 115852.9, "load": 3.51904296875}
{"event": "step", "step": 303600, "loss": 4.646, "lr": 0.0003001849926678583, "gnorm": 5.453, "tok_per_s": 115793.6, "load": 3.4033203125}
{"event": "step", "step": 303800, "loss": 4.8574, "lr": 0.00030014102019628515, "gnorm": 3.736, "tok_per_s": 115876.3, "load": 3.39404296875}
{"event": "step", "step": 304000, "loss": 4.9729, "lr": 0.00030010300566939895, "gnorm": 6.898, "tok_per_s": 116095.8, "load": 3.51611328125}
{"event": "step", "step": 304200, "loss": 4.7749, "lr": 0.00030007094925498656, "gnorm": 3.817, "tok_per_s": 98826.4, "load": 3.4013671875}
{"event": "step", "step": 304400, "loss": 4.6044, "lr": 0.0003000448510945367, "gnorm": 5.7, "tok_per_s": 115917.0, "load": 3.31201171875}
{"event": "step", "step": 304600, "loss": 4.8512, "lr": 0.00030002471130324067, "gnorm": 11.656, "tok_per_s": 115854.8, "load": 3.24169921875}
{"event": "step", "step": 304800, "loss": 4.691, "lr": 0.0003000105299699903, "gnorm": 4.115, "tok_per_s": 115839.1, "load": 3.1875}
{"event": "step", "step": 305000, "loss": 4.6765, "lr": 0.0003000023071573786, "gnorm": 3.828, "tok_per_s": 115816.9, "load": 3.232421875}
{"event": "eval_quick", "step": 305000, "bpb": 1.6157751915974274, "nats_per_token": 4.871756755983271, "tokens": 16379, "bytes": 71247}
{"event": "step", "step": 305175, "loss": 4.9077, "lr": 0.00030000000007448217, "gnorm": 6.724, "tok_per_s": 131780.7, "load": 3.248046875}
{"event": "final", "val_test": {"bpb": 1.4169876609197698, "nats_per_token": 4.760863627545405, "tokens": 995323, "bytes": 4824566}}
