/bin/bash: warning: setlocale: LC_ALL: cannot change locale (en_AU.UTF-8)
START 2026-10-01T11:36:42Z gpu=3 run=vast_VS_sdmread_d512_s0_3B driver=570.181 load=3.58 3.79 3.61
/root/settle/sdmllm/track4_sdmllm_train_one_arm.py:221: UserWarning: Converting a tensor with requires_grad=True to a scalar may lead to unexpected behavior.
Consider using tensor.detach() first. (Triggered internally at /pytorch/torch/csrc/autograd/generated/python_variable_methods.cpp:835.)
  rec = {"event": "step", "step": step, "loss": round(float(loss), 4), "lr": lr, "gnorm": round(float(gn), 3),
{"run": "vast_VS_sdmread_d512_s0_3B", "arm": "sdm", "seed": 0, "cfg": {"d": 512, "T": 256, "seed": 0, "M": 3600, "k": 32, "hops": 2, "softness": 0.25, "n_layer": 4, "M_big": 16384, "value_init": "zero", "qgrad": 0.0, "ngram_orders": [2, 3], "f": 1376, "train_name": "train_big"}, "B": 32, "T": 256, "tokens_target": 3000000000, "steps": 366210, "lr": 0.003, "loss_path": "chunked", "store_lr_mult": 3.0, "store_wd": 0.0, "params": {"embedding": 66191360, "non_embedding_trainable": 6718464, "frozen_store_values": 0, "total_trainable": 72909824}, "flops_per_token_fwd": {"head": 132382720, "body": 11976704.0, "total": 144359424.0}, "device": "cuda", "stamp_start": {"utc": "2026-10-01T11:36:48Z", "load": [3.69, 3.81, 3.62], "ncpu": 128, "powermode": "unknown", "torch": "2.8.0+cu128", "host": "41ac7b578b34", "cuda": "12.8", "gpu": "NVIDIA GeForce RTX 5090", "driver": "570.181\n570.181\n570.181\n570.181", "mem_available_gb": 480.1}, "resumed_from_step": 0, "init": null, "train_name": "train_big"}
{"event": "step", "step": 200, "loss": 7.9321, "lr": 8.192244675040961e-05, "gnorm": 0.637, "tok_per_s": 112357.7, "load": 3.90234375}
{"event": "step", "step": 400, "loss": 6.8926, "lr": 0.00016384489350081922, "gnorm": 0.469, "tok_per_s": 176248.7, "load": 3.91796875}
{"event": "step", "step": 600, "loss": 6.4716, "lr": 0.00024576734025122886, "gnorm": 0.511, "tok_per_s": 175987.5, "load": 3.93115234375}
{"event": "step", "step": 800, "loss": 6.1128, "lr": 0.00032768978700163843, "gnorm": 0.562, "tok_per_s": 175332.6, "load": 3.9423828125}
{"event": "step", "step": 1000, "loss": 6.074, "lr": 0.00040961223375204805, "gnorm": 0.571, "tok_per_s": 175626.5, "load": 4.02490234375}
{"event": "step", "step": 1200, "loss": 5.9362, "lr": 0.0004915346805024577, "gnorm": 0.612, "tok_per_s": 175412.4, "load": 4.18115234375}
{"event": "step", "step": 1400, "loss": 5.7414, "lr": 0.0005734571272528673, "gnorm": 0.628, "tok_per_s": 175109.4, "load": 4.15283203125}
{"event": "step", "step": 1600, "loss": 5.7518, "lr": 0.0006553795740032769, "gnorm": 0.64, "tok_per_s": 175172.5, "load": 4.35009765625}
{"event": "step", "step": 1800, "loss": 5.6473, "lr": 0.0007373020207536865, "gnorm": 0.612, "tok_per_s": 174687.7, "load": 4.32177734375}
{"event": "step", "step": 2000, "loss": 5.8866, "lr": 0.0008192244675040961, "gnorm": 0.835, "tok_per_s": 174689.7, "load": 4.71435546875}
{"event": "step", "step": 2200, "loss": 5.6, "lr": 0.0009011469142545058, "gnorm": 0.701, "tok_per_s": 155764.6, "load": 4.60400390625}
{"event": "step", "step": 2400, "loss": 5.4391, "lr": 0.0009830693610049155, "gnorm": 0.674, "tok_per_s": 176066.7, "load": 4.51025390625}
{"event": "step", "step": 2600, "loss": 5.3311, "lr": 0.001064991807755325, "gnorm": 0.718, "tok_per_s": 175918.6, "load": 4.431640625}
{"event": "step", "step": 2800, "loss": 5.5005, "lr": 0.0011469142545057346, "gnorm": 0.634, "tok_per_s": 175825.0, "load": 4.36474609375}
{"event": "step", "step": 3000, "loss": 5.5832, "lr": 0.0012288367012561442, "gnorm": 0.653, "tok_per_s": 175721.7, "load": 4.30810546875}
{"event": "step", "step": 3200, "loss": 5.3799, "lr": 0.0013107591480065537, "gnorm": 0.667, "tok_per_s": 175412.4, "load": 4.26025390625}
{"event": "step", "step": 3400, "loss": 5.3974, "lr": 0.0013926815947569635, "gnorm": 0.645, "tok_per_s": 175506.2, "load": 4.2197265625}
{"event": "step", "step": 3600, "loss": 5.243, "lr": 0.001474604041507373, "gnorm": 0.643, "tok_per_s": 175697.1, "load": 4.265625}
{"event": "step", "step": 3800, "loss": 5.4628, "lr": 0.0015565264882577826, "gnorm": 0.63, "tok_per_s": 174963.4, "load": 4.244140625}
{"event": "step", "step": 4000, "loss": 5.4843, "lr": 0.0016384489350081922, "gnorm": 0.64, "tok_per_s": 175045.7, "load": 4.28662109375}
{"event": "step", "step": 4200, "loss": 5.5667, "lr": 0.0017203713817586018, "gnorm": 1.178, "tok_per_s": 151614.3, "load": 4.55029296875}
{"event": "step", "step": 4400, "loss": 5.4075, "lr": 0.0018022938285090116, "gnorm": 0.605, "tok_per_s": 174638.8, "load": 4.5390625}
{"event": "step", "step": 4600, "loss": 5.3021, "lr": 0.0018842162752594211, "gnorm": 0.566, "tok_per_s": 174624.7, "load": 4.603515625}
{"event": "step", "step": 4800, "loss": 5.344, "lr": 0.001966138722009831, "gnorm": 0.555, "tok_per_s": 174736.8, "load": 4.51025390625}
{"event": "step", "step": 5000, "loss": 5.3693, "lr": 0.0020480611687602405, "gnorm": 0.548, "tok_per_s": 174542.0, "load": 4.431640625}
eval 5000 {'bpb': 1.7993717189697391, 'nats_per_token': 5.425322392621649, 'tokens': 16379, 'bytes': 71247}
{"event": "step", "step": 5200, "loss": 5.2212, "lr": 0.00212998361551065, "gnorm": 0.516, "tok_per_s": 168515.6, "load": 4.36474609375}
{"event": "step", "step": 5400, "loss": 5.4842, "lr": 0.0022119060622610596, "gnorm": 0.511, "tok_per_s": 173994.7, "load": 4.46875}
{"event": "step", "step": 5600, "loss": 5.1271, "lr": 0.002293828509011469, "gnorm": 0.515, "tok_per_s": 173893.0, "load": 4.70458984375}
{"event": "step", "step": 5800, "loss": 5.3656, "lr": 0.002375750955761879, "gnorm": 0.479, "tok_per_s": 174583.9, "load": 4.669921875}
{"event": "step", "step": 6000, "loss": 5.3397, "lr": 0.0024576734025122883, "gnorm": 0.456, "tok_per_s": 174486.6, "load": 4.6162109375}
{"event": "step", "step": 6200, "loss": 5.2409, "lr": 0.0025395958492626983, "gnorm": 0.45, "tok_per_s": 151102.0, "load": 4.47900390625}
{"event": "step", "step": 6400, "loss": 5.5577, "lr": 0.0026215182960131075, "gnorm": 0.47, "tok_per_s": 174638.1, "load": 4.40478515625}
{"event": "step", "step": 6600, "loss": 5.2035, "lr": 0.0027034407427635175, "gnorm": 0.418, "tok_per_s": 174475.5, "load": 4.3720703125}
{"event": "step", "step": 6800, "loss": 5.4918, "lr": 0.002785363189513927, "gnorm": 0.473, "tok_per_s": 174728.9, "load": 4.4619140625}
{"event": "step", "step": 7000, "loss": 5.2903, "lr": 0.0028672856362643366, "gnorm": 0.383, "tok_per_s": 174732.1, "load": 4.390625}
{"event": "step", "step": 7200, "loss": 5.25, "lr": 0.002949208083014746, "gnorm": 0.371, "tok_per_s": 174663.1, "load": 4.17626953125}
{"event": "step", "step": 7400, "loss": 5.1366, "lr": 0.002999999709053595, "gnorm": 0.406, "tok_per_s": 174649.9, "load": 3.9951171875}
{"event": "step", "step": 7600, "loss": 5.1433, "lr": 0.0029999960883889698, "gnorm": 0.36, "tok_per_s": 175017.4, "load": 4.076171875}
{"event": "step", "step": 7800, "loss": 5.1549, "lr": 0.0029999883298328146, "gnorm": 0.348, "tok_per_s": 175526.6, "load": 5.3232421875}
{"event": "step", "step": 8000, "loss": 5.122, "lr": 0.0029999764334089113, "gnorm": 0.331, "tok_per_s": 174958.7, "load": 5.119140625}
{"event": "step", "step": 8200, "loss": 5.2493, "lr": 0.0029999603991537234, "gnorm": 0.344, "tok_per_s": 152794.8, "load": 5.02685546875}
{"event": "step", "step": 8400, "loss": 5.0668, "lr": 0.0029999402271163973, "gnorm": 0.33, "tok_per_s": 174714.1, "load": 4.86865234375}
{"event": "step", "step": 8600, "loss": 5.1324, "lr": 0.0029999159173587633, "gnorm": 0.341, "tok_per_s": 174662.5, "load": 4.798828125}
{"event": "step", "step": 8800, "loss": 5.1249, "lr": 0.0029998874699553326, "gnorm": 0.329, "tok_per_s": 174075.9, "load": 5.30419921875}
{"event": "step", "step": 9000, "loss": 5.1352, "lr": 0.0029998548849933, "gnorm": 0.338, "tok_per_s": 174621.9, "load": 5.17724609375}
{"event": "step", "step": 9200, "loss": 5.1976, "lr": 0.0029998181625725436, "gnorm": 0.35, "tok_per_s": 174743.7, "load": 4.99560546875}
{"event": "step", "step": 9400, "loss": 5.0192, "lr": 0.0029997773028056195, "gnorm": 0.389, "tok_per_s": 174844.0, "load": 4.841796875}
{"event": "step", "step": 9600, "loss": 5.1089, "lr": 0.0029997323058177693, "gnorm": 0.342, "tok_per_s": 174907.6, "load": 4.7119140625}
{"event": "step", "step": 9800, "loss": 5.2419, "lr": 0.0029996831717469135, "gnorm": 0.427, "tok_per_s": 174757.3, "load": 4.60205078125}
{"event": "step", "step": 10000, "loss": 4.9328, "lr": 0.0029996299007436526, "gnorm": 0.315, "tok_per_s": 174892.3, "load": 4.35546875}
eval 10000 {'bpb': 1.7516502774099187, 'nats_per_token': 5.281436500244215, 'tokens': 16379, 'bytes': 71247}
{"event": "step", "step": 10200, "loss": 5.2398, "lr": 0.0029995724929712695, "gnorm": 0.339, "tok_per_s": 150308.1, "load": 4.146484375}
{"event": "step", "step": 10400, "loss": 5.2306, "lr": 0.0029995109486057243, "gnorm": 0.348, "tok_per_s": 174943.3, "load": 4.04296875}
{"event": "step", "step": 10600, "loss": 5.204, "lr": 0.002999445267835659, "gnorm": 0.382, "tok_per_s": 174846.2, "load": 3.8818359375}
{"event": "step", "step": 10800, "loss": 5.1814, "lr": 0.0029993754508623916, "gnorm": 0.336, "tok_per_s": 174755.8, "load": 3.74560546875}
{"event": "step", "step": 11000, "loss": 5.1892, "lr": 0.00299930149789992, "gnorm": 0.336, "tok_per_s": 174722.2, "load": 3.76611328125}
{"event": "step", "step": 11200, "loss": 5.1723, "lr": 0.002999223409174917, "gnorm": 0.337, "tok_per_s": 174527.1, "load": 3.7958984375}
{"event": "step", "step": 11400, "loss": 5.262, "lr": 0.0029991411849267344, "gnorm": 0.413, "tok_per_s": 174680.2, "load": 3.6728515625}
{"event": "step", "step": 11600, "loss": 5.1447, "lr": 0.0029990548254073992, "gnorm": 0.429, "tok_per_s": 174691.3, "load": 3.7236328125}
{"event": "step", "step": 11800, "loss": 5.154, "lr": 0.002998964330881612, "gnorm": 0.378, "tok_per_s": 174661.3, "load": 3.8466796875}
{"event": "step", "step": 12000, "loss": 5.148, "lr": 0.0029988697016267497, "gnorm": 0.362, "tok_per_s": 174554.7, "load": 3.951171875}
{"event": "step", "step": 12200, "loss": 5.0715, "lr": 0.0029987709379328616, "gnorm": 0.374, "tok_per_s": 150281.0, "load": 3.95947265625}
{"event": "step", "step": 12400, "loss": 5.2307, "lr": 0.0029986680401026694, "gnorm": 0.39, "tok_per_s": 174718.4, "load": 3.96630859375}
{"event": "step", "step": 12600, "loss": 5.1692, "lr": 0.002998561008451566, "gnorm": 0.363, "tok_per_s": 174785.4, "load": 3.97216796875}
{"event": "step", "step": 12800, "loss": 5.307, "lr": 0.002998449843307617, "gnorm": 0.476, "tok_per_s": 174667.5, "load": 3.97705078125}
{"event": "step", "step": 13000, "loss": 5.0944, "lr": 0.002998334545011556, "gnorm": 0.44, "tok_per_s": 174842.7, "load": 4.06103515625}
{"event": "step", "step": 13200, "loss": 5.0658, "lr": 0.0029982151139167847, "gnorm": 0.446, "tok_per_s": 174501.4, "load": 4.13623046875}
{"event": "step", "step": 13400, "loss": 5.1664, "lr": 0.002998091550389373, "gnorm": 0.42, "tok_per_s": 174634.1, "load": 4.11474609375}
{"event": "step", "step": 13600, "loss": 5.1656, "lr": 0.0029979638548080574, "gnorm": 0.386, "tok_per_s": 174660.7, "load": 4.0966796875}
{"event": "step", "step": 13800, "loss": 5.2843, "lr": 0.0029978320275642393, "gnorm": 0.514, "tok_per_s": 174715.8, "load": 4.08154296875}
{"event": "step", "step": 14000, "loss": 5.031, "lr": 0.0029976960690619846, "gnorm": 0.53, "tok_per_s": 174793.5, "load": 4.14892578125}
{"event": "step", "step": 14200, "loss": 5.0711, "lr": 0.0029975559797180214, "gnorm": 0.464, "tok_per_s": 151027.0, "load": 5.6474609375}
{"event": "step", "step": 14400, "loss": 5.0222, "lr": 0.0029974117599617387, "gnorm": 0.36, "tok_per_s": 174704.7, "load": 5.3134765625}
{"event": "step", "step": 14600, "loss": 5.0105, "lr": 0.002997263410235188, "gnorm": 0.389, "tok_per_s": 174819.5, "load": 4.95751953125}
{"event": "step", "step": 14800, "loss": 5.1141, "lr": 0.002997110930993076, "gnorm": 0.341, "tok_per_s": 174727.7, "load": 4.65576171875}
{"event": "step", "step": 15000, "loss": 4.9883, "lr": 0.0029969543227027703, "gnorm": 0.427, "tok_per_s": 174813.8, "load": 4.40087890625}
eval 15000 {'bpb': 1.733845452863634, 'nats_per_token': 5.227752810382197, 'tokens': 16379, 'bytes': 71247}
{"event": "step", "step": 15200, "loss": 5.1499, "lr": 0.0029967935858442934, "gnorm": 0.42, "tok_per_s": 173767.8, "load": 4.18505859375}
{"event": "step", "step": 15400, "loss": 5.0533, "lr": 0.0029966287209103213, "gnorm": 0.362, "tok_per_s": 173868.7, "load": 4.25048828125}
{"event": "step", "step": 15600, "loss": 5.1336, "lr": 0.0029964597284061843, "gnorm": 0.573, "tok_per_s": 174500.6, "load": 4.7666015625}
{"event": "step", "step": 15800, "loss": 5.0717, "lr": 0.002996286608849863, "gnorm": 0.467, "tok_per_s": 174737.7, "load": 4.49462890625}
{"event": "step", "step": 16000, "loss": 5.0613, "lr": 0.0029961093627719885, "gnorm": 0.413, "tok_per_s": 174890.3, "load": 4.26416015625}
{"event": "step", "step": 16200, "loss": 5.1619, "lr": 0.002995927990715841, "gnorm": 0.841, "tok_per_s": 150687.8, "load": 4.0693359375}
{"event": "step", "step": 16400, "loss": 5.1247, "lr": 0.002995742493237346, "gnorm": 0.463, "tok_per_s": 174919.4, "load": 3.904296875}
{"event": "step", "step": 16600, "loss": 5.0527, "lr": 0.0029955528709050745, "gnorm": 0.455, "tok_per_s": 174864.5, "load": 4.00537109375}
{"event": "step", "step": 16800, "loss": 5.1115, "lr": 0.00299535912430024, "gnorm": 0.458, "tok_per_s": 174340.7, "load": 4.39892578125}
{"event": "step", "step": 17000, "loss": 5.0029, "lr": 0.002995161254016699, "gnorm": 0.364, "tok_per_s": 174839.7, "load": 17.02099609375}
{"event": "step", "step": 17200, "loss": 5.0907, "lr": 0.0029949592606609452, "gnorm": 0.493, "tok_per_s": 174893.5, "load": 15.0185546875}
{"event": "step", "step": 17400, "loss": 5.0445, "lr": 0.0029947531448521122, "gnorm": 0.458, "tok_per_s": 175047.6, "load": 13.169921875}
{"event": "step", "step": 17600, "loss": 5.1762, "lr": 0.002994542907221967, "gnorm": 0.45, "tok_per_s": 174734.5, "load": 12.35546875}
{"event": "step", "step": 17800, "loss": 5.232, "lr": 0.0029943285484149134, "gnorm": 0.351, "tok_per_s": 174863.4, "load": 10.91650390625}
{"event": "step", "step": 18000, "loss": 5.1095, "lr": 0.0029941100690879844, "gnorm": 0.377, "tok_per_s": 173880.9, "load": 10.00634765625}
{"event": "step", "step": 18200, "loss": 5.0574, "lr": 0.0029938874699108452, "gnorm": 0.491, "tok_per_s": 151960.2, "load": 9.001953125}
{"event": "step", "step": 18400, "loss": 5.1971, "lr": 0.0029936607515657866, "gnorm": 0.449, "tok_per_s": 174965.1, "load": 8.07861328125}
{"event": "step", "step": 18600, "loss": 5.1847, "lr": 0.002993429914747726, "gnorm": 0.35, "tok_per_s": 174043.6, "load": 7.37744140625}
{"event": "step", "step": 18800, "loss": 5.2055, "lr": 0.0029931949601642053, "gnorm": 0.352, "tok_per_s": 175146.5, "load": 6.85791015625}
{"event": "step", "step": 19000, "loss": 5.1444, "lr": 0.0029929558885353857, "gnorm": 0.508, "tok_per_s": 174975.8, "load": 6.41796875}
{"event": "step", "step": 19200, "loss": 5.179, "lr": 0.0029927127005940505, "gnorm": 0.952, "tok_per_s": 175186.3, "load": 6.0458984375}
{"event": "step", "step": 19400, "loss": 5.0313, "lr": 0.002992465397085598, "gnorm": 0.441, "tok_per_s": 174684.1, "load": 5.8916015625}
{"event": "step", "step": 19600, "loss": 5.0696, "lr": 0.0029922139787680407, "gnorm": 0.466, "tok_per_s": 173866.0, "load": 5.90869140625}
{"event": "step", "step": 19800, "loss": 5.1484, "lr": 0.0029919584464120053, "gnorm": 0.497, "tok_per_s": 175268.6, "load": 5.75537109375}
{"event": "step", "step": 20000, "loss": 5.14, "lr": 0.0029916988008007266, "gnorm": 0.47, "tok_per_s": 175075.4, "load": 5.4853515625}
eval 20000 {'bpb': 1.7138554544460152, 'nats_per_token': 5.16748055818426, 'tokens': 16379, 'bytes': 71247}
{"event": "step", "step": 20200, "loss": 5.0719, "lr": 0.002991435042730049, "gnorm": 0.492, "tok_per_s": 150288.2, "load": 5.25634765625}
{"event": "step", "step": 20400, "loss": 5.0171, "lr": 0.00299116717300842, "gnorm": 0.401, "tok_per_s": 174872.9, "load": 5.142578125}
{"event": "step", "step": 20600, "loss": 4.9913, "lr": 0.0029908951924568915, "gnorm": 0.383, "tok_per_s": 174975.9, "load": 4.96630859375}
{"event": "step", "step": 20800, "loss": 5.0631, "lr": 0.0029906191019091143, "gnorm": 0.435, "tok_per_s": 174702.3, "load": 4.8173828125}
{"event": "step", "step": 21000, "loss": 5.1853, "lr": 0.0029903389022113377, "gnorm": 0.558, "tok_per_s": 174834.9, "load": 4.69091796875}
{"event": "step", "step": 21200, "loss": 5.2886, "lr": 0.0029900545942224055, "gnorm": 0.653, "tok_per_s": 174872.1, "load": 4.66455078125}
{"event": "step", "step": 21400, "loss": 4.9983, "lr": 0.002989766178813754, "gnorm": 0.491, "tok_per_s": 174839.8, "load": 4.56201171875}
{"event": "step", "step": 21600, "loss": 5.147, "lr": 0.0029894736568694094, "gnorm": 0.539, "tok_per_s": 174882.8, "load": 4.47509765625}
{"event": "step", "step": 21800, "loss": 5.0716, "lr": 0.002989177029285984, "gnorm": 0.542, "tok_per_s": 174881.3, "load": 4.40185546875}
{"event": "step", "step": 22000, "loss": 5.1362, "lr": 0.002988876296972676, "gnorm": 0.405, "tok_per_s": 174870.3, "load": 4.36962890625}
{"event": "step", "step": 22200, "loss": 5.1768, "lr": 0.0029885714608512636, "gnorm": 0.715, "tok_per_s": 150680.7, "load": 4.287109375}
{"event": "step", "step": 22400, "loss": 5.0299, "lr": 0.0029882625218561045, "gnorm": 0.537, "tok_per_s": 174777.0, "load": 4.263671875}
{"event": "step", "step": 22600, "loss": 5.1524, "lr": 0.0029879494809341317, "gnorm": 0.361, "tok_per_s": 174789.3, "load": 4.22265625}
{"event": "step", "step": 22800, "loss": 5.1857, "lr": 0.0029876323390448513, "gnorm": 0.572, "tok_per_s": 174836.4, "load": 4.26220703125}
{"event": "step", "step": 23000, "loss": 5.1542, "lr": 0.0029873110971603387, "gnorm": 0.525, "tok_per_s": 175086.4, "load": 4.22119140625}
{"event": "step", "step": 23200, "loss": 4.9346, "lr": 0.0029869857562652377, "gnorm": 0.656, "tok_per_s": 175915.7, "load": 4.34716796875}
{"event": "step", "step": 23400, "loss": 5.1611, "lr": 0.0029866563173567545, "gnorm": 0.472, "tok_per_s": 174954.8, "load": 4.29345703125}
{"event": "step", "step": 23600, "loss": 5.0585, "lr": 0.0029863227814446573, "gnorm": 0.481, "tok_per_s": 174946.0, "load": 4.24755859375}
{"event": "step", "step": 23800, "loss": 5.0419, "lr": 0.0029859851495512707, "gnorm": 0.419, "tok_per_s": 174974.9, "load": 4.283203125}
{"event": "step", "step": 24000, "loss": 5.0612, "lr": 0.0029856434227114766, "gnorm": 0.428, "tok_per_s": 174933.2, "load": 4.26025390625}
{"event": "step", "step": 24200, "loss": 4.9571, "lr": 0.002985297601972705, "gnorm": 0.44, "tok_per_s": 151255.6, "load": 4.3623046875}
{"event": "step", "step": 24400, "loss": 5.106, "lr": 0.0029849476883949356, "gnorm": 0.505, "tok_per_s": 174863.0, "load": 4.30615234375}
{"event": "step", "step": 24600, "loss": 5.1286, "lr": 0.002984593683050695, "gnorm": 0.659, "tok_per_s": 174847.5, "load": 4.28125}
{"event": "step", "step": 24800, "loss": 5.1411, "lr": 0.002984235587025048, "gnorm": 0.504, "tok_per_s": 174862.4, "load": 4.2373046875}
{"event": "step", "step": 25000, "loss": 5.0691, "lr": 0.002983873401415601, "gnorm": 0.706, "tok_per_s": 174643.3, "load": 4.20068359375}
eval 25000 {'bpb': 1.7148098563837375, 'nats_per_token': 5.170358194944746, 'tokens': 16379, 'bytes': 71247}
{"event": "step", "step": 25200, "loss": 5.0207, "lr": 0.0029835071273324933, "gnorm": 0.342, "tok_per_s": 173836.4, "load": 4.16943359375}
{"event": "step", "step": 25400, "loss": 5.0499, "lr": 0.002983136765898397, "gnorm": 0.772, "tok_per_s": 174892.9, "load": 4.14306640625}
{"event": "step", "step": 25600, "loss": 5.2777, "lr": 0.0029827623182485117, "gnorm": 0.752, "tok_per_s": 174715.7, "load": 4.12060546875}
{"event": "step", "step": 25800, "loss": 5.0694, "lr": 0.0029823837855305624, "gnorm": 0.617, "tok_per_s": 174655.1, "load": 4.1015625}
{"event": "step", "step": 26000, "loss": 5.2169, "lr": 0.002982001168904795, "gnorm": 0.608, "tok_per_s": 174869.2, "load": 4.24609375}
{"event": "step", "step": 26200, "loss": 5.2078, "lr": 0.0029816144695439723, "gnorm": 0.755, "tok_per_s": 151213.8, "load": 4.20751953125}
{"event": "step", "step": 26400, "loss": 5.1499, "lr": 0.002981223688633373, "gnorm": 0.494, "tok_per_s": 174858.5, "load": 4.1748046875}
{"event": "step", "step": 26600, "loss": 5.2207, "lr": 0.002980828827370783, "gnorm": 0.836, "tok_per_s": 174508.3, "load": 4.4560546875}
{"event": "step", "step": 26800, "loss": 5.0045, "lr": 0.002980429886966499, "gnorm": 1.238, "tok_per_s": 174486.2, "load": 4.5}
{"event": "step", "step": 27000, "loss": 5.1508, "lr": 0.0029800268686433176, "gnorm": 0.535, "tok_per_s": 174833.2, "load": 4.50341796875}
{"event": "step", "step": 27200, "loss": 5.0711, "lr": 0.002979619773636537, "gnorm": 0.54, "tok_per_s": 174727.5, "load": 4.42578125}
{"event": "step", "step": 27400, "loss": 5.2047, "lr": 0.002979208603193948, "gnorm": 0.481, "tok_per_s": 174625.3, "load": 4.35986328125}
{"event": "step", "step": 27600, "loss": 5.2733, "lr": 0.0029787933585758357, "gnorm": 1.433, "tok_per_s": 174903.8, "load": 4.3037109375}
{"event": "step", "step": 27800, "loss": 4.8892, "lr": 0.0029783740410549717, "gnorm": 0.875, "tok_per_s": 174623.5, "load": 4.2568359375}
{"event": "step", "step": 28000, "loss": 5.1086, "lr": 0.0029779506519166123, "gnorm": 0.462, "tok_per_s": 174057.3, "load": 5.96630859375}
{"event": "step", "step": 28200, "loss": 5.084, "lr": 0.0029775231924584937, "gnorm": 1.055, "tok_per_s": 152554.6, "load": 6.1796875}
{"event": "step", "step": 28400, "loss": 5.1041, "lr": 0.0029770916639908266, "gnorm": 0.799, "tok_per_s": 174542.5, "load": 5.84423828125}
{"event": "step", "step": 28600, "loss": 4.885, "lr": 0.002976656067836296, "gnorm": 1.564, "tok_per_s": 174789.0, "load": 5.56005859375}
{"event": "step", "step": 28800, "loss": 5.2164, "lr": 0.002976216405330053, "gnorm": 0.441, "tok_per_s": 174717.6, "load": 5.4677734375}
{"event": "step", "step": 29000, "loss": 5.1424, "lr": 0.002975772677819713, "gnorm": 0.904, "tok_per_s": 174779.7, "load": 5.35009765625}
{"event": "step", "step": 29200, "loss": 5.1764, "lr": 0.002975324886665352, "gnorm": 0.938, "tok_per_s": 174629.0, "load": 5.14208984375}
{"event": "step", "step": 29400, "loss": 5.1528, "lr": 0.0029748730332395, "gnorm": 2.163, "tok_per_s": 174740.9, "load": 4.9658203125}
{"event": "step", "step": 29600, "loss": 5.103, "lr": 0.0029744171189271394, "gnorm": 0.564, "tok_per_s": 174682.7, "load": 4.8974609375}
{"event": "step", "step": 29800, "loss": 5.1851, "lr": 0.0029739571451257002, "gnorm": 0.683, "tok_per_s": 174667.4, "load": 4.7587890625}
{"event": "step", "step": 30000, "loss": 5.3251, "lr": 0.002973493113245053, "gnorm": 1.399, "tok_per_s": 174573.1, "load": 4.72216796875}
eval 30000 {'bpb': 1.7221867363369825, 'nats_per_token': 5.192600376243971, 'tokens': 16379, 'bytes': 71247}
{"event": "step", "step": 30200, "loss": 5.1548, "lr": 0.0029730250247075097, "gnorm": 1.304, "tok_per_s": 150075.0, "load": 4.61083984375}
{"event": "step", "step": 30400, "loss": 5.0032, "lr": 0.0029725528809478132, "gnorm": 2.357, "tok_per_s": 173765.8, "load": 4.90478515625}
{"event": "step", "step": 30600, "loss": 5.1676, "lr": 0.00297207668341314, "gnorm": 1.101, "tok_per_s": 174961.7, "load": 5.30078125}
{"event": "step", "step": 30800, "loss": 5.0798, "lr": 0.0029715964335630877, "gnorm": 0.417, "tok_per_s": 174653.1, "load": 5.10009765625}
{"event": "step", "step": 31000, "loss": 5.1258, "lr": 0.0029711121328696776, "gnorm": 0.767, "tok_per_s": 174431.9, "load": 4.9306640625}
{"event": "step", "step": 31200, "loss": 5.1765, "lr": 0.0029706237828173473, "gnorm": 1.483, "tok_per_s": 174599.2, "load": 4.85595703125}
{"event": "step", "step": 31400, "loss": 5.2399, "lr": 0.0029701313849029437, "gnorm": 0.524, "tok_per_s": 174587.0, "load": 4.7236328125}
{"event": "step", "step": 31600, "loss": 5.0566, "lr": 0.0029696349406357226, "gnorm": 1.15, "tok_per_s": 174310.6, "load": 4.61181640625}
{"event": "step", "step": 31800, "loss": 5.1388, "lr": 0.0029691344515373427, "gnorm": 1.353, "tok_per_s": 174456.0, "load": 4.51708984375}
{"event": "step", "step": 32000, "loss": 5.0239, "lr": 0.00296862991914186, "gnorm": 0.522, "tok_per_s": 174438.6, "load": 4.51806640625}
{"event": "step", "step": 32200, "loss": 5.2097, "lr": 0.002968121344995723, "gnorm": 0.89, "tok_per_s": 149848.5, "load": 4.43798828125}
{"event": "step", "step": 32400, "loss": 5.0137, "lr": 0.0029676087306577704, "gnorm": 0.858, "tok_per_s": 174562.8, "load": 4.3701171875}
{"event": "step", "step": 32600, "loss": 5.096, "lr": 0.0029670920776992227, "gnorm": 0.624, "tok_per_s": 174583.4, "load": 4.31298828125}
{"event": "step", "step": 32800, "loss": 4.997, "lr": 0.0029665713877036802, "gnorm": 0.639, "tok_per_s": 174474.1, "load": 4.26416015625}
{"event": "step", "step": 33000, "loss": 4.9663, "lr": 0.0029660466622671165, "gnorm": 0.495, "tok_per_s": 174601.4, "load": 4.22314453125}
{"event": "step", "step": 33200, "loss": 5.1796, "lr": 0.0029655179029978752, "gnorm": 0.644, "tok_per_s": 174502.1, "load": 4.1884765625}
{"event": "step", "step": 33400, "loss": 5.0755, "lr": 0.002964985111516664, "gnorm": 0.669, "tok_per_s": 174651.1, "load": 4.17333984375}
{"event": "step", "step": 33600, "loss": 5.2501, "lr": 0.002964448289456548, "gnorm": 0.422, "tok_per_s": 174715.6, "load": 4.2265625}
{"event": "step", "step": 33800, "loss": 5.1321, "lr": 0.0029639074384629487, "gnorm": 0.577, "tok_per_s": 174667.5, "load": 4.19091796875}
{"event": "step", "step": 34000, "loss": 5.1494, "lr": 0.0029633625601936365, "gnorm": 0.403, "tok_per_s": 174687.1, "load": 4.1611328125}
{"event": "step", "step": 34200, "loss": 5.3268, "lr": 0.0029628136563187237, "gnorm": 0.876, "tok_per_s": 150967.9, "load": 4.29052734375}
{"event": "step", "step": 34400, "loss": 5.2392, "lr": 0.002962260728520665, "gnorm": 0.563, "tok_per_s": 174573.3, "load": 4.24560546875}
{"event": "step", "step": 34600, "loss": 4.9729, "lr": 0.0029617037784942456, "gnorm": 0.718, "tok_per_s": 174572.2, "load": 4.20751953125}
{"event": "step", "step": 34800, "loss": 5.1573, "lr": 0.002961142807946581, "gnorm": 1.226, "tok_per_s": 174474.0, "load": 4.1748046875}
{"event": "step", "step": 35000, "loss": 5.1525, "lr": 0.0029605778185971105, "gnorm": 0.879, "tok_per_s": 174574.9, "load": 4.1474609375}
eval 35000 {'bpb': 1.7186729457452838, 'nats_per_token': 5.182005874519201, 'tokens': 16379, 'bytes': 71247}
{"event": "step", "step": 35200, "loss": 5.1014, "lr": 0.002960008812177589, "gnorm": 1.168, "tok_per_s": 173394.6, "load": 4.27880859375}
{"event": "step", "step": 35400, "loss": 5.266, "lr": 0.0029594357904320877, "gnorm": 0.655, "tok_per_s": 174521.4, "load": 4.2353515625}
{"event": "step", "step": 35600, "loss": 5.0957, "lr": 0.0029588587551169824, "gnorm": 0.901, "tok_per_s": 174594.4, "load": 4.21630859375}
{"event": "step", "step": 35800, "loss": 5.113, "lr": 0.002958277708000952, "gnorm": 1.891, "tok_per_s": 174460.9, "load": 4.1826171875}
{"event": "step", "step": 36000, "loss": 5.172, "lr": 0.002957692650864972, "gnorm": 0.707, "tok_per_s": 174586.6, "load": 4.23486328125}
{"event": "step", "step": 36200, "loss": 5.1345, "lr": 0.00295710358550231, "gnorm": 0.531, "tok_per_s": 151092.1, "load": 4.1982421875}
{"event": "step", "step": 36400, "loss": 5.2065, "lr": 0.002956510513718517, "gnorm": 1.399, "tok_per_s": 174701.9, "load": 4.16748046875}
{"event": "step", "step": 36600, "loss": 5.1347, "lr": 0.002955913437331426, "gnorm": 0.682, "tok_per_s": 174672.6, "load": 4.14111328125}
{"event": "step", "step": 36800, "loss": 5.1398, "lr": 0.002955312358171144, "gnorm": 0.689, "tok_per_s": 174666.4, "load": 4.11865234375}
{"event": "step", "step": 37000, "loss": 5.099, "lr": 0.002954707278080047, "gnorm": 0.695, "tok_per_s": 174857.6, "load": 4.10009765625}
{"event": "step", "step": 37200, "loss": 5.1599, "lr": 0.002954098198912774, "gnorm": 1.396, "tok_per_s": 174712.9, "load": 4.083984375}
{"event": "step", "step": 37400, "loss": 5.1832, "lr": 0.002953485122536223, "gnorm": 1.34, "tok_per_s": 174595.0, "load": 4.07080078125}
{"event": "step", "step": 37600, "loss": 5.1473, "lr": 0.0029528680508295415, "gnorm": 0.576, "tok_per_s": 174850.9, "load": 4.0595703125}
{"event": "step", "step": 37800, "loss": 5.0127, "lr": 0.0029522469856841245, "gnorm": 1.154, "tok_per_s": 174367.0, "load": 4.2109375}
{"event": "step", "step": 38000, "loss": 4.9921, "lr": 0.002951621929003609, "gnorm": 1.114, "tok_per_s": 174110.4, "load": 4.6748046875}
{"event": "step", "step": 38200, "loss": 5.0881, "lr": 0.002950992882703862, "gnorm": 0.729, "tok_per_s": 151397.5, "load": 4.59326171875}
{"event": "step", "step": 38400, "loss": 5.3135, "lr": 0.002950359848712985, "gnorm": 1.343, "tok_per_s": 174718.6, "load": 4.54541015625}
{"event": "step", "step": 38600, "loss": 5.1538, "lr": 0.002949722828971297, "gnorm": 1.17, "tok_per_s": 174806.2, "load": 4.53515625}
{"event": "step", "step": 38800, "loss": 5.261, "lr": 0.0029490818254313367, "gnorm": 2.146, "tok_per_s": 174793.8, "load": 4.52685546875}
{"event": "step", "step": 39000, "loss": 5.0828, "lr": 0.0029484368400578527, "gnorm": 1.417, "tok_per_s": 174626.4, "load": 4.4453125}
{"event": "step", "step": 39200, "loss": 5.0392, "lr": 0.002947787874827799, "gnorm": 1.635, "tok_per_s": 174250.4, "load": 4.751953125}
{"event": "step", "step": 39400, "loss": 5.0244, "lr": 0.0029471349317303267, "gnorm": 0.996, "tok_per_s": 174570.2, "load": 4.79052734375}
{"event": "step", "step": 39600, "loss": 5.2317, "lr": 0.0029464780127667818, "gnorm": 1.088, "tok_per_s": 174724.6, "load": 4.74267578125}
{"event": "step", "step": 39800, "loss": 5.0354, "lr": 0.002945817119950695, "gnorm": 1.21, "tok_per_s": 174836.9, "load": 4.70849609375}
{"event": "step", "step": 40000, "loss": 5.0354, "lr": 0.0029451522553077783, "gnorm": 0.89, "tok_per_s": 174496.5, "load": 4.59912109375}
eval 40000 {'bpb': 1.7015436219903257, 'nats_per_token': 5.130358900879174, 'tokens': 16379, 'bytes': 71247}
{"event": "step", "step": 40200, "loss": 5.2125, "lr": 0.002944483420875917, "gnorm": 0.884, "tok_per_s": 149804.1, "load": 4.50634765625}
{"event": "step", "step": 40400, "loss": 5.135, "lr": 0.002943810618705165, "gnorm": 2.422, "tok_per_s": 174746.3, "load": 4.427734375}
{"event": "step", "step": 40600, "loss": 4.8909, "lr": 0.0029431338508577377, "gnorm": 1.113, "tok_per_s": 174758.3, "load": 4.39306640625}
{"event": "step", "step": 40800, "loss": 5.2138, "lr": 0.0029424531194080054, "gnorm": 2.117, "tok_per_s": 174912.2, "load": 4.33203125}
{"event": "step", "step": 41000, "loss": 5.1022, "lr": 0.0029417684264424868, "gnorm": 1.858, "tok_per_s": 175660.2, "load": 4.2802734375}
{"event": "step", "step": 41200, "loss": 5.0694, "lr": 0.002941079774059844, "gnorm": 1.512, "tok_per_s": 175176.8, "load": 5.1181640625}
{"event": "step", "step": 41400, "loss": 5.0823, "lr": 0.0029403871643708755, "gnorm": 1.013, "tok_per_s": 174885.7, "load": 5.01953125}
{"event": "step", "step": 41600, "loss": 5.151, "lr": 0.0029396905994985077, "gnorm": 1.046, "tok_per_s": 174639.4, "load": 4.8623046875}
{"event": "step", "step": 41800, "loss": 5.108, "lr": 0.002938990081577792, "gnorm": 2.022, "tok_per_s": 174911.5, "load": 4.72900390625}
{"event": "step", "step": 42000, "loss": 5.1552, "lr": 0.0029382856127558956, "gnorm": 1.321, "tok_per_s": 174772.3, "load": 4.77734375}
{"event": "step", "step": 42200, "loss": 4.9901, "lr": 0.0029375771951920945, "gnorm": 0.796, "tok_per_s": 150474.0, "load": 4.7314453125}
{"event": "step", "step": 42400, "loss": 5.2429, "lr": 0.0029368648310577703, "gnorm": 1.944, "tok_per_s": 174964.4, "load": 4.61865234375}
{"event": "step", "step": 42600, "loss": 5.202, "lr": 0.002936148522536399, "gnorm": 2.414, "tok_per_s": 174901.7, "load": 4.52294921875}
{"event": "step", "step": 42800, "loss": 5.1828, "lr": 0.0029354282718235484, "gnorm": 1.448, "tok_per_s": 174625.6, "load": 4.48095703125}
{"event": "step", "step": 43000, "loss": 5.0365, "lr": 0.002934704081126869, "gnorm": 2.364, "tok_per_s": 174316.7, "load": 4.7275390625}
{"event": "step", "step": 43200, "loss": 5.1649, "lr": 0.0029339759526660863, "gnorm": 2.505, "tok_per_s": 174669.5, "load": 4.84326171875}
{"event": "step", "step": 43400, "loss": 5.1756, "lr": 0.0029332438886729988, "gnorm": 0.71, "tok_per_s": 174685.6, "load": 4.712890625}
{"event": "step", "step": 43600, "loss": 5.1076, "lr": 0.0029325078913914645, "gnorm": 0.639, "tok_per_s": 174758.3, "load": 4.60302734375}
{"event": "step", "step": 43800, "loss": 5.2187, "lr": 0.002931767963077399, "gnorm": 1.768, "tok_per_s": 174920.9, "load": 4.51025390625}
{"event": "step", "step": 44000, "loss": 5.2456, "lr": 0.0029310241059987674, "gnorm": 1.432, "tok_per_s": 174675.7, "load": 4.431640625}
{"event": "step", "step": 44200, "loss": 5.1309, "lr": 0.002930276322435575, "gnorm": 2.573, "tok_per_s": 151248.1, "load": 4.36474609375}
{"event": "step", "step": 44400, "loss": 5.2684, "lr": 0.002929524614679865, "gnorm": 1.75, "tok_per_s": 174768.8, "load": 4.388671875}
{"event": "step", "step": 44600, "loss": 5.2252, "lr": 0.0029287689850357058, "gnorm": 1.073, "tok_per_s": 175417.6, "load": 4.4765625}
{"event": "step", "step": 44800, "loss": 5.2101, "lr": 0.0029280094358191885, "gnorm": 1.279, "tok_per_s": 176090.3, "load": 4.4765625}
{"event": "step", "step": 45000, "loss": 5.0952, "lr": 0.0029272459693584184, "gnorm": 2.52, "tok_per_s": 176082.5, "load": 4.5986328125}
eval 45000 {'bpb': 1.7405714316445338, 'nats_per_token': 5.248032446272666, 'tokens': 16379, 'bytes': 71247}
{"event": "step", "step": 45200, "loss": 5.0592, "lr": 0.0029264785879935065, "gnorm": 0.996, "tok_per_s": 174931.0, "load": 4.505859375}
{"event": "step", "step": 45400, "loss": 5.3038, "lr": 0.0029257072940765644, "gnorm": 2.102, "tok_per_s": 176039.9, "load": 4.427734375}
{"event": "step", "step": 45600, "loss": 4.9468, "lr": 0.002924932089971695, "gnorm": 1.008, "tok_per_s": 175848.5, "load": 4.361328125}
{"event": "step", "step": 45800, "loss": 5.0624, "lr": 0.002924152978054988, "gnorm": 0.654, "tok_per_s": 175924.1, "load": 4.30517578125}
{"event": "step", "step": 46000, "loss": 5.1054, "lr": 0.0029233699607145083, "gnorm": 3.503, "tok_per_s": 175811.0, "load": 4.2578125}
{"event": "step", "step": 46200, "loss": 5.1827, "lr": 0.0029225830403502955, "gnorm": 2.116, "tok_per_s": 155916.1, "load": 4.29833984375}
{"event": "step", "step": 46400, "loss": 5.1977, "lr": 0.0029217922193743484, "gnorm": 0.967, "tok_per_s": 175964.9, "load": 4.251953125}
{"event": "step", "step": 46600, "loss": 5.2059, "lr": 0.0029209975002106228, "gnorm": 1.076, "tok_per_s": 175907.2, "load": 4.28662109375}
{"event": "step", "step": 46800, "loss": 5.1569, "lr": 0.002920198885295025, "gnorm": 0.883, "tok_per_s": 175837.5, "load": 4.26318359375}
{"event": "step", "step": 47000, "loss": 5.1805, "lr": 0.002919396377075399, "gnorm": 1.022, "tok_per_s": 175966.8, "load": 4.22216796875}
{"event": "step", "step": 47200, "loss": 5.0848, "lr": 0.0029185899780115243, "gnorm": 0.959, "tok_per_s": 175774.7, "load": 4.1875}
{"event": "step", "step": 47400, "loss": 5.079, "lr": 0.002917779690575106, "gnorm": 0.714, "tok_per_s": 175823.5, "load": 4.158203125}
{"event": "step", "step": 47600, "loss": 5.1401, "lr": 0.002916965517249767, "gnorm": 1.42, "tok_per_s": 175914.8, "load": 4.1337890625}
{"event": "step", "step": 47800, "loss": 5.131, "lr": 0.0029161474605310413, "gnorm": 0.626, "tok_per_s": 175838.7, "load": 4.11279296875}
{"event": "step", "step": 48000, "loss": 5.1368, "lr": 0.0029153255229263653, "gnorm": 0.866, "tok_per_s": 175869.0, "load": 4.09521484375}
{"event": "step", "step": 48200, "loss": 5.2011, "lr": 0.002914499706955072, "gnorm": 0.973, "tok_per_s": 156132.6, "load": 4.16064453125}
{"event": "step", "step": 48400, "loss": 5.2906, "lr": 0.00291367001514838, "gnorm": 0.741, "tok_per_s": 175886.8, "load": 4.13525390625}
{"event": "step", "step": 48600, "loss": 5.1973, "lr": 0.002912836450049391, "gnorm": 0.511, "tok_per_s": 176078.4, "load": 4.11376953125}
{"event": "step", "step": 48800, "loss": 5.0184, "lr": 0.0029119990142130745, "gnorm": 0.574, "tok_per_s": 175738.5, "load": 4.1044921875}
{"event": "step", "step": 49000, "loss": 5.1449, "lr": 0.002911157710206268, "gnorm": 0.572, "tok_per_s": 175732.5, "load": 4.087890625}
{"event": "step", "step": 49200, "loss": 5.3184, "lr": 0.002910312540607664, "gnorm": 1.243, "tok_per_s": 175686.1, "load": 4.234375}
{"event": "step", "step": 49400, "loss": 5.0027, "lr": 0.0029094635080078035, "gnorm": 0.946, "tok_per_s": 176043.1, "load": 4.27197265625}
{"event": "step", "step": 49600, "loss": 5.0631, "lr": 0.002908610615009067, "gnorm": 0.996, "tok_per_s": 175583.9, "load": 4.22998046875}
{"event": "step", "step": 49800, "loss": 5.0144, "lr": 0.0029077538642256692, "gnorm": 0.816, "tok_per_s": 175815.9, "load": 4.1943359375}
{"event": "step", "step": 50000, "loss": 4.9622, "lr": 0.0029068932582836486, "gnorm": 0.861, "tok_per_s": 175658.0, "load": 4.1640625}
eval 50000 {'bpb': 1.7099599347186087, 'nats_per_token': 5.155735097151841, 'tokens': 16379, 'bytes': 71247}
{"event": "step", "step": 50200, "loss": 5.0958, "lr": 0.0029060287998208603, "gnorm": 0.549, "tok_per_s": 154807.5, "load": 4.138671875}
{"event": "step", "step": 50400, "loss": 5.1561, "lr": 0.002905160491486968, "gnorm": 0.717, "tok_per_s": 173749.1, "load": 4.34521484375}
{"event": "step", "step": 50600, "loss": 5.2172, "lr": 0.002904288335943435, "gnorm": 1.144, "tok_per_s": 174542.0, "load": 4.29150390625}
{"event": "step", "step": 50800, "loss": 5.0769, "lr": 0.0029034123358635173, "gnorm": 0.713, "tok_per_s": 174653.4, "load": 4.26806640625}
{"event": "step", "step": 51000, "loss": 5.1337, "lr": 0.002902532493932255, "gnorm": 0.896, "tok_per_s": 174833.9, "load": 4.38720703125}
{"event": "step", "step": 51200, "loss": 5.0461, "lr": 0.002901648812846464, "gnorm": 0.596, "tok_per_s": 174712.2, "load": 4.40771484375}
{"event": "step", "step": 51400, "loss": 5.0127, "lr": 0.002900761295314726, "gnorm": 0.767, "tok_per_s": 174840.2, "load": 4.3447265625}
{"event": "step", "step": 51600, "loss": 5.1063, "lr": 0.002899869944057385, "gnorm": 0.641, "tok_per_s": 174820.4, "load": 4.365234375}
{"event": "step", "step": 51800, "loss": 5.0104, "lr": 0.0028989747618065327, "gnorm": 1.012, "tok_per_s": 174590.8, "load": 4.45654296875}
{"event": "step", "step": 52000, "loss": 5.1772, "lr": 0.0028980757513060048, "gnorm": 0.674, "tok_per_s": 173899.1, "load": 4.546875}
{"event": "step", "step": 52200, "loss": 5.3424, "lr": 0.002897172915311371, "gnorm": 0.726, "tok_per_s": 148606.4, "load": 4.697265625}
{"event": "step", "step": 52400, "loss": 4.9261, "lr": 0.002896266256589926, "gnorm": 0.916, "tok_per_s": 174555.5, "load": 4.58935546875}
{"event": "step", "step": 52600, "loss": 5.0724, "lr": 0.002895355777920682, "gnorm": 0.805, "tok_per_s": 174670.8, "load": 4.49853515625}
{"event": "step", "step": 52800, "loss": 5.1781, "lr": 0.002894441482094359, "gnorm": 0.751, "tok_per_s": 174647.2, "load": 4.42138671875}
{"event": "step", "step": 53000, "loss": 5.2783, "lr": 0.0028935233719133793, "gnorm": 1.399, "tok_per_s": 174294.8, "load": 4.38720703125}
{"event": "step", "step": 53200, "loss": 5.2549, "lr": 0.0028926014501918533, "gnorm": 0.913, "tok_per_s": 174261.4, "load": 4.3271484375}
{"event": "step", "step": 53400, "loss": 4.9981, "lr": 0.0028916757197555766, "gnorm": 0.845, "tok_per_s": 174681.4, "load": 4.2763671875}
{"event": "step", "step": 53600, "loss": 5.1948, "lr": 0.0028907461834420185, "gnorm": 0.612, "tok_per_s": 174327.2, "load": 4.2333984375}
{"event": "step", "step": 53800, "loss": 5.3112, "lr": 0.0028898128441003134, "gnorm": 1.247, "tok_per_s": 174333.4, "load": 4.19677734375}
{"event": "step", "step": 54000, "loss": 5.2266, "lr": 0.0028888757045912516, "gnorm": 0.683, "tok_per_s": 174413.1, "load": 4.166015625}
{"event": "step", "step": 54200, "loss": 5.0846, "lr": 0.0028879347677872734, "gnorm": 0.635, "tok_per_s": 149959.9, "load": 4.14013671875}
{"event": "step", "step": 54400, "loss": 5.0516, "lr": 0.002886990036572457, "gnorm": 0.719, "tok_per_s": 174717.9, "load": 4.1923828125}
{"event": "step", "step": 54600, "loss": 5.1183, "lr": 0.0028860415138425113, "gnorm": 0.699, "tok_per_s": 174403.9, "load": 4.3232421875}
{"event": "step", "step": 54800, "loss": 4.973, "lr": 0.0028850892025047647, "gnorm": 0.654, "tok_per_s": 174227.9, "load": 4.27294921875}
{"event": "step", "step": 55000, "loss": 5.2361, "lr": 0.0028841331054781615, "gnorm": 0.588, "tok_per_s": 174372.3, "load": 4.37841796875}
eval 55000 {'bpb': 1.7191344852203883, 'nats_per_token': 5.183397471609989, 'tokens': 16379, 'bytes': 71247}
{"event": "step", "step": 55200, "loss": 4.9935, "lr": 0.002883173225693247, "gnorm": 0.687, "tok_per_s": 173117.9, "load": 4.3193359375}
{"event": "step", "step": 55400, "loss": 5.232, "lr": 0.002882209566092162, "gnorm": 0.61, "tok_per_s": 174312.0, "load": 4.3740234375}
{"event": "step", "step": 55600, "loss": 5.0818, "lr": 0.002881242129628633, "gnorm": 1.208, "tok_per_s": 173328.6, "load": 4.4765625}
{"event": "step", "step": 55800, "loss": 4.9725, "lr": 0.0028802709192679624, "gnorm": 0.793, "tok_per_s": 174177.2, "load": 4.55029296875}
{"event": "step", "step": 56000, "loss": 5.2687, "lr": 0.0028792959379870206, "gnorm": 0.927, "tok_per_s": 174669.7, "load": 4.5458984375}
{"event": "step", "step": 56200, "loss": 4.9831, "lr": 0.0028783171887742363, "gnorm": 0.53, "tok_per_s": 151111.2, "load": 4.46142578125}
{"event": "step", "step": 56400, "loss": 5.0533, "lr": 0.002877334674629587, "gnorm": 0.607, "tok_per_s": 174764.9, "load": 4.39013671875}
{"event": "step", "step": 56600, "loss": 4.9715, "lr": 0.0028763483985645892, "gnorm": 0.806, "tok_per_s": 174573.6, "load": 4.330078125}
{"event": "step", "step": 56800, "loss": 4.9725, "lr": 0.0028753583636022934, "gnorm": 0.734, "tok_per_s": 174611.7, "load": 4.27880859375}
{"event": "step", "step": 57000, "loss": 5.1996, "lr": 0.0028743645727772674, "gnorm": 0.733, "tok_per_s": 174695.9, "load": 4.2353515625}
{"event": "step", "step": 57200, "loss": 5.2523, "lr": 0.0028733670291355945, "gnorm": 0.811, "tok_per_s": 174565.2, "load": 4.27294921875}
{"event": "step", "step": 57400, "loss": 5.138, "lr": 0.0028723657357348584, "gnorm": 0.889, "tok_per_s": 174777.0, "load": 4.23046875}
{"event": "step", "step": 57600, "loss": 5.1437, "lr": 0.0028713606956441377, "gnorm": 0.552, "tok_per_s": 174582.6, "load": 4.2119140625}
{"event": "step", "step": 57800, "loss": 5.0721, "lr": 0.002870351911943994, "gnorm": 0.815, "tok_per_s": 174656.1, "load": 4.17919921875}
{"event": "step", "step": 58000, "loss": 4.9997, "lr": 0.002869339387726465, "gnorm": 0.584, "tok_per_s": 174770.5, "load": 4.1513671875}
{"event": "step", "step": 58200, "loss": 5.0875, "lr": 0.0028683231260950514, "gnorm": 0.882, "tok_per_s": 151141.9, "load": 4.20166015625}
{"event": "step", "step": 58400, "loss": 5.361, "lr": 0.0028673031301647118, "gnorm": 0.626, "tok_per_s": 174830.1, "load": 4.169921875}
{"event": "step", "step": 58600, "loss": 5.1205, "lr": 0.002866279403061849, "gnorm": 1.077, "tok_per_s": 174675.7, "load": 4.1435546875}
{"event": "step", "step": 58800, "loss": 5.1883, "lr": 0.002865251947924304, "gnorm": 0.679, "tok_per_s": 174618.8, "load": 4.12109375}
{"event": "step", "step": 59000, "loss": 5.0932, "lr": 0.0028642207679013426, "gnorm": 0.726, "tok_per_s": 174641.4, "load": 4.10205078125}
{"event": "step", "step": 59200, "loss": 5.0555, "lr": 0.0028631858661536487, "gnorm": 0.505, "tok_per_s": 174760.1, "load": 4.0859375}
{"event": "step", "step": 59400, "loss": 5.1569, "lr": 0.0028621472458533145, "gnorm": 0.725, "tok_per_s": 174659.2, "load": 4.072265625}
{"event": "step", "step": 59600, "loss": 4.9783, "lr": 0.002861104910183829, "gnorm": 0.722, "tok_per_s": 174521.2, "load": 4.1416015625}
{"event": "step", "step": 59800, "loss": 5.127, "lr": 0.0028600588623400695, "gnorm": 0.665, "tok_per_s": 174402.0, "load": 4.1298828125}
{"event": "step", "step": 60000, "loss": 5.0405, "lr": 0.002859009105528292, "gnorm": 0.6, "tok_per_s": 174569.8, "load": 4.109375}
eval 60000 {'bpb': 1.718169642286828, 'nats_per_token': 5.180488353989865, 'tokens': 16379, 'bytes': 71247}
{"event": "step", "step": 60200, "loss": 5.1397, "lr": 0.00285795564296612, "gnorm": 0.807, "tok_per_s": 150824.0, "load": 4.08447265625}
{"event": "step", "step": 60400, "loss": 5.2398, "lr": 0.0028568984778825366, "gnorm": 0.769, "tok_per_s": 174352.1, "load": 4.23828125}
{"event": "step", "step": 60600, "loss": 5.0686, "lr": 0.0028558376135178727, "gnorm": 0.659, "tok_per_s": 173915.1, "load": 4.42919921875}
{"event": "step", "step": 60800, "loss": 5.2259, "lr": 0.0028547730531237976, "gnorm": 0.832, "tok_per_s": 174178.1, "load": 4.36279296875}
{"event": "step", "step": 61000, "loss": 5.0905, "lr": 0.002853704799963311, "gnorm": 0.739, "tok_per_s": 174470.9, "load": 4.306640625}
{"event": "step", "step": 61200, "loss": 4.9296, "lr": 0.00285263285731073, "gnorm": 0.605, "tok_per_s": 174372.1, "load": 4.2587890625}
{"event": "step", "step": 61400, "loss": 5.0266, "lr": 0.0028515572284516805, "gnorm": 0.6, "tok_per_s": 174225.1, "load": 4.29931640625}
{"event": "step", "step": 61600, "loss": 5.2036, "lr": 0.002850477916683087, "gnorm": 1.014, "tok_per_s": 175004.4, "load": 4.48095703125}
{"event": "step", "step": 61800, "loss": 5.1858, "lr": 0.002849394925313164, "gnorm": 0.765, "tok_per_s": 174794.8, "load": 4.40673828125}
{"event": "step", "step": 62000, "loss": 5.2746, "lr": 0.0028483082576614025, "gnorm": 1.143, "tok_per_s": 174940.3, "load": 4.3740234375}
{"event": "step", "step": 62200, "loss": 5.2398, "lr": 0.0028472179170585614, "gnorm": 0.667, "tok_per_s": 151183.9, "load": 4.3642578125}
{"event": "step", "step": 62400, "loss": 5.2547, "lr": 0.00284612390684666, "gnorm": 0.604, "tok_per_s": 174620.6, "load": 4.30810546875}
{"event": "step", "step": 62600, "loss": 5.1459, "lr": 0.002845026230378964, "gnorm": 0.866, "tok_per_s": 174703.9, "load": 4.283203125}
{"event": "step", "step": 62800, "loss": 5.186, "lr": 0.002843924891019976, "gnorm": 0.694, "tok_per_s": 174193.9, "load": 4.47412109375}
{"event": "step", "step": 63000, "loss": 4.9876, "lr": 0.002842819892145426, "gnorm": 0.791, "tok_per_s": 174574.8, "load": 4.62939453125}
{"event": "step", "step": 63200, "loss": 5.0927, "lr": 0.0028417112371422622, "gnorm": 0.706, "tok_per_s": 174766.8, "load": 4.5322265625}
{"event": "step", "step": 63400, "loss": 5.2485, "lr": 0.002840598929408638, "gnorm": 0.937, "tok_per_s": 174547.1, "load": 4.44970703125}
{"event": "step", "step": 63600, "loss": 5.1425, "lr": 0.002839482972353902, "gnorm": 1.28, "tok_per_s": 174677.8, "load": 4.38037109375}
{"event": "step", "step": 63800, "loss": 5.0908, "lr": 0.0028383633693985916, "gnorm": 0.673, "tok_per_s": 174648.6, "load": 4.3212890625}
{"event": "step", "step": 64000, "loss": 5.0321, "lr": 0.0028372401239744154, "gnorm": 0.778, "tok_per_s": 174712.2, "load": 4.271484375}
{"event": "step", "step": 64200, "loss": 4.9279, "lr": 0.002836113239524249, "gnorm": 0.559, "tok_per_s": 151258.2, "load": 4.2294921875}
{"event": "step", "step": 64400, "loss": 5.0051, "lr": 0.002834982719502121, "gnorm": 0.65, "tok_per_s": 174735.1, "load": 4.19384765625}
{"event": "step", "step": 64600, "loss": 5.0609, "lr": 0.0028338485673732043, "gnorm": 1.129, "tok_per_s": 174607.2, "load": 4.23779296875}
{"event": "step", "step": 64800, "loss": 4.9942, "lr": 0.002832710786613804, "gnorm": 0.651, "tok_per_s": 174546.9, "load": 4.21875}
{"event": "step", "step": 65000, "loss": 5.2572, "lr": 0.0028315693807113474, "gnorm": 1.293, "tok_per_s": 174590.4, "load": 4.18505859375}
eval 65000 {'bpb': 1.7218576076727308, 'nats_per_token': 5.191608013691312, 'tokens': 16379, 'bytes': 71247}
{"event": "step", "step": 65200, "loss": 5.2157, "lr": 0.002830424353164374, "gnorm": 0.632, "tok_per_s": 173459.6, "load": 4.15625}
{"event": "step", "step": 65400, "loss": 5.0404, "lr": 0.0028292757074825227, "gnorm": 0.718, "tok_per_s": 174728.8, "load": 4.1318359375}
{"event": "step", "step": 65600, "loss": 5.0523, "lr": 0.002828123447186523, "gnorm": 0.59, "tok_per_s": 174650.1, "load": 4.111328125}
{"event": "step", "step": 65800, "loss": 5.2273, "lr": 0.0028269675758081847, "gnorm": 0.83, "tok_per_s": 174523.4, "load": 4.09375}
{"event": "step", "step": 66000, "loss": 5.1496, "lr": 0.0028258080968903837, "gnorm": 0.946, "tok_per_s": 174534.0, "load": 4.1591796875}
{"event": "step", "step": 66200, "loss": 5.0694, "lr": 0.002824645013987056, "gnorm": 0.442, "tok_per_s": 151199.0, "load": 4.294921875}
{"event": "step", "step": 66400, "loss": 5.0556, "lr": 0.002823478330663182, "gnorm": 0.703, "tok_per_s": 175578.8, "load": 5.45068359375}
{"event": "step", "step": 66600, "loss": 5.129, "lr": 0.0028223080504947793, "gnorm": 0.593, "tok_per_s": 174548.1, "load": 5.07373046875}
{"event": "step", "step": 66800, "loss": 4.9622, "lr": 0.0028211341770688902, "gnorm": 0.67, "tok_per_s": 174755.7, "load": 4.75439453125}
{"event": "step", "step": 67000, "loss": 5.0894, "lr": 0.002819956713983569, "gnorm": 0.966, "tok_per_s": 174792.2, "load": 4.61376953125}
{"event": "step", "step": 67200, "loss": 5.1632, "lr": 0.002818775664847875, "gnorm": 0.796, "tok_per_s": 174666.8, "load": 4.43896484375}
{"event": "step", "step": 67400, "loss": 5.0705, "lr": 0.0028175910332818577, "gnorm": 0.685, "tok_per_s": 174881.5, "load": 4.21728515625}
{"event": "step", "step": 67600, "loss": 4.8763, "lr": 0.002816402822916547, "gnorm": 0.853, "tok_per_s": 174822.4, "load": 4.02978515625}
{"event": "step", "step": 67800, "loss": 5.0808, "lr": 0.0028152110373939436, "gnorm": 0.599, "tok_per_s": 174684.4, "load": 3.87109375}
{"event": "step", "step": 68000, "loss": 5.2131, "lr": 0.0028140156803670054, "gnorm": 1.038, "tok_per_s": 174605.1, "load": 3.73681640625}
{"event": "step", "step": 68200, "loss": 5.1624, "lr": 0.0028128167554996378, "gnorm": 0.753, "tok_per_s": 149699.2, "load": 3.8515625}
{"event": "step", "step": 68400, "loss": 5.0305, "lr": 0.0028116142664666817, "gnorm": 0.75, "tok_per_s": 174739.3, "load": 3.72021484375}
{"event": "step", "step": 68600, "loss": 4.9942, "lr": 0.0028104082169539027, "gnorm": 0.692, "tok_per_s": 175098.9, "load": 3.60888671875}
{"event": "step", "step": 68800, "loss": 5.0618, "lr": 0.002809198610657979, "gnorm": 0.832, "tok_per_s": 175784.9, "load": 3.51513671875}
{"event": "step", "step": 69000, "loss": 5.0951, "lr": 0.002807985451286493, "gnorm": 0.911, "tok_per_s": 175718.8, "load": 3.435546875}
{"event": "step", "step": 69200, "loss": 5.098, "lr": 0.002806768742557915, "gnorm": 1.11, "tok_per_s": 175690.9, "load": 3.400390625}
{"event": "step", "step": 69400, "loss": 5.2798, "lr": 0.0028055484882015956, "gnorm": 1.321, "tok_per_s": 175583.3, "load": 3.41259765625}
{"event": "step", "step": 69600, "loss": 5.0711, "lr": 0.0028043246919577536, "gnorm": 0.726, "tok_per_s": 175919.9, "load": 3.3486328125}
{"event": "step", "step": 69800, "loss": 5.0557, "lr": 0.002803097357577464, "gnorm": 0.625, "tok_per_s": 175860.0, "load": 3.29443359375}
{"event": "step", "step": 70000, "loss": 5.1926, "lr": 0.0028018664888226456, "gnorm": 0.776, "tok_per_s": 175107.8, "load": 3.24853515625}
eval 70000 {'bpb': 1.7097163114823926, 'nats_per_token': 5.155000543760303, 'tokens': 16379, 'bytes': 71247}
{"event": "step", "step": 70200, "loss": 4.9417, "lr": 0.002800632089466051, "gnorm": 0.56, "tok_per_s": 150715.0, "load": 3.2099609375}
{"event": "step", "step": 70400, "loss": 5.2756, "lr": 0.0027993941632912553, "gnorm": 0.867, "tok_per_s": 175050.6, "load": 3.17724609375}
{"event": "step", "step": 70600, "loss": 5.1585, "lr": 0.0027981527140926417, "gnorm": 0.886, "tok_per_s": 175207.1, "load": 3.1494140625}
{"event": "step", "step": 70800, "loss": 5.0199, "lr": 0.0027969077456753946, "gnorm": 0.917, "tok_per_s": 175019.8, "load": 3.1259765625}
{"event": "step", "step": 71000, "loss": 5.0227, "lr": 0.0027956592618554833, "gnorm": 0.907, "tok_per_s": 174962.0, "load": 3.1064453125}
{"event": "step", "step": 71200, "loss": 5.0076, "lr": 0.0027944072664596526, "gnorm": 0.733, "tok_per_s": 175039.0, "load": 3.09765625}
{"event": "step", "step": 71400, "loss": 5.0759, "lr": 0.002793151763325411, "gnorm": 0.763, "tok_per_s": 175117.1, "load": 3.08203125}
{"event": "step", "step": 71600, "loss": 5.2298, "lr": 0.0027918927563010177, "gnorm": 0.888, "tok_per_s": 175038.7, "load": 3.06884765625}
{"event": "step", "step": 71800, "loss": 5.2045, "lr": 0.002790630249245473, "gnorm": 1.627, "tok_per_s": 173904.1, "load": 3.5068359375}
{"event": "step", "step": 72000, "loss": 5.1126, "lr": 0.0027893642460285043, "gnorm": 1.426, "tok_per_s": 174969.3, "load": 3.576171875}
{"event": "step", "step": 72200, "loss": 5.093, "lr": 0.0027880947505305557, "gnorm": 0.898, "tok_per_s": 151023.4, "load": 3.4873046875}
{"event": "step", "step": 72400, "loss": 5.1073, "lr": 0.0027868217666427754, "gnorm": 1.414, "tok_per_s": 174946.8, "load": 3.412109375}
{"event": "step", "step": 72600, "loss": 5.1201, "lr": 0.002785545298267003, "gnorm": 0.662, "tok_per_s": 174585.9, "load": 3.5087890625}
{"event": "step", "step": 72800, "loss": 5.1488, "lr": 0.00278426534931576, "gnorm": 0.878, "tok_per_s": 173361.6, "load": 3.57763671875}
{"event": "step", "step": 73000, "loss": 5.1565, "lr": 0.0027829819237122355, "gnorm": 1.171, "tok_per_s": 174644.0, "load": 3.56884765625}
{"event": "step", "step": 73200, "loss": 4.9523, "lr": 0.0027816950253902743, "gnorm": 0.654, "tok_per_s": 174842.7, "load": 3.5615234375}
{"event": "step", "step": 73400, "loss": 4.8678, "lr": 0.0027804046582943667, "gnorm": 0.825, "tok_per_s": 175028.4, "load": 3.51611328125}
{"event": "step", "step": 73600, "loss": 5.0218, "lr": 0.002779110826379634, "gnorm": 1.452, "tok_per_s": 174636.1, "load": 3.51708984375}
{"event": "step", "step": 73800, "loss": 5.2265, "lr": 0.002777813533611819, "gnorm": 1.032, "tok_per_s": 175078.5, "load": 3.74560546875}
{"event": "step", "step": 74000, "loss": 5.1519, "lr": 0.0027765127839672705, "gnorm": 1.402, "tok_per_s": 175018.4, "load": 3.7109375}
{"event": "step", "step": 74200, "loss": 5.1013, "lr": 0.0027752085814329347, "gnorm": 0.574, "tok_per_s": 150882.9, "load": 3.60107421875}
{"event": "step", "step": 74400, "loss": 5.0162, "lr": 0.0027739009300063408, "gnorm": 0.667, "tok_per_s": 175173.5, "load": 3.50830078125}
{"event": "step", "step": 74600, "loss": 5.1454, "lr": 0.002772589833695589, "gnorm": 0.813, "tok_per_s": 174944.7, "load": 3.57763671875}
{"event": "step", "step": 74800, "loss": 5.0834, "lr": 0.0027712752965193383, "gnorm": 0.966, "tok_per_s": 175000.1, "load": 3.5625}
{"event": "step", "step": 75000, "loss": 4.9886, "lr": 0.002769957322506795, "gnorm": 0.776, "tok_per_s": 174979.4, "load": 3.4755859375}
eval 75000 {'bpb': 1.7045897034275614, 'nats_per_token': 5.139543203187007, 'tokens': 16379, 'bytes': 71247}
{"event": "step", "step": 75200, "loss": 5.0799, "lr": 0.002768635915697699, "gnorm": 0.577, "tok_per_s": 173812.1, "load": 3.40234375}
{"event": "step", "step": 75400, "loss": 5.1429, "lr": 0.0027673110801423127, "gnorm": 1.713, "tok_per_s": 174924.2, "load": 3.34033203125}
{"event": "step", "step": 75600, "loss": 5.0437, "lr": 0.0027659828199014078, "gnorm": 1.103, "tok_per_s": 174861.7, "load": 3.31298828125}
{"event": "step", "step": 75800, "loss": 5.2344, "lr": 0.0027646511390462527, "gnorm": 1.065, "tok_per_s": 174871.6, "load": 3.33837890625}
{"event": "step", "step": 76000, "loss": 5.0494, "lr": 0.0027633160416586, "gnorm": 0.79, "tok_per_s": 174881.7, "load": 3.28564453125}
{"event": "step", "step": 76200, "loss": 5.1483, "lr": 0.0027619775318306772, "gnorm": 1.744, "tok_per_s": 151757.6, "load": 3.3154296875}
{"event": "step", "step": 76400, "loss": 5.1966, "lr": 0.002760635613665167, "gnorm": 1.666, "tok_per_s": 175270.2, "load": 3.3408203125}
{"event": "step", "step": 76600, "loss": 5.1095, "lr": 0.002759290291275202, "gnorm": 1.107, "tok_per_s": 174837.2, "load": 3.2880859375}
{"event": "step", "step": 76800, "loss": 5.0455, "lr": 0.002757941568784349, "gnorm": 0.679, "tok_per_s": 174260.8, "load": 3.3173828125}
{"event": "step", "step": 77000, "loss": 5.2545, "lr": 0.0027565894503265936, "gnorm": 1.39, "tok_per_s": 174851.0, "load": 4.7900390625}
{"event": "step", "step": 77200, "loss": 4.9975, "lr": 0.0027552339400463348, "gnorm": 0.884, "tok_per_s": 174698.2, "load": 4.587890625}
{"event": "step", "step": 77400, "loss": 5.0603, "lr": 0.002753875042098365, "gnorm": 0.885, "tok_per_s": 174749.9, "load": 4.34326171875}
{"event": "step", "step": 77600, "loss": 5.197, "lr": 0.002752512760647861, "gnorm": 1.453, "tok_per_s": 174834.2, "load": 4.13623046875}
{"event": "step", "step": 77800, "loss": 5.094, "lr": 0.0027511470998703704, "gnorm": 1.035, "tok_per_s": 174808.5, "load": 4.044921875}
{"event": "step", "step": 78000, "loss": 5.0324, "lr": 0.0027497780639517987, "gnorm": 1.892, "tok_per_s": 174835.2, "load": 3.96435546875}
{"event": "step", "step": 78200, "loss": 4.9513, "lr": 0.0027484056570883965, "gnorm": 0.801, "tok_per_s": 151386.5, "load": 3.75}
{"event": "step", "step": 78400, "loss": 5.1702, "lr": 0.002747029883486747, "gnorm": 0.842, "tok_per_s": 174855.3, "load": 3.68994140625}
{"event": "step", "step": 78600, "loss": 4.9981, "lr": 0.0027456507473637534, "gnorm": 1.175, "tok_per_s": 174864.1, "load": 3.5830078125}
{"event": "step", "step": 78800, "loss": 5.1812, "lr": 0.002744268252946624, "gnorm": 1.573, "tok_per_s": 174735.0, "load": 3.4931640625}
{"event": "step", "step": 79000, "loss": 5.0493, "lr": 0.002742882404472861, "gnorm": 1.078, "tok_per_s": 174797.7, "load": 3.6455078125}
{"event": "step", "step": 79200, "loss": 5.0358, "lr": 0.0027414932061902483, "gnorm": 0.764, "tok_per_s": 174781.2, "load": 3.5458984375}
{"event": "step", "step": 79400, "loss": 5.1787, "lr": 0.0027401006623568366, "gnorm": 0.667, "tok_per_s": 174607.7, "load": 3.46142578125}
{"event": "step", "step": 79600, "loss": 5.1839, "lr": 0.002738704777240931, "gnorm": 3.052, "tok_per_s": 174743.4, "load": 3.39013671875}
{"event": "step", "step": 79800, "loss": 5.2413, "lr": 0.0027373055551210787, "gnorm": 1.093, "tok_per_s": 174741.4, "load": 3.564453125}
{"event": "step", "step": 80000, "loss": 5.0855, "lr": 0.002735903000286053, "gnorm": 1.881, "tok_per_s": 174629.1, "load": 3.51904296875}
eval 80000 {'bpb': 1.7308633620751317, 'nats_per_token': 5.218761447585322, 'tokens': 16379, 'bytes': 71247}
{"event": "step", "step": 80200, "loss": 5.0221, "lr": 0.0027344971170348456, "gnorm": 1.439, "tok_per_s": 150486.6, "load": 3.4033203125}
{"event": "step", "step": 80400, "loss": 5.1424, "lr": 0.0027330879096766473, "gnorm": 1.421, "tok_per_s": 174672.8, "load": 3.3408203125}
{"event": "step", "step": 80600, "loss": 5.4054, "lr": 0.00273167538253084, "gnorm": 1.184, "tok_per_s": 174421.7, "load": 3.39404296875}
{"event": "step", "step": 80800, "loss": 5.1409, "lr": 0.0027302595399269795, "gnorm": 0.829, "tok_per_s": 174240.6, "load": 3.5615234375}
{"event": "step", "step": 81000, "loss": 5.108, "lr": 0.0027288403862047845, "gnorm": 0.584, "tok_per_s": 174427.6, "load": 3.474609375}
{"event": "step", "step": 81200, "loss": 5.0153, "lr": 0.0027274179257141223, "gnorm": 1.76, "tok_per_s": 174877.7, "load": 3.4013671875}
{"event": "step", "step": 81400, "loss": 5.1823, "lr": 0.002725992162814996, "gnorm": 1.239, "tok_per_s": 174075.9, "load": 3.33935546875}
{"event": "step", "step": 81600, "loss": 5.125, "lr": 0.0027245631018775317, "gnorm": 2.073, "tok_per_s": 174056.0, "load": 3.28662109375}
{"event": "step", "step": 81800, "loss": 5.0948, "lr": 0.002723130747281963, "gnorm": 0.904, "tok_per_s": 174073.2, "load": 3.24169921875}
{"event": "step", "step": 82000, "loss": 5.0894, "lr": 0.00272169510341862, "gnorm": 0.906, "tok_per_s": 173978.6, "load": 3.2041015625}
{"event": "step", "step": 82200, "loss": 5.0586, "lr": 0.002720256174687914, "gnorm": 1.192, "tok_per_s": 150200.7, "load": 3.2529296875}
{"event": "step", "step": 82400, "loss": 5.1, "lr": 0.0027188139655003256, "gnorm": 1.193, "tok_per_s": 174132.7, "load": 3.2939453125}
{"event": "step", "step": 82600, "loss": 4.9882, "lr": 0.00271736848027639, "gnorm": 0.824, "tok_per_s": 174090.6, "load": 3.248046875}
{"event": "step", "step": 82800, "loss": 5.087, "lr": 0.0027159197234466834, "gnorm": 0.821, "tok_per_s": 174188.8, "load": 3.22802734375}
{"event": "step", "step": 83000, "loss": 5.1234, "lr": 0.00271446769945181, "gnorm": 1.064, "tok_per_s": 173203.1, "load": 3.5009765625}
{"event": "step", "step": 83200, "loss": 5.0066, "lr": 0.0027130124127423896, "gnorm": 1.25, "tok_per_s": 174121.8, "load": 3.41748046875}
{"event": "step", "step": 83400, "loss": 5.1624, "lr": 0.0027115538677790403, "gnorm": 0.57, "tok_per_s": 173951.1, "load": 3.4267578125}
{"event": "step", "step": 83600, "loss": 5.0923, "lr": 0.002710092069032369, "gnorm": 1.707, "tok_per_s": 173232.1, "load": 3.43505859375}
{"event": "step", "step": 83800, "loss": 5.0456, "lr": 0.0027086270209829544, "gnorm": 0.698, "tok_per_s": 172742.4, "load": 3.7685546875}
{"event": "step", "step": 84000, "loss": 4.9944, "lr": 0.002707158728121336, "gnorm": 1.107, "tok_per_s": 173386.8, "load": 4.17236328125}
{"event": "step", "step": 84200, "loss": 5.1701, "lr": 0.0027056871949479983, "gnorm": 0.987, "tok_per_s": 149410.7, "load": 4.0654296875}
{"event": "step", "step": 84400, "loss": 5.2274, "lr": 0.0027042124259733574, "gnorm": 0.707, "tok_per_s": 172765.7, "load": 4.14208984375}
{"event": "step", "step": 84600, "loss": 4.991, "lr": 0.002702734425717749, "gnorm": 0.791, "tok_per_s": 172716.5, "load": 4.267578125}
{"event": "step", "step": 84800, "loss": 5.1606, "lr": 0.002701253198711411, "gnorm": 2.22, "tok_per_s": 173468.3, "load": 4.072265625}
{"event": "step", "step": 85000, "loss": 5.2959, "lr": 0.0026997687494944717, "gnorm": 1.499, "tok_per_s": 173622.3, "load": 3.98095703125}
eval 85000 {'bpb': 1.7223059377061312, 'nats_per_token': 5.192959782724831, 'tokens': 16379, 'bytes': 71247}
{"event": "step", "step": 85200, "loss": 5.1315, "lr": 0.0026982810826169388, "gnorm": 0.903, "tok_per_s": 172474.3, "load": 3.830078125}
{"event": "step", "step": 85400, "loss": 5.0015, "lr": 0.0026967902026386794, "gnorm": 0.72, "tok_per_s": 173572.0, "load": 3.84375}
{"event": "step", "step": 85600, "loss": 5.0371, "lr": 0.00269529611412941, "gnorm": 0.525, "tok_per_s": 173426.3, "load": 3.78759765625}
{"event": "step", "step": 85800, "loss": 4.9476, "lr": 0.002693798821668682, "gnorm": 0.827, "tok_per_s": 173478.5, "load": 3.666015625}
{"event": "step", "step": 86000, "loss": 5.0153, "lr": 0.0026922983298458677, "gnorm": 0.839, "tok_per_s": 173677.9, "load": 3.63720703125}
{"event": "step", "step": 86200, "loss": 5.1141, "lr": 0.0026907946432601438, "gnorm": 0.914, "tok_per_s": 149976.3, "load": 3.53857421875}
{"event": "step", "step": 86400, "loss": 5.175, "lr": 0.0026892877665204823, "gnorm": 1.25, "tok_per_s": 173566.3, "load": 3.455078125}
{"event": "step", "step": 86600, "loss": 5.2607, "lr": 0.0026877777042456303, "gnorm": 0.984, "tok_per_s": 173953.1, "load": 3.384765625}
{"event": "step", "step": 86800, "loss": 5.0379, "lr": 0.0026862644610641012, "gnorm": 0.66, "tok_per_s": 173328.8, "load": 3.3251953125}
{"event": "step", "step": 87000, "loss": 5.1325, "lr": 0.0026847480416141573, "gnorm": 1.479, "tok_per_s": 173381.5, "load": 3.2744140625}
{"event": "step", "step": 87200, "loss": 5.1508, "lr": 0.0026832284505437965, "gnorm": 1.032, "tok_per_s": 173669.7, "load": 3.2314453125}
{"event": "step", "step": 87400, "loss": 5.1283, "lr": 0.0026817056925107384, "gnorm": 1.071, "tok_per_s": 173475.9, "load": 3.19580078125}
{"event": "step", "step": 87600, "loss": 5.0312, "lr": 0.00268017977218241, "gnorm": 1.34, "tok_per_s": 173622.4, "load": 3.1650390625}
{"event": "step", "step": 87800, "loss": 4.9669, "lr": 0.0026786506942359295, "gnorm": 0.651, "tok_per_s": 173842.3, "load": 3.23193359375}
{"event": "step", "step": 88000, "loss": 5.2104, "lr": 0.002677118463358095, "gnorm": 1.127, "tok_per_s": 173507.1, "load": 3.2763671875}
{"event": "step", "step": 88200, "loss": 4.9351, "lr": 0.00267558308424537, "gnorm": 0.572, "tok_per_s": 153042.6, "load": 3.2333984375}
{"event": "step", "step": 88400, "loss": 4.9559, "lr": 0.0026740445616038637, "gnorm": 1.349, "tok_per_s": 174672.4, "load": 3.19677734375}
{"event": "step", "step": 88600, "loss": 5.0925, "lr": 0.002672502900149324, "gnorm": 1.351, "tok_per_s": 174826.1, "load": 3.166015625}
{"event": "step", "step": 88800, "loss": 5.174, "lr": 0.0026709581046071187, "gnorm": 2.41, "tok_per_s": 175225.8, "load": 3.14013671875}
{"event": "step", "step": 89000, "loss": 4.9603, "lr": 0.002669410179712222, "gnorm": 0.713, "tok_per_s": 174867.4, "load": 3.1181640625}
{"event": "step", "step": 89200, "loss": 5.0321, "lr": 0.002667859130209199, "gnorm": 1.237, "tok_per_s": 175222.9, "load": 3.099609375}
{"event": "step", "step": 89400, "loss": 5.0417, "lr": 0.002666304960852194, "gnorm": 1.066, "tok_per_s": 174788.0, "load": 3.083984375}
{"event": "step", "step": 89600, "loss": 5.1181, "lr": 0.0026647476764049115, "gnorm": 1.737, "tok_per_s": 174910.4, "load": 3.07080078125}
{"event": "step", "step": 89800, "loss": 5.022, "lr": 0.0026631872816406063, "gnorm": 0.782, "tok_per_s": 175022.5, "load": 3.0595703125}
{"event": "step", "step": 90000, "loss": 5.0795, "lr": 0.0026616237813420654, "gnorm": 0.828, "tok_per_s": 175111.2, "load": 3.0546875}
eval 90000 {'bpb': 1.7125424201209538, 'nats_per_token': 5.163521601593504, 'tokens': 16379, 'bytes': 71247}
{"event": "step", "step": 90200, "loss": 5.0888, "lr": 0.002660057180301595, "gnorm": 0.769, "tok_per_s": 153505.1, "load": 3.1162109375}
{"event": "step", "step": 90400, "loss": 5.012, "lr": 0.0026584874833210054, "gnorm": 0.643, "tok_per_s": 175192.8, "load": 3.1064453125}
{"event": "step", "step": 90600, "loss": 5.1922, "lr": 0.0026569146952115964, "gnorm": 2.202, "tok_per_s": 175314.9, "load": 3.08935546875}
{"event": "step", "step": 90800, "loss": 5.0848, "lr": 0.002655338820794143, "gnorm": 0.848, "tok_per_s": 175619.3, "load": 3.0751953125}
{"event": "step", "step": 91000, "loss": 4.9994, "lr": 0.0026537598648988785, "gnorm": 1.269, "tok_per_s": 175932.4, "load": 3.06298828125}
{"event": "step", "step": 91200, "loss": 5.2183, "lr": 0.002652177832365483, "gnorm": 1.116, "tok_per_s": 176088.6, "load": 3.052734375}
{"event": "step", "step": 91400, "loss": 5.1974, "lr": 0.0026505927280430657, "gnorm": 1.921, "tok_per_s": 176049.0, "load": 3.04443359375}
{"event": "step", "step": 91600, "loss": 5.0958, "lr": 0.0026490045567901517, "gnorm": 1.009, "tok_per_s": 175493.8, "load": 3.037109375}
{"event": "step", "step": 91800, "loss": 4.9862, "lr": 0.0026474133234746663, "gnorm": 0.685, "tok_per_s": 175094.5, "load": 3.03076171875}
{"event": "step", "step": 92000, "loss": 5.1072, "lr": 0.0026458190329739215, "gnorm": 1.083, "tok_per_s": 175400.8, "load": 3.02783203125}
{"event": "step", "step": 92200, "loss": 5.0033, "lr": 0.002644221690174598, "gnorm": 1.105, "tok_per_s": 154578.3, "load": 3.02099609375}
{"event": "step", "step": 92400, "loss": 5.0607, "lr": 0.002642621299972734, "gnorm": 1.14, "tok_per_s": 174233.2, "load": 3.01904296875}
{"event": "step", "step": 92600, "loss": 5.2277, "lr": 0.0026410178672737063, "gnorm": 1.582, "tok_per_s": 174216.6, "load": 3.015625}
{"event": "step", "step": 92800, "loss": 5.068, "lr": 0.002639411396992219, "gnorm": 1.055, "tok_per_s": 174246.9, "load": 3.09326171875}
{"event": "step", "step": 93000, "loss": 5.2873, "lr": 0.0026378018940522866, "gnorm": 1.382, "tok_per_s": 174629.5, "load": 3.078125}
{"event": "step", "step": 93200, "loss": 4.9049, "lr": 0.0026361893633872185, "gnorm": 0.67, "tok_per_s": 174254.6, "load": 4.927734375}
{"event": "step", "step": 93400, "loss": 5.152, "lr": 0.002634573809939604, "gnorm": 1.182, "tok_per_s": 174172.7, "load": 4.78466796875}
{"event": "step", "step": 93600, "loss": 5.4112, "lr": 0.0026329552386612984, "gnorm": 1.084, "tok_per_s": 174212.4, "load": 4.509765625}
{"event": "step", "step": 93800, "loss": 5.1477, "lr": 0.002631333654513407, "gnorm": 1.688, "tok_per_s": 174008.5, "load": 4.27734375}
{"event": "step", "step": 94000, "loss": 5.212, "lr": 0.002629709062466269, "gnorm": 0.74, "tok_per_s": 174052.5, "load": 4.08056640625}
{"event": "step", "step": 94200, "loss": 5.1904, "lr": 0.0026280814674994454, "gnorm": 0.732, "tok_per_s": 149922.8, "load": 4.22216796875}
{"event": "step", "step": 94400, "loss": 5.2409, "lr": 0.0026264508746016977, "gnorm": 1.124, "tok_per_s": 174414.2, "load": 4.107421875}
{"event": "step", "step": 94600, "loss": 4.968, "lr": 0.0026248172887709796, "gnorm": 1.376, "tok_per_s": 174119.0, "load": 4.0185546875}
{"event": "step", "step": 94800, "loss": 5.0703, "lr": 0.0026231807150144176, "gnorm": 1.824, "tok_per_s": 173787.7, "load": 3.861328125}
{"event": "step", "step": 95000, "loss": 5.0525, "lr": 0.0026215411583482965, "gnorm": 0.769, "tok_per_s": 173021.7, "load": 3.88916015625}
eval 95000 {'bpb': 1.7005521228779978, 'nats_per_token': 5.127369411670432, 'tokens': 16379, 'bytes': 71247}
{"event": "step", "step": 95200, "loss": 4.9679, "lr": 0.002619898623798043, "gnorm": 0.68, "tok_per_s": 172763.5, "load": 3.98681640625}
{"event": "step", "step": 95400, "loss": 5.1877, "lr": 0.0026182531163982128, "gnorm": 1.342, "tok_per_s": 173185.2, "load": 4.13623046875}
{"event": "step", "step": 95600, "loss": 5.0724, "lr": 0.0026166046411924735, "gnorm": 1.428, "tok_per_s": 174109.8, "load": 3.9609375}
{"event": "step", "step": 95800, "loss": 5.2252, "lr": 0.002614953203233589, "gnorm": 1.443, "tok_per_s": 173879.6, "load": 3.81298828125}
{"event": "step", "step": 96000, "loss": 5.1496, "lr": 0.002613298807583404, "gnorm": 1.333, "tok_per_s": 174005.0, "load": 3.6875}
{"event": "step", "step": 96200, "loss": 5.1992, "lr": 0.0026116414593128296, "gnorm": 1.771, "tok_per_s": 150453.8, "load": 3.58154296875}
{"event": "step", "step": 96400, "loss": 5.0774, "lr": 0.0026099811635018266, "gnorm": 1.434, "tok_per_s": 173601.8, "load": 3.49169921875}
{"event": "step", "step": 96600, "loss": 5.0474, "lr": 0.0026083179252393905, "gnorm": 1.791, "tok_per_s": 173816.9, "load": 3.41552734375}
{"event": "step", "step": 96800, "loss": 5.1671, "lr": 0.002606651749623536, "gnorm": 1.097, "tok_per_s": 174159.7, "load": 3.35107421875}
{"event": "step", "step": 97000, "loss": 5.1331, "lr": 0.0026049826417612804, "gnorm": 1.269, "tok_per_s": 174296.4, "load": 3.32275390625}
{"event": "step", "step": 97200, "loss": 5.0872, "lr": 0.0026033106067686303, "gnorm": 0.995, "tok_per_s": 173693.3, "load": 3.27294921875}
{"event": "step", "step": 97400, "loss": 5.2679, "lr": 0.002601635649770561, "gnorm": 1.258, "tok_per_s": 174231.9, "load": 3.23046875}
{"event": "step", "step": 97600, "loss": 5.0449, "lr": 0.002599957775901007, "gnorm": 0.769, "tok_per_s": 173450.6, "load": 3.19482421875}
{"event": "step", "step": 97800, "loss": 5.075, "lr": 0.0025982769903028437, "gnorm": 1.319, "tok_per_s": 173466.1, "load": 3.16455078125}
{"event": "step", "step": 98000, "loss": 5.1866, "lr": 0.0025965932981278687, "gnorm": 1.743, "tok_per_s": 173621.1, "load": 3.13916015625}
{"event": "step", "step": 98200, "loss": 5.0589, "lr": 0.0025949067045367906, "gnorm": 0.923, "tok_per_s": 155222.4, "load": 3.03759765625}
{"event": "step", "step": 98400, "loss": 5.1572, "lr": 0.0025932172146992108, "gnorm": 0.903, "tok_per_s": 174946.8, "load": 3.0380859375}
{"event": "step", "step": 98600, "loss": 5.1143, "lr": 0.0025915248337936066, "gnorm": 1.377, "tok_per_s": 175283.0, "load": 2.8779296875}
{"event": "step", "step": 98800, "loss": 5.1303, "lr": 0.0025898295670073192, "gnorm": 1.049, "tok_per_s": 174979.1, "load": 2.74267578125}
{"event": "step", "step": 99000, "loss": 5.1607, "lr": 0.0025881314195365336, "gnorm": 1.578, "tok_per_s": 173575.1, "load": 2.77587890625}
{"event": "step", "step": 99200, "loss": 4.9913, "lr": 0.0025864303965862645, "gnorm": 0.725, "tok_per_s": 173920.5, "load": 2.65625}
{"event": "step", "step": 99400, "loss": 5.1258, "lr": 0.002584726503370342, "gnorm": 1.362, "tok_per_s": 174138.6, "load": 2.603515625}
{"event": "step", "step": 99600, "loss": 5.0888, "lr": 0.002583019745111391, "gnorm": 1.203, "tok_per_s": 174131.4, "load": 2.51025390625}
{"event": "step", "step": 99800, "loss": 5.2533, "lr": 0.0025813101270408204, "gnorm": 2.202, "tok_per_s": 174297.8, "load": 2.431640625}
{"event": "step", "step": 100000, "loss": 5.2385, "lr": 0.0025795976543988037, "gnorm": 1.399, "tok_per_s": 174192.4, "load": 2.36474609375}
eval 100000 {'bpb': 1.7257388105800866, 'nats_per_token': 5.203310307787411, 'tokens': 16379, 'bytes': 71247}
{"event": "step", "step": 100200, "loss": 5.2332, "lr": 0.0025778823324342647, "gnorm": 0.812, "tok_per_s": 149786.2, "load": 2.30810546875}
{"event": "step", "step": 100400, "loss": 4.924, "lr": 0.00257616416640486, "gnorm": 1.069, "tok_per_s": 174472.5, "load": 2.26025390625}
{"event": "step", "step": 100600, "loss": 5.0009, "lr": 0.0025744431615769645, "gnorm": 1.133, "tok_per_s": 175792.2, "load": 2.2197265625}
{"event": "step", "step": 100800, "loss": 4.9864, "lr": 0.0025727193232256526, "gnorm": 1.333, "tok_per_s": 175791.5, "load": 2.18505859375}
{"event": "step", "step": 101000, "loss": 5.0503, "lr": 0.0025709926566346857, "gnorm": 1.918, "tok_per_s": 175952.4, "load": 2.15625}
{"event": "step", "step": 101200, "loss": 5.026, "lr": 0.002569263167096493, "gnorm": 1.884, "tok_per_s": 175788.7, "load": 2.1318359375}
{"event": "step", "step": 101400, "loss": 5.2772, "lr": 0.002567530859912156, "gnorm": 4.416, "tok_per_s": 175840.4, "load": 2.12109375}
{"event": "step", "step": 101600, "loss": 5.1667, "lr": 0.002565795740391394, "gnorm": 0.822, "tok_per_s": 175840.6, "load": 2.10205078125}
{"event": "step", "step": 101800, "loss": 5.0881, "lr": 0.002564057813852546, "gnorm": 1.902, "tok_per_s": 175343.7, "load": 2.0859375}
{"event": "step", "step": 102000, "loss": 5.1582, "lr": 0.002562317085622554, "gnorm": 1.52, "tok_per_s": 175427.9, "load": 2.14599609375}
{"event": "step", "step": 102200, "loss": 5.0227, "lr": 0.0025605735610369474, "gnorm": 2.392, "tok_per_s": 155340.2, "load": 2.28369140625}
{"event": "step", "step": 102400, "loss": 5.1405, "lr": 0.002558827245439828, "gnorm": 0.894, "tok_per_s": 175626.6, "load": 2.23974609375}
{"event": "step", "step": 102600, "loss": 5.0905, "lr": 0.0025570781441838514, "gnorm": 1.398, "tok_per_s": 175875.8, "load": 2.2021484375}
{"event": "step", "step": 102800, "loss": 5.0523, "lr": 0.0025553262626302124, "gnorm": 1.005, "tok_per_s": 175819.0, "load": 2.17041015625}
{"event": "step", "step": 103000, "loss": 5.0453, "lr": 0.0025535716061486262, "gnorm": 2.675, "tok_per_s": 175763.1, "load": 2.14404296875}
{"event": "step", "step": 103200, "loss": 5.245, "lr": 0.002551814180117315, "gnorm": 1.584, "tok_per_s": 175898.1, "load": 2.12158203125}
{"event": "step", "step": 103400, "loss": 5.0865, "lr": 0.0025500539899229895, "gnorm": 1.622, "tok_per_s": 175857.5, "load": 2.11181640625}
{"event": "step", "step": 103600, "loss": 5.0622, "lr": 0.0025482910409608335, "gnorm": 2.769, "tok_per_s": 175870.9, "load": 2.09423828125}
{"event": "step", "step": 103800, "loss": 5.1542, "lr": 0.0025465253386344846, "gnorm": 1.027, "tok_per_s": 175721.5, "load": 2.0791015625}
{"event": "step", "step": 104000, "loss": 5.2056, "lr": 0.002544756888356022, "gnorm": 3.457, "tok_per_s": 175469.7, "load": 2.1474609375}
{"event": "step", "step": 104200, "loss": 5.0604, "lr": 0.002542985695545947, "gnorm": 5.075, "tok_per_s": 155674.7, "load": 2.1240234375}
{"event": "step", "step": 104400, "loss": 5.0476, "lr": 0.002541211765633167, "gnorm": 1.341, "tok_per_s": 175791.9, "load": 2.1044921875}
{"event": "step", "step": 104600, "loss": 5.0439, "lr": 0.0025394351040549782, "gnorm": 1.388, "tok_per_s": 175693.4, "load": 2.087890625}
{"event": "step", "step": 104800, "loss": 4.9002, "lr": 0.0025376557162570513, "gnorm": 0.814, "tok_per_s": 175956.0, "load": 2.07373046875}
{"event": "step", "step": 105000, "loss": 4.9571, "lr": 0.0025358736076934118, "gnorm": 1.474, "tok_per_s": 175884.7, "load": 2.0615234375}
eval 105000 {'bpb': 1.7262890985198127, 'nats_per_token': 5.204969492185115, 'tokens': 16379, 'bytes': 71247}
{"event": "step", "step": 105200, "loss": 4.9451, "lr": 0.002534088783826425, "gnorm": 0.835, "tok_per_s": 174708.3, "load": 2.05126953125}
{"event": "step", "step": 105400, "loss": 5.1908, "lr": 0.0025323012501267794, "gnorm": 2.566, "tok_per_s": 175028.0, "load": 2.046875}
{"event": "step", "step": 105600, "loss": 5.0901, "lr": 0.0025305110120734686, "gnorm": 0.928, "tok_per_s": 174335.7, "load": 2.48876953125}
{"event": "step", "step": 105800, "loss": 5.2041, "lr": 0.002528718075153776, "gnorm": 0.79, "tok_per_s": 172284.3, "load": 2.72119140625}
{"event": "step", "step": 106000, "loss": 5.1145, "lr": 0.0025269224448632574, "gnorm": 1.4, "tok_per_s": 173629.5, "load": 2.7646484375}
{"event": "step", "step": 106200, "loss": 5.2327, "lr": 0.0025251241267057237, "gnorm": 2.829, "tok_per_s": 148419.8, "load": 3.10888671875}
{"event": "step", "step": 106400, "loss": 4.9499, "lr": 0.002523323126193224, "gnorm": 0.816, "tok_per_s": 173791.1, "load": 3.15966796875}
{"event": "step", "step": 106600, "loss": 4.9589, "lr": 0.002521519448846031, "gnorm": 3.916, "tok_per_s": 174198.5, "load": 2.98095703125}
{"event": "step", "step": 106800, "loss": 5.0556, "lr": 0.002519713100192619, "gnorm": 1.136, "tok_per_s": 174408.3, "load": 2.830078125}
{"event": "step", "step": 107000, "loss": 5.1909, "lr": 0.002517904085769654, "gnorm": 1.971, "tok_per_s": 174365.1, "load": 2.70166015625}
{"event": "step", "step": 107200, "loss": 5.1575, "lr": 0.0025160924111219695, "gnorm": 1.003, "tok_per_s": 174602.8, "load": 2.59326171875}
{"event": "step", "step": 107400, "loss": 5.1343, "lr": 0.0025142780818025547, "gnorm": 1.708, "tok_per_s": 174294.0, "load": 2.50146484375}
{"event": "step", "step": 107600, "loss": 4.9956, "lr": 0.0025124611033725363, "gnorm": 2.023, "tok_per_s": 174355.7, "load": 2.423828125}
{"event": "step", "step": 107800, "loss": 5.1314, "lr": 0.002510641481401158, "gnorm": 2.238, "tok_per_s": 174472.3, "load": 2.3896484375}
{"event": "step", "step": 108000, "loss": 5.1794, "lr": 0.002508819221465769, "gnorm": 1.404, "tok_per_s": 174336.9, "load": 2.32958984375}
{"event": "step", "step": 108200, "loss": 5.0787, "lr": 0.0025069943291518033, "gnorm": 1.049, "tok_per_s": 150228.6, "load": 2.2783203125}
{"event": "step", "step": 108400, "loss": 5.2515, "lr": 0.002505166810052764, "gnorm": 1.319, "tok_per_s": 174363.1, "load": 2.2353515625}
{"event": "step", "step": 108600, "loss": 5.5335, "lr": 0.0025033366697702034, "gnorm": 5.017, "tok_per_s": 174435.0, "load": 2.19873046875}
{"event": "step", "step": 108800, "loss": 5.1644, "lr": 0.0025015039139137107, "gnorm": 1.127, "tok_per_s": 174508.8, "load": 2.16796875}
{"event": "step", "step": 109000, "loss": 5.0902, "lr": 0.0024996685481008907, "gnorm": 2.293, "tok_per_s": 174274.1, "load": 2.1416015625}
{"event": "step", "step": 109200, "loss": 5.0383, "lr": 0.0024978305779573486, "gnorm": 0.953, "tok_per_s": 174406.4, "load": 2.119140625}
{"event": "step", "step": 109400, "loss": 5.1822, "lr": 0.0024959900091166714, "gnorm": 3.121, "tok_per_s": 174441.9, "load": 2.1005859375}
{"event": "step", "step": 109600, "loss": 4.8283, "lr": 0.002494146847220412, "gnorm": 2.77, "tok_per_s": 173648.5, "load": 2.08447265625}
{"event": "step", "step": 109800, "loss": 5.2588, "lr": 0.002492301097918072, "gnorm": 3.178, "tok_per_s": 173705.3, "load": 2.0712890625}
{"event": "step", "step": 110000, "loss": 5.2037, "lr": 0.0024904527668670818, "gnorm": 1.881, "tok_per_s": 174071.0, "load": 2.14599609375}
eval 110000 {'bpb': 1.71935058219485, 'nats_per_token': 5.184049030007937, 'tokens': 16379, 'bytes': 71247}
{"event": "step", "step": 110200, "loss": 5.1189, "lr": 0.0024886018597327867, "gnorm": 0.72, "tok_per_s": 149919.8, "load": 2.11279296875}
{"event": "step", "step": 110400, "loss": 5.0882, "lr": 0.0024867483821884276, "gnorm": 2.023, "tok_per_s": 174224.6, "load": 2.09521484375}
{"event": "step", "step": 110600, "loss": 5.1521, "lr": 0.002484892339915124, "gnorm": 2.452, "tok_per_s": 174409.7, "load": 2.08740234375}
{"event": "step", "step": 110800, "loss": 5.2249, "lr": 0.0024830337386018567, "gnorm": 3.303, "tok_per_s": 174427.4, "load": 2.0732421875}
{"event": "step", "step": 111000, "loss": 5.2016, "lr": 0.0024811725839454495, "gnorm": 1.362, "tok_per_s": 174201.2, "load": 2.0615234375}
{"event": "step", "step": 111200, "loss": 4.9967, "lr": 0.0024793088816505537, "gnorm": 1.007, "tok_per_s": 174356.0, "load": 2.05126953125}
{"event": "step", "step": 111400, "loss": 5.0567, "lr": 0.0024774426374296285, "gnorm": 0.997, "tok_per_s": 174396.7, "load": 2.04296875}
{"event": "step", "step": 111600, "loss": 5.429, "lr": 0.0024755738570029244, "gnorm": 0.981, "tok_per_s": 174399.6, "load": 2.03564453125}
{"event": "step", "step": 111800, "loss": 5.0729, "lr": 0.0024737025460984663, "gnorm": 0.955, "tok_per_s": 174350.5, "load": 2.02978515625}
{"event": "step", "step": 112000, "loss": 4.9475, "lr": 0.0024718287104520346, "gnorm": 1.187, "tok_per_s": 173953.6, "load": 2.02490234375}
{"event": "step", "step": 112200, "loss": 4.9473, "lr": 0.0024699523558071495, "gnorm": 0.93, "tok_per_s": 149761.2, "load": 2.18115234375}
{"event": "step", "step": 112400, "loss": 5.154, "lr": 0.00246807348791505, "gnorm": 1.442, "tok_per_s": 175376.8, "load": 2.15283203125}
{"event": "step", "step": 112600, "loss": 5.0288, "lr": 0.0024661921125346807, "gnorm": 1.08, "tok_per_s": 175297.6, "load": 2.12890625}
{"event": "step", "step": 112800, "loss": 5.1919, "lr": 0.002464308235432671, "gnorm": 3.468, "tok_per_s": 174946.1, "load": 2.1181640625}
{"event": "step", "step": 113000, "loss": 5.2102, "lr": 0.002462421862383318, "gnorm": 1.055, "tok_per_s": 174187.7, "load": 2.099609375}
{"event": "step", "step": 113200, "loss": 4.9551, "lr": 0.002460532999168571, "gnorm": 1.511, "tok_per_s": 174463.6, "load": 2.16455078125}
{"event": "step", "step": 113400, "loss": 5.0499, "lr": 0.002458641651578009, "gnorm": 4.4, "tok_per_s": 174204.3, "load": 2.2197265625}
{"event": "step", "step": 113600, "loss": 5.0015, "lr": 0.0024567478254088277, "gnorm": 1.72, "tok_per_s": 174213.2, "load": 2.18505859375}
{"event": "step", "step": 113800, "loss": 4.9755, "lr": 0.0024548515264658202, "gnorm": 1.195, "tok_per_s": 174397.4, "load": 2.15625}
{"event": "step", "step": 114000, "loss": 5.2167, "lr": 0.0024529527605613587, "gnorm": 1.071, "tok_per_s": 174182.8, "load": 2.29248046875}
{"event": "step", "step": 114200, "loss": 5.1304, "lr": 0.002451051533515375, "gnorm": 0.944, "tok_per_s": 150389.0, "load": 2.2470703125}
{"event": "step", "step": 114400, "loss": 5.3568, "lr": 0.002449147851155348, "gnorm": 1.897, "tok_per_s": 174279.6, "load": 2.20849609375}
{"event": "step", "step": 114600, "loss": 4.9921, "lr": 0.0024472417193162795, "gnorm": 2.02, "tok_per_s": 174392.1, "load": 2.49658203125}
{"event": "step", "step": 114800, "loss": 5.079, "lr": 0.0024453331438406816, "gnorm": 1.294, "tok_per_s": 174283.8, "load": 2.419921875}
{"event": "step", "step": 115000, "loss": 5.1019, "lr": 0.0024434221305785534, "gnorm": 2.136, "tok_per_s": 174412.5, "load": 2.35498046875}
eval 115000 {'bpb': 1.7177880713480271, 'nats_per_token': 5.179337871664937, 'tokens': 16379, 'bytes': 71247}
{"event": "step", "step": 115200, "loss": 4.9341, "lr": 0.002441508685387369, "gnorm": 1.352, "tok_per_s": 173089.8, "load": 2.326171875}
{"event": "step", "step": 115400, "loss": 5.0775, "lr": 0.0024395928141320556, "gnorm": 1.805, "tok_per_s": 174173.4, "load": 2.275390625}
{"event": "step", "step": 115600, "loss": 5.0339, "lr": 0.002437674522684976, "gnorm": 0.903, "tok_per_s": 174413.1, "load": 2.232421875}
{"event": "step", "step": 115800, "loss": 5.0368, "lr": 0.0024357538169259116, "gnorm": 0.999, "tok_per_s": 174416.4, "load": 2.1962890625}
{"event": "step", "step": 116000, "loss": 5.1147, "lr": 0.0024338307027420444, "gnorm": 2.337, "tok_per_s": 174239.6, "load": 2.23974609375}
{"event": "step", "step": 116200, "loss": 5.2046, "lr": 0.0024319051860279377, "gnorm": 1.046, "tok_per_s": 151285.9, "load": 2.2021484375}
{"event": "step", "step": 116400, "loss": 5.2729, "lr": 0.0024299772726855194, "gnorm": 1.526, "tok_per_s": 174303.8, "load": 2.17041015625}
{"event": "step", "step": 116600, "loss": 5.1844, "lr": 0.002428046968624063, "gnorm": 1.813, "tok_per_s": 173773.5, "load": 2.3046875}
{"event": "step", "step": 116800, "loss": 5.1783, "lr": 0.0024261142797601695, "gnorm": 1.723, "tok_per_s": 173022.5, "load": 11.6328125}
{"event": "step", "step": 117000, "loss": 5.1205, "lr": 0.0024241792120177513, "gnorm": 1.642, "tok_per_s": 172960.2, "load": 10.37890625}
{"event": "step", "step": 117200, "loss": 5.2322, "lr": 0.0024222417713280105, "gnorm": 0.987, "tok_per_s": 174423.2, "load": 9.169921875}
{"event": "step", "step": 117400, "loss": 5.11, "lr": 0.0024203019636294225, "gnorm": 2.433, "tok_per_s": 173567.6, "load": 8.99609375}
{"event": "step", "step": 117600, "loss": 5.0843, "lr": 0.0024183597948677187, "gnorm": 1.809, "tok_per_s": 174472.5, "load": 8.14111328125}
{"event": "step", "step": 117800, "loss": 5.0575, "lr": 0.002416415270995868, "gnorm": 2.909, "tok_per_s": 174448.2, "load": 7.1962890625}
{"event": "step", "step": 118000, "loss": 5.0811, "lr": 0.002414468397974056, "gnorm": 1.017, "tok_per_s": 174003.9, "load": 6.39697265625}
{"event": "step", "step": 118200, "loss": 5.1631, "lr": 0.002412519181769671, "gnorm": 1.296, "tok_per_s": 150445.7, "load": 5.88037109375}
{"event": "step", "step": 118400, "loss": 5.0808, "lr": 0.002410567628357282, "gnorm": 2.551, "tok_per_s": 174248.6, "load": 6.923828125}
{"event": "step", "step": 118600, "loss": 5.018, "lr": 0.0024086137437186223, "gnorm": 0.968, "tok_per_s": 174405.1, "load": 6.16650390625}
{"event": "step", "step": 118800, "loss": 4.9803, "lr": 0.0024066575338425695, "gnorm": 0.958, "tok_per_s": 174501.9, "load": 5.525390625}
{"event": "step", "step": 119000, "loss": 5.2636, "lr": 0.002404699004725131, "gnorm": 2.134, "tok_per_s": 174141.8, "load": 4.98291015625}
{"event": "step", "step": 119200, "loss": 5.1146, "lr": 0.0024027381623694197, "gnorm": 1.588, "tok_per_s": 174323.7, "load": 4.52392578125}
{"event": "step", "step": 119400, "loss": 5.1373, "lr": 0.002400775012785641, "gnorm": 1.165, "tok_per_s": 174278.5, "load": 4.1357421875}
{"event": "step", "step": 119600, "loss": 5.1279, "lr": 0.0023988095619910717, "gnorm": 2.256, "tok_per_s": 174387.8, "load": 3.806640625}
{"event": "step", "step": 119800, "loss": 5.1403, "lr": 0.0023968418160100423, "gnorm": 1.759, "tok_per_s": 174441.6, "load": 3.66162109375}
{"event": "step", "step": 120000, "loss": 5.105, "lr": 0.0023948717808739174, "gnorm": 1.574, "tok_per_s": 174417.8, "load": 3.40576171875}
eval 120000 {'bpb': 1.7229373806589603, 'nats_per_token': 5.194863659258807, 'tokens': 16379, 'bytes': 71247}
{"event": "step", "step": 120200, "loss": 4.9982, "lr": 0.0023928994626210786, "gnorm": 1.064, "tok_per_s": 149553.4, "load": 3.1611328125}
{"event": "step", "step": 120400, "loss": 5.0943, "lr": 0.0023909248672969066, "gnorm": 0.785, "tok_per_s": 174455.8, "load": 3.06787109375}
{"event": "step", "step": 120600, "loss": 5.0502, "lr": 0.0023889480009537593, "gnorm": 1.494, "tok_per_s": 174234.6, "load": 2.90283203125}
{"event": "step", "step": 120800, "loss": 5.0081, "lr": 0.002386968869650958, "gnorm": 0.727, "tok_per_s": 174293.4, "load": 2.91796875}
{"event": "step", "step": 121000, "loss": 5.0942, "lr": 0.0023849874794547657, "gnorm": 1.199, "tok_per_s": 174449.7, "load": 2.7763671875}
{"event": "step", "step": 121200, "loss": 5.0617, "lr": 0.0023830038364383663, "gnorm": 0.745, "tok_per_s": 174216.4, "load": 2.80419921875}
{"event": "step", "step": 121400, "loss": 5.0165, "lr": 0.002381017946681853, "gnorm": 0.805, "tok_per_s": 174376.7, "load": 2.68017578125}
{"event": "step", "step": 121600, "loss": 5.1297, "lr": 0.002379029816272204, "gnorm": 1.252, "tok_per_s": 174321.7, "load": 2.5751953125}
{"event": "step", "step": 121800, "loss": 5.0636, "lr": 0.002377039451303264, "gnorm": 1.174, "tok_per_s": 174220.4, "load": 2.486328125}
{"event": "step", "step": 122000, "loss": 5.1972, "lr": 0.0023750468578757284, "gnorm": 1.124, "tok_per_s": 174381.0, "load": 2.447265625}
{"event": "step", "step": 122200, "loss": 5.1846, "lr": 0.0023730520420971227, "gnorm": 1.171, "tok_per_s": 150338.0, "load": 2.642578125}
{"event": "step", "step": 122400, "loss": 4.9429, "lr": 0.0023710550100817843, "gnorm": 0.986, "tok_per_s": 174114.8, "load": 2.54345703125}
{"event": "step", "step": 122600, "loss": 5.1435, "lr": 0.0023690557679508437, "gnorm": 2.953, "tok_per_s": 174287.1, "load": 2.49951171875}
{"event": "step", "step": 122800, "loss": 5.1299, "lr": 0.002367054321832204, "gnorm": 2.792, "tok_per_s": 174122.1, "load": 2.42236328125}
{"event": "step", "step": 123000, "loss": 5.0189, "lr": 0.0023650506778605264, "gnorm": 0.816, "tok_per_s": 174154.3, "load": 2.35693359375}
{"event": "step", "step": 123200, "loss": 5.2421, "lr": 0.0023630448421772072, "gnorm": 1.088, "tok_per_s": 174304.7, "load": 2.3017578125}
{"event": "step", "step": 123400, "loss": 5.0869, "lr": 0.002361036820930361, "gnorm": 2.023, "tok_per_s": 174219.3, "load": 2.33544921875}
{"event": "step", "step": 123600, "loss": 5.1467, "lr": 0.0023590266202748013, "gnorm": 0.953, "tok_per_s": 174237.4, "load": 2.357421875}
{"event": "step", "step": 123800, "loss": 5.0294, "lr": 0.0023570142463720215, "gnorm": 2.596, "tok_per_s": 174203.9, "load": 2.30224609375}
{"event": "step", "step": 124000, "loss": 5.1826, "lr": 0.002354999705390176, "gnorm": 1.185, "tok_per_s": 174217.1, "load": 2.25537109375}
{"event": "step", "step": 124200, "loss": 5.248, "lr": 0.002352983003504063, "gnorm": 1.667, "tok_per_s": 150182.3, "load": 2.37646484375}
{"event": "step", "step": 124400, "loss": 5.0437, "lr": 0.002350964146895102, "gnorm": 0.902, "tok_per_s": 174282.3, "load": 2.392578125}
{"event": "step", "step": 124600, "loss": 5.1915, "lr": 0.002348943141751319, "gnorm": 3.276, "tok_per_s": 174217.5, "load": 2.33154296875}
{"event": "step", "step": 124800, "loss": 5.2322, "lr": 0.002346919994267325, "gnorm": 1.766, "tok_per_s": 174442.4, "load": 2.2802734375}
{"event": "step", "step": 125000, "loss": 5.0816, "lr": 0.0023448947106442953, "gnorm": 1.573, "tok_per_s": 174162.8, "load": 2.2578125}
eval 125000 {'bpb': 1.7208465712424335, 'nats_per_token': 5.18855961711643, 'tokens': 16379, 'bytes': 71247}
{"event": "step", "step": 125200, "loss": 5.3821, "lr": 0.0023428672970899557, "gnorm": 1.789, "tok_per_s": 172957.5, "load": 2.2177734375}
{"event": "step", "step": 125400, "loss": 5.1465, "lr": 0.0023408377598185598, "gnorm": 1.601, "tok_per_s": 174015.6, "load": 2.18408203125}
{"event": "step", "step": 125600, "loss": 5.0535, "lr": 0.0023388061050508696, "gnorm": 3.152, "tok_per_s": 174321.8, "load": 2.1552734375}
{"event": "step", "step": 125800, "loss": 5.0206, "lr": 0.0023367723390141375, "gnorm": 0.921, "tok_per_s": 174141.3, "load": 2.130859375}
{"event": "step", "step": 126000, "loss": 5.1679, "lr": 0.002334736467942088, "gnorm": 2.651, "tok_per_s": 174108.4, "load": 2.1103515625}
{"event": "step", "step": 126200, "loss": 5.2616, "lr": 0.002332698498074898, "gnorm": 0.981, "tok_per_s": 150970.9, "load": 2.0927734375}
{"event": "step", "step": 126400, "loss": 5.1413, "lr": 0.0023306584356591765, "gnorm": 3.197, "tok_per_s": 174181.7, "load": 2.15185546875}
{"event": "step", "step": 126600, "loss": 4.9051, "lr": 0.002328616286947946, "gnorm": 1.941, "tok_per_s": 174348.3, "load": 2.12841796875}
{"event": "step", "step": 126800, "loss": 5.1154, "lr": 0.002326572058200625, "gnorm": 5.719, "tok_per_s": 174366.6, "load": 2.10791015625}
{"event": "step", "step": 127000, "loss": 5.1092, "lr": 0.002324525755683009, "gnorm": 1.376, "tok_per_s": 174221.5, "load": 2.0908203125}
{"event": "step", "step": 127200, "loss": 5.1274, "lr": 0.002322477385667245, "gnorm": 1.564, "tok_per_s": 174405.0, "load": 2.08349609375}
{"event": "step", "step": 127400, "loss": 5.0419, "lr": 0.0023204269544318218, "gnorm": 1.219, "tok_per_s": 174219.7, "load": 2.15087890625}
{"event": "step", "step": 127600, "loss": 4.9854, "lr": 0.002318374468261544, "gnorm": 3.889, "tok_per_s": 174404.1, "load": 2.12744140625}
{"event": "step", "step": 127800, "loss": 5.026, "lr": 0.0023163199334475144, "gnorm": 1.043, "tok_per_s": 173189.3, "load": 9.0390625}
{"event": "step", "step": 128000, "loss": 4.9808, "lr": 0.0023142633562871166, "gnorm": 0.946, "tok_per_s": 173152.1, "load": 8.18359375}
{"event": "step", "step": 128200, "loss": 4.9838, "lr": 0.002312204743083993, "gnorm": 3.366, "tok_per_s": 150875.6, "load": 7.232421875}
{"event": "step", "step": 128400, "loss": 5.0418, "lr": 0.002310144100148028, "gnorm": 1.965, "tok_per_s": 173387.3, "load": 16.09814453125}
{"event": "step", "step": 128600, "loss": 5.0043, "lr": 0.0023080814337953256, "gnorm": 2.369, "tok_per_s": 173862.3, "load": 14.3046875}
{"event": "step", "step": 128800, "loss": 5.016, "lr": 0.0023060167503481926, "gnorm": 2.151, "tok_per_s": 173935.0, "load": 12.49267578125}
{"event": "step", "step": 129000, "loss": 4.8923, "lr": 0.0023039500561351195, "gnorm": 2.314, "tok_per_s": 172756.8, "load": 10.87939453125}
{"event": "step", "step": 129200, "loss": 5.2315, "lr": 0.0023018813574907588, "gnorm": 1.748, "tok_per_s": 173947.2, "load": 9.58740234375}
{"event": "step", "step": 129400, "loss": 5.2016, "lr": 0.002299810660755907, "gnorm": 1.498, "tok_per_s": 174019.6, "load": 8.58056640625}
{"event": "step", "step": 129600, "loss": 5.2967, "lr": 0.002297737972277484, "gnorm": 1.937, "tok_per_s": 174066.7, "load": 8.05322265625}
{"event": "step", "step": 129800, "loss": 5.1967, "lr": 0.0022956632984085174, "gnorm": 2.07, "tok_per_s": 174145.6, "load": 7.1220703125}
{"event": "step", "step": 130000, "loss": 5.0037, "lr": 0.0022935866455081177, "gnorm": 1.285, "tok_per_s": 174089.0, "load": 6.333984375}
eval 130000 {'bpb': 1.7149735901821035, 'nats_per_token': 5.170851872061786, 'tokens': 16379, 'bytes': 71247}
{"event": "step", "step": 130200, "loss": 5.1091, "lr": 0.0022915080199414624, "gnorm": 1.59, "tok_per_s": 149784.9, "load": 5.66748046875}
{"event": "step", "step": 130400, "loss": 5.0394, "lr": 0.002289427428079775, "gnorm": 1.379, "tok_per_s": 174082.0, "load": 5.10302734375}
{"event": "step", "step": 130600, "loss": 5.3388, "lr": 0.002287344876300306, "gnorm": 1.985, "tok_per_s": 174040.8, "load": 4.62548828125}
{"event": "step", "step": 130800, "loss": 4.9711, "lr": 0.002285260370986314, "gnorm": 1.69, "tok_per_s": 173173.2, "load": 4.52880859375}
{"event": "step", "step": 131000, "loss": 5.1477, "lr": 0.0022831739185270442, "gnorm": 1.131, "tok_per_s": 174231.8, "load": 4.1396484375}
{"event": "step", "step": 131200, "loss": 5.1456, "lr": 0.002281085525317712, "gnorm": 3.313, "tok_per_s": 174418.2, "load": 3.810546875}
{"event": "step", "step": 131400, "loss": 5.0882, "lr": 0.002278995197759478, "gnorm": 1.617, "tok_per_s": 174318.6, "load": 3.53173828125}
{"event": "step", "step": 131600, "loss": 5.1982, "lr": 0.0022769029422594353, "gnorm": 3.604, "tok_per_s": 174356.1, "load": 3.29541015625}
{"event": "step", "step": 131800, "loss": 5.0685, "lr": 0.0022748087652305848, "gnorm": 1.857, "tok_per_s": 174098.5, "load": 3.095703125}
{"event": "step", "step": 132000, "loss": 5.1522, "lr": 0.0022727126730918163, "gnorm": 0.962, "tok_per_s": 174255.4, "load": 3.0078125}
{"event": "step", "step": 132200, "loss": 5.0205, "lr": 0.002270614672267892, "gnorm": 1.77, "tok_per_s": 149976.2, "load": 2.7841796875}
{"event": "step", "step": 132400, "loss": 5.0157, "lr": 0.002268514769189422, "gnorm": 2.687, "tok_per_s": 174220.5, "load": 2.6630859375}
{"event": "step", "step": 132600, "loss": 5.0509, "lr": 0.0022664129702928484, "gnorm": 3.166, "tok_per_s": 174295.5, "load": 2.60986328125}
{"event": "step", "step": 132800, "loss": 5.0778, "lr": 0.002264309282020424, "gnorm": 1.01, "tok_per_s": 174164.6, "load": 2.515625}
{"event": "step", "step": 133000, "loss": 4.9182, "lr": 0.0022622037108201917, "gnorm": 0.828, "tok_per_s": 174186.1, "load": 2.43603515625}
{"event": "step", "step": 133200, "loss": 5.1023, "lr": 0.0022600962631459678, "gnorm": 1.09, "tok_per_s": 173956.8, "load": 2.44287109375}
{"event": "step", "step": 133400, "loss": 5.3783, "lr": 0.0022579869454573184, "gnorm": 2.002, "tok_per_s": 173724.4, "load": 2.37451171875}
{"event": "step", "step": 133600, "loss": 5.2044, "lr": 0.0022558757642195423, "gnorm": 2.879, "tok_per_s": 173989.5, "load": 2.31640625}
{"event": "step", "step": 133800, "loss": 5.1135, "lr": 0.00225376272590365, "gnorm": 1.446, "tok_per_s": 174098.9, "load": 2.34814453125}
{"event": "step", "step": 134000, "loss": 5.1362, "lr": 0.002251647836986344, "gnorm": 1.151, "tok_per_s": 174041.9, "load": 2.3681640625}
{"event": "step", "step": 134200, "loss": 5.2473, "lr": 0.00224953110395, "gnorm": 1.829, "tok_per_s": 150418.2, "load": 2.31103515625}
{"event": "step", "step": 134400, "loss": 4.987, "lr": 0.002247412533282645, "gnorm": 1.664, "tok_per_s": 173210.9, "load": 2.34326171875}
{"event": "step", "step": 134600, "loss": 5.1769, "lr": 0.0022452921314779386, "gnorm": 1.173, "tok_per_s": 171804.6, "load": 2.44482421875}
{"event": "step", "step": 134800, "loss": 5.3207, "lr": 0.002243169905035155, "gnorm": 1.504, "tok_per_s": 173479.7, "load": 2.3759765625}
{"event": "step", "step": 135000, "loss": 4.9935, "lr": 0.0022410458604591576, "gnorm": 2.111, "tok_per_s": 173795.4, "load": 2.345703125}
eval 135000 {'bpb': 1.7301277464592841, 'nats_per_token': 5.216543477929055, 'tokens': 16379, 'bytes': 71247}
{"event": "step", "step": 135200, "loss": 5.1922, "lr": 0.0022389200042603856, "gnorm": 2.537, "tok_per_s": 171381.4, "load": 2.44677734375}
{"event": "step", "step": 135400, "loss": 5.2523, "lr": 0.00223679234295483, "gnorm": 2.702, "tok_per_s": 173928.0, "load": 2.45166015625}
{"event": "step", "step": 135600, "loss": 5.1149, "lr": 0.0022346628830640144, "gnorm": 1.274, "tok_per_s": 174006.7, "load": 2.5361328125}
{"event": "step", "step": 135800, "loss": 5.1425, "lr": 0.002232531631114976, "gnorm": 1.019, "tok_per_s": 173883.5, "load": 2.45361328125}
{"event": "step", "step": 136000, "loss": 5.0788, "lr": 0.0022303985936402435, "gnorm": 0.852, "tok_per_s": 174214.6, "load": 2.38330078125}
{"event": "step", "step": 136200, "loss": 5.1768, "lr": 0.0022282637771778202, "gnorm": 1.72, "tok_per_s": 150400.3, "load": 2.39794921875}
{"event": "step", "step": 136400, "loss": 5.1432, "lr": 0.0022261271882711613, "gnorm": 2.481, "tok_per_s": 174108.9, "load": 2.33642578125}
{"event": "step", "step": 136600, "loss": 5.1197, "lr": 0.002223988833469154, "gnorm": 1.385, "tok_per_s": 174302.6, "load": 2.3583984375}
{"event": "step", "step": 136800, "loss": 5.0238, "lr": 0.0022218487193260993, "gnorm": 3.36, "tok_per_s": 174106.3, "load": 2.302734375}
{"event": "step", "step": 137000, "loss": 5.1548, "lr": 0.0022197068524016906, "gnorm": 4.564, "tok_per_s": 174106.1, "load": 2.255859375}
{"event": "step", "step": 137200, "loss": 5.1695, "lr": 0.0022175632392609935, "gnorm": 1.54, "tok_per_s": 174087.2, "load": 2.21630859375}
{"event": "step", "step": 137400, "loss": 5.2473, "lr": 0.002215417886474426, "gnorm": 1.977, "tok_per_s": 173937.7, "load": 2.19873046875}
{"event": "step", "step": 137600, "loss": 4.9963, "lr": 0.002213270800617739, "gnorm": 1.345, "tok_per_s": 173241.5, "load": 2.16796875}
{"event": "step", "step": 137800, "loss": 5.1284, "lr": 0.0022111219882719937, "gnorm": 2.53, "tok_per_s": 174058.2, "load": 2.1416015625}
{"event": "step", "step": 138000, "loss": 5.1065, "lr": 0.0022089714560235446, "gnorm": 2.278, "tok_per_s": 173964.0, "load": 2.119140625}
{"event": "step", "step": 138200, "loss": 5.1997, "lr": 0.0022068192104640182, "gnorm": 3.025, "tok_per_s": 150512.9, "load": 2.1005859375}
{"event": "step", "step": 138400, "loss": 5.1753, "lr": 0.002204665258190292, "gnorm": 2.625, "tok_per_s": 173220.7, "load": 2.2451171875}
{"event": "step", "step": 138600, "loss": 5.2049, "lr": 0.002202509605804473, "gnorm": 1.825, "tok_per_s": 173198.7, "load": 2.43505859375}
{"event": "step", "step": 138800, "loss": 5.0412, "lr": 0.0022003522599138826, "gnorm": 0.969, "tok_per_s": 173809.3, "load": 2.36767578125}
{"event": "step", "step": 139000, "loss": 4.9538, "lr": 0.0021981932271310308, "gnorm": 1.238, "tok_per_s": 173322.7, "load": 2.39111328125}
{"event": "step", "step": 139200, "loss": 5.1401, "lr": 0.002196032514073598, "gnorm": 0.947, "tok_per_s": 172849.8, "load": 2.55859375}
{"event": "step", "step": 139400, "loss": 5.1212, "lr": 0.0021938701273644164, "gnorm": 1.357, "tok_per_s": 173689.1, "load": 2.47216796875}
{"event": "step", "step": 139600, "loss": 5.044, "lr": 0.0021917060736314467, "gnorm": 1.192, "tok_per_s": 173493.2, "load": 3.02783203125}
{"event": "step", "step": 139800, "loss": 5.1462, "lr": 0.0021895403595077597, "gnorm": 4.051, "tok_per_s": 174016.6, "load": 3.10595703125}
{"event": "step", "step": 140000, "loss": 5.0802, "lr": 0.0021873729916315155, "gnorm": 1.039, "tok_per_s": 174314.5, "load": 2.935546875}
eval 140000 {'bpb': 1.7262864882708533, 'nats_per_token': 5.204961621970206, 'tokens': 16379, 'bytes': 71247}
{"event": "step", "step": 140200, "loss": 5.1898, "lr": 0.0021852039766459435, "gnorm": 0.819, "tok_per_s": 149868.5, "load": 2.7275390625}
{"event": "step", "step": 140400, "loss": 4.8756, "lr": 0.0021830333211993206, "gnorm": 3.349, "tok_per_s": 174112.1, "load": 2.74951171875}
{"event": "step", "step": 140600, "loss": 5.0516, "lr": 0.0021808610319449524, "gnorm": 1.345, "tok_per_s": 174135.2, "load": 2.6337890625}
{"event": "step", "step": 140800, "loss": 5.0281, "lr": 0.002178687115541154, "gnorm": 1.466, "tok_per_s": 173964.2, "load": 2.5361328125}
{"event": "step", "step": 141000, "loss": 5.0361, "lr": 0.002176511578651224, "gnorm": 1.241, "tok_per_s": 174030.7, "load": 2.45361328125}
{"event": "step", "step": 141200, "loss": 5.0232, "lr": 0.002174334427943433, "gnorm": 0.799, "tok_per_s": 173938.7, "load": 2.45751953125}
{"event": "step", "step": 141400, "loss": 5.0744, "lr": 0.0021721556700909934, "gnorm": 1.129, "tok_per_s": 173895.8, "load": 2.38671875}
{"event": "step", "step": 141600, "loss": 5.1499, "lr": 0.0021699753117720467, "gnorm": 3.947, "tok_per_s": 173921.2, "load": 2.32666015625}
{"event": "step", "step": 141800, "loss": 5.1505, "lr": 0.002167793359669639, "gnorm": 6.088, "tok_per_s": 173954.4, "load": 2.27587890625}
{"event": "step", "step": 142000, "loss": 5.1352, "lr": 0.002165609820471702, "gnorm": 2.135, "tok_per_s": 173899.1, "load": 2.3935546875}
{"event": "step", "step": 142200, "loss": 5.1821, "lr": 0.0021634247008710306, "gnorm": 1.545, "tok_per_s": 150572.9, "load": 2.40673828125}
{"event": "step", "step": 142400, "loss": 5.1802, "lr": 0.002161238007565266, "gnorm": 2.549, "tok_per_s": 174102.9, "load": 2.34375}
{"event": "step", "step": 142600, "loss": 5.1209, "lr": 0.0021590497472568715, "gnorm": 1.439, "tok_per_s": 174024.9, "load": 2.31591796875}
{"event": "step", "step": 142800, "loss": 5.0593, "lr": 0.0021568599266531133, "gnorm": 1.68, "tok_per_s": 174177.5, "load": 2.26708984375}
{"event": "step", "step": 143000, "loss": 5.2073, "lr": 0.0021546685524660406, "gnorm": 1.241, "tok_per_s": 173900.3, "load": 2.2255859375}
{"event": "step", "step": 143200, "loss": 5.253, "lr": 0.0021524756314124658, "gnorm": 1.588, "tok_per_s": 173173.5, "load": 2.66552734375}
{"event": "step", "step": 143400, "loss": 5.0506, "lr": 0.0021502811702139397, "gnorm": 1.449, "tok_per_s": 174061.6, "load": 2.63671875}
{"event": "step", "step": 143600, "loss": 5.0735, "lr": 0.0021480851755967356, "gnorm": 2.433, "tok_per_s": 173709.7, "load": 2.6123046875}
{"event": "step", "step": 143800, "loss": 5.1362, "lr": 0.002145887654291828, "gnorm": 2.411, "tok_per_s": 173924.9, "load": 2.67822265625}
{"event": "step", "step": 144000, "loss": 5.1101, "lr": 0.0021436886130348685, "gnorm": 3.389, "tok_per_s": 173960.1, "load": 2.5732421875}
{"event": "step", "step": 144200, "loss": 5.0816, "lr": 0.0021414880585661684, "gnorm": 2.218, "tok_per_s": 150386.4, "load": 2.55859375}
{"event": "step", "step": 144400, "loss": 5.2391, "lr": 0.0021392859976306785, "gnorm": 1.245, "tok_per_s": 173858.1, "load": 2.47216796875}
{"event": "step", "step": 144600, "loss": 5.3624, "lr": 0.0021370824369779653, "gnorm": 4.228, "tok_per_s": 173886.2, "load": 2.39892578125}
{"event": "step", "step": 144800, "loss": 5.17, "lr": 0.002134877383362193, "gnorm": 5.296, "tok_per_s": 174025.1, "load": 2.3369140625}
{"event": "step", "step": 145000, "loss": 5.1841, "lr": 0.002132670843542101, "gnorm": 4.085, "tok_per_s": 174065.5, "load": 2.3095703125}
eval 145000 {'bpb': 1.7156888774954486, 'nats_per_token': 5.173008549438305, 'tokens': 16379, 'bytes': 71247}
{"event": "step", "step": 145200, "loss": 5.1298, "lr": 0.002130462824280985, "gnorm": 2.517, "tok_per_s": 172887.7, "load": 2.26171875}
{"event": "step", "step": 145400, "loss": 5.0521, "lr": 0.0021282533323466763, "gnorm": 2.282, "tok_per_s": 173983.4, "load": 2.22119140625}
{"event": "step", "step": 145600, "loss": 5.1167, "lr": 0.0021260423745115176, "gnorm": 2.19, "tok_per_s": 174013.2, "load": 2.1865234375}
{"event": "step", "step": 145800, "loss": 5.0468, "lr": 0.0021238299575523463, "gnorm": 3.069, "tok_per_s": 173933.0, "load": 2.2314453125}
{"event": "step", "step": 146000, "loss": 5.2367, "lr": 0.002121616088250473, "gnorm": 1.235, "tok_per_s": 174015.7, "load": 2.26953125}
{"event": "step", "step": 146200, "loss": 5.1578, "lr": 0.0021194007733916576, "gnorm": 1.988, "tok_per_s": 150645.6, "load": 2.30810546875}
{"event": "step", "step": 146400, "loss": 5.1944, "lr": 0.0021171840197660922, "gnorm": 5.791, "tok_per_s": 174035.5, "load": 2.26025390625}
{"event": "step", "step": 146600, "loss": 5.1597, "lr": 0.0021149658341683792, "gnorm": 1.453, "tok_per_s": 173829.9, "load": 2.30029296875}
{"event": "step", "step": 146800, "loss": 5.0717, "lr": 0.0021127462233975105, "gnorm": 3.355, "tok_per_s": 173672.1, "load": 2.32763671875}
{"event": "step", "step": 147000, "loss": 5.1135, "lr": 0.002110525194256844, "gnorm": 4.293, "tok_per_s": 173922.0, "load": 2.35107421875}
{"event": "step", "step": 147200, "loss": 5.1916, "lr": 0.002108302753554087, "gnorm": 2.345, "tok_per_s": 174018.9, "load": 2.296875}
{"event": "step", "step": 147400, "loss": 5.2444, "lr": 0.002106078908101273, "gnorm": 1.454, "tok_per_s": 174012.9, "load": 2.27294921875}
{"event": "step", "step": 147600, "loss": 5.2253, "lr": 0.0021038536647147426, "gnorm": 5.003, "tok_per_s": 174121.1, "load": 2.3046875}
{"event": "step", "step": 147800, "loss": 5.0969, "lr": 0.0021016270302151177, "gnorm": 2.053, "tok_per_s": 173925.8, "load": 2.41845703125}
{"event": "step", "step": 148000, "loss": 5.1296, "lr": 0.002099399011427287, "gnorm": 2.567, "tok_per_s": 173900.8, "load": 2.353515625}
{"event": "step", "step": 148200, "loss": 5.2645, "lr": 0.002097169615180382, "gnorm": 2.672, "tok_per_s": 150549.8, "load": 2.37939453125}
{"event": "step", "step": 148400, "loss": 5.1542, "lr": 0.002094938848307755, "gnorm": 2.088, "tok_per_s": 174048.0, "load": 2.39453125}
{"event": "step", "step": 148600, "loss": 4.9398, "lr": 0.0020927067176469607, "gnorm": 1.434, "tok_per_s": 174138.8, "load": 2.40771484375}
{"event": "step", "step": 148800, "loss": 4.9663, "lr": 0.002090473230039733, "gnorm": 2.277, "tok_per_s": 174073.2, "load": 2.3447265625}
{"event": "step", "step": 149000, "loss": 5.2373, "lr": 0.0020882383923319665, "gnorm": 2.477, "tok_per_s": 174140.1, "load": 2.29150390625}
{"event": "step", "step": 149200, "loss": 4.9691, "lr": 0.002086002211373691, "gnorm": 1.128, "tok_per_s": 173555.9, "load": 2.48095703125}
{"event": "step", "step": 149400, "loss": 5.0885, "lr": 0.0020837646940190567, "gnorm": 2.536, "tok_per_s": 173674.1, "load": 2.5615234375}
{"event": "step", "step": 149600, "loss": 4.9573, "lr": 0.0020815258471263086, "gnorm": 1.81, "tok_per_s": 174127.8, "load": 2.548828125}
{"event": "step", "step": 149800, "loss": 5.1226, "lr": 0.002079285677557767, "gnorm": 0.942, "tok_per_s": 174103.9, "load": 2.50439453125}
{"event": "step", "step": 150000, "loss": 5.119, "lr": 0.002077044192179806, "gnorm": 1.994, "tok_per_s": 173963.3, "load": 2.57421875}
eval 150000 {'bpb': 1.7392643297034713, 'nats_per_token': 5.2440913765339765, 'tokens': 16379, 'bytes': 71247}
{"event": "step", "step": 150200, "loss": 5.1479, "lr": 0.0020748013978628336, "gnorm": 2.239, "tok_per_s": 149098.9, "load": 2.60693359375}
{"event": "step", "step": 150400, "loss": 5.0942, "lr": 0.0020725573014812697, "gnorm": 1.424, "tok_per_s": 172912.2, "load": 2.798828125}
{"event": "step", "step": 150600, "loss": 5.1532, "lr": 0.0020703119099135235, "gnorm": 1.058, "tok_per_s": 173254.2, "load": 2.74951171875}
{"event": "step", "step": 150800, "loss": 5.1438, "lr": 0.0020680652300419772, "gnorm": 4.272, "tok_per_s": 172992.8, "load": 3.0224609375}
{"event": "step", "step": 151000, "loss": 4.9945, "lr": 0.0020658172687529593, "gnorm": 1.161, "tok_per_s": 174061.6, "load": 2.86474609375}
{"event": "step", "step": 151200, "loss": 5.0934, "lr": 0.0020635680329367267, "gnorm": 4.279, "tok_per_s": 173941.6, "load": 2.7314453125}
{"event": "step", "step": 151400, "loss": 5.0956, "lr": 0.0020613175294874435, "gnorm": 1.874, "tok_per_s": 173833.7, "load": 2.69921875}
{"event": "step", "step": 151600, "loss": 5.1381, "lr": 0.0020590657653031578, "gnorm": 1.386, "tok_per_s": 174179.9, "load": 2.59130859375}
{"event": "step", "step": 151800, "loss": 4.9496, "lr": 0.002056812747285784, "gnorm": 1.114, "tok_per_s": 174220.1, "load": 2.5}
{"event": "step", "step": 152000, "loss": 5.0239, "lr": 0.0020545584823410774, "gnorm": 1.951, "tok_per_s": 173999.7, "load": 2.49658203125}
{"event": "step", "step": 152200, "loss": 5.1859, "lr": 0.0020523029773786166, "gnorm": 1.313, "tok_per_s": 150456.5, "load": 2.8623046875}
{"event": "step", "step": 152400, "loss": 5.0405, "lr": 0.0020500462393117824, "gnorm": 1.079, "tok_per_s": 173989.1, "load": 2.9697265625}
{"event": "step", "step": 152600, "loss": 4.9025, "lr": 0.0020477882750577314, "gnorm": 1.091, "tok_per_s": 173823.8, "load": 2.81982421875}
{"event": "step", "step": 152800, "loss": 4.9157, "lr": 0.0020455290915373818, "gnorm": 3.243, "tok_per_s": 174096.0, "load": 2.75390625}
{"event": "step", "step": 153000, "loss": 5.0034, "lr": 0.0020432686956753884, "gnorm": 1.513, "tok_per_s": 174250.4, "load": 2.6376953125}
{"event": "step", "step": 153200, "loss": 5.3386, "lr": 0.0020410070944001206, "gnorm": 1.483, "tok_per_s": 174116.0, "load": 2.5390625}
{"event": "step", "step": 153400, "loss": 5.035, "lr": 0.0020387442946436444, "gnorm": 1.61, "tok_per_s": 173967.2, "load": 2.603515625}
{"event": "step", "step": 153600, "loss": 5.0507, "lr": 0.0020364803033416975, "gnorm": 1.334, "tok_per_s": 174057.3, "load": 2.87939453125}
{"event": "step", "step": 153800, "loss": 5.1973, "lr": 0.002034215127433671, "gnorm": 1.215, "tok_per_s": 174136.6, "load": 2.74365234375}
{"event": "step", "step": 154000, "loss": 5.0723, "lr": 0.0020319487738625877, "gnorm": 2.637, "tok_per_s": 174009.8, "load": 2.62890625}
{"event": "step", "step": 154200, "loss": 5.1837, "lr": 0.002029681249575078, "gnorm": 3.584, "tok_per_s": 150491.4, "load": 2.6123046875}
{"event": "step", "step": 154400, "loss": 4.9563, "lr": 0.0020274125615213612, "gnorm": 2.094, "tok_per_s": 174273.8, "load": 2.517578125}
{"event": "step", "step": 154600, "loss": 5.2341, "lr": 0.0020251427166552254, "gnorm": 2.002, "tok_per_s": 174027.5, "load": 2.51171875}
{"event": "step", "step": 154800, "loss": 5.3082, "lr": 0.0020228717219340025, "gnorm": 3.842, "tok_per_s": 174067.9, "load": 2.4326171875}
{"event": "step", "step": 155000, "loss": 4.9891, "lr": 0.0020205995843185502, "gnorm": 1.353, "tok_per_s": 174206.8, "load": 2.478515625}
eval 155000 {'bpb': 1.7236783749696336, 'nats_per_token': 5.1970978463276145, 'tokens': 16379, 'bytes': 71247}
{"event": "step", "step": 155200, "loss": 5.1213, "lr": 0.0020183263107732274, "gnorm": 2.247, "tok_per_s": 173065.7, "load": 2.478515625}
{"event": "step", "step": 155400, "loss": 5.238, "lr": 0.0020160519082658775, "gnorm": 3.044, "tok_per_s": 174171.6, "load": 2.404296875}
{"event": "step", "step": 155600, "loss": 5.0962, "lr": 0.0020137763837678015, "gnorm": 1.318, "tok_per_s": 173767.5, "load": 2.66259765625}
{"event": "step", "step": 155800, "loss": 5.0085, "lr": 0.002011499744253742, "gnorm": 1.579, "tok_per_s": 173661.6, "load": 2.78857421875}
{"event": "step", "step": 156000, "loss": 5.1633, "lr": 0.0020092219967018567, "gnorm": 2.28, "tok_per_s": 173704.1, "load": 2.74072265625}
{"event": "step", "step": 156200, "loss": 5.0032, "lr": 0.0020069431480937024, "gnorm": 1.772, "tok_per_s": 150010.0, "load": 2.77392578125}
{"event": "step", "step": 156400, "loss": 5.1702, "lr": 0.002004663205414208, "gnorm": 2.698, "tok_per_s": 173733.9, "load": 2.65478515625}
{"event": "step", "step": 156600, "loss": 4.8915, "lr": 0.0020023821756516577, "gnorm": 0.966, "tok_per_s": 173983.4, "load": 2.5537109375}
{"event": "step", "step": 156800, "loss": 4.9877, "lr": 0.002000100065797667, "gnorm": 1.237, "tok_per_s": 174021.4, "load": 2.6162109375}
{"event": "step", "step": 157000, "loss": 5.2003, "lr": 0.0019978168828471616, "gnorm": 5.036, "tok_per_s": 174014.9, "load": 2.52099609375}
{"event": "step", "step": 157200, "loss": 5.1169, "lr": 0.0019955326337983575, "gnorm": 2.296, "tok_per_s": 174056.2, "load": 2.6689453125}
{"event": "step", "step": 157400, "loss": 5.0415, "lr": 0.0019932473256527375, "gnorm": 1.548, "tok_per_s": 173944.9, "load": 2.615234375}
{"event": "step", "step": 157600, "loss": 5.1688, "lr": 0.0019909609654150313, "gnorm": 3.389, "tok_per_s": 173397.8, "load": 2.5205078125}
{"event": "step", "step": 157800, "loss": 4.9972, "lr": 0.0019886735600931926, "gnorm": 4.303, "tok_per_s": 173630.3, "load": 2.43994140625}
{"event": "step", "step": 158000, "loss": 4.951, "lr": 0.001986385116698379, "gnorm": 1.658, "tok_per_s": 173592.4, "load": 2.2177734375}
{"event": "step", "step": 158200, "loss": 5.3361, "lr": 0.0019840956422449304, "gnorm": 3.162, "tok_per_s": 150156.7, "load": 2.1103515625}
{"event": "step", "step": 158400, "loss": 5.019, "lr": 0.001981805143750345, "gnorm": 1.358, "tok_per_s": 173995.0, "load": 2.01904296875}
{"event": "step", "step": 158600, "loss": 5.2308, "lr": 0.001979513628235262, "gnorm": 3.167, "tok_per_s": 173880.9, "load": 1.86181640625}
{"event": "step", "step": 158800, "loss": 5.0758, "lr": 0.001977221102723437, "gnorm": 2.712, "tok_per_s": 173870.7, "load": 1.72900390625}
{"event": "step", "step": 159000, "loss": 4.9236, "lr": 0.001974927574241721, "gnorm": 1.277, "tok_per_s": 173924.6, "load": 1.61669921875}
{"event": "step", "step": 159200, "loss": 5.0264, "lr": 0.00197263304982004, "gnorm": 4.171, "tok_per_s": 173851.3, "load": 1.521484375}
{"event": "step", "step": 159400, "loss": 5.1243, "lr": 0.0019703375364913726, "gnorm": 1.866, "tok_per_s": 173323.9, "load": 1.44091796875}
{"event": "step", "step": 159600, "loss": 5.1608, "lr": 0.0019680410412917277, "gnorm": 4.708, "tok_per_s": 173518.8, "load": 1.453125}
{"event": "step", "step": 159800, "loss": 5.186, "lr": 0.001965743571260124, "gnorm": 5.826, "tok_per_s": 173440.6, "load": 1.41650390625}
{"event": "step", "step": 160000, "loss": 5.1613, "lr": 0.001963445133438569, "gnorm": 5.348, "tok_per_s": 172580.7, "load": 1.5126953125}
eval 160000 {'bpb': 1.714763346493187, 'nats_per_token': 5.170217962024544, 'tokens': 16379, 'bytes': 71247}
{"event": "step", "step": 160200, "loss": 5.1252, "lr": 0.0019611457348720353, "gnorm": 5.583, "tok_per_s": 148627.3, "load": 1.6083984375}
{"event": "step", "step": 160400, "loss": 5.2723, "lr": 0.001958845382608442, "gnorm": 1.961, "tok_per_s": 173906.9, "load": 1.5595703125}
{"event": "step", "step": 160600, "loss": 5.1922, "lr": 0.00195654408369863, "gnorm": 2.591, "tok_per_s": 174025.1, "load": 3.3154296875}
{"event": "step", "step": 160800, "loss": 5.0991, "lr": 0.0019542418451963407, "gnorm": 5.028, "tok_per_s": 174031.6, "load": 2.958984375}
{"event": "step", "step": 161000, "loss": 5.3415, "lr": 0.0019519386741581994, "gnorm": 3.727, "tok_per_s": 174122.2, "load": 2.73095703125}
{"event": "step", "step": 161200, "loss": 5.1489, "lr": 0.001949634577643685, "gnorm": 1.839, "tok_per_s": 173951.6, "load": 2.5380859375}
{"event": "step", "step": 161400, "loss": 5.1062, "lr": 0.0019473295627151174, "gnorm": 2.254, "tok_per_s": 174080.3, "load": 2.4619140625}
{"event": "step", "step": 161600, "loss": 5.0475, "lr": 0.0019450236364376278, "gnorm": 2.775, "tok_per_s": 173026.9, "load": 2.5380859375}
{"event": "step", "step": 161800, "loss": 5.1347, "lr": 0.0019427168058791433, "gnorm": 6.188, "tok_per_s": 173541.2, "load": 2.6220703125}
{"event": "step", "step": 162000, "loss": 5.0464, "lr": 0.0019404090781103616, "gnorm": 1.868, "tok_per_s": 173723.1, "load": 2.44580078125}
{"event": "step", "step": 162200, "loss": 5.0475, "lr": 0.001938100460204731, "gnorm": 5.436, "tok_per_s": 150513.0, "load": 2.29638671875}
{"event": "step", "step": 162400, "loss": 4.8519, "lr": 0.0019357909592384274, "gnorm": 2.01, "tok_per_s": 174355.0, "load": 2.17041015625}
{"event": "step", "step": 162600, "loss": 5.05, "lr": 0.0019334805822903347, "gnorm": 1.644, "tok_per_s": 174162.5, "load": 2.0703125}
{"event": "step", "step": 162800, "loss": 5.064, "lr": 0.0019311693364420198, "gnorm": 3.911, "tok_per_s": 174267.1, "load": 1.984375}
{"event": "step", "step": 163000, "loss": 5.2104, "lr": 0.0019288572287777153, "gnorm": 3.45, "tok_per_s": 174297.5, "load": 1.83251953125}
{"event": "step", "step": 163200, "loss": 5.0063, "lr": 0.0019265442663842934, "gnorm": 2.514, "tok_per_s": 174010.7, "load": 1.7041015625}
{"event": "step", "step": 163400, "loss": 5.1661, "lr": 0.001924230456351247, "gnorm": 2.243, "tok_per_s": 174160.1, "load": 1.66943359375}
{"event": "step", "step": 163600, "loss": 5.1581, "lr": 0.0019219158057706672, "gnorm": 1.332, "tok_per_s": 174257.4, "load": 1.64013671875}
{"event": "step", "step": 163800, "loss": 5.1957, "lr": 0.0019196003217372209, "gnorm": 1.249, "tok_per_s": 174057.5, "load": 1.54150390625}
{"event": "step", "step": 164000, "loss": 4.9594, "lr": 0.0019172840113481303, "gnorm": 2.213, "tok_per_s": 174324.8, "load": 1.5322265625}
{"event": "step", "step": 164200, "loss": 4.9886, "lr": 0.00191496688170315, "gnorm": 1.06, "tok_per_s": 150768.2, "load": 1.6103515625}
{"event": "step", "step": 164400, "loss": 4.9112, "lr": 0.0019126489399045451, "gnorm": 2.396, "tok_per_s": 174227.2, "load": 1.515625}
{"event": "step", "step": 164600, "loss": 5.0684, "lr": 0.0019103301930570723, "gnorm": 1.959, "tok_per_s": 174277.1, "load": 1.51025390625}
{"event": "step", "step": 164800, "loss": 5.077, "lr": 0.0019080106482679538, "gnorm": 2.248, "tok_per_s": 174171.1, "load": 1.431640625}
{"event": "step", "step": 165000, "loss": 5.1554, "lr": 0.0019056903126468572, "gnorm": 2.695, "tok_per_s": 174212.2, "load": 1.36474609375}
eval 165000 {'bpb': 1.7206424181344224, 'nats_per_token': 5.187944070913975, 'tokens': 16379, 'bytes': 71247}
{"event": "step", "step": 165200, "loss": 5.0256, "lr": 0.0019033691933058765, "gnorm": 5.358, "tok_per_s": 172882.3, "load": 1.33544921875}
{"event": "step", "step": 165400, "loss": 5.092, "lr": 0.0019010472973595054, "gnorm": 1.553, "tok_per_s": 173899.8, "load": 1.283203125}
{"event": "step", "step": 165600, "loss": 5.046, "lr": 0.0018987246319246195, "gnorm": 1.875, "tok_per_s": 174079.5, "load": 1.2392578125}
{"event": "step", "step": 165800, "loss": 5.0847, "lr": 0.0018964012041204521, "gnorm": 2.679, "tok_per_s": 174087.7, "load": 1.20166015625}
{"event": "step", "step": 166000, "loss": 4.9858, "lr": 0.0018940770210685738, "gnorm": 2.016, "tok_per_s": 174504.6, "load": 1.244140625}
{"event": "step", "step": 166200, "loss": 5.2309, "lr": 0.0018917520898928707, "gnorm": 4.588, "tok_per_s": 152711.6, "load": 1.52099609375}
{"event": "step", "step": 166400, "loss": 5.2381, "lr": 0.00188942641771952, "gnorm": 2.535, "tok_per_s": 174092.1, "load": 1.4404296875}
{"event": "step", "step": 166600, "loss": 5.0405, "lr": 0.0018871000116769717, "gnorm": 2.901, "tok_per_s": 174216.8, "load": 1.4462890625}
{"event": "step", "step": 166800, "loss": 4.9787, "lr": 0.0018847728788959257, "gnorm": 1.473, "tok_per_s": 174021.1, "load": 1.376953125}
{"event": "step", "step": 167000, "loss": 4.8515, "lr": 0.001882445026509308, "gnorm": 1.378, "tok_per_s": 174257.0, "load": 1.3994140625}
{"event": "step", "step": 167200, "loss": 5.054, "lr": 0.0018801164616522505, "gnorm": 1.369, "tok_per_s": 174187.8, "load": 1.33740234375}
{"event": "step", "step": 167400, "loss": 5.1567, "lr": 0.00187778719146207, "gnorm": 4.132, "tok_per_s": 174122.8, "load": 1.31005859375}
{"event": "step", "step": 167600, "loss": 5.2313, "lr": 0.001875457223078244, "gnorm": 5.164, "tok_per_s": 174154.6, "load": 1.4169921875}
{"event": "step", "step": 167800, "loss": 5.0581, "lr": 0.0018731265636423916, "gnorm": 1.7, "tok_per_s": 174083.0, "load": 1.3525390625}
{"event": "step", "step": 168000, "loss": 4.9494, "lr": 0.0018707952202982475, "gnorm": 2.351, "tok_per_s": 174256.2, "load": 1.37841796875}
{"event": "step", "step": 168200, "loss": 5.0061, "lr": 0.0018684632001916448, "gnorm": 4.888, "tok_per_s": 149182.1, "load": 1.6279296875}
{"event": "step", "step": 168400, "loss": 4.8782, "lr": 0.0018661305104704904, "gnorm": 0.994, "tok_per_s": 173919.1, "load": 1.60546875}
{"event": "step", "step": 168600, "loss": 4.9915, "lr": 0.0018637971582847435, "gnorm": 1.352, "tok_per_s": 174181.8, "load": 1.51171875}
{"event": "step", "step": 168800, "loss": 5.06, "lr": 0.001861463150786394, "gnorm": 1.271, "tok_per_s": 174032.4, "load": 1.5068359375}
{"event": "step", "step": 169000, "loss": 5.0874, "lr": 0.0018591284951294405, "gnorm": 1.58, "tok_per_s": 174089.3, "load": 1.42822265625}
{"event": "step", "step": 169200, "loss": 5.0411, "lr": 0.0018567931984698673, "gnorm": 2.324, "tok_per_s": 173943.8, "load": 1.36181640625}
{"event": "step", "step": 169400, "loss": 4.8767, "lr": 0.001854457267965625, "gnorm": 1.557, "tok_per_s": 174093.1, "load": 1.3056640625}
{"event": "step", "step": 169600, "loss": 5.1003, "lr": 0.0018521207107766058, "gnorm": 1.603, "tok_per_s": 174139.0, "load": 1.2578125}
{"event": "step", "step": 169800, "loss": 4.8637, "lr": 0.0018497835340646233, "gnorm": 5.453, "tok_per_s": 174084.5, "load": 1.23681640625}
{"event": "step", "step": 170000, "loss": 5.1979, "lr": 0.0018474457449933906, "gnorm": 1.483, "tok_per_s": 174183.3, "load": 1.2744140625}
eval 170000 {'bpb': 1.7134590920964439, 'nats_per_token': 5.166285477974846, 'tokens': 16379, 'bytes': 71247}
{"event": "step", "step": 170200, "loss": 5.2597, "lr": 0.0018451073507284959, "gnorm": 3.112, "tok_per_s": 149905.8, "load": 1.212890625}
{"event": "step", "step": 170400, "loss": 4.9938, "lr": 0.0018427683584373838, "gnorm": 1.262, "tok_per_s": 174671.9, "load": 1.19580078125}
{"event": "step", "step": 170600, "loss": 5.1589, "lr": 0.0018404287752893326, "gnorm": 2.462, "tok_per_s": 174525.0, "load": 1.1650390625}
{"event": "step", "step": 170800, "loss": 5.047, "lr": 0.0018380886084554291, "gnorm": 1.172, "tok_per_s": 173468.5, "load": 1.60107421875}
{"event": "step", "step": 171000, "loss": 5.0037, "lr": 0.0018357478651085525, "gnorm": 1.4, "tok_per_s": 174387.8, "load": 1.58251953125}
{"event": "step", "step": 171200, "loss": 5.0832, "lr": 0.001833406552423346, "gnorm": 2.101, "tok_per_s": 174102.2, "load": 1.49267578125}
{"event": "step", "step": 171400, "loss": 4.9689, "lr": 0.0018310646775762, "gnorm": 1.473, "tok_per_s": 174218.9, "load": 1.49072265625}
{"event": "step", "step": 171600, "loss": 5.1856, "lr": 0.001828722247745227, "gnorm": 2.01, "tok_per_s": 173957.3, "load": 1.49560546875}
{"event": "step", "step": 171800, "loss": 5.1212, "lr": 0.0018263792701102405, "gnorm": 5.499, "tok_per_s": 174063.9, "load": 1.4189453125}
{"event": "step", "step": 172000, "loss": 5.1651, "lr": 0.001824035751852734, "gnorm": 1.252, "tok_per_s": 173975.4, "load": 1.35400390625}
{"event": "step", "step": 172200, "loss": 5.0864, "lr": 0.0018216917001558565, "gnorm": 1.982, "tok_per_s": 150274.2, "load": 1.298828125}
{"event": "step", "step": 172400, "loss": 5.0301, "lr": 0.001819347122204394, "gnorm": 2.072, "tok_per_s": 174230.6, "load": 1.251953125}
{"event": "step", "step": 172600, "loss": 5.0708, "lr": 0.0018170020251847448, "gnorm": 1.329, "tok_per_s": 173900.2, "load": 1.31201171875}
{"event": "step", "step": 172800, "loss": 4.9666, "lr": 0.0018146564162848965, "gnorm": 3.229, "tok_per_s": 172948.8, "load": 1.57177734375}
{"event": "step", "step": 173000, "loss": 5.2632, "lr": 0.0018123103026944079, "gnorm": 1.509, "tok_per_s": 173210.5, "load": 1.8720703125}
{"event": "step", "step": 173200, "loss": 5.0355, "lr": 0.0018099636916043844, "gnorm": 2.352, "tok_per_s": 174246.9, "load": 1.89208984375}
{"event": "step", "step": 173400, "loss": 5.1776, "lr": 0.0018076165902074553, "gnorm": 1.9, "tok_per_s": 174175.6, "load": 1.75439453125}
{"event": "step", "step": 173600, "loss": 5.2447, "lr": 0.001805269005697753, "gnorm": 4.499, "tok_per_s": 174258.0, "load": 1.63818359375}
{"event": "step", "step": 173800, "loss": 5.279, "lr": 0.0018029209452708917, "gnorm": 2.984, "tok_per_s": 174552.4, "load": 1.53955078125}
{"event": "step", "step": 174000, "loss": 5.0717, "lr": 0.0018005724161239435, "gnorm": 1.498, "tok_per_s": 174315.4, "load": 1.4560546875}
{"event": "step", "step": 174200, "loss": 5.2937, "lr": 0.001798223425455417, "gnorm": 3.803, "tok_per_s": 151100.2, "load": 1.3857421875}
{"event": "step", "step": 174400, "loss": 5.2512, "lr": 0.001795873980465236, "gnorm": 1.392, "tok_per_s": 174527.7, "load": 1.32568359375}
{"event": "step", "step": 174600, "loss": 4.9399, "lr": 0.0017935240883547162, "gnorm": 1.341, "tok_per_s": 174513.4, "load": 1.27490234375}
{"event": "step", "step": 174800, "loss": 5.0425, "lr": 0.0017911737563265446, "gnorm": 1.725, "tok_per_s": 174426.4, "load": 1.3125}
{"event": "step", "step": 175000, "loss": 4.9436, "lr": 0.0017888229915847555, "gnorm": 1.194, "tok_per_s": 174473.8, "load": 1.287109375}
eval 175000 {'bpb': 1.7386629441629027, 'nats_per_token': 5.242278126717138, 'tokens': 16379, 'bytes': 71247}
{"event": "step", "step": 175200, "loss": 4.9771, "lr": 0.0017864718013347104, "gnorm": 1.042, "tok_per_s": 173524.2, "load": 1.2421875}
{"event": "step", "step": 175400, "loss": 5.1136, "lr": 0.0017841201927830757, "gnorm": 2.079, "tok_per_s": 174521.7, "load": 1.27880859375}
{"event": "step", "step": 175600, "loss": 5.0755, "lr": 0.0017817681731377977, "gnorm": 1.288, "tok_per_s": 174549.2, "load": 1.2353515625}
{"event": "step", "step": 175800, "loss": 5.1961, "lr": 0.0017794157496080847, "gnorm": 2.418, "tok_per_s": 174208.8, "load": 1.19873046875}
{"event": "step", "step": 176000, "loss": 5.3078, "lr": 0.0017770629294043827, "gnorm": 3.791, "tok_per_s": 174258.3, "load": 1.16796875}
{"event": "step", "step": 176200, "loss": 4.9011, "lr": 0.0017747097197383522, "gnorm": 1.889, "tok_per_s": 150815.5, "load": 1.1416015625}
{"event": "step", "step": 176400, "loss": 5.1025, "lr": 0.0017723561278228494, "gnorm": 1.594, "tok_per_s": 174414.2, "load": 1.119140625}
{"event": "step", "step": 176600, "loss": 5.1493, "lr": 0.0017700021608719008, "gnorm": 2.178, "tok_per_s": 174592.4, "load": 1.1005859375}
{"event": "step", "step": 176800, "loss": 5.2194, "lr": 0.0017676478261006822, "gnorm": 1.987, "tok_per_s": 174460.0, "load": 1.30615234375}
{"event": "step", "step": 177000, "loss": 5.1089, "lr": 0.0017652931307254986, "gnorm": 1.971, "tok_per_s": 174586.9, "load": 1.25830078125}
{"event": "step", "step": 177200, "loss": 5.254, "lr": 0.0017629380819637577, "gnorm": 2.502, "tok_per_s": 174494.3, "load": 1.2373046875}
{"event": "step", "step": 177400, "loss": 5.1591, "lr": 0.0017605826870339533, "gnorm": 1.822, "tok_per_s": 174615.5, "load": 1.34814453125}
{"event": "step", "step": 177600, "loss": 4.9757, "lr": 0.0017582269531556376, "gnorm": 1.395, "tok_per_s": 174681.6, "load": 1.2939453125}
{"event": "step", "step": 177800, "loss": 5.0652, "lr": 0.001755870887549403, "gnorm": 1.761, "tok_per_s": 174571.8, "load": 1.248046875}
{"event": "step", "step": 178000, "loss": 5.044, "lr": 0.0017535144974368587, "gnorm": 1.327, "tok_per_s": 174678.0, "load": 1.20947265625}
{"event": "step", "step": 178200, "loss": 5.0773, "lr": 0.0017511577900406082, "gnorm": 2.713, "tok_per_s": 150314.1, "load": 1.1767578125}
{"event": "step", "step": 178400, "loss": 5.367, "lr": 0.0017488007725842282, "gnorm": 1.575, "tok_per_s": 174479.3, "load": 1.47021484375}
{"event": "step", "step": 178600, "loss": 5.0693, "lr": 0.0017464434522922445, "gnorm": 1.437, "tok_per_s": 174648.7, "load": 1.3974609375}
{"event": "step", "step": 178800, "loss": 5.1709, "lr": 0.0017440858363901126, "gnorm": 1.693, "tok_per_s": 174465.2, "load": 1.3359375}
{"event": "step", "step": 179000, "loss": 5.0818, "lr": 0.0017417279321041926, "gnorm": 1.674, "tok_per_s": 174594.0, "load": 1.28369140625}
{"event": "step", "step": 179200, "loss": 4.9666, "lr": 0.0017393697466617298, "gnorm": 1.243, "tok_per_s": 174649.4, "load": 1.23974609375}
{"event": "step", "step": 179400, "loss": 5.1626, "lr": 0.0017370112872908303, "gnorm": 2.54, "tok_per_s": 174450.0, "load": 1.22021484375}
{"event": "step", "step": 179600, "loss": 5.1823, "lr": 0.0017346525612204405, "gnorm": 1.364, "tok_per_s": 174473.3, "load": 1.26611328125}
{"event": "step", "step": 179800, "loss": 5.023, "lr": 0.0017322935756803241, "gnorm": 1.191, "tok_per_s": 174384.5, "load": 1.224609375}
{"event": "step", "step": 180000, "loss": 5.0486, "lr": 0.0017299343379010399, "gnorm": 1.188, "tok_per_s": 174502.4, "load": 1.18994140625}
eval 180000 {'bpb': 1.7113940687756983, 'nats_per_token': 5.160059184016118, 'tokens': 16379, 'bytes': 71247}
{"event": "step", "step": 180200, "loss": 5.0619, "lr": 0.0017275748551139204, "gnorm": 6.135, "tok_per_s": 150384.4, "load": 1.16015625}
{"event": "step", "step": 180400, "loss": 5.1847, "lr": 0.0017252151345510482, "gnorm": 3.202, "tok_per_s": 174582.6, "load": 1.134765625}
{"event": "step", "step": 180600, "loss": 5.2088, "lr": 0.0017228551834452355, "gnorm": 3.056, "tok_per_s": 173892.9, "load": 1.27392578125}
{"event": "step", "step": 180800, "loss": 5.0281, "lr": 0.0017204950090300005, "gnorm": 7.231, "tok_per_s": 174152.0, "load": 1.37939453125}
{"event": "step", "step": 181000, "loss": 5.1042, "lr": 0.0017181346185395463, "gnorm": 1.341, "tok_per_s": 174696.5, "load": 1.3203125}
{"event": "step", "step": 181200, "loss": 5.2271, "lr": 0.0017157740192087379, "gnorm": 3.333, "tok_per_s": 174636.3, "load": 1.2705078125}
{"event": "step", "step": 181400, "loss": 5.2379, "lr": 0.0017134132182730813, "gnorm": 2.436, "tok_per_s": 174630.1, "load": 1.228515625}
{"event": "step", "step": 181600, "loss": 5.2576, "lr": 0.0017110522229686993, "gnorm": 1.468, "tok_per_s": 174069.2, "load": 10.7763671875}
{"event": "step", "step": 181800, "loss": 5.1393, "lr": 0.0017086910405323113, "gnorm": 1.022, "tok_per_s": 174622.2, "load": 9.9931640625}
{"event": "step", "step": 182000, "loss": 5.0384, "lr": 0.0017063296782012095, "gnorm": 1.369, "tok_per_s": 174432.0, "load": 8.6103515625}
{"event": "step", "step": 182200, "loss": 4.9258, "lr": 0.0017039681432132383, "gnorm": 1.565, "tok_per_s": 151110.4, "load": 7.439453125}
{"event": "step", "step": 182400, "loss": 4.9811, "lr": 0.0017016064428067715, "gnorm": 1.173, "tok_per_s": 174611.3, "load": 6.52880859375}
{"event": "step", "step": 182600, "loss": 5.0455, "lr": 0.0016992445842206887, "gnorm": 2.394, "tok_per_s": 174695.6, "load": 5.67822265625}
{"event": "step", "step": 182800, "loss": 5.1064, "lr": 0.0016968825746943553, "gnorm": 1.82, "tok_per_s": 174468.3, "load": 5.0322265625}
{"event": "step", "step": 183000, "loss": 5.1892, "lr": 0.0016945204214675992, "gnorm": 2.468, "tok_per_s": 174428.0, "load": 4.41162109375}
{"event": "step", "step": 183200, "loss": 5.0857, "lr": 0.0016921581317806884, "gnorm": 1.516, "tok_per_s": 174734.5, "load": 3.88671875}
{"event": "step", "step": 183400, "loss": 5.049, "lr": 0.0016897957128743097, "gnorm": 5.463, "tok_per_s": 174376.6, "load": 3.5224609375}
{"event": "step", "step": 183600, "loss": 5.1425, "lr": 0.0016874331719895453, "gnorm": 2.398, "tok_per_s": 174599.4, "load": 3.2080078125}
{"event": "step", "step": 183800, "loss": 5.1744, "lr": 0.001685070516367852, "gnorm": 3.607, "tok_per_s": 174615.4, "load": 2.86767578125}
{"event": "step", "step": 184000, "loss": 5.0149, "lr": 0.001682707753251038, "gnorm": 4.621, "tok_per_s": 173776.2, "load": 2.87841796875}
{"event": "step", "step": 184200, "loss": 5.3236, "lr": 0.0016803448898812406, "gnorm": 4.432, "tok_per_s": 149395.9, "load": 3.9892578125}
{"event": "step", "step": 184400, "loss": 5.0603, "lr": 0.001677981933500905, "gnorm": 2.041, "tok_per_s": 174339.5, "load": 3.689453125}
{"event": "step", "step": 184600, "loss": 4.8728, "lr": 0.0016756188913527618, "gnorm": 1.143, "tok_per_s": 174579.6, "load": 3.4736328125}
{"event": "step", "step": 184800, "loss": 5.3449, "lr": 0.0016732557706798025, "gnorm": 1.859, "tok_per_s": 174505.6, "load": 3.0927734375}
{"event": "step", "step": 185000, "loss": 4.9482, "lr": 0.0016708925787252617, "gnorm": 3.662, "tok_per_s": 174562.5, "load": 2.7705078125}
eval 185000 {'bpb': 1.7155858122107768, 'nats_per_token': 5.172697795195067, 'tokens': 16379, 'bytes': 71247}
{"event": "step", "step": 185200, "loss": 5.0637, "lr": 0.0016685293227325915, "gnorm": 1.154, "tok_per_s": 173489.4, "load": 2.49755859375}
{"event": "step", "step": 185400, "loss": 5.1764, "lr": 0.0016661660099454398, "gnorm": 1.111, "tok_per_s": 174782.6, "load": 2.26708984375}
{"event": "step", "step": 185600, "loss": 5.2151, "lr": 0.0016638026476076294, "gnorm": 1.265, "tok_per_s": 174582.7, "load": 2.15185546875}
{"event": "step", "step": 185800, "loss": 4.9532, "lr": 0.001661439242963134, "gnorm": 1.908, "tok_per_s": 174323.9, "load": 1.974609375}
{"event": "step", "step": 186000, "loss": 5.1952, "lr": 0.001659075803256059, "gnorm": 1.611, "tok_per_s": 174394.4, "load": 1.82421875}
{"event": "step", "step": 186200, "loss": 5.101, "lr": 0.0016567123357306144, "gnorm": 1.925, "tok_per_s": 150720.5, "load": 1.69677734375}
{"event": "step", "step": 186400, "loss": 5.0091, "lr": 0.001654348847631097, "gnorm": 2.142, "tok_per_s": 174549.3, "load": 1.5888671875}
{"event": "step", "step": 186600, "loss": 5.1004, "lr": 0.001651985346201868, "gnorm": 1.6, "tok_per_s": 174672.8, "load": 1.498046875}
{"event": "step", "step": 186800, "loss": 5.1007, "lr": 0.0016496218386873264, "gnorm": 4.418, "tok_per_s": 174382.1, "load": 1.4580078125}
{"event": "step", "step": 187000, "loss": 5.0626, "lr": 0.0016472583323318927, "gnorm": 1.034, "tok_per_s": 174244.7, "load": 1.38671875}
{"event": "step", "step": 187200, "loss": 4.9646, "lr": 0.001644894834379982, "gnorm": 1.405, "tok_per_s": 174705.7, "load": 1.32666015625}
{"event": "step", "step": 187400, "loss": 5.0751, "lr": 0.001642531352075984, "gnorm": 2.136, "tok_per_s": 174400.8, "load": 1.3564453125}
{"event": "step", "step": 187600, "loss": 5.1033, "lr": 0.0016401678926642419, "gnorm": 1.08, "tok_per_s": 174479.0, "load": 1.30126953125}
{"event": "step", "step": 187800, "loss": 4.9896, "lr": 0.0016378044633890265, "gnorm": 5.012, "tok_per_s": 174696.9, "load": 1.25439453125}
{"event": "step", "step": 188000, "loss": 5.0165, "lr": 0.001635441071494518, "gnorm": 1.668, "tok_per_s": 174332.6, "load": 1.21484375}
{"event": "step", "step": 188200, "loss": 5.1493, "lr": 0.001633077724224781, "gnorm": 2.841, "tok_per_s": 150867.1, "load": 1.25537109375}
{"event": "step", "step": 188400, "loss": 4.9857, "lr": 0.0016307144288237427, "gnorm": 3.482, "tok_per_s": 174437.0, "load": 1.2158203125}
{"event": "step", "step": 188600, "loss": 5.1325, "lr": 0.001628351192535174, "gnorm": 1.552, "tok_per_s": 174364.6, "load": 1.18212890625}
{"event": "step", "step": 188800, "loss": 5.0168, "lr": 0.0016259880226026618, "gnorm": 1.995, "tok_per_s": 174609.5, "load": 1.234375}
{"event": "step", "step": 189000, "loss": 5.1879, "lr": 0.0016236249262695911, "gnorm": 1.504, "tok_per_s": 174344.1, "load": 1.21533203125}
{"event": "step", "step": 189200, "loss": 5.1147, "lr": 0.001621261910779121, "gnorm": 2.067, "tok_per_s": 174466.3, "load": 1.181640625}
{"event": "step", "step": 189400, "loss": 5.0665, "lr": 0.0016188989833741617, "gnorm": 3.559, "tok_per_s": 175172.9, "load": 1.30126953125}
{"event": "step", "step": 189600, "loss": 4.8857, "lr": 0.0016165361512973553, "gnorm": 2.344, "tok_per_s": 175320.7, "load": 1.25439453125}
{"event": "step", "step": 189800, "loss": 5.073, "lr": 0.0016141734217910507, "gnorm": 1.835, "tok_per_s": 174848.4, "load": 1.21484375}
{"event": "step", "step": 190000, "loss": 5.029, "lr": 0.0016118108020972825, "gnorm": 1.141, "tok_per_s": 174549.9, "load": 1.26171875}
eval 190000 {'bpb': 1.706021860023318, 'nats_per_token': 5.143861327767263, 'tokens': 16379, 'bytes': 71247}
{"event": "step", "step": 190200, "loss": 5.0704, "lr": 0.0016094482994577482, "gnorm": 1.796, "tok_per_s": 150427.6, "load": 1.22119140625}
{"event": "step", "step": 190400, "loss": 5.0233, "lr": 0.001607085921113788, "gnorm": 1.869, "tok_per_s": 174763.8, "load": 1.34130859375}
{"event": "step", "step": 190600, "loss": 5.2181, "lr": 0.0016047236743063598, "gnorm": 1.056, "tok_per_s": 174498.4, "load": 1.36279296875}
{"event": "step", "step": 190800, "loss": 5.0919, "lr": 0.0016023615662760183, "gnorm": 2.191, "tok_per_s": 174720.3, "load": 1.306640625}
{"event": "step", "step": 191000, "loss": 4.9975, "lr": 0.0015999996042628936, "gnorm": 2.085, "tok_per_s": 174574.6, "load": 1.33935546875}
{"event": "step", "step": 191200, "loss": 5.1203, "lr": 0.0015976377955066673, "gnorm": 3.661, "tok_per_s": 174262.5, "load": 1.31201171875}
{"event": "step", "step": 191400, "loss": 5.0194, "lr": 0.0015952761472465527, "gnorm": 2.863, "tok_per_s": 174490.5, "load": 1.34375}
{"event": "step", "step": 191600, "loss": 5.1271, "lr": 0.00159291466672127, "gnorm": 2.542, "tok_per_s": 174600.9, "load": 1.29052734375}
{"event": "step", "step": 191800, "loss": 5.253, "lr": 0.0015905533611690252, "gnorm": 5.062, "tok_per_s": 174480.8, "load": 1.24560546875}
{"event": "step", "step": 192000, "loss": 5.0789, "lr": 0.0015881922378274892, "gnorm": 4.09, "tok_per_s": 174719.3, "load": 1.2880859375}
{"event": "step", "step": 192200, "loss": 4.9522, "lr": 0.001585831303933772, "gnorm": 1.494, "tok_per_s": 150933.9, "load": 1.2431640625}
{"event": "step", "step": 192400, "loss": 5.0467, "lr": 0.0015834705667244057, "gnorm": 3.388, "tok_per_s": 173373.0, "load": 1.513671875}
{"event": "step", "step": 192600, "loss": 5.2365, "lr": 0.001581110033435318, "gnorm": 4.821, "tok_per_s": 174186.1, "load": 1.50830078125}
{"event": "step", "step": 192800, "loss": 5.0336, "lr": 0.0015787497113018112, "gnorm": 2.181, "tok_per_s": 174509.7, "load": 1.99072265625}
{"event": "step", "step": 193000, "loss": 4.9786, "lr": 0.0015763896075585426, "gnorm": 2.44, "tok_per_s": 174333.1, "load": 1.837890625}
{"event": "step", "step": 193200, "loss": 5.1177, "lr": 0.001574029729439497, "gnorm": 4.625, "tok_per_s": 173942.5, "load": 2.1572265625}
{"event": "step", "step": 193400, "loss": 4.9259, "lr": 0.0015716700841779702, "gnorm": 1.844, "tok_per_s": 174769.9, "load": 2.052734375}
{"event": "step", "step": 193600, "loss": 5.0451, "lr": 0.0015693106790065435, "gnorm": 3.459, "tok_per_s": 174511.4, "load": 1.96826171875}
{"event": "step", "step": 193800, "loss": 5.0895, "lr": 0.0015669515211570602, "gnorm": 2.207, "tok_per_s": 174347.9, "load": 1.81884765625}
{"event": "step", "step": 194000, "loss": 5.1097, "lr": 0.0015645926178606095, "gnorm": 1.864, "tok_per_s": 173947.6, "load": 1.77294921875}
{"event": "step", "step": 194200, "loss": 5.1155, "lr": 0.0015622339763474969, "gnorm": 4.752, "tok_per_s": 151099.3, "load": 1.65380859375}
{"event": "step", "step": 194400, "loss": 5.1159, "lr": 0.0015598756038472275, "gnorm": 1.907, "tok_per_s": 174624.7, "load": 1.552734375}
{"event": "step", "step": 194600, "loss": 5.087, "lr": 0.0015575175075884812, "gnorm": 2.587, "tok_per_s": 174770.8, "load": 1.46728515625}
{"event": "step", "step": 194800, "loss": 5.0753, "lr": 0.0015551596947990908, "gnorm": 1.843, "tok_per_s": 174695.0, "load": 1.39501953125}
{"event": "step", "step": 195000, "loss": 4.9869, "lr": 0.0015528021727060216, "gnorm": 2.546, "tok_per_s": 174832.3, "load": 1.333984375}
eval 195000 {'bpb': 1.710129679999427, 'nats_per_token': 5.1562468996123085, 'tokens': 16379, 'bytes': 71247}
{"event": "step", "step": 195200, "loss": 5.2113, "lr": 0.0015504449485353455, "gnorm": 2.495, "tok_per_s": 172824.8, "load": 1.59716796875}
{"event": "step", "step": 195400, "loss": 5.0212, "lr": 0.0015480880295122232, "gnorm": 3.038, "tok_per_s": 174482.5, "load": 1.95458984375}
{"event": "step", "step": 195600, "loss": 5.0891, "lr": 0.00154573142286088, "gnorm": 2.689, "tok_per_s": 174685.1, "load": 1.88134765625}
{"event": "step", "step": 195800, "loss": 4.9809, "lr": 0.001543375135804583, "gnorm": 2.785, "tok_per_s": 174513.4, "load": 1.810546875}
{"event": "step", "step": 196000, "loss": 4.9353, "lr": 0.0015410191755656191, "gnorm": 2.706, "tok_per_s": 174450.5, "load": 1.685546875}
{"event": "step", "step": 196200, "loss": 5.1641, "lr": 0.001538663549365276, "gnorm": 3.332, "tok_per_s": 151049.0, "load": 1.57958984375}
{"event": "step", "step": 196400, "loss": 5.0271, "lr": 0.001536308264423815, "gnorm": 3.198, "tok_per_s": 174614.6, "load": 1.56396484375}
{"event": "step", "step": 196600, "loss": 5.0703, "lr": 0.0015339533279604522, "gnorm": 1.76, "tok_per_s": 174511.4, "load": 1.4765625}
{"event": "step", "step": 196800, "loss": 5.0525, "lr": 0.0015315987471933358, "gnorm": 2.455, "tok_per_s": 174573.9, "load": 1.40283203125}
{"event": "step", "step": 197000, "loss": 5.02, "lr": 0.0015292445293395229, "gnorm": 1.435, "tok_per_s": 174807.4, "load": 1.34033203125}
{"event": "step", "step": 197200, "loss": 4.9586, "lr": 0.0015268906816149602, "gnorm": 1.722, "tok_per_s": 174434.4, "load": 1.28759765625}
{"event": "step", "step": 197400, "loss": 4.9423, "lr": 0.0015245372112344582, "gnorm": 1.389, "tok_per_s": 174518.0, "load": 1.24267578125}
{"event": "step", "step": 197600, "loss": 5.1902, "lr": 0.0015221841254116704, "gnorm": 2.702, "tok_per_s": 174490.2, "load": 1.279296875}
{"event": "step", "step": 197800, "loss": 5.2231, "lr": 0.0015198314313590747, "gnorm": 2.467, "tok_per_s": 174573.3, "load": 1.23583984375}
{"event": "step", "step": 198000, "loss": 5.098, "lr": 0.0015174791362879431, "gnorm": 1.698, "tok_per_s": 174649.9, "load": 1.29736328125}
{"event": "step", "step": 198200, "loss": 5.0838, "lr": 0.0015151272474083289, "gnorm": 4.427, "tok_per_s": 151029.3, "load": 1.23095703125}
{"event": "step", "step": 198400, "loss": 5.0679, "lr": 0.0015127757719290388, "gnorm": 4.014, "tok_per_s": 174569.8, "load": 1.26904296875}
{"event": "step", "step": 198600, "loss": 5.0823, "lr": 0.0015104247170576125, "gnorm": 3.829, "tok_per_s": 174136.2, "load": 1.40771484375}
{"event": "step", "step": 198800, "loss": 5.1071, "lr": 0.0015080740900003007, "gnorm": 2.222, "tok_per_s": 174070.8, "load": 1.4189453125}
{"event": "step", "step": 199000, "loss": 5.2637, "lr": 0.0015057238979620427, "gnorm": 3.831, "tok_per_s": 174223.7, "load": 1.5087890625}
{"event": "step", "step": 199200, "loss": 5.1293, "lr": 0.0015033741481464444, "gnorm": 1.409, "tok_per_s": 174455.8, "load": 1.43017578125}
{"event": "step", "step": 199400, "loss": 5.1014, "lr": 0.001501024847755756, "gnorm": 1.076, "tok_per_s": 174490.9, "load": 1.6044921875}
{"event": "step", "step": 199600, "loss": 5.0725, "lr": 0.0014986760039908498, "gnorm": 2.284, "tok_per_s": 174364.2, "load": 1.5107421875}
{"event": "step", "step": 199800, "loss": 5.1746, "lr": 0.0014963276240512, "gnorm": 1.748, "tok_per_s": 174515.8, "load": 1.431640625}
{"event": "step", "step": 200000, "loss": 5.1986, "lr": 0.0014939797151348575, "gnorm": 2.242, "tok_per_s": 174435.7, "load": 1.36474609375}
eval 200000 {'bpb': 1.7222873495696016, 'nats_per_token': 5.192903737255022, 'tokens': 16379, 'bytes': 71247}
{"event": "step", "step": 200200, "loss": 5.0402, "lr": 0.0014916322844384302, "gnorm": 2.727, "tok_per_s": 150195.7, "load": 1.38232421875}
{"event": "step", "step": 200400, "loss": 5.0403, "lr": 0.0014892853391570606, "gnorm": 2.332, "tok_per_s": 174670.3, "load": 1.3232421875}
{"event": "step", "step": 200600, "loss": 4.9901, "lr": 0.001486938886484403, "gnorm": 2.322, "tok_per_s": 174386.8, "load": 1.27294921875}
{"event": "step", "step": 200800, "loss": 5.2746, "lr": 0.0014845929336126011, "gnorm": 1.98, "tok_per_s": 174549.5, "load": 1.2509765625}
{"event": "step", "step": 201000, "loss": 5.1012, "lr": 0.0014822474877322672, "gnorm": 2.041, "tok_per_s": 174606.7, "load": 1.61279296875}
{"event": "step", "step": 201200, "loss": 4.8537, "lr": 0.0014799025560324596, "gnorm": 1.106, "tok_per_s": 174437.9, "load": 1.51806640625}
{"event": "step", "step": 201400, "loss": 5.0464, "lr": 0.001477558145700661, "gnorm": 1.317, "tok_per_s": 174453.4, "load": 1.43798828125}
{"event": "step", "step": 201600, "loss": 4.8192, "lr": 0.0014752142639227561, "gnorm": 1.438, "tok_per_s": 174443.8, "load": 1.4443359375}
{"event": "step", "step": 201800, "loss": 5.0591, "lr": 0.0014728709178830081, "gnorm": 2.514, "tok_per_s": 174450.4, "load": 1.37548828125}
{"event": "step", "step": 202000, "loss": 5.0415, "lr": 0.0014705281147640394, "gnorm": 2.472, "tok_per_s": 174644.3, "load": 1.39794921875}
{"event": "step", "step": 202200, "loss": 5.1812, "lr": 0.001468185861746808, "gnorm": 2.229, "tok_per_s": 150812.0, "load": 1.33642578125}
{"event": "step", "step": 202400, "loss": 5.3317, "lr": 0.0014658441660105861, "gnorm": 9.598, "tok_per_s": 174569.8, "load": 1.2841796875}
{"event": "step", "step": 202600, "loss": 4.9344, "lr": 0.0014635030347329373, "gnorm": 1.302, "tok_per_s": 174575.2, "load": 1.240234375}
{"event": "step", "step": 202800, "loss": 5.0821, "lr": 0.0014611624750896946, "gnorm": 1.883, "tok_per_s": 174452.5, "load": 1.20263671875}
{"event": "step", "step": 203000, "loss": 5.1538, "lr": 0.00145882249425494, "gnorm": 6.353, "tok_per_s": 174654.6, "load": 1.18603515625}
{"event": "step", "step": 203200, "loss": 5.1754, "lr": 0.0014564830994009813, "gnorm": 5.672, "tok_per_s": 173611.3, "load": 1.70556640625}
{"event": "step", "step": 203400, "loss": 5.1703, "lr": 0.001454144297698329, "gnorm": 8.706, "tok_per_s": 174580.9, "load": 1.6708984375}
{"event": "step", "step": 203600, "loss": 5.0704, "lr": 0.0014518060963156763, "gnorm": 2.213, "tok_per_s": 174573.2, "load": 1.56689453125}
{"event": "step", "step": 203800, "loss": 5.0526, "lr": 0.0014494685024198767, "gnorm": 4.907, "tok_per_s": 175166.5, "load": 1.4794921875}
{"event": "step", "step": 204000, "loss": 5.0456, "lr": 0.0014471315231759211, "gnorm": 1.268, "tok_per_s": 176725.5, "load": 1.4052734375}
{"event": "step", "step": 204200, "loss": 4.8974, "lr": 0.0014447951657469166, "gnorm": 1.606, "tok_per_s": 154745.4, "load": 1.34228515625}
{"event": "step", "step": 204400, "loss": 5.097, "lr": 0.001442459437294065, "gnorm": 2.546, "tok_per_s": 175777.1, "load": 1.2890625}
{"event": "step", "step": 204600, "loss": 5.0612, "lr": 0.0014401243449766385, "gnorm": 5.81, "tok_per_s": 174175.0, "load": 1.244140625}
{"event": "step", "step": 204800, "loss": 5.1772, "lr": 0.0014377898959519616, "gnorm": 1.887, "tok_per_s": 174194.3, "load": 1.2060546875}
{"event": "step", "step": 205000, "loss": 5.0074, "lr": 0.001435456097375386, "gnorm": 5.894, "tok_per_s": 174577.1, "load": 1.173828125}
eval 205000 {'bpb': 1.7320665286485357, 'nats_per_token': 5.222389139675804, 'tokens': 16379, 'bytes': 71247}
{"event": "step", "step": 205200, "loss": 5.0006, "lr": 0.001433122956400269, "gnorm": 2.541, "tok_per_s": 173549.3, "load": 1.15966796875}
{"event": "step", "step": 205400, "loss": 4.9402, "lr": 0.0014307904801779537, "gnorm": 1.455, "tok_per_s": 174768.8, "load": 1.13427734375}
{"event": "step", "step": 205600, "loss": 5.1488, "lr": 0.0014284586758577442, "gnorm": 2.211, "tok_per_s": 174404.7, "load": 1.2734375}
{"event": "step", "step": 205800, "loss": 4.9171, "lr": 0.0014261275505868868, "gnorm": 1.696, "tok_per_s": 174190.0, "load": 1.45947265625}
{"event": "step", "step": 206000, "loss": 5.1918, "lr": 0.0014237971115105444, "gnorm": 1.672, "tok_per_s": 174752.6, "load": 1.38818359375}
{"event": "step", "step": 206200, "loss": 5.205, "lr": 0.001421467365771779, "gnorm": 2.832, "tok_per_s": 151058.0, "load": 1.328125}
{"event": "step", "step": 206400, "loss": 5.0498, "lr": 0.0014191383205115265, "gnorm": 2.873, "tok_per_s": 173835.8, "load": 1.51806640625}
{"event": "step", "step": 206600, "loss": 5.0016, "lr": 0.0014168099828685736, "gnorm": 1.521, "tok_per_s": 173559.9, "load": 11.90380859375}
{"event": "step", "step": 206800, "loss": 4.9439, "lr": 0.0014144823599795415, "gnorm": 6.574, "tok_per_s": 174036.1, "load": 10.22705078125}
{"event": "step", "step": 207000, "loss": 4.9013, "lr": 0.0014121554589788584, "gnorm": 1.558, "tok_per_s": 174567.7, "load": 8.80810546875}
{"event": "step", "step": 207200, "loss": 5.0094, "lr": 0.0014098292869987408, "gnorm": 1.69, "tok_per_s": 174675.1, "load": 7.607421875}
{"event": "step", "step": 207400, "loss": 5.0713, "lr": 0.0014075038511691701, "gnorm": 5.104, "tok_per_s": 174714.7, "load": 7.078125}
{"event": "step", "step": 207600, "loss": 5.142, "lr": 0.0014051791586178718, "gnorm": 2.319, "tok_per_s": 174548.7, "load": 6.1435546875}
{"event": "step", "step": 207800, "loss": 4.9707, "lr": 0.0014028552164702935, "gnorm": 2.791, "tok_per_s": 174650.6, "load": 5.3525390625}
{"event": "step", "step": 208000, "loss": 5.0851, "lr": 0.0014005320318495808, "gnorm": 5.763, "tok_per_s": 174583.2, "load": 4.68310546875}
{"event": "step", "step": 208200, "loss": 5.0542, "lr": 0.0013982096118765588, "gnorm": 3.882, "tok_per_s": 151398.7, "load": 4.1162109375}
{"event": "step", "step": 208400, "loss": 5.0909, "lr": 0.0013958879636697104, "gnorm": 1.509, "tok_per_s": 174853.2, "load": 3.63623046875}
{"event": "step", "step": 208600, "loss": 4.938, "lr": 0.0013935670943451503, "gnorm": 3.331, "tok_per_s": 174559.6, "load": 3.23046875}
{"event": "step", "step": 208800, "loss": 4.9446, "lr": 0.0013912470110166062, "gnorm": 2.524, "tok_per_s": 174858.9, "load": 2.96728515625}
{"event": "step", "step": 209000, "loss": 5.1636, "lr": 0.0013889277207953987, "gnorm": 5.647, "tok_per_s": 174717.8, "load": 2.66455078125}
{"event": "step", "step": 209200, "loss": 5.2354, "lr": 0.0013866092307904159, "gnorm": 4.384, "tok_per_s": 174529.2, "load": 2.408203125}
{"event": "step", "step": 209400, "loss": 5.0764, "lr": 0.0013842915481080927, "gnorm": 1.478, "tok_per_s": 174919.0, "load": 2.19140625}
{"event": "step", "step": 209600, "loss": 5.1005, "lr": 0.00138197467985239, "gnorm": 1.754, "tok_per_s": 174561.2, "load": 2.095703125}
{"event": "step", "step": 209800, "loss": 5.046, "lr": 0.001379658633124773, "gnorm": 1.538, "tok_per_s": 174705.4, "load": 1.9267578125}
{"event": "step", "step": 210000, "loss": 5.0159, "lr": 0.0013773434150241878, "gnorm": 1.947, "tok_per_s": 174670.8, "load": 1.7841796875}
eval 210000 {'bpb': 1.707452118256195, 'nats_per_token': 5.148173728554857, 'tokens': 16379, 'bytes': 71247}
{"event": "step", "step": 210200, "loss": 5.0365, "lr": 0.001375029032647042, "gnorm": 2.385, "tok_per_s": 150683.0, "load": 1.6630859375}
{"event": "step", "step": 210400, "loss": 5.082, "lr": 0.0013727154930871796, "gnorm": 1.342, "tok_per_s": 174901.0, "load": 1.560546875}
{"event": "step", "step": 210600, "loss": 5.0855, "lr": 0.001370402803435864, "gnorm": 3.819, "tok_per_s": 174519.8, "load": 1.47412109375}
{"event": "step", "step": 210800, "loss": 5.2433, "lr": 0.0013680909707817505, "gnorm": 3.014, "tok_per_s": 174842.5, "load": 1.40087890625}
{"event": "step", "step": 211000, "loss": 4.9107, "lr": 0.0013657800022108695, "gnorm": 2.259, "tok_per_s": 174823.2, "load": 1.41943359375}
{"event": "step", "step": 211200, "loss": 5.0251, "lr": 0.0013634699048066027, "gnorm": 2.541, "tok_per_s": 174613.4, "load": 1.3544921875}
{"event": "step", "step": 211400, "loss": 5.1101, "lr": 0.0013611606856496607, "gnorm": 4.647, "tok_per_s": 174773.8, "load": 1.29931640625}
{"event": "step", "step": 211600, "loss": 5.1146, "lr": 0.0013588523518180639, "gnorm": 4.467, "tok_per_s": 174591.7, "load": 1.25244140625}
{"event": "step", "step": 211800, "loss": 4.9294, "lr": 0.0013565449103871178, "gnorm": 3.543, "tok_per_s": 174506.7, "load": 1.23193359375}
{"event": "step", "step": 212000, "loss": 4.9566, "lr": 0.001354238368429392, "gnorm": 3.655, "tok_per_s": 174661.5, "load": 1.2763671875}
{"event": "step", "step": 212200, "loss": 5.1296, "lr": 0.0013519327330147005, "gnorm": 3.249, "tok_per_s": 151026.7, "load": 1.21435546875}
{"event": "step", "step": 212400, "loss": 5.0009, "lr": 0.0013496280112100774, "gnorm": 1.324, "tok_per_s": 174687.8, "load": 1.19677734375}
{"event": "step", "step": 212600, "loss": 4.9989, "lr": 0.0013473242100797578, "gnorm": 1.746, "tok_per_s": 174547.8, "load": 1.166015625}
{"event": "step", "step": 212800, "loss": 5.1848, "lr": 0.0013450213366851538, "gnorm": 1.881, "tok_per_s": 174673.5, "load": 1.14013671875}
{"event": "step", "step": 213000, "loss": 5.0453, "lr": 0.0013427193980848344, "gnorm": 2.817, "tok_per_s": 174852.8, "load": 1.1181640625}
{"event": "step", "step": 213200, "loss": 5.0359, "lr": 0.001340418401334503, "gnorm": 1.945, "tok_per_s": 174685.5, "load": 1.099609375}
{"event": "step", "step": 213400, "loss": 5.0195, "lr": 0.001338118353486977, "gnorm": 1.453, "tok_per_s": 174661.6, "load": 1.083984375}
{"event": "step", "step": 213600, "loss": 5.0827, "lr": 0.001335819261592164, "gnorm": 1.267, "tok_per_s": 174633.7, "load": 1.14501953125}
{"event": "step", "step": 213800, "loss": 5.3077, "lr": 0.0013335211326970418, "gnorm": 4.278, "tok_per_s": 174542.3, "load": 1.12255859375}
{"event": "step", "step": 214000, "loss": 5.0791, "lr": 0.001331223973845637, "gnorm": 4.698, "tok_per_s": 174283.4, "load": 1.27294921875}
{"event": "step", "step": 214200, "loss": 5.1816, "lr": 0.001328927792079003, "gnorm": 4.185, "tok_per_s": 150622.4, "load": 1.49560546875}
{"event": "step", "step": 214400, "loss": 5.0462, "lr": 0.001326632594435198, "gnorm": 1.897, "tok_per_s": 174510.8, "load": 1.4189453125}
{"event": "step", "step": 214600, "loss": 5.0299, "lr": 0.0013243383879492639, "gnorm": 2.468, "tok_per_s": 174493.8, "load": 1.38525390625}
{"event": "step", "step": 214800, "loss": 4.9925, "lr": 0.0013220451796532042, "gnorm": 2.578, "tok_per_s": 174568.0, "load": 1.3251953125}
{"event": "step", "step": 215000, "loss": 4.9236, "lr": 0.0013197529765759627, "gnorm": 1.898, "tok_per_s": 174647.2, "load": 1.2744140625}
eval 215000 {'bpb': 1.726097522065879, 'nats_per_token': 5.2043918661090425, 'tokens': 16379, 'bytes': 71247}
{"event": "step", "step": 215200, "loss": 5.174, "lr": 0.001317461785743403, "gnorm": 1.779, "tok_per_s": 173418.3, "load": 1.2314453125}
{"event": "step", "step": 215400, "loss": 4.9033, "lr": 0.0013151716141782859, "gnorm": 3.235, "tok_per_s": 174705.6, "load": 1.19580078125}
{"event": "step", "step": 215600, "loss": 5.0181, "lr": 0.001312882468900247, "gnorm": 5.612, "tok_per_s": 174848.5, "load": 1.1650390625}
{"event": "step", "step": 215800, "loss": 5.1149, "lr": 0.001310594356925777, "gnorm": 3.406, "tok_per_s": 174393.7, "load": 1.212890625}
{"event": "step", "step": 216000, "loss": 5.0248, "lr": 0.0013083072852681998, "gnorm": 2.64, "tok_per_s": 174894.7, "load": 1.1796875}
{"event": "step", "step": 216200, "loss": 5.1776, "lr": 0.0013060212609376503, "gnorm": 6.622, "tok_per_s": 151322.4, "load": 1.1513671875}
{"event": "step", "step": 216400, "loss": 4.82, "lr": 0.0013037362909410516, "gnorm": 1.61, "tok_per_s": 174643.3, "load": 1.20849609375}
{"event": "step", "step": 216600, "loss": 5.1996, "lr": 0.001301452382282098, "gnorm": 1.482, "tok_per_s": 174698.2, "load": 1.17578125}
{"event": "step", "step": 216800, "loss": 5.0821, "lr": 0.0012991695419612285, "gnorm": 3.842, "tok_per_s": 174433.6, "load": 1.16162109375}
{"event": "step", "step": 217000, "loss": 5.1121, "lr": 0.0012968877769756085, "gnorm": 2.916, "tok_per_s": 174578.1, "load": 1.13623046875}
{"event": "step", "step": 217200, "loss": 5.0884, "lr": 0.0012946070943191076, "gnorm": 3.425, "tok_per_s": 174510.4, "load": 1.1953125}
{"event": "step", "step": 217400, "loss": 5.0283, "lr": 0.0012923275009822763, "gnorm": 1.722, "tok_per_s": 174483.7, "load": 1.2451171875}
{"event": "step", "step": 217600, "loss": 4.9542, "lr": 0.0012900490039523288, "gnorm": 2.967, "tok_per_s": 173788.5, "load": 1.36767578125}
{"event": "step", "step": 217800, "loss": 4.9661, "lr": 0.0012877716102131173, "gnorm": 2.496, "tok_per_s": 173946.7, "load": 1.61279296875}
{"event": "step", "step": 218000, "loss": 5.0254, "lr": 0.0012854953267451119, "gnorm": 3.548, "tok_per_s": 174456.1, "load": 1.51806640625}
{"event": "step", "step": 218200, "loss": 5.3126, "lr": 0.0012832201605253808, "gnorm": 6.311, "tok_per_s": 150493.7, "load": 1.82666015625}
{"event": "step", "step": 218400, "loss": 5.1799, "lr": 0.0012809461185275667, "gnorm": 7.982, "tok_per_s": 174326.2, "load": 1.7734375}
{"event": "step", "step": 218600, "loss": 4.8002, "lr": 0.0012786732077218676, "gnorm": 2.033, "tok_per_s": 174595.2, "load": 1.654296875}
{"event": "step", "step": 218800, "loss": 5.0408, "lr": 0.0012764014350750133, "gnorm": 2.575, "tok_per_s": 174501.8, "load": 1.55322265625}
{"event": "step", "step": 219000, "loss": 4.9713, "lr": 0.001274130807550245, "gnorm": 3.875, "tok_per_s": 174466.9, "load": 1.5087890625}
{"event": "step", "step": 219200, "loss": 5.1821, "lr": 0.0012718613321072954, "gnorm": 6.688, "tok_per_s": 174570.6, "load": 1.50439453125}
{"event": "step", "step": 219400, "loss": 5.0528, "lr": 0.001269593015702363, "gnorm": 2.345, "tok_per_s": 174454.3, "load": 1.42626953125}
{"event": "step", "step": 219600, "loss": 5.2898, "lr": 0.001267325865288097, "gnorm": 2.26, "tok_per_s": 174449.8, "load": 1.44091796875}
{"event": "step", "step": 219800, "loss": 4.8458, "lr": 0.001265059887813571, "gnorm": 1.648, "tok_per_s": 174529.5, "load": 1.37255859375}
{"event": "step", "step": 220000, "loss": 5.3157, "lr": 0.0012627950902242625, "gnorm": 1.692, "tok_per_s": 174477.9, "load": 1.314453125}
eval 220000 {'bpb': 1.7494480182726684, 'nats_per_token': 5.274796423774345, 'tokens': 16379, 'bytes': 71247}
{"event": "step", "step": 220200, "loss": 4.9705, "lr": 0.0012605314794620352, "gnorm": 2.914, "tok_per_s": 154355.4, "load": 1.265625}
{"event": "step", "step": 220400, "loss": 4.9194, "lr": 0.0012582690624651127, "gnorm": 1.876, "tok_per_s": 174800.2, "load": 1.22412109375}
{"event": "step", "step": 220600, "loss": 4.9323, "lr": 0.001256007846168061, "gnorm": 1.975, "tok_per_s": 174751.8, "load": 1.189453125}
{"event": "step", "step": 220800, "loss": 5.0804, "lr": 0.001253747837501764, "gnorm": 1.926, "tok_per_s": 174524.1, "load": 1.23388671875}
{"event": "step", "step": 221000, "loss": 5.1483, "lr": 0.001251489043393406, "gnorm": 3.978, "tok_per_s": 174788.4, "load": 1.49267578125}
{"event": "step", "step": 221200, "loss": 5.1849, "lr": 0.001249231470766448, "gnorm": 1.911, "tok_per_s": 174580.1, "load": 1.453125}
{"event": "step", "step": 221400, "loss": 5.0951, "lr": 0.0012469751265406063, "gnorm": 2.374, "tok_per_s": 174603.0, "load": 1.46337890625}
{"event": "step", "step": 221600, "loss": 5.2399, "lr": 0.001244720017631833, "gnorm": 1.985, "tok_per_s": 174472.4, "load": 1.47265625}
{"event": "step", "step": 221800, "loss": 4.9866, "lr": 0.0012424661509522932, "gnorm": 1.364, "tok_per_s": 174281.1, "load": 1.47998046875}
{"event": "step", "step": 222000, "loss": 4.9931, "lr": 0.0012402135334103454, "gnorm": 6.452, "tok_per_s": 174556.7, "load": 1.47998046875}
{"event": "step", "step": 222200, "loss": 5.0084, "lr": 0.0012379621719105166, "gnorm": 2.02, "tok_per_s": 151217.6, "load": 1.47998046875}
{"event": "step", "step": 222400, "loss": 4.9778, "lr": 0.0012357120733534875, "gnorm": 5.057, "tok_per_s": 174410.7, "load": 1.40576171875}
{"event": "step", "step": 222600, "loss": 5.0029, "lr": 0.001233463244636065, "gnorm": 2.574, "tok_per_s": 174779.9, "load": 1.3427734375}
{"event": "step", "step": 222800, "loss": 5.0256, "lr": 0.0012312156926511655, "gnorm": 1.777, "tok_per_s": 174413.0, "load": 1.3701171875}
{"event": "step", "step": 223000, "loss": 5.1517, "lr": 0.0012289694242877914, "gnorm": 1.931, "tok_per_s": 174492.9, "load": 1.38671875}
{"event": "step", "step": 223200, "loss": 4.9672, "lr": 0.00122672444643101, "gnorm": 1.271, "tok_per_s": 174656.7, "load": 1.32666015625}
{"event": "step", "step": 223400, "loss": 5.0645, "lr": 0.0012244807659619354, "gnorm": 1.944, "tok_per_s": 174414.1, "load": 1.30029296875}
{"event": "step", "step": 223600, "loss": 4.8987, "lr": 0.001222238389757701, "gnorm": 3.683, "tok_per_s": 174630.9, "load": 1.25341796875}
{"event": "step", "step": 223800, "loss": 5.1435, "lr": 0.001219997324691447, "gnorm": 5.797, "tok_per_s": 174497.9, "load": 1.2138671875}
{"event": "step", "step": 224000, "loss": 5.0248, "lr": 0.001217757577632291, "gnorm": 2.86, "tok_per_s": 174508.2, "load": 1.18017578125}
{"event": "step", "step": 224200, "loss": 4.9668, "lr": 0.0012155191554453133, "gnorm": 1.476, "tok_per_s": 151312.3, "load": 1.15185546875}
{"event": "step", "step": 224400, "loss": 5.0251, "lr": 0.0012132820649915325, "gnorm": 2.695, "tok_per_s": 175054.9, "load": 1.2021484375}
{"event": "step", "step": 224600, "loss": 5.0957, "lr": 0.0012110463131278855, "gnorm": 3.717, "tok_per_s": 174872.9, "load": 1.17041015625}
{"event": "step", "step": 224800, "loss": 5.0927, "lr": 0.0012088119067072054, "gnorm": 4.422, "tok_per_s": 174176.9, "load": 1.4521484375}
{"event": "step", "step": 225000, "loss": 5.0955, "lr": 0.0012065788525782023, "gnorm": 1.709, "tok_per_s": 174429.7, "load": 1.4560546875}
eval 225000 {'bpb': 1.6859905722130677, 'nats_per_token': 5.083464583078943, 'tokens': 16379, 'bytes': 71247}
{"event": "step", "step": 225200, "loss": 4.825, "lr": 0.0012043471575854403, "gnorm": 3.521, "tok_per_s": 173366.4, "load": 1.3857421875}
{"event": "step", "step": 225400, "loss": 4.9092, "lr": 0.0012021168285693193, "gnorm": 2.966, "tok_per_s": 174403.8, "load": 1.32568359375}
{"event": "step", "step": 225600, "loss": 5.1252, "lr": 0.001199887872366051, "gnorm": 1.3, "tok_per_s": 174628.9, "load": 1.29931640625}
{"event": "step", "step": 225800, "loss": 5.0557, "lr": 0.0011976602958076394, "gnorm": 1.573, "tok_per_s": 174252.4, "load": 1.25244140625}
{"event": "step", "step": 226000, "loss": 5.1692, "lr": 0.0011954341057218603, "gnorm": 2.056, "tok_per_s": 174562.5, "load": 1.212890625}
{"event": "step", "step": 226200, "loss": 5.2681, "lr": 0.0011932093089322398, "gnorm": 2.068, "tok_per_s": 150866.7, "load": 1.25390625}
{"event": "step", "step": 226400, "loss": 4.9651, "lr": 0.0011909859122580324, "gnorm": 3.042, "tok_per_s": 174367.7, "load": 1.294921875}
{"event": "step", "step": 226600, "loss": 5.1648, "lr": 0.0011887639225142022, "gnorm": 5.648, "tok_per_s": 174558.3, "load": 1.2490234375}
{"event": "step", "step": 226800, "loss": 5.1374, "lr": 0.0011865433465113994, "gnorm": 3.928, "tok_per_s": 174369.4, "load": 1.291015625}
{"event": "step", "step": 227000, "loss": 4.905, "lr": 0.0011843241910559435, "gnorm": 3.214, "tok_per_s": 174406.5, "load": 1.31982421875}
{"event": "step", "step": 227200, "loss": 4.9941, "lr": 0.0011821064629497977, "gnorm": 8.594, "tok_per_s": 174572.9, "load": 1.27001953125}
{"event": "step", "step": 227400, "loss": 5.1002, "lr": 0.0011798901689905506, "gnorm": 1.81, "tok_per_s": 174229.9, "load": 1.22802734375}
{"event": "step", "step": 227600, "loss": 4.7978, "lr": 0.0011776753159713957, "gnorm": 3.55, "tok_per_s": 174658.9, "load": 1.27294921875}
{"event": "step", "step": 227800, "loss": 5.0412, "lr": 0.0011754619106811085, "gnorm": 1.433, "tok_per_s": 174726.9, "load": 1.2509765625}
{"event": "step", "step": 228000, "loss": 5.0478, "lr": 0.0011732499599040286, "gnorm": 1.705, "tok_per_s": 174551.2, "load": 1.2119140625}
{"event": "step", "step": 228200, "loss": 4.9492, "lr": 0.0011710394704200367, "gnorm": 2.726, "tok_per_s": 151332.4, "load": 1.232421875}
{"event": "step", "step": 228400, "loss": 4.9832, "lr": 0.001168830449004534, "gnorm": 1.499, "tok_per_s": 174624.9, "load": 1.21337890625}
{"event": "step", "step": 228600, "loss": 5.0745, "lr": 0.0011666229024284228, "gnorm": 2.107, "tok_per_s": 174463.6, "load": 1.18017578125}
{"event": "step", "step": 228800, "loss": 5.2022, "lr": 0.0011644168374580841, "gnorm": 2.277, "tok_per_s": 174024.6, "load": 1.46044921875}
{"event": "step", "step": 229000, "loss": 4.8394, "lr": 0.0011622122608553583, "gnorm": 3.952, "tok_per_s": 173691.2, "load": 1.771484375}
{"event": "step", "step": 229200, "loss": 5.01, "lr": 0.0011600091793775233, "gnorm": 2.413, "tok_per_s": 174348.6, "load": 1.7265625}
{"event": "step", "step": 229400, "loss": 5.0912, "lr": 0.0011578075997772735, "gnorm": 1.426, "tok_per_s": 174312.4, "load": 1.6884765625}
{"event": "step", "step": 229600, "loss": 5.0003, "lr": 0.0011556075288027018, "gnorm": 1.36, "tok_per_s": 174168.9, "load": 1.58251953125}
{"event": "step", "step": 229800, "loss": 4.9459, "lr": 0.0011534089731972755, "gnorm": 3.971, "tok_per_s": 174453.7, "load": 1.56640625}
{"event": "step", "step": 230000, "loss": 5.0889, "lr": 0.0011512119396998176, "gnorm": 1.912, "tok_per_s": 174385.6, "load": 1.47900390625}
eval 230000 {'bpb': 1.684764783482015, 'nats_per_token': 5.079768682459247, 'tokens': 16379, 'bytes': 71247}
{"event": "step", "step": 230200, "loss": 5.094, "lr": 0.0011490164350444851, "gnorm": 1.848, "tok_per_s": 149937.0, "load": 1.40478515625}
{"event": "step", "step": 230400, "loss": 5.1267, "lr": 0.0011468224659607507, "gnorm": 1.494, "tok_per_s": 174367.4, "load": 1.341796875}
{"event": "step", "step": 230600, "loss": 5.0191, "lr": 0.0011446300391733779, "gnorm": 1.604, "tok_per_s": 174363.7, "load": 1.31396484375}
{"event": "step", "step": 230800, "loss": 5.0823, "lr": 0.001142439161402405, "gnorm": 4.15, "tok_per_s": 173551.8, "load": 9.77587890625}
{"event": "step", "step": 231000, "loss": 5.1777, "lr": 0.0011402498393631205, "gnorm": 2.898, "tok_per_s": 174403.2, "load": 8.49951171875}
{"event": "step", "step": 231200, "loss": 5.0864, "lr": 0.001138062079766046, "gnorm": 2.184, "tok_per_s": 174501.3, "load": 7.34619140625}
{"event": "step", "step": 231400, "loss": 4.9402, "lr": 0.0011358758893169141, "gnorm": 2.678, "tok_per_s": 174344.8, "load": 6.3701171875}
{"event": "step", "step": 231600, "loss": 5.0246, "lr": 0.001133691274716646, "gnorm": 2.159, "tok_per_s": 174305.6, "load": 5.5439453125}
{"event": "step", "step": 231800, "loss": 4.9631, "lr": 0.0011315082426613342, "gnorm": 3.512, "tok_per_s": 174416.1, "load": 4.9248046875}
{"event": "step", "step": 232000, "loss": 4.9366, "lr": 0.0011293267998422213, "gnorm": 2.289, "tok_per_s": 174256.9, "load": 4.32080078125}
{"event": "step", "step": 232200, "loss": 5.2546, "lr": 0.001127146952945676, "gnorm": 2.226, "tok_per_s": 151080.9, "load": 3.81005859375}
{"event": "step", "step": 232400, "loss": 4.9576, "lr": 0.0011249687086531774, "gnorm": 3.38, "tok_per_s": 174149.5, "load": 3.3779296875}
{"event": "step", "step": 232600, "loss": 5.0364, "lr": 0.0011227920736412926, "gnorm": 4.68, "tok_per_s": 174394.3, "load": 3.1591796875}
{"event": "step", "step": 232800, "loss": 5.1391, "lr": 0.0011206170545816545, "gnorm": 1.523, "tok_per_s": 174276.9, "load": 11.07763671875}
{"event": "step", "step": 233000, "loss": 5.1158, "lr": 0.0011184436581409445, "gnorm": 3.245, "tok_per_s": 174261.7, "load": 10.2705078125}
{"event": "step", "step": 233200, "loss": 4.959, "lr": 0.0011162718909808697, "gnorm": 1.706, "tok_per_s": 174541.2, "load": 8.8447265625}
{"event": "step", "step": 233400, "loss": 5.0545, "lr": 0.0011141017597581437, "gnorm": 2.92, "tok_per_s": 174335.1, "load": 7.63818359375}
{"event": "step", "step": 233600, "loss": 5.0679, "lr": 0.0011119332711244654, "gnorm": 2.597, "tok_per_s": 174351.3, "load": 6.6171875}
{"event": "step", "step": 233800, "loss": 5.0423, "lr": 0.0011097664317264982, "gnorm": 2.135, "tok_per_s": 174301.3, "load": 5.82666015625}
{"event": "step", "step": 234000, "loss": 5.005, "lr": 0.0011076012482058523, "gnorm": 1.839, "tok_per_s": 174332.8, "load": 5.083984375}
{"event": "step", "step": 234200, "loss": 4.9188, "lr": 0.0011054377271990606, "gnorm": 1.788, "tok_per_s": 150988.6, "load": 4.53564453125}
{"event": "step", "step": 234400, "loss": 5.3, "lr": 0.0011032758753375617, "gnorm": 1.773, "tok_per_s": 174381.1, "load": 3.99169921875}
{"event": "step", "step": 234600, "loss": 5.0068, "lr": 0.0011011156992476773, "gnorm": 2.743, "tok_per_s": 174262.3, "load": 3.53125}
{"event": "step", "step": 234800, "loss": 5.0188, "lr": 0.0010989572055505928, "gnorm": 2.012, "tok_per_s": 174473.0, "load": 3.1416015625}
{"event": "step", "step": 235000, "loss": 4.8058, "lr": 0.0010968004008623362, "gnorm": 3.528, "tok_per_s": 174374.2, "load": 2.8115234375}
eval 235000 {'bpb': 1.6902815051086055, 'nats_per_token': 5.096402262424446, 'tokens': 16379, 'bytes': 71247}
{"event": "step", "step": 235200, "loss": 5.1163, "lr": 0.0010946452917937597, "gnorm": 2.912, "tok_per_s": 173300.9, "load": 2.666015625}
{"event": "step", "step": 235400, "loss": 5.237, "lr": 0.0010924918849505173, "gnorm": 5.218, "tok_per_s": 174395.8, "load": 2.4091796875}
{"event": "step", "step": 235600, "loss": 5.1234, "lr": 0.0010903401869330465, "gnorm": 2.624, "tok_per_s": 173404.0, "load": 2.66064453125}
{"event": "step", "step": 235800, "loss": 5.2805, "lr": 0.0010881902043365457, "gnorm": 5.632, "tok_per_s": 174252.6, "load": 2.55859375}
{"event": "step", "step": 236000, "loss": 4.982, "lr": 0.0010860419437509568, "gnorm": 2.045, "tok_per_s": 174223.3, "load": 2.318359375}
{"event": "step", "step": 236200, "loss": 5.0786, "lr": 0.0010838954117609418, "gnorm": 3.296, "tok_per_s": 151266.1, "load": 2.1953125}
{"event": "step", "step": 236400, "loss": 5.0156, "lr": 0.0010817506149458664, "gnorm": 2.256, "tok_per_s": 174500.1, "load": 2.0107421875}
{"event": "step", "step": 236600, "loss": 5.0861, "lr": 0.0010796075598797762, "gnorm": 2.741, "tok_per_s": 174376.6, "load": 1.85498046875}
{"event": "step", "step": 236800, "loss": 5.1907, "lr": 0.0010774662531313783, "gnorm": 3.003, "tok_per_s": 174501.6, "load": 1.72314453125}
{"event": "step", "step": 237000, "loss": 5.1476, "lr": 0.001075326701264022, "gnorm": 2.496, "tok_per_s": 174466.6, "load": 1.611328125}
{"event": "step", "step": 237200, "loss": 5.218, "lr": 0.0010731889108356774, "gnorm": 3.529, "tok_per_s": 174401.8, "load": 1.5166015625}
{"event": "step", "step": 237400, "loss": 4.9103, "lr": 0.0010710528883989138, "gnorm": 2.639, "tok_per_s": 174457.4, "load": 1.5107421875}
{"event": "step", "step": 237600, "loss": 5.0208, "lr": 0.0010689186405008846, "gnorm": 1.764, "tok_per_s": 174367.7, "load": 1.4697265625}
{"event": "step", "step": 237800, "loss": 5.0536, "lr": 0.0010667861736833012, "gnorm": 2.672, "tok_per_s": 174382.4, "load": 1.39697265625}
{"event": "step", "step": 238000, "loss": 5.1529, "lr": 0.0010646554944824173, "gnorm": 1.913, "tok_per_s": 174450.4, "load": 1.33544921875}
{"event": "step", "step": 238200, "loss": 5.0776, "lr": 0.001062526609429007, "gnorm": 3.634, "tok_per_s": 151045.8, "load": 1.36376953125}
{"event": "step", "step": 238400, "loss": 5.2258, "lr": 0.001060399525048344, "gnorm": 5.287, "tok_per_s": 174396.7, "load": 1.3076171875}
{"event": "step", "step": 238600, "loss": 4.994, "lr": 0.001058274247860186, "gnorm": 2.477, "tok_per_s": 174517.4, "load": 1.259765625}
{"event": "step", "step": 238800, "loss": 4.9066, "lr": 0.0010561507843787476, "gnorm": 2.131, "tok_per_s": 174455.8, "load": 1.21923828125}
{"event": "step", "step": 239000, "loss": 4.9197, "lr": 0.001054029141112687, "gnorm": 2.228, "tok_per_s": 174799.8, "load": 1.265625}
{"event": "step", "step": 239200, "loss": 5.2409, "lr": 0.0010519093245650807, "gnorm": 5.388, "tok_per_s": 174610.4, "load": 1.22412109375}
{"event": "step", "step": 239400, "loss": 5.0423, "lr": 0.0010497913412334076, "gnorm": 1.82, "tok_per_s": 174535.9, "load": 1.189453125}
{"event": "step", "step": 239600, "loss": 5.132, "lr": 0.0010476751976095286, "gnorm": 2.922, "tok_per_s": 174511.2, "load": 1.15966796875}
{"event": "step", "step": 239800, "loss": 5.0015, "lr": 0.001045560900179664, "gnorm": 2.134, "tok_per_s": 174473.9, "load": 1.146484375}
{"event": "step", "step": 240000, "loss": 4.8515, "lr": 0.0010434484554243757, "gnorm": 2.395, "tok_per_s": 173585.1, "load": 1.43798828125}
eval 240000 {'bpb': 1.700082989951375, 'nats_per_token': 5.125954919409, 'tokens': 16379, 'bytes': 71247}
{"event": "step", "step": 240200, "loss": 5.2656, "lr": 0.0010413378698185473, "gnorm": 7.141, "tok_per_s": 148681.4, "load": 1.79052734375}
{"event": "step", "step": 240400, "loss": 5.0439, "lr": 0.0010392291498313633, "gnorm": 4.327, "tok_per_s": 173821.3, "load": 1.8076171875}
{"event": "step", "step": 240600, "loss": 5.0911, "lr": 0.0010371223019262912, "gnorm": 3.754, "tok_per_s": 174345.7, "load": 1.68310546875}
{"event": "step", "step": 240800, "loss": 5.2022, "lr": 0.0010350173325610582, "gnorm": 1.822, "tok_per_s": 174315.8, "load": 1.57763671875}
{"event": "step", "step": 241000, "loss": 5.1844, "lr": 0.0010329142481876356, "gnorm": 2.705, "tok_per_s": 174399.3, "load": 1.48828125}
{"event": "step", "step": 241200, "loss": 5.0365, "lr": 0.0010308130552522158, "gnorm": 2.399, "tok_per_s": 174368.5, "load": 1.41259765625}
{"event": "step", "step": 241400, "loss": 5.1378, "lr": 0.0010287137601951942, "gnorm": 2.297, "tok_per_s": 174333.0, "load": 1.3486328125}
{"event": "step", "step": 241600, "loss": 5.1063, "lr": 0.0010266163694511484, "gnorm": 1.408, "tok_per_s": 174506.5, "load": 1.29443359375}
{"event": "step", "step": 241800, "loss": 4.9129, "lr": 0.001024520889448821, "gnorm": 1.886, "tok_per_s": 174349.5, "load": 1.24853515625}
{"event": "step", "step": 242000, "loss": 4.9177, "lr": 0.0010224273266110952, "gnorm": 2.206, "tok_per_s": 174228.9, "load": 1.228515625}
{"event": "step", "step": 242200, "loss": 5.1102, "lr": 0.0010203356873549796, "gnorm": 1.915, "tok_per_s": 150521.7, "load": 1.17724609375}
{"event": "step", "step": 242400, "loss": 4.9831, "lr": 0.0010182459780915861, "gnorm": 2.52, "tok_per_s": 174540.0, "load": 1.1494140625}
{"event": "step", "step": 242600, "loss": 4.9655, "lr": 0.0010161582052261107, "gnorm": 3.225, "tok_per_s": 174663.7, "load": 1.2177734375}
{"event": "step", "step": 242800, "loss": 5.0726, "lr": 0.0010140723751578162, "gnorm": 2.445, "tok_per_s": 174481.1, "load": 1.18408203125}
{"event": "step", "step": 243000, "loss": 4.9908, "lr": 0.0010119884942800077, "gnorm": 1.984, "tok_per_s": 174585.2, "load": 1.1552734375}
{"event": "step", "step": 243200, "loss": 4.9382, "lr": 0.001009906568980018, "gnorm": 2.444, "tok_per_s": 173819.0, "load": 11.44921875}
{"event": "step", "step": 243400, "loss": 5.1818, "lr": 0.0010078266056391845, "gnorm": 3.113, "tok_per_s": 173883.2, "load": 10.06982421875}
{"event": "step", "step": 243600, "loss": 4.9479, "lr": 0.0010057486106328302, "gnorm": 4.296, "tok_per_s": 174594.5, "load": 8.7548828125}
{"event": "step", "step": 243800, "loss": 5.0193, "lr": 0.0010036725903302477, "gnorm": 3.078, "tok_per_s": 174420.4, "load": 7.5625}
{"event": "step", "step": 244000, "loss": 4.7377, "lr": 0.001001598551094675, "gnorm": 1.804, "tok_per_s": 174502.1, "load": 6.552734375}
{"event": "step", "step": 244200, "loss": 5.0385, "lr": 0.0009995264992832778, "gnorm": 2.478, "tok_per_s": 150957.8, "load": 5.69873046875}
{"event": "step", "step": 244400, "loss": 5.0305, "lr": 0.0009974564412471305, "gnorm": 1.67, "tok_per_s": 174275.2, "load": 4.97607421875}
{"event": "step", "step": 244600, "loss": 4.9372, "lr": 0.0009953883833311967, "gnorm": 2.096, "tok_per_s": 174487.1, "load": 4.3642578125}
{"event": "step", "step": 244800, "loss": 5.1528, "lr": 0.0009933223318743091, "gnorm": 1.577, "tok_per_s": 174333.7, "load": 4.0947265625}
{"event": "step", "step": 245000, "loss": 4.9612, "lr": 0.0009912582932091502, "gnorm": 2.534, "tok_per_s": 174399.7, "load": 3.61865234375}
eval 245000 {'bpb': 1.6890570610512592, 'nats_per_token': 5.092710416157885, 'tokens': 16379, 'bytes': 71247}
{"event": "step", "step": 245200, "loss": 4.8333, "lr": 0.0009891962736622334, "gnorm": 5.877, "tok_per_s": 173197.1, "load": 3.369140625}
{"event": "step", "step": 245400, "loss": 5.0495, "lr": 0.0009871362795538822, "gnorm": 2.787, "tok_per_s": 174362.8, "load": 3.00439453125}
{"event": "step", "step": 245600, "loss": 5.2082, "lr": 0.0009850783171982144, "gnorm": 2.045, "tok_per_s": 174299.2, "load": 2.69580078125}
{"event": "step", "step": 245800, "loss": 4.9414, "lr": 0.0009830223929031174, "gnorm": 1.994, "tok_per_s": 174405.2, "load": 2.4345703125}
{"event": "step", "step": 246000, "loss": 4.7819, "lr": 0.0009809685129702327, "gnorm": 4.244, "tok_per_s": 174559.6, "load": 2.21337890625}
{"event": "step", "step": 246200, "loss": 4.9348, "lr": 0.0009789166836949377, "gnorm": 2.23, "tok_per_s": 150964.8, "load": 2.0263671875}
{"event": "step", "step": 246400, "loss": 5.1439, "lr": 0.000976866911366321, "gnorm": 2.188, "tok_per_s": 174100.4, "load": 4.53955078125}
{"event": "step", "step": 246600, "loss": 5.0544, "lr": 0.0009748192022671679, "gnorm": 2.159, "tok_per_s": 174626.9, "load": 4.068359375}
{"event": "step", "step": 246800, "loss": 5.0676, "lr": 0.00097277356267394, "gnorm": 2.392, "tok_per_s": 174528.2, "load": 3.67626953125}
{"event": "step", "step": 247000, "loss": 4.9955, "lr": 0.0009707299988567544, "gnorm": 2.721, "tok_per_s": 174494.9, "load": 3.2646484375}
{"event": "step", "step": 247200, "loss": 4.9514, "lr": 0.0009686885170793682, "gnorm": 2.425, "tok_per_s": 174532.8, "load": 3.0830078125}
{"event": "step", "step": 247400, "loss": 4.9473, "lr": 0.0009666491235991542, "gnorm": 2.548, "tok_per_s": 174497.3, "load": 2.76220703125}
{"event": "step", "step": 247600, "loss": 4.902, "lr": 0.0009646118246670862, "gnorm": 2.532, "tok_per_s": 174440.4, "load": 2.63818359375}
{"event": "step", "step": 247800, "loss": 4.9059, "lr": 0.0009625766265277156, "gnorm": 1.37, "tok_per_s": 174730.8, "load": 2.3857421875}
{"event": "step", "step": 248000, "loss": 4.8272, "lr": 0.0009605435354191568, "gnorm": 2.032, "tok_per_s": 174531.8, "load": 2.171875}
{"event": "step", "step": 248200, "loss": 4.9122, "lr": 0.0009585125575730656, "gnorm": 2.253, "tok_per_s": 150941.3, "load": 1.9912109375}
{"event": "step", "step": 248400, "loss": 5.0278, "lr": 0.0009564836992146201, "gnorm": 3.737, "tok_per_s": 174436.2, "load": 1.83837890625}
{"event": "step", "step": 248600, "loss": 5.1368, "lr": 0.0009544569665625014, "gnorm": 3.603, "tok_per_s": 174340.1, "load": 1.783203125}
{"event": "step", "step": 248800, "loss": 4.9757, "lr": 0.0009524323658288759, "gnorm": 3.856, "tok_per_s": 174470.6, "load": 1.662109375}
{"event": "step", "step": 249000, "loss": 5.0326, "lr": 0.0009504099032193748, "gnorm": 1.598, "tok_per_s": 174414.7, "load": 1.56005859375}
{"event": "step", "step": 249200, "loss": 5.0782, "lr": 0.0009483895849330763, "gnorm": 4.002, "tok_per_s": 174525.7, "load": 1.4736328125}
{"event": "step", "step": 249400, "loss": 5.1074, "lr": 0.0009463714171624855, "gnorm": 2.204, "tok_per_s": 174403.5, "load": 1.435546875}
{"event": "step", "step": 249600, "loss": 5.1061, "lr": 0.0009443554060935161, "gnorm": 1.941, "tok_per_s": 174364.1, "load": 1.3681640625}
{"event": "step", "step": 249800, "loss": 5.1101, "lr": 0.0009423415579054717, "gnorm": 2.599, "tok_per_s": 174426.8, "load": 1.31103515625}
{"event": "step", "step": 250000, "loss": 5.2068, "lr": 0.0009403298787710254, "gnorm": 4.89, "tok_per_s": 174471.7, "load": 1.2626953125}
eval 250000 {'bpb': 1.6921577995197368, 'nats_per_token': 5.102059515996093, 'tokens': 16379, 'bytes': 71247}
{"event": "step", "step": 250200, "loss": 5.0036, "lr": 0.0009383203748562022, "gnorm": 3.464, "tok_per_s": 149626.5, "load": 1.2216796875}
{"event": "step", "step": 250400, "loss": 5.0238, "lr": 0.0009363130523203617, "gnorm": 2.313, "tok_per_s": 174590.5, "load": 1.18701171875}
{"event": "step", "step": 250600, "loss": 4.9689, "lr": 0.0009343079173161744, "gnorm": 3.774, "tok_per_s": 174497.8, "load": 1.15771484375}
{"event": "step", "step": 250800, "loss": 5.214, "lr": 0.0009323049759896071, "gnorm": 2.695, "tok_per_s": 174359.6, "load": 1.13330078125}
{"event": "step", "step": 251000, "loss": 5.1122, "lr": 0.0009303042344799033, "gnorm": 2.474, "tok_per_s": 174149.5, "load": 1.35302734375}
{"event": "step", "step": 251200, "loss": 4.9883, "lr": 0.0009283056989195627, "gnorm": 2.103, "tok_per_s": 173866.2, "load": 1.67431640625}
{"event": "step", "step": 251400, "loss": 4.9187, "lr": 0.0009263093754343245, "gnorm": 3.125, "tok_per_s": 173687.3, "load": 10.20654296875}
{"event": "step", "step": 251600, "loss": 4.9507, "lr": 0.0009243152701431471, "gnorm": 2.136, "tok_per_s": 173969.2, "load": 8.9443359375}
{"event": "step", "step": 251800, "loss": 5.2615, "lr": 0.0009223233891581902, "gnorm": 3.032, "tok_per_s": 174509.7, "load": 8.30810546875}
{"event": "step", "step": 252000, "loss": 4.9381, "lr": 0.0009203337385847957, "gnorm": 2.567, "tok_per_s": 174421.5, "load": 7.18408203125}
{"event": "step", "step": 252200, "loss": 5.0241, "lr": 0.0009183463245214673, "gnorm": 2.24, "tok_per_s": 150523.0, "load": 6.31298828125}
{"event": "step", "step": 252400, "loss": 4.9929, "lr": 0.0009163611530598569, "gnorm": 1.492, "tok_per_s": 174534.9, "load": 5.49560546875}
{"event": "step", "step": 252600, "loss": 5.18, "lr": 0.0009143782302847401, "gnorm": 3.451, "tok_per_s": 174273.4, "load": 4.8037109375}
{"event": "step", "step": 252800, "loss": 5.0688, "lr": 0.0009123975622740007, "gnorm": 3.712, "tok_per_s": 174524.3, "load": 4.21875}
{"event": "step", "step": 253000, "loss": 4.9798, "lr": 0.0009104191550986116, "gnorm": 3.565, "tok_per_s": 174386.1, "load": 3.8037109375}
{"event": "step", "step": 253200, "loss": 4.9954, "lr": 0.0009084430148226153, "gnorm": 2.742, "tok_per_s": 174265.4, "load": 3.37255859375}
{"event": "step", "step": 253400, "loss": 5.0511, "lr": 0.0009064691475031072, "gnorm": 2.071, "tok_per_s": 174424.5, "load": 3.00732421875}
{"event": "step", "step": 253600, "loss": 5.0429, "lr": 0.0009044975591902144, "gnorm": 1.4, "tok_per_s": 174340.7, "load": 2.6982421875}
{"event": "step", "step": 253800, "loss": 4.942, "lr": 0.0009025282559270796, "gnorm": 3.702, "tok_per_s": 174580.3, "load": 2.51025390625}
{"event": "step", "step": 254000, "loss": 4.9922, "lr": 0.0009005612437498413, "gnorm": 2.687, "tok_per_s": 174387.1, "load": 2.46923828125}
{"event": "step", "step": 254200, "loss": 4.9543, "lr": 0.000898596528687615, "gnorm": 2.862, "tok_per_s": 150745.5, "load": 2.1435546875}
{"event": "step", "step": 254400, "loss": 5.1637, "lr": 0.000896634116762476, "gnorm": 5.456, "tok_per_s": 174318.7, "load": 2.0517578125}
{"event": "step", "step": 254600, "loss": 5.025, "lr": 0.0008946740139894407, "gnorm": 1.986, "tok_per_s": 174398.6, "load": 1.8896484375}
{"event": "step", "step": 254800, "loss": 5.0408, "lr": 0.0008927162263764471, "gnorm": 2.132, "tok_per_s": 174373.9, "load": 1.75244140625}
{"event": "step", "step": 255000, "loss": 4.9443, "lr": 0.0008907607599243357, "gnorm": 4.052, "tok_per_s": 174393.6, "load": 1.63623046875}
eval 255000 {'bpb': 1.693664704153878, 'nats_per_token': 5.1066030149123876, 'tokens': 16379, 'bytes': 71247}
{"event": "step", "step": 255200, "loss": 4.8941, "lr": 0.0008888076206268341, "gnorm": 2.358, "tok_per_s": 173410.8, "load": 1.5380859375}
{"event": "step", "step": 255400, "loss": 4.8768, "lr": 0.0008868568144705358, "gnorm": 2.054, "tok_per_s": 174334.5, "load": 1.45458984375}
{"event": "step", "step": 255600, "loss": 5.1271, "lr": 0.0008849083474348848, "gnorm": 4.04, "tok_per_s": 174276.4, "load": 1.46484375}
{"event": "step", "step": 255800, "loss": 4.8551, "lr": 0.0008829622254921532, "gnorm": 2.227, "tok_per_s": 173663.3, "load": 1.62109375}
{"event": "step", "step": 256000, "loss": 5.0723, "lr": 0.0008810184546074263, "gnorm": 5.275, "tok_per_s": 174743.2, "load": 1.525390625}
{"event": "step", "step": 256200, "loss": 5.1165, "lr": 0.0008790770407385834, "gnorm": 4.265, "tok_per_s": 150993.0, "load": 1.44384765625}
{"event": "step", "step": 256400, "loss": 5.0197, "lr": 0.0008771379898362775, "gnorm": 4.533, "tok_per_s": 174250.5, "load": 1.37548828125}
{"event": "step", "step": 256600, "loss": 4.9137, "lr": 0.0008752013078439212, "gnorm": 3.314, "tok_per_s": 174218.5, "load": 1.3173828125}
{"event": "step", "step": 256800, "loss": 5.0419, "lr": 0.0008732670006976647, "gnorm": 2.447, "tok_per_s": 174296.1, "load": 1.3720703125}
{"event": "step", "step": 257000, "loss": 5.165, "lr": 0.0008713350743263796, "gnorm": 2.237, "tok_per_s": 174346.7, "load": 1.31396484375}
{"event": "step", "step": 257200, "loss": 5.0481, "lr": 0.0008694055346516393, "gnorm": 4.811, "tok_per_s": 173473.5, "load": 1.740234375}
{"event": "step", "step": 257400, "loss": 5.1082, "lr": 0.0008674783875877032, "gnorm": 3.247, "tok_per_s": 174816.0, "load": 1.7001953125}
{"event": "step", "step": 257600, "loss": 5.1133, "lr": 0.0008655536390414954, "gnorm": 2.951, "tok_per_s": 174541.2, "load": 1.6728515625}
{"event": "step", "step": 257800, "loss": 4.9474, "lr": 0.0008636312949125898, "gnorm": 4.733, "tok_per_s": 174354.5, "load": 1.56884765625}
{"event": "step", "step": 258000, "loss": 4.9923, "lr": 0.0008617113610931891, "gnorm": 3.409, "tok_per_s": 174602.2, "load": 1.62841796875}
{"event": "step", "step": 258200, "loss": 4.997, "lr": 0.0008597938434681091, "gnorm": 2.697, "tok_per_s": 150819.8, "load": 1.53125}
{"event": "step", "step": 258400, "loss": 5.0226, "lr": 0.0008578787479147595, "gnorm": 3.753, "tok_per_s": 174370.9, "load": 1.44873046875}
{"event": "step", "step": 258600, "loss": 5.0051, "lr": 0.0008559660803031257, "gnorm": 3.756, "tok_per_s": 174388.0, "load": 1.37939453125}
{"event": "step", "step": 258800, "loss": 5.2436, "lr": 0.000854055846495751, "gnorm": 2.497, "tok_per_s": 174306.8, "load": 1.3203125}
{"event": "step", "step": 259000, "loss": 5.1098, "lr": 0.0008521480523477208, "gnorm": 4.934, "tok_per_s": 174346.1, "load": 1.29443359375}
{"event": "step", "step": 259200, "loss": 4.9692, "lr": 0.0008502427037066397, "gnorm": 5.224, "tok_per_s": 174166.6, "load": 1.32275390625}
{"event": "step", "step": 259400, "loss": 4.9672, "lr": 0.0008483398064126184, "gnorm": 3.022, "tok_per_s": 174473.3, "load": 1.27294921875}
{"event": "step", "step": 259600, "loss": 5.0629, "lr": 0.0008464393662982533, "gnorm": 3.587, "tok_per_s": 174202.3, "load": 1.23046875}
{"event": "step", "step": 259800, "loss": 4.9639, "lr": 0.000844541389188609, "gnorm": 2.417, "tok_per_s": 173956.5, "load": 1.26904296875}
{"event": "step", "step": 260000, "loss": 4.9736, "lr": 0.0008426458809012024, "gnorm": 2.565, "tok_per_s": 174286.0, "load": 1.3076171875}
eval 260000 {'bpb': 1.6847793375974254, 'nats_per_token': 5.07981256486965, 'tokens': 16379, 'bytes': 71247}
{"event": "step", "step": 260200, "loss": 5.1129, "lr": 0.0008407528472459813, "gnorm": 5.43, "tok_per_s": 150263.4, "load": 1.259765625}
{"event": "step", "step": 260400, "loss": 5.1373, "lr": 0.0008388622940253099, "gnorm": 3.141, "tok_per_s": 174216.3, "load": 1.21923828125}
{"event": "step", "step": 260600, "loss": 5.0107, "lr": 0.0008369742270339474, "gnorm": 5.695, "tok_per_s": 174410.1, "load": 1.18505859375}
{"event": "step", "step": 260800, "loss": 5.1106, "lr": 0.0008350886520590337, "gnorm": 3.527, "tok_per_s": 174311.7, "load": 1.15625}
{"event": "step", "step": 261000, "loss": 5.0227, "lr": 0.0008332055748800724, "gnorm": 2.677, "tok_per_s": 174179.8, "load": 1.1318359375}
{"event": "step", "step": 261200, "loss": 4.9379, "lr": 0.0008313250012689079, "gnorm": 3.533, "tok_per_s": 174386.4, "load": 1.111328125}
{"event": "step", "step": 261400, "loss": 4.9455, "lr": 0.0008294469369897122, "gnorm": 3.831, "tok_per_s": 174241.9, "load": 1.10205078125}
{"event": "step", "step": 261600, "loss": 5.0426, "lr": 0.0008275713877989665, "gnorm": 2.937, "tok_per_s": 174382.0, "load": 1.16650390625}
{"event": "step", "step": 261800, "loss": 4.8552, "lr": 0.0008256983594454417, "gnorm": 3.398, "tok_per_s": 174349.5, "load": 1.220703125}
{"event": "step", "step": 262000, "loss": 5.1286, "lr": 0.0008238278576701829, "gnorm": 3.037, "tok_per_s": 174497.0, "load": 1.18603515625}
{"event": "step", "step": 262200, "loss": 5.129, "lr": 0.0008219598882064907, "gnorm": 2.562, "tok_per_s": 150471.8, "load": 1.3173828125}
{"event": "step", "step": 262400, "loss": 5.1192, "lr": 0.0008200944567799043, "gnorm": 3.993, "tok_per_s": 174194.0, "load": 1.56982421875}
{"event": "step", "step": 262600, "loss": 5.0757, "lr": 0.0008182315691081828, "gnorm": 3.445, "tok_per_s": 173723.6, "load": 1.72265625}
{"event": "step", "step": 262800, "loss": 4.9706, "lr": 0.0008163712309012887, "gnorm": 2.958, "tok_per_s": 173893.9, "load": 1.83935546875}
{"event": "step", "step": 263000, "loss": 5.0313, "lr": 0.0008145134478613698, "gnorm": 3.312, "tok_per_s": 174116.3, "load": 1.7841796875}
{"event": "step", "step": 263200, "loss": 5.2924, "lr": 0.0008126582256827434, "gnorm": 4.876, "tok_per_s": 174412.6, "load": 1.74365234375}
{"event": "step", "step": 263400, "loss": 4.9626, "lr": 0.0008108055700518765, "gnorm": 2.694, "tok_per_s": 174150.3, "load": 1.62890625}
{"event": "step", "step": 263600, "loss": 4.9485, "lr": 0.0008089554866473681, "gnorm": 5.762, "tok_per_s": 173937.3, "load": 1.578125}
{"event": "step", "step": 263800, "loss": 4.9217, "lr": 0.0008071079811399349, "gnorm": 2.802, "tok_per_s": 174127.7, "load": 1.56298828125}
{"event": "step", "step": 264000, "loss": 4.9243, "lr": 0.0008052630591923908, "gnorm": 3.154, "tok_per_s": 177422.6, "load": 1.47607421875}
{"event": "step", "step": 264200, "loss": 4.8957, "lr": 0.0008034207264596324, "gnorm": 2.147, "tok_per_s": 152895.0, "load": 1.40234375}
{"event": "step", "step": 264400, "loss": 4.9985, "lr": 0.0008015809885886182, "gnorm": 2.356, "tok_per_s": 175008.7, "load": 1.34033203125}
{"event": "step", "step": 264600, "loss": 4.8909, "lr": 0.0007997438512183547, "gnorm": 2.952, "tok_per_s": 173129.5, "load": 1.3681640625}
{"event": "step", "step": 264800, "loss": 5.1468, "lr": 0.0007979093199798765, "gnorm": 5.28, "tok_per_s": 169928.8, "load": 1.31103515625}
{"event": "step", "step": 265000, "loss": 5.1814, "lr": 0.0007960774004962299, "gnorm": 6.961, "tok_per_s": 172707.0, "load": 1.2626953125}
eval 265000 {'bpb': 1.6949955356309356, 'nats_per_token': 5.1106156320593445, 'tokens': 16379, 'bytes': 71247}
{"event": "step", "step": 265200, "loss": 5.1562, "lr": 0.0007942480983824573, "gnorm": 2.297, "tok_per_s": 172636.2, "load": 1.2216796875}
{"event": "step", "step": 265400, "loss": 4.9961, "lr": 0.0007924214192455772, "gnorm": 5.959, "tok_per_s": 173905.5, "load": 1.18701171875}
{"event": "step", "step": 265600, "loss": 5.0914, "lr": 0.0007905973686845692, "gnorm": 2.007, "tok_per_s": 173828.5, "load": 1.23193359375}
{"event": "step", "step": 265800, "loss": 4.952, "lr": 0.0007887759522903554, "gnorm": 3.579, "tok_per_s": 173988.3, "load": 1.19580078125}
{"event": "step", "step": 266000, "loss": 5.1593, "lr": 0.0007869571756457843, "gnorm": 3.221, "tok_per_s": 173952.3, "load": 1.1796875}
{"event": "step", "step": 266200, "loss": 4.8593, "lr": 0.0007851410443256131, "gnorm": 2.113, "tok_per_s": 150460.1, "load": 1.13916015625}
{"event": "step", "step": 266400, "loss": 5.1141, "lr": 0.0007833275638964911, "gnorm": 3.333, "tok_per_s": 174116.2, "load": 1.2783203125}
{"event": "step", "step": 266600, "loss": 5.1132, "lr": 0.0007815167399169416, "gnorm": 3.476, "tok_per_s": 173807.6, "load": 1.255859375}
{"event": "step", "step": 266800, "loss": 4.8902, "lr": 0.0007797085779373461, "gnorm": 2.892, "tok_per_s": 174141.3, "load": 1.3642578125}
{"event": "step", "step": 267000, "loss": 5.0422, "lr": 0.0007779030834999274, "gnorm": 3.687, "tok_per_s": 174039.7, "load": 1.30810546875}
{"event": "step", "step": 267200, "loss": 4.9545, "lr": 0.0007761002621387295, "gnorm": 2.341, "tok_per_s": 173981.9, "load": 1.3408203125}
{"event": "step", "step": 267400, "loss": 5.0264, "lr": 0.0007743001193796069, "gnorm": 7.326, "tok_per_s": 174078.5, "load": 1.36865234375}
{"event": "step", "step": 267600, "loss": 5.0335, "lr": 0.0007725026607402017, "gnorm": 3.932, "tok_per_s": 174059.5, "load": 1.39208984375}
{"event": "step", "step": 267800, "loss": 4.9556, "lr": 0.0007707078917299276, "gnorm": 1.977, "tok_per_s": 174001.4, "load": 1.41162109375}
{"event": "step", "step": 268000, "loss": 5.039, "lr": 0.0007689158178499565, "gnorm": 2.592, "tok_per_s": 173598.9, "load": 1.736328125}
{"event": "step", "step": 268200, "loss": 4.958, "lr": 0.0007671264445931983, "gnorm": 3.367, "tok_per_s": 151447.1, "load": 2.01123046875}
{"event": "step", "step": 268400, "loss": 4.8284, "lr": 0.0007653397774442861, "gnorm": 2.799, "tok_per_s": 174185.2, "load": 2.00927734375}
{"event": "step", "step": 268600, "loss": 5.2188, "lr": 0.0007635558218795576, "gnorm": 7.786, "tok_per_s": 174425.0, "load": 1.93408203125}
{"event": "step", "step": 268800, "loss": 4.9304, "lr": 0.0007617745833670396, "gnorm": 4.602, "tok_per_s": 174105.7, "load": 1.85888671875}
{"event": "step", "step": 269000, "loss": 4.9886, "lr": 0.0007599960673664311, "gnorm": 4.685, "tok_per_s": 174020.7, "load": 1.80078125}
{"event": "step", "step": 269200, "loss": 5.1254, "lr": 0.0007582202793290845, "gnorm": 5.266, "tok_per_s": 174280.7, "load": 1.75146484375}
{"event": "step", "step": 269400, "loss": 4.9409, "lr": 0.0007564472246979931, "gnorm": 2.982, "tok_per_s": 174986.1, "load": 1.63525390625}
{"event": "step", "step": 269600, "loss": 4.9264, "lr": 0.0007546769089077712, "gnorm": 1.944, "tok_per_s": 174377.1, "load": 1.537109375}
{"event": "step", "step": 269800, "loss": 4.725, "lr": 0.0007529093373846375, "gnorm": 5.06, "tok_per_s": 174600.1, "load": 1.4541015625}
{"event": "step", "step": 270000, "loss": 4.9117, "lr": 0.0007511445155463998, "gnorm": 2.866, "tok_per_s": 174412.1, "load": 1.3837890625}
eval 270000 {'bpb': 1.672523190452871, 'nats_per_token': 5.04285880548263, 'tokens': 16379, 'bytes': 71247}
{"event": "step", "step": 270200, "loss": 5.1091, "lr": 0.0007493824488024379, "gnorm": 3.012, "tok_per_s": 149876.8, "load": 1.32470703125}
{"event": "step", "step": 270400, "loss": 4.9495, "lr": 0.0007476231425536865, "gnorm": 4.593, "tok_per_s": 174257.5, "load": 1.2744140625}
{"event": "step", "step": 270600, "loss": 5.1996, "lr": 0.0007458666021926195, "gnorm": 8.331, "tok_per_s": 173978.3, "load": 1.2314453125}
{"event": "step", "step": 270800, "loss": 4.9974, "lr": 0.0007441128331032328, "gnorm": 6.85, "tok_per_s": 174214.9, "load": 1.19580078125}
{"event": "step", "step": 271000, "loss": 5.0429, "lr": 0.0007423618406610282, "gnorm": 3.584, "tok_per_s": 174157.0, "load": 1.1650390625}
{"event": "step", "step": 271200, "loss": 5.245, "lr": 0.0007406136302329964, "gnorm": 10.131, "tok_per_s": 174107.3, "load": 1.1513671875}
{"event": "step", "step": 271400, "loss": 5.0725, "lr": 0.0007388682071776014, "gnorm": 4.196, "tok_per_s": 174432.5, "load": 1.1279296875}
{"event": "step", "step": 271600, "loss": 4.9964, "lr": 0.0007371255768447629, "gnorm": 3.045, "tok_per_s": 174101.5, "load": 1.18212890625}
{"event": "step", "step": 271800, "loss": 5.1155, "lr": 0.0007353857445758421, "gnorm": 4.1, "tok_per_s": 174119.2, "load": 1.15380859375}
{"event": "step", "step": 272000, "loss": 5.0437, "lr": 0.0007336487157036217, "gnorm": 5.327, "tok_per_s": 174170.8, "load": 1.12939453125}
{"event": "step", "step": 272200, "loss": 5.2139, "lr": 0.0007319144955522931, "gnorm": 3.498, "tok_per_s": 151216.0, "load": 1.10888671875}
{"event": "step", "step": 272400, "loss": 5.0047, "lr": 0.0007301830894374384, "gnorm": 4.135, "tok_per_s": 173985.3, "load": 1.091796875}
{"event": "step", "step": 272600, "loss": 5.1304, "lr": 0.0007284545026660135, "gnorm": 4.521, "tok_per_s": 174150.5, "load": 1.1513671875}
{"event": "step", "step": 272800, "loss": 4.927, "lr": 0.0007267287405363346, "gnorm": 4.818, "tok_per_s": 173952.5, "load": 1.20849609375}
{"event": "step", "step": 273000, "loss": 5.0408, "lr": 0.0007250058083380582, "gnorm": 2.454, "tok_per_s": 173930.7, "load": 1.17578125}
{"event": "step", "step": 273200, "loss": 5.2368, "lr": 0.000723285711352168, "gnorm": 3.946, "tok_per_s": 174188.2, "load": 1.1484375}
{"event": "step", "step": 273400, "loss": 5.1526, "lr": 0.0007215684548509559, "gnorm": 5.396, "tok_per_s": 173256.4, "load": 1.513671875}
{"event": "step", "step": 273600, "loss": 4.9735, "lr": 0.0007198540440980084, "gnorm": 6.547, "tok_per_s": 173318.3, "load": 1.47216796875}
{"event": "step", "step": 273800, "loss": 4.891, "lr": 0.0007181424843481903, "gnorm": 3.278, "tok_per_s": 173470.3, "load": 1.47314453125}
{"event": "step", "step": 274000, "loss": 4.9412, "lr": 0.0007164337808476263, "gnorm": 5.025, "tok_per_s": 173246.3, "load": 1.62841796875}
{"event": "step", "step": 274200, "loss": 5.1619, "lr": 0.0007147279388336872, "gnorm": 5.425, "tok_per_s": 150736.8, "load": 1.53125}
{"event": "step", "step": 274400, "loss": 5.1201, "lr": 0.0007130249635349725, "gnorm": 3.495, "tok_per_s": 173774.7, "load": 1.52294921875}
{"event": "step", "step": 274600, "loss": 5.0552, "lr": 0.0007113248601712956, "gnorm": 3.128, "tok_per_s": 173840.6, "load": 1.52294921875}
{"event": "step", "step": 274800, "loss": 4.9874, "lr": 0.000709627633953666, "gnorm": 4.911, "tok_per_s": 173681.5, "load": 1.4423828125}
{"event": "step", "step": 275000, "loss": 5.044, "lr": 0.0007079332900842755, "gnorm": 3.4, "tok_per_s": 174012.1, "load": 1.45458984375}
eval 275000 {'bpb': 1.6978036098221405, 'nats_per_token': 5.119082313862263, 'tokens': 16379, 'bytes': 71247}
{"event": "step", "step": 275200, "loss": 4.9897, "lr": 0.0007062418337564806, "gnorm": 5.812, "tok_per_s": 172824.7, "load": 1.38427734375}
{"event": "step", "step": 275400, "loss": 4.9111, "lr": 0.0007045532701547874, "gnorm": 2.196, "tok_per_s": 173927.5, "load": 1.32470703125}
{"event": "step", "step": 275600, "loss": 4.9402, "lr": 0.0007028676044548351, "gnorm": 3.622, "tok_per_s": 173990.3, "load": 1.2744140625}
{"event": "step", "step": 275800, "loss": 4.9425, "lr": 0.0007011848418233805, "gnorm": 6.02, "tok_per_s": 173906.1, "load": 1.2314453125}
{"event": "step", "step": 276000, "loss": 5.0016, "lr": 0.0006995049874182834, "gnorm": 1.515, "tok_per_s": 173939.8, "load": 1.212890625}
{"event": "step", "step": 276200, "loss": 4.9057, "lr": 0.0006978280463884883, "gnorm": 2.873, "tok_per_s": 151654.3, "load": 1.31298828125}
{"event": "step", "step": 276400, "loss": 4.9074, "lr": 0.0006961540238740096, "gnorm": 3.489, "tok_per_s": 173711.9, "load": 1.28759765625}
{"event": "step", "step": 276600, "loss": 5.1159, "lr": 0.0006944829250059169, "gnorm": 2.862, "tok_per_s": 173754.2, "load": 1.24267578125}
{"event": "step", "step": 276800, "loss": 5.0789, "lr": 0.0006928147549063179, "gnorm": 4.226, "tok_per_s": 173878.1, "load": 1.205078125}
{"event": "step", "step": 277000, "loss": 5.1216, "lr": 0.0006911495186883445, "gnorm": 4.572, "tok_per_s": 173622.6, "load": 1.17333984375}
{"event": "step", "step": 277200, "loss": 4.9514, "lr": 0.0006894872214561347, "gnorm": 6.237, "tok_per_s": 173760.1, "load": 1.14599609375}
{"event": "step", "step": 277400, "loss": 5.0356, "lr": 0.0006878278683048185, "gnorm": 3.635, "tok_per_s": 172725.7, "load": 1.123046875}
{"event": "step", "step": 277600, "loss": 5.259, "lr": 0.0006861714643205024, "gnorm": 4.55, "tok_per_s": 170274.7, "load": 1.103515625}
{"event": "step", "step": 277800, "loss": 4.9508, "lr": 0.0006845180145802518, "gnorm": 3.145, "tok_per_s": 172994.2, "load": 1.16162109375}
{"event": "step", "step": 278000, "loss": 4.9579, "lr": 0.0006828675241520792, "gnorm": 2.93, "tok_per_s": 173645.7, "load": 1.13623046875}
{"event": "step", "step": 278200, "loss": 5.0307, "lr": 0.0006812199980949252, "gnorm": 3.406, "tok_per_s": 153856.3, "load": 1.11474609375}
{"event": "step", "step": 278400, "loss": 5.0737, "lr": 0.0006795754414586448, "gnorm": 5.466, "tok_per_s": 175632.0, "load": 1.0966796875}
{"event": "step", "step": 278600, "loss": 4.932, "lr": 0.0006779338592839907, "gnorm": 3.794, "tok_per_s": 174266.5, "load": 1.2421875}
{"event": "step", "step": 278800, "loss": 5.1094, "lr": 0.000676295256602599, "gnorm": 3.704, "tok_per_s": 172742.4, "load": 1.38330078125}
{"event": "step", "step": 279000, "loss": 5.0776, "lr": 0.0006746596384369734, "gnorm": 2.923, "tok_per_s": 172387.2, "load": 1.55224609375}
{"event": "step", "step": 279200, "loss": 5.0484, "lr": 0.0006730270098004698, "gnorm": 5.626, "tok_per_s": 173455.0, "load": 1.466796875}
{"event": "step", "step": 279400, "loss": 4.8569, "lr": 0.00067139737569728, "gnorm": 5.518, "tok_per_s": 173822.8, "load": 1.47509765625}
{"event": "step", "step": 279600, "loss": 4.8428, "lr": 0.0006697707411224183, "gnorm": 4.356, "tok_per_s": 174080.7, "load": 1.40185546875}
{"event": "step", "step": 279800, "loss": 5.0598, "lr": 0.0006681471110617044, "gnorm": 2.888, "tok_per_s": 173858.0, "load": 1.4140625}
{"event": "step", "step": 280000, "loss": 4.9276, "lr": 0.0006665264904917491, "gnorm": 3.78, "tok_per_s": 173906.1, "load": 1.35009765625}
eval 280000 {'bpb': 1.6823146297920692, 'nats_per_token': 5.0723811740643505, 'tokens': 16379, 'bytes': 71247}
{"event": "step", "step": 280200, "loss": 4.8096, "lr": 0.0006649088843799389, "gnorm": 3.16, "tok_per_s": 149719.6, "load": 1.37646484375}
{"event": "step", "step": 280400, "loss": 4.9684, "lr": 0.0006632942976844212, "gnorm": 3.059, "tok_per_s": 173955.2, "load": 1.318359375}
{"event": "step", "step": 280600, "loss": 4.9141, "lr": 0.0006616827353540864, "gnorm": 3.468, "tok_per_s": 173764.5, "load": 1.58984375}
{"event": "step", "step": 280800, "loss": 4.8983, "lr": 0.000660074202328557, "gnorm": 2.049, "tok_per_s": 164082.6, "load": 2.0283203125}
{"event": "step", "step": 281000, "loss": 4.9663, "lr": 0.0006584687035381694, "gnorm": 2.732, "tok_per_s": 173847.5, "load": 1.86962890625}
{"event": "step", "step": 281200, "loss": 5.0651, "lr": 0.0006568662439039604, "gnorm": 2.488, "tok_per_s": 174023.7, "load": 1.7998046875}
{"event": "step", "step": 281400, "loss": 5.228, "lr": 0.0006552668283376508, "gnorm": 6.28, "tok_per_s": 174063.5, "load": 1.67626953125}
{"event": "step", "step": 281600, "loss": 5.0786, "lr": 0.0006536704617416312, "gnorm": 3.936, "tok_per_s": 173855.3, "load": 1.57177734375}
{"event": "step", "step": 281800, "loss": 5.0656, "lr": 0.0006520771490089471, "gnorm": 2.652, "tok_per_s": 173876.2, "load": 1.4833984375}
{"event": "step", "step": 282000, "loss": 5.0423, "lr": 0.000650486895023282, "gnorm": 2.523, "tok_per_s": 174057.1, "load": 1.40869140625}
{"event": "step", "step": 282200, "loss": 5.1702, "lr": 0.0006488997046589465, "gnorm": 4.663, "tok_per_s": 160093.7, "load": 1.34521484375}
{"event": "step", "step": 282400, "loss": 4.8968, "lr": 0.0006473155827808592, "gnorm": 4.254, "tok_per_s": 174127.7, "load": 1.29150390625}
{"event": "step", "step": 282600, "loss": 5.0246, "lr": 0.0006457345342445337, "gnorm": 6.256, "tok_per_s": 173974.5, "load": 1.24658203125}
{"event": "step", "step": 282800, "loss": 5.0933, "lr": 0.0006441565638960635, "gnorm": 2.936, "tok_per_s": 173962.6, "load": 1.2080078125}
{"event": "step", "step": 283000, "loss": 5.0908, "lr": 0.0006425816765721073, "gnorm": 6.86, "tok_per_s": 173019.6, "load": 1.17529296875}
{"event": "step", "step": 283200, "loss": 5.0083, "lr": 0.0006410098770998736, "gnorm": 3.419, "tok_per_s": 173207.3, "load": 1.14794921875}
{"event": "step", "step": 283400, "loss": 4.8693, "lr": 0.0006394411702971069, "gnorm": 2.687, "tok_per_s": 173737.6, "load": 1.12451171875}
{"event": "step", "step": 283600, "loss": 5.2024, "lr": 0.0006378755609720715, "gnorm": 9.022, "tok_per_s": 174300.0, "load": 1.19482421875}
{"event": "step", "step": 283800, "loss": 5.0055, "lr": 0.0006363130539235384, "gnorm": 2.103, "tok_per_s": 175574.9, "load": 1.16455078125}
{"event": "step", "step": 284000, "loss": 5.0632, "lr": 0.0006347536539407692, "gnorm": 3.1, "tok_per_s": 174411.6, "load": 1.13916015625}
{"event": "step", "step": 284200, "loss": 5.0533, "lr": 0.0006331973658035022, "gnorm": 2.78, "tok_per_s": 150832.8, "load": 1.11767578125}
{"event": "step", "step": 284400, "loss": 5.0314, "lr": 0.0006316441942819371, "gnorm": 6.167, "tok_per_s": 174109.1, "load": 1.09912109375}
{"event": "step", "step": 284600, "loss": 5.0716, "lr": 0.0006300941441367226, "gnorm": 5.517, "tok_per_s": 173663.0, "load": 1.3115234375}
{"event": "step", "step": 284800, "loss": 5.0674, "lr": 0.0006285472201189372, "gnorm": 5.895, "tok_per_s": 174259.5, "load": 1.26318359375}
{"event": "step", "step": 285000, "loss": 4.9475, "lr": 0.0006270034269700796, "gnorm": 4.225, "tok_per_s": 174143.5, "load": 1.3828125}
eval 285000 {'bpb': 1.6680184544380177, 'nats_per_token': 5.029276483988644, 'tokens': 16379, 'bytes': 71247}
{"event": "step", "step": 285200, "loss": 5.043, "lr": 0.000625462769422051, "gnorm": 4.412, "tok_per_s": 172536.8, "load": 1.5517578125}
{"event": "step", "step": 285400, "loss": 4.8574, "lr": 0.0006239252521971421, "gnorm": 7.621, "tok_per_s": 174503.0, "load": 1.46630859375}
{"event": "step", "step": 285600, "loss": 4.8382, "lr": 0.0006223908800080184, "gnorm": 4.954, "tok_per_s": 174540.3, "load": 1.474609375}
{"event": "step", "step": 285800, "loss": 4.9419, "lr": 0.0006208596575577049, "gnorm": 6.135, "tok_per_s": 174447.2, "load": 1.4013671875}
{"event": "step", "step": 286000, "loss": 5.0576, "lr": 0.0006193315895395724, "gnorm": 3.26, "tok_per_s": 174707.8, "load": 1.369140625}
{"event": "step", "step": 286200, "loss": 5.0308, "lr": 0.0006178066806373238, "gnorm": 5.648, "tok_per_s": 151393.4, "load": 1.44140625}
{"event": "step", "step": 286400, "loss": 5.138, "lr": 0.000616284935524977, "gnorm": 5.65, "tok_per_s": 174740.7, "load": 1.40576171875}
{"event": "step", "step": 286600, "loss": 4.9823, "lr": 0.0006147663588668548, "gnorm": 4.241, "tok_per_s": 174768.9, "load": 1.3427734375}
{"event": "step", "step": 286800, "loss": 4.9273, "lr": 0.0006132509553175673, "gnorm": 2.176, "tok_per_s": 174585.5, "load": 1.28955078125}
{"event": "step", "step": 287000, "loss": 5.0863, "lr": 0.0006117387295219986, "gnorm": 4.589, "tok_per_s": 174721.5, "load": 1.3251953125}
{"event": "step", "step": 287200, "loss": 4.9602, "lr": 0.0006102296861152924, "gnorm": 5.937, "tok_per_s": 174805.3, "load": 1.2744140625}
{"event": "step", "step": 287400, "loss": 5.01, "lr": 0.0006087238297228388, "gnorm": 2.503, "tok_per_s": 174532.0, "load": 1.2314453125}
{"event": "step", "step": 287600, "loss": 5.1704, "lr": 0.0006072211649602587, "gnorm": 4.897, "tok_per_s": 174779.1, "load": 1.19580078125}
{"event": "step", "step": 287800, "loss": 4.8891, "lr": 0.0006057216964333904, "gnorm": 5.547, "tok_per_s": 174770.5, "load": 1.1650390625}
{"event": "step", "step": 288000, "loss": 5.0912, "lr": 0.0006042254287382756, "gnorm": 2.806, "tok_per_s": 174796.8, "load": 1.212890625}
{"event": "step", "step": 288200, "loss": 5.1242, "lr": 0.0006027323664611448, "gnorm": 2.607, "tok_per_s": 151286.0, "load": 1.25390625}
{"event": "step", "step": 288400, "loss": 5.011, "lr": 0.0006012425141784036, "gnorm": 3.132, "tok_per_s": 186808.5, "load": 1.21435546875}
{"event": "step", "step": 288600, "loss": 5.1362, "lr": 0.0005997558764566185, "gnorm": 4.488, "tok_per_s": 174683.1, "load": 1.19677734375}
{"event": "step", "step": 288800, "loss": 5.055, "lr": 0.0005982724578525039, "gnorm": 5.039, "tok_per_s": 174696.8, "load": 1.166015625}
{"event": "step", "step": 289000, "loss": 5.0234, "lr": 0.0005967922629129067, "gnorm": 9.989, "tok_per_s": 174634.3, "load": 1.14013671875}
{"event": "step", "step": 289200, "loss": 5.0235, "lr": 0.0005953152961747913, "gnorm": 7.595, "tok_per_s": 174855.3, "load": 1.1181640625}
{"event": "step", "step": 289400, "loss": 4.8981, "lr": 0.0005938415621652298, "gnorm": 3.262, "tok_per_s": 174575.7, "load": 1.099609375}
{"event": "step", "step": 289600, "loss": 4.9237, "lr": 0.0005923710654013838, "gnorm": 2.551, "tok_per_s": 174231.9, "load": 3.47412109375}
{"event": "step", "step": 289800, "loss": 5.0385, "lr": 0.0005909038103904938, "gnorm": 4.508, "tok_per_s": 162954.3, "load": 3.1669921875}
{"event": "step", "step": 290000, "loss": 5.1691, "lr": 0.0005894398016298632, "gnorm": 4.555, "tok_per_s": 174903.0, "load": 2.83349609375}
eval 290000 {'bpb': 1.6862166355926476, 'nats_per_token': 5.084146191388363, 'tokens': 16379, 'bytes': 71247}
{"event": "step", "step": 290200, "loss": 4.9622, "lr": 0.000587979043606845, "gnorm": 3.837, "tok_per_s": 150505.4, "load": 2.55126953125}
{"event": "step", "step": 290400, "loss": 4.8922, "lr": 0.0005865215407988292, "gnorm": 5.601, "tok_per_s": 174766.9, "load": 2.3125}
{"event": "step", "step": 290600, "loss": 4.8964, "lr": 0.0005850672976732267, "gnorm": 2.288, "tok_per_s": 177003.1, "load": 2.27099609375}
{"event": "step", "step": 290800, "loss": 4.9015, "lr": 0.0005836163186874587, "gnorm": 7.073, "tok_per_s": 175596.4, "load": 2.1689453125}
{"event": "step", "step": 291000, "loss": 5.0986, "lr": 0.0005821686082889408, "gnorm": 2.714, "tok_per_s": 175001.0, "load": 1.98876953125}
{"event": "step", "step": 291200, "loss": 4.9698, "lr": 0.0005807241709150697, "gnorm": 4.272, "tok_per_s": 173305.4, "load": 1.8359375}
{"event": "step", "step": 291400, "loss": 5.0545, "lr": 0.0005792830109932107, "gnorm": 3.889, "tok_per_s": 172511.2, "load": 1.70654296875}
{"event": "step", "step": 291600, "loss": 5.0859, "lr": 0.0005778451329406822, "gnorm": 10.38, "tok_per_s": 174112.4, "load": 1.59765625}
{"event": "step", "step": 291800, "loss": 5.0362, "lr": 0.0005764105411647446, "gnorm": 10.356, "tok_per_s": 174249.6, "load": 1.5048828125}
{"event": "step", "step": 292000, "loss": 5.0021, "lr": 0.0005749792400625844, "gnorm": 4.107, "tok_per_s": 174299.6, "load": 1.4267578125}
{"event": "step", "step": 292200, "loss": 4.9951, "lr": 0.0005735512340213024, "gnorm": 3.79, "tok_per_s": 151095.4, "load": 1.521484375}
{"event": "step", "step": 292400, "loss": 4.9942, "lr": 0.0005721265274178996, "gnorm": 4.718, "tok_per_s": 174451.6, "load": 1.44091796875}
{"event": "step", "step": 292600, "loss": 4.9836, "lr": 0.0005707051246192634, "gnorm": 7.642, "tok_per_s": 174799.4, "load": 1.37255859375}
{"event": "step", "step": 292800, "loss": 4.9488, "lr": 0.000569287029982155, "gnorm": 9.039, "tok_per_s": 174594.7, "load": 1.314453125}
{"event": "step", "step": 293000, "loss": 4.9804, "lr": 0.0005678722478531963, "gnorm": 7.209, "tok_per_s": 174682.3, "load": 1.2890625}
{"event": "step", "step": 293200, "loss": 5.0906, "lr": 0.0005664607825688554, "gnorm": 5.585, "tok_per_s": 173598.4, "load": 1.40478515625}
{"event": "step", "step": 293400, "loss": 4.8522, "lr": 0.0005650526384554334, "gnorm": 10.681, "tok_per_s": 175299.5, "load": 1.5703125}
{"event": "step", "step": 293600, "loss": 5.0945, "lr": 0.000563647819829052, "gnorm": 13.803, "tok_per_s": 175326.1, "load": 1.48193359375}
{"event": "step", "step": 293800, "loss": 4.9442, "lr": 0.0005622463309956403, "gnorm": 10.529, "tok_per_s": 175147.5, "load": 1.4072265625}
{"event": "step", "step": 294000, "loss": 4.9651, "lr": 0.0005608481762509212, "gnorm": 6.292, "tok_per_s": 174926.4, "load": 1.41845703125}
{"event": "step", "step": 294200, "loss": 4.9912, "lr": 0.000559453359880398, "gnorm": 4.218, "tok_per_s": 151458.4, "load": 1.353515625}
{"event": "step", "step": 294400, "loss": 4.9769, "lr": 0.000558061886159341, "gnorm": 4.584, "tok_per_s": 174714.4, "load": 1.298828125}
{"event": "step", "step": 294600, "loss": 5.0717, "lr": 0.0005566737593527762, "gnorm": 3.003, "tok_per_s": 174953.0, "load": 1.251953125}
{"event": "step", "step": 294800, "loss": 5.0666, "lr": 0.0005552889837154688, "gnorm": 12.705, "tok_per_s": 174861.5, "load": 1.212890625}
{"event": "step", "step": 295000, "loss": 5.0667, "lr": 0.0005539075634919149, "gnorm": 13.832, "tok_per_s": 174801.4, "load": 1.1796875}
eval 295000 {'bpb': 1.6995104753462669, 'nats_per_token': 5.124228718938885, 'tokens': 16379, 'bytes': 71247}
{"event": "step", "step": 295200, "loss": 5.0199, "lr": 0.000552529502916324, "gnorm": 6.051, "tok_per_s": 173720.9, "load": 1.1650390625}
{"event": "step", "step": 295400, "loss": 5.2471, "lr": 0.0005511548062126085, "gnorm": 10.025, "tok_per_s": 174826.4, "load": 1.13916015625}
{"event": "step", "step": 295600, "loss": 4.9045, "lr": 0.0005497834775943704, "gnorm": 5.238, "tok_per_s": 174638.6, "load": 1.11767578125}
{"event": "step", "step": 295800, "loss": 4.9183, "lr": 0.0005484155212648873, "gnorm": 7.547, "tok_per_s": 174338.0, "load": 1.54833984375}
{"event": "step", "step": 296000, "loss": 5.0425, "lr": 0.0005470509414171015, "gnorm": 4.605, "tok_per_s": 174857.8, "load": 1.4638671875}
{"event": "step", "step": 296200, "loss": 5.1047, "lr": 0.0005456897422336051, "gnorm": 5.376, "tok_per_s": 151109.2, "load": 1.39208984375}
{"event": "step", "step": 296400, "loss": 4.9294, "lr": 0.0005443319278866284, "gnorm": 3.479, "tok_per_s": 174166.2, "load": 1.7998046875}
{"event": "step", "step": 296600, "loss": 5.0789, "lr": 0.0005429775025380268, "gnorm": 4.293, "tok_per_s": 174818.4, "load": 1.8310546875}
{"event": "step", "step": 296800, "loss": 4.8837, "lr": 0.0005416264703392682, "gnorm": 5.131, "tok_per_s": 174921.3, "load": 1.70263671875}
{"event": "step", "step": 297000, "loss": 4.8266, "lr": 0.0005402788354314196, "gnorm": 2.732, "tok_per_s": 174758.8, "load": 1.59423828125}
{"event": "step", "step": 297200, "loss": 4.8211, "lr": 0.0005389346019451353, "gnorm": 4.566, "tok_per_s": 174566.1, "load": 1.8173828125}
{"event": "step", "step": 297400, "loss": 5.0799, "lr": 0.0005375937740006442, "gnorm": 9.52, "tok_per_s": 174616.7, "load": 1.83203125}
{"event": "step", "step": 297600, "loss": 4.9848, "lr": 0.0005362563557077361, "gnorm": 6.699, "tok_per_s": 174543.9, "load": 1.8583984375}
{"event": "step", "step": 297800, "loss": 4.8784, "lr": 0.0005349223511657503, "gnorm": 8.179, "tok_per_s": 174576.0, "load": 1.95458984375}
{"event": "step", "step": 298000, "loss": 4.91, "lr": 0.0005335917644635619, "gnorm": 14.117, "tok_per_s": 174615.4, "load": 1.88134765625}
{"event": "step", "step": 298200, "loss": 5.0443, "lr": 0.0005322645996795709, "gnorm": 5.888, "tok_per_s": 150486.9, "load": 11.1748046875}
{"event": "step", "step": 298400, "loss": 5.0327, "lr": 0.0005309408608816886, "gnorm": 5.052, "tok_per_s": 174559.8, "load": 9.60986328125}
{"event": "step", "step": 298600, "loss": 4.7821, "lr": 0.0005296205521273243, "gnorm": 4.936, "tok_per_s": 174728.6, "load": 8.359375}
{"event": "step", "step": 298800, "loss": 5.0806, "lr": 0.0005283036774633749, "gnorm": 3.638, "tok_per_s": 174763.5, "load": 7.2275390625}
{"event": "step", "step": 299000, "loss": 4.8939, "lr": 0.0005269902409262113, "gnorm": 4.465, "tok_per_s": 174663.0, "load": 6.26953125}
{"event": "step", "step": 299200, "loss": 4.9167, "lr": 0.0005256802465416647, "gnorm": 8.319, "tok_per_s": 174675.1, "load": 5.458984375}
{"event": "step", "step": 299400, "loss": 5.0523, "lr": 0.000524373698325018, "gnorm": 6.459, "tok_per_s": 174740.5, "load": 4.85302734375}
{"event": "step", "step": 299600, "loss": 5.0002, "lr": 0.0005230706002809895, "gnorm": 4.123, "tok_per_s": 174710.1, "load": 4.26025390625}
{"event": "step", "step": 299800, "loss": 4.9269, "lr": 0.000521770956403723, "gnorm": 8.005, "tok_per_s": 174801.2, "load": 3.9990234375}
{"event": "step", "step": 300000, "loss": 4.9226, "lr": 0.0005204747706767749, "gnorm": 10.532, "tok_per_s": 174854.2, "load": 3.53759765625}
eval 300000 {'bpb': 1.689425580745263, 'nats_per_token': 5.093821547408266, 'tokens': 16379, 'bytes': 71247}
{"event": "step", "step": 300200, "loss": 4.8296, "lr": 0.0005191820470731017, "gnorm": 2.759, "tok_per_s": 149970.2, "load": 3.14697265625}
{"event": "step", "step": 300400, "loss": 4.7359, "lr": 0.0005178927895550485, "gnorm": 4.007, "tok_per_s": 173987.5, "load": 3.35205078125}
{"event": "step", "step": 300600, "loss": 4.9659, "lr": 0.0005166070020743358, "gnorm": 6.449, "tok_per_s": 174855.0, "load": 3.06396484375}
{"event": "step", "step": 300800, "loss": 5.0036, "lr": 0.0005153246885720488, "gnorm": 5.674, "tok_per_s": 174775.2, "load": 2.74609375}
{"event": "step", "step": 301000, "loss": 4.9351, "lr": 0.0005140458529786239, "gnorm": 4.049, "tok_per_s": 174745.2, "load": 2.47705078125}
{"event": "step", "step": 301200, "loss": 5.112, "lr": 0.000512770499213838, "gnorm": 6.405, "tok_per_s": 174634.9, "load": 2.24951171875}
{"event": "step", "step": 301400, "loss": 5.081, "lr": 0.0005114986311867947, "gnorm": 16.271, "tok_per_s": 174731.5, "load": 2.05712890625}
{"event": "step", "step": 301600, "loss": 5.1596, "lr": 0.000510230252795915, "gnorm": 8.873, "tok_per_s": 174750.3, "load": 1.89404296875}
{"event": "step", "step": 301800, "loss": 5.0865, "lr": 0.0005089653679289228, "gnorm": 3.033, "tok_per_s": 174611.9, "load": 1.75634765625}
{"event": "step", "step": 302000, "loss": 5.1718, "lr": 0.0005077039804628336, "gnorm": 9.516, "tok_per_s": 174753.0, "load": 1.6953125}
{"event": "step", "step": 302200, "loss": 5.0247, "lr": 0.0005064460942639436, "gnorm": 6.756, "tok_per_s": 150990.2, "load": 1.62109375}
{"event": "step", "step": 302400, "loss": 5.0007, "lr": 0.0005051917131878168, "gnorm": 3.832, "tok_per_s": 174578.9, "load": 1.5712890625}
{"event": "step", "step": 302600, "loss": 4.9912, "lr": 0.0005039408410792745, "gnorm": 7.299, "tok_per_s": 174139.2, "load": 1.48291015625}
{"event": "step", "step": 302800, "loss": 5.2537, "lr": 0.0005026934817723814, "gnorm": 16.065, "tok_per_s": 174324.4, "load": 1.408203125}
{"event": "step", "step": 303000, "loss": 5.0029, "lr": 0.0005014496390904358, "gnorm": 7.523, "tok_per_s": 174488.1, "load": 1.34521484375}
{"event": "step", "step": 303200, "loss": 4.9894, "lr": 0.0005002093168459574, "gnorm": 4.351, "tok_per_s": 174575.7, "load": 1.29150390625}
{"event": "step", "step": 303400, "loss": 5.0977, "lr": 0.0004989725188406741, "gnorm": 4.525, "tok_per_s": 174694.4, "load": 1.24658203125}
{"event": "step", "step": 303600, "loss": 4.8183, "lr": 0.0004977392488655126, "gnorm": 5.796, "tok_per_s": 174721.7, "load": 1.28857421875}
{"event": "step", "step": 303800, "loss": 5.0371, "lr": 0.0004965095107005862, "gnorm": 5.55, "tok_per_s": 174598.0, "load": 1.24365234375}
{"event": "step", "step": 304000, "loss": 5.1445, "lr": 0.0004952833081151818, "gnorm": 5.711, "tok_per_s": 174773.6, "load": 1.2060546875}
{"event": "step", "step": 304200, "loss": 4.9474, "lr": 0.0004940606448677499, "gnorm": 9.153, "tok_per_s": 151415.0, "load": 1.173828125}
{"event": "step", "step": 304400, "loss": 4.7942, "lr": 0.0004928415247058921, "gnorm": 6.319, "tok_per_s": 174886.9, "load": 1.146484375}
{"event": "step", "step": 304600, "loss": 4.9743, "lr": 0.0004916259513663508, "gnorm": 5.711, "tok_per_s": 174527.5, "load": 1.21484375}
{"event": "step", "step": 304800, "loss": 4.8847, "lr": 0.000490413928574996, "gnorm": 4.676, "tok_per_s": 174623.7, "load": 1.18115234375}
{"event": "step", "step": 305000, "loss": 4.8767, "lr": 0.0004892054600468159, "gnorm": 5.59, "tok_per_s": 174764.7, "load": 1.15283203125}
eval 305000 {'bpb': 1.6849677501132263, 'nats_per_token': 5.0803806512912875, 'tokens': 16379, 'bytes': 71247}
{"event": "step", "step": 305200, "loss": 5.0578, "lr": 0.0004880005494859035, "gnorm": 4.001, "tok_per_s": 173459.6, "load": 1.12890625}
{"event": "step", "step": 305400, "loss": 4.9339, "lr": 0.00048679920058544707, "gnorm": 7.178, "tok_per_s": 174515.7, "load": 1.1826171875}
{"event": "step", "step": 305600, "loss": 5.0331, "lr": 0.000485601417027717, "gnorm": 13.942, "tok_per_s": 174932.5, "load": 1.154296875}
{"event": "step", "step": 305800, "loss": 4.8517, "lr": 0.00048440720248405704, "gnorm": 3.77, "tok_per_s": 173842.7, "load": 2.87353515625}
{"event": "step", "step": 306000, "loss": 4.8426, "lr": 0.0004832165606148702, "gnorm": 4.685, "tok_per_s": 174840.5, "load": 3.24853515625}
{"event": "step", "step": 306200, "loss": 4.9809, "lr": 0.0004820294950696088, "gnorm": 4.963, "tok_per_s": 151302.3, "load": 2.90234375}
{"event": "step", "step": 306400, "loss": 4.9182, "lr": 0.0004808460094867642, "gnorm": 6.532, "tok_per_s": 174562.4, "load": 2.60986328125}
{"event": "step", "step": 306600, "loss": 4.8971, "lr": 0.0004796661074938535, "gnorm": 5.618, "tok_per_s": 174766.9, "load": 2.36181640625}
{"event": "step", "step": 306800, "loss": 4.9549, "lr": 0.0004784897927074116, "gnorm": 6.918, "tok_per_s": 174141.5, "load": 2.4931640625}
{"event": "step", "step": 307000, "loss": 5.0235, "lr": 0.0004773170687329766, "gnorm": 7.098, "tok_per_s": 174625.7, "load": 2.78564453125}
{"event": "step", "step": 307200, "loss": 4.8972, "lr": 0.00047614793916508067, "gnorm": 5.544, "tok_per_s": 174929.3, "load": 2.5107421875}
{"event": "step", "step": 307400, "loss": 5.0968, "lr": 0.0004749824075872393, "gnorm": 3.546, "tok_per_s": 174655.1, "load": 2.2783203125}
{"event": "step", "step": 307600, "loss": 5.1425, "lr": 0.0004738204775719386, "gnorm": 4.83, "tok_per_s": 174042.0, "load": 2.39599609375}
{"event": "step", "step": 307800, "loss": 4.904, "lr": 0.0004726621526806269, "gnorm": 6.795, "tok_per_s": 174880.7, "load": 2.3349609375}
{"event": "step", "step": 308000, "loss": 5.1777, "lr": 0.00047150743646370136, "gnorm": 5.597, "tok_per_s": 174779.6, "load": 2.12939453125}
{"event": "step", "step": 308200, "loss": 4.8725, "lr": 0.00047035633246049865, "gnorm": 4.227, "tok_per_s": 151615.9, "load": 2.03515625}
{"event": "step", "step": 308400, "loss": 5.067, "lr": 0.0004692088441992835, "gnorm": 2.756, "tok_per_s": 174775.3, "load": 1.87548828125}
{"event": "step", "step": 308600, "loss": 5.0089, "lr": 0.00046806497519723766, "gnorm": 5.024, "tok_per_s": 174811.8, "load": 1.740234375}
{"event": "step", "step": 308800, "loss": 4.9792, "lr": 0.0004669247289604499, "gnorm": 6.345, "tok_per_s": 174848.7, "load": 1.7001953125}
{"event": "step", "step": 309000, "loss": 5.2805, "lr": 0.00046578810898390466, "gnorm": 12.642, "tok_per_s": 174567.2, "load": 1.64404296875}
{"event": "step", "step": 309200, "loss": 4.8446, "lr": 0.00046465511875147113, "gnorm": 8.156, "tok_per_s": 174858.3, "load": 1.61865234375}
{"event": "step", "step": 309400, "loss": 4.8783, "lr": 0.00046352576173589344, "gnorm": 4.59, "tok_per_s": 174669.3, "load": 1.84375}
{"event": "step", "step": 309600, "loss": 5.0299, "lr": 0.0004624000413987793, "gnorm": 8.341, "tok_per_s": 174689.8, "load": 1.71337890625}
{"event": "step", "step": 309800, "loss": 4.9929, "lr": 0.0004612779611905895, "gnorm": 6.774, "tok_per_s": 174749.4, "load": 1.603515625}
{"event": "step", "step": 310000, "loss": 5.0314, "lr": 0.00046015952455062713, "gnorm": 4.966, "tok_per_s": 174722.6, "load": 1.51025390625}
eval 310000 {'bpb': 1.6795437318739235, 'nats_per_token': 5.06402658320105, 'tokens': 16379, 'bytes': 71247}
{"event": "step", "step": 310200, "loss": 4.9169, "lr": 0.00045904473490702833, "gnorm": 4.952, "tok_per_s": 150788.0, "load": 1.50537109375}
{"event": "step", "step": 310400, "loss": 4.8878, "lr": 0.0004579335956767501, "gnorm": 5.127, "tok_per_s": 174875.6, "load": 1.42724609375}
{"event": "step", "step": 310600, "loss": 4.9826, "lr": 0.00045682611026556, "gnorm": 5.923, "tok_per_s": 174761.7, "load": 1.36083984375}
{"event": "step", "step": 310800, "loss": 4.8587, "lr": 0.0004557222820680268, "gnorm": 4.088, "tok_per_s": 174946.5, "load": 1.3046875}
{"event": "step", "step": 311000, "loss": 4.9558, "lr": 0.0004546221144675096, "gnorm": 4.628, "tok_per_s": 174862.7, "load": 1.33837890625}
{"event": "step", "step": 311200, "loss": 4.9075, "lr": 0.0004535256108361474, "gnorm": 3.641, "tok_per_s": 173708.0, "load": 1.4716796875}
{"event": "step", "step": 311400, "loss": 4.8908, "lr": 0.0004524327745348484, "gnorm": 10.384, "tok_per_s": 174326.9, "load": 1.47265625}
{"event": "step", "step": 311600, "loss": 5.0169, "lr": 0.0004513436089132801, "gnorm": 6.429, "tok_per_s": 174426.1, "load": 1.3994140625}
{"event": "step", "step": 311800, "loss": 5.1089, "lr": 0.00045025811730985935, "gnorm": 10.939, "tok_per_s": 174545.2, "load": 1.33740234375}
{"event": "step", "step": 312000, "loss": 4.951, "lr": 0.0004491763030517404, "gnorm": 5.003, "tok_per_s": 174754.2, "load": 1.36572265625}
{"event": "step", "step": 312200, "loss": 4.9276, "lr": 0.00044809816945480784, "gnorm": 6.502, "tok_per_s": 151032.7, "load": 1.30908203125}
{"event": "step", "step": 312400, "loss": 5.0976, "lr": 0.0004470237198236636, "gnorm": 11.612, "tok_per_s": 174687.7, "load": 1.26123046875}
{"event": "step", "step": 312600, "loss": 4.8965, "lr": 0.0004459529574516179, "gnorm": 7.028, "tok_per_s": 174588.8, "load": 1.220703125}
{"event": "step", "step": 312800, "loss": 5.0166, "lr": 0.000444885885620679, "gnorm": 9.699, "tok_per_s": 174761.4, "load": 1.18603515625}
{"event": "step", "step": 313000, "loss": 5.0573, "lr": 0.0004438225076015436, "gnorm": 4.889, "tok_per_s": 174639.3, "load": 1.15673828125}
{"event": "step", "step": 313200, "loss": 5.1622, "lr": 0.0004427628266535863, "gnorm": 4.702, "tok_per_s": 174586.6, "load": 1.20654296875}
{"event": "step", "step": 313400, "loss": 5.0424, "lr": 0.00044170684602484945, "gnorm": 5.148, "tok_per_s": 174700.2, "load": 1.17431640625}
{"event": "step", "step": 313600, "loss": 4.9432, "lr": 0.00044065456895203404, "gnorm": 6.436, "tok_per_s": 174537.5, "load": 1.16015625}
{"event": "step", "step": 313800, "loss": 5.1194, "lr": 0.0004396059986604889, "gnorm": 5.404, "tok_per_s": 174630.7, "load": 1.21533203125}
{"event": "step", "step": 314000, "loss": 5.0124, "lr": 0.000438561138364201, "gnorm": 3.728, "tok_per_s": 174569.0, "load": 1.181640625}
{"event": "step", "step": 314200, "loss": 5.0146, "lr": 0.00043751999126578607, "gnorm": 5.537, "tok_per_s": 151022.1, "load": 1.1533203125}
{"event": "step", "step": 314400, "loss": 5.068, "lr": 0.00043648256055647843, "gnorm": 3.249, "tok_per_s": 174708.4, "load": 1.12890625}
{"event": "step", "step": 314600, "loss": 5.0481, "lr": 0.00043544884941612165, "gnorm": 7.513, "tok_per_s": 174813.4, "load": 1.1083984375}
{"event": "step", "step": 314800, "loss": 4.9969, "lr": 0.00043441886101315726, "gnorm": 5.432, "tok_per_s": 174550.4, "load": 1.09130859375}
{"event": "step", "step": 315000, "loss": 5.1234, "lr": 0.0004333925985046168, "gnorm": 11.436, "tok_per_s": 174706.7, "load": 1.0771484375}
eval 315000 {'bpb': 1.6672050850425595, 'nats_per_token': 5.026824077324623, 'tokens': 16379, 'bytes': 71247}
{"event": "step", "step": 315200, "loss": 5.0961, "lr": 0.00043237006503611165, "gnorm": 6.691, "tok_per_s": 173479.4, "load": 1.06494140625}
{"event": "step", "step": 315400, "loss": 4.9193, "lr": 0.00043135126374182364, "gnorm": 4.994, "tok_per_s": 174580.9, "load": 1.0546875}
{"event": "step", "step": 315600, "loss": 5.1702, "lr": 0.0004303361977444941, "gnorm": 4.484, "tok_per_s": 174694.5, "load": 1.0458984375}
{"event": "step", "step": 315800, "loss": 5.073, "lr": 0.0004293248701554161, "gnorm": 3.357, "tok_per_s": 174671.3, "load": 1.0419921875}
{"event": "step", "step": 316000, "loss": 4.9691, "lr": 0.00042831728407442365, "gnorm": 4.732, "tok_per_s": 174427.5, "load": 1.03515625}
{"event": "step", "step": 316200, "loss": 5.066, "lr": 0.00042731344258988214, "gnorm": 3.796, "tok_per_s": 151197.9, "load": 1.029296875}
{"event": "step", "step": 316400, "loss": 4.8626, "lr": 0.00042631334877868047, "gnorm": 6.496, "tok_per_s": 174577.5, "load": 1.0244140625}
{"event": "step", "step": 316600, "loss": 5.092, "lr": 0.0004253170057062196, "gnorm": 7.941, "tok_per_s": 174817.8, "load": 1.02001953125}
{"event": "step", "step": 316800, "loss": 4.9854, "lr": 0.00042432441642640455, "gnorm": 4.503, "tok_per_s": 174829.9, "load": 1.0166015625}
{"event": "step", "step": 317000, "loss": 5.0011, "lr": 0.0004233355839816342, "gnorm": 5.793, "tok_per_s": 174752.6, "load": 1.013671875}
{"event": "step", "step": 317200, "loss": 5.0678, "lr": 0.0004223505114027925, "gnorm": 5.064, "tok_per_s": 174825.0, "load": 1.0107421875}
{"event": "step", "step": 317400, "loss": 5.0104, "lr": 0.00042136920170923904, "gnorm": 5.903, "tok_per_s": 174848.0, "load": 1.0830078125}
{"event": "step", "step": 317600, "loss": 4.9731, "lr": 0.00042039165790879927, "gnorm": 6.881, "tok_per_s": 174894.8, "load": 1.06982421875}
{"event": "step", "step": 317800, "loss": 5.025, "lr": 0.0004194178829977565, "gnorm": 5.196, "tok_per_s": 174702.7, "load": 1.05859375}
{"event": "step", "step": 318000, "loss": 5.1266, "lr": 0.0004184478799608412, "gnorm": 5.007, "tok_per_s": 174251.5, "load": 8.34130859375}
{"event": "step", "step": 318200, "loss": 4.9971, "lr": 0.00041748165177122335, "gnorm": 4.377, "tok_per_s": 148799.5, "load": 7.32421875}
{"event": "step", "step": 318400, "loss": 4.9961, "lr": 0.0004165192013905017, "gnorm": 5.002, "tok_per_s": 173836.1, "load": 16.66748046875}
{"event": "step", "step": 318600, "loss": 4.9251, "lr": 0.00041556053176869677, "gnorm": 6.565, "tok_per_s": 174662.2, "load": 14.25830078125}
{"event": "step", "step": 318800, "loss": 5.0688, "lr": 0.00041460564584423987, "gnorm": 6.938, "tok_per_s": 174191.3, "load": 12.37939453125}
{"event": "step", "step": 319000, "loss": 5.1783, "lr": 0.00041365454654396455, "gnorm": 6.55, "tok_per_s": 174581.6, "load": 10.85693359375}
{"event": "step", "step": 319200, "loss": 5.0428, "lr": 0.00041270723678309856, "gnorm": 5.917, "tok_per_s": 174677.8, "load": 9.41455078125}
{"event": "step", "step": 319400, "loss": 5.0082, "lr": 0.0004117637194652535, "gnorm": 5.166, "tok_per_s": 174824.9, "load": 8.12060546875}
{"event": "step", "step": 319600, "loss": 5.0601, "lr": 0.00041082399748241827, "gnorm": 11.793, "tok_per_s": 174778.8, "load": 7.10546875}
{"event": "step", "step": 319800, "loss": 5.0755, "lr": 0.000409888073714947, "gnorm": 10.863, "tok_per_s": 174822.3, "load": 6.166015625}
{"event": "step", "step": 320000, "loss": 4.8954, "lr": 0.0004089559510315524, "gnorm": 4.154, "tok_per_s": 174789.6, "load": 5.37109375}
eval 320000 {'bpb': 1.698818205682837, 'nats_per_token': 5.1221414425483855, 'tokens': 16379, 'bytes': 71247}
{"event": "step", "step": 320200, "loss": 4.9189, "lr": 0.0004080276322892971, "gnorm": 10.387, "tok_per_s": 150266.6, "load": 4.69873046875}
{"event": "step", "step": 320400, "loss": 5.0918, "lr": 0.0004071031203335826, "gnorm": 5.408, "tok_per_s": 174828.5, "load": 4.1298828125}
{"event": "step", "step": 320600, "loss": 5.0149, "lr": 0.0004061824179981439, "gnorm": 7.809, "tok_per_s": 174812.7, "load": 3.64794921875}
{"event": "step", "step": 320800, "loss": 4.9718, "lr": 0.00040526552810503825, "gnorm": 5.797, "tok_per_s": 174726.7, "load": 3.435546875}
{"event": "step", "step": 321000, "loss": 4.9052, "lr": 0.0004043524534646372, "gnorm": 5.2, "tok_per_s": 174772.7, "load": 3.060546875}
{"event": "step", "step": 321200, "loss": 4.9208, "lr": 0.0004034431968756188, "gnorm": 8.765, "tok_per_s": 174605.1, "load": 2.74365234375}
{"event": "step", "step": 321400, "loss": 5.0285, "lr": 0.0004025377611249576, "gnorm": 4.301, "tok_per_s": 174695.6, "load": 2.55517578125}
{"event": "step", "step": 321600, "loss": 4.8825, "lr": 0.00040163614898791714, "gnorm": 5.385, "tok_per_s": 174752.8, "load": 2.38916015625}
{"event": "step", "step": 321800, "loss": 5.0984, "lr": 0.00040073836322804105, "gnorm": 5.157, "tok_per_s": 174583.1, "load": 2.17529296875}
{"event": "step", "step": 322000, "loss": 4.9557, "lr": 0.00039984440659714506, "gnorm": 6.618, "tok_per_s": 173335.6, "load": 2.302734375}
{"event": "step", "step": 322200, "loss": 4.924, "lr": 0.0003989542818353075, "gnorm": 6.17, "tok_per_s": 151113.9, "load": 2.17578125}
{"event": "step", "step": 322400, "loss": 4.9414, "lr": 0.0003980679916708626, "gnorm": 5.807, "tok_per_s": 174525.6, "load": 2.07470703125}
{"event": "step", "step": 322600, "loss": 4.9071, "lr": 0.00039718553882038993, "gnorm": 5.495, "tok_per_s": 174855.2, "load": 1.90869140625}
{"event": "step", "step": 322800, "loss": 5.0649, "lr": 0.0003963069259887077, "gnorm": 4.702, "tok_per_s": 174991.5, "load": 1.76806640625}
{"event": "step", "step": 323000, "loss": 4.9454, "lr": 0.0003954321558688649, "gnorm": 6.387, "tok_per_s": 174834.9, "load": 1.70654296875}
{"event": "step", "step": 323200, "loss": 5.195, "lr": 0.0003945612311421312, "gnorm": 10.584, "tok_per_s": 174777.7, "load": 1.59765625}
{"event": "step", "step": 323400, "loss": 5.0862, "lr": 0.0003936941544779895, "gnorm": 5.477, "tok_per_s": 174746.8, "load": 1.5048828125}
{"event": "step", "step": 323600, "loss": 4.8765, "lr": 0.00039283092853412865, "gnorm": 5.132, "tok_per_s": 174832.8, "load": 1.58154296875}
{"event": "step", "step": 323800, "loss": 5.2448, "lr": 0.00039197155595643407, "gnorm": 6.057, "tok_per_s": 174771.4, "load": 1.49169921875}
{"event": "step", "step": 324000, "loss": 4.9256, "lr": 0.0003911160393789807, "gnorm": 7.052, "tok_per_s": 174674.9, "load": 1.41552734375}
{"event": "step", "step": 324200, "loss": 5.0452, "lr": 0.00039026438142402434, "gnorm": 5.57, "tok_per_s": 151047.1, "load": 1.42529296875}
{"event": "step", "step": 324400, "loss": 5.0866, "lr": 0.00038941658470199316, "gnorm": 11.198, "tok_per_s": 174692.2, "load": 1.359375}
{"event": "step", "step": 324600, "loss": 5.026, "lr": 0.0003885726518114809, "gnorm": 7.096, "tok_per_s": 174539.5, "load": 1.3037109375}
{"event": "step", "step": 324800, "loss": 5.1848, "lr": 0.000387732585339237, "gnorm": 8.748, "tok_per_s": 174603.0, "load": 1.2568359375}
{"event": "step", "step": 325000, "loss": 5.0286, "lr": 0.00038689638786016143, "gnorm": 19.009, "tok_per_s": 174504.0, "load": 1.216796875}
eval 325000 {'bpb': 1.7083284500204936, 'nats_per_token': 5.150815974342145, 'tokens': 16379, 'bytes': 71247}
{"event": "step", "step": 325200, "loss": 5.032, "lr": 0.00038606406193729436, "gnorm": 7.316, "tok_per_s": 173445.3, "load": 1.19921875}
{"event": "step", "step": 325400, "loss": 5.0056, "lr": 0.0003852356101218096, "gnorm": 5.89, "tok_per_s": 174708.8, "load": 1.16796875}
{"event": "step", "step": 325600, "loss": 5.1657, "lr": 0.00038441103495300585, "gnorm": 7.093, "tok_per_s": 174564.1, "load": 1.1416015625}
{"event": "step", "step": 325800, "loss": 4.9257, "lr": 0.00038359033895830007, "gnorm": 5.765, "tok_per_s": 174632.2, "load": 1.27978515625}
{"event": "step", "step": 326000, "loss": 4.9813, "lr": 0.0003827735246532185, "gnorm": 14.047, "tok_per_s": 174654.2, "load": 1.236328125}
{"event": "step", "step": 326200, "loss": 5.0332, "lr": 0.0003819605945413901, "gnorm": 5.032, "tok_per_s": 150966.6, "load": 1.19970703125}
{"event": "step", "step": 326400, "loss": 4.905, "lr": 0.000381151551114538, "gnorm": 3.852, "tok_per_s": 174805.9, "load": 1.16845703125}
{"event": "step", "step": 326600, "loss": 5.0565, "lr": 0.0003803463968524724, "gnorm": 6.406, "tok_per_s": 174714.6, "load": 1.14208984375}
{"event": "step", "step": 326800, "loss": 5.0507, "lr": 0.00037954513422308264, "gnorm": 5.635, "tok_per_s": 174662.4, "load": 1.11962890625}
{"event": "step", "step": 327000, "loss": 4.976, "lr": 0.00037874776568232936, "gnorm": 6.831, "tok_per_s": 174770.5, "load": 1.1005859375}
{"event": "step", "step": 327200, "loss": 4.954, "lr": 0.0003779542936742387, "gnorm": 4.324, "tok_per_s": 174706.7, "load": 1.08447265625}
{"event": "step", "step": 327400, "loss": 4.8853, "lr": 0.0003771647206308922, "gnorm": 8.749, "tok_per_s": 174757.7, "load": 1.07763671875}
{"event": "step", "step": 327600, "loss": 4.8107, "lr": 0.0003763790489724208, "gnorm": 5.468, "tok_per_s": 174827.2, "load": 1.0654296875}
{"event": "step", "step": 327800, "loss": 4.9769, "lr": 0.0003755972811069975, "gnorm": 7.422, "tok_per_s": 174527.0, "load": 1.1357421875}
{"event": "step", "step": 328000, "loss": 4.8863, "lr": 0.0003748194194308298, "gnorm": 5.508, "tok_per_s": 174752.1, "load": 1.1142578125}
{"event": "step", "step": 328200, "loss": 4.8742, "lr": 0.0003740454663281523, "gnorm": 4.622, "tok_per_s": 150830.2, "load": 1.09619140625}
{"event": "step", "step": 328400, "loss": 4.9942, "lr": 0.0003732754241712193, "gnorm": 5.239, "tok_per_s": 174928.8, "load": 1.0810546875}
{"event": "step", "step": 328600, "loss": 5.0428, "lr": 0.00037250929532029744, "gnorm": 6.681, "tok_per_s": 175015.1, "load": 1.06787109375}
{"event": "step", "step": 328800, "loss": 4.9686, "lr": 0.00037174708212365896, "gnorm": 4.74, "tok_per_s": 174764.8, "load": 1.056640625}
{"event": "step", "step": 329000, "loss": 5.1365, "lr": 0.0003709887869175735, "gnorm": 10.537, "tok_per_s": 174861.3, "load": 1.04736328125}
{"event": "step", "step": 329200, "loss": 4.785, "lr": 0.00037023441202630255, "gnorm": 4.871, "tok_per_s": 173864.6, "load": 1.34814453125}
{"event": "step", "step": 329400, "loss": 4.9895, "lr": 0.0003694839597620908, "gnorm": 6.349, "tok_per_s": 174674.6, "load": 1.2939453125}
{"event": "step", "step": 329600, "loss": 5.0519, "lr": 0.00036873743242516, "gnorm": 4.12, "tok_per_s": 174781.0, "load": 1.27001953125}
{"event": "step", "step": 329800, "loss": 5.0007, "lr": 0.00036799483230370096, "gnorm": 7.396, "tok_per_s": 174655.2, "load": 1.22802734375}
{"event": "step", "step": 330000, "loss": 4.8853, "lr": 0.00036725616167386765, "gnorm": 5.937, "tok_per_s": 174198.7, "load": 1.2666015625}
eval 330000 {'bpb': 1.686264648353811, 'nats_per_token': 5.0842909556444225, 'tokens': 16379, 'bytes': 71247}
{"event": "step", "step": 330200, "loss": 5.0323, "lr": 0.00036652142279976966, "gnorm": 9.155, "tok_per_s": 148682.1, "load": 1.53369140625}
{"event": "step", "step": 330400, "loss": 4.9466, "lr": 0.00036579061793346504, "gnorm": 5.779, "tok_per_s": 174601.2, "load": 1.451171875}
{"event": "step", "step": 330600, "loss": 4.9626, "lr": 0.00036506374931495394, "gnorm": 15.61, "tok_per_s": 174860.8, "load": 1.45556640625}
{"event": "step", "step": 330800, "loss": 5.0117, "lr": 0.00036434081917217123, "gnorm": 5.342, "tok_per_s": 173565.2, "load": 1.8603515625}
{"event": "step", "step": 331000, "loss": 4.8775, "lr": 0.0003636218297209801, "gnorm": 8.765, "tok_per_s": 174783.2, "load": 1.8017578125}
{"event": "step", "step": 331200, "loss": 5.0722, "lr": 0.00036290678316516474, "gnorm": 6.172, "tok_per_s": 174722.5, "load": 1.751953125}
{"event": "step", "step": 331400, "loss": 5.0013, "lr": 0.00036219568169642446, "gnorm": 7.621, "tok_per_s": 174757.8, "load": 1.6357421875}
{"event": "step", "step": 331600, "loss": 4.9199, "lr": 0.00036148852749436615, "gnorm": 4.636, "tok_per_s": 174771.7, "load": 1.53759765625}
{"event": "step", "step": 331800, "loss": 4.9954, "lr": 0.0003607853227264976, "gnorm": 8.771, "tok_per_s": 174695.9, "load": 1.57470703125}
{"event": "step", "step": 332000, "loss": 4.8815, "lr": 0.0003600860695482215, "gnorm": 5.375, "tok_per_s": 174923.6, "load": 1.48583984375}
{"event": "step", "step": 332200, "loss": 5.2797, "lr": 0.00035939077010282825, "gnorm": 13.297, "tok_per_s": 151428.1, "load": 1.37744140625}
{"event": "step", "step": 332400, "loss": 4.9496, "lr": 0.00035869942652148987, "gnorm": 5.416, "tok_per_s": 174879.3, "load": 1.34716796875}
{"event": "step", "step": 332600, "loss": 4.972, "lr": 0.00035801204092325307, "gnorm": 6.473, "tok_per_s": 175040.3, "load": 1.29345703125}
{"event": "step", "step": 332800, "loss": 4.8758, "lr": 0.0003573286154150329, "gnorm": 12.077, "tok_per_s": 173861.1, "load": 1.482421875}
{"event": "step", "step": 333000, "loss": 4.9343, "lr": 0.00035664915209160613, "gnorm": 6.835, "tok_per_s": 175048.5, "load": 1.48193359375}
{"event": "step", "step": 333200, "loss": 4.8984, "lr": 0.00035597365303560507, "gnorm": 9.434, "tok_per_s": 175009.1, "load": 1.4072265625}
{"event": "step", "step": 333400, "loss": 4.7865, "lr": 0.0003553021203175114, "gnorm": 8.001, "tok_per_s": 174830.5, "load": 1.34423828125}
{"event": "step", "step": 333600, "loss": 5.127, "lr": 0.000354634555995649, "gnorm": 5.706, "tok_per_s": 174853.1, "load": 1.291015625}
{"event": "step", "step": 333800, "loss": 5.0411, "lr": 0.00035397096211617856, "gnorm": 6.211, "tok_per_s": 174714.3, "load": 1.24609375}
{"event": "step", "step": 334000, "loss": 4.7864, "lr": 0.00035331134071309075, "gnorm": 7.504, "tok_per_s": 174678.9, "load": 1.22607421875}
{"event": "step", "step": 334200, "loss": 5.0965, "lr": 0.0003526556938082002, "gnorm": 7.731, "tok_per_s": 151338.7, "load": 1.1748046875}
{"event": "step", "step": 334400, "loss": 4.9862, "lr": 0.00035200402341113924, "gnorm": 5.082, "tok_per_s": 174738.7, "load": 1.29541015625}
{"event": "step", "step": 334600, "loss": 5.1294, "lr": 0.0003513563315193518, "gnorm": 9.92, "tok_per_s": 174764.0, "load": 1.271484375}
{"event": "step", "step": 334800, "loss": 4.8848, "lr": 0.00035071262011808697, "gnorm": 7.475, "tok_per_s": 174968.1, "load": 1.2294921875}
{"event": "step", "step": 335000, "loss": 4.8967, "lr": 0.0003500728911803936, "gnorm": 5.586, "tok_per_s": 174808.6, "load": 1.2744140625}
eval 335000 {'bpb': 1.6966051100574822, 'nats_per_token': 5.115468692762073, 'tokens': 16379, 'bytes': 71247}
{"event": "step", "step": 335200, "loss": 4.8907, "lr": 0.0003494371466671135, "gnorm": 5.119, "tok_per_s": 173743.1, "load": 1.2314453125}
{"event": "step", "step": 335400, "loss": 4.987, "lr": 0.00034880538852687603, "gnorm": 6.985, "tok_per_s": 174906.8, "load": 1.19580078125}
{"event": "step", "step": 335600, "loss": 4.927, "lr": 0.0003481776186960915, "gnorm": 9.009, "tok_per_s": 174906.1, "load": 1.1650390625}
{"event": "step", "step": 335800, "loss": 5.1162, "lr": 0.0003475538390989462, "gnorm": 6.17, "tok_per_s": 174970.6, "load": 1.13916015625}
{"event": "step", "step": 336000, "loss": 4.8647, "lr": 0.00034693405164739537, "gnorm": 3.963, "tok_per_s": 175071.3, "load": 1.11767578125}
{"event": "step", "step": 336200, "loss": 4.9663, "lr": 0.00034631825824115787, "gnorm": 9.95, "tok_per_s": 151419.4, "load": 1.17333984375}
{"event": "step", "step": 336400, "loss": 5.0902, "lr": 0.00034570646076771065, "gnorm": 5.336, "tok_per_s": 175008.5, "load": 1.14599609375}
{"event": "step", "step": 336600, "loss": 4.9526, "lr": 0.00034509866110228246, "gnorm": 6.063, "tok_per_s": 174805.1, "load": 1.13427734375}
{"event": "step", "step": 336800, "loss": 4.891, "lr": 0.00034449486110784853, "gnorm": 5.025, "tok_per_s": 174916.1, "load": 1.11279296875}
{"event": "step", "step": 337000, "loss": 4.81, "lr": 0.00034389506263512434, "gnorm": 4.85, "tok_per_s": 175040.7, "load": 1.09521484375}
{"event": "step", "step": 337200, "loss": 5.0256, "lr": 0.0003432992675225606, "gnorm": 4.406, "tok_per_s": 174903.9, "load": 1.080078125}
{"event": "step", "step": 337400, "loss": 4.9093, "lr": 0.00034270747759633714, "gnorm": 9.029, "tok_per_s": 175003.5, "load": 1.06689453125}
{"event": "step", "step": 337600, "loss": 5.2055, "lr": 0.00034211969467035693, "gnorm": 28.577, "tok_per_s": 174769.9, "load": 1.216796875}
{"event": "step", "step": 337800, "loss": 4.8732, "lr": 0.0003415359205462419, "gnorm": 10.253, "tok_per_s": 174947.0, "load": 1.18310546875}
{"event": "step", "step": 338000, "loss": 4.8889, "lr": 0.00034095615701332596, "gnorm": 6.838, "tok_per_s": 174861.6, "load": 1.23486328125}
{"event": "step", "step": 338200, "loss": 4.8971, "lr": 0.00034038040584865036, "gnorm": 6.902, "tok_per_s": 151460.6, "load": 1.1982421875}
{"event": "step", "step": 338400, "loss": 4.9547, "lr": 0.00033980866881695796, "gnorm": 7.766, "tok_per_s": 174840.8, "load": 1.16748046875}
{"event": "step", "step": 338600, "loss": 4.9246, "lr": 0.00033924094767068757, "gnorm": 6.144, "tok_per_s": 174727.4, "load": 1.14111328125}
{"event": "step", "step": 338800, "loss": 4.9273, "lr": 0.000338677244149969, "gnorm": 9.48, "tok_per_s": 174882.3, "load": 1.12939453125}
{"event": "step", "step": 339000, "loss": 5.0957, "lr": 0.00033811755998261803, "gnorm": 18.962, "tok_per_s": 175100.2, "load": 1.10888671875}
{"event": "step", "step": 339200, "loss": 5.0384, "lr": 0.00033756189688412995, "gnorm": 4.649, "tok_per_s": 175115.4, "load": 1.091796875}
{"event": "step", "step": 339400, "loss": 4.8916, "lr": 0.00033701025655767555, "gnorm": 5.034, "tok_per_s": 174869.8, "load": 1.0771484375}
{"event": "step", "step": 339600, "loss": 5.0787, "lr": 0.00033646264069409494, "gnorm": 12.153, "tok_per_s": 174866.8, "load": 1.06494140625}
{"event": "step", "step": 339800, "loss": 4.9332, "lr": 0.000335919050971893, "gnorm": 8.661, "tok_per_s": 174865.2, "load": 1.0546875}
{"event": "step", "step": 340000, "loss": 4.8713, "lr": 0.0003353794890572345, "gnorm": 5.987, "tok_per_s": 174928.4, "load": 1.0458984375}
eval 340000 {'bpb': 1.6776936981492934, 'nats_per_token': 5.058448508761218, 'tokens': 16379, 'bytes': 71247}
{"event": "step", "step": 340200, "loss": 4.9719, "lr": 0.0003348439566039377, "gnorm": 5.703, "tok_per_s": 150494.6, "load": 1.27294921875}
{"event": "step", "step": 340400, "loss": 5.0272, "lr": 0.00033431245525347036, "gnorm": 7.82, "tok_per_s": 174407.9, "load": 1.6064453125}
{"event": "step", "step": 340600, "loss": 5.1047, "lr": 0.00033378498663494475, "gnorm": 6.797, "tok_per_s": 174860.5, "load": 1.5126953125}
{"event": "step", "step": 340800, "loss": 4.9376, "lr": 0.0003332615523651121, "gnorm": 6.594, "tok_per_s": 174804.0, "load": 1.59375}
{"event": "step", "step": 341000, "loss": 5.0261, "lr": 0.00033274215404835797, "gnorm": 8.015, "tok_per_s": 174764.0, "load": 1.5458984375}
{"event": "step", "step": 341200, "loss": 4.9667, "lr": 0.0003322267932766975, "gnorm": 6.13, "tok_per_s": 174564.4, "load": 1.46142578125}
{"event": "step", "step": 341400, "loss": 5.1073, "lr": 0.00033171547162976975, "gnorm": 11.636, "tok_per_s": 173565.8, "load": 1.85888671875}
{"event": "step", "step": 341600, "loss": 4.9979, "lr": 0.0003312081906748339, "gnorm": 4.311, "tok_per_s": 174254.1, "load": 1.80078125}
{"event": "step", "step": 341800, "loss": 4.884, "lr": 0.00033070495196676347, "gnorm": 9.081, "tok_per_s": 174507.6, "load": 1.67724609375}
{"event": "step", "step": 342000, "loss": 4.8864, "lr": 0.0003302057570480426, "gnorm": 7.033, "tok_per_s": 174554.5, "load": 1.572265625}
{"event": "step", "step": 342200, "loss": 4.9455, "lr": 0.00032971060744876055, "gnorm": 7.693, "tok_per_s": 150955.3, "load": 1.55810546875}
{"event": "step", "step": 342400, "loss": 4.7808, "lr": 0.000329219504686607, "gnorm": 6.962, "tok_per_s": 174806.5, "load": 1.4716796875}
{"event": "step", "step": 342600, "loss": 4.9709, "lr": 0.0003287324502668678, "gnorm": 9.373, "tok_per_s": 174747.6, "load": 1.3984375}
{"event": "step", "step": 342800, "loss": 4.8579, "lr": 0.00032824944568242014, "gnorm": 4.238, "tok_per_s": 174772.5, "load": 1.4169921875}
{"event": "step", "step": 343000, "loss": 5.0189, "lr": 0.0003277704924137279, "gnorm": 13.388, "tok_per_s": 174728.8, "load": 1.42626953125}
{"event": "step", "step": 343200, "loss": 5.0396, "lr": 0.0003272955919288374, "gnorm": 15.444, "tok_per_s": 174600.6, "load": 1.39208984375}
{"event": "step", "step": 343400, "loss": 4.9348, "lr": 0.00032682474568337266, "gnorm": 6.85, "tok_per_s": 173684.8, "load": 10.84716796875}
{"event": "step", "step": 343600, "loss": 4.9367, "lr": 0.00032635795512053094, "gnorm": 6.398, "tok_per_s": 173771.0, "load": 9.56689453125}
{"event": "step", "step": 343800, "loss": 5.0092, "lr": 0.00032589522167107845, "gnorm": 6.05, "tok_per_s": 174446.4, "load": 8.39697265625}
{"event": "step", "step": 344000, "loss": 5.0748, "lr": 0.00032543654675334563, "gnorm": 11.231, "tok_per_s": 174699.7, "load": 7.25927734375}
{"event": "step", "step": 344200, "loss": 5.0835, "lr": 0.0003249819317732234, "gnorm": 6.383, "tok_per_s": 150790.6, "load": 6.3701171875}
{"event": "step", "step": 344400, "loss": 5.1383, "lr": 0.0003245313781241584, "gnorm": 7.949, "tok_per_s": 174762.6, "load": 5.5439453125}
{"event": "step", "step": 344600, "loss": 4.9159, "lr": 0.0003240848871871489, "gnorm": 7.259, "tok_per_s": 174832.3, "load": 4.8447265625}
{"event": "step", "step": 344800, "loss": 4.846, "lr": 0.00032364246033074034, "gnorm": 8.141, "tok_per_s": 174705.0, "load": 4.2529296875}
{"event": "step", "step": 345000, "loss": 4.8716, "lr": 0.000323204098911021, "gnorm": 5.46, "tok_per_s": 174815.8, "load": 4.06005859375}
eval 345000 {'bpb': 1.6619240768068535, 'nats_per_token': 5.010901201614873, 'tokens': 16379, 'bytes': 71247}
{"event": "step", "step": 345200, "loss": 5.0542, "lr": 0.0003227698042716189, "gnorm": 11.06, "tok_per_s": 173540.1, "load": 3.58935546875}
{"event": "step", "step": 345400, "loss": 5.0462, "lr": 0.0003223395777436964, "gnorm": 9.151, "tok_per_s": 174702.0, "load": 3.19091796875}
{"event": "step", "step": 345600, "loss": 5.0542, "lr": 0.0003219134206459467, "gnorm": 9.593, "tok_per_s": 174963.2, "load": 3.01513671875}
{"event": "step", "step": 345800, "loss": 4.9706, "lr": 0.0003214913342845897, "gnorm": 8.848, "tok_per_s": 175280.8, "load": 2.705078125}
{"event": "step", "step": 346000, "loss": 4.9781, "lr": 0.0003210733199533681, "gnorm": 7.641, "tok_per_s": 175222.6, "load": 2.4423828125}
{"event": "step", "step": 346200, "loss": 5.0055, "lr": 0.0003206593789335435, "gnorm": 9.438, "tok_per_s": 151283.6, "load": 2.22021484375}
{"event": "step", "step": 346400, "loss": 5.0989, "lr": 0.0003202495124938921, "gnorm": 7.938, "tok_per_s": 175049.9, "load": 2.03173828125}
{"event": "step", "step": 346600, "loss": 5.0047, "lr": 0.0003198437218907012, "gnorm": 8.559, "tok_per_s": 175077.9, "load": 1.87255859375}
{"event": "step", "step": 346800, "loss": 4.99, "lr": 0.00031944200836776505, "gnorm": 6.48, "tok_per_s": 174970.2, "load": 1.73779296875}
{"event": "step", "step": 347000, "loss": 4.9891, "lr": 0.0003190443731563812, "gnorm": 8.026, "tok_per_s": 174992.7, "load": 1.6240234375}
{"event": "step", "step": 347200, "loss": 4.8722, "lr": 0.0003186508174753472, "gnorm": 4.429, "tok_per_s": 174927.1, "load": 1.52734375}
{"event": "step", "step": 347400, "loss": 5.0046, "lr": 0.00031826134253095555, "gnorm": 5.166, "tok_per_s": 175202.4, "load": 1.44580078125}
{"event": "step", "step": 347600, "loss": 4.9743, "lr": 0.0003178759495169914, "gnorm": 7.376, "tok_per_s": 174861.9, "load": 1.40966796875}
{"event": "step", "step": 347800, "loss": 4.9496, "lr": 0.0003174946396147281, "gnorm": 12.458, "tok_per_s": 174847.5, "load": 1.34619140625}
{"event": "step", "step": 348000, "loss": 4.8617, "lr": 0.000317117413992924, "gnorm": 19.08, "tok_per_s": 174878.2, "load": 1.52099609375}
{"event": "step", "step": 348200, "loss": 5.0457, "lr": 0.00031674427380781837, "gnorm": 18.635, "tok_per_s": 151043.0, "load": 1.4404296875}
{"event": "step", "step": 348400, "loss": 4.7602, "lr": 0.0003163752202031282, "gnorm": 8.451, "tok_per_s": 174864.0, "load": 1.3720703125}
{"event": "step", "step": 348600, "loss": 4.9284, "lr": 0.00031601025431004517, "gnorm": 7.706, "tok_per_s": 174895.2, "load": 1.31396484375}
{"event": "step", "step": 348800, "loss": 4.8847, "lr": 0.00031564937724723105, "gnorm": 6.214, "tok_per_s": 174651.6, "load": 1.33935546875}
{"event": "step", "step": 349000, "loss": 4.9702, "lr": 0.00031529259012081496, "gnorm": 6.277, "tok_per_s": 174859.2, "load": 1.28662109375}
{"event": "step", "step": 349200, "loss": 4.9422, "lr": 0.0003149398940243901, "gnorm": 6.918, "tok_per_s": 174950.5, "load": 1.24169921875}
{"event": "step", "step": 349400, "loss": 5.1017, "lr": 0.00031459129003901003, "gnorm": 21.681, "tok_per_s": 174779.2, "load": 1.2041015625}
{"event": "step", "step": 349600, "loss": 5.0974, "lr": 0.0003142467792331857, "gnorm": 5.82, "tok_per_s": 174931.7, "load": 1.17236328125}
{"event": "step", "step": 349800, "loss": 4.9877, "lr": 0.00031390636266288207, "gnorm": 8.649, "tok_per_s": 174853.2, "load": 1.23876953125}
{"event": "step", "step": 350000, "loss": 4.8936, "lr": 0.00031357004137151423, "gnorm": 9.519, "tok_per_s": 174709.7, "load": 1.20166015625}
eval 350000 {'bpb': 1.6745326866593881, 'nats_per_token': 5.0489176785060135, 'tokens': 16379, 'bytes': 71247}
{"event": "step", "step": 350200, "loss": 5.0705, "lr": 0.0003132378163899456, "gnorm": 38.626, "tok_per_s": 150319.7, "load": 1.22998046875}
{"event": "step", "step": 350400, "loss": 5.1036, "lr": 0.00031290968873648315, "gnorm": 20.166, "tok_per_s": 174612.3, "load": 1.21142578125}
{"event": "step", "step": 350600, "loss": 5.0515, "lr": 0.0003125856594168758, "gnorm": 11.409, "tok_per_s": 174747.4, "load": 1.1787109375}
{"event": "step", "step": 350800, "loss": 5.0582, "lr": 0.0003122657294243101, "gnorm": 7.529, "tok_per_s": 174657.2, "load": 1.15087890625}
{"event": "step", "step": 351000, "loss": 4.8308, "lr": 0.0003119498997394078, "gnorm": 11.735, "tok_per_s": 174695.2, "load": 1.12744140625}
{"event": "step", "step": 351200, "loss": 4.9647, "lr": 0.0003116381713302228, "gnorm": 25.556, "tok_per_s": 174914.1, "load": 1.107421875}
{"event": "step", "step": 351400, "loss": 4.8593, "lr": 0.00031133054515223836, "gnorm": 9.342, "tok_per_s": 174815.4, "load": 1.1708984375}
{"event": "step", "step": 351600, "loss": 5.1388, "lr": 0.00031102702214836335, "gnorm": 10.287, "tok_per_s": 174125.4, "load": 1.3720703125}
{"event": "step", "step": 351800, "loss": 4.9684, "lr": 0.0003107276032489306, "gnorm": 6.948, "tok_per_s": 174915.5, "load": 1.31396484375}
{"event": "step", "step": 352000, "loss": 5.0224, "lr": 0.00031043228937169287, "gnorm": 9.304, "tok_per_s": 174784.1, "load": 1.28857421875}
{"event": "step", "step": 352200, "loss": 4.955, "lr": 0.00031014108142182094, "gnorm": 6.401, "tok_per_s": 151238.9, "load": 1.22412109375}
{"event": "step", "step": 352400, "loss": 5.0774, "lr": 0.0003098539802919002, "gnorm": 17.267, "tok_per_s": 174754.4, "load": 1.189453125}
{"event": "step", "step": 352600, "loss": 5.0278, "lr": 0.0003095709868619281, "gnorm": 8.003, "tok_per_s": 174114.6, "load": 1.57470703125}
{"event": "step", "step": 352800, "loss": 5.0624, "lr": 0.000309292101999312, "gnorm": 9.876, "tok_per_s": 174942.7, "load": 1.87451171875}
{"event": "step", "step": 353000, "loss": 4.9649, "lr": 0.00030901732655886575, "gnorm": 6.032, "tok_per_s": 174772.0, "load": 1.73974609375}
{"event": "step", "step": 353200, "loss": 4.9914, "lr": 0.0003087466613828069, "gnorm": 7.91, "tok_per_s": 174829.2, "load": 1.62548828125}
{"event": "step", "step": 353400, "loss": 5.2257, "lr": 0.0003084801073007554, "gnorm": 17.62, "tok_per_s": 174841.4, "load": 1.52880859375}
{"event": "step", "step": 353600, "loss": 5.1229, "lr": 0.00030821766512972957, "gnorm": 16.43, "tok_per_s": 174957.5, "load": 1.447265625}
{"event": "step", "step": 353800, "loss": 4.9161, "lr": 0.0003079593356741446, "gnorm": 12.826, "tok_per_s": 174791.5, "load": 1.4521484375}
{"event": "step", "step": 354000, "loss": 5.0097, "lr": 0.00030770511972580964, "gnorm": 26.459, "tok_per_s": 167390.5, "load": 1.3818359375}
{"event": "step", "step": 354200, "loss": 4.9243, "lr": 0.0003074550180639255, "gnorm": 10.41, "tok_per_s": 151243.7, "load": 1.32275390625}
{"event": "step", "step": 354400, "loss": 5.1883, "lr": 0.0003072090314550824, "gnorm": 7.184, "tok_per_s": 173916.5, "load": 1.65478515625}
{"event": "step", "step": 354600, "loss": 4.7936, "lr": 0.0003069671606532568, "gnorm": 7.926, "tok_per_s": 174095.5, "load": 1.701171875}
{"event": "step", "step": 354800, "loss": 5.0267, "lr": 0.00030672940639981067, "gnorm": 9.798, "tok_per_s": 174378.4, "load": 1.64501953125}
{"event": "step", "step": 355000, "loss": 5.2051, "lr": 0.00030649576942348754, "gnorm": 8.31, "tok_per_s": 174631.6, "load": 1.6259765625}
eval 355000 {'bpb': 1.694729369335524, 'nats_per_token': 5.109813108629953, 'tokens': 16379, 'bytes': 71247}
{"event": "step", "step": 355200, "loss": 4.8974, "lr": 0.0003062662504404115, "gnorm": 16.688, "tok_per_s": 173538.5, "load": 1.60986328125}
{"event": "step", "step": 355400, "loss": 4.8807, "lr": 0.00030604085015408417, "gnorm": 13.712, "tok_per_s": 174730.2, "load": 1.515625}
{"event": "step", "step": 355600, "loss": 5.0241, "lr": 0.0003058195692553832, "gnorm": 17.927, "tok_per_s": 174951.2, "load": 1.43603515625}
{"event": "step", "step": 355800, "loss": 4.7927, "lr": 0.0003056024084225597, "gnorm": 7.252, "tok_per_s": 174005.7, "load": 1.529296875}
{"event": "step", "step": 356000, "loss": 5.0466, "lr": 0.00030538936832123624, "gnorm": 9.203, "tok_per_s": 174533.9, "load": 1.67578125}
{"event": "step", "step": 356200, "loss": 4.838, "lr": 0.0003051804496044049, "gnorm": 20.264, "tok_per_s": 151432.6, "load": 1.57177734375}
{"event": "step", "step": 356400, "loss": 4.8091, "lr": 0.00030497565291242554, "gnorm": 6.291, "tok_per_s": 174849.2, "load": 1.71826171875}
{"event": "step", "step": 356600, "loss": 5.0837, "lr": 0.0003047749788730231, "gnorm": 21.223, "tok_per_s": 175111.5, "load": 2.48876953125}
{"event": "step", "step": 356800, "loss": 5.0139, "lr": 0.00030457842810128636, "gnorm": 9.789, "tok_per_s": 174801.6, "load": 2.25927734375}
{"event": "step", "step": 357000, "loss": 5.261, "lr": 0.0003043860011996659, "gnorm": 13.097, "tok_per_s": 174905.1, "load": 2.158203125}
{"event": "step", "step": 357200, "loss": 5.287, "lr": 0.00030419769875797187, "gnorm": 8.161, "tok_per_s": 174841.4, "load": 1.97998046875}
{"event": "step", "step": 357400, "loss": 5.0637, "lr": 0.00030401352135337297, "gnorm": 8.823, "tok_per_s": 174822.2, "load": 1.8291015625}
{"event": "step", "step": 357600, "loss": 5.0525, "lr": 0.00030383346955039357, "gnorm": 19.127, "tok_per_s": 174848.0, "load": 1.701171875}
{"event": "step", "step": 357800, "loss": 4.8991, "lr": 0.00030365754390091295, "gnorm": 16.861, "tok_per_s": 174805.8, "load": 1.59326171875}
{"event": "step", "step": 358000, "loss": 5.2359, "lr": 0.00030348574494416347, "gnorm": 12.981, "tok_per_s": 174762.9, "load": 1.50146484375}
{"event": "step", "step": 358200, "loss": 5.1353, "lr": 0.0003033180732067282, "gnorm": 20.977, "tok_per_s": 151367.9, "load": 1.423828125}
{"event": "step", "step": 358400, "loss": 5.0548, "lr": 0.0003031545292025404, "gnorm": 11.482, "tok_per_s": 174586.4, "load": 1.3583984375}
{"event": "step", "step": 358600, "loss": 4.9687, "lr": 0.0003029951134328807, "gnorm": 12.819, "tok_per_s": 174688.5, "load": 1.45751953125}
{"event": "step", "step": 358800, "loss": 4.9291, "lr": 0.0003028398263863767, "gnorm": 15.238, "tok_per_s": 173610.2, "load": 1.38671875}
{"event": "step", "step": 359000, "loss": 4.8913, "lr": 0.000302688668539001, "gnorm": 6.196, "tok_per_s": 173641.7, "load": 1.32666015625}
{"event": "step", "step": 359200, "loss": 4.8658, "lr": 0.00030254164035406933, "gnorm": 16.554, "tok_per_s": 174282.7, "load": 1.30029296875}
{"event": "step", "step": 359400, "loss": 5.0451, "lr": 0.0003023987422822399, "gnorm": 9.381, "tok_per_s": 174269.3, "load": 1.25341796875}
{"event": "step", "step": 359600, "loss": 4.8274, "lr": 0.0003022599747615117, "gnorm": 7.911, "tok_per_s": 174564.1, "load": 1.2138671875}
{"event": "step", "step": 359800, "loss": 5.0288, "lr": 0.0003021253382172229, "gnorm": 14.003, "tok_per_s": 174662.9, "load": 1.18017578125}
{"event": "step", "step": 360000, "loss": 5.0497, "lr": 0.00030199483306204966, "gnorm": 9.12, "tok_per_s": 174537.7, "load": 1.15185546875}
eval 360000 {'bpb': 1.6847576646212166, 'nats_per_token': 5.079747218236767, 'tokens': 16379, 'bytes': 71247}
{"event": "step", "step": 360200, "loss": 4.995, "lr": 0.00030186845969600517, "gnorm": 17.225, "tok_per_s": 153305.4, "load": 1.208984375}
{"event": "step", "step": 360400, "loss": 4.9381, "lr": 0.00030174621850643824, "gnorm": 7.019, "tok_per_s": 176124.2, "load": 1.17626953125}
{"event": "step", "step": 360600, "loss": 4.8193, "lr": 0.00030162810986803196, "gnorm": 9.441, "tok_per_s": 175396.0, "load": 1.14892578125}
{"event": "step", "step": 360800, "loss": 4.8542, "lr": 0.0003015141341428028, "gnorm": 14.757, "tok_per_s": 173967.0, "load": 1.19970703125}
{"event": "step", "step": 361000, "loss": 5.1301, "lr": 0.0003014042916800993, "gnorm": 16.911, "tok_per_s": 173064.3, "load": 1.16845703125}
{"event": "step", "step": 361200, "loss": 4.8622, "lr": 0.0003012985828166011, "gnorm": 10.765, "tok_per_s": 174261.8, "load": 1.22265625}
{"event": "step", "step": 361400, "loss": 5.1708, "lr": 0.0003011970078763179, "gnorm": 7.164, "tok_per_s": 174623.1, "load": 1.20458984375}
{"event": "step", "step": 361600, "loss": 4.8045, "lr": 0.0003010995671705885, "gnorm": 8.237, "tok_per_s": 174961.2, "load": 1.1728515625}
{"event": "step", "step": 361800, "loss": 4.9819, "lr": 0.00030100626099807947, "gnorm": 13.441, "tok_per_s": 174806.6, "load": 1.1455078125}
{"event": "step", "step": 362000, "loss": 4.9382, "lr": 0.0003009170896447852, "gnorm": 6.489, "tok_per_s": 174713.2, "load": 1.19677734375}
{"event": "step", "step": 362200, "loss": 4.9711, "lr": 0.0003008320533840256, "gnorm": 9.095, "tok_per_s": 151315.2, "load": 1.166015625}
{"event": "step", "step": 362400, "loss": 5.052, "lr": 0.000300751152476447, "gnorm": 11.356, "tok_per_s": 174791.5, "load": 1.14013671875}
{"event": "step", "step": 362600, "loss": 4.9305, "lr": 0.00030067438717001953, "gnorm": 17.583, "tok_per_s": 174784.0, "load": 1.43896484375}
{"event": "step", "step": 362800, "loss": 5.0441, "lr": 0.0003006017577000377, "gnorm": 13.891, "tok_per_s": 174572.2, "load": 1.7470703125}
{"event": "step", "step": 363000, "loss": 4.898, "lr": 0.00030053326428911904, "gnorm": 11.477, "tok_per_s": 175150.2, "load": 1.6318359375}
{"event": "step", "step": 363200, "loss": 5.1486, "lr": 0.0003004689071472038, "gnorm": 9.885, "tok_per_s": 175063.0, "load": 1.68212890625}
{"event": "step", "step": 363400, "loss": 4.9271, "lr": 0.00030040868647155365, "gnorm": 8.572, "tok_per_s": 174915.3, "load": 1.5771484375}
{"event": "step", "step": 363600, "loss": 4.8333, "lr": 0.00030035260244675214, "gnorm": 12.805, "tok_per_s": 174820.9, "load": 1.611328125}
{"event": "step", "step": 363800, "loss": 4.9682, "lr": 0.00030030065524470277, "gnorm": 10.656, "tok_per_s": 174422.6, "load": 1.75732421875}
{"event": "step", "step": 364000, "loss": 4.9878, "lr": 0.00030025284502463006, "gnorm": 14.4, "tok_per_s": 173922.4, "load": 2.015625}
{"event": "step", "step": 364200, "loss": 4.9755, "lr": 0.00030020917193307754, "gnorm": 10.294, "tok_per_s": 150886.6, "load": 1.85888671875}
{"event": "step", "step": 364400, "loss": 5.1409, "lr": 0.0003001696361039082, "gnorm": 17.913, "tok_per_s": 175079.0, "load": 1.7265625}
{"event": "step", "step": 364600, "loss": 5.0297, "lr": 0.00030013423765830387, "gnorm": 32.11, "tok_per_s": 174956.8, "load": 1.6142578125}
{"event": "step", "step": 364800, "loss": 4.9346, "lr": 0.0003001029767047649, "gnorm": 7.09, "tok_per_s": 174972.9, "load": 1.59375}
{"event": "step", "step": 365000, "loss": 4.9648, "lr": 0.0003000758533391096, "gnorm": 11.506, "tok_per_s": 174769.7, "load": 1.501953125}
eval 365000 {'bpb': 1.6819841564541111, 'nats_per_token': 5.071384757158556, 'tokens': 16379, 'bytes': 71247}
{"event": "step", "step": 365200, "loss": 4.8655, "lr": 0.00030005286764447415, "gnorm": 8.423, "tok_per_s": 173046.5, "load": 1.96630859375}
{"event": "step", "step": 365400, "loss": 5.0493, "lr": 0.0003000340196913123, "gnorm": 20.567, "tok_per_s": 174795.1, "load": 1.8916015625}
{"event": "step", "step": 365600, "loss": 5.0676, "lr": 0.00030001930953739523, "gnorm": 16.672, "tok_per_s": 174384.9, "load": 1.75390625}
{"event": "step", "step": 365800, "loss": 5.2197, "lr": 0.00030000873722781123, "gnorm": 14.271, "tok_per_s": 174189.6, "load": 1.693359375}
{"event": "step", "step": 366000, "loss": 5.1574, "lr": 0.0003000023027949656, "gnorm": 36.629, "tok_per_s": 174455.6, "load": 1.58642578125}
{"event": "step", "step": 366200, "loss": 5.109, "lr": 0.0003000000062585807, "gnorm": 24.44, "tok_per_s": 151308.4, "load": 1.576171875}
{"event": "step", "step": 366210, "loss": 5.1367, "lr": 0.0003000000000517238, "gnorm": 24.633, "tok_per_s": 3738435.7, "load": 1.52978515625}
FINAL vast_VS_sdmread_d512_s0_3B {"bpb": 1.4854659491147606, "nats_per_token": 4.99094028984498, "tokens": 995323, "bytes": 4824566}
NEXT -> python3 track4_sdmllm_evaluate_floors_and_samples.py
vast_VS_sdmread_d512_s0_3B step 366210 tensors 25
END 2026-10-01T16:29:23Z rc=0
