bash: warning: setlocale: LC_ALL: cannot change locale (en_AU.UTF-8)
{"event": "sdmonly", "arm": "qwen", "d_a": 256, "n_sub": 256, "heads": 1, "readout_f": 0, "share_store": false, "dense_f": null, "sched": "cosine", "wsd_decay": 0.2, "untie": false, "hop_mlp": 0, "ng_rows": 0, "ng_orders": [2, 3], "conj": 0, "rt_write": 0, "rt_buckets": 4096, "rt_shuffle": false, "graded": false, "mix_layers": 0, "mix_heads": 4, "mix_n_sub": 64, "mix_d_a": 64, "mix_k": 32, "mix_decays": [1.0, 0.999, 0.99, 0.9], "mix_f": 0, "mix_chunk": 256, "store_opt": "dense", "body_opt": "muon", "muon_lr": 0.02, "muon_wd": 0.0}
/root/settle/code_w7/track4_sdmllm_train_one_arm.py:229: UserWarning: Converting a tensor with requires_grad=True to a scalar may lead to unexpected behavior.
Consider using tensor.detach() first. (Triggered internally at /pytorch/torch/csrc/autograd/generated/python_variable_methods.cpp:835.)
  rec = {"event": "step", "step": step, "loss": round(float(loss), 4), "lr": lr, "gnorm": round(float(gn), 3),
{"run": "w11_mq_d768_1600M", "arm": "qwen", "seed": 0, "cfg": {"d": 768, "T": 256, "seed": 0, "M": 65536, "k": 32, "hops": 4, "softness": 0.25, "n_layer": 4, "M_big": 0, "value_init": "zero", "qgrad": 0.0, "ngram_orders": [1], "f": 2048, "train_name": "train_big", "n_back": 8, "decays": [0.5, 0.8, 0.9, 0.97, 0.99], "d_a": 256, "n_sub": 256, "heads": 1, "readout_f": 0, "share_store": false, "dense_f": null, "sched": "cosine", "wsd_decay": 0.2, "untie": false, "hop_mlp": 0, "ng_rows": 0, "ng_orders": [2, 3], "conj": 0, "rt_write": 0, "rt_buckets": 4096, "rt_shuffle": false, "graded": false, "mix_layers": 0, "mix_heads": 4, "mix_n_sub": 64, "mix_d_a": 64, "mix_k": 32, "mix_decays": [1.0, 0.999, 0.99, 0.9], "mix_f": 0, "mix_chunk": 256}, "B": 32, "T": 256, "tokens_target": 1600000000, "steps": 195312, "lr": 0.003, "loss_path": "chunked", "store_lr_mult": 3.0, "store_wd": 0.0, "params": {"embedding": 99287040, "non_embedding_trainable": 25960704, "frozen_store_values": 0, "total_trainable": 125247744}, "flops_per_token_fwd": {"head": 198574080, "body": 53477376.0, "total": 252051456.0}, "device": "cuda", "stamp_start": {"utc": "2026-10-03T17:14:15Z", "load": [7.2, 6.58, 6.84], "ncpu": 256, "powermode": "unknown", "torch": "2.8.0+cu128", "host": "f866f89214cd", "cuda": "12.8", "gpu": "NVIDIA GeForce RTX 5090", "driver": "580.173.02\n580.173.02", "mem_available_gb": 471.3}, "resumed_from_step": 0, "init": null, "train_name": "train_big"}
{"event": "step", "step": 100, "loss": 9.1393, "lr": 7.680491551459293e-05, "gnorm": 5.165, "tok_per_s": 30198.0, "load": 7.53857421875}
{"event": "step", "step": 200, "loss": 7.3222, "lr": 0.00015360983102918587, "gnorm": 2.173, "tok_per_s": 117390.3, "load": 7.68994140625}
{"event": "step", "step": 300, "loss": 6.6307, "lr": 0.0002304147465437788, "gnorm": 2.002, "tok_per_s": 117364.4, "load": 7.63427734375}
{"event": "step", "step": 400, "loss": 6.3376, "lr": 0.00030721966205837174, "gnorm": 1.913, "tok_per_s": 117066.5, "load": 7.66357421875}
{"event": "step", "step": 500, "loss": 6.1781, "lr": 0.00038402457757296467, "gnorm": 1.902, "tok_per_s": 117120.0, "load": 7.47509765625}
{"event": "step", "step": 600, "loss": 5.8368, "lr": 0.0004608294930875576, "gnorm": 1.556, "tok_per_s": 117011.9, "load": 7.27685546875}
{"event": "step", "step": 700, "loss": 5.7913, "lr": 0.0005376344086021505, "gnorm": 1.438, "tok_per_s": 116935.3, "load": 7.30810546875}
{"event": "step", "step": 800, "loss": 5.7781, "lr": 0.0006144393241167435, "gnorm": 1.349, "tok_per_s": 116882.4, "load": 7.283203125}
{"event": "step", "step": 900, "loss": 5.5698, "lr": 0.0006912442396313364, "gnorm": 1.423, "tok_per_s": 116857.3, "load": 7.10009765625}
{"event": "step", "step": 1000, "loss": 5.7595, "lr": 0.0007680491551459293, "gnorm": 1.538, "tok_per_s": 116777.9, "load": 6.9375}
{"event": "step", "step": 1100, "loss": 5.2409, "lr": 0.0008448540706605224, "gnorm": 1.54, "tok_per_s": 116746.5, "load": 6.94287109375}
{"event": "step", "step": 1200, "loss": 5.4503, "lr": 0.0009216589861751152, "gnorm": 1.873, "tok_per_s": 116740.3, "load": 6.7236328125}
{"event": "step", "step": 1300, "loss": 5.4314, "lr": 0.0009984639016897081, "gnorm": 2.056, "tok_per_s": 116657.7, "load": 6.66552734375}
{"event": "step", "step": 1400, "loss": 5.2725, "lr": 0.001075268817204301, "gnorm": 2.683, "tok_per_s": 116679.7, "load": 6.61181640625}
{"event": "step", "step": 1500, "loss": 5.3462, "lr": 0.001152073732718894, "gnorm": 2.297, "tok_per_s": 116645.9, "load": 6.51123046875}
{"event": "step", "step": 1600, "loss": 5.2328, "lr": 0.001228878648233487, "gnorm": 2.621, "tok_per_s": 116629.1, "load": 6.39013671875}
{"event": "step", "step": 1700, "loss": 5.062, "lr": 0.00130568356374808, "gnorm": 2.691, "tok_per_s": 116608.5, "load": 6.85302734375}
{"event": "step", "step": 1800, "loss": 5.1503, "lr": 0.0013824884792626728, "gnorm": 2.924, "tok_per_s": 116607.6, "load": 6.865234375}
{"event": "step", "step": 1900, "loss": 5.268, "lr": 0.0014592933947772657, "gnorm": 2.714, "tok_per_s": 116602.6, "load": 6.7958984375}
{"event": "step", "step": 2000, "loss": 5.3458, "lr": 0.0015360983102918587, "gnorm": 2.41, "tok_per_s": 116558.3, "load": 6.6728515625}
{"event": "step", "step": 2100, "loss": 5.3204, "lr": 0.0016129032258064516, "gnorm": 2.408, "tok_per_s": 116558.8, "load": 6.61865234375}
{"event": "step", "step": 2200, "loss": 5.1962, "lr": 0.0016897081413210448, "gnorm": 2.493, "tok_per_s": 116530.3, "load": 6.9052734375}
{"event": "step", "step": 2300, "loss": 5.044, "lr": 0.0017665130568356375, "gnorm": 2.407, "tok_per_s": 116409.9, "load": 6.9130859375}
{"event": "step", "step": 2400, "loss": 5.0778, "lr": 0.0018433179723502304, "gnorm": 2.006, "tok_per_s": 116344.2, "load": 6.85302734375}
{"event": "step", "step": 2500, "loss": 5.1765, "lr": 0.0019201228878648233, "gnorm": 1.973, "tok_per_s": 116563.0, "load": 6.9453125}
{"event": "step", "step": 2600, "loss": 4.96, "lr": 0.0019969278033794163, "gnorm": 1.07, "tok_per_s": 116549.0, "load": 6.869140625}
{"event": "step", "step": 2700, "loss": 5.193, "lr": 0.002073732718894009, "gnorm": 0.792, "tok_per_s": 116560.9, "load": 7.0625}
{"event": "step", "step": 2800, "loss": 5.0091, "lr": 0.002150537634408602, "gnorm": 0.604, "tok_per_s": 116464.7, "load": 7.2978515625}
{"event": "step", "step": 2900, "loss": 5.0473, "lr": 0.0022273425499231953, "gnorm": 0.579, "tok_per_s": 116539.5, "load": 7.0244140625}
{"event": "step", "step": 3000, "loss": 5.2306, "lr": 0.002304147465437788, "gnorm": 0.544, "tok_per_s": 116540.9, "load": 7.02197265625}
{"event": "step", "step": 3100, "loss": 4.8409, "lr": 0.002380952380952381, "gnorm": 0.539, "tok_per_s": 116481.0, "load": 7.1806640625}
{"event": "step", "step": 3200, "loss": 5.0072, "lr": 0.002457757296466974, "gnorm": 0.515, "tok_per_s": 116548.6, "load": 7.28125}
{"event": "step", "step": 3300, "loss": 5.1094, "lr": 0.002534562211981567, "gnorm": 0.528, "tok_per_s": 116533.5, "load": 7.4189453125}
{"event": "step", "step": 3400, "loss": 5.0751, "lr": 0.00261136712749616, "gnorm": 0.445, "tok_per_s": 116522.3, "load": 8.54638671875}
{"event": "step", "step": 3500, "loss": 5.0117, "lr": 0.002688172043010753, "gnorm": 0.426, "tok_per_s": 116576.9, "load": 8.8232421875}
{"event": "step", "step": 3600, "loss": 5.1694, "lr": 0.0027649769585253456, "gnorm": 0.434, "tok_per_s": 116547.7, "load": 10.19873046875}
{"event": "step", "step": 3700, "loss": 4.8689, "lr": 0.0028417818740399383, "gnorm": 0.394, "tok_per_s": 116540.1, "load": 9.86669921875}
{"event": "step", "step": 3800, "loss": 5.0104, "lr": 0.0029185867895545315, "gnorm": 0.399, "tok_per_s": 116552.1, "load": 9.95751953125}
{"event": "step", "step": 3900, "loss": 4.8663, "lr": 0.0029953917050691246, "gnorm": 0.388, "tok_per_s": 116521.9, "load": 10.13671875}
{"event": "step", "step": 4000, "loss": 5.1414, "lr": 0.002999998427255279, "gnorm": 0.373, "tok_per_s": 116458.1, "load": 10.12548828125}
{"event": "step", "step": 4100, "loss": 5.0147, "lr": 0.002999993226600707, "gnorm": 0.353, "tok_per_s": 116488.7, "load": 9.955078125}
{"event": "step", "step": 4200, "loss": 4.9326, "lr": 0.0029999843891400707, "gnorm": 0.381, "tok_per_s": 116552.5, "load": 9.8017578125}
{"event": "step", "step": 4300, "loss": 4.847, "lr": 0.0029999719148971794, "gnorm": 0.331, "tok_per_s": 116446.0, "load": 9.6572265625}
{"event": "step", "step": 4400, "loss": 4.8749, "lr": 0.0029999558039056373, "gnorm": 0.342, "tok_per_s": 116513.2, "load": 9.24853515625}
{"event": "step", "step": 4500, "loss": 4.9685, "lr": 0.002999936056208846, "gnorm": 0.343, "tok_per_s": 116471.1, "load": 9.1484375}
{"event": "step", "step": 4600, "loss": 4.9444, "lr": 0.002999912671860006, "gnorm": 0.34, "tok_per_s": 116539.8, "load": 9.216796875}
{"event": "step", "step": 4700, "loss": 4.9828, "lr": 0.0029998856509221125, "gnorm": 0.334, "tok_per_s": 116516.9, "load": 9.25732421875}
{"event": "step", "step": 4800, "loss": 4.9796, "lr": 0.0029998549934679587, "gnorm": 0.328, "tok_per_s": 116509.1, "load": 9.39697265625}
{"event": "step", "step": 4900, "loss": 4.8977, "lr": 0.0029998206995801332, "gnorm": 0.333, "tok_per_s": 116457.7, "load": 9.4091796875}
{"event": "step", "step": 5000, "loss": 4.9056, "lr": 0.0029997827693510233, "gnorm": 0.349, "tok_per_s": 116422.2, "load": 9.2158203125}
{"event": "step", "step": 5100, "loss": 4.825, "lr": 0.0029997412028828106, "gnorm": 0.334, "tok_per_s": 87629.3, "load": 9.18212890625}
{"event": "step", "step": 5200, "loss": 4.8019, "lr": 0.0029996960002874715, "gnorm": 0.324, "tok_per_s": 116472.0, "load": 9.00732421875}
{"event": "step", "step": 5300, "loss": 4.6136, "lr": 0.002999647161686781, "gnorm": 0.293, "tok_per_s": 116521.1, "load": 9.24609375}
{"event": "step", "step": 5400, "loss": 4.7268, "lr": 0.002999594687212306, "gnorm": 0.324, "tok_per_s": 116567.9, "load": 9.38671875}
{"event": "step", "step": 5500, "loss": 4.5549, "lr": 0.0029995385770054113, "gnorm": 0.295, "tok_per_s": 116466.5, "load": 9.5673828125}
{"event": "step", "step": 5600, "loss": 4.7642, "lr": 0.0029994788312172537, "gnorm": 0.31, "tok_per_s": 116600.5, "load": 9.361328125}
{"event": "step", "step": 5700, "loss": 4.6986, "lr": 0.0029994154500087846, "gnorm": 0.297, "tok_per_s": 116429.7, "load": 9.251953125}
{"event": "step", "step": 5800, "loss": 4.7839, "lr": 0.0029993484335507506, "gnorm": 0.307, "tok_per_s": 116464.5, "load": 8.677734375}
{"event": "step", "step": 5900, "loss": 4.989, "lr": 0.0029992777820236896, "gnorm": 0.433, "tok_per_s": 116508.7, "load": 8.54296875}
{"event": "step", "step": 6000, "loss": 4.7235, "lr": 0.0029992034956179327, "gnorm": 0.313, "tok_per_s": 116527.8, "load": 8.4658203125}
{"event": "step", "step": 6100, "loss": 4.6877, "lr": 0.0029991255745336035, "gnorm": 0.314, "tok_per_s": 116562.4, "load": 8.26806640625}
{"event": "step", "step": 6200, "loss": 4.869, "lr": 0.0029990440189806176, "gnorm": 0.325, "tok_per_s": 116472.4, "load": 7.92626953125}
{"event": "step", "step": 6300, "loss": 4.8527, "lr": 0.00299895882917868, "gnorm": 0.323, "tok_per_s": 116397.0, "load": 8.07861328125}
{"event": "step", "step": 6400, "loss": 4.5968, "lr": 0.002998870005357288, "gnorm": 0.289, "tok_per_s": 116543.9, "load": 7.9921875}
{"event": "step", "step": 6500, "loss": 4.4642, "lr": 0.002998777547755728, "gnorm": 0.274, "tok_per_s": 116535.9, "load": 8.275390625}
{"event": "step", "step": 6600, "loss": 4.5679, "lr": 0.0029986814566230753, "gnorm": 0.307, "tok_per_s": 116536.6, "load": 8.0927734375}
{"event": "step", "step": 6700, "loss": 4.6771, "lr": 0.0029985817322181942, "gnorm": 0.306, "tok_per_s": 116520.6, "load": 8.16552734375}
{"event": "step", "step": 6800, "loss": 4.697, "lr": 0.002998478374809737, "gnorm": 0.276, "tok_per_s": 116529.8, "load": 7.98583984375}
{"event": "step", "step": 6900, "loss": 4.6651, "lr": 0.0029983713846761413, "gnorm": 0.295, "tok_per_s": 116524.8, "load": 8.0673828125}
{"event": "step", "step": 7000, "loss": 4.5776, "lr": 0.0029982607621056347, "gnorm": 0.303, "tok_per_s": 116535.9, "load": 8.34521484375}
{"event": "step", "step": 7100, "loss": 4.5041, "lr": 0.002998146507396226, "gnorm": 0.294, "tok_per_s": 116538.6, "load": 8.55810546875}
{"event": "step", "step": 7200, "loss": 4.5006, "lr": 0.002998028620855713, "gnorm": 0.286, "tok_per_s": 116479.6, "load": 8.51318359375}
{"event": "step", "step": 7300, "loss": 4.7081, "lr": 0.002997907102801674, "gnorm": 0.329, "tok_per_s": 116403.6, "load": 8.58837890625}
{"event": "step", "step": 7400, "loss": 4.5621, "lr": 0.002997781953561472, "gnorm": 0.3, "tok_per_s": 116556.8, "load": 8.62158203125}
{"event": "step", "step": 7500, "loss": 4.7059, "lr": 0.0029976531734722534, "gnorm": 0.302, "tok_per_s": 116527.5, "load": 8.43310546875}
{"event": "step", "step": 7600, "loss": 4.5595, "lr": 0.0029975207628809425, "gnorm": 0.282, "tok_per_s": 116523.0, "load": 8.39794921875}
{"event": "step", "step": 7700, "loss": 4.5907, "lr": 0.0029973847221442477, "gnorm": 0.309, "tok_per_s": 116534.4, "load": 8.20556640625}
{"event": "step", "step": 7800, "loss": 4.5225, "lr": 0.0029972450516286536, "gnorm": 0.297, "tok_per_s": 116567.6, "load": 8.18701171875}
{"event": "step", "step": 7900, "loss": 4.6507, "lr": 0.0029971017517104264, "gnorm": 0.282, "tok_per_s": 116561.0, "load": 8.01171875}
{"event": "step", "step": 8000, "loss": 4.6216, "lr": 0.002996954822775607, "gnorm": 0.277, "tok_per_s": 116519.5, "load": 7.7890625}
{"event": "step", "step": 8100, "loss": 4.4899, "lr": 0.0029968042652200135, "gnorm": 0.273, "tok_per_s": 116544.2, "load": 7.88623046875}
{"event": "step", "step": 8200, "loss": 4.4208, "lr": 0.00299665007944924, "gnorm": 0.278, "tok_per_s": 116557.4, "load": 7.81494140625}
{"event": "step", "step": 8300, "loss": 4.5154, "lr": 0.0029964922658786545, "gnorm": 0.294, "tok_per_s": 116575.0, "load": 7.78271484375}
{"event": "step", "step": 8400, "loss": 4.5221, "lr": 0.002996330824933398, "gnorm": 0.336, "tok_per_s": 116560.5, "load": 8.04052734375}
{"event": "step", "step": 8500, "loss": 4.5262, "lr": 0.002996165757048382, "gnorm": 0.285, "tok_per_s": 116528.5, "load": 7.94775390625}
{"event": "step", "step": 8600, "loss": 4.6134, "lr": 0.002995997062668292, "gnorm": 0.327, "tok_per_s": 116543.5, "load": 7.87158203125}
{"event": "step", "step": 8700, "loss": 4.4705, "lr": 0.0029958247422475805, "gnorm": 0.292, "tok_per_s": 116568.5, "load": 8.0458984375}
{"event": "step", "step": 8800, "loss": 4.5904, "lr": 0.002995648796250468, "gnorm": 0.322, "tok_per_s": 116500.0, "load": 7.8017578125}
{"event": "step", "step": 8900, "loss": 4.6189, "lr": 0.002995469225150945, "gnorm": 0.304, "tok_per_s": 116544.5, "load": 7.6572265625}
{"event": "step", "step": 9000, "loss": 4.5451, "lr": 0.002995286029432764, "gnorm": 0.298, "tok_per_s": 116543.7, "load": 7.7841796875}
{"event": "step", "step": 9100, "loss": 4.6561, "lr": 0.0029950992095894454, "gnorm": 0.295, "tok_per_s": 116581.0, "load": 7.8017578125}
{"event": "step", "step": 9200, "loss": 4.5542, "lr": 0.0029949087661242718, "gnorm": 0.324, "tok_per_s": 116545.2, "load": 7.84521484375}
{"event": "step", "step": 9300, "loss": 4.4464, "lr": 0.002994714699550286, "gnorm": 0.279, "tok_per_s": 116573.3, "load": 7.85791015625}
{"event": "step", "step": 9400, "loss": 4.6166, "lr": 0.0029945170103902923, "gnorm": 0.297, "tok_per_s": 116558.1, "load": 8.18994140625}
{"event": "step", "step": 9500, "loss": 4.7386, "lr": 0.0029943156991768553, "gnorm": 0.333, "tok_per_s": 116577.4, "load": 7.84619140625}
{"event": "step", "step": 9600, "loss": 4.5982, "lr": 0.0029941107664522956, "gnorm": 0.278, "tok_per_s": 116589.9, "load": 8.01904296875}
{"event": "step", "step": 9700, "loss": 4.5843, "lr": 0.002993902212768691, "gnorm": 0.311, "tok_per_s": 116583.3, "load": 7.7080078125}
{"event": "step", "step": 9800, "loss": 4.4815, "lr": 0.0029936900386878717, "gnorm": 0.299, "tok_per_s": 116571.5, "load": 7.65087890625}
{"event": "step", "step": 9900, "loss": 4.4226, "lr": 0.002993474244781425, "gnorm": 0.302, "tok_per_s": 116578.2, "load": 7.5986328125}
{"event": "step", "step": 10000, "loss": 4.4544, "lr": 0.002993254831630686, "gnorm": 0.274, "tok_per_s": 116541.8, "load": 7.66064453125}
{"event": "step", "step": 10100, "loss": 4.4803, "lr": 0.0029930317998267423, "gnorm": 0.294, "tok_per_s": 84368.2, "load": 7.57177734375}
{"event": "step", "step": 10200, "loss": 4.6553, "lr": 0.0029928051499704287, "gnorm": 0.283, "tok_per_s": 116697.6, "load": 7.6064453125}
{"event": "step", "step": 10300, "loss": 4.4152, "lr": 0.0029925748826723276, "gnorm": 0.381, "tok_per_s": 116658.8, "load": 7.58056640625}
{"event": "step", "step": 10400, "loss": 4.4302, "lr": 0.0029923409985527657, "gnorm": 0.308, "tok_per_s": 116535.7, "load": 7.9345703125}
{"event": "step", "step": 10500, "loss": 4.7095, "lr": 0.002992103498241814, "gnorm": 0.303, "tok_per_s": 116339.2, "load": 7.93994140625}
{"event": "step", "step": 10600, "loss": 4.4542, "lr": 0.0029918623823792846, "gnorm": 0.284, "tok_per_s": 116431.2, "load": 8.18310546875}
{"event": "step", "step": 10700, "loss": 4.605, "lr": 0.0029916176516147307, "gnorm": 0.315, "tok_per_s": 116523.0, "load": 8.087890625}
{"event": "step", "step": 10800, "loss": 4.7187, "lr": 0.0029913693066074424, "gnorm": 0.283, "tok_per_s": 116520.0, "load": 8.1416015625}
{"event": "step", "step": 10900, "loss": 4.4763, "lr": 0.0029911173480264485, "gnorm": 0.291, "tok_per_s": 116427.8, "load": 8.21044921875}
{"event": "step", "step": 11000, "loss": 4.5767, "lr": 0.0029908617765505106, "gnorm": 0.348, "tok_per_s": 116522.9, "load": 8.193359375}
{"event": "step", "step": 11100, "loss": 4.6219, "lr": 0.0029906025928681237, "gnorm": 0.313, "tok_per_s": 116413.5, "load": 8.5390625}
{"event": "step", "step": 11200, "loss": 4.4796, "lr": 0.002990339797677514, "gnorm": 0.283, "tok_per_s": 116268.1, "load": 8.576171875}
{"event": "step", "step": 11300, "loss": 4.5162, "lr": 0.0029900733916866378, "gnorm": 0.31, "tok_per_s": 116503.8, "load": 8.64794921875}
{"event": "step", "step": 11400, "loss": 4.399, "lr": 0.0029898033756131774, "gnorm": 0.285, "tok_per_s": 116448.7, "load": 8.435546875}
{"event": "step", "step": 11500, "loss": 4.2929, "lr": 0.0029895297501845407, "gnorm": 0.26, "tok_per_s": 116401.7, "load": 8.400390625}
{"event": "step", "step": 11600, "loss": 4.4315, "lr": 0.0029892525161378603, "gnorm": 0.269, "tok_per_s": 116513.0, "load": 8.431640625}
{"event": "step", "step": 11700, "loss": 4.7109, "lr": 0.0029889716742199876, "gnorm": 0.301, "tok_per_s": 116473.0, "load": 8.4775390625}
{"event": "step", "step": 11800, "loss": 4.5068, "lr": 0.0029886872251874965, "gnorm": 0.269, "tok_per_s": 116129.2, "load": 8.55126953125}
{"event": "step", "step": 11900, "loss": 4.6364, "lr": 0.0029883991698066758, "gnorm": 0.354, "tok_per_s": 116084.1, "load": 8.58740234375}
{"event": "step", "step": 12000, "loss": 4.641, "lr": 0.0029881075088535308, "gnorm": 0.319, "tok_per_s": 116347.3, "load": 8.78076171875}
{"event": "step", "step": 12100, "loss": 4.3958, "lr": 0.00298781224311378, "gnorm": 0.295, "tok_per_s": 116522.8, "load": 9.20849609375}
{"event": "step", "step": 12200, "loss": 4.4456, "lr": 0.002987513373382852, "gnorm": 0.276, "tok_per_s": 116473.2, "load": 9.27197265625}
{"event": "step", "step": 12300, "loss": 4.5978, "lr": 0.0029872109004658864, "gnorm": 0.268, "tok_per_s": 116542.4, "load": 9.39013671875}
{"event": "step", "step": 12400, "loss": 4.4125, "lr": 0.0029869048251777272, "gnorm": 0.263, "tok_per_s": 116211.4, "load": 9.27880859375}
{"event": "step", "step": 12500, "loss": 4.7189, "lr": 0.002986595148342924, "gnorm": 0.291, "tok_per_s": 116101.9, "load": 9.4970703125}
{"event": "step", "step": 12600, "loss": 4.3618, "lr": 0.0029862818707957297, "gnorm": 0.29, "tok_per_s": 115757.5, "load": 10.12890625}
{"event": "step", "step": 12700, "loss": 4.5393, "lr": 0.002985964993380096, "gnorm": 0.35, "tok_per_s": 116221.7, "load": 9.9580078125}
{"event": "step", "step": 12800, "loss": 4.389, "lr": 0.0029856445169496727, "gnorm": 0.27, "tok_per_s": 116543.1, "load": 9.42236328125}
{"event": "step", "step": 12900, "loss": 4.3497, "lr": 0.002985320442367805, "gnorm": 0.261, "tok_per_s": 116531.8, "load": 9.46875}
{"event": "step", "step": 13000, "loss": 4.5257, "lr": 0.002984992770507533, "gnorm": 0.29, "tok_per_s": 116534.2, "load": 8.93505859375}
{"event": "step", "step": 13100, "loss": 4.4165, "lr": 0.0029846615022515845, "gnorm": 0.341, "tok_per_s": 116564.2, "load": 8.85986328125}
{"event": "step", "step": 13200, "loss": 4.5951, "lr": 0.002984326638492379, "gnorm": 0.375, "tok_per_s": 116584.6, "load": 8.63037109375}
{"event": "step", "step": 13300, "loss": 4.52, "lr": 0.0029839881801320203, "gnorm": 0.343, "tok_per_s": 116573.9, "load": 8.2255859375}
{"event": "step", "step": 13400, "loss": 4.2782, "lr": 0.0029836461280822965, "gnorm": 0.303, "tok_per_s": 116572.9, "load": 8.2880859375}
{"event": "step", "step": 13500, "loss": 4.6088, "lr": 0.002983300483264676, "gnorm": 0.301, "tok_per_s": 116559.1, "load": 8.08935546875}
{"event": "step", "step": 13600, "loss": 4.3609, "lr": 0.002982951246610307, "gnorm": 0.295, "tok_per_s": 116569.4, "load": 8.32275390625}
{"event": "step", "step": 13700, "loss": 4.4752, "lr": 0.002982598419060013, "gnorm": 0.293, "tok_per_s": 116555.2, "load": 8.296875}
{"event": "step", "step": 13800, "loss": 4.6706, "lr": 0.0029822420015642925, "gnorm": 0.323, "tok_per_s": 116559.3, "load": 8.76708984375}
{"event": "step", "step": 13900, "loss": 4.6021, "lr": 0.002981881995083314, "gnorm": 0.289, "tok_per_s": 116595.2, "load": 8.9462890625}
{"event": "step", "step": 14000, "loss": 4.376, "lr": 0.0029815184005869137, "gnorm": 0.338, "tok_per_s": 116590.6, "load": 9.275390625}
{"event": "step", "step": 14100, "loss": 4.5091, "lr": 0.0029811512190545965, "gnorm": 0.376, "tok_per_s": 116625.1, "load": 9.2529296875}
{"event": "step", "step": 14200, "loss": 4.377, "lr": 0.0029807804514755273, "gnorm": 0.273, "tok_per_s": 116702.5, "load": 9.39306640625}
{"event": "step", "step": 14300, "loss": 4.533, "lr": 0.0029804060988485345, "gnorm": 0.338, "tok_per_s": 116618.2, "load": 9.326171875}
{"event": "step", "step": 14400, "loss": 4.5001, "lr": 0.002980028162182102, "gnorm": 0.31, "tok_per_s": 116519.5, "load": 9.46044921875}
{"event": "step", "step": 14500, "loss": 4.5043, "lr": 0.002979646642494371, "gnorm": 0.284, "tok_per_s": 116612.3, "load": 9.08154296875}
{"event": "step", "step": 14600, "loss": 4.5869, "lr": 0.0029792615408131325, "gnorm": 0.274, "tok_per_s": 116615.4, "load": 9.3154296875}
{"event": "step", "step": 14700, "loss": 4.6026, "lr": 0.0029788728581758308, "gnorm": 0.283, "tok_per_s": 116613.8, "load": 9.2099609375}
{"event": "step", "step": 14800, "loss": 4.4661, "lr": 0.002978480595629554, "gnorm": 0.273, "tok_per_s": 116585.2, "load": 8.80224609375}
{"event": "step", "step": 14900, "loss": 4.4914, "lr": 0.002978084754231036, "gnorm": 0.33, "tok_per_s": 116617.8, "load": 8.65771484375}
{"event": "step", "step": 15000, "loss": 4.4269, "lr": 0.00297768533504665, "gnorm": 0.327, "tok_per_s": 116590.0, "load": 8.021484375}
{"event": "step", "step": 15100, "loss": 4.5077, "lr": 0.0029772823391524114, "gnorm": 0.362, "tok_per_s": 85383.3, "load": 7.857421875}
{"event": "step", "step": 15200, "loss": 4.4231, "lr": 0.002976875767633966, "gnorm": 0.325, "tok_per_s": 116672.9, "load": 7.94921875}
{"event": "step", "step": 15300, "loss": 4.4213, "lr": 0.0029764656215865958, "gnorm": 0.447, "tok_per_s": 116696.6, "load": 7.873046875}
{"event": "step", "step": 15400, "loss": 4.4314, "lr": 0.002976051902115211, "gnorm": 0.285, "tok_per_s": 116652.6, "load": 7.66455078125}
{"event": "step", "step": 15500, "loss": 4.3447, "lr": 0.002975634610334349, "gnorm": 0.295, "tok_per_s": 116499.2, "load": 7.53125}
{"event": "step", "step": 15600, "loss": 4.2956, "lr": 0.002975213747368171, "gnorm": 0.334, "tok_per_s": 116595.3, "load": 7.609375}
{"event": "step", "step": 15700, "loss": 4.4208, "lr": 0.0029747893143504565, "gnorm": 0.251, "tok_per_s": 116603.2, "load": 7.72119140625}
{"event": "step", "step": 15800, "loss": 4.3077, "lr": 0.0029743613124246057, "gnorm": 0.304, "tok_per_s": 116614.0, "load": 7.74365234375}
{"event": "step", "step": 15900, "loss": 4.5576, "lr": 0.002973929742743631, "gnorm": 0.404, "tok_per_s": 116362.5, "load": 7.7158203125}
{"event": "step", "step": 16000, "loss": 4.5198, "lr": 0.002973494606470158, "gnorm": 0.288, "tok_per_s": 116587.2, "load": 7.81884765625}
{"event": "step", "step": 16100, "loss": 4.4394, "lr": 0.0029730559047764183, "gnorm": 0.288, "tok_per_s": 116630.2, "load": 7.6318359375}
{"event": "step", "step": 16200, "loss": 4.5453, "lr": 0.00297261363884425, "gnorm": 0.28, "tok_per_s": 116589.6, "load": 7.66162109375}
{"event": "step", "step": 16300, "loss": 4.4745, "lr": 0.002972167809865093, "gnorm": 0.49, "tok_per_s": 116581.3, "load": 7.6083984375}
{"event": "step", "step": 16400, "loss": 4.2839, "lr": 0.002971718419039985, "gnorm": 0.267, "tok_per_s": 116476.9, "load": 7.90283203125}
{"event": "step", "step": 16500, "loss": 4.5378, "lr": 0.002971265467579561, "gnorm": 0.331, "tok_per_s": 116555.8, "load": 8.15087890625}
{"event": "step", "step": 16600, "loss": 4.4927, "lr": 0.002970808956704045, "gnorm": 0.327, "tok_per_s": 116614.2, "load": 7.88720703125}
{"event": "step", "step": 16700, "loss": 4.6228, "lr": 0.0029703488876432526, "gnorm": 0.37, "tok_per_s": 116616.4, "load": 7.896484375}
{"event": "step", "step": 16800, "loss": 4.3696, "lr": 0.0029698852616365846, "gnorm": 0.331, "tok_per_s": 116593.6, "load": 7.744140625}
{"event": "step", "step": 16900, "loss": 4.4432, "lr": 0.002969418079933023, "gnorm": 0.288, "tok_per_s": 116605.3, "load": 7.623046875}
{"event": "step", "step": 17000, "loss": 4.4615, "lr": 0.0029689473437911284, "gnorm": 0.295, "tok_per_s": 116638.6, "load": 7.6533203125}
{"event": "step", "step": 17100, "loss": 4.4457, "lr": 0.0029684730544790386, "gnorm": 0.409, "tok_per_s": 116575.3, "load": 7.3984375}
{"event": "step", "step": 17200, "loss": 4.3751, "lr": 0.002967995213274462, "gnorm": 0.307, "tok_per_s": 116601.3, "load": 7.2060546875}
{"event": "step", "step": 17300, "loss": 4.4942, "lr": 0.002967513821464676, "gnorm": 0.279, "tok_per_s": 116603.0, "load": 7.029296875}
{"event": "step", "step": 17400, "loss": 4.4535, "lr": 0.002967028880346523, "gnorm": 0.324, "tok_per_s": 116518.0, "load": 7.0244140625}
{"event": "step", "step": 17500, "loss": 4.4124, "lr": 0.0029665403912264078, "gnorm": 0.26, "tok_per_s": 116573.8, "load": 6.86181640625}
{"event": "step", "step": 17600, "loss": 4.4299, "lr": 0.002966048355420292, "gnorm": 0.341, "tok_per_s": 116582.3, "load": 6.9697265625}
{"event": "step", "step": 17700, "loss": 4.4547, "lr": 0.0029655527742536926, "gnorm": 0.353, "tok_per_s": 116606.3, "load": 6.97216796875}
{"event": "step", "step": 17800, "loss": 4.5154, "lr": 0.002965053649061678, "gnorm": 0.284, "tok_per_s": 116576.6, "load": 6.89404296875}
{"event": "step", "step": 17900, "loss": 4.3888, "lr": 0.0029645509811888635, "gnorm": 0.411, "tok_per_s": 116591.7, "load": 6.689453125}
{"event": "step", "step": 18000, "loss": 4.6235, "lr": 0.0029640447719894067, "gnorm": 0.295, "tok_per_s": 116594.4, "load": 6.71435546875}
{"event": "step", "step": 18100, "loss": 4.4376, "lr": 0.0029635350228270087, "gnorm": 0.334, "tok_per_s": 116576.9, "load": 6.8251953125}
{"event": "step", "step": 18200, "loss": 4.243, "lr": 0.0029630217350749043, "gnorm": 0.293, "tok_per_s": 116603.7, "load": 6.83935546875}
{"event": "step", "step": 18300, "loss": 4.3953, "lr": 0.002962504910115862, "gnorm": 0.493, "tok_per_s": 116590.1, "load": 7.0927734375}
{"event": "step", "step": 18400, "loss": 4.312, "lr": 0.002961984549342179, "gnorm": 0.445, "tok_per_s": 116390.4, "load": 7.46630859375}
{"event": "step", "step": 18500, "loss": 4.4324, "lr": 0.0029614606541556784, "gnorm": 0.367, "tok_per_s": 116557.4, "load": 7.58935546875}
{"event": "step", "step": 18600, "loss": 4.3358, "lr": 0.0029609332259677044, "gnorm": 0.29, "tok_per_s": 116601.7, "load": 7.79345703125}
{"event": "step", "step": 18700, "loss": 4.4649, "lr": 0.0029604022661991183, "gnorm": 0.276, "tok_per_s": 116461.7, "load": 7.7294921875}
{"event": "step", "step": 18800, "loss": 4.338, "lr": 0.002959867776280297, "gnorm": 0.325, "tok_per_s": 115591.5, "load": 8.466796875}
{"event": "step", "step": 18900, "loss": 4.2341, "lr": 0.002959329757651126, "gnorm": 0.282, "tok_per_s": 116366.5, "load": 8.509765625}
{"event": "step", "step": 19000, "loss": 4.4705, "lr": 0.0029587882117609976, "gnorm": 0.303, "tok_per_s": 116568.7, "load": 8.70947265625}
{"event": "step", "step": 19100, "loss": 4.4252, "lr": 0.0029582431400688052, "gnorm": 0.32, "tok_per_s": 116551.2, "load": 9.2958984375}
{"event": "step", "step": 19200, "loss": 4.4569, "lr": 0.002957694544042942, "gnorm": 0.289, "tok_per_s": 116549.4, "load": 9.4326171875}
{"event": "step", "step": 19300, "loss": 4.264, "lr": 0.0029571424251612953, "gnorm": 0.535, "tok_per_s": 115479.8, "load": 9.6005859375}
{"event": "step", "step": 19400, "loss": 4.4869, "lr": 0.0029565867849112417, "gnorm": 0.593, "tok_per_s": 115066.0, "load": 9.79296875}
{"event": "step", "step": 19500, "loss": 4.4265, "lr": 0.002956027624789645, "gnorm": 0.439, "tok_per_s": 116517.1, "load": 9.8095703125}
{"event": "step", "step": 19600, "loss": 4.4829, "lr": 0.002955464946302851, "gnorm": 0.398, "tok_per_s": 116608.8, "load": 9.98681640625}
{"event": "step", "step": 19700, "loss": 4.432, "lr": 0.0029548987509666847, "gnorm": 0.401, "tok_per_s": 116585.7, "load": 10.228515625}
{"event": "step", "step": 19800, "loss": 4.181, "lr": 0.0029543290403064447, "gnorm": 0.458, "tok_per_s": 116103.3, "load": 10.43359375}
{"event": "step", "step": 19900, "loss": 4.3636, "lr": 0.0029537558158568983, "gnorm": 0.46, "tok_per_s": 115855.3, "load": 10.71923828125}
{"event": "step", "step": 20000, "loss": 4.2717, "lr": 0.0029531790791622816, "gnorm": 0.288, "tok_per_s": 116034.5, "load": 11.142578125}
eval 20000 {'bpb': 1.4336598618619287, 'nats_per_token': 4.322657108568899, 'tokens': 16379, 'bytes': 71247}
{"event": "step", "step": 20100, "loss": 4.241, "lr": 0.0029525988317762896, "gnorm": 0.505, "tok_per_s": 80182.1, "load": 11.27490234375}
{"event": "step", "step": 20200, "loss": 4.3555, "lr": 0.0029520150752620766, "gnorm": 0.354, "tok_per_s": 116739.2, "load": 11.44677734375}
{"event": "step", "step": 20300, "loss": 4.5506, "lr": 0.002951427811192251, "gnorm": 0.354, "tok_per_s": 116687.6, "load": 11.33056640625}
{"event": "step", "step": 20400, "loss": 4.3859, "lr": 0.0029508370411488677, "gnorm": 0.502, "tok_per_s": 116387.8, "load": 11.60009765625}
{"event": "step", "step": 20500, "loss": 4.4441, "lr": 0.0029502427667234287, "gnorm": 0.292, "tok_per_s": 116429.0, "load": 11.63232421875}
{"event": "step", "step": 20600, "loss": 4.4036, "lr": 0.0029496449895168764, "gnorm": 0.416, "tok_per_s": 116597.9, "load": 11.662109375}
{"event": "step", "step": 20700, "loss": 4.3102, "lr": 0.0029490437111395883, "gnorm": 0.282, "tok_per_s": 116466.2, "load": 11.4736328125}
{"event": "step", "step": 20800, "loss": 4.4415, "lr": 0.0029484389332113756, "gnorm": 0.505, "tok_per_s": 116466.6, "load": 11.59619140625}
{"event": "step", "step": 20900, "loss": 4.5441, "lr": 0.0029478306573614754, "gnorm": 0.298, "tok_per_s": 116332.9, "load": 14.740234375}
{"event": "step", "step": 21000, "loss": 4.5117, "lr": 0.002947218885228549, "gnorm": 0.278, "tok_per_s": 116344.5, "load": 15.08154296875}
{"event": "step", "step": 21100, "loss": 4.2752, "lr": 0.002946603618460676, "gnorm": 0.446, "tok_per_s": 116484.0, "load": 15.77734375}
{"event": "step", "step": 21200, "loss": 4.4022, "lr": 0.0029459848587153506, "gnorm": 0.309, "tok_per_s": 116115.1, "load": 17.95751953125}
{"event": "step", "step": 21300, "loss": 4.388, "lr": 0.002945362607659477, "gnorm": 0.435, "tok_per_s": 116224.7, "load": 17.56005859375}
{"event": "step", "step": 21400, "loss": 4.5145, "lr": 0.002944736866969365, "gnorm": 0.427, "tok_per_s": 116364.8, "load": 17.15966796875}
{"event": "step", "step": 21500, "loss": 4.4944, "lr": 0.0029441076383307243, "gnorm": 0.334, "tok_per_s": 116036.6, "load": 17.06640625}
{"event": "step", "step": 21600, "loss": 4.5922, "lr": 0.0029434749234386617, "gnorm": 0.317, "tok_per_s": 116216.5, "load": 18.7734375}
{"event": "step", "step": 21700, "loss": 4.2543, "lr": 0.0029428387239976766, "gnorm": 0.502, "tok_per_s": 116563.2, "load": 19.0322265625}
{"event": "step", "step": 21800, "loss": 4.3716, "lr": 0.002942199041721653, "gnorm": 0.269, "tok_per_s": 116498.0, "load": 18.7890625}
{"event": "step", "step": 21900, "loss": 4.4375, "lr": 0.0029415558783338603, "gnorm": 0.277, "tok_per_s": 116315.7, "load": 18.9560546875}
{"event": "step", "step": 22000, "loss": 4.3564, "lr": 0.0029409092355669442, "gnorm": 0.312, "tok_per_s": 116194.4, "load": 18.63916015625}
{"event": "step", "step": 22100, "loss": 4.3275, "lr": 0.002940259115162924, "gnorm": 0.365, "tok_per_s": 116523.2, "load": 19.056640625}
{"event": "step", "step": 22200, "loss": 4.4167, "lr": 0.0029396055188731876, "gnorm": 0.387, "tok_per_s": 116280.2, "load": 18.6513671875}
{"event": "step", "step": 22300, "loss": 4.478, "lr": 0.0029389484484584867, "gnorm": 0.315, "tok_per_s": 116361.7, "load": 19.720703125}
{"event": "step", "step": 22400, "loss": 4.4169, "lr": 0.0029382879056889326, "gnorm": 0.315, "tok_per_s": 116522.2, "load": 19.7216796875}
{"event": "step", "step": 22500, "loss": 4.2901, "lr": 0.0029376238923439907, "gnorm": 0.349, "tok_per_s": 116561.0, "load": 19.18310546875}
{"event": "step", "step": 22600, "loss": 4.5145, "lr": 0.0029369564102124748, "gnorm": 0.486, "tok_per_s": 116528.0, "load": 18.888671875}
{"event": "step", "step": 22700, "loss": 4.5085, "lr": 0.0029362854610925446, "gnorm": 0.654, "tok_per_s": 116478.1, "load": 18.7373046875}
{"event": "step", "step": 22800, "loss": 4.467, "lr": 0.0029356110467916997, "gnorm": 0.292, "tok_per_s": 115994.4, "load": 18.8388671875}
{"event": "step", "step": 22900, "loss": 4.41, "lr": 0.002934933169126774, "gnorm": 0.31, "tok_per_s": 115916.9, "load": 18.8701171875}
{"event": "step", "step": 23000, "loss": 4.2988, "lr": 0.0029342518299239322, "gnorm": 0.304, "tok_per_s": 115982.5, "load": 18.72021484375}
{"event": "step", "step": 23100, "loss": 4.5615, "lr": 0.0029335670310186644, "gnorm": 0.323, "tok_per_s": 115782.4, "load": 18.5966796875}
{"event": "step", "step": 23200, "loss": 4.5752, "lr": 0.00293287877425578, "gnorm": 0.871, "tok_per_s": 116170.7, "load": 18.388671875}
{"event": "step", "step": 23300, "loss": 4.394, "lr": 0.002932187061489404, "gnorm": 0.42, "tok_per_s": 116145.0, "load": 17.787109375}
{"event": "step", "step": 23400, "loss": 4.2427, "lr": 0.0029314918945829715, "gnorm": 0.403, "tok_per_s": 116264.7, "load": 17.7236328125}
{"event": "step", "step": 23500, "loss": 4.285, "lr": 0.002930793275409224, "gnorm": 0.478, "tok_per_s": 116143.8, "load": 17.74609375}
{"event": "step", "step": 23600, "loss": 4.5214, "lr": 0.002930091205850202, "gnorm": 0.412, "tok_per_s": 115980.3, "load": 17.78564453125}
{"event": "step", "step": 23700, "loss": 4.443, "lr": 0.0029293856877972415, "gnorm": 0.299, "tok_per_s": 116035.5, "load": 17.80322265625}
{"event": "step", "step": 23800, "loss": 4.2075, "lr": 0.0029286767231509686, "gnorm": 0.528, "tok_per_s": 116145.1, "load": 17.2373046875}
{"event": "step", "step": 23900, "loss": 4.4977, "lr": 0.002927964313821294, "gnorm": 0.57, "tok_per_s": 116375.2, "load": 17.13818359375}
{"event": "step", "step": 24000, "loss": 4.3951, "lr": 0.0029272484617274093, "gnorm": 0.334, "tok_per_s": 116293.2, "load": 17.046875}
{"event": "step", "step": 24100, "loss": 4.3143, "lr": 0.002926529168797779, "gnorm": 0.324, "tok_per_s": 116241.9, "load": 16.81201171875}
{"event": "step", "step": 24200, "loss": 4.3951, "lr": 0.002925806436970138, "gnorm": 0.302, "tok_per_s": 116410.6, "load": 16.42626953125}
{"event": "step", "step": 24300, "loss": 4.3247, "lr": 0.0029250802681914864, "gnorm": 0.314, "tok_per_s": 116479.1, "load": 16.3603515625}
{"event": "step", "step": 24400, "loss": 4.2525, "lr": 0.002924350664418081, "gnorm": 0.297, "tok_per_s": 116500.7, "load": 16.65185546875}
{"event": "step", "step": 24500, "loss": 4.2966, "lr": 0.0029236176276154343, "gnorm": 0.363, "tok_per_s": 116431.5, "load": 16.439453125}
{"event": "step", "step": 24600, "loss": 4.5582, "lr": 0.0029228811597583055, "gnorm": 0.572, "tok_per_s": 116338.9, "load": 16.14404296875}
{"event": "step", "step": 24700, "loss": 4.4512, "lr": 0.0029221412628306982, "gnorm": 0.327, "tok_per_s": 116430.7, "load": 15.57177734375}
{"event": "step", "step": 24800, "loss": 4.3089, "lr": 0.0029213979388258535, "gnorm": 0.349, "tok_per_s": 116472.0, "load": 15.24951171875}
{"event": "step", "step": 24900, "loss": 4.3217, "lr": 0.0029206511897462437, "gnorm": 0.339, "tok_per_s": 116457.3, "load": 15.2294921875}
{"event": "step", "step": 25000, "loss": 4.3237, "lr": 0.0029199010176035696, "gnorm": 0.301, "tok_per_s": 116405.0, "load": 14.970703125}
{"event": "step", "step": 25100, "loss": 4.461, "lr": 0.002919147424418753, "gnorm": 0.461, "tok_per_s": 85175.1, "load": 15.44970703125}
{"event": "step", "step": 25200, "loss": 4.3891, "lr": 0.002918390412221932, "gnorm": 0.373, "tok_per_s": 116393.1, "load": 14.7587890625}
{"event": "step", "step": 25300, "loss": 4.1648, "lr": 0.002917629983052454, "gnorm": 0.315, "tok_per_s": 116392.7, "load": 14.37744140625}
{"event": "step", "step": 25400, "loss": 4.2723, "lr": 0.0029168661389588732, "gnorm": 0.713, "tok_per_s": 116407.9, "load": 14.23291015625}
{"event": "step", "step": 25500, "loss": 4.4569, "lr": 0.0029160988819989424, "gnorm": 0.623, "tok_per_s": 116405.2, "load": 14.2138671875}
{"event": "step", "step": 25600, "loss": 4.3616, "lr": 0.0029153282142396096, "gnorm": 0.303, "tok_per_s": 116347.2, "load": 14.35693359375}
{"event": "step", "step": 25700, "loss": 4.3037, "lr": 0.0029145541377570095, "gnorm": 0.427, "tok_per_s": 115494.0, "load": 13.833984375}
{"event": "step", "step": 25800, "loss": 4.2163, "lr": 0.0029137766546364617, "gnorm": 0.269, "tok_per_s": 115968.5, "load": 14.328125}
{"event": "step", "step": 25900, "loss": 4.3259, "lr": 0.002912995766972461, "gnorm": 0.305, "tok_per_s": 116180.7, "load": 14.56591796875}
{"event": "step", "step": 26000, "loss": 4.3569, "lr": 0.002912211476868676, "gnorm": 0.395, "tok_per_s": 116187.5, "load": 14.84130859375}
{"event": "step", "step": 26100, "loss": 4.4555, "lr": 0.0029114237864379406, "gnorm": 0.418, "tok_per_s": 115799.4, "load": 14.77392578125}
{"event": "step", "step": 26200, "loss": 4.4475, "lr": 0.002910632697802247, "gnorm": 0.359, "tok_per_s": 116434.6, "load": 14.72216796875}
{"event": "step", "step": 26300, "loss": 4.258, "lr": 0.002909838213092745, "gnorm": 0.329, "tok_per_s": 116072.7, "load": 14.423828125}
{"event": "step", "step": 26400, "loss": 4.2923, "lr": 0.0029090403344497317, "gnorm": 0.465, "tok_per_s": 116427.9, "load": 13.67578125}
{"event": "step", "step": 26500, "loss": 4.2316, "lr": 0.002908239064022647, "gnorm": 0.292, "tok_per_s": 116463.3, "load": 13.38134765625}
{"event": "step", "step": 26600, "loss": 4.205, "lr": 0.0029074344039700683, "gnorm": 0.41, "tok_per_s": 116452.8, "load": 12.8701171875}
{"event": "step", "step": 26700, "loss": 4.4652, "lr": 0.002906626356459706, "gnorm": 0.809, "tok_per_s": 116451.2, "load": 12.041015625}
{"event": "step", "step": 26800, "loss": 4.3734, "lr": 0.0029058149236683936, "gnorm": 0.288, "tok_per_s": 116441.6, "load": 11.63720703125}
{"event": "step", "step": 26900, "loss": 4.218, "lr": 0.002905000107782086, "gnorm": 0.551, "tok_per_s": 116465.3, "load": 10.923828125}
{"event": "step", "step": 27000, "loss": 4.2347, "lr": 0.002904181910995851, "gnorm": 0.337, "tok_per_s": 116472.9, "load": 10.44921875}
{"event": "step", "step": 27100, "loss": 4.4224, "lr": 0.0029033603355138647, "gnorm": 0.568, "tok_per_s": 116480.8, "load": 9.99853515625}
{"event": "step", "step": 27200, "loss": 4.304, "lr": 0.0029025353835494066, "gnorm": 0.35, "tok_per_s": 116508.1, "load": 9.75830078125}
{"event": "step", "step": 27300, "loss": 4.3286, "lr": 0.00290170705732485, "gnorm": 0.956, "tok_per_s": 116442.8, "load": 9.77783203125}
{"event": "step", "step": 27400, "loss": 4.1625, "lr": 0.00290087535907166, "gnorm": 0.419, "tok_per_s": 116550.9, "load": 9.27001953125}
{"event": "step", "step": 27500, "loss": 4.4002, "lr": 0.0029000402910303842, "gnorm": 0.492, "tok_per_s": 116570.1, "load": 9.0078125}
{"event": "step", "step": 27600, "loss": 4.4055, "lr": 0.00289920185545065, "gnorm": 0.428, "tok_per_s": 116557.6, "load": 8.53857421875}
{"event": "step", "step": 27700, "loss": 4.3017, "lr": 0.0028983600545911554, "gnorm": 0.306, "tok_per_s": 116575.1, "load": 8.2548828125}
{"event": "step", "step": 27800, "loss": 4.3332, "lr": 0.0028975148907196646, "gnorm": 0.481, "tok_per_s": 116554.8, "load": 8.154296875}
{"event": "step", "step": 27900, "loss": 4.4211, "lr": 0.002896666366113002, "gnorm": 0.556, "tok_per_s": 116526.8, "load": 8.19140625}
{"event": "step", "step": 28000, "loss": 4.3466, "lr": 0.0028958144830570453, "gnorm": 0.316, "tok_per_s": 116564.5, "load": 8.33642578125}
{"event": "step", "step": 28100, "loss": 4.326, "lr": 0.002894959243846719, "gnorm": 0.306, "tok_per_s": 116572.0, "load": 8.37109375}
{"event": "step", "step": 28200, "loss": 4.3297, "lr": 0.0028941006507859903, "gnorm": 0.347, "tok_per_s": 116589.2, "load": 8.421875}
{"event": "step", "step": 28300, "loss": 4.3991, "lr": 0.002893238706187861, "gnorm": 0.837, "tok_per_s": 116638.7, "load": 8.3076171875}
{"event": "step", "step": 28400, "loss": 4.3709, "lr": 0.002892373412374361, "gnorm": 0.55, "tok_per_s": 116661.6, "load": 8.58056640625}
{"event": "step", "step": 28500, "loss": 4.4034, "lr": 0.0028915047716765434, "gnorm": 0.443, "tok_per_s": 116623.1, "load": 8.45361328125}
{"event": "step", "step": 28600, "loss": 4.1974, "lr": 0.002890632786434477, "gnorm": 0.678, "tok_per_s": 116519.4, "load": 8.45751953125}
{"event": "step", "step": 28700, "loss": 4.3616, "lr": 0.0028897574589972423, "gnorm": 0.314, "tok_per_s": 116661.7, "load": 8.34033203125}
{"event": "step", "step": 28800, "loss": 4.4684, "lr": 0.0028888787917229217, "gnorm": 0.623, "tok_per_s": 116606.8, "load": 8.15283203125}
{"event": "step", "step": 28900, "loss": 4.4196, "lr": 0.002887996786978596, "gnorm": 1.022, "tok_per_s": 116633.6, "load": 8.28955078125}
{"event": "step", "step": 29000, "loss": 4.3676, "lr": 0.0028871114471403355, "gnorm": 0.486, "tok_per_s": 116587.0, "load": 8.10595703125}
{"event": "step", "step": 29100, "loss": 4.4132, "lr": 0.002886222774593197, "gnorm": 0.817, "tok_per_s": 116656.2, "load": 8.525390625}
{"event": "step", "step": 29200, "loss": 4.5651, "lr": 0.0028853307717312147, "gnorm": 0.528, "tok_per_s": 116633.1, "load": 8.48291015625}
{"event": "step", "step": 29300, "loss": 4.3852, "lr": 0.002884435440957393, "gnorm": 0.689, "tok_per_s": 116324.3, "load": 8.6044921875}
{"event": "step", "step": 29400, "loss": 4.3548, "lr": 0.002883536784683704, "gnorm": 0.311, "tok_per_s": 116540.3, "load": 8.88671875}
{"event": "step", "step": 29500, "loss": 4.3749, "lr": 0.0028826348053310777, "gnorm": 0.449, "tok_per_s": 116539.7, "load": 9.21630859375}
{"event": "step", "step": 29600, "loss": 4.3553, "lr": 0.0028817295053293946, "gnorm": 0.298, "tok_per_s": 116552.8, "load": 9.625}
{"event": "step", "step": 29700, "loss": 4.5156, "lr": 0.002880820887117483, "gnorm": 0.541, "tok_per_s": 116446.7, "load": 9.9755859375}
{"event": "step", "step": 29800, "loss": 4.4381, "lr": 0.0028799089531431087, "gnorm": 0.942, "tok_per_s": 116435.9, "load": 10.61865234375}
{"event": "step", "step": 29900, "loss": 4.326, "lr": 0.0028789937058629716, "gnorm": 0.736, "tok_per_s": 116448.1, "load": 10.923828125}
{"event": "step", "step": 30000, "loss": 4.2741, "lr": 0.0028780751477426956, "gnorm": 0.449, "tok_per_s": 116517.8, "load": 10.849609375}
{"event": "step", "step": 30100, "loss": 4.3554, "lr": 0.002877153281256826, "gnorm": 0.808, "tok_per_s": 87187.9, "load": 11.0390625}
{"event": "step", "step": 30200, "loss": 4.2619, "lr": 0.0028762281088888183, "gnorm": 0.787, "tok_per_s": 116637.5, "load": 11.4013671875}
{"event": "step", "step": 30300, "loss": 4.2914, "lr": 0.0028752996331310354, "gnorm": 0.811, "tok_per_s": 116602.6, "load": 11.60986328125}
{"event": "step", "step": 30400, "loss": 4.3744, "lr": 0.002874367856484739, "gnorm": 0.621, "tok_per_s": 116551.6, "load": 11.64111328125}
{"event": "step", "step": 30500, "loss": 4.3927, "lr": 0.0028734327814600833, "gnorm": 1.014, "tok_per_s": 116543.2, "load": 11.93701171875}
{"event": "step", "step": 30600, "loss": 4.1753, "lr": 0.0028724944105761076, "gnorm": 0.535, "tok_per_s": 116291.1, "load": 12.1826171875}
{"event": "step", "step": 30700, "loss": 4.3021, "lr": 0.002871552746360731, "gnorm": 0.785, "tok_per_s": 116374.7, "load": 12.1611328125}
{"event": "step", "step": 30800, "loss": 4.2429, "lr": 0.002870607791350743, "gnorm": 0.302, "tok_per_s": 116524.2, "load": 12.228515625}
{"event": "step", "step": 30900, "loss": 4.4067, "lr": 0.0028696595480918008, "gnorm": 0.448, "tok_per_s": 116437.6, "load": 12.1298828125}
{"event": "step", "step": 31000, "loss": 4.4217, "lr": 0.002868708019138418, "gnorm": 0.663, "tok_per_s": 116552.1, "load": 12.09033203125}
{"event": "step", "step": 31100, "loss": 4.5321, "lr": 0.0028677532070539597, "gnorm": 0.576, "tok_per_s": 116512.3, "load": 11.9228515625}
{"event": "step", "step": 31200, "loss": 4.2685, "lr": 0.002866795114410637, "gnorm": 0.312, "tok_per_s": 116483.1, "load": 12.32275390625}
{"event": "step", "step": 31300, "loss": 4.3379, "lr": 0.002865833743789497, "gnorm": 0.308, "tok_per_s": 116509.7, "load": 12.296875}
{"event": "step", "step": 31400, "loss": 4.1946, "lr": 0.002864869097780419, "gnorm": 0.301, "tok_per_s": 116494.5, "load": 12.11279296875}
{"event": "step", "step": 31500, "loss": 4.3499, "lr": 0.0028639011789821046, "gnorm": 0.293, "tok_per_s": 116452.5, "load": 12.24267578125}
{"event": "step", "step": 31600, "loss": 4.2255, "lr": 0.002862929990002073, "gnorm": 0.468, "tok_per_s": 116399.2, "load": 12.4638671875}
{"event": "step", "step": 31700, "loss": 4.2883, "lr": 0.002861955533456653, "gnorm": 0.412, "tok_per_s": 116456.6, "load": 13.1552734375}
{"event": "step", "step": 31800, "loss": 4.3011, "lr": 0.002860977811970976, "gnorm": 0.313, "tok_per_s": 116337.4, "load": 13.0625}
{"event": "step", "step": 31900, "loss": 4.4851, "lr": 0.0028599968281789686, "gnorm": 0.852, "tok_per_s": 116090.1, "load": 13.3779296875}
{"event": "step", "step": 32000, "loss": 4.3376, "lr": 0.002859012584723346, "gnorm": 0.345, "tok_per_s": 116274.1, "load": 13.63427734375}
{"event": "step", "step": 32100, "loss": 4.3243, "lr": 0.0028580250842556057, "gnorm": 0.283, "tok_per_s": 116300.0, "load": 13.5830078125}
{"event": "step", "step": 32200, "loss": 4.3486, "lr": 0.0028570343294360176, "gnorm": 0.432, "tok_per_s": 116265.8, "load": 13.78173828125}
{"event": "step", "step": 32300, "loss": 4.3644, "lr": 0.00285604032293362, "gnorm": 0.386, "tok_per_s": 116251.4, "load": 13.638671875}
{"event": "step", "step": 32400, "loss": 4.325, "lr": 0.0028550430674262107, "gnorm": 0.357, "tok_per_s": 116113.4, "load": 13.42724609375}
{"event": "step", "step": 32500, "loss": 4.3886, "lr": 0.0028540425656003398, "gnorm": 0.442, "tok_per_s": 115844.1, "load": 14.14990234375}
{"event": "step", "step": 32600, "loss": 4.066, "lr": 0.002853038820151304, "gnorm": 0.63, "tok_per_s": 116043.4, "load": 14.61865234375}
{"event": "step", "step": 32700, "loss": 4.4087, "lr": 0.002852031833783137, "gnorm": 0.949, "tok_per_s": 116379.2, "load": 14.58447265625}
{"event": "step", "step": 32800, "loss": 4.4097, "lr": 0.002851021609208603, "gnorm": 0.881, "tok_per_s": 116441.7, "load": 14.6181640625}
{"event": "step", "step": 32900, "loss": 4.2615, "lr": 0.00285000814914919, "gnorm": 1.079, "tok_per_s": 116403.9, "load": 15.51953125}
{"event": "step", "step": 33000, "loss": 4.3025, "lr": 0.0028489914563351046, "gnorm": 0.323, "tok_per_s": 116270.6, "load": 15.2373046875}
{"event": "step", "step": 33100, "loss": 4.4043, "lr": 0.0028479715335052586, "gnorm": 0.357, "tok_per_s": 116332.9, "load": 15.37890625}
{"event": "step", "step": 33200, "loss": 4.5127, "lr": 0.002846948383407267, "gnorm": 0.37, "tok_per_s": 116430.5, "load": 14.93896484375}
{"event": "step", "step": 33300, "loss": 4.2374, "lr": 0.0028459220087974388, "gnorm": 0.377, "tok_per_s": 116372.4, "load": 14.86376953125}
{"event": "step", "step": 33400, "loss": 4.4242, "lr": 0.0028448924124407702, "gnorm": 0.354, "tok_per_s": 116410.9, "load": 14.6318359375}
{"event": "step", "step": 33500, "loss": 4.2465, "lr": 0.0028438595971109356, "gnorm": 0.72, "tok_per_s": 116401.3, "load": 14.74169921875}
{"event": "step", "step": 33600, "loss": 4.4481, "lr": 0.002842823565590282, "gnorm": 0.428, "tok_per_s": 116385.2, "load": 14.9228515625}
{"event": "step", "step": 33700, "loss": 4.3776, "lr": 0.00284178432066982, "gnorm": 0.666, "tok_per_s": 116407.5, "load": 14.7802734375}
{"event": "step", "step": 33800, "loss": 4.1826, "lr": 0.0028407418651492174, "gnorm": 0.423, "tok_per_s": 116429.0, "load": 14.87841796875}
{"event": "step", "step": 33900, "loss": 4.1693, "lr": 0.00283969620183679, "gnorm": 0.345, "tok_per_s": 116465.7, "load": 14.82958984375}
{"event": "step", "step": 34000, "loss": 4.0952, "lr": 0.002838647333549497, "gnorm": 0.559, "tok_per_s": 116448.1, "load": 14.7626953125}
{"event": "step", "step": 34100, "loss": 4.3434, "lr": 0.002837595263112931, "gnorm": 0.546, "tok_per_s": 116440.7, "load": 14.4609375}
{"event": "step", "step": 34200, "loss": 4.3831, "lr": 0.0028365399933613098, "gnorm": 0.401, "tok_per_s": 116439.1, "load": 14.1435546875}
{"event": "step", "step": 34300, "loss": 4.2724, "lr": 0.0028354815271374716, "gnorm": 0.619, "tok_per_s": 116435.1, "load": 13.8115234375}
{"event": "step", "step": 34400, "loss": 4.3125, "lr": 0.002834419867292865, "gnorm": 0.748, "tok_per_s": 116424.4, "load": 13.45849609375}
{"event": "step", "step": 34500, "loss": 4.3106, "lr": 0.002833355016687542, "gnorm": 0.421, "tok_per_s": 116442.9, "load": 13.42138671875}
{"event": "step", "step": 34600, "loss": 4.2348, "lr": 0.0028322869781901507, "gnorm": 0.397, "tok_per_s": 116411.8, "load": 13.06689453125}
{"event": "step", "step": 34700, "loss": 4.4535, "lr": 0.0028312157546779263, "gnorm": 0.835, "tok_per_s": 116444.2, "load": 12.59521484375}
{"event": "step", "step": 34800, "loss": 4.3434, "lr": 0.002830141349036686, "gnorm": 0.783, "tok_per_s": 116431.9, "load": 12.7080078125}
{"event": "step", "step": 34900, "loss": 4.5599, "lr": 0.002829063764160817, "gnorm": 0.318, "tok_per_s": 116436.3, "load": 13.44189453125}
{"event": "step", "step": 35000, "loss": 4.3149, "lr": 0.002827983002953273, "gnorm": 0.622, "tok_per_s": 116408.7, "load": 13.72705078125}
{"event": "step", "step": 35100, "loss": 4.4524, "lr": 0.0028268990683255647, "gnorm": 0.374, "tok_per_s": 85036.2, "load": 14.12451171875}
{"event": "step", "step": 35200, "loss": 4.2833, "lr": 0.002825811963197751, "gnorm": 0.292, "tok_per_s": 116338.8, "load": 14.27490234375}
{"event": "step", "step": 35300, "loss": 4.298, "lr": 0.0028247216904984315, "gnorm": 0.822, "tok_per_s": 116455.1, "load": 14.767578125}
{"event": "step", "step": 35400, "loss": 4.3754, "lr": 0.0028236282531647404, "gnorm": 0.578, "tok_per_s": 116449.2, "load": 14.78662109375}
{"event": "step", "step": 35500, "loss": 4.1905, "lr": 0.0028225316541423363, "gnorm": 0.895, "tok_per_s": 116451.3, "load": 14.4990234375}
{"event": "step", "step": 35600, "loss": 4.2562, "lr": 0.0028214318963853953, "gnorm": 0.489, "tok_per_s": 116429.0, "load": 14.298828125}
{"event": "step", "step": 35700, "loss": 4.5476, "lr": 0.002820328982856604, "gnorm": 0.595, "tok_per_s": 116280.0, "load": 14.1943359375}
{"event": "step", "step": 35800, "loss": 4.374, "lr": 0.0028192229165271486, "gnorm": 0.384, "tok_per_s": 116399.2, "load": 14.4111328125}
{"event": "step", "step": 35900, "loss": 4.3142, "lr": 0.00281811370037671, "gnorm": 0.317, "tok_per_s": 116404.4, "load": 14.2177734375}
{"event": "step", "step": 36000, "loss": 4.369, "lr": 0.0028170013373934547, "gnorm": 0.325, "tok_per_s": 116423.3, "load": 14.572265625}
{"event": "step", "step": 36100, "loss": 4.2687, "lr": 0.002815885830574026, "gnorm": 0.837, "tok_per_s": 116369.2, "load": 14.84716796875}
{"event": "step", "step": 36200, "loss": 4.3444, "lr": 0.0028147671829235367, "gnorm": 0.407, "tok_per_s": 116407.0, "load": 15.18017578125}
{"event": "step", "step": 36300, "loss": 4.3461, "lr": 0.002813645397455561, "gnorm": 0.378, "tok_per_s": 116445.0, "load": 14.6298828125}
{"event": "step", "step": 36400, "loss": 4.4132, "lr": 0.0028125204771921254, "gnorm": 0.582, "tok_per_s": 116315.4, "load": 14.81982421875}
{"event": "step", "step": 36500, "loss": 4.4073, "lr": 0.002811392425163703, "gnorm": 0.373, "tok_per_s": 116320.0, "load": 15.001953125}
{"event": "step", "step": 36600, "loss": 4.3911, "lr": 0.002810261244409202, "gnorm": 0.642, "tok_per_s": 116400.8, "load": 15.00146484375}
{"event": "step", "step": 36700, "loss": 4.3531, "lr": 0.002809126937975961, "gnorm": 0.917, "tok_per_s": 116407.4, "load": 14.6328125}
{"event": "step", "step": 36800, "loss": 4.2595, "lr": 0.0028079895089197365, "gnorm": 0.331, "tok_per_s": 116396.8, "load": 14.98291015625}
{"event": "step", "step": 36900, "loss": 4.1963, "lr": 0.0028068489603046993, "gnorm": 0.355, "tok_per_s": 116385.4, "load": 15.544921875}
{"event": "step", "step": 37000, "loss": 4.2701, "lr": 0.0028057052952034233, "gnorm": 0.65, "tok_per_s": 116389.6, "load": 15.92919921875}
{"event": "step", "step": 37100, "loss": 4.2809, "lr": 0.002804558516696878, "gnorm": 0.299, "tok_per_s": 116230.4, "load": 15.6142578125}
{"event": "step", "step": 37200, "loss": 4.3759, "lr": 0.002803408627874421, "gnorm": 0.419, "tok_per_s": 116202.6, "load": 14.67724609375}
{"event": "step", "step": 37300, "loss": 4.3534, "lr": 0.002802255631833788, "gnorm": 0.485, "tok_per_s": 116158.4, "load": 14.703125}
{"event": "step", "step": 37400, "loss": 4.6575, "lr": 0.0028010995316810855, "gnorm": 2.984, "tok_per_s": 116222.0, "load": 15.04736328125}
{"event": "step", "step": 37500, "loss": 4.1812, "lr": 0.0027999403305307828, "gnorm": 0.43, "tok_per_s": 116170.3, "load": 15.54931640625}
{"event": "step", "step": 37600, "loss": 4.3629, "lr": 0.0027987780315057026, "gnorm": 0.725, "tok_per_s": 116348.4, "load": 15.3447265625}
{"event": "step", "step": 37700, "loss": 4.4303, "lr": 0.002797612637737013, "gnorm": 0.315, "tok_per_s": 116411.8, "load": 15.51953125}
{"event": "step", "step": 37800, "loss": 4.4824, "lr": 0.00279644415236422, "gnorm": 0.339, "tok_per_s": 116421.3, "load": 15.87841796875}
{"event": "step", "step": 37900, "loss": 4.2569, "lr": 0.0027952725785351574, "gnorm": 0.891, "tok_per_s": 116445.9, "load": 15.5673828125}
{"event": "step", "step": 38000, "loss": 4.4801, "lr": 0.00279409791940598, "gnorm": 0.532, "tok_per_s": 116406.8, "load": 15.1591796875}
{"event": "step", "step": 38100, "loss": 4.1914, "lr": 0.002792920178141153, "gnorm": 0.528, "tok_per_s": 116437.7, "load": 14.98583984375}
{"event": "step", "step": 38200, "loss": 4.3674, "lr": 0.002791739357913445, "gnorm": 0.725, "tok_per_s": 116418.1, "load": 15.43017578125}
{"event": "step", "step": 38300, "loss": 4.287, "lr": 0.00279055546190392, "gnorm": 0.331, "tok_per_s": 116421.5, "load": 15.3154296875}
{"event": "step", "step": 38400, "loss": 4.3373, "lr": 0.002789368493301928, "gnorm": 0.622, "tok_per_s": 116424.2, "load": 14.9697265625}
{"event": "step", "step": 38500, "loss": 4.3678, "lr": 0.002788178455305095, "gnorm": 0.606, "tok_per_s": 116431.3, "load": 14.0322265625}
{"event": "step", "step": 38600, "loss": 4.3417, "lr": 0.002786985351119317, "gnorm": 1.276, "tok_per_s": 116452.6, "load": 13.708984375}
{"event": "step", "step": 38700, "loss": 4.4701, "lr": 0.002785789183958749, "gnorm": 1.141, "tok_per_s": 116429.8, "load": 12.68359375}
{"event": "step", "step": 38800, "loss": 4.4035, "lr": 0.0027845899570458, "gnorm": 0.501, "tok_per_s": 116463.7, "load": 12.54833984375}
{"event": "step", "step": 38900, "loss": 4.4287, "lr": 0.0027833876736111187, "gnorm": 0.706, "tok_per_s": 116441.3, "load": 12.34423828125}
{"event": "step", "step": 39000, "loss": 4.2894, "lr": 0.0027821823368935896, "gnorm": 0.313, "tok_per_s": 116451.6, "load": 11.294921875}
{"event": "step", "step": 39100, "loss": 4.22, "lr": 0.0027809739501403227, "gnorm": 0.756, "tok_per_s": 116494.1, "load": 10.87060546875}
{"event": "step", "step": 39200, "loss": 4.2894, "lr": 0.002779762516606643, "gnorm": 0.377, "tok_per_s": 116536.0, "load": 10.5224609375}
{"event": "step", "step": 39300, "loss": 4.2764, "lr": 0.0027785480395560854, "gnorm": 0.321, "tok_per_s": 116552.3, "load": 10.16015625}
{"event": "step", "step": 39400, "loss": 4.3096, "lr": 0.0027773305222603835, "gnorm": 0.856, "tok_per_s": 116557.0, "load": 9.75390625}
{"event": "step", "step": 39500, "loss": 4.2215, "lr": 0.0027761099679994594, "gnorm": 0.647, "tok_per_s": 116555.4, "load": 10.01416015625}
{"event": "step", "step": 39600, "loss": 4.3121, "lr": 0.0027748863800614184, "gnorm": 1.042, "tok_per_s": 116563.9, "load": 9.8525390625}
{"event": "step", "step": 39700, "loss": 4.4105, "lr": 0.0027736597617425375, "gnorm": 0.422, "tok_per_s": 116553.8, "load": 9.6474609375}
{"event": "step", "step": 39800, "loss": 4.0786, "lr": 0.0027724301163472584, "gnorm": 0.346, "tok_per_s": 116498.8, "load": 9.43505859375}
{"event": "step", "step": 39900, "loss": 4.2825, "lr": 0.002771197447188177, "gnorm": 0.465, "tok_per_s": 116553.0, "load": 9.5087890625}
{"event": "step", "step": 40000, "loss": 4.3783, "lr": 0.0027699617575860334, "gnorm": 1.143, "tok_per_s": 116552.4, "load": 9.78857421875}
eval 40000 {'bpb': 1.407696822840534, 'nats_per_token': 4.244375419744795, 'tokens': 16379, 'bytes': 71247}
{"event": "step", "step": 40100, "loss": 4.2771, "lr": 0.002768723050869708, "gnorm": 0.446, "tok_per_s": 83420.9, "load": 10.3564453125}
{"event": "step", "step": 40200, "loss": 4.2939, "lr": 0.0027674813303762056, "gnorm": 0.603, "tok_per_s": 116685.7, "load": 10.16748046875}
{"event": "step", "step": 40300, "loss": 4.17, "lr": 0.002766236599450653, "gnorm": 0.484, "tok_per_s": 116642.5, "load": 10.04248046875}
{"event": "step", "step": 40400, "loss": 4.5836, "lr": 0.002764988861446284, "gnorm": 0.805, "tok_per_s": 116602.2, "load": 9.87890625}
{"event": "step", "step": 40500, "loss": 4.3043, "lr": 0.0027637381197244356, "gnorm": 0.543, "tok_per_s": 116592.3, "load": 9.98388671875}
{"event": "step", "step": 40600, "loss": 4.555, "lr": 0.0027624843776545365, "gnorm": 1.505, "tok_per_s": 116562.2, "load": 10.0654296875}
{"event": "step", "step": 40700, "loss": 4.2381, "lr": 0.0027612276386140963, "gnorm": 0.661, "tok_per_s": 116561.7, "load": 9.97998046875}
{"event": "step", "step": 40800, "loss": 4.2152, "lr": 0.002759967905988701, "gnorm": 0.333, "tok_per_s": 116632.6, "load": 9.6689453125}
{"event": "step", "step": 40900, "loss": 4.2717, "lr": 0.002758705183171998, "gnorm": 0.748, "tok_per_s": 116627.7, "load": 9.53515625}
{"event": "step", "step": 41000, "loss": 4.4, "lr": 0.002757439473565693, "gnorm": 0.317, "tok_per_s": 116558.8, "load": 9.1513671875}
{"event": "step", "step": 41100, "loss": 4.2379, "lr": 0.002756170780579537, "gnorm": 0.679, "tok_per_s": 116556.7, "load": 8.89892578125}
{"event": "step", "step": 41200, "loss": 4.0961, "lr": 0.0027548991076313165, "gnorm": 0.562, "tok_per_s": 116532.2, "load": 9.1474609375}
{"event": "step", "step": 41300, "loss": 4.2066, "lr": 0.0027536244581468474, "gnorm": 0.349, "tok_per_s": 116558.2, "load": 8.89697265625}
{"event": "step", "step": 41400, "loss": 4.2942, "lr": 0.0027523468355599647, "gnorm": 0.427, "tok_per_s": 116550.6, "load": 8.82470703125}
{"event": "step", "step": 41500, "loss": 4.2635, "lr": 0.0027510662433125116, "gnorm": 0.396, "tok_per_s": 116558.0, "load": 8.31640625}
{"event": "step", "step": 41600, "loss": 4.1774, "lr": 0.0027497826848543313, "gnorm": 0.679, "tok_per_s": 116586.2, "load": 8.53173828125}
{"event": "step", "step": 41700, "loss": 4.3088, "lr": 0.002748496163643259, "gnorm": 0.74, "tok_per_s": 116550.7, "load": 8.5693359375}
{"event": "step", "step": 41800, "loss": 4.1267, "lr": 0.002747206683145111, "gnorm": 0.459, "tok_per_s": 116534.4, "load": 8.55517578125}
{"event": "step", "step": 41900, "loss": 4.251, "lr": 0.002745914246833675, "gnorm": 0.356, "tok_per_s": 116563.7, "load": 8.5908203125}
{"event": "step", "step": 42000, "loss": 4.4772, "lr": 0.0027446188581907015, "gnorm": 0.5, "tok_per_s": 116574.9, "load": 9.25634765625}
{"event": "step", "step": 42100, "loss": 4.2945, "lr": 0.002743320520705896, "gnorm": 0.524, "tok_per_s": 116510.5, "load": 9.1552734375}
{"event": "step", "step": 42200, "loss": 4.1131, "lr": 0.0027420192378769053, "gnorm": 0.565, "tok_per_s": 116580.1, "load": 8.982421875}
{"event": "step", "step": 42300, "loss": 4.218, "lr": 0.002740715013209314, "gnorm": 0.853, "tok_per_s": 116566.3, "load": 9.0712890625}
{"event": "step", "step": 42400, "loss": 4.4175, "lr": 0.0027394078502166294, "gnorm": 0.662, "tok_per_s": 116577.4, "load": 8.8251953125}
{"event": "step", "step": 42500, "loss": 4.3706, "lr": 0.002738097752420276, "gnorm": 0.876, "tok_per_s": 116572.7, "load": 8.91943359375}
{"event": "step", "step": 42600, "loss": 4.3235, "lr": 0.0027367847233495824, "gnorm": 0.848, "tok_per_s": 116478.8, "load": 8.765625}
{"event": "step", "step": 42700, "loss": 4.453, "lr": 0.0027354687665417762, "gnorm": 0.464, "tok_per_s": 116567.5, "load": 8.7041015625}
{"event": "step", "step": 42800, "loss": 4.2453, "lr": 0.002734149885541972, "gnorm": 0.778, "tok_per_s": 116527.8, "load": 8.2880859375}
{"event": "step", "step": 42900, "loss": 4.2466, "lr": 0.0027328280839031597, "gnorm": 0.346, "tok_per_s": 116567.9, "load": 8.2646484375}
{"event": "step", "step": 43000, "loss": 4.3238, "lr": 0.0027315033651862, "gnorm": 0.512, "tok_per_s": 116603.3, "load": 8.75927734375}
{"event": "step", "step": 43100, "loss": 4.3526, "lr": 0.0027301757329598105, "gnorm": 0.431, "tok_per_s": 116596.0, "load": 8.77880859375}
{"event": "step", "step": 43200, "loss": 4.2311, "lr": 0.002728845190800558, "gnorm": 0.602, "tok_per_s": 116598.4, "load": 9.037109375}
{"event": "step", "step": 43300, "loss": 4.2079, "lr": 0.002727511742292848, "gnorm": 0.701, "tok_per_s": 116573.2, "load": 8.6494140625}
{"event": "step", "step": 43400, "loss": 4.1835, "lr": 0.002726175391028917, "gnorm": 0.481, "tok_per_s": 116614.3, "load": 8.59716796875}
{"event": "step", "step": 43500, "loss": 4.3073, "lr": 0.0027248361406088193, "gnorm": 0.74, "tok_per_s": 116575.6, "load": 8.73974609375}
{"event": "step", "step": 43600, "loss": 4.3796, "lr": 0.0027234939946404212, "gnorm": 0.928, "tok_per_s": 116606.3, "load": 8.43994140625}
{"event": "step", "step": 43700, "loss": 4.1482, "lr": 0.0027221489567393884, "gnorm": 0.961, "tok_per_s": 116573.1, "load": 8.1640625}
{"event": "step", "step": 43800, "loss": 4.2588, "lr": 0.002720801030529178, "gnorm": 1.554, "tok_per_s": 116566.3, "load": 8.158203125}
{"event": "step", "step": 43900, "loss": 4.2419, "lr": 0.0027194502196410267, "gnorm": 0.432, "tok_per_s": 116600.4, "load": 8.1455078125}
{"event": "step", "step": 44000, "loss": 4.1929, "lr": 0.0027180965277139443, "gnorm": 0.779, "tok_per_s": 116561.2, "load": 7.97607421875}
{"event": "step", "step": 44100, "loss": 4.189, "lr": 0.0027167399583947005, "gnorm": 0.488, "tok_per_s": 116609.7, "load": 8.05810546875}
{"event": "step", "step": 44200, "loss": 4.3911, "lr": 0.0027153805153378166, "gnorm": 0.501, "tok_per_s": 116558.2, "load": 7.97314453125}
{"event": "step", "step": 44300, "loss": 4.3092, "lr": 0.002714018202205557, "gnorm": 0.562, "tok_per_s": 116425.3, "load": 7.91015625}
{"event": "step", "step": 44400, "loss": 4.1617, "lr": 0.0027126530226679164, "gnorm": 0.721, "tok_per_s": 116354.8, "load": 8.23779296875}
{"event": "step", "step": 44500, "loss": 4.2705, "lr": 0.002711284980402611, "gnorm": 0.59, "tok_per_s": 116614.2, "load": 8.37451171875}
{"event": "step", "step": 44600, "loss": 4.3393, "lr": 0.0027099140790950715, "gnorm": 0.725, "tok_per_s": 116586.7, "load": 8.34423828125}
{"event": "step", "step": 44700, "loss": 4.2656, "lr": 0.0027085403224384286, "gnorm": 0.621, "tok_per_s": 116570.5, "load": 8.2783203125}
{"event": "step", "step": 44800, "loss": 4.4032, "lr": 0.0027071637141335048, "gnorm": 0.451, "tok_per_s": 116598.9, "load": 8.73681640625}
{"event": "step", "step": 44900, "loss": 4.0502, "lr": 0.002705784257888807, "gnorm": 0.492, "tok_per_s": 116600.2, "load": 8.59765625}
{"event": "step", "step": 45000, "loss": 4.1998, "lr": 0.002704401957420512, "gnorm": 0.886, "tok_per_s": 116569.6, "load": 9.14013671875}
{"event": "step", "step": 45100, "loss": 4.4315, "lr": 0.0027030168164524607, "gnorm": 0.352, "tok_per_s": 85128.2, "load": 8.96435546875}
{"event": "step", "step": 45200, "loss": 4.4374, "lr": 0.002701628838716145, "gnorm": 0.567, "tok_per_s": 116705.5, "load": 9.04736328125}
{"event": "step", "step": 45300, "loss": 4.3256, "lr": 0.0027002380279506984, "gnorm": 0.68, "tok_per_s": 116639.5, "load": 9.2041015625}
{"event": "step", "step": 45400, "loss": 4.2699, "lr": 0.002698844387902887, "gnorm": 0.474, "tok_per_s": 116602.4, "load": 8.8779296875}
{"event": "step", "step": 45500, "loss": 4.1456, "lr": 0.0026974479223271, "gnorm": 0.38, "tok_per_s": 116601.1, "load": 8.96826171875}
{"event": "step", "step": 45600, "loss": 4.2559, "lr": 0.002696048634985337, "gnorm": 0.479, "tok_per_s": 116538.5, "load": 8.966796875}
{"event": "step", "step": 45700, "loss": 4.2597, "lr": 0.002694646529647199, "gnorm": 0.768, "tok_per_s": 116544.8, "load": 9.3701171875}
{"event": "step", "step": 45800, "loss": 4.1717, "lr": 0.0026932416100898804, "gnorm": 0.66, "tok_per_s": 116543.6, "load": 9.10009765625}
{"event": "step", "step": 45900, "loss": 4.2082, "lr": 0.0026918338800981543, "gnorm": 0.517, "tok_per_s": 116534.9, "load": 9.09130859375}
{"event": "step", "step": 46000, "loss": 4.2959, "lr": 0.002690423343464367, "gnorm": 0.537, "tok_per_s": 116519.7, "load": 9.16455078125}
{"event": "step", "step": 46100, "loss": 4.2858, "lr": 0.002689010003988426, "gnorm": 1.058, "tok_per_s": 116542.2, "load": 11.3271484375}
{"event": "step", "step": 46200, "loss": 4.162, "lr": 0.0026875938654777874, "gnorm": 0.649, "tok_per_s": 116512.7, "load": 11.060546875}
{"event": "step", "step": 46300, "loss": 4.2913, "lr": 0.002686174931747449, "gnorm": 1.362, "tok_per_s": 116504.0, "load": 10.349609375}
{"event": "step", "step": 46400, "loss": 4.2411, "lr": 0.0026847532066199393, "gnorm": 0.471, "tok_per_s": 116500.3, "load": 10.1611328125}
{"event": "step", "step": 46500, "loss": 4.3355, "lr": 0.002683328693925306, "gnorm": 1.83, "tok_per_s": 116535.1, "load": 9.90771484375}
{"event": "step", "step": 46600, "loss": 4.3076, "lr": 0.002681901397501106, "gnorm": 0.751, "tok_per_s": 116477.6, "load": 9.75537109375}
{"event": "step", "step": 46700, "loss": 4.1825, "lr": 0.0026804713211923963, "gnorm": 0.477, "tok_per_s": 116516.6, "load": 9.69482421875}
{"event": "step", "step": 46800, "loss": 4.2765, "lr": 0.0026790384688517217, "gnorm": 0.817, "tok_per_s": 116467.6, "load": 9.427734375}
{"event": "step", "step": 46900, "loss": 4.1349, "lr": 0.002677602844339107, "gnorm": 0.6, "tok_per_s": 116474.6, "load": 9.15283203125}
{"event": "step", "step": 47000, "loss": 4.3227, "lr": 0.0026761644515220433, "gnorm": 1.036, "tok_per_s": 116526.5, "load": 9.380859375}
{"event": "step", "step": 47100, "loss": 4.1298, "lr": 0.0026747232942754807, "gnorm": 1.023, "tok_per_s": 116477.0, "load": 9.32861328125}
{"event": "step", "step": 47200, "loss": 4.4056, "lr": 0.002673279376481816, "gnorm": 0.393, "tok_per_s": 116518.8, "load": 9.623046875}
{"event": "step", "step": 47300, "loss": 4.3293, "lr": 0.0026718327020308816, "gnorm": 0.406, "tok_per_s": 116509.9, "load": 9.36669921875}
{"event": "step", "step": 47400, "loss": 4.3653, "lr": 0.0026703832748199395, "gnorm": 0.506, "tok_per_s": 116354.0, "load": 9.57763671875}
{"event": "step", "step": 47500, "loss": 4.1209, "lr": 0.002668931098753664, "gnorm": 1.204, "tok_per_s": 116502.8, "load": 9.77197265625}
{"event": "step", "step": 47600, "loss": 4.1918, "lr": 0.002667476177744136, "gnorm": 0.987, "tok_per_s": 116431.2, "load": 10.0478515625}
{"event": "step", "step": 47700, "loss": 4.3102, "lr": 0.0026660185157108313, "gnorm": 0.443, "tok_per_s": 116484.0, "load": 15.32958984375}
{"event": "step", "step": 47800, "loss": 4.352, "lr": 0.0026645581165806098, "gnorm": 0.348, "tok_per_s": 116487.6, "load": 14.51611328125}
{"event": "step", "step": 47900, "loss": 4.4709, "lr": 0.0026630949842877056, "gnorm": 0.857, "tok_per_s": 116486.7, "load": 14.474609375}
{"event": "step", "step": 48000, "loss": 4.337, "lr": 0.002661629122773713, "gnorm": 0.545, "tok_per_s": 116485.3, "load": 14.59716796875}
{"event": "step", "step": 48100, "loss": 4.1632, "lr": 0.002660160535987583, "gnorm": 0.607, "tok_per_s": 116387.4, "load": 18.375}
{"event": "step", "step": 48200, "loss": 4.2498, "lr": 0.0026586892278856046, "gnorm": 0.812, "tok_per_s": 116354.0, "load": 17.7041015625}
{"event": "step", "step": 48300, "loss": 4.3176, "lr": 0.0026572152024314, "gnorm": 0.405, "tok_per_s": 116258.5, "load": 20.603515625}
{"event": "step", "step": 48400, "loss": 4.288, "lr": 0.0026557384635959107, "gnorm": 0.374, "tok_per_s": 116441.3, "load": 19.83447265625}
{"event": "step", "step": 48500, "loss": 4.1567, "lr": 0.002654259015357389, "gnorm": 0.493, "tok_per_s": 116393.2, "load": 19.126953125}
{"event": "step", "step": 48600, "loss": 4.314, "lr": 0.002652776861701385, "gnorm": 0.948, "tok_per_s": 116329.2, "load": 18.01806640625}
{"event": "step", "step": 48700, "loss": 4.327, "lr": 0.002651292006620737, "gnorm": 0.532, "tok_per_s": 116270.2, "load": 18.09716796875}
{"event": "step", "step": 48800, "loss": 4.3837, "lr": 0.002649804454115563, "gnorm": 0.84, "tok_per_s": 115919.6, "load": 17.626953125}
{"event": "step", "step": 48900, "loss": 4.1536, "lr": 0.0026483142081932445, "gnorm": 0.644, "tok_per_s": 116209.0, "load": 17.33642578125}
{"event": "step", "step": 49000, "loss": 4.307, "lr": 0.0026468212728684207, "gnorm": 0.975, "tok_per_s": 115848.1, "load": 17.22900390625}
{"event": "step", "step": 49100, "loss": 4.3076, "lr": 0.0026453256521629764, "gnorm": 0.348, "tok_per_s": 116350.0, "load": 17.16162109375}
{"event": "step", "step": 49200, "loss": 4.4525, "lr": 0.0026438273501060293, "gnorm": 0.51, "tok_per_s": 116359.5, "load": 17.1484375}
{"event": "step", "step": 49300, "loss": 4.3359, "lr": 0.0026423263707339214, "gnorm": 1.303, "tok_per_s": 116313.8, "load": 16.583984375}
{"event": "step", "step": 49400, "loss": 4.2801, "lr": 0.002640822718090207, "gnorm": 0.422, "tok_per_s": 116260.8, "load": 16.93798828125}
{"event": "step", "step": 49500, "loss": 4.1066, "lr": 0.0026393163962256413, "gnorm": 0.422, "tok_per_s": 116041.4, "load": 20.009765625}
{"event": "step", "step": 49600, "loss": 4.2565, "lr": 0.002637807409198172, "gnorm": 0.826, "tok_per_s": 115996.3, "load": 20.0087890625}
{"event": "step", "step": 49700, "loss": 4.2815, "lr": 0.002636295761072925, "gnorm": 0.833, "tok_per_s": 116295.0, "load": 19.52734375}
{"event": "step", "step": 49800, "loss": 4.2983, "lr": 0.002634781455922196, "gnorm": 0.99, "tok_per_s": 116377.2, "load": 18.55517578125}
{"event": "step", "step": 49900, "loss": 4.2391, "lr": 0.0026332644978254377, "gnorm": 0.374, "tok_per_s": 116392.2, "load": 18.10986328125}
{"event": "step", "step": 50000, "loss": 4.3745, "lr": 0.00263174489086925, "gnorm": 0.583, "tok_per_s": 116312.6, "load": 18.09912109375}
{"event": "step", "step": 50100, "loss": 4.2809, "lr": 0.0026302226391473698, "gnorm": 0.985, "tok_per_s": 82908.9, "load": 17.7216796875}
{"event": "step", "step": 50200, "loss": 4.2713, "lr": 0.0026286977467606565, "gnorm": 0.679, "tok_per_s": 116331.6, "load": 17.26318359375}
{"event": "step", "step": 50300, "loss": 4.2618, "lr": 0.002627170217817086, "gnorm": 1.742, "tok_per_s": 116011.8, "load": 17.24169921875}
{"event": "step", "step": 50400, "loss": 4.2349, "lr": 0.0026256400564317354, "gnorm": 0.375, "tok_per_s": 116050.7, "load": 20.9677734375}
{"event": "step", "step": 50500, "loss": 4.1561, "lr": 0.0026241072667267723, "gnorm": 1.273, "tok_per_s": 116222.5, "load": 20.16943359375}
{"event": "step", "step": 50600, "loss": 4.3119, "lr": 0.002622571852831448, "gnorm": 0.378, "tok_per_s": 116124.7, "load": 19.12744140625}
{"event": "step", "step": 50700, "loss": 4.2062, "lr": 0.002621033818882081, "gnorm": 0.898, "tok_per_s": 116221.2, "load": 19.037109375}
{"event": "step", "step": 50800, "loss": 4.2312, "lr": 0.002619493169022048, "gnorm": 0.803, "tok_per_s": 116326.5, "load": 18.63330078125}
{"event": "step", "step": 50900, "loss": 4.0912, "lr": 0.0026179499074017736, "gnorm": 0.684, "tok_per_s": 116366.0, "load": 18.16064453125}
{"event": "step", "step": 51000, "loss": 4.3661, "lr": 0.002616404038178718, "gnorm": 0.4, "tok_per_s": 116395.1, "load": 17.9873046875}
{"event": "step", "step": 51100, "loss": 4.3809, "lr": 0.002614855565517366, "gnorm": 0.672, "tok_per_s": 116408.4, "load": 17.22021484375}
{"event": "step", "step": 51200, "loss": 4.3115, "lr": 0.0026133044935892176, "gnorm": 0.423, "tok_per_s": 116398.0, "load": 17.84326171875}
{"event": "step", "step": 51300, "loss": 4.3392, "lr": 0.0026117508265727715, "gnorm": 0.421, "tok_per_s": 116398.3, "load": 17.615234375}
{"event": "step", "step": 51400, "loss": 4.4327, "lr": 0.0026101945686535207, "gnorm": 0.861, "tok_per_s": 116416.3, "load": 16.80615234375}
{"event": "step", "step": 51500, "loss": 4.3971, "lr": 0.0026086357240239365, "gnorm": 0.897, "tok_per_s": 116390.7, "load": 16.4208984375}
{"event": "step", "step": 51600, "loss": 4.3666, "lr": 0.0026070742968834592, "gnorm": 1.126, "tok_per_s": 116414.2, "load": 15.8271484375}
{"event": "step", "step": 51700, "loss": 4.2963, "lr": 0.0026055102914384854, "gnorm": 1.599, "tok_per_s": 116379.0, "load": 16.24169921875}
{"event": "step", "step": 51800, "loss": 4.3179, "lr": 0.0026039437119023587, "gnorm": 0.327, "tok_per_s": 116408.6, "load": 15.82177734375}
{"event": "step", "step": 51900, "loss": 4.2346, "lr": 0.0026023745624953565, "gnorm": 1.244, "tok_per_s": 116406.9, "load": 15.59619140625}
{"event": "step", "step": 52000, "loss": 4.3153, "lr": 0.0026008028474446792, "gnorm": 0.735, "tok_per_s": 116426.8, "load": 15.54833984375}
{"event": "step", "step": 52100, "loss": 4.2265, "lr": 0.0025992285709844384, "gnorm": 0.508, "tok_per_s": 116416.4, "load": 14.9287109375}
{"event": "step", "step": 52200, "loss": 4.1638, "lr": 0.0025976517373556478, "gnorm": 0.736, "tok_per_s": 116394.6, "load": 15.0947265625}
{"event": "step", "step": 52300, "loss": 4.1915, "lr": 0.002596072350806208, "gnorm": 0.387, "tok_per_s": 116402.2, "load": 14.4453125}
{"event": "step", "step": 52400, "loss": 4.2101, "lr": 0.0025944904155908977, "gnorm": 1.666, "tok_per_s": 116413.7, "load": 14.4091796875}
{"event": "step", "step": 52500, "loss": 4.3696, "lr": 0.002592905935971362, "gnorm": 0.654, "tok_per_s": 116397.3, "load": 14.1357421875}
{"event": "step", "step": 52600, "loss": 4.1754, "lr": 0.0025913189162161004, "gnorm": 0.423, "tok_per_s": 116417.3, "load": 14.36767578125}
{"event": "step", "step": 52700, "loss": 4.4915, "lr": 0.0025897293606004547, "gnorm": 1.178, "tok_per_s": 116424.1, "load": 13.9375}
{"event": "step", "step": 52800, "loss": 4.3371, "lr": 0.0025881372734065985, "gnorm": 0.72, "tok_per_s": 116411.7, "load": 13.33837890625}
{"event": "step", "step": 52900, "loss": 4.3064, "lr": 0.002586542658923526, "gnorm": 0.537, "tok_per_s": 116400.4, "load": 13.4716796875}
{"event": "step", "step": 53000, "loss": 4.2259, "lr": 0.0025849455214470387, "gnorm": 0.901, "tok_per_s": 116417.3, "load": 13.193359375}
{"event": "step", "step": 53100, "loss": 4.3068, "lr": 0.002583345865279736, "gnorm": 0.334, "tok_per_s": 116407.0, "load": 13.84619140625}
{"event": "step", "step": 53200, "loss": 4.3501, "lr": 0.002581743694731001, "gnorm": 1.202, "tok_per_s": 116405.7, "load": 13.7783203125}
{"event": "step", "step": 53300, "loss": 4.3759, "lr": 0.0025801390141169923, "gnorm": 0.718, "tok_per_s": 116413.5, "load": 14.126953125}
{"event": "step", "step": 53400, "loss": 4.3482, "lr": 0.002578531827760629, "gnorm": 0.434, "tok_per_s": 116408.1, "load": 14.517578125}
{"event": "step", "step": 53500, "loss": 4.2688, "lr": 0.002576922139991581, "gnorm": 0.567, "tok_per_s": 116398.0, "load": 14.47607421875}
{"event": "step", "step": 53600, "loss": 4.1554, "lr": 0.0025753099551462572, "gnorm": 0.457, "tok_per_s": 116425.2, "load": 14.71728515625}
{"event": "step", "step": 53700, "loss": 4.2308, "lr": 0.002573695277567793, "gnorm": 1.365, "tok_per_s": 116413.8, "load": 14.57958984375}
{"event": "step", "step": 53800, "loss": 4.3635, "lr": 0.0025720781116060393, "gnorm": 0.413, "tok_per_s": 116418.1, "load": 14.705078125}
{"event": "step", "step": 53900, "loss": 4.2505, "lr": 0.0025704584616175505, "gnorm": 1.163, "tok_per_s": 116307.6, "load": 14.568359375}
{"event": "step", "step": 54000, "loss": 4.1903, "lr": 0.0025688363319655723, "gnorm": 0.45, "tok_per_s": 116248.1, "load": 14.84326171875}
{"event": "step", "step": 54100, "loss": 4.1999, "lr": 0.0025672117270200325, "gnorm": 0.391, "tok_per_s": 116395.2, "load": 14.8349609375}
{"event": "step", "step": 54200, "loss": 4.3749, "lr": 0.002565584651157524, "gnorm": 0.428, "tok_per_s": 116434.9, "load": 14.52783203125}
{"event": "step", "step": 54300, "loss": 4.2613, "lr": 0.0025639551087612996, "gnorm": 1.098, "tok_per_s": 116434.0, "load": 14.31201171875}
{"event": "step", "step": 54400, "loss": 4.3433, "lr": 0.0025623231042212536, "gnorm": 0.56, "tok_per_s": 116451.9, "load": 14.12646484375}
{"event": "step", "step": 54500, "loss": 4.191, "lr": 0.002560688641933916, "gnorm": 0.363, "tok_per_s": 116469.8, "load": 14.1162109375}
{"event": "step", "step": 54600, "loss": 4.2117, "lr": 0.002559051726302436, "gnorm": 0.821, "tok_per_s": 116483.7, "load": 14.25244140625}
{"event": "step", "step": 54700, "loss": 4.3357, "lr": 0.0025574123617365723, "gnorm": 0.636, "tok_per_s": 116497.1, "load": 14.15185546875}
{"event": "step", "step": 54800, "loss": 4.286, "lr": 0.0025557705526526816, "gnorm": 0.345, "tok_per_s": 116513.2, "load": 13.90771484375}
{"event": "step", "step": 54900, "loss": 4.1577, "lr": 0.0025541263034737052, "gnorm": 0.631, "tok_per_s": 116503.8, "load": 13.99560546875}
{"event": "step", "step": 55000, "loss": 4.2579, "lr": 0.0025524796186291586, "gnorm": 0.905, "tok_per_s": 116494.9, "load": 13.83544921875}
{"event": "step", "step": 55100, "loss": 4.3123, "lr": 0.002550830502555118, "gnorm": 0.369, "tok_per_s": 86040.8, "load": 13.88623046875}
{"event": "step", "step": 55200, "loss": 4.2266, "lr": 0.00254917895969421, "gnorm": 0.569, "tok_per_s": 116645.9, "load": 13.52197265625}
{"event": "step", "step": 55300, "loss": 4.329, "lr": 0.002547524994495598, "gnorm": 0.717, "tok_per_s": 116615.5, "load": 13.47998046875}
{"event": "step", "step": 55400, "loss": 4.4041, "lr": 0.0025458686114149718, "gnorm": 0.789, "tok_per_s": 116419.3, "load": 13.3134765625}
{"event": "step", "step": 55500, "loss": 4.1761, "lr": 0.002544209814914535, "gnorm": 0.515, "tok_per_s": 116616.3, "load": 13.60888671875}
{"event": "step", "step": 55600, "loss": 4.2963, "lr": 0.0025425486094629917, "gnorm": 0.813, "tok_per_s": 116587.5, "load": 13.80078125}
{"event": "step", "step": 55700, "loss": 4.2229, "lr": 0.0025408849995355366, "gnorm": 0.4, "tok_per_s": 116564.3, "load": 13.912109375}
{"event": "step", "step": 55800, "loss": 4.2784, "lr": 0.0025392189896138407, "gnorm": 1.206, "tok_per_s": 116589.7, "load": 14.23974609375}
{"event": "step", "step": 55900, "loss": 4.3786, "lr": 0.002537550584186043, "gnorm": 0.556, "tok_per_s": 116489.7, "load": 14.578125}
{"event": "step", "step": 56000, "loss": 4.4061, "lr": 0.0025358797877467324, "gnorm": 1.108, "tok_per_s": 116563.7, "load": 14.29150390625}
{"event": "step", "step": 56100, "loss": 4.2874, "lr": 0.002534206604796942, "gnorm": 0.358, "tok_per_s": 116567.2, "load": 14.26806640625}
{"event": "step", "step": 56200, "loss": 4.1778, "lr": 0.0025325310398441325, "gnorm": 0.4, "tok_per_s": 116591.2, "load": 14.70751953125}
{"event": "step", "step": 56300, "loss": 4.1588, "lr": 0.0025308530974021822, "gnorm": 0.685, "tok_per_s": 116534.9, "load": 14.490234375}
{"event": "step", "step": 56400, "loss": 4.3305, "lr": 0.0025291727819913737, "gnorm": 0.388, "tok_per_s": 116470.5, "load": 15.10400390625}
{"event": "step", "step": 56500, "loss": 4.2525, "lr": 0.0025274900981383827, "gnorm": 0.66, "tok_per_s": 116579.2, "load": 14.61474609375}
{"event": "step", "step": 56600, "loss": 4.2884, "lr": 0.0025258050503762647, "gnorm": 1.32, "tok_per_s": 116635.2, "load": 14.0048828125}
{"event": "step", "step": 56700, "loss": 4.3948, "lr": 0.0025241176432444445, "gnorm": 0.399, "tok_per_s": 116675.3, "load": 12.84765625}
{"event": "step", "step": 56800, "loss": 4.2342, "lr": 0.0025224278812887016, "gnorm": 0.707, "tok_per_s": 116680.6, "load": 12.37890625}
{"event": "step", "step": 56900, "loss": 4.3036, "lr": 0.0025207357690611608, "gnorm": 0.678, "tok_per_s": 116686.1, "load": 11.3974609375}
{"event": "step", "step": 57000, "loss": 4.181, "lr": 0.0025190413111202768, "gnorm": 0.363, "tok_per_s": 116723.8, "load": 10.884765625}
{"event": "step", "step": 57100, "loss": 4.2952, "lr": 0.0025173445120308248, "gnorm": 0.429, "tok_per_s": 116743.6, "load": 10.4931640625}
{"event": "step", "step": 57200, "loss": 4.2216, "lr": 0.002515645376363886, "gnorm": 0.405, "tok_per_s": 116732.3, "load": 10.26953125}
{"event": "step", "step": 57300, "loss": 4.084, "lr": 0.002513943908696837, "gnorm": 0.37, "tok_per_s": 116758.0, "load": 9.92724609375}
{"event": "step", "step": 57400, "loss": 4.297, "lr": 0.002512240113613336, "gnorm": 0.362, "tok_per_s": 116762.4, "load": 9.2490234375}
{"event": "step", "step": 57500, "loss": 4.1979, "lr": 0.0025105339957033125, "gnorm": 0.873, "tok_per_s": 116794.9, "load": 8.98876953125}
{"event": "step", "step": 57600, "loss": 4.1101, "lr": 0.002508825559562951, "gnorm": 0.543, "tok_per_s": 116783.2, "load": 8.755859375}
{"event": "step", "step": 57700, "loss": 4.1471, "lr": 0.002507114809794683, "gnorm": 0.618, "tok_per_s": 116804.6, "load": 8.53515625}
{"event": "step", "step": 57800, "loss": 4.384, "lr": 0.0025054017510071727, "gnorm": 0.566, "tok_per_s": 116812.4, "load": 8.73291015625}
{"event": "step", "step": 57900, "loss": 4.1495, "lr": 0.002503686387815305, "gnorm": 0.356, "tok_per_s": 116799.8, "load": 8.318359375}
{"event": "step", "step": 58000, "loss": 4.2997, "lr": 0.002501968724840171, "gnorm": 0.634, "tok_per_s": 116804.9, "load": 8.13232421875}
{"event": "step", "step": 58100, "loss": 4.2567, "lr": 0.0025002487667090596, "gnorm": 1.09, "tok_per_s": 116741.4, "load": 9.37060546875}
{"event": "step", "step": 58200, "loss": 4.3127, "lr": 0.002498526518055441, "gnorm": 1.022, "tok_per_s": 116841.8, "load": 9.1806640625}
{"event": "step", "step": 58300, "loss": 4.4706, "lr": 0.0024968019835189563, "gnorm": 1.231, "tok_per_s": 116825.0, "load": 8.92578125}
{"event": "step", "step": 58400, "loss": 4.1054, "lr": 0.0024950751677454055, "gnorm": 0.406, "tok_per_s": 116838.5, "load": 8.4755859375}
{"event": "step", "step": 58500, "loss": 4.3503, "lr": 0.0024933460753867325, "gnorm": 0.91, "tok_per_s": 116837.4, "load": 8.27734375}
{"event": "step", "step": 58600, "loss": 4.1924, "lr": 0.0024916147111010162, "gnorm": 0.567, "tok_per_s": 116826.3, "load": 8.30810546875}
{"event": "step", "step": 58700, "loss": 4.3234, "lr": 0.0024898810795524547, "gnorm": 0.703, "tok_per_s": 116856.8, "load": 9.00439453125}
{"event": "step", "step": 58800, "loss": 4.2236, "lr": 0.0024881451854113536, "gnorm": 0.419, "tok_per_s": 116831.4, "load": 8.923828125}
{"event": "step", "step": 58900, "loss": 4.22, "lr": 0.002486407033354115, "gnorm": 0.447, "tok_per_s": 116840.7, "load": 8.701171875}
{"event": "step", "step": 59000, "loss": 4.2236, "lr": 0.002484666628063223, "gnorm": 0.418, "tok_per_s": 116848.9, "load": 8.64501953125}
{"event": "step", "step": 59100, "loss": 4.1692, "lr": 0.0024829239742272307, "gnorm": 0.349, "tok_per_s": 116826.0, "load": 8.9462890625}
{"event": "step", "step": 59200, "loss": 4.3143, "lr": 0.002481179076540752, "gnorm": 0.634, "tok_per_s": 116840.8, "load": 8.7099609375}
{"event": "step", "step": 59300, "loss": 4.4013, "lr": 0.0024794319397044417, "gnorm": 0.491, "tok_per_s": 116818.0, "load": 8.57275390625}
{"event": "step", "step": 59400, "loss": 4.2835, "lr": 0.002477682568424989, "gnorm": 0.428, "tok_per_s": 116830.8, "load": 8.41748046875}
{"event": "step", "step": 59500, "loss": 4.3475, "lr": 0.0024759309674151028, "gnorm": 0.389, "tok_per_s": 116828.2, "load": 8.3037109375}
{"event": "step", "step": 59600, "loss": 4.3748, "lr": 0.002474177141393497, "gnorm": 0.512, "tok_per_s": 116812.8, "load": 8.9462890625}
{"event": "step", "step": 59700, "loss": 4.1812, "lr": 0.0024724210950848808, "gnorm": 0.42, "tok_per_s": 116832.2, "load": 8.7099609375}
{"event": "step", "step": 59800, "loss": 4.2097, "lr": 0.0024706628332199446, "gnorm": 0.711, "tok_per_s": 116863.6, "load": 8.8134765625}
{"event": "step", "step": 59900, "loss": 3.9913, "lr": 0.0024689023605353475, "gnorm": 0.747, "tok_per_s": 116773.0, "load": 8.38037109375}
{"event": "step", "step": 60000, "loss": 4.261, "lr": 0.0024671396817737036, "gnorm": 0.427, "tok_per_s": 116806.7, "load": 8.43017578125}
eval 60000 {'bpb': 1.3827770133199364, 'nats_per_token': 4.169239193479456, 'tokens': 16379, 'bytes': 71247}
{"event": "step", "step": 60100, "loss": 4.4045, "lr": 0.0024653748016835713, "gnorm": 0.749, "tok_per_s": 83760.0, "load": 8.5048828125}
{"event": "step", "step": 60200, "loss": 4.2038, "lr": 0.002463607725019438, "gnorm": 0.531, "tok_per_s": 116640.8, "load": 8.27978515625}
{"event": "step", "step": 60300, "loss": 4.2504, "lr": 0.0024618384565417103, "gnorm": 0.527, "tok_per_s": 116769.1, "load": 8.498046875}
{"event": "step", "step": 60400, "loss": 4.3089, "lr": 0.0024600670010166974, "gnorm": 0.51, "tok_per_s": 116781.1, "load": 8.2978515625}
{"event": "step", "step": 60500, "loss": 4.3711, "lr": 0.0024582933632166007, "gnorm": 0.706, "tok_per_s": 116635.4, "load": 9.021484375}
{"event": "step", "step": 60600, "loss": 4.3046, "lr": 0.002456517547919502, "gnorm": 0.482, "tok_per_s": 116733.4, "load": 9.42041015625}
{"event": "step", "step": 60700, "loss": 4.1724, "lr": 0.0024547395599093472, "gnorm": 0.787, "tok_per_s": 116751.7, "load": 9.4296875}
{"event": "step", "step": 60800, "loss": 4.3336, "lr": 0.002452959403975937, "gnorm": 0.485, "tok_per_s": 116759.1, "load": 9.9560546875}
{"event": "step", "step": 60900, "loss": 4.1658, "lr": 0.002451177084914912, "gnorm": 0.91, "tok_per_s": 116719.8, "load": 10.1201171875}
{"event": "step", "step": 61000, "loss": 4.4081, "lr": 0.0024493926075277394, "gnorm": 0.394, "tok_per_s": 116761.2, "load": 10.79736328125}
{"event": "step", "step": 61100, "loss": 4.3407, "lr": 0.0024476059766217004, "gnorm": 0.607, "tok_per_s": 116723.8, "load": 11.13427734375}
{"event": "step", "step": 61200, "loss": 4.2204, "lr": 0.00244581719700988, "gnorm": 0.628, "tok_per_s": 116693.9, "load": 11.50146484375}
{"event": "step", "step": 61300, "loss": 4.2034, "lr": 0.0024440262735111492, "gnorm": 0.672, "tok_per_s": 116733.5, "load": 11.78173828125}
{"event": "step", "step": 61400, "loss": 4.1908, "lr": 0.0024422332109501556, "gnorm": 0.876, "tok_per_s": 116711.3, "load": 11.71875}
{"event": "step", "step": 61500, "loss": 4.2868, "lr": 0.0024404380141573095, "gnorm": 0.906, "tok_per_s": 116687.9, "load": 11.8427734375}
{"event": "step", "step": 61600, "loss": 4.2783, "lr": 0.00243864068796877, "gnorm": 0.737, "tok_per_s": 116691.6, "load": 11.77490234375}
{"event": "step", "step": 61700, "loss": 4.1444, "lr": 0.0024368412372264333, "gnorm": 0.371, "tok_per_s": 116692.9, "load": 12.2099609375}
{"event": "step", "step": 61800, "loss": 4.2267, "lr": 0.0024350396667779193, "gnorm": 0.376, "tok_per_s": 116710.0, "load": 12.353515625}
{"event": "step", "step": 61900, "loss": 4.4519, "lr": 0.0024332359814765573, "gnorm": 0.842, "tok_per_s": 116729.4, "load": 12.1650390625}
{"event": "step", "step": 62000, "loss": 4.1924, "lr": 0.0024314301861813738, "gnorm": 0.444, "tok_per_s": 116722.9, "load": 12.62646484375}
{"event": "step", "step": 62100, "loss": 4.3636, "lr": 0.0024296222857570814, "gnorm": 0.669, "tok_per_s": 116689.9, "load": 12.89697265625}
{"event": "step", "step": 62200, "loss": 4.363, "lr": 0.0024278122850740617, "gnorm": 0.722, "tok_per_s": 116720.6, "load": 13.34814453125}
{"event": "step", "step": 62300, "loss": 4.3299, "lr": 0.0024260001890083547, "gnorm": 0.473, "tok_per_s": 116712.7, "load": 13.400390625}
{"event": "step", "step": 62400, "loss": 4.1164, "lr": 0.002424186002441646, "gnorm": 0.378, "tok_per_s": 116626.3, "load": 13.44873046875}
{"event": "step", "step": 62500, "loss": 4.3539, "lr": 0.0024223697302612527, "gnorm": 0.783, "tok_per_s": 116688.1, "load": 13.92138671875}
{"event": "step", "step": 62600, "loss": 4.1928, "lr": 0.00242055137736011, "gnorm": 0.438, "tok_per_s": 116668.2, "load": 14.087890625}
{"event": "step", "step": 62700, "loss": 4.3577, "lr": 0.002418730948636759, "gnorm": 0.375, "tok_per_s": 116665.6, "load": 14.32763671875}
{"event": "step", "step": 62800, "loss": 4.3126, "lr": 0.0024169084489953315, "gnorm": 0.474, "tok_per_s": 116682.9, "load": 14.5419921875}
{"event": "step", "step": 62900, "loss": 4.2972, "lr": 0.002415083883345541, "gnorm": 0.591, "tok_per_s": 116686.4, "load": 14.5791015625}
{"event": "step", "step": 63000, "loss": 4.1459, "lr": 0.0024132572566026643, "gnorm": 0.34, "tok_per_s": 116662.1, "load": 14.884765625}
{"event": "step", "step": 63100, "loss": 4.1923, "lr": 0.002411428573687531, "gnorm": 0.574, "tok_per_s": 116569.2, "load": 14.7333984375}
{"event": "step", "step": 63200, "loss": 4.0414, "lr": 0.002409597839526511, "gnorm": 1.616, "tok_per_s": 116332.7, "load": 15.04638671875}
{"event": "step", "step": 63300, "loss": 4.2785, "lr": 0.0024077650590514986, "gnorm": 0.42, "tok_per_s": 116180.5, "load": 14.88232421875}
{"event": "step", "step": 63400, "loss": 4.2809, "lr": 0.002405930237199903, "gnorm": 0.376, "tok_per_s": 116352.0, "load": 14.6513671875}
{"event": "step", "step": 63500, "loss": 4.2933, "lr": 0.0024040933789146305, "gnorm": 0.743, "tok_per_s": 116653.5, "load": 14.55078125}
{"event": "step", "step": 63600, "loss": 4.3065, "lr": 0.002402254489144074, "gnorm": 0.626, "tok_per_s": 116523.1, "load": 14.50634765625}
{"event": "step", "step": 63700, "loss": 4.3879, "lr": 0.0024004135728421003, "gnorm": 0.496, "tok_per_s": 116663.3, "load": 14.8037109375}
{"event": "step", "step": 63800, "loss": 4.2913, "lr": 0.002398570634968035, "gnorm": 1.935, "tok_per_s": 116443.7, "load": 14.6591796875}
{"event": "step", "step": 63900, "loss": 4.4546, "lr": 0.0023967256804866477, "gnorm": 0.57, "tok_per_s": 116630.8, "load": 14.28564453125}
{"event": "step", "step": 64000, "loss": 4.465, "lr": 0.0023948787143681432, "gnorm": 0.98, "tok_per_s": 116598.5, "load": 14.01416015625}
{"event": "step", "step": 64100, "loss": 4.1651, "lr": 0.0023930297415881456, "gnorm": 0.813, "tok_per_s": 116636.4, "load": 13.6923828125}
{"event": "step", "step": 64200, "loss": 4.4176, "lr": 0.002391178767127683, "gnorm": 1.028, "tok_per_s": 116642.7, "load": 13.2041015625}
{"event": "step", "step": 64300, "loss": 4.2712, "lr": 0.002389325795973177, "gnorm": 0.653, "tok_per_s": 116491.7, "load": 13.1875}
{"event": "step", "step": 64400, "loss": 4.1765, "lr": 0.002387470833116428, "gnorm": 0.487, "tok_per_s": 116621.8, "load": 13.2529296875}
{"event": "step", "step": 64500, "loss": 4.25, "lr": 0.0023856138835546014, "gnorm": 1.59, "tok_per_s": 116670.3, "load": 13.5087890625}
{"event": "step", "step": 64600, "loss": 4.2535, "lr": 0.0023837549522902164, "gnorm": 1.019, "tok_per_s": 116671.9, "load": 13.2275390625}
{"event": "step", "step": 64700, "loss": 4.2276, "lr": 0.002381894044331128, "gnorm": 0.553, "tok_per_s": 116699.6, "load": 13.56787109375}
{"event": "step", "step": 64800, "loss": 4.3158, "lr": 0.00238003116469052, "gnorm": 0.441, "tok_per_s": 116583.4, "load": 13.44189453125}
{"event": "step", "step": 64900, "loss": 4.2292, "lr": 0.002378166318386884, "gnorm": 0.713, "tok_per_s": 116625.7, "load": 13.326171875}
{"event": "step", "step": 65000, "loss": 4.2046, "lr": 0.0023762995104440114, "gnorm": 0.741, "tok_per_s": 116676.8, "load": 13.65771484375}
{"event": "step", "step": 65100, "loss": 4.1305, "lr": 0.002374430745890979, "gnorm": 0.453, "tok_per_s": 85822.9, "load": 14.486328125}
{"event": "step", "step": 65200, "loss": 4.1978, "lr": 0.0023725600297621334, "gnorm": 0.408, "tok_per_s": 116763.6, "load": 14.3671875}
{"event": "step", "step": 65300, "loss": 4.1724, "lr": 0.0023706873670970787, "gnorm": 0.434, "tok_per_s": 116763.5, "load": 14.390625}
{"event": "step", "step": 65400, "loss": 4.0831, "lr": 0.0023688127629406634, "gnorm": 0.521, "tok_per_s": 116726.4, "load": 14.19873046875}
{"event": "step", "step": 65500, "loss": 4.2888, "lr": 0.0023669362223429666, "gnorm": 1.174, "tok_per_s": 116738.8, "load": 14.1826171875}
{"event": "step", "step": 65600, "loss": 4.2273, "lr": 0.002365057750359283, "gnorm": 0.602, "tok_per_s": 116709.5, "load": 14.603515625}
{"event": "step", "step": 65700, "loss": 4.2804, "lr": 0.0023631773520501097, "gnorm": 0.972, "tok_per_s": 116580.6, "load": 14.8759765625}
{"event": "step", "step": 65800, "loss": 4.1988, "lr": 0.0023612950324811356, "gnorm": 0.483, "tok_per_s": 116277.3, "load": 14.58740234375}
{"event": "step", "step": 65900, "loss": 4.3067, "lr": 0.0023594107967232236, "gnorm": 0.532, "tok_per_s": 116334.5, "load": 14.0595703125}
{"event": "step", "step": 66000, "loss": 4.2524, "lr": 0.0023575246498523995, "gnorm": 0.841, "tok_per_s": 116468.2, "load": 14.13525390625}
{"event": "step", "step": 66100, "loss": 4.4005, "lr": 0.002355636596949837, "gnorm": 0.573, "tok_per_s": 116635.5, "load": 14.64990234375}
{"event": "step", "step": 66200, "loss": 4.3306, "lr": 0.0023537466431018447, "gnorm": 1.519, "tok_per_s": 116617.6, "load": 14.4375}
{"event": "step", "step": 66300, "loss": 4.2605, "lr": 0.0023518547933998523, "gnorm": 0.99, "tok_per_s": 116616.1, "load": 14.537109375}
{"event": "step", "step": 66400, "loss": 4.2421, "lr": 0.002349961052940397, "gnorm": 0.658, "tok_per_s": 116597.7, "load": 14.57421875}
{"event": "step", "step": 66500, "loss": 4.1346, "lr": 0.0023480654268251094, "gnorm": 0.466, "tok_per_s": 116464.7, "load": 14.36767578125}
{"event": "step", "step": 66600, "loss": 4.3429, "lr": 0.0023461679201607004, "gnorm": 0.598, "tok_per_s": 116267.8, "load": 14.85302734375}
{"event": "step", "step": 66700, "loss": 4.3442, "lr": 0.0023442685380589455, "gnorm": 1.255, "tok_per_s": 116604.4, "load": 14.46435546875}
{"event": "step", "step": 66800, "loss": 4.1324, "lr": 0.0023423672856366746, "gnorm": 1.094, "tok_per_s": 116613.1, "load": 14.5947265625}
{"event": "step", "step": 66900, "loss": 4.0639, "lr": 0.0023404641680157545, "gnorm": 0.709, "tok_per_s": 116591.7, "load": 14.70751953125}
{"event": "step", "step": 67000, "loss": 4.1654, "lr": 0.002338559190323077, "gnorm": 0.456, "tok_per_s": 116639.9, "load": 14.97119140625}
{"event": "step", "step": 67100, "loss": 4.1358, "lr": 0.0023366523576905467, "gnorm": 0.877, "tok_per_s": 116627.0, "load": 15.1298828125}
{"event": "step", "step": 67200, "loss": 4.184, "lr": 0.002334743675255063, "gnorm": 0.47, "tok_per_s": 116608.7, "load": 15.119140625}
{"event": "step", "step": 67300, "loss": 4.501, "lr": 0.0023328331481585083, "gnorm": 0.975, "tok_per_s": 116615.9, "load": 14.93408203125}
{"event": "step", "step": 67400, "loss": 3.9981, "lr": 0.0023309207815477373, "gnorm": 0.579, "tok_per_s": 116620.7, "load": 14.939453125}
{"event": "step", "step": 67500, "loss": 4.2138, "lr": 0.0023290065805745574, "gnorm": 0.766, "tok_per_s": 116560.8, "load": 23.68896484375}
{"event": "step", "step": 67600, "loss": 4.2758, "lr": 0.0023270905503957186, "gnorm": 0.747, "tok_per_s": 116600.4, "load": 22.8330078125}
{"event": "step", "step": 67700, "loss": 4.1769, "lr": 0.002325172696172899, "gnorm": 0.43, "tok_per_s": 116621.3, "load": 22.12548828125}
{"event": "step", "step": 67800, "loss": 4.2726, "lr": 0.002323253023072691, "gnorm": 0.898, "tok_per_s": 116627.4, "load": 20.64208984375}
{"event": "step", "step": 67900, "loss": 4.1348, "lr": 0.002321331536266585, "gnorm": 1.066, "tok_per_s": 116621.1, "load": 19.70947265625}
{"event": "step", "step": 68000, "loss": 4.3171, "lr": 0.0023194082409309594, "gnorm": 0.795, "tok_per_s": 116635.9, "load": 18.8310546875}
{"event": "step", "step": 68100, "loss": 4.3708, "lr": 0.002317483142247064, "gnorm": 1.221, "tok_per_s": 116494.7, "load": 18.12353515625}
{"event": "step", "step": 68200, "loss": 4.2329, "lr": 0.002315556245401007, "gnorm": 0.622, "tok_per_s": 116519.2, "load": 18.033203125}
{"event": "step", "step": 68300, "loss": 4.2345, "lr": 0.002313627555583741, "gnorm": 1.007, "tok_per_s": 116610.6, "load": 17.49267578125}
{"event": "step", "step": 68400, "loss": 4.2637, "lr": 0.0023116970779910465, "gnorm": 0.714, "tok_per_s": 116630.2, "load": 16.97265625}
{"event": "step", "step": 68500, "loss": 4.1844, "lr": 0.002309764817823523, "gnorm": 0.418, "tok_per_s": 116608.6, "load": 16.3740234375}
{"event": "step", "step": 68600, "loss": 4.2401, "lr": 0.002307830780286571, "gnorm": 0.502, "tok_per_s": 116627.0, "load": 15.943359375}
{"event": "step", "step": 68700, "loss": 4.3519, "lr": 0.002305894970590379, "gnorm": 0.852, "tok_per_s": 116622.9, "load": 15.78759765625}
{"event": "step", "step": 68800, "loss": 4.2825, "lr": 0.0023039573939499097, "gnorm": 0.588, "tok_per_s": 116628.0, "load": 15.685546875}
{"event": "step", "step": 68900, "loss": 4.2842, "lr": 0.0023020180555848864, "gnorm": 0.426, "tok_per_s": 116633.3, "load": 15.55029296875}
{"event": "step", "step": 69000, "loss": 4.3408, "lr": 0.002300076960719778, "gnorm": 0.844, "tok_per_s": 116643.7, "load": 15.3115234375}
{"event": "step", "step": 69100, "loss": 4.072, "lr": 0.002298134114583784, "gnorm": 0.446, "tok_per_s": 116181.7, "load": 15.44677734375}
{"event": "step", "step": 69200, "loss": 4.3333, "lr": 0.002296189522410825, "gnorm": 0.763, "tok_per_s": 116621.4, "load": 15.09033203125}
{"event": "step", "step": 69300, "loss": 4.1845, "lr": 0.002294243189439521, "gnorm": 0.453, "tok_per_s": 116520.1, "load": 21.0634765625}
{"event": "step", "step": 69400, "loss": 4.2548, "lr": 0.0022922951209131855, "gnorm": 0.487, "tok_per_s": 116574.3, "load": 20.65771484375}
{"event": "step", "step": 69500, "loss": 4.108, "lr": 0.0022903453220798056, "gnorm": 0.424, "tok_per_s": 116407.2, "load": 19.93505859375}
{"event": "step", "step": 69600, "loss": 4.0508, "lr": 0.0022883937981920295, "gnorm": 0.375, "tok_per_s": 116337.6, "load": 19.45947265625}
{"event": "step", "step": 69700, "loss": 4.1125, "lr": 0.0022864405545071536, "gnorm": 0.492, "tok_per_s": 115957.2, "load": 18.86181640625}
{"event": "step", "step": 69800, "loss": 4.3351, "lr": 0.0022844855962871067, "gnorm": 1.158, "tok_per_s": 115889.0, "load": 17.947265625}
{"event": "step", "step": 69900, "loss": 4.3465, "lr": 0.002282528928798437, "gnorm": 1.371, "tok_per_s": 116080.2, "load": 17.310546875}
{"event": "step", "step": 70000, "loss": 4.2773, "lr": 0.0022805705573122966, "gnorm": 0.621, "tok_per_s": 116209.8, "load": 17.1025390625}
{"event": "step", "step": 70100, "loss": 4.2308, "lr": 0.0022786104871044283, "gnorm": 0.557, "tok_per_s": 85221.9, "load": 16.1640625}
{"event": "step", "step": 70200, "loss": 4.3565, "lr": 0.002276648723455152, "gnorm": 1.113, "tok_per_s": 116531.5, "load": 16.3115234375}
{"event": "step", "step": 70300, "loss": 4.231, "lr": 0.002274685271649349, "gnorm": 0.518, "tok_per_s": 116714.9, "load": 16.1259765625}
{"event": "step", "step": 70400, "loss": 4.3011, "lr": 0.0022727201369764473, "gnorm": 0.499, "tok_per_s": 116711.0, "load": 15.638671875}
{"event": "step", "step": 70500, "loss": 4.2711, "lr": 0.0022707533247304105, "gnorm": 0.708, "tok_per_s": 116709.4, "load": 15.58740234375}
{"event": "step", "step": 70600, "loss": 4.3242, "lr": 0.00226878484020972, "gnorm": 0.426, "tok_per_s": 116667.4, "load": 15.20166015625}
{"event": "step", "step": 70700, "loss": 4.3764, "lr": 0.0022668146887173638, "gnorm": 1.539, "tok_per_s": 116671.8, "load": 14.94482421875}
{"event": "step", "step": 70800, "loss": 4.2253, "lr": 0.0022648428755608183, "gnorm": 0.976, "tok_per_s": 116670.6, "load": 14.548828125}
{"event": "step", "step": 70900, "loss": 4.2961, "lr": 0.002262869406052038, "gnorm": 1.017, "tok_per_s": 116656.0, "load": 14.71728515625}
{"event": "step", "step": 71000, "loss": 4.2591, "lr": 0.0022608942855074387, "gnorm": 1.029, "tok_per_s": 116653.6, "load": 14.33935546875}
{"event": "step", "step": 71100, "loss": 4.2513, "lr": 0.0022589175192478856, "gnorm": 0.383, "tok_per_s": 116614.4, "load": 13.97265625}
{"event": "step", "step": 71200, "loss": 4.3205, "lr": 0.002256939112598675, "gnorm": 0.504, "tok_per_s": 116643.8, "load": 14.13525390625}
{"event": "step", "step": 71300, "loss": 4.2825, "lr": 0.0022549590708895242, "gnorm": 0.807, "tok_per_s": 116649.5, "load": 13.8037109375}
{"event": "step", "step": 71400, "loss": 4.2585, "lr": 0.002252977399454554, "gnorm": 0.514, "tok_per_s": 116620.4, "load": 14.0068359375}
{"event": "step", "step": 71500, "loss": 4.1817, "lr": 0.002250994103632277, "gnorm": 0.924, "tok_per_s": 116589.4, "load": 14.24658203125}
{"event": "step", "step": 71600, "loss": 4.1926, "lr": 0.0022490091887655797, "gnorm": 0.614, "tok_per_s": 116620.9, "load": 14.1416015625}
{"event": "step", "step": 71700, "loss": 4.1449, "lr": 0.0022470226602017123, "gnorm": 0.564, "tok_per_s": 116613.6, "load": 14.1298828125}
{"event": "step", "step": 71800, "loss": 4.238, "lr": 0.0022450345232922714, "gnorm": 0.458, "tok_per_s": 116606.2, "load": 14.19970703125}
{"event": "step", "step": 71900, "loss": 4.1578, "lr": 0.002243044783393186, "gnorm": 0.469, "tok_per_s": 116609.6, "load": 14.31005859375}
{"event": "step", "step": 72000, "loss": 4.2083, "lr": 0.002241053445864704, "gnorm": 0.454, "tok_per_s": 116602.1, "load": 14.044921875}
{"event": "step", "step": 72100, "loss": 4.3848, "lr": 0.0022390605160713772, "gnorm": 0.557, "tok_per_s": 116618.7, "load": 14.291015625}
{"event": "step", "step": 72200, "loss": 4.2479, "lr": 0.0022370659993820466, "gnorm": 0.482, "tok_per_s": 116632.1, "load": 14.02734375}
{"event": "step", "step": 72300, "loss": 4.2294, "lr": 0.0022350699011698285, "gnorm": 0.548, "tok_per_s": 116538.7, "load": 13.94482421875}
{"event": "step", "step": 72400, "loss": 4.1934, "lr": 0.002233072226812099, "gnorm": 0.935, "tok_per_s": 116586.9, "load": 14.3544921875}
{"event": "step", "step": 72500, "loss": 4.1701, "lr": 0.0022310729816904813, "gnorm": 0.514, "tok_per_s": 116612.9, "load": 14.7265625}
{"event": "step", "step": 72600, "loss": 4.0884, "lr": 0.00222907217119083, "gnorm": 0.411, "tok_per_s": 116391.8, "load": 14.5283203125}
{"event": "step", "step": 72700, "loss": 4.2605, "lr": 0.0022270698007032155, "gnorm": 0.72, "tok_per_s": 116565.0, "load": 14.646484375}
{"event": "step", "step": 72800, "loss": 4.2093, "lr": 0.0022250658756219127, "gnorm": 0.646, "tok_per_s": 116618.7, "load": 14.43408203125}
{"event": "step", "step": 72900, "loss": 4.2234, "lr": 0.0022230604013453825, "gnorm": 0.704, "tok_per_s": 116270.2, "load": 14.22607421875}
{"event": "step", "step": 73000, "loss": 4.2126, "lr": 0.0022210533832762603, "gnorm": 0.495, "tok_per_s": 116423.8, "load": 14.4482421875}
{"event": "step", "step": 73100, "loss": 4.1054, "lr": 0.0022190448268213404, "gnorm": 0.638, "tok_per_s": 116287.2, "load": 14.58740234375}
{"event": "step", "step": 73200, "loss": 4.0136, "lr": 0.002217034737391562, "gnorm": 1.045, "tok_per_s": 116317.5, "load": 14.1396484375}
{"event": "step", "step": 73300, "loss": 4.1782, "lr": 0.0022150231204019918, "gnorm": 0.73, "tok_per_s": 116299.1, "load": 14.48681640625}
{"event": "step", "step": 73400, "loss": 4.3815, "lr": 0.0022130099812718144, "gnorm": 0.817, "tok_per_s": 116308.6, "load": 14.5283203125}
{"event": "step", "step": 73500, "loss": 4.2317, "lr": 0.0022109953254243137, "gnorm": 0.577, "tok_per_s": 116321.5, "load": 14.806640625}
{"event": "step", "step": 73600, "loss": 3.9535, "lr": 0.0022089791582868587, "gnorm": 0.749, "tok_per_s": 116396.8, "load": 15.72705078125}
{"event": "step", "step": 73700, "loss": 4.1212, "lr": 0.002206961485290891, "gnorm": 0.58, "tok_per_s": 116122.3, "load": 15.7490234375}
{"event": "step", "step": 73800, "loss": 4.1616, "lr": 0.0022049423118719095, "gnorm": 0.593, "tok_per_s": 116536.4, "load": 16.376953125}
{"event": "step", "step": 73900, "loss": 4.1771, "lr": 0.002202921643469453, "gnorm": 0.374, "tok_per_s": 116387.0, "load": 16.42724609375}
{"event": "step", "step": 74000, "loss": 4.2173, "lr": 0.0022008994855270895, "gnorm": 0.477, "tok_per_s": 116442.7, "load": 16.95361328125}
{"event": "step", "step": 74100, "loss": 4.3076, "lr": 0.0021988758434923986, "gnorm": 0.558, "tok_per_s": 116556.9, "load": 16.2841796875}
{"event": "step", "step": 74200, "loss": 4.1887, "lr": 0.0021968507228169593, "gnorm": 0.682, "tok_per_s": 116515.3, "load": 16.10107421875}
{"event": "step", "step": 74300, "loss": 4.0477, "lr": 0.0021948241289563323, "gnorm": 0.423, "tok_per_s": 115996.8, "load": 15.53759765625}
{"event": "step", "step": 74400, "loss": 4.3767, "lr": 0.0021927960673700482, "gnorm": 0.443, "tok_per_s": 116112.3, "load": 15.494140625}
{"event": "step", "step": 74500, "loss": 4.1446, "lr": 0.0021907665435215917, "gnorm": 0.564, "tok_per_s": 116363.2, "load": 15.0537109375}
{"event": "step", "step": 74600, "loss": 4.0346, "lr": 0.002188735562878385, "gnorm": 0.418, "tok_per_s": 116446.5, "load": 14.51025390625}
{"event": "step", "step": 74700, "loss": 4.2098, "lr": 0.0021867031309117774, "gnorm": 1.317, "tok_per_s": 116205.1, "load": 14.5498046875}
{"event": "step", "step": 74800, "loss": 4.2972, "lr": 0.002184669253097026, "gnorm": 0.535, "tok_per_s": 116440.4, "load": 14.62548828125}
{"event": "step", "step": 74900, "loss": 4.2709, "lr": 0.0021826339349132837, "gnorm": 0.416, "tok_per_s": 116640.5, "load": 14.5751953125}
{"event": "step", "step": 75000, "loss": 4.1514, "lr": 0.002180597181843584, "gnorm": 0.582, "tok_per_s": 116662.0, "load": 14.44873046875}
{"event": "step", "step": 75100, "loss": 4.1629, "lr": 0.002178558999374825, "gnorm": 1.455, "tok_per_s": 86297.8, "load": 14.29931640625}
{"event": "step", "step": 75200, "loss": 4.1663, "lr": 0.002176519392997755, "gnorm": 0.408, "tok_per_s": 116735.3, "load": 14.47412109375}
{"event": "step", "step": 75300, "loss": 4.2856, "lr": 0.002174478368206961, "gnorm": 0.822, "tok_per_s": 116754.4, "load": 14.7568359375}
{"event": "step", "step": 75400, "loss": 4.1777, "lr": 0.002172435930500849, "gnorm": 1.257, "tok_per_s": 116723.5, "load": 14.49951171875}
{"event": "step", "step": 75500, "loss": 4.3473, "lr": 0.0021703920853816307, "gnorm": 1.247, "tok_per_s": 116678.5, "load": 14.6201171875}
{"event": "step", "step": 75600, "loss": 4.1986, "lr": 0.002168346838355311, "gnorm": 0.593, "tok_per_s": 116478.3, "load": 14.41015625}
{"event": "step", "step": 75700, "loss": 4.029, "lr": 0.0021663001949316714, "gnorm": 0.441, "tok_per_s": 116341.7, "load": 14.11279296875}
{"event": "step", "step": 75800, "loss": 4.2076, "lr": 0.002164252160624253, "gnorm": 1.08, "tok_per_s": 116389.5, "load": 14.42431640625}
{"event": "step", "step": 75900, "loss": 4.1479, "lr": 0.002162202740950346, "gnorm": 0.403, "tok_per_s": 116266.0, "load": 14.60595703125}
{"event": "step", "step": 76000, "loss": 4.0814, "lr": 0.002160151941430973, "gnorm": 0.497, "tok_per_s": 115908.9, "load": 14.55712890625}
{"event": "step", "step": 76100, "loss": 4.2364, "lr": 0.002158099767590871, "gnorm": 0.581, "tok_per_s": 116028.0, "load": 15.3134765625}
{"event": "step", "step": 76200, "loss": 4.1576, "lr": 0.0021560462249584833, "gnorm": 0.438, "tok_per_s": 116342.5, "load": 14.970703125}
{"event": "step", "step": 76300, "loss": 4.1892, "lr": 0.0021539913190659382, "gnorm": 0.642, "tok_per_s": 116500.6, "load": 15.13330078125}
{"event": "step", "step": 76400, "loss": 4.0879, "lr": 0.0021519350554490353, "gnorm": 0.507, "tok_per_s": 116554.5, "load": 14.65771484375}
{"event": "step", "step": 76500, "loss": 4.1644, "lr": 0.002149877439647235, "gnorm": 0.673, "tok_per_s": 116545.1, "load": 14.685546875}
{"event": "step", "step": 76600, "loss": 4.2348, "lr": 0.002147818477203639, "gnorm": 0.567, "tok_per_s": 116534.7, "load": 14.63037109375}
{"event": "step", "step": 76700, "loss": 4.1905, "lr": 0.002145758173664976, "gnorm": 0.582, "tok_per_s": 116563.6, "load": 14.828125}
{"event": "step", "step": 76800, "loss": 4.1751, "lr": 0.0021436965345815887, "gnorm": 0.799, "tok_per_s": 116172.0, "load": 14.84228515625}
{"event": "step", "step": 76900, "loss": 4.2667, "lr": 0.002141633565507417, "gnorm": 0.403, "tok_per_s": 115985.0, "load": 14.77978515625}
{"event": "step", "step": 77000, "loss": 4.0653, "lr": 0.0021395692719999838, "gnorm": 0.507, "tok_per_s": 116321.1, "load": 14.7978515625}
{"event": "step", "step": 77100, "loss": 4.2933, "lr": 0.0021375036596203803, "gnorm": 0.461, "tok_per_s": 116387.1, "load": 15.21484375}
{"event": "step", "step": 77200, "loss": 4.3179, "lr": 0.00213543673393325, "gnorm": 0.452, "tok_per_s": 116400.7, "load": 15.90234375}
{"event": "step", "step": 77300, "loss": 4.5083, "lr": 0.002133368500506776, "gnorm": 1.155, "tok_per_s": 116566.1, "load": 16.15087890625}
{"event": "step", "step": 77400, "loss": 4.266, "lr": 0.0021312989649126617, "gnorm": 0.43, "tok_per_s": 116276.3, "load": 15.7333984375}
{"event": "step", "step": 77500, "loss": 4.3576, "lr": 0.002129228132726121, "gnorm": 0.722, "tok_per_s": 116147.1, "load": 15.27392578125}
{"event": "step", "step": 77600, "loss": 4.1259, "lr": 0.0021271560095258587, "gnorm": 0.589, "tok_per_s": 116312.4, "load": 14.462890625}
{"event": "step", "step": 77700, "loss": 4.2678, "lr": 0.0021250826008940593, "gnorm": 0.971, "tok_per_s": 116602.1, "load": 14.185546875}
{"event": "step", "step": 77800, "loss": 4.358, "lr": 0.00212300791241637, "gnorm": 0.457, "tok_per_s": 116630.3, "load": 14.3310546875}
{"event": "step", "step": 77900, "loss": 4.2766, "lr": 0.002120931949681884, "gnorm": 0.603, "tok_per_s": 116646.8, "load": 14.05859375}
{"event": "step", "step": 78000, "loss": 4.3703, "lr": 0.0021188547182831286, "gnorm": 0.673, "tok_per_s": 116632.3, "load": 13.5732421875}
{"event": "step", "step": 78100, "loss": 4.0387, "lr": 0.0021167762238160494, "gnorm": 0.376, "tok_per_s": 116630.4, "load": 13.404296875}
{"event": "step", "step": 78200, "loss": 4.446, "lr": 0.002114696471879994, "gnorm": 0.417, "tok_per_s": 116606.7, "load": 13.05126953125}
{"event": "step", "step": 78300, "loss": 4.288, "lr": 0.0021126154680776972, "gnorm": 0.392, "tok_per_s": 116608.7, "load": 12.966796875}
{"event": "step", "step": 78400, "loss": 4.2745, "lr": 0.0021105332180152664, "gnorm": 0.634, "tok_per_s": 116624.9, "load": 13.2861328125}
{"event": "step", "step": 78500, "loss": 4.3132, "lr": 0.0021084497273021665, "gnorm": 1.31, "tok_per_s": 116311.9, "load": 13.423828125}
{"event": "step", "step": 78600, "loss": 4.1222, "lr": 0.002106365001551205, "gnorm": 0.693, "tok_per_s": 116257.9, "load": 13.22412109375}
{"event": "step", "step": 78700, "loss": 4.1804, "lr": 0.0021042790463785157, "gnorm": 0.491, "tok_per_s": 116316.7, "load": 13.52685546875}
{"event": "step", "step": 78800, "loss": 4.1383, "lr": 0.002102191867403546, "gnorm": 0.89, "tok_per_s": 116225.0, "load": 13.64501953125}
{"event": "step", "step": 78900, "loss": 4.1855, "lr": 0.0021001034702490375, "gnorm": 0.76, "tok_per_s": 116548.5, "load": 13.77392578125}
{"event": "step", "step": 79000, "loss": 4.3027, "lr": 0.002098013860541016, "gnorm": 0.485, "tok_per_s": 116603.5, "load": 14.03271484375}
{"event": "step", "step": 79100, "loss": 4.0953, "lr": 0.0020959230439087733, "gnorm": 0.484, "tok_per_s": 116636.7, "load": 13.49853515625}
{"event": "step", "step": 79200, "loss": 4.202, "lr": 0.0020938310259848514, "gnorm": 0.496, "tok_per_s": 116584.3, "load": 13.619140625}
{"event": "step", "step": 79300, "loss": 4.2452, "lr": 0.002091737812405029, "gnorm": 0.588, "tok_per_s": 116601.1, "load": 13.97021484375}
{"event": "step", "step": 79400, "loss": 4.1493, "lr": 0.002089643408808307, "gnorm": 0.63, "tok_per_s": 116626.2, "load": 13.88818359375}
{"event": "step", "step": 79500, "loss": 4.0979, "lr": 0.0020875478208368906, "gnorm": 1.38, "tok_per_s": 116649.5, "load": 14.4580078125}
{"event": "step", "step": 79600, "loss": 4.2522, "lr": 0.0020854510541361768, "gnorm": 0.552, "tok_per_s": 116610.6, "load": 14.70166015625}
{"event": "step", "step": 79700, "loss": 4.1688, "lr": 0.0020833531143547375, "gnorm": 1.127, "tok_per_s": 116632.6, "load": 14.8857421875}
{"event": "step", "step": 79800, "loss": 4.2973, "lr": 0.0020812540071443045, "gnorm": 0.575, "tok_per_s": 116605.3, "load": 15.29541015625}
{"event": "step", "step": 79900, "loss": 4.2909, "lr": 0.002079153738159755, "gnorm": 0.991, "tok_per_s": 116600.5, "load": 14.8369140625}
{"event": "step", "step": 80000, "loss": 4.1565, "lr": 0.0020770523130590962, "gnorm": 1.551, "tok_per_s": 116611.9, "load": 14.689453125}
eval 80000 {'bpb': 1.3711795189961524, 'nats_per_token': 4.134271351654558, 'tokens': 16379, 'bytes': 71247}
{"event": "step", "step": 80100, "loss": 4.3476, "lr": 0.002074949737503449, "gnorm": 0.577, "tok_per_s": 84982.8, "load": 14.5830078125}
{"event": "step", "step": 80200, "loss": 4.2434, "lr": 0.0020728460171570346, "gnorm": 0.507, "tok_per_s": 116727.9, "load": 14.3330078125}
{"event": "step", "step": 80300, "loss": 4.1665, "lr": 0.0020707411576871572, "gnorm": 0.524, "tok_per_s": 116703.5, "load": 14.14599609375}
{"event": "step", "step": 80400, "loss": 4.1652, "lr": 0.002068635164764191, "gnorm": 1.283, "tok_per_s": 116660.0, "load": 14.85546875}
{"event": "step", "step": 80500, "loss": 4.058, "lr": 0.0020665280440615615, "gnorm": 0.886, "tok_per_s": 116668.0, "load": 14.970703125}
{"event": "step", "step": 80600, "loss": 4.0893, "lr": 0.0020644198012557354, "gnorm": 0.692, "tok_per_s": 116630.4, "load": 15.05322265625}
{"event": "step", "step": 80700, "loss": 4.0595, "lr": 0.002062310442026199, "gnorm": 0.607, "tok_per_s": 116631.6, "load": 15.46484375}
{"event": "step", "step": 80800, "loss": 4.264, "lr": 0.0020601999720554487, "gnorm": 0.819, "tok_per_s": 116620.2, "load": 15.587890625}
{"event": "step", "step": 80900, "loss": 4.1447, "lr": 0.002058088397028972, "gnorm": 0.467, "tok_per_s": 116558.6, "load": 15.861328125}
{"event": "step", "step": 81000, "loss": 4.0839, "lr": 0.0020559757226352336, "gnorm": 0.528, "tok_per_s": 116640.4, "load": 15.11328125}
{"event": "step", "step": 81100, "loss": 4.1366, "lr": 0.00205386195456566, "gnorm": 0.513, "tok_per_s": 116525.2, "load": 14.94384765625}
{"event": "step", "step": 81200, "loss": 4.2634, "lr": 0.0020517470985146244, "gnorm": 0.852, "tok_per_s": 116572.4, "load": 14.658203125}
{"event": "step", "step": 81300, "loss": 4.2319, "lr": 0.0020496311601794297, "gnorm": 0.516, "tok_per_s": 116607.3, "load": 14.525390625}
{"event": "step", "step": 81400, "loss": 4.1775, "lr": 0.002047514145260295, "gnorm": 0.529, "tok_per_s": 116587.7, "load": 14.5634765625}
{"event": "step", "step": 81500, "loss": 4.1494, "lr": 0.002045396059460341, "gnorm": 0.501, "tok_per_s": 116607.8, "load": 15.01220703125}
{"event": "step", "step": 81600, "loss": 4.3543, "lr": 0.0020432769084855703, "gnorm": 0.875, "tok_per_s": 116466.4, "load": 14.6904296875}
{"event": "step", "step": 81700, "loss": 4.353, "lr": 0.0020411566980448586, "gnorm": 0.708, "tok_per_s": 116403.9, "load": 15.03955078125}
{"event": "step", "step": 81800, "loss": 4.2882, "lr": 0.0020390354338499323, "gnorm": 0.703, "tok_per_s": 116575.3, "load": 15.11669921875}
{"event": "step", "step": 81900, "loss": 4.205, "lr": 0.0020369131216153593, "gnorm": 0.419, "tok_per_s": 116614.7, "load": 15.10693359375}
{"event": "step", "step": 82000, "loss": 4.3943, "lr": 0.00203478976705853, "gnorm": 0.868, "tok_per_s": 116574.0, "load": 15.25048828125}
{"event": "step", "step": 82100, "loss": 4.2793, "lr": 0.002032665375899641, "gnorm": 0.643, "tok_per_s": 116594.4, "load": 15.14990234375}
{"event": "step", "step": 82200, "loss": 4.2455, "lr": 0.0020305399538616846, "gnorm": 1.19, "tok_per_s": 116558.3, "load": 15.0791015625}
{"event": "step", "step": 82300, "loss": 4.3339, "lr": 0.0020284135066704284, "gnorm": 1.471, "tok_per_s": 116630.0, "load": 14.59228515625}
{"event": "step", "step": 82400, "loss": 4.502, "lr": 0.0020262860400544007, "gnorm": 0.426, "tok_per_s": 116614.1, "load": 14.54443359375}
{"event": "step", "step": 82500, "loss": 4.1236, "lr": 0.0020241575597448784, "gnorm": 0.588, "tok_per_s": 116618.0, "load": 14.6884765625}
{"event": "step", "step": 82600, "loss": 4.3302, "lr": 0.002022028071475868, "gnorm": 0.459, "tok_per_s": 116630.2, "load": 14.47314453125}
{"event": "step", "step": 82700, "loss": 4.1785, "lr": 0.002019897580984091, "gnorm": 0.529, "tok_per_s": 116609.0, "load": 14.3876953125}
{"event": "step", "step": 82800, "loss": 4.1298, "lr": 0.0020177660940089693, "gnorm": 1.248, "tok_per_s": 116624.8, "load": 14.1962890625}
{"event": "step", "step": 82900, "loss": 4.3135, "lr": 0.0020156336162926104, "gnorm": 0.508, "tok_per_s": 116604.7, "load": 14.02001953125}
{"event": "step", "step": 83000, "loss": 4.2716, "lr": 0.0020135001535797887, "gnorm": 0.712, "tok_per_s": 116615.2, "load": 14.15771484375}
{"event": "step", "step": 83100, "loss": 4.205, "lr": 0.002011365711617933, "gnorm": 1.58, "tok_per_s": 116609.2, "load": 14.3056640625}
{"event": "step", "step": 83200, "loss": 4.2219, "lr": 0.0020092302961571113, "gnorm": 1.105, "tok_per_s": 116424.0, "load": 14.92822265625}
{"event": "step", "step": 83300, "loss": 4.2553, "lr": 0.0020070939129500126, "gnorm": 0.91, "tok_per_s": 116620.9, "load": 14.533203125}
{"event": "step", "step": 83400, "loss": 4.2542, "lr": 0.002004956567751933, "gnorm": 0.44, "tok_per_s": 116614.7, "load": 14.9736328125}
{"event": "step", "step": 83500, "loss": 4.3173, "lr": 0.002002818266320761, "gnorm": 0.846, "tok_per_s": 116652.5, "load": 14.7353515625}
{"event": "step", "step": 83600, "loss": 4.2771, "lr": 0.0020006790144169607, "gnorm": 0.446, "tok_per_s": 116604.5, "load": 15.3173828125}
{"event": "step", "step": 83700, "loss": 4.2736, "lr": 0.0019985388178035564, "gnorm": 0.757, "tok_per_s": 116640.3, "load": 15.42236328125}
{"event": "step", "step": 83800, "loss": 4.1929, "lr": 0.001996397682246119, "gnorm": 0.525, "tok_per_s": 116443.8, "load": 24.037109375}
{"event": "step", "step": 83900, "loss": 4.0636, "lr": 0.001994255613512747, "gnorm": 0.405, "tok_per_s": 116621.6, "load": 22.95458984375}
{"event": "step", "step": 84000, "loss": 4.3092, "lr": 0.001992112617374053, "gnorm": 0.427, "tok_per_s": 116638.2, "load": 22.5576171875}
{"event": "step", "step": 84100, "loss": 4.193, "lr": 0.001989968699603149, "gnorm": 0.409, "tok_per_s": 116607.2, "load": 22.1123046875}
{"event": "step", "step": 84200, "loss": 4.1587, "lr": 0.0019878238659756286, "gnorm": 0.657, "tok_per_s": 116651.8, "load": 20.7783203125}
{"event": "step", "step": 84300, "loss": 4.3013, "lr": 0.001985678122269554, "gnorm": 0.62, "tok_per_s": 116629.0, "load": 20.79638671875}
{"event": "step", "step": 84400, "loss": 4.1002, "lr": 0.0019835314742654387, "gnorm": 0.535, "tok_per_s": 116541.3, "load": 19.8310546875}
{"event": "step", "step": 84500, "loss": 4.1845, "lr": 0.001981383927746231, "gnorm": 0.687, "tok_per_s": 116643.7, "load": 19.52392578125}
{"event": "step", "step": 84600, "loss": 4.1213, "lr": 0.0019792354884973023, "gnorm": 0.507, "tok_per_s": 116651.4, "load": 19.24169921875}
{"event": "step", "step": 84700, "loss": 4.3329, "lr": 0.001977086162306426, "gnorm": 0.532, "tok_per_s": 116654.5, "load": 19.52490234375}
{"event": "step", "step": 84800, "loss": 4.2886, "lr": 0.001974935954963767, "gnorm": 0.857, "tok_per_s": 116669.8, "load": 19.40234375}
{"event": "step", "step": 84900, "loss": 4.084, "lr": 0.001972784872261864, "gnorm": 0.427, "tok_per_s": 116580.9, "load": 18.50439453125}
{"event": "step", "step": 85000, "loss": 4.1407, "lr": 0.0019706329199956117, "gnorm": 0.834, "tok_per_s": 116451.0, "load": 18.1435546875}
{"event": "step", "step": 85100, "loss": 4.0906, "lr": 0.0019684801039622497, "gnorm": 0.423, "tok_per_s": 85631.1, "load": 18.380859375}
{"event": "step", "step": 85200, "loss": 4.1337, "lr": 0.001966326429961344, "gnorm": 0.422, "tok_per_s": 116745.8, "load": 18.02978515625}
{"event": "step", "step": 85300, "loss": 4.0269, "lr": 0.001964171903794771, "gnorm": 0.567, "tok_per_s": 116758.3, "load": 18.5}
{"event": "step", "step": 85400, "loss": 4.1725, "lr": 0.001962016531266704, "gnorm": 0.877, "tok_per_s": 116733.1, "load": 18.0595703125}
{"event": "step", "step": 85500, "loss": 4.3665, "lr": 0.001959860318183595, "gnorm": 0.518, "tok_per_s": 116695.4, "load": 17.814453125}
{"event": "step", "step": 85600, "loss": 4.1327, "lr": 0.0019577032703541612, "gnorm": 1.095, "tok_per_s": 116542.6, "load": 17.23388671875}
{"event": "step", "step": 85700, "loss": 4.2557, "lr": 0.0019555453935893694, "gnorm": 0.505, "tok_per_s": 116621.0, "load": 17.134765625}
{"event": "step", "step": 85800, "loss": 4.3603, "lr": 0.001953386693702418, "gnorm": 0.503, "tok_per_s": 116473.0, "load": 16.5048828125}
{"event": "step", "step": 85900, "loss": 4.132, "lr": 0.0019512271765087241, "gnorm": 0.465, "tok_per_s": 116612.9, "load": 16.06396484375}
{"event": "step", "step": 86000, "loss": 4.0735, "lr": 0.0019490668478259047, "gnorm": 0.435, "tok_per_s": 116644.7, "load": 16.0478515625}
{"event": "step", "step": 86100, "loss": 4.1446, "lr": 0.001946905713473765, "gnorm": 0.459, "tok_per_s": 116626.1, "load": 16.20458984375}
{"event": "step", "step": 86200, "loss": 4.1855, "lr": 0.0019447437792742797, "gnorm": 0.524, "tok_per_s": 116691.8, "load": 15.86767578125}
{"event": "step", "step": 86300, "loss": 4.224, "lr": 0.0019425810510515782, "gnorm": 0.671, "tok_per_s": 116663.0, "load": 15.259765625}
{"event": "step", "step": 86400, "loss": 4.1707, "lr": 0.0019404175346319297, "gnorm": 0.687, "tok_per_s": 116671.2, "load": 15.23876953125}
{"event": "step", "step": 86500, "loss": 4.0941, "lr": 0.0019382532358437248, "gnorm": 0.448, "tok_per_s": 116611.3, "load": 15.1025390625}
{"event": "step", "step": 86600, "loss": 4.3384, "lr": 0.001936088160517464, "gnorm": 0.913, "tok_per_s": 116648.7, "load": 15.2548828125}
{"event": "step", "step": 86700, "loss": 4.0769, "lr": 0.0019339223144857387, "gnorm": 0.507, "tok_per_s": 116646.9, "load": 15.71533203125}
{"event": "step", "step": 86800, "loss": 4.2808, "lr": 0.0019317557035832171, "gnorm": 0.521, "tok_per_s": 116639.2, "load": 15.4033203125}
{"event": "step", "step": 86900, "loss": 4.103, "lr": 0.0019295883336466267, "gnorm": 0.457, "tok_per_s": 116648.9, "load": 15.37060546875}
{"event": "step", "step": 87000, "loss": 4.2152, "lr": 0.0019274202105147406, "gnorm": 0.449, "tok_per_s": 116660.9, "load": 15.896484375}
{"event": "step", "step": 87100, "loss": 4.0764, "lr": 0.001925251340028362, "gnorm": 0.764, "tok_per_s": 116649.3, "load": 16.14501953125}
{"event": "step", "step": 87200, "loss": 4.0326, "lr": 0.0019230817280303054, "gnorm": 0.465, "tok_per_s": 116645.5, "load": 16.3740234375}
{"event": "step", "step": 87300, "loss": 4.2078, "lr": 0.0019209113803653843, "gnorm": 0.555, "tok_per_s": 116693.4, "load": 15.2333984375}
{"event": "step", "step": 87400, "loss": 4.098, "lr": 0.0019187403028803932, "gnorm": 0.575, "tok_per_s": 116689.3, "load": 14.73388671875}
{"event": "step", "step": 87500, "loss": 4.2145, "lr": 0.0019165685014240939, "gnorm": 1.054, "tok_per_s": 116711.2, "load": 13.78466796875}
{"event": "step", "step": 87600, "loss": 4.3381, "lr": 0.0019143959818471972, "gnorm": 0.518, "tok_per_s": 116729.2, "load": 13.0810546875}
{"event": "step", "step": 87700, "loss": 4.2439, "lr": 0.001912222750002349, "gnorm": 0.962, "tok_per_s": 116742.7, "load": 12.673828125}
{"event": "step", "step": 87800, "loss": 4.1938, "lr": 0.001910048811744114, "gnorm": 0.525, "tok_per_s": 116761.7, "load": 12.11474609375}
{"event": "step", "step": 87900, "loss": 4.366, "lr": 0.00190787417292896, "gnorm": 0.858, "tok_per_s": 116722.9, "load": 11.9453125}
{"event": "step", "step": 88000, "loss": 4.2872, "lr": 0.0019056988394152423, "gnorm": 0.639, "tok_per_s": 116337.6, "load": 10.796875}
{"event": "step", "step": 88100, "loss": 4.1454, "lr": 0.0019035228170631877, "gnorm": 0.459, "tok_per_s": 116673.2, "load": 10.25244140625}
{"event": "step", "step": 88200, "loss": 4.2988, "lr": 0.0019013461117348776, "gnorm": 0.454, "tok_per_s": 116766.3, "load": 10.07177734375}
{"event": "step", "step": 88300, "loss": 4.0955, "lr": 0.001899168729294235, "gnorm": 0.489, "tok_per_s": 116752.8, "load": 9.76611328125}
{"event": "step", "step": 88400, "loss": 4.2965, "lr": 0.0018969906756070055, "gnorm": 0.703, "tok_per_s": 116776.2, "load": 9.38427734375}
{"event": "step", "step": 88500, "loss": 4.1674, "lr": 0.0018948119565407437, "gnorm": 1.011, "tok_per_s": 116778.0, "load": 8.70947265625}
{"event": "step", "step": 88600, "loss": 4.2647, "lr": 0.001892632577964797, "gnorm": 0.79, "tok_per_s": 116785.0, "load": 8.4921875}
{"event": "step", "step": 88700, "loss": 4.1036, "lr": 0.0018904525457502886, "gnorm": 0.594, "tok_per_s": 116789.4, "load": 8.21240234375}
{"event": "step", "step": 88800, "loss": 4.1638, "lr": 0.0018882718657701031, "gnorm": 0.856, "tok_per_s": 116797.5, "load": 7.8466796875}
{"event": "step", "step": 88900, "loss": 4.2734, "lr": 0.0018860905438988704, "gnorm": 0.61, "tok_per_s": 116780.4, "load": 7.53857421875}
{"event": "step", "step": 89000, "loss": 4.2701, "lr": 0.0018839085860129494, "gnorm": 0.458, "tok_per_s": 116662.6, "load": 7.0869140625}
{"event": "step", "step": 89100, "loss": 4.2829, "lr": 0.0018817259979904113, "gnorm": 0.431, "tok_per_s": 116782.9, "load": 6.67919921875}
{"event": "step", "step": 89200, "loss": 4.2667, "lr": 0.0018795427857110274, "gnorm": 0.71, "tok_per_s": 116795.0, "load": 6.78515625}
{"event": "step", "step": 89300, "loss": 4.0929, "lr": 0.0018773589550562483, "gnorm": 0.507, "tok_per_s": 116802.7, "load": 6.93994140625}
{"event": "step", "step": 89400, "loss": 4.1105, "lr": 0.0018751745119091913, "gnorm": 0.485, "tok_per_s": 116794.4, "load": 6.7041015625}
{"event": "step", "step": 89500, "loss": 4.351, "lr": 0.0018729894621546238, "gnorm": 0.685, "tok_per_s": 116811.5, "load": 6.2080078125}
{"event": "step", "step": 89600, "loss": 4.0965, "lr": 0.0018708038116789479, "gnorm": 1.241, "tok_per_s": 116795.4, "load": 6.03076171875}
{"event": "step", "step": 89700, "loss": 4.2175, "lr": 0.001868617566370183, "gnorm": 0.44, "tok_per_s": 116801.7, "load": 6.1884765625}
{"event": "step", "step": 89800, "loss": 4.2044, "lr": 0.0018664307321179512, "gnorm": 0.523, "tok_per_s": 116780.4, "load": 5.55078125}
{"event": "step", "step": 89900, "loss": 4.1023, "lr": 0.0018642433148134616, "gnorm": 0.573, "tok_per_s": 116802.5, "load": 5.8271484375}
{"event": "step", "step": 90000, "loss": 4.2819, "lr": 0.0018620553203494937, "gnorm": 0.469, "tok_per_s": 116847.9, "load": 6.4150390625}
{"event": "step", "step": 90100, "loss": 4.2484, "lr": 0.0018598667546203815, "gnorm": 0.761, "tok_per_s": 83237.9, "load": 9.14794921875}
{"event": "step", "step": 90200, "loss": 4.1226, "lr": 0.0018576776235219995, "gnorm": 0.71, "tok_per_s": 116870.4, "load": 9.53662109375}
{"event": "step", "step": 90300, "loss": 4.2716, "lr": 0.0018554879329517428, "gnorm": 0.955, "tok_per_s": 116780.8, "load": 9.57373046875}
{"event": "step", "step": 90400, "loss": 4.0327, "lr": 0.0018532976888085161, "gnorm": 0.677, "tok_per_s": 116804.4, "load": 9.23876953125}
{"event": "step", "step": 90500, "loss": 4.2586, "lr": 0.0018511068969927142, "gnorm": 0.834, "tok_per_s": 116775.4, "load": 8.97900390625}
{"event": "step", "step": 90600, "loss": 4.2444, "lr": 0.0018489155634062067, "gnorm": 0.548, "tok_per_s": 116757.3, "load": 8.72900390625}
{"event": "step", "step": 90700, "loss": 4.1941, "lr": 0.001846723693952324, "gnorm": 0.565, "tok_per_s": 116791.6, "load": 8.27001953125}
{"event": "step", "step": 90800, "loss": 4.0812, "lr": 0.0018445312945358395, "gnorm": 0.57, "tok_per_s": 116768.9, "load": 15.37548828125}
{"event": "step", "step": 90900, "loss": 4.172, "lr": 0.001842338371062954, "gnorm": 0.538, "tok_per_s": 116728.5, "load": 13.7060546875}
{"event": "step", "step": 91000, "loss": 4.1885, "lr": 0.0018401449294412806, "gnorm": 0.56, "tok_per_s": 116701.8, "load": 13.0888671875}
{"event": "step", "step": 91100, "loss": 4.2042, "lr": 0.001837950975579828, "gnorm": 1.128, "tok_per_s": 116678.3, "load": 11.97314453125}
{"event": "step", "step": 91200, "loss": 4.4127, "lr": 0.001835756515388985, "gnorm": 0.687, "tok_per_s": 116669.7, "load": 11.41455078125}
{"event": "step", "step": 91300, "loss": 4.2649, "lr": 0.001833561554780504, "gnorm": 0.894, "tok_per_s": 116667.5, "load": 10.66064453125}
{"event": "step", "step": 91400, "loss": 4.0756, "lr": 0.0018313660996674868, "gnorm": 0.471, "tok_per_s": 116623.8, "load": 9.48876953125}
{"event": "step", "step": 91500, "loss": 4.1739, "lr": 0.0018291701559643647, "gnorm": 1.06, "tok_per_s": 116618.5, "load": 8.888671875}
{"event": "step", "step": 91600, "loss": 4.428, "lr": 0.001826973729586888, "gnorm": 0.683, "tok_per_s": 116604.7, "load": 7.90283203125}
{"event": "step", "step": 91700, "loss": 4.2371, "lr": 0.0018247768264521066, "gnorm": 0.686, "tok_per_s": 116618.9, "load": 7.509765625}
{"event": "step", "step": 91800, "loss": 4.2067, "lr": 0.0018225794524783536, "gnorm": 0.568, "tok_per_s": 116598.4, "load": 7.1484375}
{"event": "step", "step": 91900, "loss": 4.1465, "lr": 0.0018203816135852317, "gnorm": 0.592, "tok_per_s": 116617.9, "load": 6.5166015625}
{"event": "step", "step": 92000, "loss": 4.1711, "lr": 0.001818183315693595, "gnorm": 0.653, "tok_per_s": 116587.4, "load": 6.15478515625}
{"event": "step", "step": 92100, "loss": 4.156, "lr": 0.001815984564725536, "gnorm": 0.743, "tok_per_s": 116612.5, "load": 5.595703125}
{"event": "step", "step": 92200, "loss": 4.2041, "lr": 0.001813785366604365, "gnorm": 0.503, "tok_per_s": 116586.5, "load": 5.3876953125}
{"event": "step", "step": 92300, "loss": 4.0399, "lr": 0.0018115857272545995, "gnorm": 1.374, "tok_per_s": 116581.2, "load": 5.1962890625}
{"event": "step", "step": 92400, "loss": 4.0948, "lr": 0.001809385652601944, "gnorm": 0.753, "tok_per_s": 116597.4, "load": 4.8642578125}
{"event": "step", "step": 92500, "loss": 4.1792, "lr": 0.0018071851485732772, "gnorm": 0.61, "tok_per_s": 116574.2, "load": 4.71484375}
{"event": "step", "step": 92600, "loss": 4.1881, "lr": 0.0018049842210966325, "gnorm": 0.721, "tok_per_s": 116574.2, "load": 4.53076171875}
{"event": "step", "step": 92700, "loss": 4.1335, "lr": 0.0018027828761011857, "gnorm": 0.438, "tok_per_s": 116581.1, "load": 4.568359375}
{"event": "step", "step": 92800, "loss": 4.2318, "lr": 0.0018005811195172367, "gnorm": 0.5, "tok_per_s": 116560.8, "load": 4.39453125}
{"event": "step", "step": 92900, "loss": 4.1431, "lr": 0.0017983789572761943, "gnorm": 0.592, "tok_per_s": 116564.0, "load": 4.28271484375}
{"event": "step", "step": 93000, "loss": 4.173, "lr": 0.00179617639531056, "gnorm": 0.748, "tok_per_s": 116533.1, "load": 4.099609375}
{"event": "step", "step": 93100, "loss": 4.2616, "lr": 0.0017939734395539125, "gnorm": 0.531, "tok_per_s": 116568.2, "load": 4.01025390625}
{"event": "step", "step": 93200, "loss": 4.1704, "lr": 0.0017917700959408905, "gnorm": 0.577, "tok_per_s": 116370.7, "load": 4.41015625}
{"event": "step", "step": 93300, "loss": 4.2063, "lr": 0.001789566370407179, "gnorm": 0.699, "tok_per_s": 116301.9, "load": 4.494140625}
{"event": "step", "step": 93400, "loss": 4.1011, "lr": 0.0017873622688894903, "gnorm": 0.901, "tok_per_s": 116456.4, "load": 4.2939453125}
{"event": "step", "step": 93500, "loss": 4.2112, "lr": 0.0017851577973255507, "gnorm": 0.613, "tok_per_s": 116521.3, "load": 4.3505859375}
{"event": "step", "step": 93600, "loss": 4.1478, "lr": 0.0017829529616540832, "gnorm": 0.735, "tok_per_s": 116521.4, "load": 4.29638671875}
{"event": "step", "step": 93700, "loss": 4.2011, "lr": 0.0017807477678147908, "gnorm": 0.822, "tok_per_s": 116532.0, "load": 4.1923828125}
{"event": "step", "step": 93800, "loss": 4.3092, "lr": 0.0017785422217483425, "gnorm": 1.473, "tok_per_s": 116517.9, "load": 4.2236328125}
{"event": "step", "step": 93900, "loss": 4.1797, "lr": 0.0017763363293963558, "gnorm": 1.04, "tok_per_s": 116540.0, "load": 4.6064453125}
{"event": "step", "step": 94000, "loss": 4.2575, "lr": 0.001774130096701381, "gnorm": 0.529, "tok_per_s": 116554.0, "load": 4.3974609375}
{"event": "step", "step": 94100, "loss": 4.2027, "lr": 0.0017719235296068854, "gnorm": 1.21, "tok_per_s": 116557.0, "load": 4.0283203125}
{"event": "step", "step": 94200, "loss": 4.2359, "lr": 0.0017697166340572364, "gnorm": 0.497, "tok_per_s": 116542.7, "load": 4.02587890625}
{"event": "step", "step": 94300, "loss": 4.2702, "lr": 0.0017675094159976875, "gnorm": 0.822, "tok_per_s": 116548.7, "load": 4.10205078125}
{"event": "step", "step": 94400, "loss": 4.0973, "lr": 0.0017653018813743602, "gnorm": 0.941, "tok_per_s": 116336.5, "load": 4.49462890625}
{"event": "step", "step": 94500, "loss": 4.084, "lr": 0.001763094036134229, "gnorm": 0.89, "tok_per_s": 116228.7, "load": 5.015625}
{"event": "step", "step": 94600, "loss": 4.123, "lr": 0.0017608858862251052, "gnorm": 1.109, "tok_per_s": 116406.6, "load": 5.62890625}
{"event": "step", "step": 94700, "loss": 4.3755, "lr": 0.0017586774375956207, "gnorm": 0.805, "tok_per_s": 116348.3, "load": 6.05908203125}
{"event": "step", "step": 94800, "loss": 4.1579, "lr": 0.0017564686961952128, "gnorm": 1.035, "tok_per_s": 116445.8, "load": 6.03076171875}
{"event": "step", "step": 94900, "loss": 4.186, "lr": 0.0017542596679741066, "gnorm": 1.26, "tok_per_s": 116426.1, "load": 5.70751953125}
{"event": "step", "step": 95000, "loss": 4.2061, "lr": 0.0017520503588833007, "gnorm": 1.056, "tok_per_s": 116436.4, "load": 5.41015625}
{"event": "step", "step": 95100, "loss": 4.1155, "lr": 0.0017498407748745492, "gnorm": 0.519, "tok_per_s": 83334.9, "load": 5.3212890625}
{"event": "step", "step": 95200, "loss": 4.0539, "lr": 0.001747630921900348, "gnorm": 0.638, "tok_per_s": 116676.8, "load": 4.97021484375}
{"event": "step", "step": 95300, "loss": 4.2215, "lr": 0.0017454208059139167, "gnorm": 0.737, "tok_per_s": 116549.6, "load": 4.81201171875}
{"event": "step", "step": 95400, "loss": 4.1289, "lr": 0.0017432104328691845, "gnorm": 0.488, "tok_per_s": 116604.5, "load": 4.5263671875}
{"event": "step", "step": 95500, "loss": 4.1992, "lr": 0.001740999808720772, "gnorm": 0.451, "tok_per_s": 116555.0, "load": 4.32373046875}
{"event": "step", "step": 95600, "loss": 4.2606, "lr": 0.001738788939423977, "gnorm": 0.447, "tok_per_s": 116561.7, "load": 4.13720703125}
{"event": "step", "step": 95700, "loss": 4.0626, "lr": 0.0017365778309347568, "gnorm": 0.463, "tok_per_s": 116544.2, "load": 4.20263671875}
{"event": "step", "step": 95800, "loss": 4.3106, "lr": 0.0017343664892097146, "gnorm": 0.986, "tok_per_s": 116505.8, "load": 4.10595703125}
{"event": "step", "step": 95900, "loss": 4.3377, "lr": 0.0017321549202060807, "gnorm": 1.024, "tok_per_s": 116524.7, "load": 3.86181640625}
{"event": "step", "step": 96000, "loss": 4.0455, "lr": 0.0017299431298816975, "gnorm": 0.525, "tok_per_s": 116478.8, "load": 3.953125}
{"event": "step", "step": 96100, "loss": 4.1687, "lr": 0.0017277311241950045, "gnorm": 0.468, "tok_per_s": 116455.2, "load": 3.87646484375}
{"event": "step", "step": 96200, "loss": 4.2803, "lr": 0.0017255189091050216, "gnorm": 1.008, "tok_per_s": 116487.6, "load": 4.1103515625}
{"event": "step", "step": 96300, "loss": 4.241, "lr": 0.0017233064905713311, "gnorm": 0.527, "tok_per_s": 116470.3, "load": 4.181640625}
{"event": "step", "step": 96400, "loss": 4.0783, "lr": 0.0017210938745540652, "gnorm": 0.456, "tok_per_s": 116494.5, "load": 3.845703125}
{"event": "step", "step": 96500, "loss": 4.294, "lr": 0.001718881067013887, "gnorm": 0.57, "tok_per_s": 116498.8, "load": 3.69775390625}
{"event": "step", "step": 96600, "loss": 4.1121, "lr": 0.0017166680739119766, "gnorm": 0.862, "tok_per_s": 116496.2, "load": 3.88232421875}
{"event": "step", "step": 96700, "loss": 4.0879, "lr": 0.0017144549012100127, "gnorm": 0.781, "tok_per_s": 116495.3, "load": 3.74609375}
{"event": "step", "step": 96800, "loss": 4.0427, "lr": 0.001712241554870159, "gnorm": 0.709, "tok_per_s": 116503.5, "load": 3.60595703125}
{"event": "step", "step": 96900, "loss": 4.0765, "lr": 0.0017100280408550452, "gnorm": 0.551, "tok_per_s": 116503.8, "load": 3.51220703125}
{"event": "step", "step": 97000, "loss": 4.1464, "lr": 0.0017078143651277555, "gnorm": 0.966, "tok_per_s": 116518.2, "load": 3.55126953125}
{"event": "step", "step": 97100, "loss": 4.206, "lr": 0.0017056005336518077, "gnorm": 1.221, "tok_per_s": 116508.9, "load": 3.7548828125}
{"event": "step", "step": 97200, "loss": 4.1731, "lr": 0.0017033865523911394, "gnorm": 0.905, "tok_per_s": 116507.3, "load": 3.6142578125}
{"event": "step", "step": 97300, "loss": 4.1642, "lr": 0.0017011724273100922, "gnorm": 1.148, "tok_per_s": 116517.6, "load": 3.7255859375}
{"event": "step", "step": 97400, "loss": 4.2606, "lr": 0.001698958164373395, "gnorm": 1.584, "tok_per_s": 116509.7, "load": 3.7744140625}
{"event": "step", "step": 97500, "loss": 4.2256, "lr": 0.0016967437695461478, "gnorm": 0.553, "tok_per_s": 116526.6, "load": 3.7119140625}
{"event": "step", "step": 97600, "loss": 4.1963, "lr": 0.0016945292487938063, "gnorm": 0.461, "tok_per_s": 116532.7, "load": 4.13134765625}
{"event": "step", "step": 97700, "loss": 4.3076, "lr": 0.0016923146080821648, "gnorm": 0.637, "tok_per_s": 116503.4, "load": 4.12060546875}
{"event": "step", "step": 97800, "loss": 4.1688, "lr": 0.0016900998533773417, "gnorm": 0.746, "tok_per_s": 116514.3, "load": 3.95068359375}
{"event": "step", "step": 97900, "loss": 4.3382, "lr": 0.0016878849906457622, "gnorm": 1.565, "tok_per_s": 116530.7, "load": 3.79833984375}
{"event": "step", "step": 98000, "loss": 4.225, "lr": 0.0016856700258541415, "gnorm": 0.655, "tok_per_s": 116516.1, "load": 3.654296875}
{"event": "step", "step": 98100, "loss": 4.1059, "lr": 0.0016834549649694713, "gnorm": 0.79, "tok_per_s": 116513.9, "load": 3.85498046875}
{"event": "step", "step": 98200, "loss": 4.1081, "lr": 0.001681239813959001, "gnorm": 0.554, "tok_per_s": 116508.1, "load": 3.86669921875}
{"event": "step", "step": 98300, "loss": 4.1271, "lr": 0.0016790245787902237, "gnorm": 0.499, "tok_per_s": 116549.8, "load": 3.796875}
{"event": "step", "step": 98400, "loss": 4.1701, "lr": 0.0016768092654308585, "gnorm": 0.654, "tok_per_s": 116508.1, "load": 3.75439453125}
{"event": "step", "step": 98500, "loss": 4.3546, "lr": 0.0016745938798488347, "gnorm": 0.685, "tok_per_s": 116247.5, "load": 4.3349609375}
{"event": "step", "step": 98600, "loss": 4.2079, "lr": 0.0016723784280122775, "gnorm": 0.885, "tok_per_s": 116527.6, "load": 4.04931640625}
{"event": "step", "step": 98700, "loss": 4.1841, "lr": 0.0016701629158894905, "gnorm": 0.773, "tok_per_s": 116515.1, "load": 4.12548828125}
{"event": "step", "step": 98800, "loss": 4.1445, "lr": 0.0016679473494489382, "gnorm": 0.947, "tok_per_s": 116538.0, "load": 3.955078125}
{"event": "step", "step": 98900, "loss": 4.001, "lr": 0.0016657317346592331, "gnorm": 0.532, "tok_per_s": 116541.3, "load": 3.734375}
{"event": "step", "step": 99000, "loss": 4.2087, "lr": 0.0016635160774891168, "gnorm": 1.266, "tok_per_s": 116542.0, "load": 3.755859375}
{"event": "step", "step": 99100, "loss": 4.2358, "lr": 0.001661300383907445, "gnorm": 0.606, "tok_per_s": 116522.0, "load": 3.70703125}
{"event": "step", "step": 99200, "loss": 4.2971, "lr": 0.001659084659883173, "gnorm": 1.134, "tok_per_s": 116548.3, "load": 3.5703125}
{"event": "step", "step": 99300, "loss": 4.1602, "lr": 0.0016568689113853365, "gnorm": 0.436, "tok_per_s": 116538.5, "load": 3.4443359375}
{"event": "step", "step": 99400, "loss": 4.3563, "lr": 0.0016546531443830375, "gnorm": 0.69, "tok_per_s": 116543.4, "load": 3.44970703125}
{"event": "step", "step": 99500, "loss": 3.8803, "lr": 0.0016524373648454287, "gnorm": 1.175, "tok_per_s": 116554.1, "load": 3.494140625}
{"event": "step", "step": 99600, "loss": 4.1833, "lr": 0.0016502215787416957, "gnorm": 0.598, "tok_per_s": 116173.8, "load": 5.38818359375}
{"event": "step", "step": 99700, "loss": 4.2751, "lr": 0.0016480057920410425, "gnorm": 0.526, "tok_per_s": 116551.0, "load": 5.19677734375}
{"event": "step", "step": 99800, "loss": 4.2197, "lr": 0.001645790010712673, "gnorm": 0.803, "tok_per_s": 116554.5, "load": 5.1005859375}
{"event": "step", "step": 99900, "loss": 4.2595, "lr": 0.0016435742407257788, "gnorm": 0.613, "tok_per_s": 116547.8, "load": 4.77734375}
{"event": "step", "step": 100000, "loss": 4.1489, "lr": 0.0016413584880495197, "gnorm": 0.81, "tok_per_s": 116555.5, "load": 4.71484375}
eval 100000 {'bpb': 1.3640887381485547, 'nats_per_token': 4.112891793607669, 'tokens': 16379, 'bytes': 71247}
{"event": "step", "step": 100100, "loss": 4.121, "lr": 0.0016391427586530099, "gnorm": 0.995, "tok_per_s": 82803.2, "load": 4.376953125}
{"event": "step", "step": 100200, "loss": 4.1467, "lr": 0.0016369270585052987, "gnorm": 0.65, "tok_per_s": 116669.9, "load": 4.3994140625}
{"event": "step", "step": 100300, "loss": 4.1631, "lr": 0.0016347113935753594, "gnorm": 0.716, "tok_per_s": 116629.3, "load": 4.60791015625}
{"event": "step", "step": 100400, "loss": 4.1564, "lr": 0.0016324957698320684, "gnorm": 0.772, "tok_per_s": 116595.3, "load": 4.55908203125}
{"event": "step", "step": 100500, "loss": 4.3696, "lr": 0.0016302801932441921, "gnorm": 1.013, "tok_per_s": 116575.5, "load": 4.3251953125}
{"event": "step", "step": 100600, "loss": 4.3062, "lr": 0.00162806466978037, "gnorm": 0.57, "tok_per_s": 116553.5, "load": 4.21875}
{"event": "step", "step": 100700, "loss": 4.0736, "lr": 0.001625849205409097, "gnorm": 1.0, "tok_per_s": 116562.9, "load": 4.03125}
{"event": "step", "step": 100800, "loss": 4.1341, "lr": 0.0016236338060987114, "gnorm": 0.548, "tok_per_s": 116516.6, "load": 4.0283203125}
{"event": "step", "step": 100900, "loss": 4.2534, "lr": 0.0016214184778173735, "gnorm": 0.702, "tok_per_s": 116495.4, "load": 4.2666015625}
{"event": "step", "step": 101000, "loss": 4.3382, "lr": 0.0016192032265330539, "gnorm": 1.065, "tok_per_s": 116485.1, "load": 4.22509765625}
{"event": "step", "step": 101100, "loss": 4.2324, "lr": 0.0016169880582135151, "gnorm": 0.933, "tok_per_s": 116528.7, "load": 4.36767578125}
{"event": "step", "step": 101200, "loss": 4.0616, "lr": 0.0016147729788262976, "gnorm": 0.631, "tok_per_s": 116514.9, "load": 4.24365234375}
{"event": "step", "step": 101300, "loss": 4.2269, "lr": 0.001612557994338699, "gnorm": 0.547, "tok_per_s": 116511.5, "load": 4.06396484375}
{"event": "step", "step": 101400, "loss": 4.1972, "lr": 0.0016103431107177648, "gnorm": 0.641, "tok_per_s": 116542.7, "load": 3.98046875}
{"event": "step", "step": 101500, "loss": 4.0312, "lr": 0.0016081283339302668, "gnorm": 0.582, "tok_per_s": 116531.6, "load": 3.82177734375}
{"event": "step", "step": 101600, "loss": 4.2756, "lr": 0.00160591366994269, "gnorm": 0.609, "tok_per_s": 116509.6, "load": 3.91650390625}
{"event": "step", "step": 101700, "loss": 4.2524, "lr": 0.001603699124721214, "gnorm": 1.005, "tok_per_s": 116509.3, "load": 4.29736328125}
{"event": "step", "step": 101800, "loss": 4.0271, "lr": 0.0016014847042317005, "gnorm": 1.267, "tok_per_s": 116539.7, "load": 4.11328125}
{"event": "step", "step": 101900, "loss": 4.2007, "lr": 0.0015992704144396734, "gnorm": 0.996, "tok_per_s": 116516.8, "load": 4.10888671875}
{"event": "step", "step": 102000, "loss": 4.2809, "lr": 0.001597056261310306, "gnorm": 0.851, "tok_per_s": 116534.2, "load": 3.93994140625}
{"event": "step", "step": 102100, "loss": 4.2254, "lr": 0.0015948422508084018, "gnorm": 0.949, "tok_per_s": 116528.3, "load": 3.94482421875}
{"event": "step", "step": 102200, "loss": 4.2529, "lr": 0.0015926283888983818, "gnorm": 0.968, "tok_per_s": 116538.6, "load": 3.71923828125}
{"event": "step", "step": 102300, "loss": 4.1483, "lr": 0.0015904146815442653, "gnorm": 0.913, "tok_per_s": 116530.0, "load": 3.822265625}
{"event": "step", "step": 102400, "loss": 4.1871, "lr": 0.0015882011347096562, "gnorm": 0.74, "tok_per_s": 116504.9, "load": 3.85595703125}
{"event": "step", "step": 102500, "loss": 4.0956, "lr": 0.001585987754357725, "gnorm": 0.682, "tok_per_s": 116542.4, "load": 4.26806640625}
{"event": "step", "step": 102600, "loss": 4.1599, "lr": 0.0015837745464511944, "gnorm": 1.005, "tok_per_s": 116516.9, "load": 4.3271484375}
{"event": "step", "step": 102700, "loss": 4.2557, "lr": 0.0015815615169523236, "gnorm": 0.535, "tok_per_s": 116551.3, "load": 4.8125}
{"event": "step", "step": 102800, "loss": 4.1247, "lr": 0.001579348671822888, "gnorm": 0.682, "tok_per_s": 116507.2, "load": 4.82763671875}
{"event": "step", "step": 102900, "loss": 4.149, "lr": 0.0015771360170241703, "gnorm": 0.697, "tok_per_s": 116534.6, "load": 4.69384765625}
{"event": "step", "step": 103000, "loss": 4.2085, "lr": 0.0015749235585169367, "gnorm": 0.821, "tok_per_s": 116523.0, "load": 5.19921875}
{"event": "step", "step": 103100, "loss": 4.2787, "lr": 0.0015727113022614278, "gnorm": 0.877, "tok_per_s": 116530.8, "load": 5.50390625}
{"event": "step", "step": 103200, "loss": 4.1299, "lr": 0.001570499254217337, "gnorm": 0.565, "tok_per_s": 116537.2, "load": 6.30126953125}
{"event": "step", "step": 103300, "loss": 4.1762, "lr": 0.0015682874203437982, "gnorm": 0.629, "tok_per_s": 116547.2, "load": 6.59765625}
{"event": "step", "step": 103400, "loss": 4.1898, "lr": 0.0015660758065993673, "gnorm": 0.594, "tok_per_s": 116540.5, "load": 6.2587890625}
{"event": "step", "step": 103500, "loss": 4.0256, "lr": 0.0015638644189420088, "gnorm": 0.768, "tok_per_s": 116540.3, "load": 6.07763671875}
{"event": "step", "step": 103600, "loss": 4.0973, "lr": 0.0015616532633290754, "gnorm": 0.522, "tok_per_s": 116518.2, "load": 6.15185546875}
{"event": "step", "step": 103700, "loss": 4.0659, "lr": 0.0015594423457172982, "gnorm": 0.745, "tok_per_s": 116557.7, "load": 5.66064453125}
{"event": "step", "step": 103800, "loss": 4.1769, "lr": 0.0015572316720627638, "gnorm": 1.123, "tok_per_s": 116559.3, "load": 5.447265625}
{"event": "step", "step": 103900, "loss": 4.3132, "lr": 0.0015550212483209042, "gnorm": 0.626, "tok_per_s": 116553.2, "load": 5.08349609375}
{"event": "step", "step": 104000, "loss": 4.1597, "lr": 0.001552811080446476, "gnorm": 0.588, "tok_per_s": 116361.7, "load": 5.3173828125}
{"event": "step", "step": 104100, "loss": 4.0968, "lr": 0.0015506011743935486, "gnorm": 0.792, "tok_per_s": 116556.0, "load": 5.29150390625}
{"event": "step", "step": 104200, "loss": 4.144, "lr": 0.0015483915361154837, "gnorm": 0.849, "tok_per_s": 116477.2, "load": 5.0126953125}
{"event": "step", "step": 104300, "loss": 4.1841, "lr": 0.0015461821715649243, "gnorm": 0.705, "tok_per_s": 116540.8, "load": 4.85107421875}
{"event": "step", "step": 104400, "loss": 4.2, "lr": 0.0015439730866937736, "gnorm": 0.574, "tok_per_s": 116545.1, "load": 4.572265625}
{"event": "step", "step": 104500, "loss": 4.0918, "lr": 0.0015417642874531834, "gnorm": 0.79, "tok_per_s": 116548.1, "load": 4.4462890625}
{"event": "step", "step": 104600, "loss": 4.2242, "lr": 0.0015395557797935337, "gnorm": 0.74, "tok_per_s": 116542.3, "load": 4.25}
{"event": "step", "step": 104700, "loss": 4.3623, "lr": 0.0015373475696644214, "gnorm": 0.614, "tok_per_s": 116554.1, "load": 4.2919921875}
{"event": "step", "step": 104800, "loss": 4.339, "lr": 0.0015351396630146402, "gnorm": 0.987, "tok_per_s": 116521.5, "load": 4.1083984375}
{"event": "step", "step": 104900, "loss": 4.1227, "lr": 0.001532932065792167, "gnorm": 0.64, "tok_per_s": 116513.6, "load": 4.4921875}
{"event": "step", "step": 105000, "loss": 4.1566, "lr": 0.0015307247839441453, "gnorm": 0.99, "tok_per_s": 116526.7, "load": 4.37255859375}
{"event": "step", "step": 105100, "loss": 4.2003, "lr": 0.001528517823416868, "gnorm": 1.288, "tok_per_s": 83009.4, "load": 4.16064453125}
{"event": "step", "step": 105200, "loss": 4.0955, "lr": 0.0015263111901557638, "gnorm": 0.839, "tok_per_s": 116604.5, "load": 3.9873046875}
{"event": "step", "step": 105300, "loss": 4.1374, "lr": 0.001524104890105378, "gnorm": 0.612, "tok_per_s": 116541.1, "load": 3.76171875}
{"event": "step", "step": 105400, "loss": 4.2113, "lr": 0.0015218989292093605, "gnorm": 0.73, "tok_per_s": 116543.4, "load": 3.62060546875}
{"event": "step", "step": 105500, "loss": 4.1747, "lr": 0.0015196933134104449, "gnorm": 0.657, "tok_per_s": 116513.3, "load": 3.37109375}
{"event": "step", "step": 105600, "loss": 4.1298, "lr": 0.0015174880486504374, "gnorm": 0.61, "tok_per_s": 116493.0, "load": 3.421875}
{"event": "step", "step": 105700, "loss": 4.2504, "lr": 0.001515283140870197, "gnorm": 0.595, "tok_per_s": 116488.9, "load": 3.1962890625}
{"event": "step", "step": 105800, "loss": 4.2226, "lr": 0.001513078596009623, "gnorm": 1.282, "tok_per_s": 116491.2, "load": 3.18017578125}
{"event": "step", "step": 105900, "loss": 4.0417, "lr": 0.0015108744200076334, "gnorm": 0.783, "tok_per_s": 116487.3, "load": 3.24609375}
{"event": "step", "step": 106000, "loss": 4.0469, "lr": 0.0015086706188021568, "gnorm": 0.824, "tok_per_s": 116416.4, "load": 3.3681640625}
{"event": "step", "step": 106100, "loss": 4.0012, "lr": 0.0015064671983301091, "gnorm": 1.383, "tok_per_s": 116472.9, "load": 3.33837890625}
{"event": "step", "step": 106200, "loss": 4.0627, "lr": 0.001504264164527382, "gnorm": 0.794, "tok_per_s": 116488.5, "load": 3.5205078125}
{"event": "step", "step": 106300, "loss": 4.4247, "lr": 0.0015020615233288246, "gnorm": 1.078, "tok_per_s": 116520.1, "load": 3.478515625}
{"event": "step", "step": 106400, "loss": 4.1836, "lr": 0.001499859280668229, "gnorm": 0.988, "tok_per_s": 116513.4, "load": 3.35986328125}
{"event": "step", "step": 106500, "loss": 4.3721, "lr": 0.0014976574424783132, "gnorm": 0.837, "tok_per_s": 116545.9, "load": 3.3037109375}
{"event": "step", "step": 106600, "loss": 4.0147, "lr": 0.0014954560146907064, "gnorm": 0.984, "tok_per_s": 116490.4, "load": 3.279296875}
{"event": "step", "step": 106700, "loss": 4.0221, "lr": 0.001493255003235931, "gnorm": 0.987, "tok_per_s": 116523.9, "load": 3.31005859375}
{"event": "step", "step": 106800, "loss": 4.1658, "lr": 0.001491054414043389, "gnorm": 0.689, "tok_per_s": 116505.9, "load": 3.28515625}
{"event": "step", "step": 106900, "loss": 4.0046, "lr": 0.0014888542530413437, "gnorm": 0.635, "tok_per_s": 116471.0, "load": 3.26220703125}
{"event": "step", "step": 107000, "loss": 4.2191, "lr": 0.0014866545261569065, "gnorm": 1.037, "tok_per_s": 116526.7, "load": 3.29541015625}
{"event": "step", "step": 107100, "loss": 4.1117, "lr": 0.0014844552393160168, "gnorm": 0.835, "tok_per_s": 116536.1, "load": 3.19140625}
{"event": "step", "step": 107200, "loss": 3.9564, "lr": 0.0014822563984434314, "gnorm": 0.536, "tok_per_s": 116555.6, "load": 3.71630859375}
{"event": "step", "step": 107300, "loss": 4.2014, "lr": 0.0014800580094627039, "gnorm": 0.545, "tok_per_s": 116527.9, "load": 3.8994140625}
{"event": "step", "step": 107400, "loss": 4.1251, "lr": 0.0014778600782961707, "gnorm": 0.556, "tok_per_s": 116540.3, "load": 3.90771484375}
{"event": "step", "step": 107500, "loss": 4.1338, "lr": 0.0014756626108649354, "gnorm": 0.87, "tok_per_s": 116531.8, "load": 3.99609375}
{"event": "step", "step": 107600, "loss": 4.2637, "lr": 0.001473465613088852, "gnorm": 0.522, "tok_per_s": 116545.6, "load": 3.916015625}
{"event": "step", "step": 107700, "loss": 4.0959, "lr": 0.0014712690908865091, "gnorm": 0.68, "tok_per_s": 116557.0, "load": 3.62060546875}
{"event": "step", "step": 107800, "loss": 4.0114, "lr": 0.0014690730501752147, "gnorm": 1.081, "tok_per_s": 116488.7, "load": 3.57080078125}
{"event": "step", "step": 107900, "loss": 4.2586, "lr": 0.0014668774968709796, "gnorm": 0.594, "tok_per_s": 116551.8, "load": 3.845703125}
{"event": "step", "step": 108000, "loss": 4.2181, "lr": 0.0014646824368884997, "gnorm": 0.533, "tok_per_s": 116545.7, "load": 3.5615234375}
{"event": "step", "step": 108100, "loss": 4.048, "lr": 0.001462487876141146, "gnorm": 0.535, "tok_per_s": 116536.6, "load": 3.5966796875}
{"event": "step", "step": 108200, "loss": 4.368, "lr": 0.0014602938205409402, "gnorm": 0.708, "tok_per_s": 116578.7, "load": 3.51171875}
{"event": "step", "step": 108300, "loss": 4.2619, "lr": 0.0014581002759985464, "gnorm": 0.583, "tok_per_s": 116560.3, "load": 3.470703125}
{"event": "step", "step": 108400, "loss": 4.1969, "lr": 0.0014559072484232492, "gnorm": 0.985, "tok_per_s": 116556.4, "load": 3.4326171875}
{"event": "step", "step": 108500, "loss": 4.3478, "lr": 0.001453714743722943, "gnorm": 1.494, "tok_per_s": 116545.6, "load": 3.74169921875}
{"event": "step", "step": 108600, "loss": 4.3039, "lr": 0.001451522767804112, "gnorm": 1.146, "tok_per_s": 116567.8, "load": 3.68212890625}
{"event": "step", "step": 108700, "loss": 4.1323, "lr": 0.0014493313265718172, "gnorm": 0.778, "tok_per_s": 116576.3, "load": 4.34033203125}
{"event": "step", "step": 108800, "loss": 4.2036, "lr": 0.001447140425929677, "gnorm": 1.001, "tok_per_s": 116599.7, "load": 4.3935546875}
{"event": "step", "step": 108900, "loss": 4.2594, "lr": 0.0014449500717798565, "gnorm": 0.628, "tok_per_s": 116595.1, "load": 4.20166015625}
{"event": "step", "step": 109000, "loss": 3.9975, "lr": 0.0014427602700230453, "gnorm": 1.001, "tok_per_s": 116621.5, "load": 4.08984375}
{"event": "step", "step": 109100, "loss": 4.2597, "lr": 0.0014405710265584487, "gnorm": 0.815, "tok_per_s": 116585.4, "load": 3.92236328125}
{"event": "step", "step": 109200, "loss": 4.123, "lr": 0.0014383823472837638, "gnorm": 0.999, "tok_per_s": 116576.3, "load": 4.3759765625}
{"event": "step", "step": 109300, "loss": 4.222, "lr": 0.0014361942380951708, "gnorm": 0.575, "tok_per_s": 116596.5, "load": 4.10546875}
{"event": "step", "step": 109400, "loss": 4.3335, "lr": 0.001434006704887313, "gnorm": 2.451, "tok_per_s": 116605.2, "load": 3.9365234375}
{"event": "step", "step": 109500, "loss": 4.1167, "lr": 0.0014318197535532822, "gnorm": 1.055, "tok_per_s": 116608.0, "load": 3.63818359375}
{"event": "step", "step": 109600, "loss": 4.1582, "lr": 0.0014296333899846035, "gnorm": 0.671, "tok_per_s": 116616.4, "load": 3.98779296875}
{"event": "step", "step": 109700, "loss": 4.0587, "lr": 0.001427447620071216, "gnorm": 0.932, "tok_per_s": 116637.0, "load": 3.76220703125}
{"event": "step", "step": 109800, "loss": 4.1422, "lr": 0.001425262449701463, "gnorm": 1.232, "tok_per_s": 116641.1, "load": 3.62060546875}
{"event": "step", "step": 109900, "loss": 4.095, "lr": 0.0014230778847620698, "gnorm": 0.621, "tok_per_s": 116652.0, "load": 3.6796875}
{"event": "step", "step": 110000, "loss": 4.3289, "lr": 0.001420893931138133, "gnorm": 0.663, "tok_per_s": 116618.9, "load": 3.625}
{"event": "step", "step": 110100, "loss": 4.01, "lr": 0.0014187105947131, "gnorm": 0.57, "tok_per_s": 83497.3, "load": 3.67626953125}
{"event": "step", "step": 110200, "loss": 4.1422, "lr": 0.0014165278813687576, "gnorm": 0.712, "tok_per_s": 116778.8, "load": 3.5419921875}
{"event": "step", "step": 110300, "loss": 4.118, "lr": 0.0014143457969852126, "gnorm": 0.61, "tok_per_s": 116756.9, "load": 3.46533203125}
{"event": "step", "step": 110400, "loss": 4.2079, "lr": 0.0014121643474408788, "gnorm": 0.603, "tok_per_s": 116724.0, "load": 3.34765625}
{"event": "step", "step": 110500, "loss": 4.2816, "lr": 0.0014099835386124574, "gnorm": 0.571, "tok_per_s": 116682.5, "load": 3.47998046875}
{"event": "step", "step": 110600, "loss": 4.3399, "lr": 0.001407803376374927, "gnorm": 0.768, "tok_per_s": 116641.2, "load": 3.4736328125}
{"event": "step", "step": 110700, "loss": 4.2499, "lr": 0.0014056238666015212, "gnorm": 0.965, "tok_per_s": 116627.3, "load": 3.51611328125}
{"event": "step", "step": 110800, "loss": 4.1602, "lr": 0.0014034450151637178, "gnorm": 0.753, "tok_per_s": 116581.0, "load": 3.59716796875}
{"event": "step", "step": 110900, "loss": 4.1519, "lr": 0.0014012668279312196, "gnorm": 0.983, "tok_per_s": 116634.1, "load": 3.7900390625}
{"event": "step", "step": 111000, "loss": 4.1322, "lr": 0.001399089310771942, "gnorm": 0.9, "tok_per_s": 116653.5, "load": 4.06298828125}
{"event": "step", "step": 111100, "loss": 4.0886, "lr": 0.001396912469551993, "gnorm": 0.733, "tok_per_s": 116616.0, "load": 4.13818359375}
{"event": "step", "step": 111200, "loss": 4.1292, "lr": 0.0013947363101356619, "gnorm": 0.582, "tok_per_s": 116629.8, "load": 4.046875}
{"event": "step", "step": 111300, "loss": 4.1905, "lr": 0.001392560838385399, "gnorm": 1.083, "tok_per_s": 116622.5, "load": 3.8056640625}
{"event": "step", "step": 111400, "loss": 4.3042, "lr": 0.0013903860601618043, "gnorm": 1.103, "tok_per_s": 116636.8, "load": 3.9814453125}
{"event": "step", "step": 111500, "loss": 4.1353, "lr": 0.0013882119813236073, "gnorm": 0.903, "tok_per_s": 116618.5, "load": 3.830078125}
{"event": "step", "step": 111600, "loss": 4.0845, "lr": 0.0013860386077276558, "gnorm": 0.777, "tok_per_s": 116617.0, "load": 3.68310546875}
{"event": "step", "step": 111700, "loss": 4.2684, "lr": 0.0013838659452288951, "gnorm": 0.516, "tok_per_s": 116616.5, "load": 3.6279296875}
{"event": "step", "step": 111800, "loss": 4.152, "lr": 0.001381693999680357, "gnorm": 0.769, "tok_per_s": 116613.3, "load": 3.60546875}
{"event": "step", "step": 111900, "loss": 4.1804, "lr": 0.0013795227769331409, "gnorm": 0.543, "tok_per_s": 116654.5, "load": 3.556640625}
{"event": "step", "step": 112000, "loss": 4.2698, "lr": 0.0013773522828363987, "gnorm": 0.703, "tok_per_s": 116662.6, "load": 4.080078125}
{"event": "step", "step": 112100, "loss": 4.1468, "lr": 0.001375182523237321, "gnorm": 0.66, "tok_per_s": 116653.0, "load": 3.9931640625}
{"event": "step", "step": 112200, "loss": 4.0086, "lr": 0.001373013503981117, "gnorm": 0.506, "tok_per_s": 116616.4, "load": 3.75341796875}
{"event": "step", "step": 112300, "loss": 4.1027, "lr": 0.001370845230911004, "gnorm": 0.511, "tok_per_s": 116625.5, "load": 3.71142578125}
{"event": "step", "step": 112400, "loss": 4.0939, "lr": 0.0013686777098681872, "gnorm": 0.858, "tok_per_s": 116647.9, "load": 3.81494140625}
{"event": "step", "step": 112500, "loss": 4.102, "lr": 0.001366510946691848, "gnorm": 0.537, "tok_per_s": 116618.3, "load": 4.1640625}
{"event": "step", "step": 112600, "loss": 4.2813, "lr": 0.0013643449472191236, "gnorm": 1.1, "tok_per_s": 116663.9, "load": 6.2333984375}
{"event": "step", "step": 112700, "loss": 4.069, "lr": 0.0013621797172850962, "gnorm": 0.808, "tok_per_s": 116643.1, "load": 10.69921875}
{"event": "step", "step": 112800, "loss": 4.3619, "lr": 0.001360015262722773, "gnorm": 0.581, "tok_per_s": 116661.2, "load": 15.7900390625}
{"event": "step", "step": 112900, "loss": 4.1888, "lr": 0.0013578515893630742, "gnorm": 0.602, "tok_per_s": 116639.3, "load": 14.845703125}
{"event": "step", "step": 113000, "loss": 4.0693, "lr": 0.0013556887030348134, "gnorm": 0.562, "tok_per_s": 116666.0, "load": 13.2578125}
{"event": "step", "step": 113100, "loss": 4.233, "lr": 0.001353526609564686, "gnorm": 0.757, "tok_per_s": 116653.7, "load": 12.59619140625}
{"event": "step", "step": 113200, "loss": 4.2086, "lr": 0.0013513653147772498, "gnorm": 1.22, "tok_per_s": 116664.4, "load": 11.90771484375}
{"event": "step", "step": 113300, "loss": 4.0456, "lr": 0.0013492048244949128, "gnorm": 0.896, "tok_per_s": 116682.0, "load": 10.6982421875}
{"event": "step", "step": 113400, "loss": 4.2224, "lr": 0.0013470451445379136, "gnorm": 0.728, "tok_per_s": 116706.5, "load": 10.08154296875}
{"event": "step", "step": 113500, "loss": 4.1122, "lr": 0.0013448862807243097, "gnorm": 0.667, "tok_per_s": 116654.8, "load": 9.2998046875}
{"event": "step", "step": 113600, "loss": 4.2105, "lr": 0.0013427282388699588, "gnorm": 0.874, "tok_per_s": 116674.2, "load": 8.955078125}
{"event": "step", "step": 113700, "loss": 4.1755, "lr": 0.001340571024788505, "gnorm": 0.667, "tok_per_s": 116676.8, "load": 8.79833984375}
{"event": "step", "step": 113800, "loss": 4.0522, "lr": 0.0013384146442913618, "gnorm": 0.746, "tok_per_s": 116635.3, "load": 8.30078125}
{"event": "step", "step": 113900, "loss": 4.0483, "lr": 0.0013362591031876973, "gnorm": 0.644, "tok_per_s": 116665.4, "load": 7.9560546875}
{"event": "step", "step": 114000, "loss": 4.1994, "lr": 0.0013341044072844184, "gnorm": 1.059, "tok_per_s": 116675.7, "load": 7.7900390625}
{"event": "step", "step": 114100, "loss": 3.8924, "lr": 0.001331950562386155, "gnorm": 0.708, "tok_per_s": 116651.2, "load": 7.7265625}
{"event": "step", "step": 114200, "loss": 4.2568, "lr": 0.001329797574295245, "gnorm": 1.289, "tok_per_s": 116668.1, "load": 7.5078125}
{"event": "step", "step": 114300, "loss": 4.198, "lr": 0.001327645448811717, "gnorm": 0.686, "tok_per_s": 116697.8, "load": 7.115234375}
{"event": "step", "step": 114400, "loss": 4.0781, "lr": 0.001325494191733277, "gnorm": 1.032, "tok_per_s": 116661.0, "load": 6.94580078125}
{"event": "step", "step": 114500, "loss": 4.1891, "lr": 0.0013233438088552905, "gnorm": 1.035, "tok_per_s": 116665.8, "load": 7.181640625}
{"event": "step", "step": 114600, "loss": 4.2175, "lr": 0.0013211943059707682, "gnorm": 0.729, "tok_per_s": 116664.3, "load": 7.32763671875}
{"event": "step", "step": 114700, "loss": 4.0983, "lr": 0.001319045688870351, "gnorm": 0.644, "tok_per_s": 116682.2, "load": 7.14111328125}
{"event": "step", "step": 114800, "loss": 4.0094, "lr": 0.0013168979633422927, "gnorm": 0.942, "tok_per_s": 116660.2, "load": 6.8115234375}
{"event": "step", "step": 114900, "loss": 4.1057, "lr": 0.0013147511351724451, "gnorm": 0.802, "tok_per_s": 116641.9, "load": 7.14697265625}
{"event": "step", "step": 115000, "loss": 4.1417, "lr": 0.0013126052101442435, "gnorm": 0.916, "tok_per_s": 116653.7, "load": 7.5185546875}
{"event": "step", "step": 115100, "loss": 4.1827, "lr": 0.0013104601940386888, "gnorm": 0.639, "tok_per_s": 84415.2, "load": 7.05078125}
{"event": "step", "step": 115200, "loss": 4.21, "lr": 0.0013083160926343346, "gnorm": 0.614, "tok_per_s": 116792.3, "load": 7.52734375}
{"event": "step", "step": 115300, "loss": 4.2007, "lr": 0.0013061729117072698, "gnorm": 1.437, "tok_per_s": 116730.6, "load": 7.24462890625}
{"event": "step", "step": 115400, "loss": 4.1859, "lr": 0.001304030657031104, "gnorm": 0.713, "tok_per_s": 116712.1, "load": 6.97265625}
{"event": "step", "step": 115500, "loss": 4.1408, "lr": 0.0013018893343769507, "gnorm": 0.687, "tok_per_s": 116695.5, "load": 6.734375}
{"event": "step", "step": 115600, "loss": 4.1962, "lr": 0.0012997489495134137, "gnorm": 0.9, "tok_per_s": 116678.0, "load": 6.87451171875}
{"event": "step", "step": 115700, "loss": 3.9907, "lr": 0.0012976095082065692, "gnorm": 0.615, "tok_per_s": 116521.0, "load": 6.64404296875}
{"event": "step", "step": 115800, "loss": 4.2416, "lr": 0.0012954710162199525, "gnorm": 0.641, "tok_per_s": 116621.3, "load": 6.35205078125}
{"event": "step", "step": 115900, "loss": 4.0682, "lr": 0.0012933334793145406, "gnorm": 0.648, "tok_per_s": 116512.4, "load": 6.21142578125}
{"event": "step", "step": 116000, "loss": 4.2557, "lr": 0.0012911969032487387, "gnorm": 0.952, "tok_per_s": 116632.9, "load": 6.0341796875}
{"event": "step", "step": 116100, "loss": 4.1202, "lr": 0.001289061293778362, "gnorm": 0.796, "tok_per_s": 116692.0, "load": 5.794921875}
{"event": "step", "step": 116200, "loss": 4.1499, "lr": 0.0012869266566566241, "gnorm": 0.748, "tok_per_s": 116704.9, "load": 5.49072265625}
{"event": "step", "step": 116300, "loss": 4.0897, "lr": 0.0012847929976341167, "gnorm": 0.634, "tok_per_s": 116713.4, "load": 5.291015625}
{"event": "step", "step": 116400, "loss": 4.2032, "lr": 0.0012826603224587974, "gnorm": 0.771, "tok_per_s": 116648.8, "load": 5.0986328125}
{"event": "step", "step": 116500, "loss": 4.1024, "lr": 0.0012805286368759747, "gnorm": 1.004, "tok_per_s": 116657.5, "load": 5.09033203125}
{"event": "step", "step": 116600, "loss": 4.1354, "lr": 0.0012783979466282891, "gnorm": 0.624, "tok_per_s": 116691.1, "load": 5.095703125}
{"event": "step", "step": 116700, "loss": 4.0629, "lr": 0.001276268257455701, "gnorm": 0.753, "tok_per_s": 116702.3, "load": 5.0078125}
{"event": "step", "step": 116800, "loss": 4.0363, "lr": 0.0012741395750954733, "gnorm": 0.551, "tok_per_s": 116643.9, "load": 4.9267578125}
{"event": "step", "step": 116900, "loss": 4.0842, "lr": 0.0012720119052821576, "gnorm": 0.792, "tok_per_s": 116703.0, "load": 5.64013671875}
{"event": "step", "step": 117000, "loss": 4.0856, "lr": 0.001269885253747576, "gnorm": 0.801, "tok_per_s": 116721.5, "load": 5.5087890625}
{"event": "step", "step": 117100, "loss": 4.3011, "lr": 0.0012677596262208098, "gnorm": 0.797, "tok_per_s": 116723.2, "load": 5.20263671875}
{"event": "step", "step": 117200, "loss": 4.1137, "lr": 0.0012656350284281788, "gnorm": 0.745, "tok_per_s": 116740.7, "load": 5.10595703125}
{"event": "step", "step": 117300, "loss": 4.1514, "lr": 0.0012635114660932323, "gnorm": 1.147, "tok_per_s": 116712.5, "load": 4.93701171875}
{"event": "step", "step": 117400, "loss": 4.0028, "lr": 0.0012613889449367265, "gnorm": 0.592, "tok_per_s": 116721.7, "load": 4.86669921875}
{"event": "step", "step": 117500, "loss": 4.2187, "lr": 0.0012592674706766156, "gnorm": 1.061, "tok_per_s": 116544.9, "load": 4.63671875}
{"event": "step", "step": 117600, "loss": 4.1573, "lr": 0.0012571470490280313, "gnorm": 0.621, "tok_per_s": 116656.0, "load": 4.86572265625}
{"event": "step", "step": 117700, "loss": 4.0868, "lr": 0.0012550276857032712, "gnorm": 1.314, "tok_per_s": 116675.6, "load": 4.71630859375}
{"event": "step", "step": 117800, "loss": 4.2422, "lr": 0.0012529093864117808, "gnorm": 0.616, "tok_per_s": 116748.7, "load": 4.49853515625}
{"event": "step", "step": 117900, "loss": 4.1388, "lr": 0.0012507921568601407, "gnorm": 1.079, "tok_per_s": 116737.6, "load": 4.64990234375}
{"event": "step", "step": 118000, "loss": 4.0181, "lr": 0.0012486760027520469, "gnorm": 0.66, "tok_per_s": 116748.8, "load": 4.83837890625}
{"event": "step", "step": 118100, "loss": 4.032, "lr": 0.001246560929788302, "gnorm": 1.163, "tok_per_s": 116771.5, "load": 4.703125}
{"event": "step", "step": 118200, "loss": 4.1784, "lr": 0.001244446943666792, "gnorm": 0.836, "tok_per_s": 116750.2, "load": 4.88720703125}
{"event": "step", "step": 118300, "loss": 4.0931, "lr": 0.0012423340500824786, "gnorm": 0.82, "tok_per_s": 116761.1, "load": 4.88525390625}
{"event": "step", "step": 118400, "loss": 4.0976, "lr": 0.0012402222547273772, "gnorm": 1.179, "tok_per_s": 116777.8, "load": 4.65380859375}
{"event": "step", "step": 118500, "loss": 4.1817, "lr": 0.0012381115632905469, "gnorm": 0.646, "tok_per_s": 116789.0, "load": 4.44091796875}
{"event": "step", "step": 118600, "loss": 4.2219, "lr": 0.0012360019814580728, "gnorm": 0.667, "tok_per_s": 116731.2, "load": 4.22509765625}
{"event": "step", "step": 118700, "loss": 4.1924, "lr": 0.0012338935149130482, "gnorm": 0.528, "tok_per_s": 116772.1, "load": 4.046875}
{"event": "step", "step": 118800, "loss": 4.2407, "lr": 0.0012317861693355659, "gnorm": 0.864, "tok_per_s": 116776.7, "load": 3.958984375}
{"event": "step", "step": 118900, "loss": 3.9122, "lr": 0.0012296799504026947, "gnorm": 0.962, "tok_per_s": 116774.8, "load": 3.8017578125}
{"event": "step", "step": 119000, "loss": 4.1414, "lr": 0.0012275748637884721, "gnorm": 0.788, "tok_per_s": 116784.4, "load": 3.97802734375}
{"event": "step", "step": 119100, "loss": 4.0847, "lr": 0.0012254709151638822, "gnorm": 0.628, "tok_per_s": 116753.3, "load": 3.98193359375}
{"event": "step", "step": 119200, "loss": 4.1281, "lr": 0.0012233681101968454, "gnorm": 0.605, "tok_per_s": 116759.7, "load": 3.90283203125}
{"event": "step", "step": 119300, "loss": 4.3141, "lr": 0.0012212664545521992, "gnorm": 0.714, "tok_per_s": 116785.7, "load": 3.68994140625}
{"event": "step", "step": 119400, "loss": 4.3722, "lr": 0.0012191659538916878, "gnorm": 0.897, "tok_per_s": 116793.0, "load": 3.955078125}
{"event": "step", "step": 119500, "loss": 3.9652, "lr": 0.0012170666138739408, "gnorm": 0.769, "tok_per_s": 116762.7, "load": 4.0390625}
{"event": "step", "step": 119600, "loss": 4.0463, "lr": 0.001214968440154463, "gnorm": 0.8, "tok_per_s": 116809.6, "load": 3.95263671875}
{"event": "step", "step": 119700, "loss": 3.9953, "lr": 0.001212871438385617, "gnorm": 0.799, "tok_per_s": 116752.4, "load": 3.7958984375}
{"event": "step", "step": 119800, "loss": 4.1896, "lr": 0.001210775614216608, "gnorm": 0.835, "tok_per_s": 116813.5, "load": 4.5576171875}
{"event": "step", "step": 119900, "loss": 4.1532, "lr": 0.0012086809732934681, "gnorm": 0.658, "tok_per_s": 116804.3, "load": 4.59326171875}
{"event": "step", "step": 120000, "loss": 4.0883, "lr": 0.0012065875212590434, "gnorm": 0.903, "tok_per_s": 116805.1, "load": 4.9462890625}
eval 120000 {'bpb': 1.353217288527767, 'nats_per_token': 4.080113063984371, 'tokens': 16379, 'bytes': 71247}
{"event": "step", "step": 120100, "loss": 3.9907, "lr": 0.0012044952637529753, "gnorm": 0.62, "tok_per_s": 83142.2, "load": 4.87451171875}
{"event": "step", "step": 120200, "loss": 4.1759, "lr": 0.0012024042064116898, "gnorm": 0.64, "tok_per_s": 116844.2, "load": 4.72705078125}
{"event": "step", "step": 120300, "loss": 4.1203, "lr": 0.001200314354868376, "gnorm": 0.77, "tok_per_s": 116844.7, "load": 4.50830078125}
{"event": "step", "step": 120400, "loss": 3.9751, "lr": 0.0011982257147529788, "gnorm": 0.74, "tok_per_s": 116803.5, "load": 4.59033203125}
{"event": "step", "step": 120500, "loss": 3.9649, "lr": 0.0011961382916921763, "gnorm": 0.588, "tok_per_s": 116792.5, "load": 4.462890625}
{"event": "step", "step": 120600, "loss": 4.3168, "lr": 0.0011940520913093701, "gnorm": 0.859, "tok_per_s": 116780.8, "load": 4.42578125}
{"event": "step", "step": 120700, "loss": 4.1922, "lr": 0.0011919671192246659, "gnorm": 0.629, "tok_per_s": 116766.4, "load": 4.35986328125}
{"event": "step", "step": 120800, "loss": 4.1288, "lr": 0.0011898833810548622, "gnorm": 0.551, "tok_per_s": 116685.3, "load": 4.4912109375}
{"event": "step", "step": 120900, "loss": 3.985, "lr": 0.0011878008824134335, "gnorm": 0.764, "tok_per_s": 116593.9, "load": 4.26171875}
{"event": "step", "step": 121000, "loss": 3.9536, "lr": 0.0011857196289105133, "gnorm": 0.727, "tok_per_s": 116602.9, "load": 4.24072265625}
{"event": "step", "step": 121100, "loss": 4.1189, "lr": 0.0011836396261528826, "gnorm": 1.246, "tok_per_s": 116617.1, "load": 4.22119140625}
{"event": "step", "step": 121200, "loss": 4.1543, "lr": 0.0011815608797439516, "gnorm": 0.599, "tok_per_s": 116633.1, "load": 4.27978515625}
{"event": "step", "step": 121300, "loss": 4.1628, "lr": 0.0011794833952837474, "gnorm": 0.596, "tok_per_s": 116552.3, "load": 4.337890625}
{"event": "step", "step": 121400, "loss": 4.2883, "lr": 0.0011774071783688955, "gnorm": 0.952, "tok_per_s": 116558.2, "load": 4.3662109375}
{"event": "step", "step": 121500, "loss": 4.1759, "lr": 0.0011753322345926089, "gnorm": 0.642, "tok_per_s": 116616.6, "load": 4.4169921875}
{"event": "step", "step": 121600, "loss": 4.1374, "lr": 0.0011732585695446692, "gnorm": 1.25, "tok_per_s": 116579.0, "load": 4.30322265625}
{"event": "step", "step": 121700, "loss": 4.0981, "lr": 0.0011711861888114138, "gnorm": 0.854, "tok_per_s": 116499.9, "load": 4.33056640625}
{"event": "step", "step": 121800, "loss": 4.1241, "lr": 0.0011691150979757207, "gnorm": 0.596, "tok_per_s": 116671.3, "load": 4.46435546875}
{"event": "step", "step": 121900, "loss": 4.1578, "lr": 0.0011670453026169925, "gnorm": 1.029, "tok_per_s": 116682.4, "load": 4.46630859375}
{"event": "step", "step": 122000, "loss": 4.0863, "lr": 0.001164976808311141, "gnorm": 1.282, "tok_per_s": 116691.2, "load": 4.4287109375}
{"event": "step", "step": 122100, "loss": 4.3666, "lr": 0.0011629096206305747, "gnorm": 1.005, "tok_per_s": 116699.2, "load": 4.23388671875}
{"event": "step", "step": 122200, "loss": 4.1545, "lr": 0.0011608437451441807, "gnorm": 0.588, "tok_per_s": 116666.0, "load": 4.037109375}
{"event": "step", "step": 122300, "loss": 4.1766, "lr": 0.0011587791874173128, "gnorm": 0.706, "tok_per_s": 116669.7, "load": 4.03369140625}
{"event": "step", "step": 122400, "loss": 4.3575, "lr": 0.0011567159530117724, "gnorm": 1.09, "tok_per_s": 116714.7, "load": 3.96142578125}
{"event": "step", "step": 122500, "loss": 4.0612, "lr": 0.0011546540474857982, "gnorm": 0.572, "tok_per_s": 116479.8, "load": 4.365234375}
{"event": "step", "step": 122600, "loss": 4.0869, "lr": 0.0011525934763940476, "gnorm": 0.722, "tok_per_s": 116653.3, "load": 4.255859375}
{"event": "step", "step": 122700, "loss": 4.2001, "lr": 0.0011505342452875838, "gnorm": 1.115, "tok_per_s": 116676.1, "load": 4.59814453125}
{"event": "step", "step": 122800, "loss": 4.0535, "lr": 0.00114847635971386, "gnorm": 0.73, "tok_per_s": 116691.0, "load": 4.79052734375}
{"event": "step", "step": 122900, "loss": 4.1059, "lr": 0.001146419825216705, "gnorm": 0.951, "tok_per_s": 116680.2, "load": 4.736328125}
{"event": "step", "step": 123000, "loss": 4.1308, "lr": 0.001144364647336306, "gnorm": 0.585, "tok_per_s": 116697.8, "load": 4.837890625}
{"event": "step", "step": 123100, "loss": 4.2166, "lr": 0.0011423108316091987, "gnorm": 1.081, "tok_per_s": 116647.7, "load": 4.6904296875}
{"event": "step", "step": 123200, "loss": 3.9894, "lr": 0.0011402583835682463, "gnorm": 0.686, "tok_per_s": 116664.9, "load": 4.2763671875}
{"event": "step", "step": 123300, "loss": 3.9846, "lr": 0.0011382073087426296, "gnorm": 0.625, "tok_per_s": 116672.0, "load": 4.25390625}
{"event": "step", "step": 123400, "loss": 4.2044, "lr": 0.0011361576126578286, "gnorm": 0.679, "tok_per_s": 116661.5, "load": 4.294921875}
{"event": "step", "step": 123500, "loss": 3.9649, "lr": 0.00113410930083561, "gnorm": 0.906, "tok_per_s": 116633.7, "load": 4.431640625}
{"event": "step", "step": 123600, "loss": 4.1417, "lr": 0.0011320623787940103, "gnorm": 0.646, "tok_per_s": 116676.0, "load": 4.31689453125}
{"event": "step", "step": 123700, "loss": 4.2449, "lr": 0.0011300168520473235, "gnorm": 0.612, "tok_per_s": 116684.7, "load": 4.12060546875}
{"event": "step", "step": 123800, "loss": 4.094, "lr": 0.001127972726106084, "gnorm": 0.728, "tok_per_s": 116691.1, "load": 4.03076171875}
{"event": "step", "step": 123900, "loss": 4.1184, "lr": 0.001125930006477052, "gnorm": 0.891, "tok_per_s": 116706.5, "load": 3.72412109375}
{"event": "step", "step": 124000, "loss": 3.9446, "lr": 0.0011238886986632002, "gnorm": 0.668, "tok_per_s": 116715.3, "load": 4.06689453125}
{"event": "step", "step": 124100, "loss": 4.3044, "lr": 0.0011218488081636963, "gnorm": 1.11, "tok_per_s": 116704.3, "load": 3.9814453125}
{"event": "step", "step": 124200, "loss": 4.1361, "lr": 0.0011198103404738925, "gnorm": 0.68, "tok_per_s": 116731.3, "load": 4.06494140625}
{"event": "step", "step": 124300, "loss": 4.1252, "lr": 0.0011177733010853048, "gnorm": 0.607, "tok_per_s": 116737.0, "load": 3.9794921875}
{"event": "step", "step": 124400, "loss": 4.311, "lr": 0.0011157376954856048, "gnorm": 0.567, "tok_per_s": 116719.1, "load": 3.7548828125}
{"event": "step", "step": 124500, "loss": 3.9841, "lr": 0.0011137035291585982, "gnorm": 0.714, "tok_per_s": 116676.7, "load": 3.6142578125}
{"event": "step", "step": 124600, "loss": 4.2389, "lr": 0.0011116708075842164, "gnorm": 0.756, "tok_per_s": 116756.2, "load": 3.56494140625}
{"event": "step", "step": 124700, "loss": 4.1622, "lr": 0.0011096395362384967, "gnorm": 0.84, "tok_per_s": 116721.6, "load": 3.919921875}
{"event": "step", "step": 124800, "loss": 4.1921, "lr": 0.0011076097205935708, "gnorm": 0.599, "tok_per_s": 116745.2, "load": 4.0068359375}
{"event": "step", "step": 124900, "loss": 4.0909, "lr": 0.0011055813661176466, "gnorm": 0.776, "tok_per_s": 116739.8, "load": 4.1787109375}
{"event": "step", "step": 125000, "loss": 4.1831, "lr": 0.0011035544782749995, "gnorm": 0.906, "tok_per_s": 116726.6, "load": 4.083984375}
{"event": "step", "step": 125100, "loss": 3.9648, "lr": 0.00110152906252595, "gnorm": 0.833, "tok_per_s": 84228.9, "load": 4.07080078125}
{"event": "step", "step": 125200, "loss": 4.0792, "lr": 0.001099505124326856, "gnorm": 0.652, "tok_per_s": 116728.0, "load": 4.06494140625}
{"event": "step", "step": 125300, "loss": 4.0583, "lr": 0.0010974826691300921, "gnorm": 0.92, "tok_per_s": 116752.7, "load": 3.974609375}
{"event": "step", "step": 125400, "loss": 4.2668, "lr": 0.00109546170238404, "gnorm": 0.679, "tok_per_s": 116724.5, "load": 4.13720703125}
{"event": "step", "step": 125500, "loss": 4.2774, "lr": 0.0010934422295330712, "gnorm": 0.681, "tok_per_s": 116735.4, "load": 4.11572265625}
{"event": "step", "step": 125600, "loss": 4.1761, "lr": 0.0010914242560175315, "gnorm": 0.761, "tok_per_s": 116435.6, "load": 4.1064453125}
{"event": "step", "step": 125700, "loss": 4.1851, "lr": 0.0010894077872737292, "gnorm": 0.8, "tok_per_s": 116711.7, "load": 4.09765625}
{"event": "step", "step": 125800, "loss": 4.0858, "lr": 0.0010873928287339172, "gnorm": 0.661, "tok_per_s": 116611.6, "load": 4.23681640625}
{"event": "step", "step": 125900, "loss": 4.2437, "lr": 0.0010853793858262818, "gnorm": 2.642, "tok_per_s": 116666.8, "load": 4.45849609375}
{"event": "step", "step": 126000, "loss": 4.1862, "lr": 0.0010833674639749238, "gnorm": 0.86, "tok_per_s": 116648.5, "load": 4.53515625}
{"event": "step", "step": 126100, "loss": 4.345, "lr": 0.0010813570685998496, "gnorm": 1.758, "tok_per_s": 116618.4, "load": 4.412109375}
{"event": "step", "step": 126200, "loss": 4.114, "lr": 0.0010793482051169505, "gnorm": 0.788, "tok_per_s": 116625.1, "load": 5.02001953125}
{"event": "step", "step": 126300, "loss": 4.1379, "lr": 0.001077340878937993, "gnorm": 1.156, "tok_per_s": 116602.4, "load": 4.86962890625}
{"event": "step", "step": 126400, "loss": 4.041, "lr": 0.0010753350954706, "gnorm": 1.094, "tok_per_s": 116595.0, "load": 5.52099609375}
{"event": "step", "step": 126500, "loss": 4.0154, "lr": 0.001073330860118241, "gnorm": 0.673, "tok_per_s": 116437.2, "load": 5.60107421875}
{"event": "step", "step": 126600, "loss": 3.8314, "lr": 0.0010713281782802125, "gnorm": 0.898, "tok_per_s": 116546.9, "load": 5.392578125}
{"event": "step", "step": 126700, "loss": 4.2667, "lr": 0.001069327055351628, "gnorm": 1.143, "tok_per_s": 116607.7, "load": 5.44140625}
{"event": "step", "step": 126800, "loss": 4.3166, "lr": 0.0010673274967234, "gnorm": 0.755, "tok_per_s": 116614.9, "load": 4.9853515625}
{"event": "step", "step": 126900, "loss": 4.3096, "lr": 0.001065329507782228, "gnorm": 0.77, "tok_per_s": 116631.3, "load": 4.90625}
{"event": "step", "step": 127000, "loss": 4.0979, "lr": 0.0010633330939105808, "gnorm": 0.798, "tok_per_s": 116621.0, "load": 4.92724609375}
{"event": "step", "step": 127100, "loss": 3.9906, "lr": 0.001061338260486687, "gnorm": 0.644, "tok_per_s": 116605.1, "load": 4.7724609375}
{"event": "step", "step": 127200, "loss": 4.1251, "lr": 0.001059345012884515, "gnorm": 1.274, "tok_per_s": 116614.6, "load": 4.57958984375}
{"event": "step", "step": 127300, "loss": 4.2864, "lr": 0.0010573533564737626, "gnorm": 0.76, "tok_per_s": 116602.4, "load": 4.37255859375}
{"event": "step", "step": 127400, "loss": 4.2544, "lr": 0.0010553632966198402, "gnorm": 1.189, "tok_per_s": 116599.3, "load": 4.6630859375}
{"event": "step", "step": 127500, "loss": 4.291, "lr": 0.001053374838683858, "gnorm": 1.129, "tok_per_s": 116121.3, "load": 4.56787109375}
{"event": "step", "step": 127600, "loss": 4.1923, "lr": 0.001051387988022609, "gnorm": 0.698, "tok_per_s": 116189.2, "load": 4.52197265625}
{"event": "step", "step": 127700, "loss": 4.0793, "lr": 0.0010494027499885585, "gnorm": 0.886, "tok_per_s": 116599.7, "load": 4.65625}
{"event": "step", "step": 127800, "loss": 4.2826, "lr": 0.0010474191299298266, "gnorm": 0.759, "tok_per_s": 116566.3, "load": 5.00439453125}
{"event": "step", "step": 127900, "loss": 4.1242, "lr": 0.0010454371331901737, "gnorm": 0.711, "tok_per_s": 116590.1, "load": 4.84375}
{"event": "step", "step": 128000, "loss": 4.0457, "lr": 0.0010434567651089886, "gnorm": 0.776, "tok_per_s": 116579.3, "load": 5.0537109375}
{"event": "step", "step": 128100, "loss": 4.1474, "lr": 0.0010414780310212715, "gnorm": 0.958, "tok_per_s": 116597.6, "load": 5.2099609375}
{"event": "step", "step": 128200, "loss": 4.2134, "lr": 0.0010395009362576216, "gnorm": 0.707, "tok_per_s": 116587.2, "load": 5.2451171875}
{"event": "step", "step": 128300, "loss": 4.3314, "lr": 0.0010375254861442204, "gnorm": 1.231, "tok_per_s": 116592.3, "load": 5.14501953125}
{"event": "step", "step": 128400, "loss": 4.1037, "lr": 0.001035551686002821, "gnorm": 1.272, "tok_per_s": 116596.5, "load": 5.13330078125}
{"event": "step", "step": 128500, "loss": 4.0488, "lr": 0.0010335795411507288, "gnorm": 0.839, "tok_per_s": 116574.2, "load": 4.958984375}
{"event": "step", "step": 128600, "loss": 3.8696, "lr": 0.001031609056900793, "gnorm": 0.715, "tok_per_s": 116563.8, "load": 4.8017578125}
{"event": "step", "step": 128700, "loss": 4.1136, "lr": 0.0010296402385613862, "gnorm": 0.808, "tok_per_s": 116573.5, "load": 5.2265625}
{"event": "step", "step": 128800, "loss": 4.0423, "lr": 0.001027673091436396, "gnorm": 1.213, "tok_per_s": 116596.8, "load": 5.1279296875}
{"event": "step", "step": 128900, "loss": 4.1134, "lr": 0.0010257076208252055, "gnorm": 0.68, "tok_per_s": 116591.4, "load": 5.11767578125}
{"event": "step", "step": 129000, "loss": 3.969, "lr": 0.0010237438320226833, "gnorm": 0.801, "tok_per_s": 116596.2, "load": 4.93896484375}
{"event": "step", "step": 129100, "loss": 4.1139, "lr": 0.001021781730319165, "gnorm": 0.7, "tok_per_s": 116596.3, "load": 4.9443359375}
{"event": "step", "step": 129200, "loss": 4.1463, "lr": 0.0010198213210004439, "gnorm": 0.716, "tok_per_s": 116580.4, "load": 5.02685546875}
{"event": "step", "step": 129300, "loss": 4.1793, "lr": 0.0010178626093477515, "gnorm": 1.08, "tok_per_s": 116582.7, "load": 5.0244140625}
{"event": "step", "step": 129400, "loss": 4.137, "lr": 0.0010159056006377484, "gnorm": 0.7, "tok_per_s": 116504.4, "load": 5.2626953125}
{"event": "step", "step": 129500, "loss": 4.1754, "lr": 0.0010139503001425055, "gnorm": 0.656, "tok_per_s": 116492.6, "load": 5.2216796875}
{"event": "step", "step": 129600, "loss": 4.2662, "lr": 0.0010119967131294934, "gnorm": 0.901, "tok_per_s": 116541.6, "load": 5.20361328125}
{"event": "step", "step": 129700, "loss": 4.2571, "lr": 0.001010044844861565, "gnorm": 1.291, "tok_per_s": 116603.7, "load": 5.48681640625}
{"event": "step", "step": 129800, "loss": 4.1219, "lr": 0.0010080947005969452, "gnorm": 1.016, "tok_per_s": 116619.4, "load": 6.2490234375}
{"event": "step", "step": 129900, "loss": 4.0936, "lr": 0.001006146285589212, "gnorm": 0.908, "tok_per_s": 116573.1, "load": 6.3896484375}
{"event": "step", "step": 130000, "loss": 4.294, "lr": 0.0010041996050872872, "gnorm": 0.887, "tok_per_s": 116591.3, "load": 6.32958984375}
{"event": "step", "step": 130100, "loss": 4.2347, "lr": 0.0010022546643354189, "gnorm": 0.629, "tok_per_s": 83109.6, "load": 6.28515625}
{"event": "step", "step": 130200, "loss": 4.0941, "lr": 0.0010003114685731677, "gnorm": 0.875, "tok_per_s": 116716.6, "load": 6.5029296875}
{"event": "step", "step": 130300, "loss": 3.9893, "lr": 0.0009983700230353951, "gnorm": 1.025, "tok_per_s": 116559.4, "load": 6.271484375}
{"event": "step", "step": 130400, "loss": 4.0502, "lr": 0.0009964303329522454, "gnorm": 1.043, "tok_per_s": 116674.8, "load": 6.24951171875}
{"event": "step", "step": 130500, "loss": 4.1391, "lr": 0.0009944924035491358, "gnorm": 0.701, "tok_per_s": 116616.6, "load": 5.9892578125}
{"event": "step", "step": 130600, "loss": 4.1056, "lr": 0.0009925562400467387, "gnorm": 0.692, "tok_per_s": 116593.9, "load": 5.91064453125}
{"event": "step", "step": 130700, "loss": 4.1939, "lr": 0.0009906218476609708, "gnorm": 0.748, "tok_per_s": 116569.7, "load": 5.75732421875}
{"event": "step", "step": 130800, "loss": 4.0769, "lr": 0.0009886892316029758, "gnorm": 0.758, "tok_per_s": 116580.3, "load": 10.7236328125}
{"event": "step", "step": 130900, "loss": 4.1775, "lr": 0.0009867583970791143, "gnorm": 0.629, "tok_per_s": 116585.6, "load": 10.18505859375}
{"event": "step", "step": 131000, "loss": 4.0363, "lr": 0.0009848293492909451, "gnorm": 1.21, "tok_per_s": 116516.0, "load": 9.689453125}
{"event": "step", "step": 131100, "loss": 4.0687, "lr": 0.0009829020934352156, "gnorm": 0.702, "tok_per_s": 116540.5, "load": 11.03125}
{"event": "step", "step": 131200, "loss": 4.0958, "lr": 0.000980976634703844, "gnorm": 0.775, "tok_per_s": 116426.8, "load": 13.59130859375}
{"event": "step", "step": 131300, "loss": 4.1312, "lr": 0.0009790529782839092, "gnorm": 0.792, "tok_per_s": 116481.7, "load": 22.52392578125}
{"event": "step", "step": 131400, "loss": 4.2162, "lr": 0.000977131129357633, "gnorm": 0.68, "tok_per_s": 116490.4, "load": 27.6875}
{"event": "step", "step": 131500, "loss": 4.1336, "lr": 0.0009752110931023696, "gnorm": 0.735, "tok_per_s": 116486.5, "load": 33.55859375}
{"event": "step", "step": 131600, "loss": 4.0624, "lr": 0.0009732928746905876, "gnorm": 0.956, "tok_per_s": 116356.0, "load": 31.0029296875}
{"event": "step", "step": 131700, "loss": 4.3061, "lr": 0.0009713764792898614, "gnorm": 1.255, "tok_per_s": 116485.1, "load": 29.00048828125}
{"event": "step", "step": 131800, "loss": 4.1932, "lr": 0.0009694619120628515, "gnorm": 0.877, "tok_per_s": 116448.4, "load": 25.31640625}
{"event": "step", "step": 131900, "loss": 4.2617, "lr": 0.0009675491781672955, "gnorm": 0.679, "tok_per_s": 116477.4, "load": 23.689453125}
{"event": "step", "step": 132000, "loss": 3.9641, "lr": 0.0009656382827559908, "gnorm": 0.968, "tok_per_s": 116525.1, "load": 20.58154296875}
{"event": "step", "step": 132100, "loss": 4.2372, "lr": 0.0009637292309767829, "gnorm": 0.968, "tok_per_s": 116538.5, "load": 19.33349609375}
{"event": "step", "step": 132200, "loss": 4.2182, "lr": 0.0009618220279725497, "gnorm": 0.838, "tok_per_s": 116548.8, "load": 18.10546875}
{"event": "step", "step": 132300, "loss": 4.075, "lr": 0.0009599166788811895, "gnorm": 0.748, "tok_per_s": 116533.0, "load": 15.78271484375}
{"event": "step", "step": 132400, "loss": 4.1579, "lr": 0.0009580131888356064, "gnorm": 0.606, "tok_per_s": 116543.2, "load": 14.7587890625}
{"event": "step", "step": 132500, "loss": 4.0737, "lr": 0.0009561115629636948, "gnorm": 0.672, "tok_per_s": 116522.0, "load": 13.25146484375}
{"event": "step", "step": 132600, "loss": 4.1979, "lr": 0.0009542118063883295, "gnorm": 0.845, "tok_per_s": 116543.6, "load": 12.51025390625}
{"event": "step", "step": 132700, "loss": 4.0662, "lr": 0.0009523139242273469, "gnorm": 0.77, "tok_per_s": 116547.7, "load": 11.98876953125}
{"event": "step", "step": 132800, "loss": 4.1045, "lr": 0.0009504179215935358, "gnorm": 0.85, "tok_per_s": 116522.2, "load": 10.99365234375}
{"event": "step", "step": 132900, "loss": 4.2387, "lr": 0.0009485238035946209, "gnorm": 1.055, "tok_per_s": 116533.7, "load": 10.513671875}
{"event": "step", "step": 133000, "loss": 4.2136, "lr": 0.0009466315753332501, "gnorm": 0.857, "tok_per_s": 116545.0, "load": 9.6591796875}
{"event": "step", "step": 133100, "loss": 4.1012, "lr": 0.0009447412419069797, "gnorm": 0.893, "tok_per_s": 116542.6, "load": 9.28564453125}
{"event": "step", "step": 133200, "loss": 4.1696, "lr": 0.0009428528084082627, "gnorm": 1.005, "tok_per_s": 116538.3, "load": 8.8623046875}
{"event": "step", "step": 133300, "loss": 4.0268, "lr": 0.0009409662799244322, "gnorm": 0.724, "tok_per_s": 116525.0, "load": 8.9091796875}
{"event": "step", "step": 133400, "loss": 4.0868, "lr": 0.0009390816615376908, "gnorm": 0.915, "tok_per_s": 116540.2, "load": 8.595703125}
{"event": "step", "step": 133500, "loss": 4.1441, "lr": 0.0009371989583250949, "gnorm": 1.022, "tok_per_s": 116530.0, "load": 8.12890625}
{"event": "step", "step": 133600, "loss": 3.9893, "lr": 0.0009353181753585405, "gnorm": 0.745, "tok_per_s": 116544.0, "load": 7.9580078125}
{"event": "step", "step": 133700, "loss": 3.9754, "lr": 0.0009334393177047528, "gnorm": 0.79, "tok_per_s": 116542.9, "load": 7.80078125}
{"event": "step", "step": 133800, "loss": 4.3004, "lr": 0.0009315623904252675, "gnorm": 0.934, "tok_per_s": 116555.1, "load": 7.68408203125}
{"event": "step", "step": 133900, "loss": 4.2784, "lr": 0.000929687398576423, "gnorm": 1.083, "tok_per_s": 116529.1, "load": 7.46875}
{"event": "step", "step": 134000, "loss": 4.157, "lr": 0.0009278143472093407, "gnorm": 1.186, "tok_per_s": 116466.9, "load": 6.85498046875}
{"event": "step", "step": 134100, "loss": 4.0117, "lr": 0.0009259432413699174, "gnorm": 0.653, "tok_per_s": 116438.1, "load": 6.6259765625}
{"event": "step", "step": 134200, "loss": 3.9682, "lr": 0.0009240740860988059, "gnorm": 0.978, "tok_per_s": 116178.8, "load": 6.41552734375}
{"event": "step", "step": 134300, "loss": 4.102, "lr": 0.0009222068864314065, "gnorm": 0.719, "tok_per_s": 116089.7, "load": 6.12353515625}
{"event": "step", "step": 134400, "loss": 4.233, "lr": 0.0009203416473978508, "gnorm": 0.688, "tok_per_s": 116534.0, "load": 6.59423828125}
{"event": "step", "step": 134500, "loss": 4.0879, "lr": 0.0009184783740229871, "gnorm": 1.013, "tok_per_s": 116503.2, "load": 6.515625}
{"event": "step", "step": 134600, "loss": 3.9186, "lr": 0.0009166170713263708, "gnorm": 0.742, "tok_per_s": 116534.6, "load": 6.23388671875}
{"event": "step", "step": 134700, "loss": 4.0769, "lr": 0.0009147577443222455, "gnorm": 0.957, "tok_per_s": 116492.9, "load": 6.37548828125}
{"event": "step", "step": 134800, "loss": 4.1306, "lr": 0.0009129003980195351, "gnorm": 0.726, "tok_per_s": 116461.1, "load": 6.2568359375}
{"event": "step", "step": 134900, "loss": 4.1219, "lr": 0.0009110450374218255, "gnorm": 0.771, "tok_per_s": 116450.8, "load": 5.99560546875}
{"event": "step", "step": 135000, "loss": 3.9773, "lr": 0.0009091916675273553, "gnorm": 0.876, "tok_per_s": 116445.7, "load": 5.775390625}
{"event": "step", "step": 135100, "loss": 4.1074, "lr": 0.0009073402933289977, "gnorm": 0.656, "tok_per_s": 83303.3, "load": 5.501953125}
{"event": "step", "step": 135200, "loss": 4.253, "lr": 0.0009054909198142519, "gnorm": 1.222, "tok_per_s": 116550.9, "load": 5.7021484375}
{"event": "step", "step": 135300, "loss": 4.0562, "lr": 0.000903643551965226, "gnorm": 0.826, "tok_per_s": 116521.7, "load": 5.5654296875}
{"event": "step", "step": 135400, "loss": 4.0067, "lr": 0.0009017981947586256, "gnorm": 1.202, "tok_per_s": 116527.0, "load": 5.23779296875}
{"event": "step", "step": 135500, "loss": 4.053, "lr": 0.0008999548531657398, "gnorm": 0.699, "tok_per_s": 116491.6, "load": 6.66064453125}
{"event": "step", "step": 135600, "loss": 4.0966, "lr": 0.000898113532152427, "gnorm": 0.879, "tok_per_s": 116468.1, "load": 6.17724609375}
{"event": "step", "step": 135700, "loss": 4.0738, "lr": 0.0008962742366791033, "gnorm": 0.81, "tok_per_s": 116354.4, "load": 6.16259765625}
{"event": "step", "step": 135800, "loss": 4.3064, "lr": 0.000894436971700727, "gnorm": 0.766, "tok_per_s": 116186.6, "load": 5.6826171875}
{"event": "step", "step": 135900, "loss": 4.158, "lr": 0.0008926017421667878, "gnorm": 0.877, "tok_per_s": 116350.8, "load": 5.4677734375}
{"event": "step", "step": 136000, "loss": 4.1968, "lr": 0.0008907685530212898, "gnorm": 0.894, "tok_per_s": 116464.0, "load": 5.27001953125}
{"event": "step", "step": 136100, "loss": 4.1062, "lr": 0.0008889374092027432, "gnorm": 1.333, "tok_per_s": 116431.4, "load": 4.98779296875}
{"event": "step", "step": 136200, "loss": 4.0979, "lr": 0.0008871083156441459, "gnorm": 0.78, "tok_per_s": 116449.3, "load": 4.9892578125}
{"event": "step", "step": 136300, "loss": 4.3316, "lr": 0.0008852812772729742, "gnorm": 1.103, "tok_per_s": 116424.4, "load": 4.609375}
{"event": "step", "step": 136400, "loss": 4.192, "lr": 0.000883456299011166, "gnorm": 0.879, "tok_per_s": 116468.8, "load": 4.48046875}
{"event": "step", "step": 136500, "loss": 4.1043, "lr": 0.0008816333857751113, "gnorm": 0.716, "tok_per_s": 116437.1, "load": 4.5224609375}
{"event": "step", "step": 136600, "loss": 4.1701, "lr": 0.0008798125424756355, "gnorm": 0.774, "tok_per_s": 116321.9, "load": 4.67626953125}
{"event": "step", "step": 136700, "loss": 4.115, "lr": 0.0008779937740179882, "gnorm": 0.739, "tok_per_s": 116401.4, "load": 4.6220703125}
{"event": "step", "step": 136800, "loss": 3.9476, "lr": 0.0008761770853018311, "gnorm": 0.991, "tok_per_s": 116375.1, "load": 4.44580078125}
{"event": "step", "step": 136900, "loss": 4.0126, "lr": 0.00087436248122122, "gnorm": 0.746, "tok_per_s": 116456.3, "load": 4.32958984375}
{"event": "step", "step": 137000, "loss": 4.1593, "lr": 0.0008725499666645978, "gnorm": 0.981, "tok_per_s": 116452.9, "load": 4.142578125}
{"event": "step", "step": 137100, "loss": 4.1183, "lr": 0.0008707395465147763, "gnorm": 0.714, "tok_per_s": 116444.6, "load": 3.88623046875}
{"event": "step", "step": 137200, "loss": 4.0406, "lr": 0.0008689312256489265, "gnorm": 0.781, "tok_per_s": 116485.9, "load": 3.81494140625}
{"event": "step", "step": 137300, "loss": 4.0835, "lr": 0.0008671250089385626, "gnorm": 0.875, "tok_per_s": 116457.9, "load": 3.7763671875}
{"event": "step", "step": 137400, "loss": 4.033, "lr": 0.0008653209012495324, "gnorm": 0.894, "tok_per_s": 116466.2, "load": 3.87451171875}
{"event": "step", "step": 137500, "loss": 4.2101, "lr": 0.0008635189074419992, "gnorm": 0.784, "tok_per_s": 116427.2, "load": 4.044921875}
{"event": "step", "step": 137600, "loss": 4.0689, "lr": 0.000861719032370435, "gnorm": 1.341, "tok_per_s": 116491.3, "load": 4.04443359375}
{"event": "step", "step": 137700, "loss": 3.9678, "lr": 0.000859921280883601, "gnorm": 0.651, "tok_per_s": 116513.0, "load": 4.12109375}
{"event": "step", "step": 137800, "loss": 4.1345, "lr": 0.0008581256578245401, "gnorm": 0.751, "tok_per_s": 116513.5, "load": 3.9482421875}
{"event": "step", "step": 137900, "loss": 4.1807, "lr": 0.0008563321680305588, "gnorm": 0.749, "tok_per_s": 116507.6, "load": 3.95263671875}
{"event": "step", "step": 138000, "loss": 4.1374, "lr": 0.0008545408163332191, "gnorm": 0.913, "tok_per_s": 116512.0, "load": 3.8759765625}
{"event": "step", "step": 138100, "loss": 4.2586, "lr": 0.0008527516075583215, "gnorm": 0.748, "tok_per_s": 116520.4, "load": 3.9814453125}
{"event": "step", "step": 138200, "loss": 4.1757, "lr": 0.0008509645465258947, "gnorm": 0.794, "tok_per_s": 116527.2, "load": 3.90283203125}
{"event": "step", "step": 138300, "loss": 4.1681, "lr": 0.00084917963805018, "gnorm": 0.998, "tok_per_s": 116502.7, "load": 3.93017578125}
{"event": "step", "step": 138400, "loss": 4.0575, "lr": 0.0008473968869396218, "gnorm": 0.795, "tok_per_s": 116387.7, "load": 3.85546875}
{"event": "step", "step": 138500, "loss": 4.1244, "lr": 0.0008456162979968506, "gnorm": 0.919, "tok_per_s": 116458.5, "load": 4.02734375}
{"event": "step", "step": 138600, "loss": 4.0986, "lr": 0.0008438378760186743, "gnorm": 1.121, "tok_per_s": 116441.3, "load": 4.18310546875}
{"event": "step", "step": 138700, "loss": 4.1554, "lr": 0.0008420616257960609, "gnorm": 0.759, "tok_per_s": 116444.6, "load": 4.087890625}
{"event": "step", "step": 138800, "loss": 4.0216, "lr": 0.00084028755211413, "gnorm": 0.851, "tok_per_s": 116463.3, "load": 3.919921875}
{"event": "step", "step": 138900, "loss": 4.0974, "lr": 0.0008385156597521355, "gnorm": 0.774, "tok_per_s": 116466.8, "load": 3.84619140625}
{"event": "step", "step": 139000, "loss": 4.077, "lr": 0.0008367459534834566, "gnorm": 0.712, "tok_per_s": 116488.9, "load": 3.7158203125}
{"event": "step", "step": 139100, "loss": 4.0601, "lr": 0.0008349784380755834, "gnorm": 0.92, "tok_per_s": 116503.1, "load": 3.658203125}
{"event": "step", "step": 139200, "loss": 4.0861, "lr": 0.0008332131182901021, "gnorm": 0.749, "tok_per_s": 116498.2, "load": 3.60546875}
{"event": "step", "step": 139300, "loss": 4.0749, "lr": 0.0008314499988826863, "gnorm": 0.731, "tok_per_s": 116439.7, "load": 3.51171875}
{"event": "step", "step": 139400, "loss": 4.0883, "lr": 0.0008296890846030798, "gnorm": 0.801, "tok_per_s": 116511.7, "load": 3.55126953125}
{"event": "step", "step": 139500, "loss": 4.1189, "lr": 0.0008279303801950884, "gnorm": 0.841, "tok_per_s": 116502.3, "load": 3.6943359375}
{"event": "step", "step": 139600, "loss": 4.1685, "lr": 0.0008261738903965616, "gnorm": 1.193, "tok_per_s": 116523.9, "load": 3.638671875}
{"event": "step", "step": 139700, "loss": 4.1249, "lr": 0.0008244196199393856, "gnorm": 1.225, "tok_per_s": 116498.9, "load": 3.50732421875}
{"event": "step", "step": 139800, "loss": 3.9639, "lr": 0.0008226675735494656, "gnorm": 0.87, "tok_per_s": 116517.0, "load": 3.49658203125}
{"event": "step", "step": 139900, "loss": 4.1135, "lr": 0.0008209177559467178, "gnorm": 1.443, "tok_per_s": 116506.7, "load": 3.45654296875}
{"event": "step", "step": 140000, "loss": 4.1081, "lr": 0.000819170171845051, "gnorm": 1.511, "tok_per_s": 116504.3, "load": 3.626953125}
eval 140000 {'bpb': 1.3373649697523844, 'nats_per_token': 4.032316414120215, 'tokens': 16379, 'bytes': 71247}
{"event": "step", "step": 140100, "loss": 4.2518, "lr": 0.0008174248259523601, "gnorm": 0.859, "tok_per_s": 82492.9, "load": 3.9375}
{"event": "step", "step": 140200, "loss": 4.1503, "lr": 0.0008156817229705083, "gnorm": 1.035, "tok_per_s": 116618.9, "load": 3.7822265625}
{"event": "step", "step": 140300, "loss": 4.1532, "lr": 0.0008139408675953179, "gnorm": 1.035, "tok_per_s": 116538.1, "load": 3.7998046875}
{"event": "step", "step": 140400, "loss": 4.2762, "lr": 0.0008122022645165553, "gnorm": 0.908, "tok_per_s": 116535.2, "load": 3.5224609375}
{"event": "step", "step": 140500, "loss": 4.0115, "lr": 0.0008104659184179199, "gnorm": 0.781, "tok_per_s": 116559.0, "load": 3.48046875}
{"event": "step", "step": 140600, "loss": 4.0869, "lr": 0.0008087318339770304, "gnorm": 0.793, "tok_per_s": 116508.4, "load": 3.634765625}
{"event": "step", "step": 140700, "loss": 4.0962, "lr": 0.0008070000158654137, "gnorm": 1.201, "tok_per_s": 115363.9, "load": 3.50341796875}
{"event": "step", "step": 140800, "loss": 4.123, "lr": 0.0008052704687484898, "gnorm": 1.16, "tok_per_s": 116495.0, "load": 3.3828125}
{"event": "step", "step": 140900, "loss": 4.0301, "lr": 0.0008035431972855627, "gnorm": 0.945, "tok_per_s": 116462.9, "load": 4.8203125}
{"event": "step", "step": 141000, "loss": 3.9177, "lr": 0.0008018182061298037, "gnorm": 0.85, "tok_per_s": 116457.1, "load": 4.59423828125}
{"event": "step", "step": 141100, "loss": 3.925, "lr": 0.0008000954999282436, "gnorm": 0.789, "tok_per_s": 116301.5, "load": 4.3486328125}
{"event": "step", "step": 141200, "loss": 4.2923, "lr": 0.000798375083321755, "gnorm": 1.076, "tok_per_s": 116416.6, "load": 4.16015625}
{"event": "step", "step": 141300, "loss": 4.1448, "lr": 0.0007966569609450445, "gnorm": 0.854, "tok_per_s": 116433.2, "load": 3.98681640625}
{"event": "step", "step": 141400, "loss": 3.967, "lr": 0.0007949411374266378, "gnorm": 0.891, "tok_per_s": 116436.8, "load": 3.76123046875}
{"event": "step", "step": 141500, "loss": 4.0572, "lr": 0.0007932276173888663, "gnorm": 0.866, "tok_per_s": 116430.4, "load": 3.6201171875}
{"event": "step", "step": 141600, "loss": 4.0213, "lr": 0.0007915164054478579, "gnorm": 0.859, "tok_per_s": 116397.9, "load": 3.4443359375}
{"event": "step", "step": 141700, "loss": 4.172, "lr": 0.0007898075062135211, "gnorm": 1.096, "tok_per_s": 116404.7, "load": 3.32861328125}
{"event": "step", "step": 141800, "loss": 4.0844, "lr": 0.0007881009242895347, "gnorm": 0.932, "tok_per_s": 116453.9, "load": 3.623046875}
{"event": "step", "step": 141900, "loss": 4.4046, "lr": 0.0007863966642733344, "gnorm": 0.974, "tok_per_s": 116417.5, "load": 4.888671875}
{"event": "step", "step": 142000, "loss": 4.0937, "lr": 0.0007846947307561018, "gnorm": 0.742, "tok_per_s": 116416.5, "load": 4.7373046875}
{"event": "step", "step": 142100, "loss": 4.1501, "lr": 0.0007829951283227498, "gnorm": 0.849, "tok_per_s": 116443.0, "load": 4.8583984375}
{"event": "step", "step": 142200, "loss": 4.0359, "lr": 0.0007812978615519123, "gnorm": 0.993, "tok_per_s": 116445.5, "load": 4.70947265625}
{"event": "step", "step": 142300, "loss": 3.9629, "lr": 0.0007796029350159307, "gnorm": 0.812, "tok_per_s": 116438.2, "load": 4.65234375}
{"event": "step", "step": 142400, "loss": 4.0408, "lr": 0.0007779103532808426, "gnorm": 0.829, "tok_per_s": 116451.2, "load": 4.39794921875}
{"event": "step", "step": 142500, "loss": 3.9831, "lr": 0.0007762201209063672, "gnorm": 0.765, "tok_per_s": 116425.9, "load": 4.4462890625}
{"event": "step", "step": 142600, "loss": 4.1711, "lr": 0.000774532242445897, "gnorm": 1.011, "tok_per_s": 116435.9, "load": 4.15625}
{"event": "step", "step": 142700, "loss": 4.0098, "lr": 0.0007728467224464809, "gnorm": 1.088, "tok_per_s": 116430.6, "load": 4.1435546875}
{"event": "step", "step": 142800, "loss": 4.0962, "lr": 0.0007711635654488163, "gnorm": 1.221, "tok_per_s": 116408.8, "load": 4.18896484375}
{"event": "step", "step": 142900, "loss": 4.0011, "lr": 0.0007694827759872325, "gnorm": 0.84, "tok_per_s": 116457.5, "load": 4.25439453125}
{"event": "step", "step": 143000, "loss": 4.0484, "lr": 0.0007678043585896832, "gnorm": 1.217, "tok_per_s": 116443.4, "load": 4.07373046875}
{"event": "step", "step": 143100, "loss": 4.1251, "lr": 0.0007661283177777303, "gnorm": 0.863, "tok_per_s": 116443.0, "load": 3.908203125}
{"event": "step", "step": 143200, "loss": 4.3753, "lr": 0.0007644546580665339, "gnorm": 0.894, "tok_per_s": 116468.1, "load": 3.99609375}
{"event": "step", "step": 143300, "loss": 4.148, "lr": 0.0007627833839648391, "gnorm": 0.982, "tok_per_s": 116446.3, "load": 3.91650390625}
{"event": "step", "step": 143400, "loss": 4.1195, "lr": 0.0007611144999749652, "gnorm": 0.894, "tok_per_s": 116433.7, "load": 3.8427734375}
{"event": "step", "step": 143500, "loss": 3.9356, "lr": 0.0007594480105927913, "gnorm": 0.794, "tok_per_s": 116435.4, "load": 3.69482421875}
{"event": "step", "step": 143600, "loss": 4.07, "lr": 0.0007577839203077469, "gnorm": 0.791, "tok_per_s": 116455.0, "load": 3.6748046875}
{"event": "step", "step": 143700, "loss": 4.2548, "lr": 0.0007561222336027985, "gnorm": 1.322, "tok_per_s": 116446.1, "load": 3.54052734375}
{"event": "step", "step": 143800, "loss": 4.0935, "lr": 0.0007544629549544355, "gnorm": 0.821, "tok_per_s": 116427.8, "load": 3.53125}
{"event": "step", "step": 143900, "loss": 4.099, "lr": 0.0007528060888326631, "gnorm": 0.766, "tok_per_s": 116456.1, "load": 3.408203125}
{"event": "step", "step": 144000, "loss": 4.1068, "lr": 0.0007511516397009842, "gnorm": 0.941, "tok_per_s": 116458.6, "load": 3.37548828125}
{"event": "step", "step": 144100, "loss": 4.1524, "lr": 0.0007494996120163934, "gnorm": 1.007, "tok_per_s": 116451.1, "load": 3.16357421875}
{"event": "step", "step": 144200, "loss": 4.0838, "lr": 0.0007478500102293598, "gnorm": 0.944, "tok_per_s": 116473.0, "load": 3.0703125}
{"event": "step", "step": 144300, "loss": 4.1842, "lr": 0.0007462028387838186, "gnorm": 0.781, "tok_per_s": 116434.3, "load": 3.06591796875}
{"event": "step", "step": 144400, "loss": 3.9991, "lr": 0.0007445581021171566, "gnorm": 0.811, "tok_per_s": 116455.6, "load": 3.30126953125}
{"event": "step", "step": 144500, "loss": 4.0977, "lr": 0.0007429158046602033, "gnorm": 0.815, "tok_per_s": 116436.4, "load": 3.59765625}
{"event": "step", "step": 144600, "loss": 4.1163, "lr": 0.0007412759508372147, "gnorm": 1.35, "tok_per_s": 116450.6, "load": 3.431640625}
{"event": "step", "step": 144700, "loss": 4.1424, "lr": 0.0007396385450658661, "gnorm": 0.873, "tok_per_s": 116368.6, "load": 3.4775390625}
{"event": "step", "step": 144800, "loss": 4.1318, "lr": 0.0007380035917572361, "gnorm": 1.21, "tok_per_s": 116451.8, "load": 3.32373046875}
{"event": "step", "step": 144900, "loss": 3.9546, "lr": 0.0007363710953157979, "gnorm": 0.82, "tok_per_s": 116482.1, "load": 3.21728515625}
{"event": "step", "step": 145000, "loss": 4.2359, "lr": 0.0007347410601394047, "gnorm": 0.915, "tok_per_s": 116463.1, "load": 3.2802734375}
{"event": "step", "step": 145100, "loss": 4.2726, "lr": 0.0007331134906192806, "gnorm": 1.282, "tok_per_s": 82930.0, "load": 3.31103515625}
{"event": "step", "step": 145200, "loss": 4.2281, "lr": 0.0007314883911400059, "gnorm": 1.13, "tok_per_s": 116572.6, "load": 3.10888671875}
{"event": "step", "step": 145300, "loss": 4.0064, "lr": 0.0007298657660795083, "gnorm": 0.792, "tok_per_s": 116544.4, "load": 3.10009765625}
{"event": "step", "step": 145400, "loss": 4.1365, "lr": 0.0007282456198090478, "gnorm": 0.802, "tok_per_s": 116520.4, "load": 3.23193359375}
{"event": "step", "step": 145500, "loss": 4.1803, "lr": 0.0007266279566932086, "gnorm": 1.209, "tok_per_s": 116481.1, "load": 3.37353515625}
{"event": "step", "step": 145600, "loss": 4.2693, "lr": 0.0007250127810898834, "gnorm": 0.955, "tok_per_s": 116485.7, "load": 4.46484375}
{"event": "step", "step": 145700, "loss": 3.9343, "lr": 0.0007234000973502659, "gnorm": 0.96, "tok_per_s": 116219.4, "load": 6.0849609375}
{"event": "step", "step": 145800, "loss": 4.3352, "lr": 0.0007217899098188343, "gnorm": 1.106, "tok_per_s": 116452.5, "load": 6.79931640625}
{"event": "step", "step": 145900, "loss": 4.0493, "lr": 0.0007201822228333444, "gnorm": 1.041, "tok_per_s": 116478.0, "load": 7.01904296875}
{"event": "step", "step": 146000, "loss": 4.1597, "lr": 0.0007185770407248153, "gnorm": 0.835, "tok_per_s": 116473.1, "load": 6.77685546875}
{"event": "step", "step": 146100, "loss": 4.1057, "lr": 0.0007169743678175164, "gnorm": 0.93, "tok_per_s": 116451.6, "load": 6.55419921875}
{"event": "step", "step": 146200, "loss": 4.3464, "lr": 0.0007153742084289597, "gnorm": 1.261, "tok_per_s": 116446.6, "load": 6.0810546875}
{"event": "step", "step": 146300, "loss": 4.3305, "lr": 0.000713776566869884, "gnorm": 1.174, "tok_per_s": 116449.6, "load": 5.9140625}
{"event": "step", "step": 146400, "loss": 4.0417, "lr": 0.0007121814474442468, "gnorm": 0.861, "tok_per_s": 116452.3, "load": 5.4658203125}
{"event": "step", "step": 146500, "loss": 4.0442, "lr": 0.0007105888544492098, "gnorm": 0.844, "tok_per_s": 116421.8, "load": 5.26806640625}
{"event": "step", "step": 146600, "loss": 3.9931, "lr": 0.0007089987921751299, "gnorm": 0.807, "tok_per_s": 116469.8, "load": 4.9189453125}
{"event": "step", "step": 146700, "loss": 4.028, "lr": 0.000707411264905545, "gnorm": 1.49, "tok_per_s": 116439.4, "load": 4.76513671875}
{"event": "step", "step": 146800, "loss": 4.026, "lr": 0.0007058262769171653, "gnorm": 1.021, "tok_per_s": 116466.1, "load": 4.7841796875}
{"event": "step", "step": 146900, "loss": 4.1743, "lr": 0.0007042438324798587, "gnorm": 1.066, "tok_per_s": 116453.6, "load": 6.35791015625}
{"event": "step", "step": 147000, "loss": 4.0646, "lr": 0.0007026639358566429, "gnorm": 0.844, "tok_per_s": 116458.6, "load": 6.1689453125}
{"event": "step", "step": 147100, "loss": 4.133, "lr": 0.0007010865913036695, "gnorm": 1.12, "tok_per_s": 116448.0, "load": 5.60791015625}
{"event": "step", "step": 147200, "loss": 3.9432, "lr": 0.0006995118030702176, "gnorm": 0.888, "tok_per_s": 116444.1, "load": 5.39892578125}
{"event": "step", "step": 147300, "loss": 3.9609, "lr": 0.0006979395753986772, "gnorm": 0.859, "tok_per_s": 116430.3, "load": 5.12646484375}
{"event": "step", "step": 147400, "loss": 4.0979, "lr": 0.0006963699125245428, "gnorm": 0.93, "tok_per_s": 116438.2, "load": 5.71630859375}
{"event": "step", "step": 147500, "loss": 4.0978, "lr": 0.0006948028186763969, "gnorm": 0.869, "tok_per_s": 116463.3, "load": 5.8193359375}
{"event": "step", "step": 147600, "loss": 4.1344, "lr": 0.0006932382980759035, "gnorm": 0.923, "tok_per_s": 116427.4, "load": 6.00146484375}
{"event": "step", "step": 147700, "loss": 4.1705, "lr": 0.0006916763549377925, "gnorm": 0.928, "tok_per_s": 116377.4, "load": 6.48193359375}
{"event": "step", "step": 147800, "loss": 4.1325, "lr": 0.0006901169934698518, "gnorm": 0.835, "tok_per_s": 116056.2, "load": 6.603515625}
{"event": "step", "step": 147900, "loss": 4.1174, "lr": 0.0006885602178729133, "gnorm": 0.868, "tok_per_s": 116137.6, "load": 6.9599609375}
{"event": "step", "step": 148000, "loss": 4.066, "lr": 0.0006870060323408437, "gnorm": 0.949, "tok_per_s": 116295.1, "load": 6.8828125}
{"event": "step", "step": 148100, "loss": 4.1127, "lr": 0.0006854544410605313, "gnorm": 1.247, "tok_per_s": 116437.6, "load": 6.8271484375}
{"event": "step", "step": 148200, "loss": 4.2163, "lr": 0.0006839054482118758, "gnorm": 0.924, "tok_per_s": 116317.3, "load": 7.00146484375}
{"event": "step", "step": 148300, "loss": 4.1388, "lr": 0.0006823590579677779, "gnorm": 0.926, "tok_per_s": 116401.1, "load": 7.24169921875}
{"event": "step", "step": 148400, "loss": 3.9991, "lr": 0.0006808152744941253, "gnorm": 1.111, "tok_per_s": 116413.2, "load": 7.73974609375}
{"event": "step", "step": 148500, "loss": 4.0333, "lr": 0.000679274101949785, "gnorm": 0.786, "tok_per_s": 116397.6, "load": 7.9208984375}
{"event": "step", "step": 148600, "loss": 4.0166, "lr": 0.0006777355444865886, "gnorm": 1.091, "tok_per_s": 116379.4, "load": 8.98046875}
{"event": "step", "step": 148700, "loss": 4.0761, "lr": 0.0006761996062493242, "gnorm": 1.269, "tok_per_s": 116417.2, "load": 8.982421875}
{"event": "step", "step": 148800, "loss": 4.1711, "lr": 0.0006746662913757228, "gnorm": 0.953, "tok_per_s": 116434.8, "load": 8.6630859375}
{"event": "step", "step": 148900, "loss": 4.1054, "lr": 0.0006731356039964496, "gnorm": 0.969, "tok_per_s": 116410.6, "load": 8.74072265625}
{"event": "step", "step": 149000, "loss": 4.2018, "lr": 0.0006716075482350893, "gnorm": 1.077, "tok_per_s": 116423.1, "load": 9.5625}
{"event": "step", "step": 149100, "loss": 4.2353, "lr": 0.0006700821282081392, "gnorm": 1.043, "tok_per_s": 116391.3, "load": 9.0078125}
{"event": "step", "step": 149200, "loss": 4.1117, "lr": 0.0006685593480249958, "gnorm": 1.477, "tok_per_s": 116351.6, "load": 8.8466796875}
{"event": "step", "step": 149300, "loss": 4.2737, "lr": 0.0006670392117879425, "gnorm": 1.226, "tok_per_s": 116386.6, "load": 8.72314453125}
{"event": "step", "step": 149400, "loss": 4.0652, "lr": 0.000665521723592142, "gnorm": 0.957, "tok_per_s": 116390.2, "load": 9.46630859375}
{"event": "step", "step": 149500, "loss": 4.2765, "lr": 0.0006640068875256217, "gnorm": 0.913, "tok_per_s": 116357.7, "load": 9.66943359375}
{"event": "step", "step": 149600, "loss": 4.1038, "lr": 0.0006624947076692657, "gnorm": 1.234, "tok_per_s": 116298.5, "load": 9.9287109375}
{"event": "step", "step": 149700, "loss": 3.8752, "lr": 0.000660985188096801, "gnorm": 0.79, "tok_per_s": 116294.7, "load": 10.2548828125}
{"event": "step", "step": 149800, "loss": 3.9351, "lr": 0.0006594783328747895, "gnorm": 1.248, "tok_per_s": 116303.3, "load": 10.3759765625}
{"event": "step", "step": 149900, "loss": 4.1649, "lr": 0.0006579741460626139, "gnorm": 1.188, "tok_per_s": 116260.9, "load": 10.025390625}
{"event": "step", "step": 150000, "loss": 4.0238, "lr": 0.0006564726317124697, "gnorm": 0.847, "tok_per_s": 116344.9, "load": 9.62255859375}
{"event": "step", "step": 150100, "loss": 3.9373, "lr": 0.0006549737938693521, "gnorm": 0.972, "tok_per_s": 86183.9, "load": 9.35986328125}
{"event": "step", "step": 150200, "loss": 4.1208, "lr": 0.0006534776365710462, "gnorm": 0.86, "tok_per_s": 116425.4, "load": 10.8837890625}
{"event": "step", "step": 150300, "loss": 4.061, "lr": 0.0006519841638481163, "gnorm": 0.929, "tok_per_s": 116404.3, "load": 10.73291015625}
{"event": "step", "step": 150400, "loss": 3.9874, "lr": 0.0006504933797238934, "gnorm": 0.877, "tok_per_s": 116378.2, "load": 10.91455078125}
{"event": "step", "step": 150500, "loss": 4.0754, "lr": 0.0006490052882144673, "gnorm": 0.894, "tok_per_s": 116401.9, "load": 10.7001953125}
{"event": "step", "step": 150600, "loss": 4.0837, "lr": 0.0006475198933286723, "gnorm": 0.835, "tok_per_s": 116399.6, "load": 10.56396484375}
{"event": "step", "step": 150700, "loss": 4.002, "lr": 0.0006460371990680796, "gnorm": 1.122, "tok_per_s": 116418.1, "load": 10.5703125}
{"event": "step", "step": 150800, "loss": 3.9682, "lr": 0.0006445572094269835, "gnorm": 0.827, "tok_per_s": 116414.1, "load": 10.1240234375}
{"event": "step", "step": 150900, "loss": 4.1468, "lr": 0.0006430799283923943, "gnorm": 1.125, "tok_per_s": 116377.5, "load": 10.11767578125}
{"event": "step", "step": 151000, "loss": 4.2778, "lr": 0.0006416053599440231, "gnorm": 1.147, "tok_per_s": 116355.1, "load": 9.78759765625}
{"event": "step", "step": 151100, "loss": 4.0277, "lr": 0.0006401335080542753, "gnorm": 0.835, "tok_per_s": 116330.5, "load": 9.56396484375}
{"event": "step", "step": 151200, "loss": 4.2243, "lr": 0.0006386643766882375, "gnorm": 0.842, "tok_per_s": 116310.6, "load": 9.71728515625}
{"event": "step", "step": 151300, "loss": 4.1113, "lr": 0.0006371979698036668, "gnorm": 1.038, "tok_per_s": 116257.0, "load": 9.98046875}
{"event": "step", "step": 151400, "loss": 4.1188, "lr": 0.0006357342913509815, "gnorm": 0.957, "tok_per_s": 116351.9, "load": 9.5283203125}
{"event": "step", "step": 151500, "loss": 4.0177, "lr": 0.0006342733452732488, "gnorm": 0.885, "tok_per_s": 116362.1, "load": 9.40576171875}
{"event": "step", "step": 151600, "loss": 4.0475, "lr": 0.0006328151355061762, "gnorm": 0.932, "tok_per_s": 116311.7, "load": 9.052734375}
{"event": "step", "step": 151700, "loss": 4.0729, "lr": 0.0006313596659780981, "gnorm": 1.196, "tok_per_s": 116407.1, "load": 9.3203125}
{"event": "step", "step": 151800, "loss": 4.3024, "lr": 0.0006299069406099692, "gnorm": 2.05, "tok_per_s": 116368.4, "load": 9.6953125}
{"event": "step", "step": 151900, "loss": 4.1001, "lr": 0.0006284569633153487, "gnorm": 0.818, "tok_per_s": 116401.1, "load": 10.22265625}
{"event": "step", "step": 152000, "loss": 4.2276, "lr": 0.0006270097380003953, "gnorm": 1.02, "tok_per_s": 116407.2, "load": 9.96435546875}
{"event": "step", "step": 152100, "loss": 4.3098, "lr": 0.000625565268563852, "gnorm": 0.962, "tok_per_s": 116362.0, "load": 9.96728515625}
{"event": "step", "step": 152200, "loss": 4.1707, "lr": 0.000624123558897039, "gnorm": 0.912, "tok_per_s": 116282.7, "load": 9.337890625}
{"event": "step", "step": 152300, "loss": 4.0695, "lr": 0.000622684612883841, "gnorm": 0.992, "tok_per_s": 115773.9, "load": 9.0703125}
{"event": "step", "step": 152400, "loss": 4.0101, "lr": 0.0006212484344006984, "gnorm": 1.052, "tok_per_s": 115830.8, "load": 8.77783203125}
{"event": "step", "step": 152500, "loss": 3.9926, "lr": 0.0006198150273165946, "gnorm": 0.824, "tok_per_s": 116373.7, "load": 8.63525390625}
{"event": "step", "step": 152600, "loss": 4.2635, "lr": 0.0006183843954930487, "gnorm": 1.356, "tok_per_s": 116406.5, "load": 8.82470703125}
{"event": "step", "step": 152700, "loss": 4.0982, "lr": 0.0006169565427841027, "gnorm": 0.867, "tok_per_s": 116397.2, "load": 8.46337890625}
{"event": "step", "step": 152800, "loss": 4.0259, "lr": 0.000615531473036311, "gnorm": 1.007, "tok_per_s": 116025.3, "load": 8.34619140625}
{"event": "step", "step": 152900, "loss": 4.1426, "lr": 0.0006141091900887325, "gnorm": 0.818, "tok_per_s": 116397.7, "load": 8.30615234375}
{"event": "step", "step": 153000, "loss": 4.0976, "lr": 0.0006126896977729168, "gnorm": 1.057, "tok_per_s": 116372.1, "load": 8.28125}
{"event": "step", "step": 153100, "loss": 4.1145, "lr": 0.0006112729999128974, "gnorm": 1.458, "tok_per_s": 116395.4, "load": 8.25830078125}
{"event": "step", "step": 153200, "loss": 4.2523, "lr": 0.0006098591003251784, "gnorm": 1.051, "tok_per_s": 116397.6, "load": 8.37255859375}
{"event": "step", "step": 153300, "loss": 4.1478, "lr": 0.0006084480028187264, "gnorm": 0.95, "tok_per_s": 116400.5, "load": 8.4228515625}
{"event": "step", "step": 153400, "loss": 3.9942, "lr": 0.0006070397111949585, "gnorm": 0.856, "tok_per_s": 116403.5, "load": 8.51220703125}
{"event": "step", "step": 153500, "loss": 4.058, "lr": 0.0006056342292477339, "gnorm": 0.873, "tok_per_s": 116422.6, "load": 8.390625}
{"event": "step", "step": 153600, "loss": 3.8696, "lr": 0.0006042315607633417, "gnorm": 0.856, "tok_per_s": 116396.0, "load": 9.3486328125}
{"event": "step", "step": 153700, "loss": 4.1224, "lr": 0.0006028317095204926, "gnorm": 0.963, "tok_per_s": 116374.6, "load": 9.48095703125}
{"event": "step", "step": 153800, "loss": 3.9481, "lr": 0.0006014346792903068, "gnorm": 0.78, "tok_per_s": 116378.2, "load": 9.52294921875}
{"event": "step", "step": 153900, "loss": 4.2519, "lr": 0.000600040473836306, "gnorm": 0.896, "tok_per_s": 116444.6, "load": 9.67041015625}
{"event": "step", "step": 154000, "loss": 4.1042, "lr": 0.000598649096914401, "gnorm": 1.245, "tok_per_s": 116412.6, "load": 9.61669921875}
{"event": "step", "step": 154100, "loss": 4.1031, "lr": 0.0005972605522728838, "gnorm": 0.893, "tok_per_s": 116405.0, "load": 9.2939453125}
{"event": "step", "step": 154200, "loss": 3.9854, "lr": 0.0005958748436524153, "gnorm": 0.904, "tok_per_s": 116421.4, "load": 9.18994140625}
{"event": "step", "step": 154300, "loss": 4.0101, "lr": 0.0005944919747860171, "gnorm": 1.036, "tok_per_s": 116417.8, "load": 9.4150390625}
{"event": "step", "step": 154400, "loss": 3.9984, "lr": 0.0005931119493990601, "gnorm": 1.184, "tok_per_s": 116413.8, "load": 9.03662109375}
{"event": "step", "step": 154500, "loss": 4.1047, "lr": 0.000591734771209256, "gnorm": 0.965, "tok_per_s": 116425.8, "load": 8.873046875}
{"event": "step", "step": 154600, "loss": 4.0425, "lr": 0.0005903604439266446, "gnorm": 0.865, "tok_per_s": 116156.2, "load": 9.48876953125}
{"event": "step", "step": 154700, "loss": 4.1718, "lr": 0.0005889889712535875, "gnorm": 0.934, "tok_per_s": 116135.3, "load": 15.45556640625}
{"event": "step", "step": 154800, "loss": 4.2766, "lr": 0.0005876203568847545, "gnorm": 0.989, "tok_per_s": 115770.9, "load": 14.6982421875}
{"event": "step", "step": 154900, "loss": 4.0178, "lr": 0.0005862546045071163, "gnorm": 0.902, "tok_per_s": 116135.4, "load": 13.90185546875}
{"event": "step", "step": 155000, "loss": 3.9331, "lr": 0.0005848917177999336, "gnorm": 0.851, "tok_per_s": 116436.0, "load": 13.42919921875}
{"event": "step", "step": 155100, "loss": 3.9811, "lr": 0.0005835317004347459, "gnorm": 0.937, "tok_per_s": 85685.2, "load": 12.5810546875}
{"event": "step", "step": 155200, "loss": 4.0562, "lr": 0.0005821745560753648, "gnorm": 0.821, "tok_per_s": 116498.9, "load": 12.61328125}
{"event": "step", "step": 155300, "loss": 4.1146, "lr": 0.00058082028837786, "gnorm": 1.144, "tok_per_s": 116494.4, "load": 12.32373046875}
{"event": "step", "step": 155400, "loss": 4.0358, "lr": 0.0005794689009905536, "gnorm": 1.229, "tok_per_s": 116447.9, "load": 12.6181640625}
{"event": "step", "step": 155500, "loss": 4.027, "lr": 0.000578120397554007, "gnorm": 1.475, "tok_per_s": 116440.6, "load": 12.3623046875}
{"event": "step", "step": 155600, "loss": 4.1451, "lr": 0.000576774781701013, "gnorm": 1.701, "tok_per_s": 116448.0, "load": 12.41357421875}
{"event": "step", "step": 155700, "loss": 4.0978, "lr": 0.0005754320570565852, "gnorm": 1.352, "tok_per_s": 116409.8, "load": 12.09716796875}
{"event": "step", "step": 155800, "loss": 4.1386, "lr": 0.0005740922272379487, "gnorm": 0.939, "tok_per_s": 116392.3, "load": 11.76904296875}
{"event": "step", "step": 155900, "loss": 4.0487, "lr": 0.0005727552958545297, "gnorm": 1.161, "tok_per_s": 116411.1, "load": 11.86767578125}
{"event": "step", "step": 156000, "loss": 4.0312, "lr": 0.0005714212665079467, "gnorm": 1.147, "tok_per_s": 116420.1, "load": 11.89453125}
{"event": "step", "step": 156100, "loss": 4.1361, "lr": 0.0005700901427919991, "gnorm": 0.935, "tok_per_s": 116378.7, "load": 11.18212890625}
{"event": "step", "step": 156200, "loss": 4.0617, "lr": 0.0005687619282926608, "gnorm": 0.908, "tok_per_s": 116390.2, "load": 11.6474609375}
{"event": "step", "step": 156300, "loss": 4.111, "lr": 0.0005674366265880662, "gnorm": 0.906, "tok_per_s": 116335.2, "load": 11.35498046875}
{"event": "step", "step": 156400, "loss": 4.1503, "lr": 0.0005661142412485046, "gnorm": 1.281, "tok_per_s": 116387.8, "load": 10.92578125}
{"event": "step", "step": 156500, "loss": 4.2076, "lr": 0.000564794775836407, "gnorm": 0.996, "tok_per_s": 116423.1, "load": 10.1748046875}
{"event": "step", "step": 156600, "loss": 4.105, "lr": 0.0005634782339063402, "gnorm": 1.096, "tok_per_s": 116408.7, "load": 10.16064453125}
{"event": "step", "step": 156700, "loss": 4.1338, "lr": 0.0005621646190049937, "gnorm": 0.919, "tok_per_s": 116390.6, "load": 9.53955078125}
{"event": "step", "step": 156800, "loss": 4.0598, "lr": 0.0005608539346711729, "gnorm": 0.807, "tok_per_s": 116376.4, "load": 9.015625}
{"event": "step", "step": 156900, "loss": 4.0774, "lr": 0.0005595461844357871, "gnorm": 0.959, "tok_per_s": 116381.8, "load": 8.77392578125}
{"event": "step", "step": 157000, "loss": 4.0738, "lr": 0.0005582413718218431, "gnorm": 0.974, "tok_per_s": 116397.0, "load": 8.2734375}
{"event": "step", "step": 157100, "loss": 3.9629, "lr": 0.0005569395003444321, "gnorm": 1.054, "tok_per_s": 116398.1, "load": 9.052734375}
{"event": "step", "step": 157200, "loss": 4.1652, "lr": 0.0005556405735107233, "gnorm": 0.993, "tok_per_s": 116387.6, "load": 8.9580078125}
{"event": "step", "step": 157300, "loss": 3.9587, "lr": 0.0005543445948199531, "gnorm": 1.053, "tok_per_s": 116394.9, "load": 9.20166015625}
{"event": "step", "step": 157400, "loss": 4.2919, "lr": 0.0005530515677634144, "gnorm": 1.132, "tok_per_s": 116406.6, "load": 8.55517578125}
{"event": "step", "step": 157500, "loss": 4.1714, "lr": 0.000551761495824451, "gnorm": 1.162, "tok_per_s": 116396.0, "load": 8.43017578125}
{"event": "step", "step": 157600, "loss": 4.0766, "lr": 0.0005504743824784428, "gnorm": 0.918, "tok_per_s": 116422.5, "load": 8.63623046875}
{"event": "step", "step": 157700, "loss": 4.003, "lr": 0.0005491902311928025, "gnorm": 1.383, "tok_per_s": 116383.8, "load": 8.4580078125}
{"event": "step", "step": 157800, "loss": 3.9995, "lr": 0.0005479090454269603, "gnorm": 0.966, "tok_per_s": 116427.9, "load": 8.82177734375}
{"event": "step", "step": 157900, "loss": 4.3217, "lr": 0.00054663082863236, "gnorm": 1.105, "tok_per_s": 116399.0, "load": 8.400390625}
{"event": "step", "step": 158000, "loss": 4.0468, "lr": 0.000545355584252445, "gnorm": 0.898, "tok_per_s": 116410.0, "load": 8.2080078125}
{"event": "step", "step": 158100, "loss": 4.0358, "lr": 0.000544083315722653, "gnorm": 1.217, "tok_per_s": 116364.5, "load": 9.3125}
{"event": "step", "step": 158200, "loss": 4.1004, "lr": 0.0005428140264704035, "gnorm": 0.943, "tok_per_s": 116342.5, "load": 9.49853515625}
{"event": "step", "step": 158300, "loss": 4.1987, "lr": 0.0005415477199150912, "gnorm": 0.921, "tok_per_s": 116402.9, "load": 9.619140625}
{"event": "step", "step": 158400, "loss": 4.2345, "lr": 0.0005402843994680739, "gnorm": 1.355, "tok_per_s": 116420.9, "load": 9.2958984375}
{"event": "step", "step": 158500, "loss": 4.1084, "lr": 0.0005390240685326671, "gnorm": 1.079, "tok_per_s": 116405.3, "load": 9.19189453125}
{"event": "step", "step": 158600, "loss": 4.0463, "lr": 0.000537766730504131, "gnorm": 1.67, "tok_per_s": 116415.7, "load": 9.01611328125}
{"event": "step", "step": 158700, "loss": 3.9253, "lr": 0.0005365123887696645, "gnorm": 0.915, "tok_per_s": 116422.5, "load": 8.9462890625}
{"event": "step", "step": 158800, "loss": 4.1334, "lr": 0.000535261046708393, "gnorm": 0.859, "tok_per_s": 116416.9, "load": 8.8701171875}
{"event": "step", "step": 158900, "loss": 3.9502, "lr": 0.0005340127076913627, "gnorm": 1.091, "tok_per_s": 116412.1, "load": 8.81005859375}
{"event": "step", "step": 159000, "loss": 4.1689, "lr": 0.000532767375081528, "gnorm": 0.951, "tok_per_s": 116414.2, "load": 8.5849609375}
{"event": "step", "step": 159100, "loss": 4.224, "lr": 0.0005315250522337461, "gnorm": 1.281, "tok_per_s": 116417.9, "load": 8.5380859375}
{"event": "step", "step": 159200, "loss": 3.9844, "lr": 0.0005302857424947643, "gnorm": 0.917, "tok_per_s": 116427.6, "load": 8.904296875}
{"event": "step", "step": 159300, "loss": 4.1515, "lr": 0.0005290494492032142, "gnorm": 1.139, "tok_per_s": 116414.4, "load": 8.75146484375}
{"event": "step", "step": 159400, "loss": 4.1155, "lr": 0.0005278161756896, "gnorm": 1.047, "tok_per_s": 116396.3, "load": 8.72216796875}
{"event": "step", "step": 159500, "loss": 4.0315, "lr": 0.0005265859252762918, "gnorm": 1.476, "tok_per_s": 116413.2, "load": 8.82470703125}
{"event": "step", "step": 159600, "loss": 4.2944, "lr": 0.0005253587012775154, "gnorm": 1.295, "tok_per_s": 116418.1, "load": 8.75830078125}
{"event": "step", "step": 159700, "loss": 4.0383, "lr": 0.0005241345069993429, "gnorm": 1.029, "tok_per_s": 116378.9, "load": 8.8017578125}
{"event": "step", "step": 159800, "loss": 4.0161, "lr": 0.0005229133457396855, "gnorm": 0.827, "tok_per_s": 116409.8, "load": 9.05810546875}
{"event": "step", "step": 159900, "loss": 4.1619, "lr": 0.0005216952207882829, "gnorm": 0.908, "tok_per_s": 116396.1, "load": 8.513671875}
{"event": "step", "step": 160000, "loss": 4.1393, "lr": 0.0005204801354266958, "gnorm": 1.039, "tok_per_s": 116243.9, "load": 8.6328125}
eval 160000 {'bpb': 1.3275659765108943, 'nats_per_token': 4.00277126961353, 'tokens': 16379, 'bytes': 71247}
{"event": "step", "step": 160100, "loss": 4.2657, "lr": 0.0005192680929282955, "gnorm": 0.977, "tok_per_s": 85417.1, "load": 8.3876953125}
{"event": "step", "step": 160200, "loss": 3.9234, "lr": 0.0005180590965582572, "gnorm": 1.029, "tok_per_s": 116413.8, "load": 8.2763671875}
{"event": "step", "step": 160300, "loss": 4.1245, "lr": 0.0005168531495735485, "gnorm": 1.108, "tok_per_s": 116382.3, "load": 10.07568359375}
{"event": "step", "step": 160400, "loss": 4.1216, "lr": 0.0005156502552229237, "gnorm": 1.424, "tok_per_s": 116388.7, "load": 10.0693359375}
{"event": "step", "step": 160500, "loss": 4.009, "lr": 0.0005144504167469123, "gnorm": 0.864, "tok_per_s": 116364.6, "load": 9.6767578125}
{"event": "step", "step": 160600, "loss": 3.8831, "lr": 0.0005132536373778122, "gnorm": 0.932, "tok_per_s": 116345.4, "load": 9.783203125}
{"event": "step", "step": 160700, "loss": 4.0424, "lr": 0.0005120599203396795, "gnorm": 0.864, "tok_per_s": 116337.7, "load": 10.12109375}
{"event": "step", "step": 160800, "loss": 4.2314, "lr": 0.0005108692688483215, "gnorm": 0.945, "tok_per_s": 116333.7, "load": 10.16357421875}
{"event": "step", "step": 160900, "loss": 4.231, "lr": 0.000509681686111286, "gnorm": 1.296, "tok_per_s": 116290.6, "load": 9.830078125}
{"event": "step", "step": 161000, "loss": 4.0769, "lr": 0.000508497175327855, "gnorm": 1.522, "tok_per_s": 116310.6, "load": 9.9775390625}
{"event": "step", "step": 161100, "loss": 4.0273, "lr": 0.0005073157396890333, "gnorm": 1.084, "tok_per_s": 116334.9, "load": 9.73876953125}
{"event": "step", "step": 161200, "loss": 3.9131, "lr": 0.0005061373823775431, "gnorm": 0.884, "tok_per_s": 116314.6, "load": 9.43896484375}
{"event": "step", "step": 161300, "loss": 3.9799, "lr": 0.0005049621065678122, "gnorm": 0.857, "tok_per_s": 116351.2, "load": 9.05712890625}
{"event": "step", "step": 161400, "loss": 4.0761, "lr": 0.0005037899154259684, "gnorm": 0.909, "tok_per_s": 115929.6, "load": 9.373046875}
{"event": "step", "step": 161500, "loss": 4.0798, "lr": 0.0005026208121098283, "gnorm": 0.975, "tok_per_s": 115900.1, "load": 9.0810546875}
{"event": "step", "step": 161600, "loss": 4.133, "lr": 0.0005014547997688914, "gnorm": 1.116, "tok_per_s": 115851.6, "load": 8.833984375}
{"event": "step", "step": 161700, "loss": 4.1297, "lr": 0.0005002918815443287, "gnorm": 0.891, "tok_per_s": 115851.7, "load": 9.013671875}
{"event": "step", "step": 161800, "loss": 4.0821, "lr": 0.0004991320605689771, "gnorm": 1.102, "tok_per_s": 116103.9, "load": 9.0927734375}
{"event": "step", "step": 161900, "loss": 4.138, "lr": 0.0004979753399673298, "gnorm": 0.893, "tok_per_s": 116063.0, "load": 9.72607421875}
{"event": "step", "step": 162000, "loss": 3.9888, "lr": 0.0004968217228555265, "gnorm": 1.192, "tok_per_s": 116083.8, "load": 9.2998046875}
{"event": "step", "step": 162100, "loss": 3.9597, "lr": 0.0004956712123413475, "gnorm": 1.148, "tok_per_s": 116187.1, "load": 9.275390625}
{"event": "step", "step": 162200, "loss": 3.945, "lr": 0.0004945238115242031, "gnorm": 0.898, "tok_per_s": 116008.5, "load": 9.2587890625}
{"event": "step", "step": 162300, "loss": 4.1742, "lr": 0.0004933795234951273, "gnorm": 1.235, "tok_per_s": 116290.9, "load": 8.99755859375}
{"event": "step", "step": 162400, "loss": 4.1293, "lr": 0.0004922383513367677, "gnorm": 1.01, "tok_per_s": 116047.4, "load": 8.83740234375}
{"event": "step", "step": 162500, "loss": 4.2693, "lr": 0.0004911002981233782, "gnorm": 0.903, "tok_per_s": 116355.1, "load": 8.5478515625}
{"event": "step", "step": 162600, "loss": 4.0138, "lr": 0.0004899653669208098, "gnorm": 1.422, "tok_per_s": 116366.7, "load": 8.50390625}
{"event": "step", "step": 162700, "loss": 4.0427, "lr": 0.0004888335607865046, "gnorm": 0.952, "tok_per_s": 116337.8, "load": 10.59228515625}
{"event": "step", "step": 162800, "loss": 3.9862, "lr": 0.00048770488276948364, "gnorm": 1.052, "tok_per_s": 116389.1, "load": 10.30419921875}
{"event": "step", "step": 162900, "loss": 3.9079, "lr": 0.0004865793359103434, "gnorm": 1.026, "tok_per_s": 116408.9, "load": 10.19970703125}
{"event": "step", "step": 163000, "loss": 4.1238, "lr": 0.00048545692324124295, "gnorm": 1.096, "tok_per_s": 116385.7, "load": 9.39990234375}
{"event": "step", "step": 163100, "loss": 4.1492, "lr": 0.00048433764778590006, "gnorm": 0.95, "tok_per_s": 116438.8, "load": 9.5283203125}
{"event": "step", "step": 163200, "loss": 4.0448, "lr": 0.00048322151255957913, "gnorm": 1.091, "tok_per_s": 116403.6, "load": 9.69384765625}
{"event": "step", "step": 163300, "loss": 4.061, "lr": 0.00048210852056908667, "gnorm": 1.82, "tok_per_s": 116395.2, "load": 10.19921875}
{"event": "step", "step": 163400, "loss": 4.1972, "lr": 0.00048099867481276004, "gnorm": 1.03, "tok_per_s": 116413.6, "load": 10.423828125}
{"event": "step", "step": 163500, "loss": 3.9605, "lr": 0.00047989197828046215, "gnorm": 0.958, "tok_per_s": 116421.2, "load": 10.35205078125}
{"event": "step", "step": 163600, "loss": 4.1044, "lr": 0.0004787884339535706, "gnorm": 1.737, "tok_per_s": 116215.5, "load": 10.16357421875}
{"event": "step", "step": 163700, "loss": 4.0805, "lr": 0.0004776880448049728, "gnorm": 1.321, "tok_per_s": 116350.9, "load": 9.52978515625}
{"event": "step", "step": 163800, "loss": 4.3113, "lr": 0.0004765908137990547, "gnorm": 1.368, "tok_per_s": 116401.4, "load": 9.4072265625}
{"event": "step", "step": 163900, "loss": 4.1745, "lr": 0.00047549674389169586, "gnorm": 1.097, "tok_per_s": 116333.6, "load": 9.4921875}
{"event": "step", "step": 164000, "loss": 4.1277, "lr": 0.0004744058380302584, "gnorm": 1.047, "tok_per_s": 116360.8, "load": 9.45263671875}
{"event": "step", "step": 164100, "loss": 4.0169, "lr": 0.000473318099153582, "gnorm": 1.011, "tok_per_s": 116401.7, "load": 9.255859375}
{"event": "step", "step": 164200, "loss": 3.9258, "lr": 0.0004722335301919746, "gnorm": 1.027, "tok_per_s": 116411.5, "load": 9.78369140625}
{"event": "step", "step": 164300, "loss": 4.1307, "lr": 0.00047115213406720327, "gnorm": 0.989, "tok_per_s": 116382.2, "load": 10.04150390625}
{"event": "step", "step": 164400, "loss": 4.0383, "lr": 0.0004700739136924894, "gnorm": 1.043, "tok_per_s": 116377.8, "load": 16.7138671875}
{"event": "step", "step": 164500, "loss": 4.2224, "lr": 0.00046899887197249766, "gnorm": 1.128, "tok_per_s": 116400.9, "load": 16.015625}
{"event": "step", "step": 164600, "loss": 4.1839, "lr": 0.0004679270118033306, "gnorm": 1.166, "tok_per_s": 116375.8, "load": 15.13330078125}
{"event": "step", "step": 164700, "loss": 3.8503, "lr": 0.0004668583360725189, "gnorm": 0.953, "tok_per_s": 116373.9, "load": 13.96923828125}
{"event": "step", "step": 164800, "loss": 4.0294, "lr": 0.0004657928476590157, "gnorm": 0.953, "tok_per_s": 116403.3, "load": 13.8115234375}
{"event": "step", "step": 164900, "loss": 4.0523, "lr": 0.00046473054943318645, "gnorm": 1.182, "tok_per_s": 116407.4, "load": 12.60986328125}
{"event": "step", "step": 165000, "loss": 4.1144, "lr": 0.0004636714442568031, "gnorm": 1.688, "tok_per_s": 116426.3, "load": 12.48046875}
{"event": "step", "step": 165100, "loss": 3.9928, "lr": 0.00046261553498303616, "gnorm": 1.346, "tok_per_s": 86256.5, "load": 11.6376953125}
{"event": "step", "step": 165200, "loss": 4.0382, "lr": 0.00046156282445644533, "gnorm": 0.92, "tok_per_s": 116459.4, "load": 11.50634765625}
{"event": "step", "step": 165300, "loss": 4.0069, "lr": 0.0004605133155129744, "gnorm": 1.166, "tok_per_s": 116460.8, "load": 10.74560546875}
{"event": "step", "step": 165400, "loss": 4.0665, "lr": 0.0004594670109799409, "gnorm": 0.974, "tok_per_s": 116451.5, "load": 10.84619140625}
{"event": "step", "step": 165500, "loss": 4.051, "lr": 0.0004584239136760314, "gnorm": 0.968, "tok_per_s": 116437.3, "load": 11.0908203125}
{"event": "step", "step": 165600, "loss": 4.3454, "lr": 0.0004573840264112906, "gnorm": 1.411, "tok_per_s": 116450.8, "load": 11.1640625}
{"event": "step", "step": 165700, "loss": 4.1398, "lr": 0.0004563473519871174, "gnorm": 1.043, "tok_per_s": 116457.5, "load": 11.07080078125}
{"event": "step", "step": 165800, "loss": 4.0408, "lr": 0.00045531389319625393, "gnorm": 0.953, "tok_per_s": 116436.2, "load": 10.431640625}
{"event": "step", "step": 165900, "loss": 4.0238, "lr": 0.0004542836528227803, "gnorm": 0.915, "tok_per_s": 116417.3, "load": 9.99658203125}
{"event": "step", "step": 166000, "loss": 4.0413, "lr": 0.00045325663364210685, "gnorm": 1.135, "tok_per_s": 116422.0, "load": 9.3017578125}
{"event": "step", "step": 166100, "loss": 4.1233, "lr": 0.00045223283842096514, "gnorm": 1.277, "tok_per_s": 116413.6, "load": 8.876953125}
{"event": "step", "step": 166200, "loss": 4.1248, "lr": 0.0004512122699174024, "gnorm": 1.062, "tok_per_s": 116476.2, "load": 9.44775390625}
{"event": "step", "step": 166300, "loss": 4.0799, "lr": 0.0004501949308807727, "gnorm": 1.332, "tok_per_s": 116464.3, "load": 8.84375}
{"event": "step", "step": 166400, "loss": 4.2325, "lr": 0.0004491808240517305, "gnorm": 1.502, "tok_per_s": 116432.3, "load": 9.6572265625}
{"event": "step", "step": 166500, "loss": 4.1364, "lr": 0.0004481699521622226, "gnorm": 1.098, "tok_per_s": 116485.2, "load": 8.86083984375}
{"event": "step", "step": 166600, "loss": 3.9834, "lr": 0.0004471623179354818, "gnorm": 1.041, "tok_per_s": 116488.6, "load": 8.55126953125}
{"event": "step", "step": 166700, "loss": 4.1315, "lr": 0.000446157924086017, "gnorm": 0.992, "tok_per_s": 116476.3, "load": 8.1865234375}
{"event": "step", "step": 166800, "loss": 3.9468, "lr": 0.00044515677331961027, "gnorm": 0.919, "tok_per_s": 116410.9, "load": 7.7763671875}
{"event": "step", "step": 166900, "loss": 3.9219, "lr": 0.00044415886833330467, "gnorm": 0.915, "tok_per_s": 116345.1, "load": 7.5537109375}
{"event": "step", "step": 167000, "loss": 4.2498, "lr": 0.00044316421181540074, "gnorm": 1.34, "tok_per_s": 116367.7, "load": 7.7216796875}
{"event": "step", "step": 167100, "loss": 4.0635, "lr": 0.0004421728064454474, "gnorm": 1.103, "tok_per_s": 116300.2, "load": 7.50341796875}
{"event": "step", "step": 167200, "loss": 4.1052, "lr": 0.0004411846548942348, "gnorm": 1.892, "tok_per_s": 116368.8, "load": 7.3828125}
{"event": "step", "step": 167300, "loss": 4.0759, "lr": 0.00044019975982378815, "gnorm": 1.416, "tok_per_s": 116439.3, "load": 7.16357421875}
{"event": "step", "step": 167400, "loss": 4.0467, "lr": 0.0004392181238873594, "gnorm": 1.01, "tok_per_s": 116432.6, "load": 7.0703125}
{"event": "step", "step": 167500, "loss": 4.2349, "lr": 0.0004382397497294208, "gnorm": 1.004, "tok_per_s": 116432.0, "load": 6.83154296875}
{"event": "step", "step": 167600, "loss": 4.0499, "lr": 0.0004372646399856572, "gnorm": 0.935, "tok_per_s": 116452.5, "load": 6.6845703125}
{"event": "step", "step": 167700, "loss": 4.0622, "lr": 0.0004362927972829602, "gnorm": 1.061, "tok_per_s": 116450.3, "load": 6.46923828125}
{"event": "step", "step": 167800, "loss": 4.109, "lr": 0.00043532422423941876, "gnorm": 1.054, "tok_per_s": 116426.2, "load": 6.470703125}
{"event": "step", "step": 167900, "loss": 4.015, "lr": 0.0004343589234643152, "gnorm": 2.203, "tok_per_s": 116470.6, "load": 6.3525390625}
{"event": "step", "step": 168000, "loss": 4.0948, "lr": 0.0004333968975581147, "gnorm": 1.294, "tok_per_s": 116454.2, "load": 6.2177734375}
{"event": "step", "step": 168100, "loss": 4.1562, "lr": 0.0004324381491124621, "gnorm": 1.199, "tok_per_s": 116437.3, "load": 6.2001953125}
{"event": "step", "step": 168200, "loss": 4.0364, "lr": 0.0004314826807101712, "gnorm": 0.986, "tok_per_s": 116459.4, "load": 6.3447265625}
{"event": "step", "step": 168300, "loss": 4.1547, "lr": 0.0004305304949252209, "gnorm": 1.16, "tok_per_s": 116454.4, "load": 6.919921875}
{"event": "step", "step": 168400, "loss": 4.1968, "lr": 0.00042958159432274586, "gnorm": 1.111, "tok_per_s": 116457.9, "load": 7.3271484375}
{"event": "step", "step": 168500, "loss": 4.2322, "lr": 0.00042863598145903114, "gnorm": 1.118, "tok_per_s": 116441.2, "load": 7.2578125}
{"event": "step", "step": 168600, "loss": 4.0339, "lr": 0.00042769365888150517, "gnorm": 1.199, "tok_per_s": 116476.8, "load": 7.15673828125}
{"event": "step", "step": 168700, "loss": 4.016, "lr": 0.00042675462912873175, "gnorm": 1.008, "tok_per_s": 116461.9, "load": 6.5908203125}
{"event": "step", "step": 168800, "loss": 4.0117, "lr": 0.00042581889473040463, "gnorm": 1.014, "tok_per_s": 116468.9, "load": 6.6240234375}
{"event": "step", "step": 168900, "loss": 4.1138, "lr": 0.0004248864582073396, "gnorm": 1.022, "tok_per_s": 116484.5, "load": 6.734375}
{"event": "step", "step": 169000, "loss": 3.9716, "lr": 0.00042395732207146865, "gnorm": 1.393, "tok_per_s": 116460.3, "load": 7.30419921875}
{"event": "step", "step": 169100, "loss": 4.0709, "lr": 0.0004230314888258321, "gnorm": 1.117, "tok_per_s": 116406.2, "load": 7.4404296875}
{"event": "step", "step": 169200, "loss": 4.074, "lr": 0.0004221089609645732, "gnorm": 0.976, "tok_per_s": 116428.2, "load": 7.7607421875}
{"event": "step", "step": 169300, "loss": 4.0981, "lr": 0.00042118974097292964, "gnorm": 1.013, "tok_per_s": 116464.2, "load": 7.37939453125}
{"event": "step", "step": 169400, "loss": 4.0491, "lr": 0.00042027383132722937, "gnorm": 1.009, "tok_per_s": 116495.6, "load": 7.98974609375}
{"event": "step", "step": 169500, "loss": 4.1078, "lr": 0.000419361234494881, "gnorm": 1.417, "tok_per_s": 116490.8, "load": 7.2158203125}
{"event": "step", "step": 169600, "loss": 3.9723, "lr": 0.0004184519529343696, "gnorm": 1.506, "tok_per_s": 116485.9, "load": 6.9580078125}
{"event": "step", "step": 169700, "loss": 4.0694, "lr": 0.0004175459890952483, "gnorm": 0.957, "tok_per_s": 116510.5, "load": 6.435546875}
{"event": "step", "step": 169800, "loss": 4.0876, "lr": 0.0004166433454181336, "gnorm": 1.095, "tok_per_s": 116506.9, "load": 6.400390625}
{"event": "step", "step": 169900, "loss": 4.033, "lr": 0.000415744024334696, "gnorm": 1.069, "tok_per_s": 116315.2, "load": 6.2880859375}
{"event": "step", "step": 170000, "loss": 4.0054, "lr": 0.00041484802826765704, "gnorm": 1.205, "tok_per_s": 116478.8, "load": 6.32373046875}
{"event": "step", "step": 170100, "loss": 3.9756, "lr": 0.00041395535963077907, "gnorm": 1.01, "tok_per_s": 86445.0, "load": 6.7353515625}
{"event": "step", "step": 170200, "loss": 4.1622, "lr": 0.00041306602082886193, "gnorm": 1.125, "tok_per_s": 116625.5, "load": 6.9970703125}
{"event": "step", "step": 170300, "loss": 4.0898, "lr": 0.0004121800142577342, "gnorm": 1.155, "tok_per_s": 116592.3, "load": 7.0712890625}
{"event": "step", "step": 170400, "loss": 3.9811, "lr": 0.000411297342304248, "gnorm": 1.036, "tok_per_s": 116557.9, "load": 6.9853515625}
{"event": "step", "step": 170500, "loss": 4.0357, "lr": 0.000410418007346272, "gnorm": 1.048, "tok_per_s": 116522.6, "load": 7.22705078125}
{"event": "step", "step": 170600, "loss": 4.2057, "lr": 0.0004095420117526855, "gnorm": 1.153, "tok_per_s": 116484.9, "load": 7.34619140625}
{"event": "step", "step": 170700, "loss": 4.1199, "lr": 0.00040866935788337106, "gnorm": 1.037, "tok_per_s": 116485.4, "load": 7.47900390625}
{"event": "step", "step": 170800, "loss": 4.0999, "lr": 0.0004078000480892097, "gnorm": 1.126, "tok_per_s": 116243.1, "load": 7.49169921875}
{"event": "step", "step": 170900, "loss": 4.1659, "lr": 0.00040693408471207326, "gnorm": 1.179, "tok_per_s": 116253.5, "load": 7.53271484375}
{"event": "step", "step": 171000, "loss": 4.0256, "lr": 0.00040607147008481833, "gnorm": 1.074, "tok_per_s": 116396.4, "load": 7.970703125}
{"event": "step", "step": 171100, "loss": 4.1071, "lr": 0.0004052122065312806, "gnorm": 1.461, "tok_per_s": 116300.4, "load": 7.9140625}
{"event": "step", "step": 171200, "loss": 4.1519, "lr": 0.0004043562963662674, "gnorm": 1.148, "tok_per_s": 116443.4, "load": 8.08154296875}
{"event": "step", "step": 171300, "loss": 4.1942, "lr": 0.00040350374189555334, "gnorm": 2.568, "tok_per_s": 116436.7, "load": 8.2353515625}
{"event": "step", "step": 171400, "loss": 4.0385, "lr": 0.00040265454541587193, "gnorm": 1.259, "tok_per_s": 116064.7, "load": 8.13623046875}
{"event": "step", "step": 171500, "loss": 3.9902, "lr": 0.0004018087092149112, "gnorm": 1.422, "tok_per_s": 116035.8, "load": 8.52587890625}
{"event": "step", "step": 171600, "loss": 4.0685, "lr": 0.0004009662355713061, "gnorm": 0.971, "tok_per_s": 116239.3, "load": 8.88671875}
{"event": "step", "step": 171700, "loss": 4.0255, "lr": 0.0004001271267546338, "gnorm": 1.022, "tok_per_s": 116395.1, "load": 8.6552734375}
{"event": "step", "step": 171800, "loss": 4.0525, "lr": 0.0003992913850254058, "gnorm": 1.038, "tok_per_s": 116184.2, "load": 8.82373046875}
{"event": "step", "step": 171900, "loss": 4.1089, "lr": 0.00039845901263506426, "gnorm": 1.016, "tok_per_s": 116367.1, "load": 8.59716796875}
{"event": "step", "step": 172000, "loss": 4.0099, "lr": 0.0003976300118259731, "gnorm": 1.26, "tok_per_s": 116014.8, "load": 8.46923828125}
{"event": "step", "step": 172100, "loss": 4.0814, "lr": 0.00039680438483141424, "gnorm": 1.177, "tok_per_s": 116386.7, "load": 8.1630859375}
{"event": "step", "step": 172200, "loss": 4.0756, "lr": 0.00039598213387558056, "gnorm": 1.788, "tok_per_s": 116419.2, "load": 7.98974609375}
{"event": "step", "step": 172300, "loss": 4.1386, "lr": 0.00039516326117356994, "gnorm": 1.106, "tok_per_s": 116453.2, "load": 7.77001953125}
{"event": "step", "step": 172400, "loss": 3.9362, "lr": 0.0003943477689313796, "gnorm": 1.302, "tok_per_s": 116419.8, "load": 7.94873046875}
{"event": "step", "step": 172500, "loss": 4.1106, "lr": 0.0003935356593459, "gnorm": 1.075, "tok_per_s": 116427.4, "load": 7.953125}
{"event": "step", "step": 172600, "loss": 3.7623, "lr": 0.0003927269346049084, "gnorm": 1.192, "tok_per_s": 116430.4, "load": 8.72314453125}
{"event": "step", "step": 172700, "loss": 3.9818, "lr": 0.00039192159688706467, "gnorm": 1.681, "tok_per_s": 116435.2, "load": 8.98583984375}
{"event": "step", "step": 172800, "loss": 4.156, "lr": 0.00039111964836190273, "gnorm": 1.003, "tok_per_s": 116424.1, "load": 9.25390625}
{"event": "step", "step": 172900, "loss": 4.3389, "lr": 0.00039032109118982734, "gnorm": 2.27, "tok_per_s": 116454.1, "load": 9.0732421875}
{"event": "step", "step": 173000, "loss": 4.0393, "lr": 0.0003895259275221066, "gnorm": 1.013, "tok_per_s": 116408.4, "load": 9.80517578125}
{"event": "step", "step": 173100, "loss": 4.0875, "lr": 0.0003887341595008667, "gnorm": 1.163, "tok_per_s": 116408.3, "load": 9.98095703125}
{"event": "step", "step": 173200, "loss": 4.1872, "lr": 0.0003879457892590869, "gnorm": 1.059, "tok_per_s": 116403.4, "load": 9.7421875}
{"event": "step", "step": 173300, "loss": 3.962, "lr": 0.00038716081892059193, "gnorm": 0.956, "tok_per_s": 116417.8, "load": 9.62158203125}
{"event": "step", "step": 173400, "loss": 4.1067, "lr": 0.00038637925060004794, "gnorm": 1.081, "tok_per_s": 116410.5, "load": 9.33154296875}
{"event": "step", "step": 173500, "loss": 4.0811, "lr": 0.00038560108640295603, "gnorm": 1.119, "tok_per_s": 116208.6, "load": 8.88623046875}
{"event": "step", "step": 173600, "loss": 4.0281, "lr": 0.0003848263284256473, "gnorm": 1.151, "tok_per_s": 115791.4, "load": 9.2158203125}
{"event": "step", "step": 173700, "loss": 4.1806, "lr": 0.000384054978755276, "gnorm": 1.134, "tok_per_s": 116247.5, "load": 9.27880859375}
{"event": "step", "step": 173800, "loss": 4.0514, "lr": 0.0003832870394698151, "gnorm": 1.177, "tok_per_s": 116408.2, "load": 9.22314453125}
{"event": "step", "step": 173900, "loss": 4.0535, "lr": 0.0003825225126380496, "gnorm": 1.087, "tok_per_s": 116348.2, "load": 8.884765625}
{"event": "step", "step": 174000, "loss": 4.0273, "lr": 0.00038176140031957257, "gnorm": 1.023, "tok_per_s": 116406.5, "load": 8.76123046875}
{"event": "step", "step": 174100, "loss": 3.9639, "lr": 0.0003810037045647772, "gnorm": 0.993, "tok_per_s": 116456.7, "load": 8.5400390625}
{"event": "step", "step": 174200, "loss": 4.1062, "lr": 0.000380249427414854, "gnorm": 1.088, "tok_per_s": 116464.9, "load": 8.33642578125}
{"event": "step", "step": 174300, "loss": 4.0276, "lr": 0.00037949857090178264, "gnorm": 1.006, "tok_per_s": 116471.0, "load": 7.82275390625}
{"event": "step", "step": 174400, "loss": 4.096, "lr": 0.00037875113704832926, "gnorm": 1.875, "tok_per_s": 116392.6, "load": 7.7568359375}
{"event": "step", "step": 174500, "loss": 3.9587, "lr": 0.0003780071278680381, "gnorm": 1.182, "tok_per_s": 116464.5, "load": 7.5595703125}
{"event": "step", "step": 174600, "loss": 4.2943, "lr": 0.00037726654536522863, "gnorm": 1.224, "tok_per_s": 116445.9, "load": 7.4345703125}
{"event": "step", "step": 174700, "loss": 4.0424, "lr": 0.00037652939153498825, "gnorm": 1.159, "tok_per_s": 116450.9, "load": 8.36083984375}
{"event": "step", "step": 174800, "loss": 4.2702, "lr": 0.00037579566836316836, "gnorm": 1.505, "tok_per_s": 116423.8, "load": 8.083984375}
{"event": "step", "step": 174900, "loss": 4.1365, "lr": 0.0003750653778263777, "gnorm": 1.281, "tok_per_s": 116328.4, "load": 8.0771484375}
{"event": "step", "step": 175000, "loss": 4.1984, "lr": 0.0003743385218919782, "gnorm": 1.029, "tok_per_s": 116325.3, "load": 8.18701171875}
{"event": "step", "step": 175100, "loss": 4.1933, "lr": 0.00037361510251807903, "gnorm": 1.071, "tok_per_s": 85294.9, "load": 7.38916015625}
{"event": "step", "step": 175200, "loss": 4.2459, "lr": 0.00037289512165353153, "gnorm": 1.227, "tok_per_s": 116593.5, "load": 7.03759765625}
{"event": "step", "step": 175300, "loss": 3.9998, "lr": 0.00037217858123792354, "gnorm": 1.009, "tok_per_s": 116561.2, "load": 6.6337890625}
{"event": "step", "step": 175400, "loss": 4.0072, "lr": 0.00037146548320157486, "gnorm": 1.168, "tok_per_s": 116468.3, "load": 5.9208984375}
{"event": "step", "step": 175500, "loss": 4.0654, "lr": 0.00037075582946553175, "gnorm": 1.336, "tok_per_s": 116462.2, "load": 5.6064453125}
{"event": "step", "step": 175600, "loss": 3.9802, "lr": 0.00037004962194156136, "gnorm": 1.13, "tok_per_s": 116546.9, "load": 5.27880859375}
{"event": "step", "step": 175700, "loss": 4.0961, "lr": 0.00036934686253214743, "gnorm": 1.836, "tok_per_s": 116494.1, "load": 5.4169921875}
{"event": "step", "step": 175800, "loss": 4.2598, "lr": 0.0003686475531304841, "gnorm": 2.126, "tok_per_s": 116485.4, "load": 5.22314453125}
{"event": "step", "step": 175900, "loss": 4.0272, "lr": 0.000367951695620472, "gnorm": 2.028, "tok_per_s": 116269.3, "load": 4.80712890625}
{"event": "step", "step": 176000, "loss": 4.2723, "lr": 0.00036725929187671197, "gnorm": 1.624, "tok_per_s": 116299.3, "load": 4.58203125}
{"event": "step", "step": 176100, "loss": 4.1055, "lr": 0.00036657034376450117, "gnorm": 1.318, "tok_per_s": 116492.6, "load": 4.3447265625}
{"event": "step", "step": 176200, "loss": 3.9406, "lr": 0.0003658848531398269, "gnorm": 1.425, "tok_per_s": 116478.9, "load": 4.15673828125}
{"event": "step", "step": 176300, "loss": 3.9632, "lr": 0.00036520282184936267, "gnorm": 1.198, "tok_per_s": 116463.2, "load": 4.06396484375}
{"event": "step", "step": 176400, "loss": 4.1128, "lr": 0.0003645242517304623, "gnorm": 1.21, "tok_per_s": 116396.2, "load": 3.81982421875}
{"event": "step", "step": 176500, "loss": 4.1367, "lr": 0.00036384914461115597, "gnorm": 1.06, "tok_per_s": 116477.2, "load": 3.673828125}
{"event": "step", "step": 176600, "loss": 3.9759, "lr": 0.000363177502310144, "gnorm": 1.364, "tok_per_s": 116450.5, "load": 3.416015625}
{"event": "step", "step": 176700, "loss": 4.1046, "lr": 0.0003625093266367936, "gnorm": 1.288, "tok_per_s": 116490.6, "load": 3.462890625}
{"event": "step", "step": 176800, "loss": 4.0116, "lr": 0.0003618446193911321, "gnorm": 0.996, "tok_per_s": 116437.5, "load": 3.42578125}
{"event": "step", "step": 176900, "loss": 4.1473, "lr": 0.0003611833823638441, "gnorm": 1.135, "tok_per_s": 116383.5, "load": 3.27978515625}
{"event": "step", "step": 177000, "loss": 4.1165, "lr": 0.0003605256173362643, "gnorm": 1.085, "tok_per_s": 116460.6, "load": 3.17724609375}
{"event": "step", "step": 177100, "loss": 4.1361, "lr": 0.0003598713260803756, "gnorm": 1.308, "tok_per_s": 116473.8, "load": 3.0693359375}
{"event": "step", "step": 177200, "loss": 4.2636, "lr": 0.00035922051035880133, "gnorm": 1.175, "tok_per_s": 116455.5, "load": 3.14404296875}
{"event": "step", "step": 177300, "loss": 3.898, "lr": 0.0003585731719248031, "gnorm": 1.606, "tok_per_s": 116477.2, "load": 3.0478515625}
{"event": "step", "step": 177400, "loss": 4.0077, "lr": 0.0003579293125222738, "gnorm": 1.118, "tok_per_s": 116489.1, "load": 3.0439453125}
{"event": "step", "step": 177500, "loss": 4.1943, "lr": 0.000357288933885735, "gnorm": 1.309, "tok_per_s": 116452.2, "load": 3.12060546875}
{"event": "step", "step": 177600, "loss": 4.1502, "lr": 0.00035665203774033066, "gnorm": 1.13, "tok_per_s": 116467.0, "load": 3.02783203125}
{"event": "step", "step": 177700, "loss": 4.1423, "lr": 0.00035601862580182317, "gnorm": 1.328, "tok_per_s": 116472.8, "load": 2.9453125}
{"event": "step", "step": 177800, "loss": 4.0208, "lr": 0.00035538869977658926, "gnorm": 1.073, "tok_per_s": 116482.9, "load": 2.79931640625}
{"event": "step", "step": 177900, "loss": 3.882, "lr": 0.0003547622613616136, "gnorm": 1.023, "tok_per_s": 116462.7, "load": 2.8154296875}
{"event": "step", "step": 178000, "loss": 4.0889, "lr": 0.00035413931224448694, "gnorm": 1.337, "tok_per_s": 116448.3, "load": 2.83056640625}
{"event": "step", "step": 178100, "loss": 3.964, "lr": 0.0003535198541033985, "gnorm": 1.144, "tok_per_s": 116475.8, "load": 2.78271484375}
{"event": "step", "step": 178200, "loss": 4.0913, "lr": 0.00035290388860713444, "gnorm": 1.609, "tok_per_s": 116502.0, "load": 2.96044921875}
{"event": "step", "step": 178300, "loss": 4.1706, "lr": 0.00035229141741507095, "gnorm": 1.1, "tok_per_s": 116508.7, "load": 3.126953125}
{"event": "step", "step": 178400, "loss": 4.0202, "lr": 0.0003516824421771712, "gnorm": 1.213, "tok_per_s": 116489.3, "load": 3.03662109375}
{"event": "step", "step": 178500, "loss": 4.1177, "lr": 0.0003510769645339801, "gnorm": 1.729, "tok_per_s": 116504.7, "load": 3.11376953125}
{"event": "step", "step": 178600, "loss": 4.1005, "lr": 0.00035047498611662074, "gnorm": 1.508, "tok_per_s": 116487.9, "load": 3.2373046875}
{"event": "step", "step": 178700, "loss": 4.1449, "lr": 0.000349876508546789, "gnorm": 1.258, "tok_per_s": 116487.8, "load": 3.21826171875}
{"event": "step", "step": 178800, "loss": 4.0268, "lr": 0.00034928153343675024, "gnorm": 1.366, "tok_per_s": 116478.8, "load": 3.42529296875}
{"event": "step", "step": 178900, "loss": 4.1783, "lr": 0.00034869006238933363, "gnorm": 1.404, "tok_per_s": 116525.8, "load": 3.5517578125}
{"event": "step", "step": 179000, "loss": 3.961, "lr": 0.00034810209699792926, "gnorm": 1.048, "tok_per_s": 116502.7, "load": 3.66796875}
{"event": "step", "step": 179100, "loss": 3.9834, "lr": 0.00034751763884648286, "gnorm": 1.182, "tok_per_s": 116511.5, "load": 4.0400390625}
{"event": "step", "step": 179200, "loss": 3.9199, "lr": 0.0003469366895094921, "gnorm": 1.346, "tok_per_s": 116410.1, "load": 3.87646484375}
{"event": "step", "step": 179300, "loss": 4.1154, "lr": 0.0003463592505520016, "gnorm": 1.873, "tok_per_s": 116329.4, "load": 3.58740234375}
{"event": "step", "step": 179400, "loss": 4.2659, "lr": 0.0003457853235295998, "gnorm": 1.213, "tok_per_s": 116137.5, "load": 3.4599609375}
{"event": "step", "step": 179500, "loss": 3.9276, "lr": 0.00034521490998841377, "gnorm": 1.387, "tok_per_s": 116310.2, "load": 3.50341796875}
{"event": "step", "step": 179600, "loss": 4.1094, "lr": 0.0003446480114651057, "gnorm": 1.052, "tok_per_s": 116502.0, "load": 3.27197265625}
{"event": "step", "step": 179700, "loss": 4.0123, "lr": 0.0003440846294868684, "gnorm": 1.284, "tok_per_s": 116498.6, "load": 3.25}
{"event": "step", "step": 179800, "loss": 4.0099, "lr": 0.0003435247655714212, "gnorm": 1.084, "tok_per_s": 116516.9, "load": 3.42578125}
{"event": "step", "step": 179900, "loss": 4.1808, "lr": 0.00034296842122700626, "gnorm": 1.16, "tok_per_s": 116488.7, "load": 3.3115234375}
{"event": "step", "step": 180000, "loss": 4.0405, "lr": 0.000342415597952384, "gnorm": 1.193, "tok_per_s": 116499.4, "load": 3.2060546875}
eval 180000 {'bpb': 1.3309208978591058, 'nats_per_token': 4.012886761439954, 'tokens': 16379, 'bytes': 71247}
{"event": "step", "step": 180100, "loss": 4.029, "lr": 0.00034186629723682947, "gnorm": 1.232, "tok_per_s": 84937.9, "load": 3.18115234375}
{"event": "step", "step": 180200, "loss": 4.0923, "lr": 0.00034132052056012776, "gnorm": 1.256, "tok_per_s": 116633.0, "load": 2.9990234375}
{"event": "step", "step": 180300, "loss": 4.0036, "lr": 0.00034077826939257094, "gnorm": 1.182, "tok_per_s": 116580.8, "load": 3.07958984375}
{"event": "step", "step": 180400, "loss": 4.1617, "lr": 0.00034023954519495276, "gnorm": 1.283, "tok_per_s": 116583.1, "load": 3.07373046875}
{"event": "step", "step": 180500, "loss": 3.9387, "lr": 0.00033970434941856664, "gnorm": 1.08, "tok_per_s": 116538.4, "load": 2.9873046875}
{"event": "step", "step": 180600, "loss": 4.1335, "lr": 0.0003391726835051993, "gnorm": 1.131, "tok_per_s": 116472.8, "load": 2.908203125}
{"event": "step", "step": 180700, "loss": 3.9502, "lr": 0.00033864454888712936, "gnorm": 1.258, "tok_per_s": 116462.5, "load": 2.84228515625}
{"event": "step", "step": 180800, "loss": 4.1699, "lr": 0.000338119946987122, "gnorm": 1.319, "tok_per_s": 116482.2, "load": 2.93505859375}
{"event": "step", "step": 180900, "loss": 3.9959, "lr": 0.0003375988792184249, "gnorm": 1.575, "tok_per_s": 116432.0, "load": 2.86474609375}
{"event": "step", "step": 181000, "loss": 4.0555, "lr": 0.00033708134698476566, "gnorm": 1.086, "tok_per_s": 116192.1, "load": 2.9560546875}
{"event": "step", "step": 181100, "loss": 3.9417, "lr": 0.000336567351680347, "gnorm": 1.231, "tok_per_s": 116428.8, "load": 2.9599609375}
{"event": "step", "step": 181200, "loss": 3.9948, "lr": 0.0003360568946898437, "gnorm": 1.462, "tok_per_s": 116413.2, "load": 2.892578125}
{"event": "step", "step": 181300, "loss": 3.943, "lr": 0.00033554997738839785, "gnorm": 1.309, "tok_per_s": 116329.6, "load": 2.82080078125}
{"event": "step", "step": 181400, "loss": 4.0319, "lr": 0.0003350466011416166, "gnorm": 1.029, "tok_per_s": 116424.6, "load": 2.77490234375}
{"event": "step", "step": 181500, "loss": 4.0963, "lr": 0.00033454676730556714, "gnorm": 1.1, "tok_per_s": 116417.0, "load": 2.79296875}
{"event": "step", "step": 181600, "loss": 4.1415, "lr": 0.00033405047722677385, "gnorm": 1.461, "tok_per_s": 116407.6, "load": 2.8095703125}
{"event": "step", "step": 181700, "loss": 4.0492, "lr": 0.00033355773224221435, "gnorm": 1.035, "tok_per_s": 116405.5, "load": 3.00537109375}
{"event": "step", "step": 181800, "loss": 3.9776, "lr": 0.00033306853367931613, "gnorm": 1.124, "tok_per_s": 116438.1, "load": 3.0048828125}
{"event": "step", "step": 181900, "loss": 4.0941, "lr": 0.00033258288285595256, "gnorm": 1.169, "tok_per_s": 116440.3, "load": 3.23876953125}
{"event": "step", "step": 182000, "loss": 4.1699, "lr": 0.0003321007810804398, "gnorm": 1.351, "tok_per_s": 116438.9, "load": 3.21923828125}
{"event": "step", "step": 182100, "loss": 4.0235, "lr": 0.00033162222965153315, "gnorm": 1.371, "tok_per_s": 116423.0, "load": 3.41357421875}
{"event": "step", "step": 182200, "loss": 4.1525, "lr": 0.0003311472298584229, "gnorm": 1.098, "tok_per_s": 116382.0, "load": 3.541015625}
{"event": "step", "step": 182300, "loss": 3.92, "lr": 0.00033067578298073233, "gnorm": 1.044, "tok_per_s": 116416.9, "load": 3.49755859375}
{"event": "step", "step": 182400, "loss": 4.0275, "lr": 0.0003302078902885124, "gnorm": 1.226, "tok_per_s": 116481.6, "load": 3.64892578125}
{"event": "step", "step": 182500, "loss": 3.9979, "lr": 0.00032974355304224033, "gnorm": 1.497, "tok_per_s": 116358.9, "load": 4.15771484375}
{"event": "step", "step": 182600, "loss": 3.987, "lr": 0.00032928277249281426, "gnorm": 1.513, "tok_per_s": 116374.2, "load": 4.76171875}
{"event": "step", "step": 182700, "loss": 3.9542, "lr": 0.00032882554988155125, "gnorm": 1.11, "tok_per_s": 116429.4, "load": 4.861328125}
{"event": "step", "step": 182800, "loss": 4.0563, "lr": 0.00032837188644018356, "gnorm": 1.057, "tok_per_s": 116348.8, "load": 4.95263671875}
{"event": "step", "step": 182900, "loss": 4.1885, "lr": 0.00032792178339085463, "gnorm": 1.254, "tok_per_s": 116413.1, "load": 5.19384765625}
{"event": "step", "step": 183000, "loss": 3.976, "lr": 0.00032747524194611747, "gnorm": 1.234, "tok_per_s": 116422.1, "load": 5.09814453125}
{"event": "step", "step": 183100, "loss": 4.0887, "lr": 0.00032703226330892896, "gnorm": 1.319, "tok_per_s": 116427.0, "load": 5.70458984375}
{"event": "step", "step": 183200, "loss": 4.0505, "lr": 0.0003265928486726494, "gnorm": 1.062, "tok_per_s": 116401.6, "load": 5.96875}
{"event": "step", "step": 183300, "loss": 4.2158, "lr": 0.0003261569992210367, "gnorm": 1.572, "tok_per_s": 116363.1, "load": 6.3720703125}
{"event": "step", "step": 183400, "loss": 4.0123, "lr": 0.00032572471612824503, "gnorm": 1.253, "tok_per_s": 116326.5, "load": 6.31396484375}
{"event": "step", "step": 183500, "loss": 4.0535, "lr": 0.00032529600055882077, "gnorm": 1.305, "tok_per_s": 116371.4, "load": 6.369140625}
{"event": "step", "step": 183600, "loss": 4.0276, "lr": 0.00032487085366769984, "gnorm": 1.238, "tok_per_s": 116381.4, "load": 6.70703125}
{"event": "step", "step": 183700, "loss": 4.0754, "lr": 0.00032444927660020377, "gnorm": 1.181, "tok_per_s": 116385.8, "load": 6.650390625}
{"event": "step", "step": 183800, "loss": 3.9952, "lr": 0.00032403127049203775, "gnorm": 1.154, "tok_per_s": 116407.4, "load": 6.59814453125}
{"event": "step", "step": 183900, "loss": 3.9474, "lr": 0.0003236168364692867, "gnorm": 1.396, "tok_per_s": 116362.4, "load": 6.80078125}
{"event": "step", "step": 184000, "loss": 4.0217, "lr": 0.00032320597564841294, "gnorm": 1.125, "tok_per_s": 116364.0, "load": 6.576171875}
{"event": "step", "step": 184100, "loss": 3.9066, "lr": 0.00032279868913625214, "gnorm": 1.395, "tok_per_s": 116403.5, "load": 5.9521484375}
{"event": "step", "step": 184200, "loss": 3.9734, "lr": 0.00032239497803001135, "gnorm": 1.431, "tok_per_s": 116408.7, "load": 5.63525390625}
{"event": "step", "step": 184300, "loss": 4.1216, "lr": 0.00032199484341726575, "gnorm": 1.275, "tok_per_s": 116422.1, "load": 10.86962890625}
{"event": "step", "step": 184400, "loss": 4.2014, "lr": 0.00032159828637595554, "gnorm": 1.477, "tok_per_s": 116307.1, "load": 10.0341796875}
{"event": "step", "step": 184500, "loss": 3.9505, "lr": 0.00032120530797438327, "gnorm": 1.114, "tok_per_s": 116389.0, "load": 9.390625}
{"event": "step", "step": 184600, "loss": 3.9812, "lr": 0.0003208159092712106, "gnorm": 1.136, "tok_per_s": 116429.9, "load": 8.25390625}
{"event": "step", "step": 184700, "loss": 4.0313, "lr": 0.0003204300913154557, "gnorm": 1.688, "tok_per_s": 116432.6, "load": 7.7529296875}
{"event": "step", "step": 184800, "loss": 4.1605, "lr": 0.00032004785514649074, "gnorm": 1.287, "tok_per_s": 116491.2, "load": 6.8681640625}
{"event": "step", "step": 184900, "loss": 4.0619, "lr": 0.0003196692017940384, "gnorm": 1.182, "tok_per_s": 116498.7, "load": 6.55810546875}
{"event": "step", "step": 185000, "loss": 4.2827, "lr": 0.0003192941322781696, "gnorm": 1.308, "tok_per_s": 116489.1, "load": 6.27294921875}
{"event": "step", "step": 185100, "loss": 4.108, "lr": 0.0003189226476093006, "gnorm": 1.095, "tok_per_s": 86699.2, "load": 5.69580078125}
{"event": "step", "step": 185200, "loss": 4.0054, "lr": 0.0003185547487881903, "gnorm": 1.408, "tok_per_s": 116619.4, "load": 5.50830078125}
{"event": "step", "step": 185300, "loss": 3.9742, "lr": 0.00031819043680593744, "gnorm": 1.15, "tok_per_s": 116584.6, "load": 5.22705078125}
{"event": "step", "step": 185400, "loss": 4.242, "lr": 0.00031782971264397795, "gnorm": 1.205, "tok_per_s": 116592.9, "load": 4.96826171875}
{"event": "step", "step": 185500, "loss": 4.1225, "lr": 0.0003174725772740828, "gnorm": 1.426, "tok_per_s": 116555.2, "load": 4.591796875}
{"event": "step", "step": 185600, "loss": 3.9366, "lr": 0.0003171190316583544, "gnorm": 1.115, "tok_per_s": 116544.8, "load": 4.4638671875}
{"event": "step", "step": 185700, "loss": 4.0076, "lr": 0.00031676907674922503, "gnorm": 1.386, "tok_per_s": 116530.9, "load": 4.08447265625}
{"event": "step", "step": 185800, "loss": 4.0693, "lr": 0.00031642271348945335, "gnorm": 1.108, "tok_per_s": 116546.9, "load": 3.91748046875}
{"event": "step", "step": 185900, "loss": 3.9486, "lr": 0.0003160799428121228, "gnorm": 1.355, "tok_per_s": 116517.9, "load": 3.763671875}
{"event": "step", "step": 186000, "loss": 4.0494, "lr": 0.00031574076564063814, "gnorm": 1.246, "tok_per_s": 116525.8, "load": 3.79345703125}
{"event": "step", "step": 186100, "loss": 3.9499, "lr": 0.00031540518288872385, "gnorm": 1.56, "tok_per_s": 116515.9, "load": 3.6494140625}
{"event": "step", "step": 186200, "loss": 3.9101, "lr": 0.0003150731954604208, "gnorm": 1.227, "tok_per_s": 116533.3, "load": 3.3154296875}
{"event": "step", "step": 186300, "loss": 3.8831, "lr": 0.0003147448042500849, "gnorm": 1.579, "tok_per_s": 116514.0, "load": 3.2900390625}
{"event": "step", "step": 186400, "loss": 4.1124, "lr": 0.00031442001014238323, "gnorm": 1.23, "tok_per_s": 116441.0, "load": 3.1865234375}
{"event": "step", "step": 186500, "loss": 4.0991, "lr": 0.00031409881401229324, "gnorm": 1.396, "tok_per_s": 116423.5, "load": 3.0771484375}
{"event": "step", "step": 186600, "loss": 4.3172, "lr": 0.0003137812167250991, "gnorm": 1.447, "tok_per_s": 116443.5, "load": 2.91064453125}
{"event": "step", "step": 186700, "loss": 3.9386, "lr": 0.00031346721913639024, "gnorm": 1.097, "tok_per_s": 116420.8, "load": 3.07861328125}
{"event": "step", "step": 186800, "loss": 4.1403, "lr": 0.00031315682209205847, "gnorm": 1.119, "tok_per_s": 116430.1, "load": 3.072265625}
{"event": "step", "step": 186900, "loss": 4.0691, "lr": 0.0003128500264282959, "gnorm": 1.364, "tok_per_s": 116457.0, "load": 3.07421875}
{"event": "step", "step": 187000, "loss": 4.0175, "lr": 0.0003125468329715931, "gnorm": 1.254, "tok_per_s": 116451.9, "load": 2.90771484375}
{"event": "step", "step": 187100, "loss": 4.2149, "lr": 0.0003122472425387361, "gnorm": 1.245, "tok_per_s": 116480.0, "load": 2.8349609375}
{"event": "step", "step": 187200, "loss": 4.1042, "lr": 0.0003119512559368048, "gnorm": 1.556, "tok_per_s": 116463.3, "load": 2.6328125}
{"event": "step", "step": 187300, "loss": 3.9324, "lr": 0.0003116588739631704, "gnorm": 1.104, "tok_per_s": 116451.1, "load": 2.501953125}
{"event": "step", "step": 187400, "loss": 4.1685, "lr": 0.0003113700974054937, "gnorm": 2.045, "tok_per_s": 116475.1, "load": 2.49853515625}
{"event": "step", "step": 187500, "loss": 3.9853, "lr": 0.00031108492704172235, "gnorm": 1.134, "tok_per_s": 116452.8, "load": 2.5390625}
{"event": "step", "step": 187600, "loss": 4.0427, "lr": 0.0003108033636400895, "gnorm": 1.611, "tok_per_s": 116464.5, "load": 2.41552734375}
{"event": "step", "step": 187700, "loss": 3.9412, "lr": 0.00031052540795911096, "gnorm": 1.243, "tok_per_s": 116455.8, "load": 2.505859375}
{"event": "step", "step": 187800, "loss": 4.184, "lr": 0.00031025106074758404, "gnorm": 1.244, "tok_per_s": 116428.4, "load": 2.46533203125}
{"event": "step", "step": 187900, "loss": 3.9104, "lr": 0.0003099803227445846, "gnorm": 1.206, "tok_per_s": 116480.0, "load": 2.5478515625}
{"event": "step", "step": 188000, "loss": 4.0325, "lr": 0.00030971319467946567, "gnorm": 1.181, "tok_per_s": 116508.3, "load": 2.50390625}
{"event": "step", "step": 188100, "loss": 4.0553, "lr": 0.00030944967727185524, "gnorm": 1.151, "tok_per_s": 116527.5, "load": 2.46337890625}
{"event": "step", "step": 188200, "loss": 4.0128, "lr": 0.0003091897712316543, "gnorm": 1.374, "tok_per_s": 116475.7, "load": 2.4658203125}
{"event": "step", "step": 188300, "loss": 4.2626, "lr": 0.00030893347725903536, "gnorm": 1.35, "tok_per_s": 116530.2, "load": 2.42822265625}
{"event": "step", "step": 188400, "loss": 3.9851, "lr": 0.00030868079604444003, "gnorm": 1.221, "tok_per_s": 116534.1, "load": 2.36181640625}
{"event": "step", "step": 188500, "loss": 3.9964, "lr": 0.00030843172826857713, "gnorm": 1.363, "tok_per_s": 116525.8, "load": 2.5732421875}
{"event": "step", "step": 188600, "loss": 4.0796, "lr": 0.00030818627460242154, "gnorm": 1.237, "tok_per_s": 116527.0, "load": 2.52685546875}
{"event": "step", "step": 188700, "loss": 3.8885, "lr": 0.00030794443570721146, "gnorm": 1.29, "tok_per_s": 116510.2, "load": 2.4453125}
{"event": "step", "step": 188800, "loss": 3.9355, "lr": 0.00030770621223444756, "gnorm": 1.608, "tok_per_s": 116547.2, "load": 2.4091796875}
{"event": "step", "step": 188900, "loss": 4.0846, "lr": 0.0003074716048258901, "gnorm": 1.29, "tok_per_s": 116546.5, "load": 2.345703125}
{"event": "step", "step": 189000, "loss": 4.0099, "lr": 0.0003072406141135587, "gnorm": 1.41, "tok_per_s": 116543.5, "load": 2.31787109375}
{"event": "step", "step": 189100, "loss": 4.1043, "lr": 0.0003070132407197291, "gnorm": 1.164, "tok_per_s": 116529.4, "load": 2.2919921875}
{"event": "step", "step": 189200, "loss": 4.1826, "lr": 0.00030678948525693264, "gnorm": 1.296, "tok_per_s": 116534.4, "load": 2.47509765625}
{"event": "step", "step": 189300, "loss": 3.9575, "lr": 0.00030656934832795407, "gnorm": 1.147, "tok_per_s": 116550.0, "load": 2.43701171875}
{"event": "step", "step": 189400, "loss": 3.9462, "lr": 0.0003063528305258296, "gnorm": 1.132, "tok_per_s": 116535.7, "load": 2.5302734375}
{"event": "step", "step": 189500, "loss": 3.8842, "lr": 0.0003061399324338466, "gnorm": 1.336, "tok_per_s": 116542.3, "load": 2.48779296875}
{"event": "step", "step": 189600, "loss": 4.1807, "lr": 0.00030593065462553997, "gnorm": 1.192, "tok_per_s": 116556.6, "load": 2.44873046875}
{"event": "step", "step": 189700, "loss": 4.0248, "lr": 0.0003057249976646928, "gnorm": 1.219, "tok_per_s": 116517.3, "load": 2.5341796875}
{"event": "step", "step": 189800, "loss": 4.1094, "lr": 0.00030552296210533325, "gnorm": 1.583, "tok_per_s": 116540.2, "load": 2.65185546875}
{"event": "step", "step": 189900, "loss": 4.2545, "lr": 0.0003053245484917339, "gnorm": 1.379, "tok_per_s": 116539.5, "load": 2.55126953125}
{"event": "step", "step": 190000, "loss": 4.0226, "lr": 0.00030512975735840983, "gnorm": 1.264, "tok_per_s": 116503.1, "load": 2.66748046875}
{"event": "step", "step": 190100, "loss": 4.1009, "lr": 0.00030493858923011743, "gnorm": 1.327, "tok_per_s": 85409.6, "load": 2.72509765625}
{"event": "step", "step": 190200, "loss": 4.1987, "lr": 0.0003047510446218529, "gnorm": 1.281, "tok_per_s": 116543.3, "load": 2.6669921875}
{"event": "step", "step": 190300, "loss": 4.0082, "lr": 0.0003045671240388509, "gnorm": 1.148, "tok_per_s": 116533.9, "load": 2.7119140625}
{"event": "step", "step": 190400, "loss": 3.9543, "lr": 0.00030438682797658315, "gnorm": 1.22, "tok_per_s": 116510.0, "load": 2.7353515625}
{"event": "step", "step": 190500, "loss": 4.0805, "lr": 0.00030421015692075733, "gnorm": 1.273, "tok_per_s": 116416.1, "load": 2.94287109375}
{"event": "step", "step": 190600, "loss": 4.1038, "lr": 0.00030403711134731505, "gnorm": 1.469, "tok_per_s": 116463.7, "load": 3.10791015625}
{"event": "step", "step": 190700, "loss": 4.1214, "lr": 0.00030386769172243165, "gnorm": 1.144, "tok_per_s": 116441.7, "load": 3.09912109375}
{"event": "step", "step": 190800, "loss": 4.0838, "lr": 0.00030370189850251395, "gnorm": 1.442, "tok_per_s": 116506.8, "load": 3.009765625}
{"event": "step", "step": 190900, "loss": 4.0522, "lr": 0.00030353973213419975, "gnorm": 1.469, "tok_per_s": 116500.9, "load": 3.0087890625}
{"event": "step", "step": 191000, "loss": 3.9589, "lr": 0.0003033811930543559, "gnorm": 1.292, "tok_per_s": 116492.5, "load": 2.85302734375}
{"event": "step", "step": 191100, "loss": 4.1886, "lr": 0.00030322628169007803, "gnorm": 1.443, "tok_per_s": 116460.0, "load": 2.78466796875}
{"event": "step", "step": 191200, "loss": 4.2252, "lr": 0.00030307499845868836, "gnorm": 1.43, "tok_per_s": 116457.1, "load": 2.7216796875}
{"event": "step", "step": 191300, "loss": 4.056, "lr": 0.0003029273437677358, "gnorm": 1.245, "tok_per_s": 116474.0, "load": 2.68408203125}
{"event": "step", "step": 191400, "loss": 4.0899, "lr": 0.0003027833180149936, "gnorm": 1.361, "tok_per_s": 116474.3, "load": 2.62890625}
{"event": "step", "step": 191500, "loss": 4.0109, "lr": 0.00030264292158845913, "gnorm": 1.228, "tok_per_s": 116444.9, "load": 2.83349609375}
{"event": "step", "step": 191600, "loss": 4.3117, "lr": 0.00030250615486635256, "gnorm": 1.2, "tok_per_s": 116497.1, "load": 2.7666015625}
{"event": "step", "step": 191700, "loss": 4.1676, "lr": 0.0003023730182171156, "gnorm": 1.446, "tok_per_s": 116488.9, "load": 2.705078125}
{"event": "step", "step": 191800, "loss": 4.1951, "lr": 0.00030224351199941097, "gnorm": 1.728, "tok_per_s": 116487.3, "load": 2.59619140625}
{"event": "step", "step": 191900, "loss": 3.9925, "lr": 0.0003021176365621213, "gnorm": 1.165, "tok_per_s": 116509.8, "load": 2.54833984375}
{"event": "step", "step": 192000, "loss": 4.2295, "lr": 0.00030199539224434784, "gnorm": 1.855, "tok_per_s": 116459.9, "load": 2.54443359375}
{"event": "step", "step": 192100, "loss": 4.2995, "lr": 0.0003018767793754098, "gnorm": 2.151, "tok_per_s": 116499.0, "load": 2.50048828125}
{"event": "step", "step": 192200, "loss": 3.875, "lr": 0.0003017617982748439, "gnorm": 1.225, "tok_per_s": 116487.8, "load": 2.50341796875}
{"event": "step", "step": 192300, "loss": 4.0988, "lr": 0.00030165044925240246, "gnorm": 1.212, "tok_per_s": 116483.1, "load": 2.54345703125}
{"event": "step", "step": 192400, "loss": 3.8755, "lr": 0.0003015427326080538, "gnorm": 1.127, "tok_per_s": 116467.0, "load": 2.49951171875}
{"event": "step", "step": 192500, "loss": 3.9643, "lr": 0.0003014386486319804, "gnorm": 1.259, "tok_per_s": 116424.3, "load": 2.7431640625}
{"event": "step", "step": 192600, "loss": 4.0983, "lr": 0.0003013381976045785, "gnorm": 1.533, "tok_per_s": 116417.8, "load": 2.68359375}
{"event": "step", "step": 192700, "loss": 4.2551, "lr": 0.00030124137979645774, "gnorm": 1.264, "tok_per_s": 116426.8, "load": 2.8125}
{"event": "step", "step": 192800, "loss": 4.1516, "lr": 0.00030114819546843993, "gnorm": 1.162, "tok_per_s": 116416.8, "load": 2.82763671875}
{"event": "step", "step": 192900, "loss": 4.1177, "lr": 0.0003010586448715582, "gnorm": 1.924, "tok_per_s": 116453.3, "load": 2.76123046875}
{"event": "step", "step": 193000, "loss": 4.1691, "lr": 0.0003009727282470569, "gnorm": 1.291, "tok_per_s": 116414.4, "load": 2.79833984375}
{"event": "step", "step": 193100, "loss": 4.0529, "lr": 0.0003008904458263906, "gnorm": 1.287, "tok_per_s": 116424.1, "load": 2.97509765625}
{"event": "step", "step": 193200, "loss": 4.0388, "lr": 0.0003008117978312236, "gnorm": 1.198, "tok_per_s": 116422.2, "load": 3.0595703125}
{"event": "step", "step": 193300, "loss": 4.2179, "lr": 0.00030073678447342916, "gnorm": 1.449, "tok_per_s": 116437.7, "load": 2.974609375}
{"event": "step", "step": 193400, "loss": 4.2081, "lr": 0.0003006654059550891, "gnorm": 1.558, "tok_per_s": 116431.2, "load": 3.13720703125}
{"event": "step", "step": 193500, "loss": 3.995, "lr": 0.0003005976624684931, "gnorm": 1.572, "tok_per_s": 116432.8, "load": 3.0419921875}
{"event": "step", "step": 193600, "loss": 4.149, "lr": 0.0003005335541961382, "gnorm": 1.196, "tok_per_s": 116460.5, "load": 2.95849609375}
{"event": "step", "step": 193700, "loss": 4.0029, "lr": 0.00030047308131072865, "gnorm": 1.249, "tok_per_s": 116447.7, "load": 2.97119140625}
{"event": "step", "step": 193800, "loss": 4.2769, "lr": 0.0003004162439751751, "gnorm": 1.32, "tok_per_s": 116442.9, "load": 3.1337890625}
{"event": "step", "step": 193900, "loss": 4.1994, "lr": 0.0003003630423425939, "gnorm": 1.644, "tok_per_s": 116320.5, "load": 3.04296875}
{"event": "step", "step": 194000, "loss": 4.1636, "lr": 0.0003003134765563074, "gnorm": 1.7, "tok_per_s": 116451.1, "load": 2.95556640625}
{"event": "step", "step": 194100, "loss": 4.0164, "lr": 0.00030026754674984305, "gnorm": 1.462, "tok_per_s": 116454.6, "load": 2.95947265625}
{"event": "step", "step": 194200, "loss": 4.0021, "lr": 0.0003002252530469331, "gnorm": 1.314, "tok_per_s": 116385.1, "load": 3.11279296875}
{"event": "step", "step": 194300, "loss": 3.9642, "lr": 0.0003001865955615144, "gnorm": 1.394, "tok_per_s": 116437.7, "load": 3.0234375}
{"event": "step", "step": 194400, "loss": 4.1247, "lr": 0.00030015157439772824, "gnorm": 1.244, "tok_per_s": 116476.7, "load": 3.10205078125}
{"event": "step", "step": 194500, "loss": 4.1016, "lr": 0.00030012018964991954, "gnorm": 1.118, "tok_per_s": 116448.1, "load": 3.38818359375}
{"event": "step", "step": 194600, "loss": 4.187, "lr": 0.00030009244140263695, "gnorm": 1.621, "tok_per_s": 116463.8, "load": 3.27685546875}
{"event": "step", "step": 194700, "loss": 4.1922, "lr": 0.00030006832973063284, "gnorm": 1.232, "tok_per_s": 116478.2, "load": 3.080078125}
{"event": "step", "step": 194800, "loss": 4.0852, "lr": 0.0003000478546988627, "gnorm": 1.382, "tok_per_s": 116461.1, "load": 3.15380859375}
{"event": "step", "step": 194900, "loss": 4.0813, "lr": 0.0003000310163624851, "gnorm": 1.357, "tok_per_s": 116474.9, "load": 3.06103515625}
{"event": "step", "step": 195000, "loss": 4.1147, "lr": 0.0003000178147668615, "gnorm": 1.351, "tok_per_s": 116476.1, "load": 3.359375}
{"event": "step", "step": 195100, "loss": 4.2899, "lr": 0.0003000082499475563, "gnorm": 1.476, "tok_per_s": 86758.0, "load": 3.37158203125}
{"event": "step", "step": 195200, "loss": 4.2525, "lr": 0.0003000023219303366, "gnorm": 1.514, "tok_per_s": 116576.4, "load": 3.26171875}
{"event": "step", "step": 195300, "loss": 4.2895, "lr": 0.0003000000307311722, "gnorm": 1.975, "tok_per_s": 116570.7, "load": 3.21533203125}
{"event": "step", "step": 195312, "loss": 3.9764, "lr": 0.00030000000018184133, "gnorm": 1.477, "tok_per_s": 972413.6, "load": 3.21533203125}
FINAL w11_mq_d768_1600M {"bpb": 1.1970137816566975, "nats_per_token": 4.021784756446525, "tokens": 995323, "bytes": 4824566}
NEXT -> python3 track4_sdmonly_summary.py
