bash: warning: setlocale: LC_ALL: cannot change locale (en_AU.UTF-8)
{"event": "sdmonly", "arm": "sdmonly_none", "d_a": 256, "n_sub": 256, "heads": 1, "readout_f": 0, "share_store": false, "dense_f": null, "sched": "cosine", "wsd_decay": 0.2, "untie": true, "hop_mlp": 192, "ng_rows": 0, "ng_orders": [2, 3], "conj": 2, "rt_write": 0, "rt_buckets": 4096, "rt_shuffle": false, "graded": false, "mix_layers": 0, "mix_heads": 4, "mix_n_sub": 64, "mix_d_a": 64, "mix_k": 32, "mix_decays": [1.0, 0.999, 0.99, 0.9], "mix_f": 0, "mix_chunk": 256, "store_opt": "dense", "body_opt": "muon", "muon_lr": 0.02, "muon_wd": 0.0}
/root/settle/code_w7/track4_sdmllm_train_one_arm.py:229: UserWarning: Converting a tensor with requires_grad=True to a scalar may lead to unexpected behavior.
Consider using tensor.detach() first. (Triggered internally at /pytorch/torch/csrc/autograd/generated/python_variable_methods.cpp:835.)
  rec = {"event": "step", "step": step, "loss": round(float(loss), 4), "lr": lr, "gnorm": round(float(gn), 3),
{"run": "w11_cn_d1024_1600M", "arm": "sdmonly_none", "seed": 0, "cfg": {"d": 1024, "T": 256, "seed": 0, "M": 65536, "k": 32, "hops": 4, "softness": 0.25, "n_layer": 0, "M_big": 0, "value_init": "zero", "qgrad": 0.0, "ngram_orders": [1], "f": 0, "train_name": "train_big", "n_back": 8, "decays": [0.5, 0.8, 0.9, 0.97, 0.99], "d_a": 256, "n_sub": 256, "heads": 1, "readout_f": 0, "share_store": false, "dense_f": null, "sched": "cosine", "wsd_decay": 0.2, "untie": true, "hop_mlp": 192, "ng_rows": 0, "ng_orders": [2, 3], "conj": 2, "rt_write": 0, "rt_buckets": 4096, "rt_shuffle": false, "graded": false, "mix_layers": 0, "mix_heads": 4, "mix_n_sub": 64, "mix_d_a": 64, "mix_k": 32, "mix_decays": [1.0, 0.999, 0.99, 0.9], "mix_f": 0, "mix_chunk": 256}, "B": 32, "T": 256, "tokens_target": 1600000000, "steps": 195312, "lr": 0.003, "loss_path": "chunked", "store_lr_mult": 3.0, "store_wd": 0.0, "params": {"embedding": 132382720, "non_embedding_trainable": 149445632, "frozen_store_values": 0, "total_trainable": 281828352}, "flops_per_token_fwd": {"head": 264765440, "body": 35389440.0, "total": 300154880.0}, "device": "cuda", "stamp_start": {"utc": "2026-10-03T17:45:45Z", "load": [1.36, 1.98, 5.9], "ncpu": 256, "powermode": "unknown", "torch": "2.8.0+cu128", "host": "781deba5c951", "cuda": "12.8", "gpu": "NVIDIA GeForce RTX 5090", "driver": "570.211.01\n570.211.01", "mem_available_gb": 484.5}, "resumed_from_step": 0, "init": null, "train_name": "train_big"}
{"event": "step", "step": 100, "loss": 10.2559, "lr": 7.680491551459293e-05, "gnorm": 2.374, "tok_per_s": 43112.3, "load": 2.0078125}
{"event": "step", "step": 200, "loss": 7.6328, "lr": 0.00015360983102918587, "gnorm": 0.688, "tok_per_s": 101611.4, "load": 2.005859375}
{"event": "step", "step": 300, "loss": 7.029, "lr": 0.0002304147465437788, "gnorm": 0.702, "tok_per_s": 101525.8, "load": 2.00537109375}
{"event": "step", "step": 400, "loss": 6.6314, "lr": 0.00030721966205837174, "gnorm": 0.72, "tok_per_s": 101504.4, "load": 2.00439453125}
{"event": "step", "step": 500, "loss": 6.4093, "lr": 0.00038402457757296467, "gnorm": 0.769, "tok_per_s": 101405.9, "load": 1.93017578125}
{"event": "step", "step": 600, "loss": 6.0549, "lr": 0.0004608294930875576, "gnorm": 0.719, "tok_per_s": 101307.7, "load": 2.01611328125}
{"event": "step", "step": 700, "loss": 6.0128, "lr": 0.0005376344086021505, "gnorm": 0.727, "tok_per_s": 101242.4, "load": 2.01318359375}
{"event": "step", "step": 800, "loss": 5.9939, "lr": 0.0006144393241167435, "gnorm": 0.737, "tok_per_s": 101203.4, "load": 2.01171875}
{"event": "step", "step": 900, "loss": 5.7454, "lr": 0.0006912442396313364, "gnorm": 0.724, "tok_per_s": 101181.4, "load": 2.16455078125}
{"event": "step", "step": 1000, "loss": 5.9416, "lr": 0.0007680491551459293, "gnorm": 0.728, "tok_per_s": 101141.2, "load": 2.2197265625}
{"event": "step", "step": 1100, "loss": 5.4246, "lr": 0.0008448540706605224, "gnorm": 0.72, "tok_per_s": 101202.8, "load": 2.20166015625}
{"event": "step", "step": 1200, "loss": 5.6889, "lr": 0.0009216589861751152, "gnorm": 0.734, "tok_per_s": 101130.9, "load": 2.169921875}
{"event": "step", "step": 1300, "loss": 5.6788, "lr": 0.0009984639016897081, "gnorm": 0.73, "tok_per_s": 101071.7, "load": 2.1435546875}
{"event": "step", "step": 1400, "loss": 5.542, "lr": 0.001075268817204301, "gnorm": 0.72, "tok_per_s": 101026.0, "load": 2.1318359375}
{"event": "step", "step": 1500, "loss": 5.5464, "lr": 0.001152073732718894, "gnorm": 0.683, "tok_per_s": 101008.2, "load": 2.111328125}
{"event": "step", "step": 1600, "loss": 5.4855, "lr": 0.001228878648233487, "gnorm": 0.673, "tok_per_s": 100997.9, "load": 2.09375}
{"event": "step", "step": 1700, "loss": 5.3018, "lr": 0.00130568356374808, "gnorm": 0.66, "tok_per_s": 100988.9, "load": 2.0859375}
{"event": "step", "step": 1800, "loss": 5.3942, "lr": 0.0013824884792626728, "gnorm": 0.614, "tok_per_s": 100973.5, "load": 2.072265625}
{"event": "step", "step": 1900, "loss": 5.4783, "lr": 0.0014592933947772657, "gnorm": 0.639, "tok_per_s": 100940.1, "load": 2.06640625}
{"event": "step", "step": 2000, "loss": 5.6214, "lr": 0.0015360983102918587, "gnorm": 0.627, "tok_per_s": 100931.8, "load": 2.0556640625}
{"event": "step", "step": 2100, "loss": 5.6041, "lr": 0.0016129032258064516, "gnorm": 0.615, "tok_per_s": 100931.1, "load": 2.12060546875}
{"event": "step", "step": 2200, "loss": 5.4563, "lr": 0.0016897081413210448, "gnorm": 0.562, "tok_per_s": 100921.4, "load": 2.11083984375}
{"event": "step", "step": 2300, "loss": 5.2875, "lr": 0.0017665130568356375, "gnorm": 0.55, "tok_per_s": 100927.0, "load": 2.24072265625}
{"event": "step", "step": 2400, "loss": 5.2971, "lr": 0.0018433179723502304, "gnorm": 0.513, "tok_per_s": 100924.5, "load": 2.203125}
{"event": "step", "step": 2500, "loss": 5.5005, "lr": 0.0019201228878648233, "gnorm": 0.533, "tok_per_s": 100899.3, "load": 2.1865234375}
{"event": "step", "step": 2600, "loss": 5.2243, "lr": 0.0019969278033794163, "gnorm": 0.502, "tok_per_s": 100903.4, "load": 2.1572265625}
{"event": "step", "step": 2700, "loss": 5.4639, "lr": 0.002073732718894009, "gnorm": 0.498, "tok_per_s": 100888.9, "load": 2.1328125}
{"event": "step", "step": 2800, "loss": 5.2588, "lr": 0.002150537634408602, "gnorm": 0.457, "tok_per_s": 100897.4, "load": 2.1220703125}
{"event": "step", "step": 2900, "loss": 5.294, "lr": 0.0022273425499231953, "gnorm": 0.437, "tok_per_s": 100874.7, "load": 2.18310546875}
{"event": "step", "step": 3000, "loss": 5.5239, "lr": 0.002304147465437788, "gnorm": 0.45, "tok_per_s": 100865.8, "load": 2.16796875}
{"event": "step", "step": 3100, "loss": 5.1295, "lr": 0.002380952380952381, "gnorm": 0.424, "tok_per_s": 100835.7, "load": 2.29638671875}
{"event": "step", "step": 3200, "loss": 5.2983, "lr": 0.002457757296466974, "gnorm": 0.414, "tok_per_s": 100860.5, "load": 2.25048828125}
{"event": "step", "step": 3300, "loss": 5.4019, "lr": 0.002534562211981567, "gnorm": 0.422, "tok_per_s": 100829.1, "load": 2.310546875}
{"event": "step", "step": 3400, "loss": 5.377, "lr": 0.00261136712749616, "gnorm": 0.4, "tok_per_s": 100841.6, "load": 2.2626953125}
{"event": "step", "step": 3500, "loss": 5.3065, "lr": 0.002688172043010753, "gnorm": 0.366, "tok_per_s": 100840.5, "load": 2.2216796875}
{"event": "step", "step": 3600, "loss": 5.4375, "lr": 0.0027649769585253456, "gnorm": 0.356, "tok_per_s": 100819.6, "load": 2.20361328125}
{"event": "step", "step": 3700, "loss": 5.1316, "lr": 0.0028417818740399383, "gnorm": 0.356, "tok_per_s": 100839.2, "load": 2.171875}
{"event": "step", "step": 3800, "loss": 5.295, "lr": 0.0029185867895545315, "gnorm": 0.369, "tok_per_s": 100828.3, "load": 2.2255859375}
{"event": "step", "step": 3900, "loss": 5.1477, "lr": 0.0029953917050691246, "gnorm": 0.357, "tok_per_s": 100817.3, "load": 2.20751953125}
{"event": "step", "step": 4000, "loss": 5.3861, "lr": 0.002999998427255279, "gnorm": 0.331, "tok_per_s": 100820.5, "load": 2.1748046875}
{"event": "step", "step": 4100, "loss": 5.2889, "lr": 0.002999993226600707, "gnorm": 0.337, "tok_per_s": 100813.8, "load": 2.16064453125}
{"event": "step", "step": 4200, "loss": 5.2669, "lr": 0.0029999843891400707, "gnorm": 0.32, "tok_per_s": 100819.3, "load": 2.13525390625}
{"event": "step", "step": 4300, "loss": 5.1803, "lr": 0.0029999719148971794, "gnorm": 0.304, "tok_per_s": 100818.0, "load": 2.11376953125}
{"event": "step", "step": 4400, "loss": 5.0925, "lr": 0.0029999558039056373, "gnorm": 0.319, "tok_per_s": 100819.5, "load": 2.1044921875}
{"event": "step", "step": 4500, "loss": 5.2776, "lr": 0.002999936056208846, "gnorm": 0.351, "tok_per_s": 100817.7, "load": 2.087890625}
{"event": "step", "step": 4600, "loss": 5.2272, "lr": 0.002999912671860006, "gnorm": 0.311, "tok_per_s": 100828.5, "load": 2.07373046875}
{"event": "step", "step": 4700, "loss": 5.2667, "lr": 0.0029998856509221125, "gnorm": 0.317, "tok_per_s": 100818.9, "load": 2.0673828125}
{"event": "step", "step": 4800, "loss": 5.2664, "lr": 0.0029998549934679587, "gnorm": 0.32, "tok_per_s": 100790.8, "load": 3.578125}
{"event": "step", "step": 4900, "loss": 5.2153, "lr": 0.0029998206995801332, "gnorm": 0.323, "tok_per_s": 100813.8, "load": 3.48291015625}
{"event": "step", "step": 5000, "loss": 5.1999, "lr": 0.0029997827693510233, "gnorm": 0.308, "tok_per_s": 100820.1, "load": 3.36376953125}
{"event": "step", "step": 5100, "loss": 5.07, "lr": 0.0029997412028828106, "gnorm": 0.298, "tok_per_s": 65018.7, "load": 3.06103515625}
{"event": "step", "step": 5200, "loss": 5.0952, "lr": 0.0029996960002874715, "gnorm": 0.298, "tok_per_s": 100917.9, "load": 2.9755859375}
{"event": "step", "step": 5300, "loss": 4.9179, "lr": 0.002999647161686781, "gnorm": 0.291, "tok_per_s": 100884.5, "load": 2.8251953125}
{"event": "step", "step": 5400, "loss": 5.0322, "lr": 0.002999594687212306, "gnorm": 0.305, "tok_per_s": 100888.9, "load": 2.77197265625}
{"event": "step", "step": 5500, "loss": 4.8474, "lr": 0.0029995385770054113, "gnorm": 0.298, "tok_per_s": 100853.4, "load": 2.7099609375}
{"event": "step", "step": 5600, "loss": 5.0049, "lr": 0.0029994788312172537, "gnorm": 0.283, "tok_per_s": 100824.5, "load": 2.6806640625}
{"event": "step", "step": 5700, "loss": 4.9511, "lr": 0.0029994154500087846, "gnorm": 0.295, "tok_per_s": 100824.1, "load": 2.81640625}
{"event": "step", "step": 5800, "loss": 5.1058, "lr": 0.0029993484335507506, "gnorm": 0.311, "tok_per_s": 100837.2, "load": 2.83154296875}
{"event": "step", "step": 5900, "loss": 5.2581, "lr": 0.0029992777820236896, "gnorm": 0.341, "tok_per_s": 100819.8, "load": 2.77734375}
{"event": "step", "step": 6000, "loss": 5.0739, "lr": 0.0029992034956179327, "gnorm": 0.3, "tok_per_s": 100818.6, "load": 2.71484375}
{"event": "step", "step": 6100, "loss": 5.1599, "lr": 0.0029991255745336035, "gnorm": 0.347, "tok_per_s": 100801.1, "load": 2.6044921875}
{"event": "step", "step": 6200, "loss": 5.108, "lr": 0.0029990440189806176, "gnorm": 0.304, "tok_per_s": 100821.7, "load": 2.5107421875}
{"event": "step", "step": 6300, "loss": 5.1875, "lr": 0.00299895882917868, "gnorm": 0.345, "tok_per_s": 100830.3, "load": 2.4697265625}
{"event": "step", "step": 6400, "loss": 4.9205, "lr": 0.002998870005357288, "gnorm": 0.311, "tok_per_s": 100808.9, "load": 2.39697265625}
{"event": "step", "step": 6500, "loss": 4.7421, "lr": 0.002998777547755728, "gnorm": 0.273, "tok_per_s": 100819.5, "load": 2.33544921875}
{"event": "step", "step": 6600, "loss": 4.8851, "lr": 0.0029986814566230753, "gnorm": 0.354, "tok_per_s": 100616.2, "load": 2.30810546875}
{"event": "step", "step": 6700, "loss": 4.9242, "lr": 0.0029985817322181942, "gnorm": 0.377, "tok_per_s": 100817.1, "load": 2.48193359375}
{"event": "step", "step": 6800, "loss": 5.0078, "lr": 0.002998478374809737, "gnorm": 0.281, "tok_per_s": 100816.8, "load": 2.64208984375}
{"event": "step", "step": 6900, "loss": 4.9826, "lr": 0.0029983713846761413, "gnorm": 0.302, "tok_per_s": 100831.6, "load": 2.59033203125}
{"event": "step", "step": 7000, "loss": 4.8841, "lr": 0.0029982607621056347, "gnorm": 0.339, "tok_per_s": 100812.2, "load": 2.4990234375}
{"event": "step", "step": 7100, "loss": 4.8359, "lr": 0.002998146507396226, "gnorm": 0.327, "tok_per_s": 100799.8, "load": 2.458984375}
{"event": "step", "step": 7200, "loss": 4.8277, "lr": 0.002998028620855713, "gnorm": 0.341, "tok_per_s": 100822.0, "load": 2.3876953125}
{"event": "step", "step": 7300, "loss": 5.0417, "lr": 0.002997907102801674, "gnorm": 0.492, "tok_per_s": 100822.4, "load": 2.32763671875}
{"event": "step", "step": 7400, "loss": 4.8983, "lr": 0.002997781953561472, "gnorm": 0.366, "tok_per_s": 100822.0, "load": 2.30126953125}
{"event": "step", "step": 7500, "loss": 5.0192, "lr": 0.0029976531734722534, "gnorm": 0.347, "tok_per_s": 100809.9, "load": 2.48291015625}
{"event": "step", "step": 7600, "loss": 4.8603, "lr": 0.0029975207628809425, "gnorm": 0.309, "tok_per_s": 100818.3, "load": 2.408203125}
{"event": "step", "step": 7700, "loss": 4.9488, "lr": 0.0029973847221442477, "gnorm": 0.397, "tok_per_s": 100826.5, "load": 2.37548828125}
{"event": "step", "step": 7800, "loss": 4.8191, "lr": 0.0029972450516286536, "gnorm": 0.357, "tok_per_s": 100829.6, "load": 2.3173828125}
{"event": "step", "step": 7900, "loss": 4.9631, "lr": 0.0029971017517104264, "gnorm": 0.344, "tok_per_s": 100823.5, "load": 2.26806640625}
{"event": "step", "step": 8000, "loss": 4.8841, "lr": 0.002996954822775607, "gnorm": 0.34, "tok_per_s": 100808.6, "load": 2.24658203125}
{"event": "step", "step": 8100, "loss": 4.807, "lr": 0.0029968042652200135, "gnorm": 0.327, "tok_per_s": 100807.7, "load": 2.2080078125}
{"event": "step", "step": 8200, "loss": 4.7701, "lr": 0.00299665007944924, "gnorm": 0.318, "tok_per_s": 100813.1, "load": 2.17529296875}
{"event": "step", "step": 8300, "loss": 4.8003, "lr": 0.0029964922658786545, "gnorm": 0.308, "tok_per_s": 100823.3, "load": 2.1611328125}
{"event": "step", "step": 8400, "loss": 4.8406, "lr": 0.002996330824933398, "gnorm": 0.622, "tok_per_s": 100805.0, "load": 2.1357421875}
{"event": "step", "step": 8500, "loss": 4.8076, "lr": 0.002996165757048382, "gnorm": 0.295, "tok_per_s": 100818.4, "load": 2.12451171875}
{"event": "step", "step": 8600, "loss": 4.94, "lr": 0.002995997062668292, "gnorm": 0.412, "tok_per_s": 100825.7, "load": 3.357421875}
{"event": "step", "step": 8700, "loss": 4.7849, "lr": 0.0029958247422475805, "gnorm": 0.292, "tok_per_s": 100816.3, "load": 3.1484375}
{"event": "step", "step": 8800, "loss": 4.8765, "lr": 0.002995648796250468, "gnorm": 0.352, "tok_per_s": 100807.2, "load": 3.05615234375}
{"event": "step", "step": 8900, "loss": 5.0071, "lr": 0.002995469225150945, "gnorm": 0.333, "tok_per_s": 100813.3, "load": 2.89306640625}
{"event": "step", "step": 9000, "loss": 4.8948, "lr": 0.002995286029432764, "gnorm": 0.361, "tok_per_s": 100817.2, "load": 2.8359375}
{"event": "step", "step": 9100, "loss": 4.967, "lr": 0.0029950992095894454, "gnorm": 0.357, "tok_per_s": 100775.6, "load": 2.7685546875}
{"event": "step", "step": 9200, "loss": 4.9008, "lr": 0.0029949087661242718, "gnorm": 0.428, "tok_per_s": 100813.8, "load": 2.64990234375}
{"event": "step", "step": 9300, "loss": 4.8198, "lr": 0.002994714699550286, "gnorm": 0.375, "tok_per_s": 100814.5, "load": 2.54931640625}
{"event": "step", "step": 9400, "loss": 4.9478, "lr": 0.0029945170103902923, "gnorm": 0.615, "tok_per_s": 100809.8, "load": 2.5048828125}
{"event": "step", "step": 9500, "loss": 5.0486, "lr": 0.0029943156991768553, "gnorm": 0.351, "tok_per_s": 100800.8, "load": 2.4267578125}
{"event": "step", "step": 9600, "loss": 4.8932, "lr": 0.0029941107664522956, "gnorm": 0.36, "tok_per_s": 100819.8, "load": 2.47314453125}
{"event": "step", "step": 9700, "loss": 4.9845, "lr": 0.002993902212768691, "gnorm": 0.376, "tok_per_s": 100801.1, "load": 2.39990234375}
{"event": "step", "step": 9800, "loss": 4.8319, "lr": 0.0029936900386878717, "gnorm": 0.294, "tok_per_s": 100807.3, "load": 2.337890625}
{"event": "step", "step": 9900, "loss": 4.8001, "lr": 0.002993474244781425, "gnorm": 0.418, "tok_per_s": 100822.5, "load": 2.310546875}
{"event": "step", "step": 10000, "loss": 4.7369, "lr": 0.002993254831630686, "gnorm": 0.387, "tok_per_s": 100820.5, "load": 2.33642578125}
{"event": "step", "step": 10100, "loss": 4.9044, "lr": 0.0029930317998267423, "gnorm": 0.457, "tok_per_s": 64302.3, "load": 2.26123046875}
{"event": "step", "step": 10200, "loss": 4.9773, "lr": 0.0029928051499704287, "gnorm": 0.302, "tok_per_s": 100931.0, "load": 2.240234375}
{"event": "step", "step": 10300, "loss": 4.7719, "lr": 0.0029925748826723276, "gnorm": 0.498, "tok_per_s": 100901.2, "load": 2.3505859375}
{"event": "step", "step": 10400, "loss": 4.7711, "lr": 0.0029923409985527657, "gnorm": 0.325, "tok_per_s": 100890.8, "load": 2.322265625}
{"event": "step", "step": 10500, "loss": 5.0761, "lr": 0.002992103498241814, "gnorm": 0.381, "tok_per_s": 100872.4, "load": 2.2724609375}
{"event": "step", "step": 10600, "loss": 4.8437, "lr": 0.0029918623823792846, "gnorm": 0.453, "tok_per_s": 100850.0, "load": 2.22998046875}
{"event": "step", "step": 10700, "loss": 4.991, "lr": 0.0029916176516147307, "gnorm": 0.431, "tok_per_s": 100843.2, "load": 2.21142578125}
{"event": "step", "step": 10800, "loss": 5.0168, "lr": 0.0029913693066074424, "gnorm": 0.402, "tok_per_s": 100844.5, "load": 2.1787109375}
{"event": "step", "step": 10900, "loss": 4.7576, "lr": 0.0029911173480264485, "gnorm": 0.43, "tok_per_s": 100817.9, "load": 2.15087890625}
{"event": "step", "step": 11000, "loss": 4.8819, "lr": 0.0029908617765505106, "gnorm": 0.38, "tok_per_s": 100819.9, "load": 2.138671875}
{"event": "step", "step": 11100, "loss": 4.9, "lr": 0.0029906025928681237, "gnorm": 0.351, "tok_per_s": 100825.5, "load": 2.1171875}
{"event": "step", "step": 11200, "loss": 4.7951, "lr": 0.002990339797677514, "gnorm": 0.344, "tok_per_s": 100800.9, "load": 2.0986328125}
{"event": "step", "step": 11300, "loss": 4.799, "lr": 0.0029900733916866378, "gnorm": 0.383, "tok_per_s": 100812.4, "load": 2.09033203125}
{"event": "step", "step": 11400, "loss": 4.8185, "lr": 0.0029898033756131774, "gnorm": 0.398, "tok_per_s": 100801.3, "load": 2.15673828125}
{"event": "step", "step": 11500, "loss": 4.6433, "lr": 0.0029895297501845407, "gnorm": 0.567, "tok_per_s": 100800.1, "load": 2.224609375}
{"event": "step", "step": 11600, "loss": 4.7508, "lr": 0.0029892525161378603, "gnorm": 0.568, "tok_per_s": 100820.3, "load": 2.3505859375}
{"event": "step", "step": 11700, "loss": 5.0485, "lr": 0.0029889716742199876, "gnorm": 0.332, "tok_per_s": 100829.7, "load": 2.29638671875}
{"event": "step", "step": 11800, "loss": 4.8584, "lr": 0.0029886872251874965, "gnorm": 0.505, "tok_per_s": 100818.3, "load": 2.35302734375}
{"event": "step", "step": 11900, "loss": 4.9481, "lr": 0.0029883991698066758, "gnorm": 0.529, "tok_per_s": 100828.1, "load": 2.29833984375}
{"event": "step", "step": 12000, "loss": 4.9313, "lr": 0.0029881075088535308, "gnorm": 0.467, "tok_per_s": 100820.1, "load": 2.251953125}
{"event": "step", "step": 12100, "loss": 4.7146, "lr": 0.00298781224311378, "gnorm": 0.414, "tok_per_s": 100814.8, "load": 2.2314453125}
{"event": "step", "step": 12200, "loss": 4.8111, "lr": 0.002987513373382852, "gnorm": 0.459, "tok_per_s": 100834.7, "load": 2.19580078125}
{"event": "step", "step": 12300, "loss": 4.892, "lr": 0.0029872109004658864, "gnorm": 0.298, "tok_per_s": 100814.5, "load": 2.1650390625}
{"event": "step", "step": 12400, "loss": 4.7972, "lr": 0.0029869048251777272, "gnorm": 0.434, "tok_per_s": 100823.0, "load": 2.1513671875}
{"event": "step", "step": 12500, "loss": 5.1013, "lr": 0.002986595148342924, "gnorm": 0.333, "tok_per_s": 100790.4, "load": 2.20849609375}
{"event": "step", "step": 12600, "loss": 4.6588, "lr": 0.0029862818707957297, "gnorm": 0.357, "tok_per_s": 100837.4, "load": 2.19140625}
{"event": "step", "step": 12700, "loss": 4.842, "lr": 0.002985964993380096, "gnorm": 0.496, "tok_per_s": 100812.5, "load": 2.2421875}
{"event": "step", "step": 12800, "loss": 4.7267, "lr": 0.0029856445169496727, "gnorm": 0.539, "tok_per_s": 100817.3, "load": 2.20458984375}
{"event": "step", "step": 12900, "loss": 4.6915, "lr": 0.002985320442367805, "gnorm": 0.689, "tok_per_s": 100808.1, "load": 2.18798828125}
{"event": "step", "step": 13000, "loss": 4.8651, "lr": 0.002984992770507533, "gnorm": 0.481, "tok_per_s": 100820.8, "load": 2.3134765625}
{"event": "step", "step": 13100, "loss": 4.7426, "lr": 0.0029846615022515845, "gnorm": 0.531, "tok_per_s": 100825.8, "load": 2.2646484375}
{"event": "step", "step": 13200, "loss": 5.0038, "lr": 0.002984326638492379, "gnorm": 0.464, "tok_per_s": 100814.8, "load": 2.2431640625}
{"event": "step", "step": 13300, "loss": 4.9239, "lr": 0.0029839881801320203, "gnorm": 0.372, "tok_per_s": 100822.8, "load": 2.20556640625}
{"event": "step", "step": 13400, "loss": 4.5737, "lr": 0.0029836461280822965, "gnorm": 0.4, "tok_per_s": 100820.6, "load": 2.24755859375}
{"event": "step", "step": 13500, "loss": 4.9187, "lr": 0.002983300483264676, "gnorm": 0.354, "tok_per_s": 100735.9, "load": 2.30810546875}
{"event": "step", "step": 13600, "loss": 4.7746, "lr": 0.002982951246610307, "gnorm": 0.377, "tok_per_s": 100829.5, "load": 2.26025390625}
{"event": "step", "step": 13700, "loss": 4.8569, "lr": 0.002982598419060013, "gnorm": 0.555, "tok_per_s": 100827.0, "load": 2.2392578125}
{"event": "step", "step": 13800, "loss": 5.0503, "lr": 0.0029822420015642925, "gnorm": 0.555, "tok_per_s": 100833.7, "load": 2.20166015625}
{"event": "step", "step": 13900, "loss": 4.9557, "lr": 0.002981881995083314, "gnorm": 0.429, "tok_per_s": 100824.6, "load": 2.25048828125}
{"event": "step", "step": 14000, "loss": 4.6942, "lr": 0.0029815184005869137, "gnorm": 0.422, "tok_per_s": 100811.2, "load": 2.22998046875}
{"event": "step", "step": 14100, "loss": 4.8478, "lr": 0.0029811512190545965, "gnorm": 0.414, "tok_per_s": 100831.4, "load": 2.2685546875}
{"event": "step", "step": 14200, "loss": 4.7623, "lr": 0.0029807804514755273, "gnorm": 0.496, "tok_per_s": 100836.0, "load": 2.2265625}
{"event": "step", "step": 14300, "loss": 4.906, "lr": 0.0029804060988485345, "gnorm": 0.403, "tok_per_s": 100832.8, "load": 2.2080078125}
{"event": "step", "step": 14400, "loss": 4.8484, "lr": 0.002980028162182102, "gnorm": 0.466, "tok_per_s": 100833.3, "load": 2.17529296875}
{"event": "step", "step": 14500, "loss": 4.8793, "lr": 0.002979646642494371, "gnorm": 0.39, "tok_per_s": 100843.7, "load": 2.14794921875}
{"event": "step", "step": 14600, "loss": 4.9022, "lr": 0.0029792615408131325, "gnorm": 0.327, "tok_per_s": 100840.6, "load": 2.1357421875}
{"event": "step", "step": 14700, "loss": 4.9151, "lr": 0.0029788728581758308, "gnorm": 0.407, "tok_per_s": 100834.3, "load": 2.1142578125}
{"event": "step", "step": 14800, "loss": 4.8027, "lr": 0.002978480595629554, "gnorm": 0.336, "tok_per_s": 100843.7, "load": 2.10498046875}
{"event": "step", "step": 14900, "loss": 4.7904, "lr": 0.002978084754231036, "gnorm": 0.482, "tok_per_s": 100832.5, "load": 2.16259765625}
{"event": "step", "step": 15000, "loss": 4.7917, "lr": 0.00297768533504665, "gnorm": 0.508, "tok_per_s": 100824.8, "load": 2.13720703125}
{"event": "step", "step": 15100, "loss": 4.9247, "lr": 0.0029772823391524114, "gnorm": 0.379, "tok_per_s": 64104.1, "load": 2.11572265625}
{"event": "step", "step": 15200, "loss": 4.7375, "lr": 0.002976875767633966, "gnorm": 0.339, "tok_per_s": 100950.3, "load": 2.09765625}
{"event": "step", "step": 15300, "loss": 4.7395, "lr": 0.0029764656215865958, "gnorm": 0.364, "tok_per_s": 100906.8, "load": 2.08203125}
{"event": "step", "step": 15400, "loss": 4.8206, "lr": 0.002976051902115211, "gnorm": 0.35, "tok_per_s": 100872.0, "load": 2.0751953125}
{"event": "step", "step": 15500, "loss": 4.6904, "lr": 0.002975634610334349, "gnorm": 0.432, "tok_per_s": 100871.5, "load": 2.06298828125}
{"event": "step", "step": 15600, "loss": 4.6153, "lr": 0.002975213747368171, "gnorm": 0.338, "tok_per_s": 100845.1, "load": 2.052734375}
{"event": "step", "step": 15700, "loss": 4.7736, "lr": 0.0029747893143504565, "gnorm": 0.36, "tok_per_s": 100838.2, "load": 2.04833984375}
{"event": "step", "step": 15800, "loss": 4.6355, "lr": 0.0029743613124246057, "gnorm": 0.528, "tok_per_s": 100852.8, "load": 2.04052734375}
{"event": "step", "step": 15900, "loss": 4.8843, "lr": 0.002973929742743631, "gnorm": 0.42, "tok_per_s": 100833.6, "load": 2.037109375}
{"event": "step", "step": 16000, "loss": 4.8575, "lr": 0.002973494606470158, "gnorm": 0.481, "tok_per_s": 100841.4, "load": 2.03076171875}
{"event": "step", "step": 16100, "loss": 4.8343, "lr": 0.0029730559047764183, "gnorm": 0.328, "tok_per_s": 100847.5, "load": 2.025390625}
{"event": "step", "step": 16200, "loss": 4.818, "lr": 0.00297261363884425, "gnorm": 0.395, "tok_per_s": 100834.5, "load": 2.02294921875}
{"event": "step", "step": 16300, "loss": 4.8637, "lr": 0.002972167809865093, "gnorm": 0.691, "tok_per_s": 100828.6, "load": 2.01904296875}
{"event": "step", "step": 16400, "loss": 4.6264, "lr": 0.002971718419039985, "gnorm": 0.368, "tok_per_s": 100819.5, "load": 2.08935546875}
{"event": "step", "step": 16500, "loss": 4.9183, "lr": 0.002971265467579561, "gnorm": 0.38, "tok_per_s": 100820.5, "load": 2.08203125}
{"event": "step", "step": 16600, "loss": 4.8583, "lr": 0.002970808956704045, "gnorm": 0.505, "tok_per_s": 100800.3, "load": 2.06884765625}
{"event": "step", "step": 16700, "loss": 4.9405, "lr": 0.0029703488876432526, "gnorm": 0.4, "tok_per_s": 100809.6, "load": 2.0576171875}
{"event": "step", "step": 16800, "loss": 4.7081, "lr": 0.0029698852616365846, "gnorm": 0.627, "tok_per_s": 100824.0, "load": 2.21337890625}
{"event": "step", "step": 16900, "loss": 4.7663, "lr": 0.002969418079933023, "gnorm": 0.378, "tok_per_s": 100808.3, "load": 2.18017578125}
{"event": "step", "step": 17000, "loss": 4.8564, "lr": 0.0029689473437911284, "gnorm": 0.432, "tok_per_s": 100828.9, "load": 2.16552734375}
{"event": "step", "step": 17100, "loss": 4.791, "lr": 0.0029684730544790386, "gnorm": 0.627, "tok_per_s": 100804.0, "load": 2.1396484375}
{"event": "step", "step": 17200, "loss": 4.7605, "lr": 0.002967995213274462, "gnorm": 0.336, "tok_per_s": 100813.1, "load": 2.19189453125}
{"event": "step", "step": 17300, "loss": 4.814, "lr": 0.002967513821464676, "gnorm": 0.48, "tok_per_s": 100805.6, "load": 2.17626953125}
{"event": "step", "step": 17400, "loss": 4.8093, "lr": 0.002967028880346523, "gnorm": 0.339, "tok_per_s": 100812.0, "load": 2.14892578125}
{"event": "step", "step": 17500, "loss": 4.7271, "lr": 0.0029665403912264078, "gnorm": 0.341, "tok_per_s": 100805.0, "load": 2.12548828125}
{"event": "step", "step": 17600, "loss": 4.817, "lr": 0.002966048355420292, "gnorm": 0.527, "tok_per_s": 100816.6, "load": 2.115234375}
{"event": "step", "step": 17700, "loss": 4.8002, "lr": 0.0029655527742536926, "gnorm": 0.555, "tok_per_s": 100828.1, "load": 2.09716796875}
{"event": "step", "step": 17800, "loss": 4.8606, "lr": 0.002965053649061678, "gnorm": 0.439, "tok_per_s": 100820.1, "load": 2.08203125}
{"event": "step", "step": 17900, "loss": 4.7354, "lr": 0.0029645509811888635, "gnorm": 0.359, "tok_per_s": 100819.9, "load": 2.0751953125}
{"event": "step", "step": 18000, "loss": 4.9419, "lr": 0.0029640447719894067, "gnorm": 0.407, "tok_per_s": 100834.5, "load": 2.06298828125}
{"event": "step", "step": 18100, "loss": 4.7555, "lr": 0.0029635350228270087, "gnorm": 0.383, "tok_per_s": 100804.4, "load": 2.0576171875}
{"event": "step", "step": 18200, "loss": 4.5848, "lr": 0.0029630217350749043, "gnorm": 0.638, "tok_per_s": 100832.1, "load": 2.203125}
{"event": "step", "step": 18300, "loss": 4.7878, "lr": 0.002962504910115862, "gnorm": 0.47, "tok_per_s": 100813.7, "load": 2.251953125}
{"event": "step", "step": 18400, "loss": 4.6839, "lr": 0.002961984549342179, "gnorm": 0.313, "tok_per_s": 100823.0, "load": 2.2314453125}
{"event": "step", "step": 18500, "loss": 4.8114, "lr": 0.0029614606541556784, "gnorm": 0.906, "tok_per_s": 100827.2, "load": 2.19580078125}
{"event": "step", "step": 18600, "loss": 4.6799, "lr": 0.0029609332259677044, "gnorm": 0.386, "tok_per_s": 100828.5, "load": 2.1650390625}
{"event": "step", "step": 18700, "loss": 4.7425, "lr": 0.0029604022661991183, "gnorm": 0.376, "tok_per_s": 100829.4, "load": 2.1513671875}
{"event": "step", "step": 18800, "loss": 4.7685, "lr": 0.002959867776280297, "gnorm": 0.477, "tok_per_s": 100817.3, "load": 2.35595703125}
{"event": "step", "step": 18900, "loss": 4.5854, "lr": 0.002959329757651126, "gnorm": 0.313, "tok_per_s": 100830.2, "load": 2.375}
{"event": "step", "step": 19000, "loss": 4.7929, "lr": 0.0029587882117609976, "gnorm": 0.344, "tok_per_s": 100836.4, "load": 2.42529296875}
{"event": "step", "step": 19100, "loss": 4.7304, "lr": 0.0029582431400688052, "gnorm": 0.568, "tok_per_s": 100851.7, "load": 2.43359375}
{"event": "step", "step": 19200, "loss": 4.8692, "lr": 0.002957694544042942, "gnorm": 0.436, "tok_per_s": 100845.1, "load": 2.47900390625}
{"event": "step", "step": 19300, "loss": 4.5604, "lr": 0.0029571424251612953, "gnorm": 0.499, "tok_per_s": 100852.2, "load": 2.47900390625}
{"event": "step", "step": 19400, "loss": 4.8422, "lr": 0.0029565867849112417, "gnorm": 0.489, "tok_per_s": 100843.9, "load": 2.47900390625}
{"event": "step", "step": 19500, "loss": 4.7688, "lr": 0.002956027624789645, "gnorm": 0.382, "tok_per_s": 100853.9, "load": 2.4404296875}
{"event": "step", "step": 19600, "loss": 4.8013, "lr": 0.002955464946302851, "gnorm": 0.353, "tok_per_s": 100836.1, "load": 2.3720703125}
{"event": "step", "step": 19700, "loss": 4.7991, "lr": 0.0029548987509666847, "gnorm": 0.592, "tok_per_s": 100824.4, "load": 2.31396484375}
{"event": "step", "step": 19800, "loss": 4.5017, "lr": 0.0029543290403064447, "gnorm": 0.461, "tok_per_s": 100852.7, "load": 2.28857421875}
{"event": "step", "step": 19900, "loss": 4.6879, "lr": 0.0029537558158568983, "gnorm": 0.979, "tok_per_s": 100836.9, "load": 2.24365234375}
{"event": "step", "step": 20000, "loss": 4.5729, "lr": 0.0029531790791622816, "gnorm": 0.599, "tok_per_s": 100836.4, "load": 2.2060546875}
eval 20000 {'bpb': 1.544264099218002, 'nats_per_token': 4.656142201904879, 'tokens': 16379, 'bytes': 71247}
{"event": "step", "step": 20100, "loss": 4.615, "lr": 0.0029525988317762896, "gnorm": 0.706, "tok_per_s": 63356.3, "load": 2.173828125}
{"event": "step", "step": 20200, "loss": 4.68, "lr": 0.0029520150752620766, "gnorm": 0.334, "tok_per_s": 100927.6, "load": 2.30712890625}
{"event": "step", "step": 20300, "loss": 4.8435, "lr": 0.002951427811192251, "gnorm": 0.423, "tok_per_s": 100913.2, "load": 2.2822265625}
{"event": "step", "step": 20400, "loss": 4.6884, "lr": 0.0029508370411488677, "gnorm": 0.88, "tok_per_s": 100896.6, "load": 2.23828125}
{"event": "step", "step": 20500, "loss": 4.8288, "lr": 0.0029502427667234287, "gnorm": 0.607, "tok_per_s": 100671.4, "load": 2.28173828125}
{"event": "step", "step": 20600, "loss": 4.7119, "lr": 0.0029496449895168764, "gnorm": 0.36, "tok_per_s": 100855.2, "load": 2.33935546875}
{"event": "step", "step": 20700, "loss": 4.6628, "lr": 0.0029490437111395883, "gnorm": 0.374, "tok_per_s": 100876.3, "load": 2.28662109375}
{"event": "step", "step": 20800, "loss": 4.7678, "lr": 0.0029484389332113756, "gnorm": 0.523, "tok_per_s": 100864.1, "load": 2.24169921875}
{"event": "step", "step": 20900, "loss": 4.9169, "lr": 0.0029478306573614754, "gnorm": 0.454, "tok_per_s": 100864.0, "load": 2.22216796875}
{"event": "step", "step": 21000, "loss": 4.8465, "lr": 0.002947218885228549, "gnorm": 0.533, "tok_per_s": 100845.3, "load": 2.26806640625}
{"event": "step", "step": 21100, "loss": 4.63, "lr": 0.002946603618460676, "gnorm": 0.37, "tok_per_s": 100836.3, "load": 2.2265625}
{"event": "step", "step": 21200, "loss": 4.7846, "lr": 0.0029459848587153506, "gnorm": 0.521, "tok_per_s": 100841.9, "load": 2.2080078125}
{"event": "step", "step": 21300, "loss": 4.7025, "lr": 0.002945362607659477, "gnorm": 0.478, "tok_per_s": 100842.8, "load": 2.17529296875}
{"event": "step", "step": 21400, "loss": 4.8106, "lr": 0.002944736866969365, "gnorm": 0.509, "tok_per_s": 100850.3, "load": 2.1611328125}
{"event": "step", "step": 21500, "loss": 4.9359, "lr": 0.0029441076383307243, "gnorm": 0.546, "tok_per_s": 100850.3, "load": 2.1357421875}
{"event": "step", "step": 21600, "loss": 4.9255, "lr": 0.0029434749234386617, "gnorm": 0.473, "tok_per_s": 100846.0, "load": 2.1142578125}
{"event": "step", "step": 21700, "loss": 4.6051, "lr": 0.0029428387239976766, "gnorm": 0.495, "tok_per_s": 100846.4, "load": 2.10498046875}
{"event": "step", "step": 21800, "loss": 4.7219, "lr": 0.002942199041721653, "gnorm": 0.48, "tok_per_s": 100834.2, "load": 2.08837890625}
{"event": "step", "step": 21900, "loss": 4.7381, "lr": 0.0029415558783338603, "gnorm": 0.396, "tok_per_s": 100844.0, "load": 2.22216796875}
{"event": "step", "step": 22000, "loss": 4.7576, "lr": 0.0029409092355669442, "gnorm": 0.588, "tok_per_s": 100809.5, "load": 2.2041015625}
{"event": "step", "step": 22100, "loss": 4.708, "lr": 0.002940259115162924, "gnorm": 0.418, "tok_per_s": 100838.6, "load": 2.17236328125}
{"event": "step", "step": 22200, "loss": 4.7845, "lr": 0.0029396055188731876, "gnorm": 0.623, "tok_per_s": 100833.2, "load": 2.1455078125}
{"event": "step", "step": 22300, "loss": 4.8437, "lr": 0.0029389484484584867, "gnorm": 0.466, "tok_per_s": 100839.8, "load": 2.1337890625}
{"event": "step", "step": 22400, "loss": 4.7914, "lr": 0.0029382879056889326, "gnorm": 0.363, "tok_per_s": 100831.3, "load": 2.11279296875}
{"event": "step", "step": 22500, "loss": 4.6145, "lr": 0.0029376238923439907, "gnorm": 0.472, "tok_per_s": 100816.2, "load": 2.103515625}
{"event": "step", "step": 22600, "loss": 4.8727, "lr": 0.0029369564102124748, "gnorm": 0.601, "tok_per_s": 100833.4, "load": 2.16162109375}
{"event": "step", "step": 22700, "loss": 4.8636, "lr": 0.0029362854610925446, "gnorm": 0.597, "tok_per_s": 100838.0, "load": 2.13623046875}
{"event": "step", "step": 22800, "loss": 4.7713, "lr": 0.0029356110467916997, "gnorm": 1.038, "tok_per_s": 100829.0, "load": 2.125}
{"event": "step", "step": 22900, "loss": 4.7481, "lr": 0.002934933169126774, "gnorm": 0.451, "tok_per_s": 100826.2, "load": 2.10546875}
{"event": "step", "step": 23000, "loss": 4.6324, "lr": 0.0029342518299239322, "gnorm": 0.597, "tok_per_s": 100826.9, "load": 2.0888671875}
{"event": "step", "step": 23100, "loss": 4.9216, "lr": 0.0029335670310186644, "gnorm": 0.78, "tok_per_s": 100828.3, "load": 2.08154296875}
{"event": "step", "step": 23200, "loss": 4.8935, "lr": 0.00293287877425578, "gnorm": 0.516, "tok_per_s": 100827.2, "load": 2.068359375}
{"event": "step", "step": 23300, "loss": 4.7386, "lr": 0.002932187061489404, "gnorm": 0.737, "tok_per_s": 100822.9, "load": 2.05712890625}
{"event": "step", "step": 23400, "loss": 4.5997, "lr": 0.0029314918945829715, "gnorm": 0.615, "tok_per_s": 100825.4, "load": 2.05224609375}
{"event": "step", "step": 23500, "loss": 4.7161, "lr": 0.002930793275409224, "gnorm": 0.728, "tok_per_s": 100830.2, "load": 2.0439453125}
{"event": "step", "step": 23600, "loss": 4.8469, "lr": 0.002930091205850202, "gnorm": 0.531, "tok_per_s": 100837.2, "load": 2.0400390625}
{"event": "step", "step": 23700, "loss": 4.7725, "lr": 0.0029293856877972415, "gnorm": 0.406, "tok_per_s": 100833.8, "load": 2.107421875}
{"event": "step", "step": 23800, "loss": 4.6646, "lr": 0.0029286767231509686, "gnorm": 0.478, "tok_per_s": 100831.6, "load": 2.09033203125}
{"event": "step", "step": 23900, "loss": 4.795, "lr": 0.002927964313821294, "gnorm": 0.516, "tok_per_s": 100814.1, "load": 2.0830078125}
{"event": "step", "step": 24000, "loss": 4.7479, "lr": 0.0029272484617274093, "gnorm": 0.397, "tok_per_s": 100830.3, "load": 2.06982421875}
{"event": "step", "step": 24100, "loss": 4.7176, "lr": 0.002926529168797779, "gnorm": 0.494, "tok_per_s": 100830.7, "load": 2.05859375}
{"event": "step", "step": 24200, "loss": 4.7346, "lr": 0.002925806436970138, "gnorm": 0.885, "tok_per_s": 100829.6, "load": 2.0537109375}
{"event": "step", "step": 24300, "loss": 4.6497, "lr": 0.0029250802681914864, "gnorm": 0.586, "tok_per_s": 100835.1, "load": 2.044921875}
{"event": "step", "step": 24400, "loss": 4.6074, "lr": 0.002924350664418081, "gnorm": 0.433, "tok_per_s": 100832.0, "load": 2.1181640625}
{"event": "step", "step": 24500, "loss": 4.6404, "lr": 0.0029236176276154343, "gnorm": 0.566, "tok_per_s": 100830.7, "load": 2.1083984375}
{"event": "step", "step": 24600, "loss": 4.8881, "lr": 0.0029228811597583055, "gnorm": 0.553, "tok_per_s": 100835.1, "load": 2.171875}
{"event": "step", "step": 24700, "loss": 4.8847, "lr": 0.0029221412628306982, "gnorm": 0.832, "tok_per_s": 100838.2, "load": 2.21875}
{"event": "step", "step": 24800, "loss": 4.6599, "lr": 0.0029213979388258535, "gnorm": 0.745, "tok_per_s": 100714.7, "load": 2.201171875}
{"event": "step", "step": 24900, "loss": 4.6558, "lr": 0.0029206511897462437, "gnorm": 0.912, "tok_per_s": 100828.7, "load": 2.244140625}
{"event": "step", "step": 25000, "loss": 4.7038, "lr": 0.0029199010176035696, "gnorm": 0.626, "tok_per_s": 100846.4, "load": 2.22412109375}
{"event": "step", "step": 25100, "loss": 4.8039, "lr": 0.002919147424418753, "gnorm": 0.459, "tok_per_s": 64134.3, "load": 2.25439453125}
{"event": "step", "step": 25200, "loss": 4.7413, "lr": 0.002918390412221932, "gnorm": 0.66, "tok_per_s": 100951.8, "load": 2.21484375}
{"event": "step", "step": 25300, "loss": 4.5276, "lr": 0.002917629983052454, "gnorm": 0.565, "tok_per_s": 100933.8, "load": 2.197265625}
{"event": "step", "step": 25400, "loss": 4.6923, "lr": 0.0029168661389588732, "gnorm": 0.444, "tok_per_s": 100892.3, "load": 2.16650390625}
{"event": "step", "step": 25500, "loss": 4.8021, "lr": 0.0029160988819989424, "gnorm": 0.545, "tok_per_s": 100902.2, "load": 2.21435546875}
{"event": "step", "step": 25600, "loss": 4.7419, "lr": 0.0029153282142396096, "gnorm": 0.567, "tok_per_s": 100898.1, "load": 2.19677734375}
{"event": "step", "step": 25700, "loss": 4.5988, "lr": 0.0029145541377570095, "gnorm": 0.546, "tok_per_s": 100886.9, "load": 2.166015625}
{"event": "step", "step": 25800, "loss": 4.5614, "lr": 0.0029137766546364617, "gnorm": 0.376, "tok_per_s": 100875.2, "load": 2.15234375}
{"event": "step", "step": 25900, "loss": 4.6727, "lr": 0.002912995766972461, "gnorm": 0.557, "tok_per_s": 100877.9, "load": 2.12890625}
{"event": "step", "step": 26000, "loss": 4.6719, "lr": 0.002912211476868676, "gnorm": 0.435, "tok_per_s": 100831.0, "load": 2.1083984375}
{"event": "step", "step": 26100, "loss": 4.8011, "lr": 0.0029114237864379406, "gnorm": 0.595, "tok_per_s": 100859.6, "load": 2.099609375}
{"event": "step", "step": 26200, "loss": 4.8077, "lr": 0.002910632697802247, "gnorm": 0.534, "tok_per_s": 100851.0, "load": 2.083984375}
{"event": "step", "step": 26300, "loss": 4.5886, "lr": 0.002909838213092745, "gnorm": 0.432, "tok_per_s": 100852.0, "load": 2.14501953125}
{"event": "step", "step": 26400, "loss": 4.7014, "lr": 0.0029090403344497317, "gnorm": 0.57, "tok_per_s": 100843.1, "load": 2.13330078125}
{"event": "step", "step": 26500, "loss": 4.619, "lr": 0.002908239064022647, "gnorm": 0.488, "tok_per_s": 100825.1, "load": 2.1123046875}
{"event": "step", "step": 26600, "loss": 4.5844, "lr": 0.0029074344039700683, "gnorm": 0.843, "tok_per_s": 100839.7, "load": 2.0947265625}
{"event": "step", "step": 26700, "loss": 4.8576, "lr": 0.002906626356459706, "gnorm": 0.565, "tok_per_s": 100835.3, "load": 2.0869140625}
{"event": "step", "step": 26800, "loss": 4.6965, "lr": 0.0029058149236683936, "gnorm": 0.412, "tok_per_s": 100839.7, "load": 2.07275390625}
{"event": "step", "step": 26900, "loss": 4.5974, "lr": 0.002905000107782086, "gnorm": 0.465, "tok_per_s": 100830.8, "load": 2.1474609375}
{"event": "step", "step": 27000, "loss": 4.5961, "lr": 0.002904181910995851, "gnorm": 0.389, "tok_per_s": 100837.7, "load": 2.27880859375}
{"event": "step", "step": 27100, "loss": 4.7666, "lr": 0.0029033603355138647, "gnorm": 0.638, "tok_per_s": 100817.5, "load": 2.47021484375}
{"event": "step", "step": 27200, "loss": 4.6632, "lr": 0.0029025353835494066, "gnorm": 0.566, "tok_per_s": 100826.4, "load": 2.6728515625}
{"event": "step", "step": 27300, "loss": 4.7731, "lr": 0.00290170705732485, "gnorm": 0.892, "tok_per_s": 100844.8, "load": 2.6494140625}
{"event": "step", "step": 27400, "loss": 4.5759, "lr": 0.00290087535907166, "gnorm": 0.524, "tok_per_s": 100836.8, "load": 2.54931640625}
{"event": "step", "step": 27500, "loss": 4.7418, "lr": 0.0029000402910303842, "gnorm": 0.422, "tok_per_s": 100831.8, "load": 2.5048828125}
{"event": "step", "step": 27600, "loss": 4.8671, "lr": 0.00289920185545065, "gnorm": 0.43, "tok_per_s": 100833.1, "load": 2.4267578125}
{"event": "step", "step": 27700, "loss": 4.6069, "lr": 0.0028983600545911554, "gnorm": 0.448, "tok_per_s": 100772.2, "load": 2.43505859375}
{"event": "step", "step": 27800, "loss": 4.6576, "lr": 0.0028975148907196646, "gnorm": 0.44, "tok_per_s": 100826.3, "load": 2.39990234375}
{"event": "step", "step": 27900, "loss": 4.7861, "lr": 0.002896666366113002, "gnorm": 0.556, "tok_per_s": 100819.0, "load": 2.337890625}
{"event": "step", "step": 28000, "loss": 4.7297, "lr": 0.0028958144830570453, "gnorm": 0.481, "tok_per_s": 100833.8, "load": 2.310546875}
{"event": "step", "step": 28100, "loss": 4.6565, "lr": 0.002894959243846719, "gnorm": 0.541, "tok_per_s": 100818.8, "load": 2.2626953125}
{"event": "step", "step": 28200, "loss": 4.6733, "lr": 0.0028941006507859903, "gnorm": 0.748, "tok_per_s": 100843.4, "load": 2.2216796875}
{"event": "step", "step": 28300, "loss": 4.8167, "lr": 0.002893238706187861, "gnorm": 0.639, "tok_per_s": 100824.8, "load": 2.20361328125}
{"event": "step", "step": 28400, "loss": 4.7131, "lr": 0.002892373412374361, "gnorm": 0.544, "tok_per_s": 100824.8, "load": 2.171875}
{"event": "step", "step": 28500, "loss": 4.7497, "lr": 0.0028915047716765434, "gnorm": 0.456, "tok_per_s": 100829.3, "load": 2.8662109375}
{"event": "step", "step": 28600, "loss": 4.5777, "lr": 0.002890632786434477, "gnorm": 0.509, "tok_per_s": 100835.6, "load": 2.79638671875}
{"event": "step", "step": 28700, "loss": 4.726, "lr": 0.0028897574589972423, "gnorm": 0.43, "tok_per_s": 100835.1, "load": 2.67333984375}
{"event": "step", "step": 28800, "loss": 4.8859, "lr": 0.0028888787917229217, "gnorm": 0.469, "tok_per_s": 100833.5, "load": 2.5693359375}
{"event": "step", "step": 28900, "loss": 4.8149, "lr": 0.002887996786978596, "gnorm": 0.474, "tok_per_s": 100804.7, "load": 2.5234375}
{"event": "step", "step": 29000, "loss": 4.7286, "lr": 0.0028871114471403355, "gnorm": 0.498, "tok_per_s": 100845.9, "load": 2.44287109375}
{"event": "step", "step": 29100, "loss": 4.7636, "lr": 0.002886222774593197, "gnorm": 0.517, "tok_per_s": 100825.3, "load": 2.4072265625}
{"event": "step", "step": 29200, "loss": 4.8881, "lr": 0.0028853307717312147, "gnorm": 1.162, "tok_per_s": 100823.2, "load": 2.34423828125}
{"event": "step", "step": 29300, "loss": 4.8151, "lr": 0.002884435440957393, "gnorm": 0.412, "tok_per_s": 100830.8, "load": 2.291015625}
{"event": "step", "step": 29400, "loss": 4.6901, "lr": 0.002883536784683704, "gnorm": 0.535, "tok_per_s": 100832.5, "load": 2.267578125}
{"event": "step", "step": 29500, "loss": 4.7407, "lr": 0.0028826348053310777, "gnorm": 0.6, "tok_per_s": 100823.4, "load": 2.22607421875}
{"event": "step", "step": 29600, "loss": 4.652, "lr": 0.0028817295053293946, "gnorm": 0.504, "tok_per_s": 100821.9, "load": 2.1904296875}
{"event": "step", "step": 29700, "loss": 4.9112, "lr": 0.002880820887117483, "gnorm": 0.448, "tok_per_s": 100834.8, "load": 2.1748046875}
{"event": "step", "step": 29800, "loss": 4.8007, "lr": 0.0028799089531431087, "gnorm": 0.757, "tok_per_s": 100821.7, "load": 2.1474609375}
{"event": "step", "step": 29900, "loss": 4.6611, "lr": 0.0028789937058629716, "gnorm": 0.754, "tok_per_s": 100826.9, "load": 2.1240234375}
{"event": "step", "step": 30000, "loss": 4.6349, "lr": 0.0028780751477426956, "gnorm": 0.479, "tok_per_s": 100823.2, "load": 2.1943359375}
{"event": "step", "step": 30100, "loss": 4.6944, "lr": 0.002877153281256826, "gnorm": 0.791, "tok_per_s": 64235.0, "load": 2.2314453125}
{"event": "step", "step": 30200, "loss": 4.6228, "lr": 0.0028762281088888183, "gnorm": 0.679, "tok_per_s": 100922.2, "load": 2.212890625}
{"event": "step", "step": 30300, "loss": 4.6508, "lr": 0.0028752996331310354, "gnorm": 0.67, "tok_per_s": 100925.9, "load": 2.1796875}
{"event": "step", "step": 30400, "loss": 4.7341, "lr": 0.002874367856484739, "gnorm": 0.438, "tok_per_s": 100898.0, "load": 2.1513671875}
{"event": "step", "step": 30500, "loss": 4.7155, "lr": 0.0028734327814600833, "gnorm": 0.885, "tok_per_s": 100894.4, "load": 2.13916015625}
{"event": "step", "step": 30600, "loss": 4.539, "lr": 0.0028724944105761076, "gnorm": 0.591, "tok_per_s": 100868.0, "load": 2.11767578125}
{"event": "step", "step": 30700, "loss": 4.6867, "lr": 0.002871552746360731, "gnorm": 0.453, "tok_per_s": 100859.3, "load": 2.09912109375}
{"event": "step", "step": 30800, "loss": 4.5796, "lr": 0.002870607791350743, "gnorm": 0.449, "tok_per_s": 100832.7, "load": 2.0908203125}
{"event": "step", "step": 30900, "loss": 4.7461, "lr": 0.0028696595480918008, "gnorm": 0.684, "tok_per_s": 100818.5, "load": 2.07666015625}
{"event": "step", "step": 31000, "loss": 4.7376, "lr": 0.002868708019138418, "gnorm": 0.743, "tok_per_s": 100827.2, "load": 2.0703125}
{"event": "step", "step": 31100, "loss": 4.8465, "lr": 0.0028677532070539597, "gnorm": 0.486, "tok_per_s": 100822.0, "load": 2.05908203125}
{"event": "step", "step": 31200, "loss": 4.6763, "lr": 0.002866795114410637, "gnorm": 0.768, "tok_per_s": 100820.0, "load": 2.197265625}
{"event": "step", "step": 31300, "loss": 4.7037, "lr": 0.002865833743789497, "gnorm": 0.463, "tok_per_s": 100828.6, "load": 2.18115234375}
{"event": "step", "step": 31400, "loss": 4.6186, "lr": 0.002864869097780419, "gnorm": 0.633, "tok_per_s": 100813.6, "load": 2.2333984375}
{"event": "step", "step": 31500, "loss": 4.7204, "lr": 0.0028639011789821046, "gnorm": 0.449, "tok_per_s": 100766.8, "load": 2.58544921875}
{"event": "step", "step": 31600, "loss": 4.6067, "lr": 0.002862929990002073, "gnorm": 0.492, "tok_per_s": 100770.1, "load": 2.5380859375}
{"event": "step", "step": 31700, "loss": 4.6412, "lr": 0.002861955533456653, "gnorm": 0.513, "tok_per_s": 100764.7, "load": 2.45458984375}
{"event": "step", "step": 31800, "loss": 4.6676, "lr": 0.002860977811970976, "gnorm": 0.427, "tok_per_s": 100756.1, "load": 2.38427734375}
{"event": "step", "step": 31900, "loss": 4.8128, "lr": 0.0028599968281789686, "gnorm": 0.796, "tok_per_s": 100823.1, "load": 2.35302734375}
{"event": "step", "step": 32000, "loss": 4.7136, "lr": 0.002859012584723346, "gnorm": 0.7, "tok_per_s": 100804.0, "load": 2.29833984375}
{"event": "step", "step": 32100, "loss": 4.7113, "lr": 0.0028580250842556057, "gnorm": 0.454, "tok_per_s": 100808.5, "load": 2.251953125}
{"event": "step", "step": 32200, "loss": 4.6635, "lr": 0.0028570343294360176, "gnorm": 0.462, "tok_per_s": 100827.1, "load": 2.2314453125}
{"event": "step", "step": 32300, "loss": 4.7076, "lr": 0.00285604032293362, "gnorm": 0.534, "tok_per_s": 100818.8, "load": 2.19580078125}
{"event": "step", "step": 32400, "loss": 4.693, "lr": 0.0028550430674262107, "gnorm": 0.416, "tok_per_s": 100825.5, "load": 2.1796875}
{"event": "step", "step": 32500, "loss": 4.7932, "lr": 0.0028540425656003398, "gnorm": 0.606, "tok_per_s": 100821.1, "load": 2.1513671875}
{"event": "step", "step": 32600, "loss": 4.483, "lr": 0.002853038820151304, "gnorm": 0.524, "tok_per_s": 100809.1, "load": 2.1279296875}
{"event": "step", "step": 32700, "loss": 4.7811, "lr": 0.002852031833783137, "gnorm": 0.522, "tok_per_s": 100766.8, "load": 2.2783203125}
{"event": "step", "step": 32800, "loss": 4.7661, "lr": 0.002851021609208603, "gnorm": 0.484, "tok_per_s": 100835.7, "load": 2.30908203125}
{"event": "step", "step": 32900, "loss": 4.6599, "lr": 0.00285000814914919, "gnorm": 1.085, "tok_per_s": 100817.6, "load": 2.26123046875}
{"event": "step", "step": 33000, "loss": 4.6995, "lr": 0.0028489914563351046, "gnorm": 0.422, "tok_per_s": 100817.4, "load": 2.240234375}
{"event": "step", "step": 33100, "loss": 4.7753, "lr": 0.0028479715335052586, "gnorm": 0.422, "tok_per_s": 100807.5, "load": 2.283203125}
{"event": "step", "step": 33200, "loss": 4.895, "lr": 0.002846948383407267, "gnorm": 0.521, "tok_per_s": 100808.8, "load": 2.2392578125}
{"event": "step", "step": 33300, "loss": 4.6126, "lr": 0.0028459220087974388, "gnorm": 0.458, "tok_per_s": 100805.0, "load": 2.30029296875}
{"event": "step", "step": 33400, "loss": 4.7495, "lr": 0.0028448924124407702, "gnorm": 0.863, "tok_per_s": 100806.3, "load": 2.333984375}
{"event": "step", "step": 33500, "loss": 4.5768, "lr": 0.0028438595971109356, "gnorm": 0.749, "tok_per_s": 100809.5, "load": 2.3876953125}
{"event": "step", "step": 33600, "loss": 4.7872, "lr": 0.002842823565590282, "gnorm": 1.136, "tok_per_s": 100825.7, "load": 2.32763671875}
{"event": "step", "step": 33700, "loss": 4.7684, "lr": 0.00284178432066982, "gnorm": 1.474, "tok_per_s": 100787.4, "load": 2.357421875}
{"event": "step", "step": 33800, "loss": 4.548, "lr": 0.0028407418651492174, "gnorm": 0.564, "tok_per_s": 100816.7, "load": 2.32861328125}
{"event": "step", "step": 33900, "loss": 4.6268, "lr": 0.00283969620183679, "gnorm": 0.438, "tok_per_s": 100814.0, "load": 2.35205078125}
{"event": "step", "step": 34000, "loss": 4.4532, "lr": 0.002838647333549497, "gnorm": 0.595, "tok_per_s": 100823.8, "load": 2.29736328125}
{"event": "step", "step": 34100, "loss": 4.7247, "lr": 0.002837595263112931, "gnorm": 1.151, "tok_per_s": 100831.8, "load": 2.2734375}
{"event": "step", "step": 34200, "loss": 4.7604, "lr": 0.0028365399933613098, "gnorm": 0.595, "tok_per_s": 100827.9, "load": 2.23095703125}
{"event": "step", "step": 34300, "loss": 4.6501, "lr": 0.0028354815271374716, "gnorm": 0.9, "tok_per_s": 100823.2, "load": 2.1953125}
{"event": "step", "step": 34400, "loss": 4.7108, "lr": 0.002834419867292865, "gnorm": 0.413, "tok_per_s": 100823.0, "load": 2.17919921875}
{"event": "step", "step": 34500, "loss": 4.6552, "lr": 0.002833355016687542, "gnorm": 0.692, "tok_per_s": 100835.8, "load": 2.1513671875}
{"event": "step", "step": 34600, "loss": 4.628, "lr": 0.0028322869781901507, "gnorm": 0.532, "tok_per_s": 100830.9, "load": 2.2197265625}
{"event": "step", "step": 34700, "loss": 4.7911, "lr": 0.0028312157546779263, "gnorm": 0.67, "tok_per_s": 100798.8, "load": 2.265625}
{"event": "step", "step": 34800, "loss": 4.6546, "lr": 0.002830141349036686, "gnorm": 0.77, "tok_per_s": 100820.7, "load": 2.22412109375}
{"event": "step", "step": 34900, "loss": 4.8449, "lr": 0.002829063764160817, "gnorm": 0.969, "tok_per_s": 100811.5, "load": 2.2060546875}
{"event": "step", "step": 35000, "loss": 4.6728, "lr": 0.002827983002953273, "gnorm": 0.599, "tok_per_s": 100815.2, "load": 2.173828125}
{"event": "step", "step": 35100, "loss": 4.8235, "lr": 0.0028268990683255647, "gnorm": 0.647, "tok_per_s": 64136.1, "load": 2.13427734375}
{"event": "step", "step": 35200, "loss": 4.6197, "lr": 0.002825811963197751, "gnorm": 0.637, "tok_per_s": 100924.1, "load": 2.123046875}
{"event": "step", "step": 35300, "loss": 4.6768, "lr": 0.0028247216904984315, "gnorm": 0.523, "tok_per_s": 100902.4, "load": 2.103515625}
{"event": "step", "step": 35400, "loss": 4.69, "lr": 0.0028236282531647404, "gnorm": 0.532, "tok_per_s": 100894.9, "load": 2.09521484375}
{"event": "step", "step": 35500, "loss": 4.5385, "lr": 0.0028225316541423363, "gnorm": 0.447, "tok_per_s": 100874.5, "load": 2.080078125}
{"event": "step", "step": 35600, "loss": 4.6525, "lr": 0.0028214318963853953, "gnorm": 1.117, "tok_per_s": 100890.1, "load": 2.06689453125}
{"event": "step", "step": 35700, "loss": 4.866, "lr": 0.002820328982856604, "gnorm": 0.688, "tok_per_s": 100869.6, "load": 2.0615234375}
{"event": "step", "step": 35800, "loss": 4.8298, "lr": 0.0028192229165271486, "gnorm": 0.409, "tok_per_s": 100855.8, "load": 2.05126953125}
{"event": "step", "step": 35900, "loss": 4.68, "lr": 0.00281811370037671, "gnorm": 0.703, "tok_per_s": 100839.4, "load": 2.04296875}
{"event": "step", "step": 36000, "loss": 4.6464, "lr": 0.0028170013373934547, "gnorm": 0.578, "tok_per_s": 100820.9, "load": 2.0390625}
{"event": "step", "step": 36100, "loss": 4.6671, "lr": 0.002815885830574026, "gnorm": 0.616, "tok_per_s": 100811.7, "load": 2.03271484375}
{"event": "step", "step": 36200, "loss": 4.7688, "lr": 0.0028147671829235367, "gnorm": 0.529, "tok_per_s": 100818.1, "load": 2.02734375}
{"event": "step", "step": 36300, "loss": 4.7072, "lr": 0.002813645397455561, "gnorm": 0.78, "tok_per_s": 100821.2, "load": 2.02490234375}
{"event": "step", "step": 36400, "loss": 4.7911, "lr": 0.0028125204771921254, "gnorm": 0.547, "tok_per_s": 100807.6, "load": 2.10107421875}
{"event": "step", "step": 36500, "loss": 4.7861, "lr": 0.002811392425163703, "gnorm": 0.667, "tok_per_s": 100818.8, "load": 2.0927734375}
{"event": "step", "step": 36600, "loss": 4.7247, "lr": 0.002810261244409202, "gnorm": 0.433, "tok_per_s": 100810.4, "load": 2.078125}
{"event": "step", "step": 36700, "loss": 4.6508, "lr": 0.002809126937975961, "gnorm": 0.461, "tok_per_s": 100812.0, "load": 2.06591796875}
{"event": "step", "step": 36800, "loss": 4.613, "lr": 0.0028079895089197365, "gnorm": 0.481, "tok_per_s": 100817.9, "load": 2.060546875}
{"event": "step", "step": 36900, "loss": 4.6129, "lr": 0.0028068489603046993, "gnorm": 0.524, "tok_per_s": 100807.9, "load": 2.05078125}
{"event": "step", "step": 37000, "loss": 4.6098, "lr": 0.0028057052952034233, "gnorm": 1.673, "tok_per_s": 100825.6, "load": 2.11669921875}
{"event": "step", "step": 37100, "loss": 4.6581, "lr": 0.002804558516696878, "gnorm": 0.402, "tok_per_s": 100810.1, "load": 2.10693359375}
{"event": "step", "step": 37200, "loss": 4.7116, "lr": 0.002803408627874421, "gnorm": 0.825, "tok_per_s": 100808.8, "load": 2.08984375}
{"event": "step", "step": 37300, "loss": 4.7823, "lr": 0.002802255631833788, "gnorm": 0.552, "tok_per_s": 100801.1, "load": 2.07568359375}
{"event": "step", "step": 37400, "loss": 4.9728, "lr": 0.0028010995316810855, "gnorm": 1.523, "tok_per_s": 100809.6, "load": 2.0693359375}
{"event": "step", "step": 37500, "loss": 4.5209, "lr": 0.0027999403305307828, "gnorm": 0.456, "tok_per_s": 100796.2, "load": 2.05810546875}
{"event": "step", "step": 37600, "loss": 4.7373, "lr": 0.0027987780315057026, "gnorm": 0.611, "tok_per_s": 100821.1, "load": 2.12939453125}
{"event": "step", "step": 37700, "loss": 4.7903, "lr": 0.002797612637737013, "gnorm": 0.475, "tok_per_s": 100806.3, "load": 2.11865234375}
{"event": "step", "step": 37800, "loss": 4.9159, "lr": 0.00279644415236422, "gnorm": 0.436, "tok_per_s": 100804.5, "load": 2.10009765625}
{"event": "step", "step": 37900, "loss": 4.6127, "lr": 0.0027952725785351574, "gnorm": 0.631, "tok_per_s": 100784.4, "load": 2.091796875}
{"event": "step", "step": 38000, "loss": 4.8705, "lr": 0.00279409791940598, "gnorm": 1.063, "tok_per_s": 100801.3, "load": 2.0771484375}
{"event": "step", "step": 38100, "loss": 4.5297, "lr": 0.002792920178141153, "gnorm": 0.945, "tok_per_s": 100811.3, "load": 2.13916015625}
{"event": "step", "step": 38200, "loss": 4.7628, "lr": 0.002791739357913445, "gnorm": 0.863, "tok_per_s": 100801.2, "load": 2.20849609375}
{"event": "step", "step": 38300, "loss": 4.5969, "lr": 0.00279055546190392, "gnorm": 0.831, "tok_per_s": 100802.7, "load": 2.17578125}
{"event": "step", "step": 38400, "loss": 4.7293, "lr": 0.002789368493301928, "gnorm": 0.578, "tok_per_s": 100813.9, "load": 2.22900390625}
{"event": "step", "step": 38500, "loss": 4.8117, "lr": 0.002788178455305095, "gnorm": 0.631, "tok_per_s": 100804.7, "load": 2.21044921875}
{"event": "step", "step": 38600, "loss": 4.685, "lr": 0.002786985351119317, "gnorm": 1.912, "tok_per_s": 100811.8, "load": 2.251953125}
{"event": "step", "step": 38700, "loss": 4.8156, "lr": 0.002785789183958749, "gnorm": 1.081, "tok_per_s": 100806.4, "load": 2.212890625}
{"event": "step", "step": 38800, "loss": 4.7318, "lr": 0.0027845899570458, "gnorm": 0.669, "tok_per_s": 100818.4, "load": 2.19580078125}
{"event": "step", "step": 38900, "loss": 4.7303, "lr": 0.0027833876736111187, "gnorm": 0.902, "tok_per_s": 100808.0, "load": 2.1650390625}
{"event": "step", "step": 39000, "loss": 4.6794, "lr": 0.0027821823368935896, "gnorm": 0.835, "tok_per_s": 100806.1, "load": 2.1513671875}
{"event": "step", "step": 39100, "loss": 4.5731, "lr": 0.0027809739501403227, "gnorm": 0.889, "tok_per_s": 100805.5, "load": 2.1279296875}
{"event": "step", "step": 39200, "loss": 4.6832, "lr": 0.002779762516606643, "gnorm": 0.615, "tok_per_s": 100806.8, "load": 2.1884765625}
{"event": "step", "step": 39300, "loss": 4.685, "lr": 0.0027785480395560854, "gnorm": 0.671, "tok_per_s": 100775.5, "load": 2.17333984375}
{"event": "step", "step": 39400, "loss": 4.6585, "lr": 0.0027773305222603835, "gnorm": 0.93, "tok_per_s": 100818.4, "load": 2.14599609375}
{"event": "step", "step": 39500, "loss": 4.5929, "lr": 0.0027761099679994594, "gnorm": 1.2, "tok_per_s": 100805.8, "load": 2.123046875}
{"event": "step", "step": 39600, "loss": 4.6696, "lr": 0.0027748863800614184, "gnorm": 0.634, "tok_per_s": 100798.8, "load": 2.11279296875}
{"event": "step", "step": 39700, "loss": 4.8289, "lr": 0.0027736597617425375, "gnorm": 0.456, "tok_per_s": 100812.7, "load": 2.17578125}
{"event": "step", "step": 39800, "loss": 4.4396, "lr": 0.0027724301163472584, "gnorm": 0.479, "tok_per_s": 100803.7, "load": 2.1484375}
{"event": "step", "step": 39900, "loss": 4.7014, "lr": 0.002771197447188177, "gnorm": 0.805, "tok_per_s": 100805.2, "load": 2.13623046875}
{"event": "step", "step": 40000, "loss": 4.6915, "lr": 0.0027699617575860334, "gnorm": 0.514, "tok_per_s": 100806.7, "load": 2.1953125}
eval 40000 {'bpb': 1.5290866879955463, 'nats_per_token': 4.610380479577508, 'tokens': 16379, 'bytes': 71247}
{"event": "step", "step": 40100, "loss": 4.6137, "lr": 0.002768723050869708, "gnorm": 0.563, "tok_per_s": 62768.3, "load": 2.16455078125}
{"event": "step", "step": 40200, "loss": 4.6648, "lr": 0.0027674813303762056, "gnorm": 0.856, "tok_per_s": 100909.9, "load": 5.09619140625}
{"event": "step", "step": 40300, "loss": 4.521, "lr": 0.002766236599450653, "gnorm": 0.66, "tok_per_s": 100901.4, "load": 4.92724609375}
{"event": "step", "step": 40400, "loss": 4.9235, "lr": 0.002764988861446284, "gnorm": 0.67, "tok_per_s": 100890.4, "load": 4.7724609375}
{"event": "step", "step": 40500, "loss": 4.719, "lr": 0.0027637381197244356, "gnorm": 0.651, "tok_per_s": 100880.2, "load": 4.345703125}
{"event": "step", "step": 40600, "loss": 4.8762, "lr": 0.0027624843776545365, "gnorm": 1.308, "tok_per_s": 100877.3, "load": 3.98486328125}
{"event": "step", "step": 40700, "loss": 4.6017, "lr": 0.0027612276386140963, "gnorm": 0.466, "tok_per_s": 100869.1, "load": 3.82568359375}
{"event": "step", "step": 40800, "loss": 4.5612, "lr": 0.002759967905988701, "gnorm": 0.525, "tok_per_s": 100858.0, "load": 3.54443359375}
{"event": "step", "step": 40900, "loss": 4.6698, "lr": 0.002758705183171998, "gnorm": 0.96, "tok_per_s": 100848.9, "load": 3.306640625}
{"event": "step", "step": 41000, "loss": 4.7574, "lr": 0.002757439473565693, "gnorm": 0.457, "tok_per_s": 100807.6, "load": 3.20166015625}
{"event": "step", "step": 41100, "loss": 4.6861, "lr": 0.002756170780579537, "gnorm": 0.598, "tok_per_s": 100815.4, "load": 3.01611328125}
{"event": "step", "step": 41200, "loss": 4.5006, "lr": 0.0027548991076313165, "gnorm": 0.491, "tok_per_s": 100804.8, "load": 2.9345703125}
{"event": "step", "step": 41300, "loss": 4.6705, "lr": 0.0027536244581468474, "gnorm": 0.5, "tok_per_s": 100810.3, "load": 2.79052734375}
{"event": "step", "step": 41400, "loss": 4.6489, "lr": 0.0027523468355599647, "gnorm": 0.528, "tok_per_s": 100803.7, "load": 2.66845703125}
{"event": "step", "step": 41500, "loss": 4.6956, "lr": 0.0027510662433125116, "gnorm": 0.555, "tok_per_s": 100809.4, "load": 2.61474609375}
{"event": "step", "step": 41600, "loss": 4.5472, "lr": 0.0027497826848543313, "gnorm": 0.779, "tok_per_s": 100791.3, "load": 2.52001953125}
{"event": "step", "step": 41700, "loss": 4.7131, "lr": 0.002748496163643259, "gnorm": 0.642, "tok_per_s": 100803.6, "load": 2.439453125}
{"event": "step", "step": 41800, "loss": 4.541, "lr": 0.002747206683145111, "gnorm": 0.481, "tok_per_s": 100805.3, "load": 2.40380859375}
{"event": "step", "step": 41900, "loss": 4.5985, "lr": 0.002745914246833675, "gnorm": 0.589, "tok_per_s": 100809.7, "load": 2.34130859375}
{"event": "step", "step": 42000, "loss": 4.7793, "lr": 0.0027446188581907015, "gnorm": 0.423, "tok_per_s": 100795.5, "load": 2.28857421875}
{"event": "step", "step": 42100, "loss": 4.5968, "lr": 0.002743320520705896, "gnorm": 0.563, "tok_per_s": 100801.4, "load": 2.26513671875}
{"event": "step", "step": 42200, "loss": 4.4945, "lr": 0.0027420192378769053, "gnorm": 0.714, "tok_per_s": 100816.0, "load": 2.22412109375}
{"event": "step", "step": 42300, "loss": 4.5849, "lr": 0.002740715013209314, "gnorm": 0.761, "tok_per_s": 100812.0, "load": 2.2060546875}
{"event": "step", "step": 42400, "loss": 4.7569, "lr": 0.0027394078502166294, "gnorm": 0.437, "tok_per_s": 100810.9, "load": 2.173828125}
{"event": "step", "step": 42500, "loss": 4.7402, "lr": 0.002738097752420276, "gnorm": 0.569, "tok_per_s": 100800.1, "load": 2.146484375}
{"event": "step", "step": 42600, "loss": 4.8143, "lr": 0.0027367847233495824, "gnorm": 0.492, "tok_per_s": 100789.8, "load": 2.13427734375}
{"event": "step", "step": 42700, "loss": 4.8485, "lr": 0.0027354687665417762, "gnorm": 0.939, "tok_per_s": 100799.3, "load": 2.193359375}
{"event": "step", "step": 42800, "loss": 4.6003, "lr": 0.002734149885541972, "gnorm": 0.962, "tok_per_s": 100800.5, "load": 2.1630859375}
{"event": "step", "step": 42900, "loss": 4.5917, "lr": 0.0027328280839031597, "gnorm": 0.818, "tok_per_s": 100826.3, "load": 2.14990234375}
{"event": "step", "step": 43000, "loss": 4.7348, "lr": 0.0027315033651862, "gnorm": 0.754, "tok_per_s": 100816.7, "load": 2.20068359375}
{"event": "step", "step": 43100, "loss": 4.6941, "lr": 0.0027301757329598105, "gnorm": 0.454, "tok_per_s": 100808.6, "load": 2.16943359375}
{"event": "step", "step": 43200, "loss": 4.6009, "lr": 0.002728845190800558, "gnorm": 0.885, "tok_per_s": 100806.8, "load": 2.15576171875}
{"event": "step", "step": 43300, "loss": 4.5753, "lr": 0.002727511742292848, "gnorm": 0.817, "tok_per_s": 100798.7, "load": 2.13134765625}
{"event": "step", "step": 43400, "loss": 4.5684, "lr": 0.002726175391028917, "gnorm": 0.523, "tok_per_s": 100808.4, "load": 2.12060546875}
{"event": "step", "step": 43500, "loss": 4.6621, "lr": 0.0027248361406088193, "gnorm": 0.598, "tok_per_s": 100804.8, "load": 2.24951171875}
{"event": "step", "step": 43600, "loss": 4.7455, "lr": 0.0027234939946404212, "gnorm": 0.542, "tok_per_s": 100805.3, "load": 2.2109375}
{"event": "step", "step": 43700, "loss": 4.5134, "lr": 0.0027221489567393884, "gnorm": 0.471, "tok_per_s": 100808.8, "load": 2.19384765625}
{"event": "step", "step": 43800, "loss": 4.625, "lr": 0.002720801030529178, "gnorm": 0.657, "tok_per_s": 100407.0, "load": 2.16357421875}
{"event": "step", "step": 43900, "loss": 4.5953, "lr": 0.0027194502196410267, "gnorm": 0.568, "tok_per_s": 100834.4, "load": 1.984375}
{"event": "step", "step": 44000, "loss": 4.642, "lr": 0.0027180965277139443, "gnorm": 0.862, "tok_per_s": 100833.2, "load": 1.9052734375}
{"event": "step", "step": 44100, "loss": 4.6676, "lr": 0.0027167399583947005, "gnorm": 0.502, "tok_per_s": 100839.8, "load": 1.765625}
{"event": "step", "step": 44200, "loss": 4.6985, "lr": 0.0027153805153378166, "gnorm": 0.473, "tok_per_s": 100856.0, "load": 1.6474609375}
{"event": "step", "step": 44300, "loss": 4.671, "lr": 0.002714018202205557, "gnorm": 0.963, "tok_per_s": 100837.7, "load": 1.59521484375}
{"event": "step", "step": 44400, "loss": 4.5745, "lr": 0.0027126530226679164, "gnorm": 0.615, "tok_per_s": 100838.9, "load": 1.50341796875}
{"event": "step", "step": 44500, "loss": 4.6284, "lr": 0.002711284980402611, "gnorm": 0.592, "tok_per_s": 100835.9, "load": 1.54345703125}
{"event": "step", "step": 44600, "loss": 4.665, "lr": 0.0027099140790950715, "gnorm": 0.482, "tok_per_s": 100831.6, "load": 1.45947265625}
{"event": "step", "step": 44700, "loss": 4.6535, "lr": 0.0027085403224384286, "gnorm": 0.454, "tok_per_s": 100837.1, "load": 1.38818359375}
{"event": "step", "step": 44800, "loss": 4.7694, "lr": 0.0027071637141335048, "gnorm": 0.811, "tok_per_s": 100810.6, "load": 1.35693359375}
{"event": "step", "step": 44900, "loss": 4.4278, "lr": 0.002705784257888807, "gnorm": 0.633, "tok_per_s": 100796.2, "load": 2.64111328125}
{"event": "step", "step": 45000, "loss": 4.5855, "lr": 0.002704401957420512, "gnorm": 0.778, "tok_per_s": 100772.1, "load": 3.244140625}
{"event": "step", "step": 45100, "loss": 4.7546, "lr": 0.0027030168164524607, "gnorm": 0.52, "tok_per_s": 64072.2, "load": 3.2060546875}
{"event": "step", "step": 45200, "loss": 4.7588, "lr": 0.002701628838716145, "gnorm": 0.507, "tok_per_s": 100912.2, "load": 3.0205078125}
{"event": "step", "step": 45300, "loss": 4.6937, "lr": 0.0027002380279506984, "gnorm": 1.114, "tok_per_s": 100889.8, "load": 2.86328125}
{"event": "step", "step": 45400, "loss": 4.6722, "lr": 0.002698844387902887, "gnorm": 0.685, "tok_per_s": 100880.0, "load": 2.7939453125}
{"event": "step", "step": 45500, "loss": 4.5393, "lr": 0.0026974479223271, "gnorm": 0.706, "tok_per_s": 100881.4, "load": 2.67138671875}
{"event": "step", "step": 45600, "loss": 4.5732, "lr": 0.002696048634985337, "gnorm": 0.955, "tok_per_s": 100851.5, "load": 2.6171875}
{"event": "step", "step": 45700, "loss": 4.6679, "lr": 0.002694646529647199, "gnorm": 0.457, "tok_per_s": 100846.0, "load": 2.521484375}
{"event": "step", "step": 45800, "loss": 4.5782, "lr": 0.0026932416100898804, "gnorm": 0.682, "tok_per_s": 100847.4, "load": 2.44091796875}
{"event": "step", "step": 45900, "loss": 4.6313, "lr": 0.0026918338800981543, "gnorm": 0.539, "tok_per_s": 100830.7, "load": 2.4052734375}
{"event": "step", "step": 46000, "loss": 4.693, "lr": 0.002690423343464367, "gnorm": 0.645, "tok_per_s": 100822.4, "load": 2.34228515625}
{"event": "step", "step": 46100, "loss": 4.6641, "lr": 0.002689010003988426, "gnorm": 0.903, "tok_per_s": 100805.7, "load": 2.2890625}
{"event": "step", "step": 46200, "loss": 4.598, "lr": 0.0026875938654777874, "gnorm": 0.647, "tok_per_s": 100798.3, "load": 2.265625}
{"event": "step", "step": 46300, "loss": 4.7111, "lr": 0.002686174931747449, "gnorm": 0.941, "tok_per_s": 100794.2, "load": 2.22412109375}
{"event": "step", "step": 46400, "loss": 4.6474, "lr": 0.0026847532066199393, "gnorm": 0.567, "tok_per_s": 100809.4, "load": 2.189453125}
{"event": "step", "step": 46500, "loss": 4.6905, "lr": 0.002683328693925306, "gnorm": 0.813, "tok_per_s": 100797.0, "load": 2.173828125}
{"event": "step", "step": 46600, "loss": 4.6719, "lr": 0.002681901397501106, "gnorm": 0.665, "tok_per_s": 100790.2, "load": 2.22705078125}
{"event": "step", "step": 46700, "loss": 4.5692, "lr": 0.0026804713211923963, "gnorm": 0.566, "tok_per_s": 100796.0, "load": 2.2890625}
{"event": "step", "step": 46800, "loss": 4.64, "lr": 0.0026790384688517217, "gnorm": 0.662, "tok_per_s": 100771.1, "load": 2.48486328125}
{"event": "step", "step": 46900, "loss": 4.4674, "lr": 0.002677602844339107, "gnorm": 0.462, "tok_per_s": 100794.3, "load": 2.48388671875}
{"event": "step", "step": 47000, "loss": 4.6431, "lr": 0.0026761644515220433, "gnorm": 0.965, "tok_per_s": 100818.0, "load": 2.525390625}
{"event": "step", "step": 47100, "loss": 4.4692, "lr": 0.0026747232942754807, "gnorm": 0.45, "tok_per_s": 100802.5, "load": 2.44384765625}
{"event": "step", "step": 47200, "loss": 4.7389, "lr": 0.002673279376481816, "gnorm": 0.366, "tok_per_s": 100806.3, "load": 2.4560546875}
{"event": "step", "step": 47300, "loss": 4.7498, "lr": 0.0026718327020308816, "gnorm": 0.991, "tok_per_s": 100782.1, "load": 2.5}
{"event": "step", "step": 47400, "loss": 4.768, "lr": 0.0026703832748199395, "gnorm": 0.81, "tok_per_s": 100796.4, "load": 2.4228515625}
{"event": "step", "step": 47500, "loss": 4.5069, "lr": 0.002668931098753664, "gnorm": 0.941, "tok_per_s": 100811.3, "load": 2.357421875}
{"event": "step", "step": 47600, "loss": 4.5619, "lr": 0.002667476177744136, "gnorm": 0.477, "tok_per_s": 100779.0, "load": 2.4091796875}
{"event": "step", "step": 47700, "loss": 4.6897, "lr": 0.0026660185157108313, "gnorm": 0.621, "tok_per_s": 100800.0, "load": 2.345703125}
{"event": "step", "step": 47800, "loss": 4.7578, "lr": 0.0026645581165806098, "gnorm": 0.583, "tok_per_s": 100796.3, "load": 2.31787109375}
{"event": "step", "step": 47900, "loss": 4.8599, "lr": 0.0026630949842877056, "gnorm": 0.997, "tok_per_s": 100781.9, "load": 2.2685546875}
{"event": "step", "step": 48000, "loss": 4.68, "lr": 0.002661629122773713, "gnorm": 0.515, "tok_per_s": 100818.4, "load": 2.2265625}
{"event": "step", "step": 48100, "loss": 4.5427, "lr": 0.002660160535987583, "gnorm": 0.619, "tok_per_s": 100804.2, "load": 2.2080078125}
{"event": "step", "step": 48200, "loss": 4.6239, "lr": 0.0026586892278856046, "gnorm": 0.897, "tok_per_s": 100800.9, "load": 2.17529296875}
{"event": "step", "step": 48300, "loss": 4.7022, "lr": 0.0026572152024314, "gnorm": 0.454, "tok_per_s": 100802.2, "load": 2.14794921875}
{"event": "step", "step": 48400, "loss": 4.6681, "lr": 0.0026557384635959107, "gnorm": 0.726, "tok_per_s": 100796.4, "load": 2.21630859375}
{"event": "step", "step": 48500, "loss": 4.5502, "lr": 0.002654259015357389, "gnorm": 0.773, "tok_per_s": 100793.0, "load": 2.1826171875}
{"event": "step", "step": 48600, "loss": 4.7099, "lr": 0.002652776861701385, "gnorm": 1.119, "tok_per_s": 100797.6, "load": 2.154296875}
{"event": "step", "step": 48700, "loss": 4.6149, "lr": 0.002651292006620737, "gnorm": 0.618, "tok_per_s": 100789.3, "load": 2.1416015625}
{"event": "step", "step": 48800, "loss": 4.7163, "lr": 0.002649804454115563, "gnorm": 0.496, "tok_per_s": 100803.1, "load": 2.119140625}
{"event": "step", "step": 48900, "loss": 4.4987, "lr": 0.0026483142081932445, "gnorm": 0.836, "tok_per_s": 100809.2, "load": 2.109375}
{"event": "step", "step": 49000, "loss": 4.739, "lr": 0.0026468212728684207, "gnorm": 0.826, "tok_per_s": 100788.1, "load": 2.09228515625}
{"event": "step", "step": 49100, "loss": 4.6778, "lr": 0.0026453256521629764, "gnorm": 0.672, "tok_per_s": 100798.8, "load": 2.07763671875}
{"event": "step", "step": 49200, "loss": 4.8197, "lr": 0.0026438273501060293, "gnorm": 0.543, "tok_per_s": 100809.4, "load": 2.0712890625}
{"event": "step", "step": 49300, "loss": 4.7064, "lr": 0.0026423263707339214, "gnorm": 1.0, "tok_per_s": 100808.1, "load": 2.140625}
{"event": "step", "step": 49400, "loss": 4.6161, "lr": 0.002640822718090207, "gnorm": 0.663, "tok_per_s": 100802.5, "load": 2.1181640625}
{"event": "step", "step": 49500, "loss": 4.4643, "lr": 0.0026393163962256413, "gnorm": 0.76, "tok_per_s": 100817.1, "load": 2.1083984375}
{"event": "step", "step": 49600, "loss": 4.5788, "lr": 0.002637807409198172, "gnorm": 0.734, "tok_per_s": 100804.8, "load": 2.171875}
{"event": "step", "step": 49700, "loss": 4.6833, "lr": 0.002636295761072925, "gnorm": 0.906, "tok_per_s": 100804.7, "load": 2.29931640625}
{"event": "step", "step": 49800, "loss": 4.6333, "lr": 0.002634781455922196, "gnorm": 0.751, "tok_per_s": 100797.3, "load": 2.27490234375}
{"event": "step", "step": 49900, "loss": 4.6475, "lr": 0.0026332644978254377, "gnorm": 1.103, "tok_per_s": 100803.9, "load": 2.23193359375}
{"event": "step", "step": 50000, "loss": 4.8143, "lr": 0.00263174489086925, "gnorm": 0.869, "tok_per_s": 100790.1, "load": 2.29345703125}
{"event": "step", "step": 50100, "loss": 4.6743, "lr": 0.0026302226391473698, "gnorm": 0.592, "tok_per_s": 63895.8, "load": 2.36376953125}
{"event": "step", "step": 50200, "loss": 4.7034, "lr": 0.0026286977467606565, "gnorm": 0.601, "tok_per_s": 100907.4, "load": 2.3076171875}
{"event": "step", "step": 50300, "loss": 4.6081, "lr": 0.002627170217817086, "gnorm": 1.075, "tok_per_s": 100900.1, "load": 2.28271484375}
{"event": "step", "step": 50400, "loss": 4.5787, "lr": 0.0026256400564317354, "gnorm": 0.611, "tok_per_s": 100871.1, "load": 2.23876953125}
{"event": "step", "step": 50500, "loss": 4.5392, "lr": 0.0026241072667267723, "gnorm": 0.847, "tok_per_s": 100868.2, "load": 2.50341796875}
{"event": "step", "step": 50600, "loss": 4.7041, "lr": 0.002622571852831448, "gnorm": 0.786, "tok_per_s": 100839.6, "load": 2.462890625}
{"event": "step", "step": 50700, "loss": 4.6045, "lr": 0.002621033818882081, "gnorm": 0.483, "tok_per_s": 100826.6, "load": 2.3916015625}
{"event": "step", "step": 50800, "loss": 4.5737, "lr": 0.002619493169022048, "gnorm": 1.307, "tok_per_s": 100822.6, "load": 2.33056640625}
{"event": "step", "step": 50900, "loss": 4.4786, "lr": 0.0026179499074017736, "gnorm": 0.948, "tok_per_s": 100822.4, "load": 2.3037109375}
{"event": "step", "step": 51000, "loss": 4.7559, "lr": 0.002616404038178718, "gnorm": 0.514, "tok_per_s": 100805.2, "load": 2.2568359375}
{"event": "step", "step": 51100, "loss": 4.8464, "lr": 0.002614855565517366, "gnorm": 0.793, "tok_per_s": 100801.1, "load": 2.23583984375}
{"event": "step", "step": 51200, "loss": 4.6554, "lr": 0.0026133044935892176, "gnorm": 0.603, "tok_per_s": 100785.4, "load": 2.56787109375}
{"event": "step", "step": 51300, "loss": 4.7046, "lr": 0.0026117508265727715, "gnorm": 0.427, "tok_per_s": 100802.2, "load": 2.634765625}
{"event": "step", "step": 51400, "loss": 4.822, "lr": 0.0026101945686535207, "gnorm": 0.76, "tok_per_s": 100799.9, "load": 2.58349609375}
{"event": "step", "step": 51500, "loss": 4.726, "lr": 0.0026086357240239365, "gnorm": 0.578, "tok_per_s": 100778.9, "load": 2.65380859375}
{"event": "step", "step": 51600, "loss": 4.6908, "lr": 0.0026070742968834592, "gnorm": 1.055, "tok_per_s": 100783.6, "load": 2.70751953125}
{"event": "step", "step": 51700, "loss": 4.6712, "lr": 0.0026055102914384854, "gnorm": 0.752, "tok_per_s": 100796.7, "load": 2.650390625}
{"event": "step", "step": 51800, "loss": 4.6848, "lr": 0.0026039437119023587, "gnorm": 0.496, "tok_per_s": 100806.6, "load": 2.6240234375}
{"event": "step", "step": 51900, "loss": 4.6025, "lr": 0.0026023745624953565, "gnorm": 0.69, "tok_per_s": 100807.4, "load": 2.68798828125}
{"event": "step", "step": 52000, "loss": 4.6472, "lr": 0.0026008028474446792, "gnorm": 0.888, "tok_per_s": 100807.1, "load": 2.6328125}
{"event": "step", "step": 52100, "loss": 4.581, "lr": 0.0025992285709844384, "gnorm": 0.513, "tok_per_s": 100806.9, "load": 2.609375}
{"event": "step", "step": 52200, "loss": 4.5099, "lr": 0.0025976517373556478, "gnorm": 0.795, "tok_per_s": 100800.9, "load": 2.64111328125}
{"event": "step", "step": 52300, "loss": 4.5736, "lr": 0.002596072350806208, "gnorm": 0.597, "tok_per_s": 100803.4, "load": 2.62255859375}
{"event": "step", "step": 52400, "loss": 4.6165, "lr": 0.0025944904155908977, "gnorm": 0.693, "tok_per_s": 100791.1, "load": 2.7607421875}
{"event": "step", "step": 52500, "loss": 4.7506, "lr": 0.002592905935971362, "gnorm": 0.475, "tok_per_s": 100811.4, "load": 2.69970703125}
{"event": "step", "step": 52600, "loss": 4.5257, "lr": 0.0025913189162161004, "gnorm": 0.75, "tok_per_s": 100799.2, "load": 2.8203125}
{"event": "step", "step": 52700, "loss": 4.8829, "lr": 0.0025897293606004547, "gnorm": 1.704, "tok_per_s": 100810.3, "load": 2.7744140625}
{"event": "step", "step": 52800, "loss": 4.7308, "lr": 0.0025881372734065985, "gnorm": 1.068, "tok_per_s": 100813.9, "load": 2.7119140625}
{"event": "step", "step": 52900, "loss": 4.7164, "lr": 0.002586542658923526, "gnorm": 0.622, "tok_per_s": 100799.3, "load": 2.9169921875}
{"event": "step", "step": 53000, "loss": 4.6, "lr": 0.0025849455214470387, "gnorm": 0.931, "tok_per_s": 100800.0, "load": 2.93017578125}
{"event": "step", "step": 53100, "loss": 4.7026, "lr": 0.002583345865279736, "gnorm": 1.447, "tok_per_s": 100817.1, "load": 2.85546875}
{"event": "step", "step": 53200, "loss": 4.7724, "lr": 0.002581743694731001, "gnorm": 1.756, "tok_per_s": 100815.4, "load": 2.72314453125}
{"event": "step", "step": 53300, "loss": 4.7687, "lr": 0.0025801390141169923, "gnorm": 0.915, "tok_per_s": 100785.3, "load": 2.74560546875}
{"event": "step", "step": 53400, "loss": 4.7333, "lr": 0.002578531827760629, "gnorm": 0.742, "tok_per_s": 100787.9, "load": 2.9453125}
{"event": "step", "step": 53500, "loss": 4.6596, "lr": 0.002576922139991581, "gnorm": 1.033, "tok_per_s": 100825.4, "load": 2.8798828125}
{"event": "step", "step": 53600, "loss": 4.4651, "lr": 0.0025753099551462572, "gnorm": 0.542, "tok_per_s": 100802.7, "load": 2.9697265625}
{"event": "step", "step": 53700, "loss": 4.6265, "lr": 0.002573695277567793, "gnorm": 1.728, "tok_per_s": 100820.1, "load": 3.20849609375}
{"event": "step", "step": 53800, "loss": 4.7389, "lr": 0.0025720781116060393, "gnorm": 0.639, "tok_per_s": 100831.2, "load": 3.02197265625}
{"event": "step", "step": 53900, "loss": 4.5692, "lr": 0.0025704584616175505, "gnorm": 0.612, "tok_per_s": 100789.7, "load": 3.02001953125}
{"event": "step", "step": 54000, "loss": 4.629, "lr": 0.0025688363319655723, "gnorm": 0.804, "tok_per_s": 100834.1, "load": 2.86279296875}
{"event": "step", "step": 54100, "loss": 4.6045, "lr": 0.0025672117270200325, "gnorm": 0.844, "tok_per_s": 100827.8, "load": 2.81005859375}
{"event": "step", "step": 54200, "loss": 4.8234, "lr": 0.002565584651157524, "gnorm": 0.981, "tok_per_s": 100842.5, "load": 2.7451171875}
{"event": "step", "step": 54300, "loss": 4.6748, "lr": 0.0025639551087612996, "gnorm": 0.839, "tok_per_s": 100831.1, "load": 2.87060546875}
{"event": "step", "step": 54400, "loss": 4.7265, "lr": 0.0025623231042212536, "gnorm": 1.285, "tok_per_s": 100841.2, "load": 2.88134765625}
{"event": "step", "step": 54500, "loss": 4.633, "lr": 0.002560688641933916, "gnorm": 0.534, "tok_per_s": 100820.8, "load": 2.89990234375}
{"event": "step", "step": 54600, "loss": 4.6268, "lr": 0.002559051726302436, "gnorm": 1.387, "tok_per_s": 100835.2, "load": 2.83544921875}
{"event": "step", "step": 54700, "loss": 4.6487, "lr": 0.0025574123617365723, "gnorm": 0.667, "tok_per_s": 100846.5, "load": 2.8486328125}
{"event": "step", "step": 54800, "loss": 4.608, "lr": 0.0025557705526526816, "gnorm": 0.542, "tok_per_s": 100849.9, "load": 2.79150390625}
{"event": "step", "step": 54900, "loss": 4.4808, "lr": 0.0025541263034737052, "gnorm": 0.549, "tok_per_s": 100866.9, "load": 2.75}
{"event": "step", "step": 55000, "loss": 4.6202, "lr": 0.0025524796186291586, "gnorm": 0.79, "tok_per_s": 100862.1, "load": 2.77001953125}
{"event": "step", "step": 55100, "loss": 4.7472, "lr": 0.002550830502555118, "gnorm": 0.79, "tok_per_s": 63683.3, "load": 2.814453125}
{"event": "step", "step": 55200, "loss": 4.6101, "lr": 0.00254917895969421, "gnorm": 0.598, "tok_per_s": 100916.0, "load": 2.84326171875}
{"event": "step", "step": 55300, "loss": 4.6695, "lr": 0.002547524994495598, "gnorm": 1.288, "tok_per_s": 100929.7, "load": 2.85595703125}
{"event": "step", "step": 55400, "loss": 4.7692, "lr": 0.0025458686114149718, "gnorm": 0.929, "tok_per_s": 100904.1, "load": 2.7236328125}
{"event": "step", "step": 55500, "loss": 4.5717, "lr": 0.002544209814914535, "gnorm": 0.786, "tok_per_s": 100909.9, "load": 2.66552734375}
{"event": "step", "step": 55600, "loss": 4.6556, "lr": 0.0025425486094629917, "gnorm": 1.254, "tok_per_s": 100898.9, "load": 2.79736328125}
{"event": "step", "step": 55700, "loss": 4.6, "lr": 0.0025408849995355366, "gnorm": 0.65, "tok_per_s": 100890.9, "load": 2.98291015625}
{"event": "step", "step": 55800, "loss": 4.6029, "lr": 0.0025392189896138407, "gnorm": 0.755, "tok_per_s": 100870.9, "load": 2.984375}
{"event": "step", "step": 55900, "loss": 4.705, "lr": 0.002537550584186043, "gnorm": 2.02, "tok_per_s": 100876.6, "load": 3.0673828125}
{"event": "step", "step": 56000, "loss": 4.7647, "lr": 0.0025358797877467324, "gnorm": 1.263, "tok_per_s": 100873.7, "load": 3.13037109375}
{"event": "step", "step": 56100, "loss": 4.6404, "lr": 0.002534206604796942, "gnorm": 0.785, "tok_per_s": 100858.1, "load": 3.2001953125}
{"event": "step", "step": 56200, "loss": 4.6241, "lr": 0.0025325310398441325, "gnorm": 0.646, "tok_per_s": 100852.6, "load": 5.3056640625}
{"event": "step", "step": 56300, "loss": 4.5452, "lr": 0.0025308530974021822, "gnorm": 0.468, "tok_per_s": 100877.1, "load": 5.11083984375}
{"event": "step", "step": 56400, "loss": 4.673, "lr": 0.0025291727819913737, "gnorm": 1.222, "tok_per_s": 100846.9, "load": 5.021484375}
{"event": "step", "step": 56500, "loss": 4.6444, "lr": 0.0025274900981383827, "gnorm": 0.772, "tok_per_s": 100849.7, "load": 8.3076171875}
{"event": "step", "step": 56600, "loss": 4.7174, "lr": 0.0025258050503762647, "gnorm": 0.563, "tok_per_s": 100851.1, "load": 11.40625}
{"event": "step", "step": 56700, "loss": 4.7436, "lr": 0.0025241176432444445, "gnorm": 0.79, "tok_per_s": 100817.2, "load": 13.27880859375}
{"event": "step", "step": 56800, "loss": 4.6028, "lr": 0.0025224278812887016, "gnorm": 0.697, "tok_per_s": 100801.3, "load": 18.2587890625}
{"event": "step", "step": 56900, "loss": 4.6067, "lr": 0.0025207357690611608, "gnorm": 0.581, "tok_per_s": 100821.0, "load": 17.59716796875}
{"event": "step", "step": 57000, "loss": 4.5206, "lr": 0.0025190413111202768, "gnorm": 0.586, "tok_per_s": 100801.8, "load": 21.13818359375}
{"event": "step", "step": 57100, "loss": 4.6738, "lr": 0.0025173445120308248, "gnorm": 2.043, "tok_per_s": 100819.8, "load": 23.89453125}
{"event": "step", "step": 57200, "loss": 4.5639, "lr": 0.002515645376363886, "gnorm": 1.303, "tok_per_s": 100806.0, "load": 25.7451171875}
{"event": "step", "step": 57300, "loss": 4.4344, "lr": 0.002513943908696837, "gnorm": 0.513, "tok_per_s": 100827.4, "load": 25.451171875}
{"event": "step", "step": 57400, "loss": 4.6528, "lr": 0.002512240113613336, "gnorm": 1.158, "tok_per_s": 100817.1, "load": 22.1591796875}
{"event": "step", "step": 57500, "loss": 4.5932, "lr": 0.0025105339957033125, "gnorm": 0.88, "tok_per_s": 100819.4, "load": 23.34765625}
{"event": "step", "step": 57600, "loss": 4.4808, "lr": 0.002508825559562951, "gnorm": 0.745, "tok_per_s": 100821.3, "load": 23.40576171875}
{"event": "step", "step": 57700, "loss": 4.5178, "lr": 0.002507114809794683, "gnorm": 1.049, "tok_per_s": 100823.3, "load": 21.8515625}
{"event": "step", "step": 57800, "loss": 4.7867, "lr": 0.0025054017510071727, "gnorm": 1.376, "tok_per_s": 100817.9, "load": 22.076171875}
{"event": "step", "step": 57900, "loss": 4.5612, "lr": 0.002503686387815305, "gnorm": 0.631, "tok_per_s": 100812.9, "load": 22.8203125}
{"event": "step", "step": 58000, "loss": 4.7063, "lr": 0.002501968724840171, "gnorm": 0.728, "tok_per_s": 100825.5, "load": 21.47314453125}
{"event": "step", "step": 58100, "loss": 4.6375, "lr": 0.0025002487667090596, "gnorm": 0.89, "tok_per_s": 100830.0, "load": 24.3505859375}
{"event": "step", "step": 58200, "loss": 4.6762, "lr": 0.002498526518055441, "gnorm": 1.317, "tok_per_s": 100798.5, "load": 21.890625}
{"event": "step", "step": 58300, "loss": 4.9309, "lr": 0.0024968019835189563, "gnorm": 1.058, "tok_per_s": 100826.7, "load": 23.9814453125}
{"event": "step", "step": 58400, "loss": 4.5, "lr": 0.0024950751677454055, "gnorm": 0.745, "tok_per_s": 100806.7, "load": 24.2666015625}
{"event": "step", "step": 58500, "loss": 4.6876, "lr": 0.0024933460753867325, "gnorm": 0.794, "tok_per_s": 100800.8, "load": 25.85302734375}
{"event": "step", "step": 58600, "loss": 4.6003, "lr": 0.0024916147111010162, "gnorm": 0.684, "tok_per_s": 100811.8, "load": 26.986328125}
{"event": "step", "step": 58700, "loss": 4.7494, "lr": 0.0024898810795524547, "gnorm": 0.819, "tok_per_s": 100818.2, "load": 26.81591796875}
{"event": "step", "step": 58800, "loss": 4.6209, "lr": 0.0024881451854113536, "gnorm": 0.987, "tok_per_s": 100802.4, "load": 25.14892578125}
{"event": "step", "step": 58900, "loss": 4.6522, "lr": 0.002486407033354115, "gnorm": 0.929, "tok_per_s": 100794.4, "load": 27.50634765625}
{"event": "step", "step": 59000, "loss": 4.614, "lr": 0.002484666628063223, "gnorm": 0.795, "tok_per_s": 100802.4, "load": 24.67333984375}
{"event": "step", "step": 59100, "loss": 4.5323, "lr": 0.0024829239742272307, "gnorm": 0.529, "tok_per_s": 100814.0, "load": 23.09765625}
{"event": "step", "step": 59200, "loss": 4.6662, "lr": 0.002481179076540752, "gnorm": 0.915, "tok_per_s": 100816.4, "load": 20.82373046875}
{"event": "step", "step": 59300, "loss": 4.7657, "lr": 0.0024794319397044417, "gnorm": 0.725, "tok_per_s": 100804.1, "load": 18.39013671875}
{"event": "step", "step": 59400, "loss": 4.6316, "lr": 0.002477682568424989, "gnorm": 1.139, "tok_per_s": 100815.7, "load": 17.31787109375}
{"event": "step", "step": 59500, "loss": 4.7766, "lr": 0.0024759309674151028, "gnorm": 0.454, "tok_per_s": 100780.8, "load": 15.26953125}
{"event": "step", "step": 59600, "loss": 4.7402, "lr": 0.002474177141393497, "gnorm": 1.093, "tok_per_s": 100804.1, "load": 13.68994140625}
{"event": "step", "step": 59700, "loss": 4.5795, "lr": 0.0024724210950848808, "gnorm": 0.69, "tok_per_s": 100797.3, "load": 12.99365234375}
{"event": "step", "step": 59800, "loss": 4.5873, "lr": 0.0024706628332199446, "gnorm": 0.909, "tok_per_s": 100804.1, "load": 11.8447265625}
{"event": "step", "step": 59900, "loss": 4.3583, "lr": 0.0024689023605353475, "gnorm": 0.806, "tok_per_s": 100737.1, "load": 11.37646484375}
{"event": "step", "step": 60000, "loss": 4.6258, "lr": 0.0024671396817737036, "gnorm": 0.653, "tok_per_s": 100794.7, "load": 10.703125}
eval 60000 {'bpb': 1.5180522955609255, 'nats_per_token': 4.577110457750779, 'tokens': 16379, 'bytes': 71247}
{"event": "step", "step": 60100, "loss": 4.724, "lr": 0.0024653748016835713, "gnorm": 0.857, "tok_per_s": 63518.1, "load": 9.4453125}
{"event": "step", "step": 60200, "loss": 4.7105, "lr": 0.002463607725019438, "gnorm": 0.539, "tok_per_s": 100917.6, "load": 9.0888671875}
{"event": "step", "step": 60300, "loss": 4.6043, "lr": 0.0024618384565417103, "gnorm": 0.49, "tok_per_s": 100912.1, "load": 8.3798828125}
{"event": "step", "step": 60400, "loss": 4.6526, "lr": 0.0024600670010166974, "gnorm": 0.626, "tok_per_s": 100883.2, "load": 7.7734375}
{"event": "step", "step": 60500, "loss": 4.701, "lr": 0.0024582933632166007, "gnorm": 1.092, "tok_per_s": 100886.2, "load": 7.39111328125}
{"event": "step", "step": 60600, "loss": 4.6614, "lr": 0.002456517547919502, "gnorm": 0.753, "tok_per_s": 100799.8, "load": 7.47802734375}
{"event": "step", "step": 60700, "loss": 4.5732, "lr": 0.0024547395599093472, "gnorm": 0.724, "tok_per_s": 100834.5, "load": 7.51025390625}
{"event": "step", "step": 60800, "loss": 4.6267, "lr": 0.002452959403975937, "gnorm": 0.545, "tok_per_s": 100781.3, "load": 7.14892578125}
{"event": "step", "step": 60900, "loss": 4.5451, "lr": 0.002451177084914912, "gnorm": 1.512, "tok_per_s": 100722.3, "load": 6.5908203125}
{"event": "step", "step": 61000, "loss": 4.7846, "lr": 0.0024493926075277394, "gnorm": 0.761, "tok_per_s": 100775.7, "load": 6.38330078125}
{"event": "step", "step": 61100, "loss": 4.7111, "lr": 0.0024476059766217004, "gnorm": 0.615, "tok_per_s": 100750.9, "load": 6.15771484375}
{"event": "step", "step": 61200, "loss": 4.5966, "lr": 0.00244581719700988, "gnorm": 0.696, "tok_per_s": 100746.0, "load": 5.91259765625}
{"event": "step", "step": 61300, "loss": 4.5673, "lr": 0.0024440262735111492, "gnorm": 0.892, "tok_per_s": 100753.3, "load": 5.59912109375}
{"event": "step", "step": 61400, "loss": 4.5336, "lr": 0.0024422332109501556, "gnorm": 0.532, "tok_per_s": 100761.1, "load": 5.5869140625}
{"event": "step", "step": 61500, "loss": 4.7238, "lr": 0.0024404380141573095, "gnorm": 0.688, "tok_per_s": 100776.9, "load": 5.1884765625}
{"event": "step", "step": 61600, "loss": 4.6582, "lr": 0.00243864068796877, "gnorm": 0.53, "tok_per_s": 100823.9, "load": 5.01318359375}
{"event": "step", "step": 61700, "loss": 4.5495, "lr": 0.0024368412372264333, "gnorm": 0.914, "tok_per_s": 100792.2, "load": 4.92431640625}
{"event": "step", "step": 61800, "loss": 4.6235, "lr": 0.0024350396667779193, "gnorm": 1.21, "tok_per_s": 100800.0, "load": 5.0166015625}
{"event": "step", "step": 61900, "loss": 4.771, "lr": 0.0024332359814765573, "gnorm": 0.438, "tok_per_s": 100814.3, "load": 5.095703125}
{"event": "step", "step": 62000, "loss": 4.6144, "lr": 0.0024314301861813738, "gnorm": 1.023, "tok_per_s": 100798.9, "load": 4.92041015625}
{"event": "step", "step": 62100, "loss": 4.7463, "lr": 0.0024296222857570814, "gnorm": 0.456, "tok_per_s": 100814.7, "load": 4.7666015625}
{"event": "step", "step": 62200, "loss": 4.7235, "lr": 0.0024278122850740617, "gnorm": 1.318, "tok_per_s": 100804.2, "load": 4.72900390625}
{"event": "step", "step": 62300, "loss": 4.7246, "lr": 0.0024260001890083547, "gnorm": 0.667, "tok_per_s": 100779.8, "load": 4.83154296875}
{"event": "step", "step": 62400, "loss": 4.4595, "lr": 0.002424186002441646, "gnorm": 0.519, "tok_per_s": 100787.8, "load": 4.7646484375}
{"event": "step", "step": 62500, "loss": 4.6986, "lr": 0.0024223697302612527, "gnorm": 1.059, "tok_per_s": 100788.6, "load": 4.80126953125}
{"event": "step", "step": 62600, "loss": 4.6044, "lr": 0.00242055137736011, "gnorm": 0.707, "tok_per_s": 100786.5, "load": 5.0595703125}
{"event": "step", "step": 62700, "loss": 4.7061, "lr": 0.002418730948636759, "gnorm": 0.745, "tok_per_s": 100761.2, "load": 4.974609375}
{"event": "step", "step": 62800, "loss": 4.6843, "lr": 0.0024169084489953315, "gnorm": 1.156, "tok_per_s": 100764.8, "load": 4.97216796875}
{"event": "step", "step": 62900, "loss": 4.6734, "lr": 0.002415083883345541, "gnorm": 1.18, "tok_per_s": 100767.9, "load": 5.197265625}
{"event": "step", "step": 63000, "loss": 4.4983, "lr": 0.0024132572566026643, "gnorm": 0.594, "tok_per_s": 100759.1, "load": 5.10107421875}
{"event": "step", "step": 63100, "loss": 4.548, "lr": 0.002411428573687531, "gnorm": 0.56, "tok_per_s": 100785.3, "load": 5.31982421875}
{"event": "step", "step": 63200, "loss": 4.421, "lr": 0.002409597839526511, "gnorm": 0.84, "tok_per_s": 100779.8, "load": 5.53466796875}
{"event": "step", "step": 63300, "loss": 4.6059, "lr": 0.0024077650590514986, "gnorm": 0.984, "tok_per_s": 100774.5, "load": 5.3720703125}
{"event": "step", "step": 63400, "loss": 4.6416, "lr": 0.002405930237199903, "gnorm": 0.587, "tok_per_s": 100779.5, "load": 5.30810546875}
{"event": "step", "step": 63500, "loss": 4.6473, "lr": 0.0024040933789146305, "gnorm": 0.717, "tok_per_s": 100773.4, "load": 5.203125}
{"event": "step", "step": 63600, "loss": 4.7149, "lr": 0.002402254489144074, "gnorm": 0.787, "tok_per_s": 100783.7, "load": 5.56005859375}
{"event": "step", "step": 63700, "loss": 4.7838, "lr": 0.0024004135728421003, "gnorm": 0.562, "tok_per_s": 100775.9, "load": 5.55419921875}
{"event": "step", "step": 63800, "loss": 4.6248, "lr": 0.002398570634968035, "gnorm": 1.632, "tok_per_s": 100782.7, "load": 5.59033203125}
{"event": "step", "step": 63900, "loss": 4.7621, "lr": 0.0023967256804866477, "gnorm": 0.995, "tok_per_s": 100783.2, "load": 7.34130859375}
{"event": "step", "step": 64000, "loss": 4.802, "lr": 0.0023948787143681432, "gnorm": 1.688, "tok_per_s": 100783.7, "load": 6.9072265625}
{"event": "step", "step": 64100, "loss": 4.543, "lr": 0.0023930297415881456, "gnorm": 0.424, "tok_per_s": 100793.4, "load": 6.75439453125}
{"event": "step", "step": 64200, "loss": 4.8304, "lr": 0.002391178767127683, "gnorm": 0.717, "tok_per_s": 100801.8, "load": 6.484375}
{"event": "step", "step": 64300, "loss": 4.6534, "lr": 0.002389325795973177, "gnorm": 0.858, "tok_per_s": 100795.7, "load": 6.365234375}
{"event": "step", "step": 64400, "loss": 4.6038, "lr": 0.002387470833116428, "gnorm": 0.795, "tok_per_s": 100780.4, "load": 6.1552734375}
{"event": "step", "step": 64500, "loss": 4.6527, "lr": 0.0023856138835546014, "gnorm": 0.957, "tok_per_s": 100781.3, "load": 6.05078125}
{"event": "step", "step": 64600, "loss": 4.6317, "lr": 0.0023837549522902164, "gnorm": 0.706, "tok_per_s": 100772.8, "load": 5.96630859375}
{"event": "step", "step": 64700, "loss": 4.5843, "lr": 0.002381894044331128, "gnorm": 0.448, "tok_per_s": 100752.6, "load": 5.8173828125}
{"event": "step", "step": 64800, "loss": 4.7064, "lr": 0.00238003116469052, "gnorm": 0.72, "tok_per_s": 100773.1, "load": 9.15380859375}
{"event": "step", "step": 64900, "loss": 4.6566, "lr": 0.002378166318386884, "gnorm": 0.845, "tok_per_s": 100730.3, "load": 8.90087890625}
{"event": "step", "step": 65000, "loss": 4.547, "lr": 0.0023762995104440114, "gnorm": 1.266, "tok_per_s": 100740.2, "load": 8.45458984375}
{"event": "step", "step": 65100, "loss": 4.6024, "lr": 0.002374430745890979, "gnorm": 1.581, "tok_per_s": 64306.1, "load": 7.7685546875}
{"event": "step", "step": 65200, "loss": 4.5876, "lr": 0.0023725600297621334, "gnorm": 0.624, "tok_per_s": 100880.5, "load": 7.46630859375}
{"event": "step", "step": 65300, "loss": 4.5398, "lr": 0.0023706873670970787, "gnorm": 0.88, "tok_per_s": 100843.1, "load": 7.4072265625}
{"event": "step", "step": 65400, "loss": 4.5134, "lr": 0.0023688127629406634, "gnorm": 0.48, "tok_per_s": 100852.7, "load": 7.455078125}
{"event": "step", "step": 65500, "loss": 4.7432, "lr": 0.0023669362223429666, "gnorm": 1.633, "tok_per_s": 100838.9, "load": 7.23095703125}
{"event": "step", "step": 65600, "loss": 4.6431, "lr": 0.002365057750359283, "gnorm": 1.088, "tok_per_s": 100824.6, "load": 7.115234375}
{"event": "step", "step": 65700, "loss": 4.6499, "lr": 0.0023631773520501097, "gnorm": 1.26, "tok_per_s": 100826.0, "load": 6.94580078125}
{"event": "step", "step": 65800, "loss": 4.5733, "lr": 0.0023612950324811356, "gnorm": 0.725, "tok_per_s": 100810.1, "load": 6.7998046875}
{"event": "step", "step": 65900, "loss": 4.642, "lr": 0.0023594107967232236, "gnorm": 0.876, "tok_per_s": 100775.3, "load": 6.4423828125}
{"event": "step", "step": 66000, "loss": 4.6155, "lr": 0.0023575246498523995, "gnorm": 0.915, "tok_per_s": 100789.2, "load": 6.40673828125}
{"event": "step", "step": 66100, "loss": 4.7651, "lr": 0.002355636596949837, "gnorm": 0.918, "tok_per_s": 100772.1, "load": 6.1162109375}
{"event": "step", "step": 66200, "loss": 4.7237, "lr": 0.0023537466431018447, "gnorm": 0.502, "tok_per_s": 100775.7, "load": 5.9375}
{"event": "step", "step": 66300, "loss": 4.6433, "lr": 0.0023518547933998523, "gnorm": 0.793, "tok_per_s": 100760.3, "load": 5.8623046875}
{"event": "step", "step": 66400, "loss": 4.7136, "lr": 0.002349961052940397, "gnorm": 0.553, "tok_per_s": 100748.3, "load": 5.8837890625}
{"event": "step", "step": 66500, "loss": 4.5102, "lr": 0.0023480654268251094, "gnorm": 0.763, "tok_per_s": 100768.9, "load": 6.0537109375}
{"event": "step", "step": 66600, "loss": 4.7297, "lr": 0.0023461679201607004, "gnorm": 0.925, "tok_per_s": 100779.6, "load": 5.8916015625}
{"event": "step", "step": 66700, "loss": 4.7643, "lr": 0.0023442685380589455, "gnorm": 1.319, "tok_per_s": 100790.4, "load": 5.83447265625}
{"event": "step", "step": 66800, "loss": 4.5328, "lr": 0.0023423672856366746, "gnorm": 1.149, "tok_per_s": 100771.0, "load": 5.6875}
{"event": "step", "step": 66900, "loss": 4.4039, "lr": 0.0023404641680157545, "gnorm": 0.515, "tok_per_s": 100769.7, "load": 5.65576171875}
{"event": "step", "step": 67000, "loss": 4.613, "lr": 0.002338559190323077, "gnorm": 0.543, "tok_per_s": 100755.8, "load": 5.62841796875}
{"event": "step", "step": 67100, "loss": 4.5077, "lr": 0.0023366523576905467, "gnorm": 1.181, "tok_per_s": 100764.6, "load": 5.57763671875}
{"event": "step", "step": 67200, "loss": 4.5841, "lr": 0.002334743675255063, "gnorm": 0.655, "tok_per_s": 100796.4, "load": 5.48828125}
{"event": "step", "step": 67300, "loss": 4.8805, "lr": 0.0023328331481585083, "gnorm": 0.94, "tok_per_s": 100777.8, "load": 5.6533203125}
{"event": "step", "step": 67400, "loss": 4.4911, "lr": 0.0023309207815477373, "gnorm": 0.836, "tok_per_s": 100764.9, "load": 5.5205078125}
{"event": "step", "step": 67500, "loss": 4.5904, "lr": 0.0023290065805745574, "gnorm": 0.795, "tok_per_s": 100777.8, "load": 5.43994140625}
{"event": "step", "step": 67600, "loss": 4.5988, "lr": 0.0023270905503957186, "gnorm": 0.723, "tok_per_s": 100746.9, "load": 5.56494140625}
{"event": "step", "step": 67700, "loss": 4.6234, "lr": 0.002325172696172899, "gnorm": 0.871, "tok_per_s": 100783.0, "load": 5.3916015625}
{"event": "step", "step": 67800, "loss": 4.6891, "lr": 0.002323253023072691, "gnorm": 0.734, "tok_per_s": 100775.8, "load": 5.4111328125}
{"event": "step", "step": 67900, "loss": 4.5046, "lr": 0.002321331536266585, "gnorm": 0.76, "tok_per_s": 100771.4, "load": 5.3779296875}
{"event": "step", "step": 68000, "loss": 4.667, "lr": 0.0023194082409309594, "gnorm": 1.419, "tok_per_s": 100767.0, "load": 5.32666015625}
{"event": "step", "step": 68100, "loss": 4.6934, "lr": 0.002317483142247064, "gnorm": 0.826, "tok_per_s": 100777.5, "load": 5.4306640625}
{"event": "step", "step": 68200, "loss": 4.6819, "lr": 0.002315556245401007, "gnorm": 1.491, "tok_per_s": 100769.5, "load": 5.4765625}
{"event": "step", "step": 68300, "loss": 4.5953, "lr": 0.002313627555583741, "gnorm": 0.985, "tok_per_s": 100767.0, "load": 5.40283203125}
{"event": "step", "step": 68400, "loss": 4.6161, "lr": 0.0023116970779910465, "gnorm": 0.712, "tok_per_s": 100746.6, "load": 5.568359375}
{"event": "step", "step": 68500, "loss": 4.6066, "lr": 0.002309764817823523, "gnorm": 0.69, "tok_per_s": 100792.4, "load": 5.5224609375}
{"event": "step", "step": 68600, "loss": 4.598, "lr": 0.002307830780286571, "gnorm": 0.69, "tok_per_s": 100771.8, "load": 5.6025390625}
{"event": "step", "step": 68700, "loss": 4.7098, "lr": 0.002305894970590379, "gnorm": 0.529, "tok_per_s": 100776.1, "load": 5.55419921875}
{"event": "step", "step": 68800, "loss": 4.6721, "lr": 0.0023039573939499097, "gnorm": 1.121, "tok_per_s": 100780.4, "load": 5.54931640625}
{"event": "step", "step": 68900, "loss": 4.6643, "lr": 0.0023020180555848864, "gnorm": 1.16, "tok_per_s": 100769.8, "load": 5.46435546875}
{"event": "step", "step": 69000, "loss": 4.7255, "lr": 0.002300076960719778, "gnorm": 0.916, "tok_per_s": 100779.5, "load": 5.4267578125}
{"event": "step", "step": 69100, "loss": 4.5078, "lr": 0.002298134114583784, "gnorm": 0.819, "tok_per_s": 100789.1, "load": 5.36767578125}
{"event": "step", "step": 69200, "loss": 4.6732, "lr": 0.002296189522410825, "gnorm": 1.081, "tok_per_s": 100781.2, "load": 5.23681640625}
{"event": "step", "step": 69300, "loss": 4.5272, "lr": 0.002294243189439521, "gnorm": 0.687, "tok_per_s": 100779.1, "load": 5.29833984375}
{"event": "step", "step": 69400, "loss": 4.7175, "lr": 0.0022922951209131855, "gnorm": 0.968, "tok_per_s": 100792.4, "load": 5.1787109375}
{"event": "step", "step": 69500, "loss": 4.4842, "lr": 0.0022903453220798056, "gnorm": 1.056, "tok_per_s": 100777.1, "load": 5.07080078125}
{"event": "step", "step": 69600, "loss": 4.5189, "lr": 0.0022883937981920295, "gnorm": 0.785, "tok_per_s": 100772.2, "load": 5.3056640625}
{"event": "step", "step": 69700, "loss": 4.5042, "lr": 0.0022864405545071536, "gnorm": 0.868, "tok_per_s": 100780.6, "load": 5.2578125}
{"event": "step", "step": 69800, "loss": 4.7585, "lr": 0.0022844855962871067, "gnorm": 1.066, "tok_per_s": 100767.7, "load": 5.51953125}
{"event": "step", "step": 69900, "loss": 4.7832, "lr": 0.002282528928798437, "gnorm": 1.251, "tok_per_s": 100766.5, "load": 5.4775390625}
{"event": "step", "step": 70000, "loss": 4.6284, "lr": 0.0022805705573122966, "gnorm": 1.352, "tok_per_s": 100785.7, "load": 5.40380859375}
{"event": "step", "step": 70100, "loss": 4.6452, "lr": 0.0022786104871044283, "gnorm": 1.042, "tok_per_s": 64558.6, "load": 5.34130859375}
{"event": "step", "step": 70200, "loss": 4.7249, "lr": 0.002276648723455152, "gnorm": 0.819, "tok_per_s": 100873.0, "load": 5.28857421875}
{"event": "step", "step": 70300, "loss": 4.5752, "lr": 0.002274685271649349, "gnorm": 0.618, "tok_per_s": 100873.7, "load": 5.404296875}
{"event": "step", "step": 70400, "loss": 4.6913, "lr": 0.0022727201369764473, "gnorm": 0.644, "tok_per_s": 100852.7, "load": 5.37158203125}
{"event": "step", "step": 70500, "loss": 4.6361, "lr": 0.0022707533247304105, "gnorm": 0.595, "tok_per_s": 100831.2, "load": 5.38818359375}
{"event": "step", "step": 70600, "loss": 4.6576, "lr": 0.00226878484020972, "gnorm": 0.637, "tok_per_s": 100825.9, "load": 5.328125}
{"event": "step", "step": 70700, "loss": 4.7944, "lr": 0.0022668146887173638, "gnorm": 1.435, "tok_per_s": 100803.9, "load": 5.2216796875}
{"event": "step", "step": 70800, "loss": 4.6059, "lr": 0.0022648428755608183, "gnorm": 0.968, "tok_per_s": 100785.9, "load": 5.18701171875}
{"event": "step", "step": 70900, "loss": 4.6347, "lr": 0.002262869406052038, "gnorm": 0.585, "tok_per_s": 100781.9, "load": 5.091796875}
{"event": "step", "step": 71000, "loss": 4.5946, "lr": 0.0022608942855074387, "gnorm": 0.692, "tok_per_s": 100796.7, "load": 5.1513671875}
{"event": "step", "step": 71100, "loss": 4.6088, "lr": 0.0022589175192478856, "gnorm": 1.414, "tok_per_s": 100780.1, "load": 6.416015625}
{"event": "step", "step": 71200, "loss": 4.6796, "lr": 0.002256939112598675, "gnorm": 1.172, "tok_per_s": 100706.0, "load": 6.22216796875}
{"event": "step", "step": 71300, "loss": 4.6418, "lr": 0.0022549590708895242, "gnorm": 0.534, "tok_per_s": 100709.7, "load": 6.11376953125}
{"event": "step", "step": 71400, "loss": 4.6912, "lr": 0.002252977399454554, "gnorm": 0.599, "tok_per_s": 100724.8, "load": 5.94921875}
{"event": "step", "step": 71500, "loss": 4.5167, "lr": 0.002250994103632277, "gnorm": 0.754, "tok_per_s": 100724.2, "load": 5.873046875}
{"event": "step", "step": 71600, "loss": 4.5865, "lr": 0.0022490091887655797, "gnorm": 0.955, "tok_per_s": 100719.5, "load": 5.7451171875}
{"event": "step", "step": 71700, "loss": 4.6294, "lr": 0.0022470226602017123, "gnorm": 0.78, "tok_per_s": 100707.9, "load": 5.5498046875}
{"event": "step", "step": 71800, "loss": 4.5939, "lr": 0.0022450345232922714, "gnorm": 0.735, "tok_per_s": 100704.1, "load": 5.666015625}
{"event": "step", "step": 71900, "loss": 4.5793, "lr": 0.002243044783393186, "gnorm": 0.576, "tok_per_s": 100715.2, "load": 5.56982421875}
{"event": "step", "step": 72000, "loss": 4.5875, "lr": 0.002241053445864704, "gnorm": 0.554, "tok_per_s": 100715.5, "load": 5.52392578125}
{"event": "step", "step": 72100, "loss": 4.7832, "lr": 0.0022390605160713772, "gnorm": 1.382, "tok_per_s": 100705.6, "load": 5.36962890625}
{"event": "step", "step": 72200, "loss": 4.6673, "lr": 0.0022370659993820466, "gnorm": 0.681, "tok_per_s": 100719.6, "load": 5.3125}
{"event": "step", "step": 72300, "loss": 4.5463, "lr": 0.0022350699011698285, "gnorm": 0.742, "tok_per_s": 100710.2, "load": 5.36767578125}
{"event": "step", "step": 72400, "loss": 4.565, "lr": 0.002233072226812099, "gnorm": 1.318, "tok_per_s": 100742.4, "load": 5.310546875}
{"event": "step", "step": 72500, "loss": 4.5624, "lr": 0.0022310729816904813, "gnorm": 1.106, "tok_per_s": 100755.7, "load": 5.2626953125}
{"event": "step", "step": 72600, "loss": 4.5089, "lr": 0.00222907217119083, "gnorm": 0.931, "tok_per_s": 100768.0, "load": 5.2412109375}
{"event": "step", "step": 72700, "loss": 4.6597, "lr": 0.0022270698007032155, "gnorm": 0.661, "tok_per_s": 100762.4, "load": 5.3642578125}
{"event": "step", "step": 72800, "loss": 4.638, "lr": 0.0022250658756219127, "gnorm": 0.776, "tok_per_s": 100752.1, "load": 5.30810546875}
{"event": "step", "step": 72900, "loss": 4.5573, "lr": 0.0022230604013453825, "gnorm": 0.66, "tok_per_s": 100770.1, "load": 5.36376953125}
{"event": "step", "step": 73000, "loss": 4.6133, "lr": 0.0022210533832762603, "gnorm": 1.184, "tok_per_s": 100757.3, "load": 5.23388671875}
{"event": "step", "step": 73100, "loss": 4.4584, "lr": 0.0022190448268213404, "gnorm": 0.62, "tok_per_s": 100729.6, "load": 5.29541015625}
{"event": "step", "step": 73200, "loss": 4.3863, "lr": 0.002217034737391562, "gnorm": 1.033, "tok_per_s": 100741.9, "load": 5.33642578125}
{"event": "step", "step": 73300, "loss": 4.5414, "lr": 0.0022150231204019918, "gnorm": 1.716, "tok_per_s": 100757.9, "load": 5.2041015625}
{"event": "step", "step": 73400, "loss": 4.7143, "lr": 0.0022130099812718144, "gnorm": 1.414, "tok_per_s": 100759.6, "load": 5.1875}
{"event": "step", "step": 73500, "loss": 4.5554, "lr": 0.0022109953254243137, "gnorm": 0.765, "tok_per_s": 100755.4, "load": 5.158203125}
{"event": "step", "step": 73600, "loss": 4.4012, "lr": 0.0022089791582868587, "gnorm": 0.672, "tok_per_s": 100771.6, "load": 5.2880859375}
{"event": "step", "step": 73700, "loss": 4.5027, "lr": 0.002206961485290891, "gnorm": 1.32, "tok_per_s": 100751.0, "load": 5.34521484375}
{"event": "step", "step": 73800, "loss": 4.5353, "lr": 0.0022049423118719095, "gnorm": 0.644, "tok_per_s": 100771.3, "load": 6.8935546875}
{"event": "step", "step": 73900, "loss": 4.5403, "lr": 0.002202921643469453, "gnorm": 0.68, "tok_per_s": 100758.6, "load": 6.830078125}
{"event": "step", "step": 74000, "loss": 4.5996, "lr": 0.0022008994855270895, "gnorm": 0.94, "tok_per_s": 100744.0, "load": 6.76318359375}
{"event": "step", "step": 74100, "loss": 4.6743, "lr": 0.0021988758434923986, "gnorm": 0.535, "tok_per_s": 100722.2, "load": 6.64501953125}
{"event": "step", "step": 74200, "loss": 4.5231, "lr": 0.0021968507228169593, "gnorm": 0.698, "tok_per_s": 100741.3, "load": 6.4716796875}
{"event": "step", "step": 74300, "loss": 4.4415, "lr": 0.0021948241289563323, "gnorm": 1.726, "tok_per_s": 100720.9, "load": 6.353515625}
{"event": "step", "step": 74400, "loss": 4.7188, "lr": 0.0021927960673700482, "gnorm": 0.922, "tok_per_s": 100724.2, "load": 6.373046875}
{"event": "step", "step": 74500, "loss": 4.5662, "lr": 0.0021907665435215917, "gnorm": 0.988, "tok_per_s": 100746.4, "load": 6.3427734375}
{"event": "step", "step": 74600, "loss": 4.4669, "lr": 0.002188735562878385, "gnorm": 0.688, "tok_per_s": 100769.5, "load": 6.1357421875}
{"event": "step", "step": 74700, "loss": 4.5796, "lr": 0.0021867031309117774, "gnorm": 1.134, "tok_per_s": 100772.5, "load": 5.88037109375}
{"event": "step", "step": 74800, "loss": 4.6781, "lr": 0.002184669253097026, "gnorm": 1.253, "tok_per_s": 100775.0, "load": 5.8095703125}
{"event": "step", "step": 74900, "loss": 4.6789, "lr": 0.0021826339349132837, "gnorm": 1.026, "tok_per_s": 100785.0, "load": 5.76513671875}
{"event": "step", "step": 75000, "loss": 4.5307, "lr": 0.002180597181843584, "gnorm": 0.74, "tok_per_s": 100777.8, "load": 5.64697265625}
{"event": "step", "step": 75100, "loss": 4.5822, "lr": 0.002178558999374825, "gnorm": 0.917, "tok_per_s": 64381.6, "load": 5.546875}
{"event": "step", "step": 75200, "loss": 4.6796, "lr": 0.002176519392997755, "gnorm": 0.735, "tok_per_s": 100873.0, "load": 5.6171875}
{"event": "step", "step": 75300, "loss": 4.742, "lr": 0.002174478368206961, "gnorm": 0.779, "tok_per_s": 100854.2, "load": 5.5673828125}
{"event": "step", "step": 75400, "loss": 4.5895, "lr": 0.002172435930500849, "gnorm": 0.748, "tok_per_s": 100843.2, "load": 5.9482421875}
{"event": "step", "step": 75500, "loss": 4.7612, "lr": 0.0021703920853816307, "gnorm": 1.083, "tok_per_s": 100842.0, "load": 5.8759765625}
{"event": "step", "step": 75600, "loss": 4.683, "lr": 0.002168346838355311, "gnorm": 1.018, "tok_per_s": 100785.6, "load": 5.7255859375}
{"event": "step", "step": 75700, "loss": 4.4391, "lr": 0.0021663001949316714, "gnorm": 1.042, "tok_per_s": 100791.1, "load": 10.48681640625}
{"event": "step", "step": 75800, "loss": 4.6328, "lr": 0.002164252160624253, "gnorm": 0.917, "tok_per_s": 100813.1, "load": 9.6494140625}
{"event": "step", "step": 75900, "loss": 4.5021, "lr": 0.002162202740950346, "gnorm": 0.777, "tok_per_s": 100818.1, "load": 9.19677734375}
{"event": "step", "step": 76000, "loss": 4.4534, "lr": 0.002160151941430973, "gnorm": 0.915, "tok_per_s": 100795.4, "load": 8.62451171875}
{"event": "step", "step": 76100, "loss": 4.5915, "lr": 0.002158099767590871, "gnorm": 1.394, "tok_per_s": 100763.0, "load": 8.0732421875}
{"event": "step", "step": 76200, "loss": 4.5601, "lr": 0.0021560462249584833, "gnorm": 0.584, "tok_per_s": 100777.6, "load": 7.82666015625}
{"event": "step", "step": 76300, "loss": 4.5541, "lr": 0.0021539913190659382, "gnorm": 0.489, "tok_per_s": 100760.2, "load": 7.4716796875}
{"event": "step", "step": 76400, "loss": 4.4521, "lr": 0.0021519350554490353, "gnorm": 1.291, "tok_per_s": 100766.5, "load": 7.193359375}
{"event": "step", "step": 76500, "loss": 4.6102, "lr": 0.002149877439647235, "gnorm": 0.63, "tok_per_s": 100773.1, "load": 7.01611328125}
{"event": "step", "step": 76600, "loss": 4.6402, "lr": 0.002147818477203639, "gnorm": 0.942, "tok_per_s": 100759.3, "load": 6.6318359375}
{"event": "step", "step": 76700, "loss": 4.6489, "lr": 0.002145758173664976, "gnorm": 0.955, "tok_per_s": 100764.3, "load": 6.5810546875}
{"event": "step", "step": 76800, "loss": 4.5923, "lr": 0.0021436965345815887, "gnorm": 0.561, "tok_per_s": 100773.4, "load": 6.33740234375}
{"event": "step", "step": 76900, "loss": 4.6144, "lr": 0.002141633565507417, "gnorm": 0.583, "tok_per_s": 100778.5, "load": 6.13134765625}
{"event": "step", "step": 77000, "loss": 4.4002, "lr": 0.0021395692719999838, "gnorm": 0.82, "tok_per_s": 100784.9, "load": 6.04052734375}
{"event": "step", "step": 77100, "loss": 4.6185, "lr": 0.0021375036596203803, "gnorm": 0.511, "tok_per_s": 100776.1, "load": 5.95361328125}
{"event": "step", "step": 77200, "loss": 4.6666, "lr": 0.00213543673393325, "gnorm": 0.672, "tok_per_s": 100767.1, "load": 5.88720703125}
{"event": "step", "step": 77300, "loss": 4.8282, "lr": 0.002133368500506776, "gnorm": 0.991, "tok_per_s": 100767.2, "load": 5.81591796875}
{"event": "step", "step": 77400, "loss": 4.6881, "lr": 0.0021312989649126617, "gnorm": 1.43, "tok_per_s": 100773.1, "load": 5.91162109375}
{"event": "step", "step": 77500, "loss": 4.7399, "lr": 0.002129228132726121, "gnorm": 1.106, "tok_per_s": 100772.2, "load": 5.75830078125}
{"event": "step", "step": 77600, "loss": 4.5006, "lr": 0.0021271560095258587, "gnorm": 0.872, "tok_per_s": 100772.6, "load": 5.64111328125}
{"event": "step", "step": 77700, "loss": 4.6376, "lr": 0.0021250826008940593, "gnorm": 0.777, "tok_per_s": 100769.3, "load": 5.548828125}
{"event": "step", "step": 77800, "loss": 4.765, "lr": 0.00212300791241637, "gnorm": 0.76, "tok_per_s": 100760.2, "load": 5.34423828125}
{"event": "step", "step": 77900, "loss": 4.6957, "lr": 0.002120931949681884, "gnorm": 0.555, "tok_per_s": 100767.2, "load": 5.37158203125}
{"event": "step", "step": 78000, "loss": 4.7363, "lr": 0.0021188547182831286, "gnorm": 0.762, "tok_per_s": 100757.7, "load": 5.3212890625}
{"event": "step", "step": 78100, "loss": 4.4307, "lr": 0.0021167762238160494, "gnorm": 0.807, "tok_per_s": 100759.1, "load": 5.29541015625}
{"event": "step", "step": 78200, "loss": 4.7629, "lr": 0.002114696471879994, "gnorm": 0.995, "tok_per_s": 100761.8, "load": 5.25634765625}
{"event": "step", "step": 78300, "loss": 4.6292, "lr": 0.0021126154680776972, "gnorm": 1.687, "tok_per_s": 100765.1, "load": 5.0625}
{"event": "step", "step": 78400, "loss": 4.6633, "lr": 0.0021105332180152664, "gnorm": 0.737, "tok_per_s": 100775.1, "load": 5.2177734375}
{"event": "step", "step": 78500, "loss": 4.6738, "lr": 0.0021084497273021665, "gnorm": 1.304, "tok_per_s": 100783.1, "load": 5.1103515625}
{"event": "step", "step": 78600, "loss": 4.5206, "lr": 0.002106365001551205, "gnorm": 1.079, "tok_per_s": 100771.7, "load": 5.0869140625}
{"event": "step", "step": 78700, "loss": 4.5958, "lr": 0.0021042790463785157, "gnorm": 0.642, "tok_per_s": 100758.9, "load": 5.16015625}
{"event": "step", "step": 78800, "loss": 4.5836, "lr": 0.002102191867403546, "gnorm": 0.836, "tok_per_s": 100754.0, "load": 5.0546875}
{"event": "step", "step": 78900, "loss": 4.583, "lr": 0.0021001034702490375, "gnorm": 1.477, "tok_per_s": 100765.7, "load": 5.130859375}
{"event": "step", "step": 79000, "loss": 4.6502, "lr": 0.002098013860541016, "gnorm": 0.448, "tok_per_s": 100758.7, "load": 5.1103515625}
{"event": "step", "step": 79100, "loss": 4.4011, "lr": 0.0020959230439087733, "gnorm": 0.762, "tok_per_s": 100768.0, "load": 5.0869140625}
{"event": "step", "step": 79200, "loss": 4.567, "lr": 0.0020938310259848514, "gnorm": 0.483, "tok_per_s": 100762.2, "load": 5.07958984375}
{"event": "step", "step": 79300, "loss": 4.7036, "lr": 0.002091737812405029, "gnorm": 0.88, "tok_per_s": 100774.5, "load": 5.06689453125}
{"event": "step", "step": 79400, "loss": 4.5962, "lr": 0.002089643408808307, "gnorm": 1.108, "tok_per_s": 100766.3, "load": 4.90283203125}
{"event": "step", "step": 79500, "loss": 4.5469, "lr": 0.0020875478208368906, "gnorm": 0.568, "tok_per_s": 100783.0, "load": 4.91064453125}
{"event": "step", "step": 79600, "loss": 4.6577, "lr": 0.0020854510541361768, "gnorm": 0.644, "tok_per_s": 100751.1, "load": 5.0048828125}
{"event": "step", "step": 79700, "loss": 4.5321, "lr": 0.0020833531143547375, "gnorm": 0.833, "tok_per_s": 100738.1, "load": 5.0107421875}
{"event": "step", "step": 79800, "loss": 4.7033, "lr": 0.0020812540071443045, "gnorm": 0.965, "tok_per_s": 100789.7, "load": 5.009765625}
{"event": "step", "step": 79900, "loss": 4.7326, "lr": 0.002079153738159755, "gnorm": 1.044, "tok_per_s": 100778.7, "load": 5.16259765625}
{"event": "step", "step": 80000, "loss": 4.5865, "lr": 0.0020770523130590962, "gnorm": 1.835, "tok_per_s": 100783.9, "load": 5.1494140625}
eval 80000 {'bpb': 1.5120612205097932, 'nats_per_token': 4.559046645094328, 'tokens': 16379, 'bytes': 71247}
{"event": "step", "step": 80100, "loss": 4.7131, "lr": 0.002074949737503449, "gnorm": 0.52, "tok_per_s": 63882.6, "load": 5.2646484375}
{"event": "step", "step": 80200, "loss": 4.6213, "lr": 0.0020728460171570346, "gnorm": 0.779, "tok_per_s": 100886.3, "load": 5.3779296875}
{"event": "step", "step": 80300, "loss": 4.5331, "lr": 0.0020707411576871572, "gnorm": 0.873, "tok_per_s": 100872.4, "load": 5.267578125}
{"event": "step", "step": 80400, "loss": 4.5006, "lr": 0.002068635164764191, "gnorm": 0.955, "tok_per_s": 100859.9, "load": 5.22607421875}
{"event": "step", "step": 80500, "loss": 4.426, "lr": 0.0020665280440615615, "gnorm": 1.01, "tok_per_s": 100847.3, "load": 5.34521484375}
{"event": "step", "step": 80600, "loss": 4.5536, "lr": 0.0020644198012557354, "gnorm": 0.61, "tok_per_s": 100829.0, "load": 5.3173828125}
{"event": "step", "step": 80700, "loss": 4.4152, "lr": 0.002062310442026199, "gnorm": 1.034, "tok_per_s": 100790.5, "load": 5.26806640625}
{"event": "step", "step": 80800, "loss": 4.6832, "lr": 0.0020601999720554487, "gnorm": 0.919, "tok_per_s": 100806.7, "load": 5.3271484375}
{"event": "step", "step": 80900, "loss": 4.5679, "lr": 0.002058088397028972, "gnorm": 0.864, "tok_per_s": 100802.6, "load": 5.2763671875}
{"event": "step", "step": 81000, "loss": 4.4989, "lr": 0.0020559757226352336, "gnorm": 0.61, "tok_per_s": 100784.9, "load": 5.2333984375}
{"event": "step", "step": 81100, "loss": 4.5014, "lr": 0.00205386195456566, "gnorm": 0.803, "tok_per_s": 100786.3, "load": 5.21435546875}
{"event": "step", "step": 81200, "loss": 4.704, "lr": 0.0020517470985146244, "gnorm": 0.756, "tok_per_s": 100783.4, "load": 5.26123046875}
{"event": "step", "step": 81300, "loss": 4.6323, "lr": 0.0020496311601794297, "gnorm": 1.141, "tok_per_s": 100777.9, "load": 5.220703125}
{"event": "step", "step": 81400, "loss": 4.5659, "lr": 0.002047514145260295, "gnorm": 1.187, "tok_per_s": 100744.0, "load": 5.283203125}
{"event": "step", "step": 81500, "loss": 4.567, "lr": 0.002045396059460341, "gnorm": 1.049, "tok_per_s": 100776.4, "load": 5.16552734375}
{"event": "step", "step": 81600, "loss": 4.6743, "lr": 0.0020432769084855703, "gnorm": 0.977, "tok_per_s": 100786.4, "load": 5.0595703125}
{"event": "step", "step": 81700, "loss": 4.7039, "lr": 0.0020411566980448586, "gnorm": 0.518, "tok_per_s": 100786.1, "load": 5.13525390625}
{"event": "step", "step": 81800, "loss": 4.6568, "lr": 0.0020390354338499323, "gnorm": 1.342, "tok_per_s": 100796.3, "load": 4.9599609375}
{"event": "step", "step": 81900, "loss": 4.5936, "lr": 0.0020369131216153593, "gnorm": 1.159, "tok_per_s": 100801.7, "load": 4.95947265625}
{"event": "step", "step": 82000, "loss": 4.7514, "lr": 0.00203478976705853, "gnorm": 1.404, "tok_per_s": 100797.3, "load": 5.123046875}
{"event": "step", "step": 82100, "loss": 4.6371, "lr": 0.002032665375899641, "gnorm": 0.601, "tok_per_s": 100793.2, "load": 5.33837890625}
{"event": "step", "step": 82200, "loss": 4.6566, "lr": 0.0020305399538616846, "gnorm": 0.545, "tok_per_s": 100783.3, "load": 5.4716796875}
{"event": "step", "step": 82300, "loss": 4.7416, "lr": 0.0020284135066704284, "gnorm": 1.79, "tok_per_s": 100782.9, "load": 5.3251953125}
{"event": "step", "step": 82400, "loss": 4.8976, "lr": 0.0020262860400544007, "gnorm": 1.042, "tok_per_s": 100787.9, "load": 5.2685546875}
{"event": "step", "step": 82500, "loss": 4.5231, "lr": 0.0020241575597448784, "gnorm": 0.889, "tok_per_s": 100787.3, "load": 5.24658203125}
{"event": "step", "step": 82600, "loss": 4.7136, "lr": 0.002022028071475868, "gnorm": 0.576, "tok_per_s": 100788.2, "load": 5.1279296875}
{"event": "step", "step": 82700, "loss": 4.5434, "lr": 0.002019897580984091, "gnorm": 1.087, "tok_per_s": 100792.9, "load": 5.18212890625}
{"event": "step", "step": 82800, "loss": 4.5543, "lr": 0.0020177660940089693, "gnorm": 0.855, "tok_per_s": 100767.2, "load": 5.16748046875}
{"event": "step", "step": 82900, "loss": 4.6815, "lr": 0.0020156336162926104, "gnorm": 1.434, "tok_per_s": 100771.7, "load": 5.21533203125}
{"event": "step", "step": 83000, "loss": 4.6822, "lr": 0.0020135001535797887, "gnorm": 0.801, "tok_per_s": 100774.9, "load": 5.181640625}
{"event": "step", "step": 83100, "loss": 4.5933, "lr": 0.002011365711617933, "gnorm": 1.592, "tok_per_s": 100800.2, "load": 5.0869140625}
{"event": "step", "step": 83200, "loss": 4.6021, "lr": 0.0020092302961571113, "gnorm": 2.219, "tok_per_s": 100802.2, "load": 5.07275390625}
{"event": "step", "step": 83300, "loss": 4.675, "lr": 0.0020070939129500126, "gnorm": 2.334, "tok_per_s": 100782.6, "load": 5.06689453125}
{"event": "step", "step": 83400, "loss": 4.6704, "lr": 0.002004956567751933, "gnorm": 0.768, "tok_per_s": 100767.6, "load": 5.05615234375}
{"event": "step", "step": 83500, "loss": 4.7087, "lr": 0.002002818266320761, "gnorm": 1.199, "tok_per_s": 100796.5, "load": 5.046875}
{"event": "step", "step": 83600, "loss": 4.5975, "lr": 0.0020006790144169607, "gnorm": 0.769, "tok_per_s": 100770.9, "load": 5.04296875}
{"event": "step", "step": 83700, "loss": 4.6525, "lr": 0.0019985388178035564, "gnorm": 1.645, "tok_per_s": 100794.9, "load": 4.95556640625}
{"event": "step", "step": 83800, "loss": 4.6099, "lr": 0.001996397682246119, "gnorm": 1.648, "tok_per_s": 100779.6, "load": 4.962890625}
{"event": "step", "step": 83900, "loss": 4.4579, "lr": 0.001994255613512747, "gnorm": 0.626, "tok_per_s": 100778.3, "load": 4.96630859375}
{"event": "step", "step": 84000, "loss": 4.7084, "lr": 0.001992112617374053, "gnorm": 0.565, "tok_per_s": 100787.9, "load": 5.044921875}
{"event": "step", "step": 84100, "loss": 4.5581, "lr": 0.001989968699603149, "gnorm": 0.851, "tok_per_s": 100784.6, "load": 5.03759765625}
{"event": "step", "step": 84200, "loss": 4.5649, "lr": 0.0019878238659756286, "gnorm": 1.05, "tok_per_s": 100744.9, "load": 4.9541015625}
{"event": "step", "step": 84300, "loss": 4.7037, "lr": 0.001985678122269554, "gnorm": 0.631, "tok_per_s": 100788.6, "load": 4.96142578125}
{"event": "step", "step": 84400, "loss": 4.5246, "lr": 0.0019835314742654387, "gnorm": 1.043, "tok_per_s": 100801.3, "load": 4.88427734375}
{"event": "step", "step": 84500, "loss": 4.6287, "lr": 0.001981383927746231, "gnorm": 0.551, "tok_per_s": 100790.3, "load": 4.97607421875}
{"event": "step", "step": 84600, "loss": 4.5629, "lr": 0.0019792354884973023, "gnorm": 0.668, "tok_per_s": 100768.8, "load": 4.98583984375}
{"event": "step", "step": 84700, "loss": 4.7371, "lr": 0.001977086162306426, "gnorm": 1.316, "tok_per_s": 100794.7, "load": 4.90673828125}
{"event": "step", "step": 84800, "loss": 4.6583, "lr": 0.001974935954963767, "gnorm": 1.105, "tok_per_s": 100778.4, "load": 5.001953125}
{"event": "step", "step": 84900, "loss": 4.4653, "lr": 0.001972784872261864, "gnorm": 0.495, "tok_per_s": 100792.2, "load": 5.08154296875}
{"event": "step", "step": 85000, "loss": 4.554, "lr": 0.0019706329199956117, "gnorm": 0.681, "tok_per_s": 100797.5, "load": 5.07470703125}
{"event": "step", "step": 85100, "loss": 4.4584, "lr": 0.0019684801039622497, "gnorm": 0.862, "tok_per_s": 64231.2, "load": 5.05126953125}
{"event": "step", "step": 85200, "loss": 4.4317, "lr": 0.001966326429961344, "gnorm": 1.377, "tok_per_s": 100885.0, "load": 5.046875}
{"event": "step", "step": 85300, "loss": 4.4626, "lr": 0.001964171903794771, "gnorm": 0.922, "tok_per_s": 100890.9, "load": 5.11962890625}
{"event": "step", "step": 85400, "loss": 4.5625, "lr": 0.001962016531266704, "gnorm": 0.707, "tok_per_s": 100883.4, "load": 5.0947265625}
{"event": "step", "step": 85500, "loss": 4.8425, "lr": 0.001959860318183595, "gnorm": 1.307, "tok_per_s": 100834.7, "load": 5.0869140625}
{"event": "step", "step": 85600, "loss": 4.498, "lr": 0.0019577032703541612, "gnorm": 1.19, "tok_per_s": 100831.3, "load": 5.30126953125}
{"event": "step", "step": 85700, "loss": 4.6185, "lr": 0.0019555453935893694, "gnorm": 1.472, "tok_per_s": 100865.4, "load": 5.4091796875}
{"event": "step", "step": 85800, "loss": 4.8024, "lr": 0.001953386693702418, "gnorm": 0.906, "tok_per_s": 100834.8, "load": 5.45654296875}
{"event": "step", "step": 85900, "loss": 4.5545, "lr": 0.0019512271765087241, "gnorm": 0.618, "tok_per_s": 100818.0, "load": 5.53369140625}
{"event": "step", "step": 86000, "loss": 4.4573, "lr": 0.0019490668478259047, "gnorm": 1.173, "tok_per_s": 100810.1, "load": 5.6796875}
{"event": "step", "step": 86100, "loss": 4.5455, "lr": 0.001946905713473765, "gnorm": 0.722, "tok_per_s": 100801.5, "load": 5.625}
{"event": "step", "step": 86200, "loss": 4.5036, "lr": 0.0019447437792742797, "gnorm": 0.75, "tok_per_s": 100790.7, "load": 5.6025390625}
{"event": "step", "step": 86300, "loss": 4.6183, "lr": 0.0019425810510515782, "gnorm": 0.841, "tok_per_s": 100776.0, "load": 5.58349609375}
{"event": "step", "step": 86400, "loss": 4.6114, "lr": 0.0019404175346319297, "gnorm": 0.963, "tok_per_s": 100800.5, "load": 5.697265625}
{"event": "step", "step": 86500, "loss": 4.4561, "lr": 0.0019382532358437248, "gnorm": 1.399, "tok_per_s": 100789.5, "load": 5.6572265625}
{"event": "step", "step": 86600, "loss": 4.7488, "lr": 0.001936088160517464, "gnorm": 0.584, "tok_per_s": 100801.4, "load": 5.68505859375}
{"event": "step", "step": 86700, "loss": 4.4767, "lr": 0.0019339223144857387, "gnorm": 0.651, "tok_per_s": 100796.1, "load": 5.5859375}
{"event": "step", "step": 86800, "loss": 4.6686, "lr": 0.0019317557035832171, "gnorm": 0.939, "tok_per_s": 100789.2, "load": 5.4951171875}
{"event": "step", "step": 86900, "loss": 4.4769, "lr": 0.0019295883336466267, "gnorm": 0.777, "tok_per_s": 100781.1, "load": 5.53564453125}
{"event": "step", "step": 87000, "loss": 4.5763, "lr": 0.0019274202105147406, "gnorm": 1.004, "tok_per_s": 100784.2, "load": 5.29931640625}
{"event": "step", "step": 87100, "loss": 4.462, "lr": 0.001925251340028362, "gnorm": 0.696, "tok_per_s": 100818.7, "load": 5.24658203125}
{"event": "step", "step": 87200, "loss": 4.4637, "lr": 0.0019230817280303054, "gnorm": 0.923, "tok_per_s": 100775.2, "load": 5.2265625}
{"event": "step", "step": 87300, "loss": 4.5794, "lr": 0.0019209113803653843, "gnorm": 1.294, "tok_per_s": 100796.7, "load": 5.19091796875}
{"event": "step", "step": 87400, "loss": 4.5165, "lr": 0.0019187403028803932, "gnorm": 0.607, "tok_per_s": 100773.5, "load": 5.30859375}
{"event": "step", "step": 87500, "loss": 4.6464, "lr": 0.0019165685014240939, "gnorm": 1.156, "tok_per_s": 100778.0, "load": 5.28369140625}
{"event": "step", "step": 87600, "loss": 4.7119, "lr": 0.0019143959818471972, "gnorm": 0.764, "tok_per_s": 100805.7, "load": 5.474609375}
{"event": "step", "step": 87700, "loss": 4.6188, "lr": 0.001912222750002349, "gnorm": 1.093, "tok_per_s": 100758.7, "load": 5.4365234375}
{"event": "step", "step": 87800, "loss": 4.5005, "lr": 0.001910048811744114, "gnorm": 0.942, "tok_per_s": 100774.2, "load": 5.369140625}
{"event": "step", "step": 87900, "loss": 4.7398, "lr": 0.00190787417292896, "gnorm": 1.135, "tok_per_s": 100788.2, "load": 5.31884765625}
{"event": "step", "step": 88000, "loss": 4.6434, "lr": 0.0019056988394152423, "gnorm": 0.455, "tok_per_s": 100795.4, "load": 5.29296875}
{"event": "step", "step": 88100, "loss": 4.5465, "lr": 0.0019035228170631877, "gnorm": 0.642, "tok_per_s": 100780.3, "load": 5.32763671875}
{"event": "step", "step": 88200, "loss": 4.6624, "lr": 0.0019013461117348776, "gnorm": 0.635, "tok_per_s": 100782.3, "load": 5.123046875}
{"event": "step", "step": 88300, "loss": 4.5407, "lr": 0.001899168729294235, "gnorm": 0.861, "tok_per_s": 100789.3, "load": 5.2734375}
{"event": "step", "step": 88400, "loss": 4.7521, "lr": 0.0018969906756070055, "gnorm": 1.243, "tok_per_s": 100782.0, "load": 5.23779296875}
{"event": "step", "step": 88500, "loss": 4.5669, "lr": 0.0018948119565407437, "gnorm": 0.721, "tok_per_s": 100777.8, "load": 5.2685546875}
{"event": "step", "step": 88600, "loss": 4.7662, "lr": 0.001892632577964797, "gnorm": 1.413, "tok_per_s": 100795.1, "load": 5.4072265625}
{"event": "step", "step": 88700, "loss": 4.5004, "lr": 0.0018904525457502886, "gnorm": 0.612, "tok_per_s": 100783.0, "load": 5.26416015625}
{"event": "step", "step": 88800, "loss": 4.6093, "lr": 0.0018882718657701031, "gnorm": 1.005, "tok_per_s": 100803.3, "load": 5.3232421875}
{"event": "step", "step": 88900, "loss": 4.694, "lr": 0.0018860905438988704, "gnorm": 0.844, "tok_per_s": 100783.4, "load": 5.27978515625}
{"event": "step", "step": 89000, "loss": 4.6198, "lr": 0.0018839085860129494, "gnorm": 1.271, "tok_per_s": 100795.0, "load": 5.15625}
{"event": "step", "step": 89100, "loss": 4.6945, "lr": 0.0018817259979904113, "gnorm": 1.023, "tok_per_s": 100799.9, "load": 5.22412109375}
{"event": "step", "step": 89200, "loss": 4.6631, "lr": 0.0018795427857110274, "gnorm": 2.093, "tok_per_s": 100788.9, "load": 5.11572265625}
{"event": "step", "step": 89300, "loss": 4.4649, "lr": 0.0018773589550562483, "gnorm": 0.587, "tok_per_s": 100792.9, "load": 5.017578125}
{"event": "step", "step": 89400, "loss": 4.5571, "lr": 0.0018751745119091913, "gnorm": 0.754, "tok_per_s": 100800.1, "load": 5.01611328125}
{"event": "step", "step": 89500, "loss": 4.6821, "lr": 0.0018729894621546238, "gnorm": 1.023, "tok_per_s": 100787.7, "load": 5.01318359375}
{"event": "step", "step": 89600, "loss": 4.4779, "lr": 0.0018708038116789479, "gnorm": 1.422, "tok_per_s": 100783.4, "load": 5.0107421875}
{"event": "step", "step": 89700, "loss": 4.6148, "lr": 0.001868617566370183, "gnorm": 1.228, "tok_per_s": 100792.2, "load": 5.009765625}
{"event": "step", "step": 89800, "loss": 4.5846, "lr": 0.0018664307321179512, "gnorm": 0.643, "tok_per_s": 100801.9, "load": 5.08203125}
{"event": "step", "step": 89900, "loss": 4.5092, "lr": 0.0018642433148134616, "gnorm": 0.919, "tok_per_s": 100795.5, "load": 5.0751953125}
{"event": "step", "step": 90000, "loss": 4.6955, "lr": 0.0018620553203494937, "gnorm": 0.712, "tok_per_s": 100774.2, "load": 5.1435546875}
{"event": "step", "step": 90100, "loss": 4.6227, "lr": 0.0018598667546203815, "gnorm": 0.889, "tok_per_s": 64611.0, "load": 5.111328125}
{"event": "step", "step": 90200, "loss": 4.4995, "lr": 0.0018576776235219995, "gnorm": 1.387, "tok_per_s": 100907.8, "load": 5.02197265625}
{"event": "step", "step": 90300, "loss": 4.5501, "lr": 0.0018554879329517428, "gnorm": 0.95, "tok_per_s": 100881.5, "load": 5.09228515625}
{"event": "step", "step": 90400, "loss": 4.4579, "lr": 0.0018532976888085161, "gnorm": 1.428, "tok_per_s": 100880.2, "load": 5.158203125}
{"event": "step", "step": 90500, "loss": 4.6258, "lr": 0.0018511068969927142, "gnorm": 1.141, "tok_per_s": 100856.2, "load": 5.22607421875}
{"event": "step", "step": 90600, "loss": 4.6485, "lr": 0.0018489155634062067, "gnorm": 0.827, "tok_per_s": 100844.3, "load": 5.27099609375}
{"event": "step", "step": 90700, "loss": 4.5581, "lr": 0.001846723693952324, "gnorm": 0.958, "tok_per_s": 100814.3, "load": 5.1689453125}
{"event": "step", "step": 90800, "loss": 4.5002, "lr": 0.0018445312945358395, "gnorm": 1.306, "tok_per_s": 100803.4, "load": 5.13671875}
{"event": "step", "step": 90900, "loss": 4.5322, "lr": 0.001842338371062954, "gnorm": 0.916, "tok_per_s": 100788.6, "load": 5.1220703125}
{"event": "step", "step": 91000, "loss": 4.5352, "lr": 0.0018401449294412806, "gnorm": 0.609, "tok_per_s": 100784.9, "load": 5.11181640625}
{"event": "step", "step": 91100, "loss": 4.6015, "lr": 0.001837950975579828, "gnorm": 2.231, "tok_per_s": 100780.0, "load": 5.10107421875}
{"event": "step", "step": 91200, "loss": 4.7654, "lr": 0.001835756515388985, "gnorm": 1.217, "tok_per_s": 100802.7, "load": 5.01123046875}
{"event": "step", "step": 91300, "loss": 4.6689, "lr": 0.001833561554780504, "gnorm": 0.831, "tok_per_s": 100783.6, "load": 4.93017578125}
{"event": "step", "step": 91400, "loss": 4.4074, "lr": 0.0018313660996674868, "gnorm": 0.874, "tok_per_s": 100776.7, "load": 5.021484375}
{"event": "step", "step": 91500, "loss": 4.5165, "lr": 0.0018291701559643647, "gnorm": 0.851, "tok_per_s": 100774.7, "load": 5.09814453125}
{"event": "step", "step": 91600, "loss": 4.8011, "lr": 0.001826973729586888, "gnorm": 1.664, "tok_per_s": 100774.4, "load": 5.17041015625}
{"event": "step", "step": 91700, "loss": 4.6266, "lr": 0.0018247768264521066, "gnorm": 0.966, "tok_per_s": 100787.1, "load": 5.14404296875}
{"event": "step", "step": 91800, "loss": 4.5296, "lr": 0.0018225794524783536, "gnorm": 0.619, "tok_per_s": 100801.9, "load": 5.13232421875}
{"event": "step", "step": 91900, "loss": 4.5379, "lr": 0.0018203816135852317, "gnorm": 1.055, "tok_per_s": 100777.9, "load": 5.11181640625}
{"event": "step", "step": 92000, "loss": 4.5992, "lr": 0.001818183315693595, "gnorm": 0.897, "tok_per_s": 100803.3, "load": 5.16796875}
{"event": "step", "step": 92100, "loss": 4.661, "lr": 0.001815984564725536, "gnorm": 0.93, "tok_per_s": 100780.3, "load": 5.23486328125}
{"event": "step", "step": 92200, "loss": 4.5625, "lr": 0.001813785366604365, "gnorm": 0.881, "tok_per_s": 100795.4, "load": 5.43310546875}
{"event": "step", "step": 92300, "loss": 4.4268, "lr": 0.0018115857272545995, "gnorm": 1.165, "tok_per_s": 100796.7, "load": 5.35986328125}
{"event": "step", "step": 92400, "loss": 4.4749, "lr": 0.001809385652601944, "gnorm": 1.076, "tok_per_s": 100801.7, "load": 5.4912109375}
{"event": "step", "step": 92500, "loss": 4.5838, "lr": 0.0018071851485732772, "gnorm": 0.829, "tok_per_s": 100798.4, "load": 5.4892578125}
{"event": "step", "step": 92600, "loss": 4.6694, "lr": 0.0018049842210966325, "gnorm": 0.96, "tok_per_s": 100811.7, "load": 5.48095703125}
{"event": "step", "step": 92700, "loss": 4.5292, "lr": 0.0018027828761011857, "gnorm": 0.754, "tok_per_s": 100781.1, "load": 5.60302734375}
{"event": "step", "step": 92800, "loss": 4.6728, "lr": 0.0018005811195172367, "gnorm": 0.692, "tok_per_s": 100785.7, "load": 5.50390625}
{"event": "step", "step": 92900, "loss": 4.5452, "lr": 0.0017983789572761943, "gnorm": 1.015, "tok_per_s": 100802.3, "load": 5.43310546875}
{"event": "step", "step": 93000, "loss": 4.5127, "lr": 0.00179617639531056, "gnorm": 2.052, "tok_per_s": 100796.6, "load": 5.31787109375}
{"event": "step", "step": 93100, "loss": 4.7521, "lr": 0.0017939734395539125, "gnorm": 0.894, "tok_per_s": 100786.3, "load": 5.34228515625}
{"event": "step", "step": 93200, "loss": 4.5496, "lr": 0.0017917700959408905, "gnorm": 1.004, "tok_per_s": 100779.4, "load": 5.234375}
{"event": "step", "step": 93300, "loss": 4.6518, "lr": 0.001789566370407179, "gnorm": 1.34, "tok_per_s": 100771.0, "load": 5.27197265625}
{"event": "step", "step": 93400, "loss": 4.4136, "lr": 0.0017873622688894903, "gnorm": 0.947, "tok_per_s": 100817.4, "load": 5.31005859375}
{"event": "step", "step": 93500, "loss": 4.5925, "lr": 0.0017851577973255507, "gnorm": 1.055, "tok_per_s": 100789.3, "load": 5.28515625}
{"event": "step", "step": 93600, "loss": 4.5574, "lr": 0.0017829529616540832, "gnorm": 1.413, "tok_per_s": 100799.6, "load": 5.24072265625}
{"event": "step", "step": 93700, "loss": 4.5229, "lr": 0.0017807477678147908, "gnorm": 0.511, "tok_per_s": 100818.2, "load": 5.123046875}
{"event": "step", "step": 93800, "loss": 4.7071, "lr": 0.0017785422217483425, "gnorm": 1.385, "tok_per_s": 100778.4, "load": 5.11279296875}
{"event": "step", "step": 93900, "loss": 4.5316, "lr": 0.0017763363293963558, "gnorm": 0.77, "tok_per_s": 100800.7, "load": 5.01513671875}
{"event": "step", "step": 94000, "loss": 4.6322, "lr": 0.001774130096701381, "gnorm": 0.624, "tok_per_s": 100790.9, "load": 5.4619140625}
{"event": "step", "step": 94100, "loss": 4.602, "lr": 0.0017719235296068854, "gnorm": 1.859, "tok_per_s": 100793.3, "load": 5.4248046875}
{"event": "step", "step": 94200, "loss": 4.5774, "lr": 0.0017697166340572364, "gnorm": 0.59, "tok_per_s": 100798.6, "load": 5.35302734375}
{"event": "step", "step": 94300, "loss": 4.6785, "lr": 0.0017675094159976875, "gnorm": 0.902, "tok_per_s": 100802.1, "load": 5.32470703125}
{"event": "step", "step": 94400, "loss": 4.4638, "lr": 0.0017653018813743602, "gnorm": 0.583, "tok_per_s": 100811.0, "load": 5.26806640625}
{"event": "step", "step": 94500, "loss": 4.481, "lr": 0.001763094036134229, "gnorm": 1.251, "tok_per_s": 100795.7, "load": 5.220703125}
{"event": "step", "step": 94600, "loss": 4.5182, "lr": 0.0017608858862251052, "gnorm": 1.008, "tok_per_s": 100798.6, "load": 5.20263671875}
{"event": "step", "step": 94700, "loss": 4.7287, "lr": 0.0017586774375956207, "gnorm": 1.063, "tok_per_s": 100810.8, "load": 5.1650390625}
{"event": "step", "step": 94800, "loss": 4.5985, "lr": 0.0017564686961952128, "gnorm": 1.447, "tok_per_s": 100819.1, "load": 5.2197265625}
{"event": "step", "step": 94900, "loss": 4.5927, "lr": 0.0017542596679741066, "gnorm": 1.271, "tok_per_s": 100814.3, "load": 5.12158203125}
{"event": "step", "step": 95000, "loss": 4.5328, "lr": 0.0017520503588833007, "gnorm": 0.821, "tok_per_s": 100805.1, "load": 5.1767578125}
{"event": "step", "step": 95100, "loss": 4.5136, "lr": 0.0017498407748745492, "gnorm": 0.681, "tok_per_s": 63948.6, "load": 5.236328125}
{"event": "step", "step": 95200, "loss": 4.4465, "lr": 0.001747630921900348, "gnorm": 1.304, "tok_per_s": 100911.8, "load": 5.19970703125}
{"event": "step", "step": 95300, "loss": 4.5972, "lr": 0.0017454208059139167, "gnorm": 1.145, "tok_per_s": 100903.6, "load": 5.24267578125}
{"event": "step", "step": 95400, "loss": 4.5375, "lr": 0.0017432104328691845, "gnorm": 0.84, "tok_per_s": 100872.4, "load": 5.22314453125}
{"event": "step", "step": 95500, "loss": 4.6149, "lr": 0.001740999808720772, "gnorm": 0.829, "tok_per_s": 100886.8, "load": 5.2626953125}
{"event": "step", "step": 95600, "loss": 4.6155, "lr": 0.001738788939423977, "gnorm": 1.171, "tok_per_s": 100868.8, "load": 5.36962890625}
{"event": "step", "step": 95700, "loss": 4.4771, "lr": 0.0017365778309347568, "gnorm": 0.628, "tok_per_s": 100824.2, "load": 5.33984375}
{"event": "step", "step": 95800, "loss": 4.668, "lr": 0.0017343664892097146, "gnorm": 2.288, "tok_per_s": 100869.2, "load": 5.361328125}
{"event": "step", "step": 95900, "loss": 4.7279, "lr": 0.0017321549202060807, "gnorm": 1.387, "tok_per_s": 100841.9, "load": 5.4658203125}
{"event": "step", "step": 96000, "loss": 4.3676, "lr": 0.0017299431298816975, "gnorm": 1.282, "tok_per_s": 100842.8, "load": 5.34814453125}
{"event": "step", "step": 96100, "loss": 4.5381, "lr": 0.0017277311241950045, "gnorm": 1.716, "tok_per_s": 100838.0, "load": 5.37451171875}
{"event": "step", "step": 96200, "loss": 4.6885, "lr": 0.0017255189091050216, "gnorm": 1.052, "tok_per_s": 100820.7, "load": 5.26416015625}
{"event": "step", "step": 96300, "loss": 4.6011, "lr": 0.0017233064905713311, "gnorm": 0.742, "tok_per_s": 100805.2, "load": 5.22314453125}
{"event": "step", "step": 96400, "loss": 4.5036, "lr": 0.0017210938745540652, "gnorm": 0.973, "tok_per_s": 100834.6, "load": 5.26904296875}
{"event": "step", "step": 96500, "loss": 4.6843, "lr": 0.001718881067013887, "gnorm": 1.404, "tok_per_s": 100827.0, "load": 5.2470703125}
{"event": "step", "step": 96600, "loss": 4.4936, "lr": 0.0017166680739119766, "gnorm": 0.923, "tok_per_s": 100815.3, "load": 5.20849609375}
{"event": "step", "step": 96700, "loss": 4.4531, "lr": 0.0017144549012100127, "gnorm": 0.982, "tok_per_s": 100806.4, "load": 5.17578125}
{"event": "step", "step": 96800, "loss": 4.504, "lr": 0.001712241554870159, "gnorm": 0.977, "tok_per_s": 100805.4, "load": 5.16162109375}
{"event": "step", "step": 96900, "loss": 4.4641, "lr": 0.0017100280408550452, "gnorm": 0.969, "tok_per_s": 100792.1, "load": 5.216796875}
{"event": "step", "step": 97000, "loss": 4.5127, "lr": 0.0017078143651277555, "gnorm": 0.901, "tok_per_s": 100796.5, "load": 5.18310546875}
{"event": "step", "step": 97100, "loss": 4.5604, "lr": 0.0017056005336518077, "gnorm": 1.529, "tok_per_s": 100801.6, "load": 5.16796875}
{"event": "step", "step": 97200, "loss": 4.5144, "lr": 0.0017033865523911394, "gnorm": 1.207, "tok_per_s": 100818.5, "load": 5.22216796875}
{"event": "step", "step": 97300, "loss": 4.6795, "lr": 0.0017011724273100922, "gnorm": 1.321, "tok_per_s": 100820.2, "load": 5.1943359375}
{"event": "step", "step": 97400, "loss": 4.6257, "lr": 0.001698958164373395, "gnorm": 2.198, "tok_per_s": 100812.1, "load": 5.1787109375}
{"event": "step", "step": 97500, "loss": 4.6185, "lr": 0.0016967437695461478, "gnorm": 0.642, "tok_per_s": 100802.9, "load": 5.3115234375}
{"event": "step", "step": 97600, "loss": 4.5522, "lr": 0.0016945292487938063, "gnorm": 1.167, "tok_per_s": 100802.2, "load": 5.2861328125}
{"event": "step", "step": 97700, "loss": 4.6964, "lr": 0.0016923146080821648, "gnorm": 0.87, "tok_per_s": 100809.8, "load": 5.31591796875}
{"event": "step", "step": 97800, "loss": 4.6092, "lr": 0.0016900998533773417, "gnorm": 1.203, "tok_per_s": 100804.7, "load": 5.34765625}
{"event": "step", "step": 97900, "loss": 4.7388, "lr": 0.0016878849906457622, "gnorm": 0.656, "tok_per_s": 100794.7, "load": 5.2392578125}
{"event": "step", "step": 98000, "loss": 4.7069, "lr": 0.0016856700258541415, "gnorm": 0.904, "tok_per_s": 100779.6, "load": 5.20166015625}
{"event": "step", "step": 98100, "loss": 4.4747, "lr": 0.0016834549649694713, "gnorm": 1.498, "tok_per_s": 100791.6, "load": 5.32470703125}
{"event": "step", "step": 98200, "loss": 4.5137, "lr": 0.001681239813959001, "gnorm": 0.758, "tok_per_s": 100788.0, "load": 5.37890625}
{"event": "step", "step": 98300, "loss": 4.5298, "lr": 0.0016790245787902237, "gnorm": 1.429, "tok_per_s": 100762.4, "load": 5.23974609375}
{"event": "step", "step": 98400, "loss": 4.5704, "lr": 0.0016768092654308585, "gnorm": 0.935, "tok_per_s": 100783.2, "load": 5.2021484375}
{"event": "step", "step": 98500, "loss": 4.7451, "lr": 0.0016745938798488347, "gnorm": 1.3, "tok_per_s": 100784.2, "load": 5.34619140625}
{"event": "step", "step": 98600, "loss": 4.6215, "lr": 0.0016723784280122775, "gnorm": 2.3, "tok_per_s": 100788.1, "load": 5.51416015625}
{"event": "step", "step": 98700, "loss": 4.5745, "lr": 0.0016701629158894905, "gnorm": 1.855, "tok_per_s": 100804.7, "load": 5.71337890625}
{"event": "step", "step": 98800, "loss": 4.503, "lr": 0.0016679473494489382, "gnorm": 1.159, "tok_per_s": 100787.4, "load": 5.75830078125}
{"event": "step", "step": 98900, "loss": 4.3776, "lr": 0.0016657317346592331, "gnorm": 0.761, "tok_per_s": 100792.2, "load": 5.7890625}
{"event": "step", "step": 99000, "loss": 4.6146, "lr": 0.0016635160774891168, "gnorm": 0.738, "tok_per_s": 100771.5, "load": 5.7255859375}
{"event": "step", "step": 99100, "loss": 4.5652, "lr": 0.001661300383907445, "gnorm": 1.438, "tok_per_s": 100753.1, "load": 5.84228515625}
{"event": "step", "step": 99200, "loss": 4.7037, "lr": 0.001659084659883173, "gnorm": 1.325, "tok_per_s": 100636.2, "load": 11.1357421875}
{"event": "step", "step": 99300, "loss": 4.5267, "lr": 0.0016568689113853365, "gnorm": 0.931, "tok_per_s": 100724.4, "load": 11.205078125}
{"event": "step", "step": 99400, "loss": 4.7152, "lr": 0.0016546531443830375, "gnorm": 0.648, "tok_per_s": 100464.8, "load": 14.29052734375}
{"event": "step", "step": 99500, "loss": 4.2971, "lr": 0.0016524373648454287, "gnorm": 2.018, "tok_per_s": 100780.9, "load": 14.5537109375}
{"event": "step", "step": 99600, "loss": 4.5558, "lr": 0.0016502215787416957, "gnorm": 0.714, "tok_per_s": 100792.1, "load": 14.830078125}
{"event": "step", "step": 99700, "loss": 4.613, "lr": 0.0016480057920410425, "gnorm": 0.843, "tok_per_s": 100762.0, "load": 15.09033203125}
{"event": "step", "step": 99800, "loss": 4.6634, "lr": 0.001645790010712673, "gnorm": 0.915, "tok_per_s": 100789.8, "load": 15.32373046875}
{"event": "step", "step": 99900, "loss": 4.6064, "lr": 0.0016435742407257788, "gnorm": 1.204, "tok_per_s": 100734.6, "load": 15.59423828125}
{"event": "step", "step": 100000, "loss": 4.5537, "lr": 0.0016413584880495197, "gnorm": 0.868, "tok_per_s": 100733.4, "load": 20.05078125}
eval 100000 {'bpb': 1.4930144711479791, 'nats_per_token': 4.5016184023749926, 'tokens': 16379, 'bytes': 71247}
{"event": "step", "step": 100100, "loss": 4.5414, "lr": 0.0016391427586530099, "gnorm": 1.705, "tok_per_s": 64893.2, "load": 19.36669921875}
{"event": "step", "step": 100200, "loss": 4.5444, "lr": 0.0016369270585052987, "gnorm": 0.656, "tok_per_s": 100879.2, "load": 18.61474609375}
{"event": "step", "step": 100300, "loss": 4.5849, "lr": 0.0016347113935753594, "gnorm": 0.81, "tok_per_s": 100855.4, "load": 18.05859375}
{"event": "step", "step": 100400, "loss": 4.5201, "lr": 0.0016324957698320684, "gnorm": 0.646, "tok_per_s": 100856.1, "load": 17.8134765625}
{"event": "step", "step": 100500, "loss": 4.7311, "lr": 0.0016302801932441921, "gnorm": 1.197, "tok_per_s": 100820.2, "load": 17.4541015625}
{"event": "step", "step": 100600, "loss": 4.7124, "lr": 0.00162806466978037, "gnorm": 1.24, "tok_per_s": 100813.7, "load": 17.41748046875}
{"event": "step", "step": 100700, "loss": 4.5664, "lr": 0.001625849205409097, "gnorm": 0.613, "tok_per_s": 100820.6, "load": 16.8115234375}
{"event": "step", "step": 100800, "loss": 4.5727, "lr": 0.0016236338060987114, "gnorm": 1.569, "tok_per_s": 100796.9, "load": 16.14501953125}
{"event": "step", "step": 100900, "loss": 4.6399, "lr": 0.0016214184778173735, "gnorm": 0.912, "tok_per_s": 100700.6, "load": 15.81298828125}
{"event": "step", "step": 101000, "loss": 4.7942, "lr": 0.0016192032265330539, "gnorm": 0.661, "tok_per_s": 100669.3, "load": 15.53369140625}
{"event": "step", "step": 101100, "loss": 4.6156, "lr": 0.0016169880582135151, "gnorm": 1.762, "tok_per_s": 100660.3, "load": 15.2236328125}
{"event": "step", "step": 101200, "loss": 4.5053, "lr": 0.0016147729788262976, "gnorm": 1.019, "tok_per_s": 100571.0, "load": 15.04541015625}
{"event": "step", "step": 101300, "loss": 4.6036, "lr": 0.001612557994338699, "gnorm": 0.845, "tok_per_s": 100649.3, "load": 14.73046875}
{"event": "step", "step": 101400, "loss": 4.5347, "lr": 0.0016103431107177648, "gnorm": 0.707, "tok_per_s": 100555.5, "load": 14.390625}
{"event": "step", "step": 101500, "loss": 4.4629, "lr": 0.0016081283339302668, "gnorm": 1.31, "tok_per_s": 100603.2, "load": 14.27880859375}
{"event": "step", "step": 101600, "loss": 4.5874, "lr": 0.00160591366994269, "gnorm": 2.128, "tok_per_s": 100481.5, "load": 14.08837890625}
{"event": "step", "step": 101700, "loss": 4.6836, "lr": 0.001603699124721214, "gnorm": 1.547, "tok_per_s": 100499.6, "load": 13.84033203125}
{"event": "step", "step": 101800, "loss": 4.3619, "lr": 0.0016014847042317005, "gnorm": 1.81, "tok_per_s": 100618.8, "load": 13.853515625}
{"event": "step", "step": 101900, "loss": 4.6365, "lr": 0.0015992704144396734, "gnorm": 1.456, "tok_per_s": 100523.1, "load": 13.568359375}
{"event": "step", "step": 102000, "loss": 4.6323, "lr": 0.001597056261310306, "gnorm": 0.87, "tok_per_s": 100710.0, "load": 13.60302734375}
{"event": "step", "step": 102100, "loss": 4.6205, "lr": 0.0015948422508084018, "gnorm": 2.078, "tok_per_s": 100539.4, "load": 13.4365234375}
{"event": "step", "step": 102200, "loss": 4.6432, "lr": 0.0015926283888983818, "gnorm": 1.926, "tok_per_s": 100644.2, "load": 13.36279296875}
{"event": "step", "step": 102300, "loss": 4.5577, "lr": 0.0015904146815442653, "gnorm": 1.389, "tok_per_s": 100697.9, "load": 13.33349609375}
{"event": "step", "step": 102400, "loss": 4.5311, "lr": 0.0015882011347096562, "gnorm": 1.493, "tok_per_s": 100462.2, "load": 13.27587890625}
{"event": "step", "step": 102500, "loss": 4.5027, "lr": 0.001585987754357725, "gnorm": 1.477, "tok_per_s": 100719.0, "load": 13.22705078125}
{"event": "step", "step": 102600, "loss": 4.5031, "lr": 0.0015837745464511944, "gnorm": 0.745, "tok_per_s": 100653.1, "load": 18.09375}
{"event": "step", "step": 102700, "loss": 4.6698, "lr": 0.0015815615169523236, "gnorm": 0.702, "tok_per_s": 100723.0, "load": 17.3037109375}
{"event": "step", "step": 102800, "loss": 4.5128, "lr": 0.001579348671822888, "gnorm": 1.118, "tok_per_s": 100677.1, "load": 16.64794921875}
{"event": "step", "step": 102900, "loss": 4.532, "lr": 0.0015771360170241703, "gnorm": 0.782, "tok_per_s": 100618.1, "load": 16.275390625}
{"event": "step", "step": 103000, "loss": 4.5605, "lr": 0.0015749235585169367, "gnorm": 1.088, "tok_per_s": 100669.7, "load": 15.8447265625}
{"event": "step", "step": 103100, "loss": 4.7045, "lr": 0.0015727113022614278, "gnorm": 1.531, "tok_per_s": 100637.3, "load": 15.53662109375}
{"event": "step", "step": 103200, "loss": 4.5603, "lr": 0.001570499254217337, "gnorm": 0.871, "tok_per_s": 100707.1, "load": 15.1396484375}
{"event": "step", "step": 103300, "loss": 4.5995, "lr": 0.0015682874203437982, "gnorm": 0.725, "tok_per_s": 100586.9, "load": 14.890625}
{"event": "step", "step": 103400, "loss": 4.59, "lr": 0.0015660758065993673, "gnorm": 1.422, "tok_per_s": 100717.1, "load": 14.73876953125}
{"event": "step", "step": 103500, "loss": 4.3728, "lr": 0.0015638644189420088, "gnorm": 1.058, "tok_per_s": 100634.8, "load": 14.390625}
{"event": "step", "step": 103600, "loss": 4.5081, "lr": 0.0015616532633290754, "gnorm": 0.986, "tok_per_s": 100659.1, "load": 18.6767578125}
{"event": "step", "step": 103700, "loss": 4.4262, "lr": 0.0015594423457172982, "gnorm": 1.992, "tok_per_s": 100706.8, "load": 18.22216796875}
{"event": "step", "step": 103800, "loss": 4.5617, "lr": 0.0015572316720627638, "gnorm": 2.39, "tok_per_s": 100700.0, "load": 17.49267578125}
{"event": "step", "step": 103900, "loss": 4.6749, "lr": 0.0015550212483209042, "gnorm": 1.256, "tok_per_s": 100729.1, "load": 16.87548828125}
{"event": "step", "step": 104000, "loss": 4.5197, "lr": 0.001552811080446476, "gnorm": 0.745, "tok_per_s": 100711.8, "load": 16.64501953125}
{"event": "step", "step": 104100, "loss": 4.4506, "lr": 0.0015506011743935486, "gnorm": 0.98, "tok_per_s": 100625.4, "load": 16.08447265625}
{"event": "step", "step": 104200, "loss": 4.6624, "lr": 0.0015483915361154837, "gnorm": 1.981, "tok_per_s": 100661.4, "load": 15.68994140625}
{"event": "step", "step": 104300, "loss": 4.5316, "lr": 0.0015461821715649243, "gnorm": 0.69, "tok_per_s": 100706.3, "load": 15.39404296875}
{"event": "step", "step": 104400, "loss": 4.5852, "lr": 0.0015439730866937736, "gnorm": 0.707, "tok_per_s": 100659.2, "load": 15.03173828125}
{"event": "step", "step": 104500, "loss": 4.5703, "lr": 0.0015417642874531834, "gnorm": 0.812, "tok_per_s": 100666.0, "load": 14.94873046875}
{"event": "step", "step": 104600, "loss": 4.5851, "lr": 0.0015395557797935337, "gnorm": 1.096, "tok_per_s": 100590.8, "load": 14.64892578125}
{"event": "step", "step": 104700, "loss": 4.7108, "lr": 0.0015373475696644214, "gnorm": 1.144, "tok_per_s": 100574.2, "load": 14.39501953125}
{"event": "step", "step": 104800, "loss": 4.7146, "lr": 0.0015351396630146402, "gnorm": 0.921, "tok_per_s": 100658.8, "load": 14.36328125}
{"event": "step", "step": 104900, "loss": 4.5398, "lr": 0.001532932065792167, "gnorm": 2.534, "tok_per_s": 100691.0, "load": 14.15966796875}
{"event": "step", "step": 105000, "loss": 4.5804, "lr": 0.0015307247839441453, "gnorm": 0.99, "tok_per_s": 100647.7, "load": 14.56396484375}
{"event": "step", "step": 105100, "loss": 4.5629, "lr": 0.001528517823416868, "gnorm": 0.907, "tok_per_s": 64319.2, "load": 14.4765625}
{"event": "step", "step": 105200, "loss": 4.503, "lr": 0.0015263111901557638, "gnorm": 0.81, "tok_per_s": 100631.6, "load": 14.2490234375}
{"event": "step", "step": 105300, "loss": 4.5449, "lr": 0.001524104890105378, "gnorm": 1.018, "tok_per_s": 100760.2, "load": 14.22900390625}
{"event": "step", "step": 105400, "loss": 4.6197, "lr": 0.0015218989292093605, "gnorm": 1.837, "tok_per_s": 100730.8, "load": 17.0732421875}
{"event": "step", "step": 105500, "loss": 4.5864, "lr": 0.0015196933134104449, "gnorm": 1.065, "tok_per_s": 100712.9, "load": 16.3662109375}
{"event": "step", "step": 105600, "loss": 4.5271, "lr": 0.0015174880486504374, "gnorm": 1.28, "tok_per_s": 100709.7, "load": 16.17626953125}
{"event": "step", "step": 105700, "loss": 4.6608, "lr": 0.001515283140870197, "gnorm": 0.985, "tok_per_s": 100697.3, "load": 15.53369140625}
{"event": "step", "step": 105800, "loss": 4.6285, "lr": 0.001513078596009623, "gnorm": 1.111, "tok_per_s": 100770.8, "load": 15.13720703125}
{"event": "step", "step": 105900, "loss": 4.4343, "lr": 0.0015108744200076334, "gnorm": 1.15, "tok_per_s": 100647.6, "load": 15.0458984375}
{"event": "step", "step": 106000, "loss": 4.4847, "lr": 0.0015086706188021568, "gnorm": 0.837, "tok_per_s": 100707.0, "load": 14.724609375}
{"event": "step", "step": 106100, "loss": 4.3986, "lr": 0.0015064671983301091, "gnorm": 2.283, "tok_per_s": 100661.3, "load": 14.53271484375}
{"event": "step", "step": 106200, "loss": 4.419, "lr": 0.001504264164527382, "gnorm": 0.733, "tok_per_s": 100645.9, "load": 14.32958984375}
{"event": "step", "step": 106300, "loss": 4.7997, "lr": 0.0015020615233288246, "gnorm": 0.665, "tok_per_s": 100741.8, "load": 14.1982421875}
{"event": "step", "step": 106400, "loss": 4.6059, "lr": 0.001499859280668229, "gnorm": 1.045, "tok_per_s": 100702.3, "load": 14.2626953125}
{"event": "step", "step": 106500, "loss": 4.7354, "lr": 0.0014976574424783132, "gnorm": 1.201, "tok_per_s": 100730.0, "load": 14.1416015625}
{"event": "step", "step": 106600, "loss": 4.4006, "lr": 0.0014954560146907064, "gnorm": 0.951, "tok_per_s": 100605.3, "load": 13.96533203125}
{"event": "step", "step": 106700, "loss": 4.4276, "lr": 0.001493255003235931, "gnorm": 0.811, "tok_per_s": 100278.4, "load": 13.8076171875}
{"event": "step", "step": 106800, "loss": 4.5693, "lr": 0.001491054414043389, "gnorm": 1.375, "tok_per_s": 100410.7, "load": 13.763671875}
{"event": "step", "step": 106900, "loss": 4.4227, "lr": 0.0014888542530413437, "gnorm": 1.24, "tok_per_s": 100647.8, "load": 13.6396484375}
{"event": "step", "step": 107000, "loss": 4.5714, "lr": 0.0014866545261569065, "gnorm": 0.898, "tok_per_s": 100700.0, "load": 13.58837890625}
{"event": "step", "step": 107100, "loss": 4.5102, "lr": 0.0014844552393160168, "gnorm": 0.842, "tok_per_s": 100686.1, "load": 13.49755859375}
{"event": "step", "step": 107200, "loss": 4.3392, "lr": 0.0014822563984434314, "gnorm": 0.551, "tok_per_s": 100683.0, "load": 13.64892578125}
{"event": "step", "step": 107300, "loss": 4.6979, "lr": 0.0014800580094627039, "gnorm": 0.793, "tok_per_s": 100716.9, "load": 13.5966796875}
{"event": "step", "step": 107400, "loss": 4.53, "lr": 0.0014778600782961707, "gnorm": 0.64, "tok_per_s": 100651.6, "load": 14.8984375}
{"event": "step", "step": 107500, "loss": 4.485, "lr": 0.0014756626108649354, "gnorm": 1.521, "tok_per_s": 100663.8, "load": 14.60595703125}
{"event": "step", "step": 107600, "loss": 4.6863, "lr": 0.001473465613088852, "gnorm": 1.264, "tok_per_s": 100668.0, "load": 19.2822265625}
{"event": "step", "step": 107700, "loss": 4.4995, "lr": 0.0014712690908865091, "gnorm": 0.947, "tok_per_s": 100726.8, "load": 18.3896484375}
{"event": "step", "step": 107800, "loss": 4.4188, "lr": 0.0014690730501752147, "gnorm": 1.155, "tok_per_s": 100669.6, "load": 17.8779296875}
{"event": "step", "step": 107900, "loss": 4.627, "lr": 0.0014668774968709796, "gnorm": 0.944, "tok_per_s": 100665.7, "load": 17.201171875}
{"event": "step", "step": 108000, "loss": 4.6069, "lr": 0.0014646824368884997, "gnorm": 1.6, "tok_per_s": 100704.6, "load": 16.5615234375}
{"event": "step", "step": 108100, "loss": 4.4577, "lr": 0.001462487876141146, "gnorm": 0.901, "tok_per_s": 100639.5, "load": 16.19580078125}
{"event": "step", "step": 108200, "loss": 4.6947, "lr": 0.0014602938205409402, "gnorm": 0.913, "tok_per_s": 100725.3, "load": 15.78369140625}
{"event": "step", "step": 108300, "loss": 4.6626, "lr": 0.0014581002759985464, "gnorm": 0.679, "tok_per_s": 100699.5, "load": 15.44189453125}
{"event": "step", "step": 108400, "loss": 4.5931, "lr": 0.0014559072484232492, "gnorm": 0.789, "tok_per_s": 100746.6, "load": 15.40625}
{"event": "step", "step": 108500, "loss": 4.7172, "lr": 0.001453714743722943, "gnorm": 0.844, "tok_per_s": 100774.0, "load": 15.04248046875}
{"event": "step", "step": 108600, "loss": 4.66, "lr": 0.001451522767804112, "gnorm": 2.227, "tok_per_s": 100678.9, "load": 14.7216796875}
{"event": "step", "step": 108700, "loss": 4.5129, "lr": 0.0014493313265718172, "gnorm": 1.363, "tok_per_s": 100767.3, "load": 14.66357421875}
{"event": "step", "step": 108800, "loss": 4.5669, "lr": 0.001447140425929677, "gnorm": 0.982, "tok_per_s": 100689.7, "load": 14.25390625}
{"event": "step", "step": 108900, "loss": 4.6559, "lr": 0.0014449500717798565, "gnorm": 1.915, "tok_per_s": 100726.1, "load": 14.2333984375}
{"event": "step", "step": 109000, "loss": 4.375, "lr": 0.0014427602700230453, "gnorm": 1.245, "tok_per_s": 100759.4, "load": 14.0498046875}
{"event": "step", "step": 109100, "loss": 4.6031, "lr": 0.0014405710265584487, "gnorm": 0.65, "tok_per_s": 100608.3, "load": 13.88134765625}
{"event": "step", "step": 109200, "loss": 4.4906, "lr": 0.0014383823472837638, "gnorm": 1.107, "tok_per_s": 100705.5, "load": 13.89111328125}
{"event": "step", "step": 109300, "loss": 4.633, "lr": 0.0014361942380951708, "gnorm": 0.78, "tok_per_s": 100643.2, "load": 13.67333984375}
{"event": "step", "step": 109400, "loss": 4.7121, "lr": 0.001434006704887313, "gnorm": 1.588, "tok_per_s": 100526.9, "load": 23.33935546875}
{"event": "step", "step": 109500, "loss": 4.5233, "lr": 0.0014318197535532822, "gnorm": 0.861, "tok_per_s": 100699.7, "load": 22.75146484375}
{"event": "step", "step": 109600, "loss": 4.6149, "lr": 0.0014296333899846035, "gnorm": 0.788, "tok_per_s": 100714.0, "load": 21.3251953125}
{"event": "step", "step": 109700, "loss": 4.506, "lr": 0.001427447620071216, "gnorm": 1.323, "tok_per_s": 100757.0, "load": 24.53857421875}
{"event": "step", "step": 109800, "loss": 4.6158, "lr": 0.001425262449701463, "gnorm": 1.089, "tok_per_s": 100702.7, "load": 23.6142578125}
{"event": "step", "step": 109900, "loss": 4.4553, "lr": 0.0014230778847620698, "gnorm": 2.328, "tok_per_s": 100753.0, "load": 22.0556640625}
{"event": "step", "step": 110000, "loss": 4.7068, "lr": 0.001420893931138133, "gnorm": 1.646, "tok_per_s": 100732.5, "load": 24.0517578125}
{"event": "step", "step": 110100, "loss": 4.451, "lr": 0.0014187105947131, "gnorm": 1.411, "tok_per_s": 64194.5, "load": 22.666015625}
{"event": "step", "step": 110200, "loss": 4.5133, "lr": 0.0014165278813687576, "gnorm": 0.904, "tok_per_s": 100829.6, "load": 21.3330078125}
{"event": "step", "step": 110300, "loss": 4.5187, "lr": 0.0014143457969852126, "gnorm": 0.686, "tok_per_s": 100831.3, "load": 20.74560546875}
{"event": "step", "step": 110400, "loss": 4.699, "lr": 0.0014121643474408788, "gnorm": 0.878, "tok_per_s": 100778.2, "load": 19.85546875}
{"event": "step", "step": 110500, "loss": 4.6948, "lr": 0.0014099835386124574, "gnorm": 0.703, "tok_per_s": 100810.9, "load": 19.84228515625}
{"event": "step", "step": 110600, "loss": 4.7277, "lr": 0.001407803376374927, "gnorm": 0.814, "tok_per_s": 100782.8, "load": 19.2939453125}
{"event": "step", "step": 110700, "loss": 4.6405, "lr": 0.0014056238666015212, "gnorm": 0.639, "tok_per_s": 100801.8, "load": 18.251953125}
{"event": "step", "step": 110800, "loss": 4.5765, "lr": 0.0014034450151637178, "gnorm": 0.665, "tok_per_s": 100793.5, "load": 17.44384765625}
{"event": "step", "step": 110900, "loss": 4.5063, "lr": 0.0014012668279312196, "gnorm": 1.082, "tok_per_s": 100738.4, "load": 17.087890625}
{"event": "step", "step": 111000, "loss": 4.5083, "lr": 0.001399089310771942, "gnorm": 0.609, "tok_per_s": 100760.2, "load": 16.45263671875}
{"event": "step", "step": 111100, "loss": 4.454, "lr": 0.001396912469551993, "gnorm": 1.242, "tok_per_s": 100670.0, "load": 16.095703125}
{"event": "step", "step": 111200, "loss": 4.5173, "lr": 0.0013947363101356619, "gnorm": 1.598, "tok_per_s": 100629.3, "load": 15.69287109375}
{"event": "step", "step": 111300, "loss": 4.5832, "lr": 0.001392560838385399, "gnorm": 0.686, "tok_per_s": 100662.7, "load": 15.2783203125}
{"event": "step", "step": 111400, "loss": 4.7125, "lr": 0.0013903860601618043, "gnorm": 1.424, "tok_per_s": 100686.2, "load": 15.015625}
{"event": "step", "step": 111500, "loss": 4.619, "lr": 0.0013882119813236073, "gnorm": 1.258, "tok_per_s": 100725.8, "load": 14.8525390625}
{"event": "step", "step": 111600, "loss": 4.4744, "lr": 0.0013860386077276558, "gnorm": 1.103, "tok_per_s": 100677.0, "load": 15.24365234375}
{"event": "step", "step": 111700, "loss": 4.6395, "lr": 0.0013838659452288951, "gnorm": 0.614, "tok_per_s": 100667.4, "load": 14.98388671875}
{"event": "step", "step": 111800, "loss": 4.5661, "lr": 0.001381693999680357, "gnorm": 1.054, "tok_per_s": 100657.2, "load": 14.75830078125}
{"event": "step", "step": 111900, "loss": 4.5986, "lr": 0.0013795227769331409, "gnorm": 0.747, "tok_per_s": 100734.4, "load": 14.49365234375}
{"event": "step", "step": 112000, "loss": 4.6717, "lr": 0.0013773522828363987, "gnorm": 0.789, "tok_per_s": 100712.6, "load": 14.53466796875}
{"event": "step", "step": 112100, "loss": 4.5371, "lr": 0.001375182523237321, "gnorm": 1.234, "tok_per_s": 100656.3, "load": 14.3046875}
{"event": "step", "step": 112200, "loss": 4.4057, "lr": 0.001373013503981117, "gnorm": 0.962, "tok_per_s": 100690.5, "load": 14.47265625}
{"event": "step", "step": 112300, "loss": 4.4877, "lr": 0.001370845230911004, "gnorm": 0.919, "tok_per_s": 100709.5, "load": 14.4345703125}
{"event": "step", "step": 112400, "loss": 4.505, "lr": 0.0013686777098681872, "gnorm": 0.787, "tok_per_s": 100703.2, "load": 14.2197265625}
{"event": "step", "step": 112500, "loss": 4.4394, "lr": 0.001366510946691848, "gnorm": 1.002, "tok_per_s": 100664.1, "load": 14.12158203125}
{"event": "step", "step": 112600, "loss": 4.641, "lr": 0.0013643449472191236, "gnorm": 2.51, "tok_per_s": 100705.3, "load": 14.02880859375}
{"event": "step", "step": 112700, "loss": 4.4329, "lr": 0.0013621797172850962, "gnorm": 0.714, "tok_per_s": 100719.7, "load": 13.8701171875}
{"event": "step", "step": 112800, "loss": 4.7876, "lr": 0.001360015262722773, "gnorm": 0.81, "tok_per_s": 100715.4, "load": 13.880859375}
{"event": "step", "step": 112900, "loss": 4.6013, "lr": 0.0013578515893630742, "gnorm": 0.749, "tok_per_s": 100688.8, "load": 13.67138671875}
{"event": "step", "step": 113000, "loss": 4.4696, "lr": 0.0013556887030348134, "gnorm": 0.835, "tok_per_s": 100718.8, "load": 13.4873046875}
{"event": "step", "step": 113100, "loss": 4.5579, "lr": 0.001353526609564686, "gnorm": 1.561, "tok_per_s": 100725.8, "load": 13.60888671875}
{"event": "step", "step": 113200, "loss": 4.5626, "lr": 0.0013513653147772498, "gnorm": 0.88, "tok_per_s": 100607.0, "load": 13.51513671875}
{"event": "step", "step": 113300, "loss": 4.4766, "lr": 0.0013492048244949128, "gnorm": 0.764, "tok_per_s": 100681.9, "load": 13.59033203125}
{"event": "step", "step": 113400, "loss": 4.6388, "lr": 0.0013470451445379136, "gnorm": 0.768, "tok_per_s": 100653.4, "load": 13.54296875}
{"event": "step", "step": 113500, "loss": 4.4655, "lr": 0.0013448862807243097, "gnorm": 1.033, "tok_per_s": 100657.8, "load": 13.53271484375}
{"event": "step", "step": 113600, "loss": 4.5989, "lr": 0.0013427282388699588, "gnorm": 2.558, "tok_per_s": 100615.4, "load": 13.48974609375}
{"event": "step", "step": 113700, "loss": 4.4881, "lr": 0.001340571024788505, "gnorm": 1.303, "tok_per_s": 100662.2, "load": 13.49462890625}
{"event": "step", "step": 113800, "loss": 4.4499, "lr": 0.0013384146442913618, "gnorm": 0.663, "tok_per_s": 100606.3, "load": 13.57861328125}
{"event": "step", "step": 113900, "loss": 4.4724, "lr": 0.0013362591031876973, "gnorm": 0.741, "tok_per_s": 100545.5, "load": 13.5322265625}
{"event": "step", "step": 114000, "loss": 4.592, "lr": 0.0013341044072844184, "gnorm": 1.611, "tok_per_s": 100665.7, "load": 13.44970703125}
{"event": "step", "step": 114100, "loss": 4.3557, "lr": 0.001331950562386155, "gnorm": 0.854, "tok_per_s": 100646.1, "load": 13.30029296875}
{"event": "step", "step": 114200, "loss": 4.6059, "lr": 0.001329797574295245, "gnorm": 1.085, "tok_per_s": 100670.4, "load": 13.27587890625}
{"event": "step", "step": 114300, "loss": 4.5808, "lr": 0.001327645448811717, "gnorm": 0.818, "tok_per_s": 100658.1, "load": 13.23291015625}
{"event": "step", "step": 114400, "loss": 4.429, "lr": 0.001325494191733277, "gnorm": 1.134, "tok_per_s": 100668.7, "load": 13.1962890625}
{"event": "step", "step": 114500, "loss": 4.529, "lr": 0.0013233438088552905, "gnorm": 1.911, "tok_per_s": 100674.8, "load": 13.18017578125}
{"event": "step", "step": 114600, "loss": 4.6089, "lr": 0.0013211943059707682, "gnorm": 1.266, "tok_per_s": 100666.4, "load": 13.22607421875}
{"event": "step", "step": 114700, "loss": 4.4892, "lr": 0.001319045688870351, "gnorm": 0.733, "tok_per_s": 100692.6, "load": 13.1171875}
{"event": "step", "step": 114800, "loss": 4.4657, "lr": 0.0013168979633422927, "gnorm": 0.902, "tok_per_s": 100721.6, "load": 13.02734375}
{"event": "step", "step": 114900, "loss": 4.5066, "lr": 0.0013147511351724451, "gnorm": 0.983, "tok_per_s": 100743.0, "load": 13.244140625}
{"event": "step", "step": 115000, "loss": 4.6013, "lr": 0.0013126052101442435, "gnorm": 1.067, "tok_per_s": 100713.5, "load": 13.14404296875}
{"event": "step", "step": 115100, "loss": 4.6122, "lr": 0.0013104601940386888, "gnorm": 1.504, "tok_per_s": 64654.3, "load": 13.26025390625}
{"event": "step", "step": 115200, "loss": 4.6395, "lr": 0.0013083160926343346, "gnorm": 1.069, "tok_per_s": 100807.2, "load": 16.06494140625}
{"event": "step", "step": 115300, "loss": 4.6696, "lr": 0.0013061729117072698, "gnorm": 3.201, "tok_per_s": 100777.2, "load": 15.7392578125}
{"event": "step", "step": 115400, "loss": 4.6345, "lr": 0.001304030657031104, "gnorm": 0.987, "tok_per_s": 100603.1, "load": 15.31103515625}
{"event": "step", "step": 115500, "loss": 4.5304, "lr": 0.0013018893343769507, "gnorm": 2.205, "tok_per_s": 100736.6, "load": 15.1220703125}
{"event": "step", "step": 115600, "loss": 4.5833, "lr": 0.0012997489495134137, "gnorm": 1.016, "tok_per_s": 100774.4, "load": 14.95166015625}
{"event": "step", "step": 115700, "loss": 4.4422, "lr": 0.0012976095082065692, "gnorm": 0.741, "tok_per_s": 100765.0, "load": 14.87890625}
{"event": "step", "step": 115800, "loss": 4.652, "lr": 0.0012954710162199525, "gnorm": 0.979, "tok_per_s": 100750.3, "load": 14.72802734375}
{"event": "step", "step": 115900, "loss": 4.4571, "lr": 0.0012933334793145406, "gnorm": 0.749, "tok_per_s": 100774.1, "load": 14.3818359375}
{"event": "step", "step": 116000, "loss": 4.6459, "lr": 0.0012911969032487387, "gnorm": 1.267, "tok_per_s": 100777.3, "load": 14.01513671875}
{"event": "step", "step": 116100, "loss": 4.5302, "lr": 0.001289061293778362, "gnorm": 0.627, "tok_per_s": 100755.0, "load": 14.013671875}
{"event": "step", "step": 116200, "loss": 4.5896, "lr": 0.0012869266566566241, "gnorm": 0.657, "tok_per_s": 100767.9, "load": 13.9306640625}
{"event": "step", "step": 116300, "loss": 4.4627, "lr": 0.0012847929976341167, "gnorm": 0.58, "tok_per_s": 100741.5, "load": 13.787109375}
{"event": "step", "step": 116400, "loss": 4.6046, "lr": 0.0012826603224587974, "gnorm": 1.048, "tok_per_s": 100667.1, "load": 13.80419921875}
{"event": "step", "step": 116500, "loss": 4.4923, "lr": 0.0012805286368759747, "gnorm": 1.654, "tok_per_s": 100746.7, "load": 13.7607421875}
{"event": "step", "step": 116600, "loss": 4.5909, "lr": 0.0012783979466282891, "gnorm": 0.854, "tok_per_s": 100716.7, "load": 13.79833984375}
{"event": "step", "step": 116700, "loss": 4.4843, "lr": 0.001276268257455701, "gnorm": 0.772, "tok_per_s": 100729.5, "load": 13.734375}
{"event": "step", "step": 116800, "loss": 4.4025, "lr": 0.0012741395750954733, "gnorm": 0.713, "tok_per_s": 100681.9, "load": 13.541015625}
{"event": "step", "step": 116900, "loss": 4.4604, "lr": 0.0012720119052821576, "gnorm": 1.184, "tok_per_s": 100658.5, "load": 13.49755859375}
{"event": "step", "step": 117000, "loss": 4.5516, "lr": 0.001269885253747576, "gnorm": 1.314, "tok_per_s": 100658.0, "load": 13.427734375}
{"event": "step", "step": 117100, "loss": 4.708, "lr": 0.0012677596262208098, "gnorm": 0.891, "tok_per_s": 100644.3, "load": 13.50927734375}
{"event": "step", "step": 117200, "loss": 4.5263, "lr": 0.0012656350284281788, "gnorm": 0.899, "tok_per_s": 100577.5, "load": 13.548828125}
{"event": "step", "step": 117300, "loss": 4.5603, "lr": 0.0012635114660932323, "gnorm": 2.091, "tok_per_s": 100740.1, "load": 13.4638671875}
{"event": "step", "step": 117400, "loss": 4.4906, "lr": 0.0012613889449367265, "gnorm": 0.655, "tok_per_s": 100704.2, "load": 13.3857421875}
{"event": "step", "step": 117500, "loss": 4.6016, "lr": 0.0012592674706766156, "gnorm": 1.381, "tok_per_s": 100725.6, "load": 13.43505859375}
{"event": "step", "step": 117600, "loss": 4.5314, "lr": 0.0012571470490280313, "gnorm": 1.128, "tok_per_s": 100600.3, "load": 18.3271484375}
{"event": "step", "step": 117700, "loss": 4.5662, "lr": 0.0012550276857032712, "gnorm": 0.89, "tok_per_s": 100712.2, "load": 17.587890625}
{"event": "step", "step": 117800, "loss": 4.6028, "lr": 0.0012529093864117808, "gnorm": 0.625, "tok_per_s": 100723.1, "load": 17.22021484375}
{"event": "step", "step": 117900, "loss": 4.5223, "lr": 0.0012507921568601407, "gnorm": 0.824, "tok_per_s": 100507.0, "load": 16.65087890625}
{"event": "step", "step": 118000, "loss": 4.4358, "lr": 0.0012486760027520469, "gnorm": 0.906, "tok_per_s": 100714.4, "load": 16.08935546875}
{"event": "step", "step": 118100, "loss": 4.4216, "lr": 0.001246560929788302, "gnorm": 0.863, "tok_per_s": 100679.1, "load": 15.76171875}
{"event": "step", "step": 118200, "loss": 4.5914, "lr": 0.001244446943666792, "gnorm": 2.599, "tok_per_s": 100717.8, "load": 15.3369140625}
{"event": "step", "step": 118300, "loss": 4.4711, "lr": 0.0012423340500824786, "gnorm": 0.621, "tok_per_s": 100737.7, "load": 15.1494140625}
{"event": "step", "step": 118400, "loss": 4.4772, "lr": 0.0012402222547273772, "gnorm": 0.968, "tok_per_s": 100690.9, "load": 14.818359375}
{"event": "step", "step": 118500, "loss": 4.6286, "lr": 0.0012381115632905469, "gnorm": 0.945, "tok_per_s": 100715.7, "load": 14.54443359375}
{"event": "step", "step": 118600, "loss": 4.6259, "lr": 0.0012360019814580728, "gnorm": 1.348, "tok_per_s": 100709.6, "load": 14.5810546875}
{"event": "step", "step": 118700, "loss": 4.5981, "lr": 0.0012338935149130482, "gnorm": 0.781, "tok_per_s": 100706.7, "load": 14.18359375}
{"event": "step", "step": 118800, "loss": 4.6211, "lr": 0.0012317861693355659, "gnorm": 0.82, "tok_per_s": 100733.5, "load": 13.99462890625}
{"event": "step", "step": 118900, "loss": 4.3923, "lr": 0.0012296799504026947, "gnorm": 0.995, "tok_per_s": 100714.3, "load": 13.91455078125}
{"event": "step", "step": 119000, "loss": 4.5295, "lr": 0.0012275748637884721, "gnorm": 0.715, "tok_per_s": 100696.7, "load": 13.84765625}
{"event": "step", "step": 119100, "loss": 4.5944, "lr": 0.0012254709151638822, "gnorm": 0.831, "tok_per_s": 100708.2, "load": 13.87109375}
{"event": "step", "step": 119200, "loss": 4.5504, "lr": 0.0012233681101968454, "gnorm": 0.674, "tok_per_s": 100716.2, "load": 13.80126953125}
{"event": "step", "step": 119300, "loss": 4.6872, "lr": 0.0012212664545521992, "gnorm": 1.041, "tok_per_s": 100653.1, "load": 13.75830078125}
{"event": "step", "step": 119400, "loss": 4.724, "lr": 0.0012191659538916878, "gnorm": 1.01, "tok_per_s": 100723.3, "load": 13.697265625}
{"event": "step", "step": 119500, "loss": 4.3639, "lr": 0.0012170666138739408, "gnorm": 0.783, "tok_per_s": 100693.2, "load": 13.669921875}
{"event": "step", "step": 119600, "loss": 4.4845, "lr": 0.001214968440154463, "gnorm": 0.781, "tok_per_s": 100742.5, "load": 13.4931640625}
{"event": "step", "step": 119700, "loss": 4.3687, "lr": 0.001212871438385617, "gnorm": 1.51, "tok_per_s": 100740.9, "load": 13.45361328125}
{"event": "step", "step": 119800, "loss": 4.5707, "lr": 0.001210775614216608, "gnorm": 1.039, "tok_per_s": 100730.5, "load": 13.39013671875}
{"event": "step", "step": 119900, "loss": 4.5606, "lr": 0.0012086809732934681, "gnorm": 0.974, "tok_per_s": 100654.0, "load": 13.25}
{"event": "step", "step": 120000, "loss": 4.4872, "lr": 0.0012065875212590434, "gnorm": 1.59, "tok_per_s": 100756.9, "load": 13.22998046875}
eval 120000 {'bpb': 1.4869331447616123, 'nats_per_token': 4.483282471075768, 'tokens': 16379, 'bytes': 71247}
{"event": "step", "step": 120100, "loss": 4.3748, "lr": 0.0012044952637529753, "gnorm": 1.494, "tok_per_s": 64374.4, "load": 13.4130859375}
{"event": "step", "step": 120200, "loss": 4.6472, "lr": 0.0012024042064116898, "gnorm": 1.011, "tok_per_s": 100831.8, "load": 13.2998046875}
{"event": "step", "step": 120300, "loss": 4.5387, "lr": 0.001200314354868376, "gnorm": 0.727, "tok_per_s": 100801.2, "load": 13.33349609375}
{"event": "step", "step": 120400, "loss": 4.4034, "lr": 0.0011982257147529788, "gnorm": 1.559, "tok_per_s": 100640.1, "load": 13.4365234375}
{"event": "step", "step": 120500, "loss": 4.3391, "lr": 0.0011961382916921763, "gnorm": 1.003, "tok_per_s": 100810.4, "load": 13.48193359375}
{"event": "step", "step": 120600, "loss": 4.6725, "lr": 0.0011940520913093701, "gnorm": 2.494, "tok_per_s": 100800.5, "load": 13.4140625}
{"event": "step", "step": 120700, "loss": 4.6242, "lr": 0.0011919671192246659, "gnorm": 1.706, "tok_per_s": 100734.1, "load": 13.34423828125}
{"event": "step", "step": 120800, "loss": 4.4664, "lr": 0.0011898833810548622, "gnorm": 1.456, "tok_per_s": 100821.6, "load": 13.39697265625}
{"event": "step", "step": 120900, "loss": 4.4003, "lr": 0.0011878008824134335, "gnorm": 0.821, "tok_per_s": 100738.2, "load": 13.181640625}
{"event": "step", "step": 121000, "loss": 4.3833, "lr": 0.0011857196289105133, "gnorm": 1.594, "tok_per_s": 100714.0, "load": 13.1474609375}
{"event": "step", "step": 121100, "loss": 4.519, "lr": 0.0011836396261528826, "gnorm": 1.048, "tok_per_s": 100794.2, "load": 13.05517578125}
{"event": "step", "step": 121200, "loss": 4.5248, "lr": 0.0011815608797439516, "gnorm": 1.218, "tok_per_s": 100759.8, "load": 15.28271484375}
{"event": "step", "step": 121300, "loss": 4.5283, "lr": 0.0011794833952837474, "gnorm": 1.198, "tok_per_s": 100710.4, "load": 15.01123046875}
{"event": "step", "step": 121400, "loss": 4.6794, "lr": 0.0011774071783688955, "gnorm": 0.785, "tok_per_s": 100772.0, "load": 17.2529296875}
{"event": "step", "step": 121500, "loss": 4.6316, "lr": 0.0011753322345926089, "gnorm": 1.341, "tok_per_s": 100727.3, "load": 16.67236328125}
{"event": "step", "step": 121600, "loss": 4.6117, "lr": 0.0011732585695446692, "gnorm": 0.884, "tok_per_s": 100688.6, "load": 16.3779296875}
{"event": "step", "step": 121700, "loss": 4.5479, "lr": 0.0011711861888114138, "gnorm": 0.876, "tok_per_s": 100760.2, "load": 16.1533203125}
{"event": "step", "step": 121800, "loss": 4.497, "lr": 0.0011691150979757207, "gnorm": 0.905, "tok_per_s": 100750.8, "load": 15.748046875}
{"event": "step", "step": 121900, "loss": 4.5454, "lr": 0.0011670453026169925, "gnorm": 0.962, "tok_per_s": 100716.5, "load": 15.52783203125}
{"event": "step", "step": 122000, "loss": 4.5044, "lr": 0.001164976808311141, "gnorm": 0.94, "tok_per_s": 100749.9, "load": 15.3603515625}
{"event": "step", "step": 122100, "loss": 4.7708, "lr": 0.0011629096206305747, "gnorm": 2.787, "tok_per_s": 100676.8, "load": 15.07666015625}
{"event": "step", "step": 122200, "loss": 4.5017, "lr": 0.0011608437451441807, "gnorm": 0.691, "tok_per_s": 100689.4, "load": 19.71533203125}
{"event": "step", "step": 122300, "loss": 4.6116, "lr": 0.0011587791874173128, "gnorm": 1.184, "tok_per_s": 100754.2, "load": 18.68212890625}
{"event": "step", "step": 122400, "loss": 4.6972, "lr": 0.0011567159530117724, "gnorm": 1.035, "tok_per_s": 100756.5, "load": 17.80810546875}
{"event": "step", "step": 122500, "loss": 4.4439, "lr": 0.0011546540474857982, "gnorm": 0.758, "tok_per_s": 100678.6, "load": 17.5029296875}
{"event": "step", "step": 122600, "loss": 4.4939, "lr": 0.0011525934763940476, "gnorm": 0.922, "tok_per_s": 100744.0, "load": 16.89013671875}
{"event": "step", "step": 122700, "loss": 4.6123, "lr": 0.0011505342452875838, "gnorm": 1.705, "tok_per_s": 100735.7, "load": 16.57861328125}
{"event": "step", "step": 122800, "loss": 4.4778, "lr": 0.00114847635971386, "gnorm": 2.166, "tok_per_s": 100682.4, "load": 16.021484375}
{"event": "step", "step": 122900, "loss": 4.4631, "lr": 0.001146419825216705, "gnorm": 1.262, "tok_per_s": 100738.4, "load": 15.48291015625}
{"event": "step", "step": 123000, "loss": 4.5819, "lr": 0.001144364647336306, "gnorm": 0.785, "tok_per_s": 100765.6, "load": 15.36376953125}
{"event": "step", "step": 123100, "loss": 4.6776, "lr": 0.0011423108316091987, "gnorm": 1.309, "tok_per_s": 100625.6, "load": 14.919921875}
{"event": "step", "step": 123200, "loss": 4.4666, "lr": 0.0011402583835682463, "gnorm": 0.864, "tok_per_s": 100756.9, "load": 14.6181640625}
{"event": "step", "step": 123300, "loss": 4.3946, "lr": 0.0011382073087426296, "gnorm": 1.186, "tok_per_s": 100769.0, "load": 14.568359375}
{"event": "step", "step": 123400, "loss": 4.5607, "lr": 0.0011361576126578286, "gnorm": 1.011, "tok_per_s": 100609.6, "load": 14.3203125}
{"event": "step", "step": 123500, "loss": 4.4196, "lr": 0.00113410930083561, "gnorm": 0.887, "tok_per_s": 100773.2, "load": 16.54833984375}
{"event": "step", "step": 123600, "loss": 4.5579, "lr": 0.0011320623787940103, "gnorm": 0.983, "tok_per_s": 100728.0, "load": 16.26416015625}
{"event": "step", "step": 123700, "loss": 4.6614, "lr": 0.0011300168520473235, "gnorm": 0.739, "tok_per_s": 100607.0, "load": 15.681640625}
{"event": "step", "step": 123800, "loss": 4.4811, "lr": 0.001127972726106084, "gnorm": 1.042, "tok_per_s": 100757.5, "load": 15.466796875}
{"event": "step", "step": 123900, "loss": 4.4838, "lr": 0.001125930006477052, "gnorm": 0.645, "tok_per_s": 100749.8, "load": 15.16064453125}
{"event": "step", "step": 124000, "loss": 4.3907, "lr": 0.0011238886986632002, "gnorm": 0.747, "tok_per_s": 100683.7, "load": 14.83447265625}
{"event": "step", "step": 124100, "loss": 4.7279, "lr": 0.0011218488081636963, "gnorm": 0.793, "tok_per_s": 100731.2, "load": 14.6875}
{"event": "step", "step": 124200, "loss": 4.6439, "lr": 0.0011198103404738925, "gnorm": 1.877, "tok_per_s": 100704.7, "load": 14.662109375}
{"event": "step", "step": 124300, "loss": 4.4402, "lr": 0.0011177733010853048, "gnorm": 0.81, "tok_per_s": 100699.4, "load": 14.4736328125}
{"event": "step", "step": 124400, "loss": 4.69, "lr": 0.0011157376954856048, "gnorm": 1.086, "tok_per_s": 100746.2, "load": 14.435546875}
{"event": "step", "step": 124500, "loss": 4.358, "lr": 0.0011137035291585982, "gnorm": 1.033, "tok_per_s": 100718.1, "load": 14.220703125}
{"event": "step", "step": 124600, "loss": 4.6104, "lr": 0.0011116708075842164, "gnorm": 0.9, "tok_per_s": 100604.0, "load": 14.02587890625}
{"event": "step", "step": 124700, "loss": 4.5039, "lr": 0.0011096395362384967, "gnorm": 0.695, "tok_per_s": 100738.0, "load": 13.943359375}
{"event": "step", "step": 124800, "loss": 4.5686, "lr": 0.0011076097205935708, "gnorm": 1.785, "tok_per_s": 100727.0, "load": 13.86572265625}
{"event": "step", "step": 124900, "loss": 4.5329, "lr": 0.0011055813661176466, "gnorm": 1.034, "tok_per_s": 100698.5, "load": 13.806640625}
{"event": "step", "step": 125000, "loss": 4.537, "lr": 0.0011035544782749995, "gnorm": 0.923, "tok_per_s": 100727.1, "load": 13.74169921875}
{"event": "step", "step": 125100, "loss": 4.4263, "lr": 0.00110152906252595, "gnorm": 0.935, "tok_per_s": 65123.6, "load": 13.5712890625}
{"event": "step", "step": 125200, "loss": 4.5161, "lr": 0.001099505124326856, "gnorm": 1.58, "tok_per_s": 100764.8, "load": 13.525390625}
{"event": "step", "step": 125300, "loss": 4.5031, "lr": 0.0010974826691300921, "gnorm": 1.97, "tok_per_s": 100828.2, "load": 13.44384765625}
{"event": "step", "step": 125400, "loss": 4.6381, "lr": 0.00109546170238404, "gnorm": 0.751, "tok_per_s": 100833.4, "load": 13.29541015625}
{"event": "step", "step": 125500, "loss": 4.6622, "lr": 0.0010934422295330712, "gnorm": 0.768, "tok_per_s": 100788.7, "load": 13.271484375}
{"event": "step", "step": 125600, "loss": 4.5808, "lr": 0.0010914242560175315, "gnorm": 0.814, "tok_per_s": 100799.8, "load": 13.31005859375}
{"event": "step", "step": 125700, "loss": 4.5523, "lr": 0.0010894077872737292, "gnorm": 0.835, "tok_per_s": 100809.5, "load": 13.1884765625}
{"event": "step", "step": 125800, "loss": 4.5078, "lr": 0.0010873928287339172, "gnorm": 1.188, "tok_per_s": 100784.8, "load": 13.17333984375}
{"event": "step", "step": 125900, "loss": 4.629, "lr": 0.0010853793858262818, "gnorm": 1.544, "tok_per_s": 100726.6, "load": 13.07275390625}
{"event": "step", "step": 126000, "loss": 4.5726, "lr": 0.0010833674639749238, "gnorm": 0.998, "tok_per_s": 100743.5, "load": 13.2275390625}
{"event": "step", "step": 126100, "loss": 4.7531, "lr": 0.0010813570685998496, "gnorm": 2.44, "tok_per_s": 100753.7, "load": 13.4267578125}
{"event": "step", "step": 126200, "loss": 4.5004, "lr": 0.0010793482051169505, "gnorm": 0.737, "tok_per_s": 100746.8, "load": 13.28076171875}
{"event": "step", "step": 126300, "loss": 4.535, "lr": 0.001077340878937993, "gnorm": 0.685, "tok_per_s": 100737.4, "load": 13.33837890625}
{"event": "step", "step": 126400, "loss": 4.4282, "lr": 0.0010753350954706, "gnorm": 0.885, "tok_per_s": 100731.0, "load": 13.29296875}
{"event": "step", "step": 126500, "loss": 4.3908, "lr": 0.001073330860118241, "gnorm": 0.894, "tok_per_s": 100718.2, "load": 13.388671875}
{"event": "step", "step": 126600, "loss": 4.25, "lr": 0.0010713281782802125, "gnorm": 0.817, "tok_per_s": 100741.0, "load": 13.43798828125}
{"event": "step", "step": 126700, "loss": 4.6649, "lr": 0.001069327055351628, "gnorm": 0.943, "tok_per_s": 100687.6, "load": 13.43798828125}
{"event": "step", "step": 126800, "loss": 4.6614, "lr": 0.0010673274967234, "gnorm": 0.736, "tok_per_s": 100736.1, "load": 13.45068359375}
{"event": "step", "step": 126900, "loss": 4.686, "lr": 0.001065329507782228, "gnorm": 0.738, "tok_per_s": 100723.7, "load": 13.41455078125}
{"event": "step", "step": 127000, "loss": 4.4804, "lr": 0.0010633330939105808, "gnorm": 0.94, "tok_per_s": 100725.0, "load": 13.58544921875}
{"event": "step", "step": 127100, "loss": 4.3559, "lr": 0.001061338260486687, "gnorm": 0.892, "tok_per_s": 100700.4, "load": 13.4580078125}
{"event": "step", "step": 127200, "loss": 4.5633, "lr": 0.001059345012884515, "gnorm": 2.132, "tok_per_s": 100645.1, "load": 13.4609375}
{"event": "step", "step": 127300, "loss": 4.6358, "lr": 0.0010573533564737626, "gnorm": 0.682, "tok_per_s": 100746.9, "load": 13.396484375}
{"event": "step", "step": 127400, "loss": 4.6032, "lr": 0.0010553632966198402, "gnorm": 1.534, "tok_per_s": 100741.9, "load": 13.3642578125}
{"event": "step", "step": 127500, "loss": 4.6711, "lr": 0.001053374838683858, "gnorm": 1.261, "tok_per_s": 100679.1, "load": 13.31494140625}
{"event": "step", "step": 127600, "loss": 4.6431, "lr": 0.001051387988022609, "gnorm": 1.167, "tok_per_s": 100674.6, "load": 13.1923828125}
{"event": "step", "step": 127700, "loss": 4.4885, "lr": 0.0010494027499885585, "gnorm": 1.287, "tok_per_s": 100730.4, "load": 13.25732421875}
{"event": "step", "step": 127800, "loss": 4.686, "lr": 0.0010474191299298266, "gnorm": 1.199, "tok_per_s": 100674.9, "load": 15.427734375}
{"event": "step", "step": 127900, "loss": 4.5498, "lr": 0.0010454371331901737, "gnorm": 1.025, "tok_per_s": 100681.8, "load": 15.12744140625}
{"event": "step", "step": 128000, "loss": 4.4588, "lr": 0.0010434567651089886, "gnorm": 1.562, "tok_per_s": 100738.9, "load": 15.037109375}
{"event": "step", "step": 128100, "loss": 4.5315, "lr": 0.0010414780310212715, "gnorm": 2.019, "tok_per_s": 100666.4, "load": 14.80322265625}
{"event": "step", "step": 128200, "loss": 4.628, "lr": 0.0010395009362576216, "gnorm": 1.166, "tok_per_s": 100710.2, "load": 14.919921875}
{"event": "step", "step": 128300, "loss": 4.7609, "lr": 0.0010375254861442204, "gnorm": 0.983, "tok_per_s": 100752.4, "load": 14.84619140625}
{"event": "step", "step": 128400, "loss": 4.4663, "lr": 0.001035551686002821, "gnorm": 0.704, "tok_per_s": 100687.3, "load": 14.48828125}
{"event": "step", "step": 128500, "loss": 4.4431, "lr": 0.0010335795411507288, "gnorm": 1.652, "tok_per_s": 100713.1, "load": 14.44873046875}
{"event": "step", "step": 128600, "loss": 4.2565, "lr": 0.001031609056900793, "gnorm": 0.798, "tok_per_s": 100750.2, "load": 14.29931640625}
{"event": "step", "step": 128700, "loss": 4.512, "lr": 0.0010296402385613862, "gnorm": 1.19, "tok_per_s": 100718.4, "load": 14.09912109375}
{"event": "step", "step": 128800, "loss": 4.4102, "lr": 0.001027673091436396, "gnorm": 1.45, "tok_per_s": 100759.8, "load": 14.0908203125}
{"event": "step", "step": 128900, "loss": 4.4416, "lr": 0.0010257076208252055, "gnorm": 0.727, "tok_per_s": 100759.2, "load": 13.8427734375}
{"event": "step", "step": 129000, "loss": 4.3853, "lr": 0.0010237438320226833, "gnorm": 0.828, "tok_per_s": 100660.1, "load": 13.79296875}
{"event": "step", "step": 129100, "loss": 4.4618, "lr": 0.001021781730319165, "gnorm": 0.707, "tok_per_s": 100671.7, "load": 13.72900390625}
{"event": "step", "step": 129200, "loss": 4.5432, "lr": 0.0010198213210004439, "gnorm": 0.956, "tok_per_s": 100738.9, "load": 13.697265625}
{"event": "step", "step": 129300, "loss": 4.5691, "lr": 0.0010178626093477515, "gnorm": 1.107, "tok_per_s": 100749.6, "load": 13.58349609375}
{"event": "step", "step": 129400, "loss": 4.48, "lr": 0.0010159056006377484, "gnorm": 1.189, "tok_per_s": 100687.4, "load": 13.53662109375}
{"event": "step", "step": 129500, "loss": 4.5375, "lr": 0.0010139503001425055, "gnorm": 0.863, "tok_per_s": 100712.7, "load": 13.2998046875}
{"event": "step", "step": 129600, "loss": 4.6294, "lr": 0.0010119967131294934, "gnorm": 0.762, "tok_per_s": 100734.3, "load": 13.35595703125}
{"event": "step", "step": 129700, "loss": 4.6353, "lr": 0.001010044844861565, "gnorm": 0.793, "tok_per_s": 100676.2, "load": 13.3876953125}
{"event": "step", "step": 129800, "loss": 4.5331, "lr": 0.0010080947005969452, "gnorm": 1.34, "tok_per_s": 100731.2, "load": 13.40185546875}
{"event": "step", "step": 129900, "loss": 4.5491, "lr": 0.001006146285589212, "gnorm": 0.845, "tok_per_s": 100746.2, "load": 13.36962890625}
{"event": "step", "step": 130000, "loss": 4.6947, "lr": 0.0010041996050872872, "gnorm": 1.251, "tok_per_s": 100777.4, "load": 13.3125}
{"event": "step", "step": 130100, "loss": 4.62, "lr": 0.0010022546643354189, "gnorm": 1.113, "tok_per_s": 64704.1, "load": 13.31640625}
{"event": "step", "step": 130200, "loss": 4.472, "lr": 0.0010003114685731677, "gnorm": 1.167, "tok_per_s": 100838.1, "load": 13.291015625}
{"event": "step", "step": 130300, "loss": 4.3674, "lr": 0.0009983700230353951, "gnorm": 2.091, "tok_per_s": 100831.4, "load": 13.166015625}
{"event": "step", "step": 130400, "loss": 4.5326, "lr": 0.0009964303329522454, "gnorm": 1.258, "tok_per_s": 100831.5, "load": 13.15234375}
{"event": "step", "step": 130500, "loss": 4.5388, "lr": 0.0009944924035491358, "gnorm": 1.0, "tok_per_s": 100791.6, "load": 13.20263671875}
{"event": "step", "step": 130600, "loss": 4.5329, "lr": 0.0009925562400467387, "gnorm": 1.295, "tok_per_s": 100824.9, "load": 13.2451171875}
{"event": "step", "step": 130700, "loss": 4.6032, "lr": 0.0009906218476609708, "gnorm": 1.498, "tok_per_s": 100803.1, "load": 13.14501953125}
{"event": "step", "step": 130800, "loss": 4.5425, "lr": 0.0009886892316029758, "gnorm": 0.963, "tok_per_s": 100792.2, "load": 13.1162109375}
{"event": "step", "step": 130900, "loss": 4.5825, "lr": 0.0009867583970791143, "gnorm": 0.855, "tok_per_s": 100800.0, "load": 13.1845703125}
{"event": "step", "step": 131000, "loss": 4.4197, "lr": 0.0009848293492909451, "gnorm": 1.136, "tok_per_s": 100799.4, "load": 13.16943359375}
{"event": "step", "step": 131100, "loss": 4.4258, "lr": 0.0009829020934352156, "gnorm": 1.289, "tok_per_s": 100786.8, "load": 13.3779296875}
{"event": "step", "step": 131200, "loss": 4.5044, "lr": 0.000980976634703844, "gnorm": 0.942, "tok_per_s": 100771.7, "load": 14.36474609375}
{"event": "step", "step": 131300, "loss": 4.5249, "lr": 0.0009790529782839092, "gnorm": 0.761, "tok_per_s": 100745.4, "load": 17.138671875}
{"event": "step", "step": 131400, "loss": 4.5913, "lr": 0.000977131129357633, "gnorm": 0.752, "tok_per_s": 100735.4, "load": 24.18701171875}
{"event": "step", "step": 131500, "loss": 4.4747, "lr": 0.0009752110931023696, "gnorm": 1.014, "tok_per_s": 100783.1, "load": 23.37109375}
{"event": "step", "step": 131600, "loss": 4.4584, "lr": 0.0009732928746905876, "gnorm": 1.084, "tok_per_s": 100770.9, "load": 22.01025390625}
{"event": "step", "step": 131700, "loss": 4.6621, "lr": 0.0009713764792898614, "gnorm": 1.033, "tok_per_s": 100768.7, "load": 20.7783203125}
{"event": "step", "step": 131800, "loss": 4.5323, "lr": 0.0009694619120628515, "gnorm": 0.79, "tok_per_s": 100738.3, "load": 20.2353515625}
{"event": "step", "step": 131900, "loss": 4.6724, "lr": 0.0009675491781672955, "gnorm": 0.721, "tok_per_s": 100697.3, "load": 23.52734375}
{"event": "step", "step": 132000, "loss": 4.3742, "lr": 0.0009656382827559908, "gnorm": 1.176, "tok_per_s": 100736.2, "load": 25.826171875}
{"event": "step", "step": 132100, "loss": 4.6846, "lr": 0.0009637292309767829, "gnorm": 0.933, "tok_per_s": 100725.3, "load": 30.08447265625}
{"event": "step", "step": 132200, "loss": 4.5872, "lr": 0.0009618220279725497, "gnorm": 1.818, "tok_per_s": 100738.2, "load": 30.97509765625}
{"event": "step", "step": 132300, "loss": 4.4574, "lr": 0.0009599166788811895, "gnorm": 1.16, "tok_per_s": 100731.9, "load": 32.26953125}
{"event": "step", "step": 132400, "loss": 4.5416, "lr": 0.0009580131888356064, "gnorm": 1.147, "tok_per_s": 100725.5, "load": 32.728515625}
{"event": "step", "step": 132500, "loss": 4.4547, "lr": 0.0009561115629636948, "gnorm": 0.977, "tok_per_s": 100699.6, "load": 38.158203125}
{"event": "step", "step": 132600, "loss": 4.5462, "lr": 0.0009542118063883295, "gnorm": 1.228, "tok_per_s": 100723.4, "load": 43.81005859375}
{"event": "step", "step": 132700, "loss": 4.4398, "lr": 0.0009523139242273469, "gnorm": 1.465, "tok_per_s": 100752.0, "load": 45.98779296875}
{"event": "step", "step": 132800, "loss": 4.5121, "lr": 0.0009504179215935358, "gnorm": 0.879, "tok_per_s": 100743.8, "load": 41.78369140625}
{"event": "step", "step": 132900, "loss": 4.6413, "lr": 0.0009485238035946209, "gnorm": 1.446, "tok_per_s": 100752.4, "load": 43.96337890625}
{"event": "step", "step": 133000, "loss": 4.6356, "lr": 0.0009466315753332501, "gnorm": 0.93, "tok_per_s": 100682.5, "load": 47.095703125}
{"event": "step", "step": 133100, "loss": 4.497, "lr": 0.0009447412419069797, "gnorm": 0.892, "tok_per_s": 100709.9, "load": 46.3251953125}
{"event": "step", "step": 133200, "loss": 4.5373, "lr": 0.0009428528084082627, "gnorm": 0.847, "tok_per_s": 100733.9, "load": 45.498046875}
{"event": "step", "step": 133300, "loss": 4.5315, "lr": 0.0009409662799244322, "gnorm": 0.997, "tok_per_s": 100743.5, "load": 45.94384765625}
{"event": "step", "step": 133400, "loss": 4.5426, "lr": 0.0009390816615376908, "gnorm": 0.853, "tok_per_s": 100718.2, "load": 41.33984375}
{"event": "step", "step": 133500, "loss": 4.5714, "lr": 0.0009371989583250949, "gnorm": 0.73, "tok_per_s": 100696.4, "load": 43.47509765625}
{"event": "step", "step": 133600, "loss": 4.4136, "lr": 0.0009353181753585405, "gnorm": 1.163, "tok_per_s": 100716.8, "load": 46.2724609375}
{"event": "step", "step": 133700, "loss": 4.3584, "lr": 0.0009334393177047528, "gnorm": 1.143, "tok_per_s": 100721.6, "load": 43.30615234375}
{"event": "step", "step": 133800, "loss": 4.7227, "lr": 0.0009315623904252675, "gnorm": 0.895, "tok_per_s": 100717.7, "load": 44.40283203125}
{"event": "step", "step": 133900, "loss": 4.7226, "lr": 0.000929687398576423, "gnorm": 0.939, "tok_per_s": 100746.4, "load": 40.1220703125}
{"event": "step", "step": 134000, "loss": 4.4608, "lr": 0.0009278143472093407, "gnorm": 1.291, "tok_per_s": 100756.1, "load": 38.18994140625}
{"event": "step", "step": 134100, "loss": 4.3869, "lr": 0.0009259432413699174, "gnorm": 0.833, "tok_per_s": 100712.4, "load": 34.8642578125}
{"event": "step", "step": 134200, "loss": 4.34, "lr": 0.0009240740860988059, "gnorm": 2.031, "tok_per_s": 100695.2, "load": 31.81005859375}
{"event": "step", "step": 134300, "loss": 4.5405, "lr": 0.0009222068864314065, "gnorm": 0.947, "tok_per_s": 100725.8, "load": 33.82763671875}
{"event": "step", "step": 134400, "loss": 4.5896, "lr": 0.0009203416473978508, "gnorm": 0.759, "tok_per_s": 100730.8, "load": 31.24658203125}
{"event": "step", "step": 134500, "loss": 4.4928, "lr": 0.0009184783740229871, "gnorm": 0.762, "tok_per_s": 100727.8, "load": 28.90185546875}
{"event": "step", "step": 134600, "loss": 4.3394, "lr": 0.0009166170713263708, "gnorm": 0.752, "tok_per_s": 100730.4, "load": 27.94873046875}
{"event": "step", "step": 134700, "loss": 4.4707, "lr": 0.0009147577443222455, "gnorm": 1.133, "tok_per_s": 100733.7, "load": 25.95751953125}
{"event": "step", "step": 134800, "loss": 4.5341, "lr": 0.0009129003980195351, "gnorm": 0.932, "tok_per_s": 100741.2, "load": 24.80078125}
{"event": "step", "step": 134900, "loss": 4.5062, "lr": 0.0009110450374218255, "gnorm": 0.802, "tok_per_s": 100768.4, "load": 24.015625}
{"event": "step", "step": 135000, "loss": 4.3515, "lr": 0.0009091916675273553, "gnorm": 0.814, "tok_per_s": 100755.1, "load": 22.8564453125}
{"event": "step", "step": 135100, "loss": 4.444, "lr": 0.0009073402933289977, "gnorm": 1.092, "tok_per_s": 64546.7, "load": 26.44970703125}
{"event": "step", "step": 135200, "loss": 4.6449, "lr": 0.0009054909198142519, "gnorm": 0.732, "tok_per_s": 100740.6, "load": 24.60888671875}
{"event": "step", "step": 135300, "loss": 4.4844, "lr": 0.000903643551965226, "gnorm": 1.543, "tok_per_s": 100656.7, "load": 23.05126953125}
{"event": "step", "step": 135400, "loss": 4.3737, "lr": 0.0009017981947586256, "gnorm": 1.584, "tok_per_s": 100661.5, "load": 22.326171875}
{"event": "step", "step": 135500, "loss": 4.4963, "lr": 0.0008999548531657398, "gnorm": 1.113, "tok_per_s": 100608.8, "load": 20.96533203125}
{"event": "step", "step": 135600, "loss": 4.5541, "lr": 0.000898113532152427, "gnorm": 0.847, "tok_per_s": 100623.0, "load": 20.1279296875}
{"event": "step", "step": 135700, "loss": 4.4543, "lr": 0.0008962742366791033, "gnorm": 1.054, "tok_per_s": 100628.7, "load": 19.71728515625}
{"event": "step", "step": 135800, "loss": 4.6742, "lr": 0.000894436971700727, "gnorm": 1.3, "tok_per_s": 100599.3, "load": 18.998046875}
{"event": "step", "step": 135900, "loss": 4.5675, "lr": 0.0008926017421667878, "gnorm": 1.069, "tok_per_s": 100646.5, "load": 18.83837890625}
{"event": "step", "step": 136000, "loss": 4.5956, "lr": 0.0008907685530212898, "gnorm": 0.99, "tok_per_s": 100605.2, "load": 18.69091796875}
{"event": "step", "step": 136100, "loss": 4.4678, "lr": 0.0008889374092027432, "gnorm": 1.709, "tok_per_s": 100592.8, "load": 18.02978515625}
{"event": "step", "step": 136200, "loss": 4.4656, "lr": 0.0008871083156441459, "gnorm": 2.104, "tok_per_s": 100610.5, "load": 17.546875}
{"event": "step", "step": 136300, "loss": 4.6442, "lr": 0.0008852812772729742, "gnorm": 1.128, "tok_per_s": 100643.8, "load": 17.1611328125}
{"event": "step", "step": 136400, "loss": 4.5609, "lr": 0.000883456299011166, "gnorm": 0.782, "tok_per_s": 100629.1, "load": 22.2001953125}
{"event": "step", "step": 136500, "loss": 4.5302, "lr": 0.0008816333857751113, "gnorm": 0.966, "tok_per_s": 100540.9, "load": 21.70361328125}
{"event": "step", "step": 136600, "loss": 4.5902, "lr": 0.0008798125424756355, "gnorm": 1.121, "tok_per_s": 100541.9, "load": 20.68505859375}
{"event": "step", "step": 136700, "loss": 4.513, "lr": 0.0008779937740179882, "gnorm": 0.868, "tok_per_s": 100702.2, "load": 19.42919921875}
{"event": "step", "step": 136800, "loss": 4.3764, "lr": 0.0008761770853018311, "gnorm": 1.229, "tok_per_s": 100752.2, "load": 18.994140625}
{"event": "step", "step": 136900, "loss": 4.4277, "lr": 0.00087436248122122, "gnorm": 1.139, "tok_per_s": 100687.5, "load": 18.15185546875}
{"event": "step", "step": 137000, "loss": 4.5136, "lr": 0.0008725499666645978, "gnorm": 1.434, "tok_per_s": 100722.7, "load": 17.359375}
{"event": "step", "step": 137100, "loss": 4.5104, "lr": 0.0008707395465147763, "gnorm": 0.888, "tok_per_s": 100774.7, "load": 16.93017578125}
{"event": "step", "step": 137200, "loss": 4.4647, "lr": 0.0008689312256489265, "gnorm": 1.498, "tok_per_s": 100752.4, "load": 20.009765625}
{"event": "step", "step": 137300, "loss": 4.4533, "lr": 0.0008671250089385626, "gnorm": 0.779, "tok_per_s": 100743.6, "load": 19.4482421875}
{"event": "step", "step": 137400, "loss": 4.4741, "lr": 0.0008653209012495324, "gnorm": 0.988, "tok_per_s": 100562.6, "load": 18.5302734375}
{"event": "step", "step": 137500, "loss": 4.6923, "lr": 0.0008635189074419992, "gnorm": 0.985, "tok_per_s": 100687.4, "load": 18.0546875}
{"event": "step", "step": 137600, "loss": 4.4953, "lr": 0.000861719032370435, "gnorm": 1.643, "tok_per_s": 100725.1, "load": 17.56982421875}
{"event": "step", "step": 137700, "loss": 4.3573, "lr": 0.000859921280883601, "gnorm": 0.822, "tok_per_s": 100722.1, "load": 17.54931640625}
{"event": "step", "step": 137800, "loss": 4.5682, "lr": 0.0008581256578245401, "gnorm": 0.96, "tok_per_s": 100739.2, "load": 16.85546875}
{"event": "step", "step": 137900, "loss": 4.5858, "lr": 0.0008563321680305588, "gnorm": 0.836, "tok_per_s": 100714.2, "load": 16.54638671875}
{"event": "step", "step": 138000, "loss": 4.5331, "lr": 0.0008545408163332191, "gnorm": 1.02, "tok_per_s": 100705.3, "load": 16.00732421875}
{"event": "step", "step": 138100, "loss": 4.6151, "lr": 0.0008527516075583215, "gnorm": 1.306, "tok_per_s": 100711.2, "load": 15.6181640625}
{"event": "step", "step": 138200, "loss": 4.5755, "lr": 0.0008509645465258947, "gnorm": 1.316, "tok_per_s": 100732.9, "load": 15.48828125}
{"event": "step", "step": 138300, "loss": 4.5632, "lr": 0.00084917963805018, "gnorm": 1.789, "tok_per_s": 100746.9, "load": 15.2587890625}
{"event": "step", "step": 138400, "loss": 4.4895, "lr": 0.0008473968869396218, "gnorm": 0.999, "tok_per_s": 100736.4, "load": 14.90478515625}
{"event": "step", "step": 138500, "loss": 4.6616, "lr": 0.0008456162979968506, "gnorm": 0.897, "tok_per_s": 100712.7, "load": 14.83203125}
{"event": "step", "step": 138600, "loss": 4.5309, "lr": 0.0008438378760186743, "gnorm": 1.88, "tok_per_s": 100744.1, "load": 15.8701171875}
{"event": "step", "step": 138700, "loss": 4.5677, "lr": 0.0008420616257960609, "gnorm": 1.384, "tok_per_s": 100744.0, "load": 15.72021484375}
{"event": "step", "step": 138800, "loss": 4.3708, "lr": 0.00084028755211413, "gnorm": 1.092, "tok_per_s": 100724.3, "load": 15.38134765625}
{"event": "step", "step": 138900, "loss": 4.5184, "lr": 0.0008385156597521355, "gnorm": 0.754, "tok_per_s": 100738.1, "load": 15.08837890625}
{"event": "step", "step": 139000, "loss": 4.4488, "lr": 0.0008367459534834566, "gnorm": 1.313, "tok_per_s": 100740.2, "load": 15.0009765625}
{"event": "step", "step": 139100, "loss": 4.4422, "lr": 0.0008349784380755834, "gnorm": 0.725, "tok_per_s": 100717.1, "load": 14.69287109375}
{"event": "step", "step": 139200, "loss": 4.4998, "lr": 0.0008332131182901021, "gnorm": 0.955, "tok_per_s": 100728.8, "load": 14.7275390625}
{"event": "step", "step": 139300, "loss": 4.4622, "lr": 0.0008314499988826863, "gnorm": 0.911, "tok_per_s": 100722.1, "load": 14.5087890625}
{"event": "step", "step": 139400, "loss": 4.4617, "lr": 0.0008296890846030798, "gnorm": 1.022, "tok_per_s": 100749.8, "load": 14.2763671875}
{"event": "step", "step": 139500, "loss": 4.5564, "lr": 0.0008279303801950884, "gnorm": 1.965, "tok_per_s": 100741.0, "load": 14.640625}
{"event": "step", "step": 139600, "loss": 4.6034, "lr": 0.0008261738903965616, "gnorm": 1.982, "tok_per_s": 100697.3, "load": 14.5087890625}
{"event": "step", "step": 139700, "loss": 4.4549, "lr": 0.0008244196199393856, "gnorm": 1.466, "tok_per_s": 100722.4, "load": 14.3564453125}
{"event": "step", "step": 139800, "loss": 4.379, "lr": 0.0008226675735494656, "gnorm": 1.274, "tok_per_s": 100747.6, "load": 14.568359375}
{"event": "step", "step": 139900, "loss": 4.4932, "lr": 0.0008209177559467178, "gnorm": 1.568, "tok_per_s": 100738.0, "load": 14.3203125}
{"event": "step", "step": 140000, "loss": 4.4437, "lr": 0.000819170171845051, "gnorm": 1.248, "tok_per_s": 100729.6, "load": 14.1904296875}
eval 140000 {'bpb': 1.4665909209313732, 'nats_per_token': 4.421948216847793, 'tokens': 16379, 'bytes': 71247}
{"event": "step", "step": 140100, "loss": 4.6252, "lr": 0.0008174248259523601, "gnorm": 1.274, "tok_per_s": 64356.0, "load": 14.30810546875}
{"event": "step", "step": 140200, "loss": 4.4937, "lr": 0.0008156817229705083, "gnorm": 0.84, "tok_per_s": 100806.5, "load": 14.1064453125}
{"event": "step", "step": 140300, "loss": 4.5508, "lr": 0.0008139408675953179, "gnorm": 2.027, "tok_per_s": 100861.0, "load": 13.85595703125}
{"event": "step", "step": 140400, "loss": 4.6586, "lr": 0.0008122022645165553, "gnorm": 0.934, "tok_per_s": 100823.1, "load": 14.18798828125}
{"event": "step", "step": 140500, "loss": 4.4779, "lr": 0.0008104659184179199, "gnorm": 1.374, "tok_per_s": 100799.0, "load": 14.3994140625}
{"event": "step", "step": 140600, "loss": 4.5294, "lr": 0.0008087318339770304, "gnorm": 1.178, "tok_per_s": 100815.6, "load": 14.20703125}
{"event": "step", "step": 140700, "loss": 4.4941, "lr": 0.0008070000158654137, "gnorm": 1.791, "tok_per_s": 100753.6, "load": 14.1748046875}
{"event": "step", "step": 140800, "loss": 4.5703, "lr": 0.0008052704687484898, "gnorm": 1.099, "tok_per_s": 100783.3, "load": 14.30224609375}
{"event": "step", "step": 140900, "loss": 4.4251, "lr": 0.0008035431972855627, "gnorm": 0.881, "tok_per_s": 100781.3, "load": 14.11767578125}
{"event": "step", "step": 141000, "loss": 4.3755, "lr": 0.0008018182061298037, "gnorm": 2.172, "tok_per_s": 100791.8, "load": 14.09912109375}
{"event": "step", "step": 141100, "loss": 4.2954, "lr": 0.0008000954999282436, "gnorm": 0.766, "tok_per_s": 100770.6, "load": 14.619140625}
{"event": "step", "step": 141200, "loss": 4.66, "lr": 0.000798375083321755, "gnorm": 1.106, "tok_per_s": 100773.1, "load": 14.72998046875}
{"event": "step", "step": 141300, "loss": 4.54, "lr": 0.0007966569609450445, "gnorm": 1.133, "tok_per_s": 100746.6, "load": 14.611328125}
{"event": "step", "step": 141400, "loss": 4.4008, "lr": 0.0007949411374266378, "gnorm": 0.85, "tok_per_s": 100753.7, "load": 14.44287109375}
{"event": "step", "step": 141500, "loss": 4.395, "lr": 0.0007932276173888663, "gnorm": 0.772, "tok_per_s": 100770.2, "load": 14.72802734375}
{"event": "step", "step": 141600, "loss": 4.3804, "lr": 0.0007915164054478579, "gnorm": 0.905, "tok_per_s": 100777.2, "load": 14.62255859375}
{"event": "step", "step": 141700, "loss": 4.5863, "lr": 0.0007898075062135211, "gnorm": 0.866, "tok_per_s": 100770.5, "load": 14.4462890625}
{"event": "step", "step": 141800, "loss": 4.5223, "lr": 0.0007881009242895347, "gnorm": 2.381, "tok_per_s": 100739.2, "load": 14.41015625}
{"event": "step", "step": 141900, "loss": 4.7767, "lr": 0.0007863966642733344, "gnorm": 1.107, "tok_per_s": 100748.5, "load": 14.19287109375}
{"event": "step", "step": 142000, "loss": 4.4704, "lr": 0.0007846947307561018, "gnorm": 0.967, "tok_per_s": 100740.3, "load": 14.09716796875}
{"event": "step", "step": 142100, "loss": 4.5478, "lr": 0.0007829951283227498, "gnorm": 1.168, "tok_per_s": 100741.5, "load": 14.00830078125}
{"event": "step", "step": 142200, "loss": 4.4623, "lr": 0.0007812978615519123, "gnorm": 1.248, "tok_per_s": 100762.1, "load": 14.00634765625}
{"event": "step", "step": 142300, "loss": 4.3609, "lr": 0.0007796029350159307, "gnorm": 1.821, "tok_per_s": 100730.1, "load": 14.24609375}
{"event": "step", "step": 142400, "loss": 4.451, "lr": 0.0007779103532808426, "gnorm": 1.055, "tok_per_s": 100733.5, "load": 14.04736328125}
{"event": "step", "step": 142500, "loss": 4.3915, "lr": 0.0007762201209063672, "gnorm": 1.002, "tok_per_s": 100766.3, "load": 14.03955078125}
{"event": "step", "step": 142600, "loss": 4.6777, "lr": 0.000774532242445897, "gnorm": 1.122, "tok_per_s": 100741.5, "load": 13.8759765625}
{"event": "step", "step": 142700, "loss": 4.4126, "lr": 0.0007728467224464809, "gnorm": 1.234, "tok_per_s": 100741.7, "load": 14.0361328125}
{"event": "step", "step": 142800, "loss": 4.4797, "lr": 0.0007711635654488163, "gnorm": 1.083, "tok_per_s": 100742.1, "load": 13.88330078125}
{"event": "step", "step": 142900, "loss": 4.3965, "lr": 0.0007694827759872325, "gnorm": 0.954, "tok_per_s": 100738.7, "load": 13.8125}
{"event": "step", "step": 143000, "loss": 4.4708, "lr": 0.0007678043585896832, "gnorm": 0.866, "tok_per_s": 100726.7, "load": 13.69384765625}
{"event": "step", "step": 143100, "loss": 4.552, "lr": 0.0007661283177777303, "gnorm": 1.062, "tok_per_s": 100724.8, "load": 13.798828125}
{"event": "step", "step": 143200, "loss": 4.7567, "lr": 0.0007644546580665339, "gnorm": 1.367, "tok_per_s": 100746.1, "load": 13.755859375}
{"event": "step", "step": 143300, "loss": 4.5072, "lr": 0.0007627833839648391, "gnorm": 1.402, "tok_per_s": 100740.5, "load": 13.8544921875}
{"event": "step", "step": 143400, "loss": 4.5169, "lr": 0.0007611144999749652, "gnorm": 0.823, "tok_per_s": 100738.1, "load": 13.8662109375}
{"event": "step", "step": 143500, "loss": 4.3892, "lr": 0.0007594480105927913, "gnorm": 1.298, "tok_per_s": 100695.8, "load": 13.65234375}
{"event": "step", "step": 143600, "loss": 4.4733, "lr": 0.0007577839203077469, "gnorm": 1.064, "tok_per_s": 100770.5, "load": 13.69970703125}
{"event": "step", "step": 143700, "loss": 4.6023, "lr": 0.0007561222336027985, "gnorm": 1.445, "tok_per_s": 100758.7, "load": 13.5634765625}
{"event": "step", "step": 143800, "loss": 4.5496, "lr": 0.0007544629549544355, "gnorm": 1.278, "tok_per_s": 100756.1, "load": 13.4765625}
{"event": "step", "step": 143900, "loss": 4.4606, "lr": 0.0007528060888326631, "gnorm": 0.979, "tok_per_s": 100750.5, "load": 13.40283203125}
{"event": "step", "step": 144000, "loss": 4.4932, "lr": 0.0007511516397009842, "gnorm": 1.118, "tok_per_s": 100762.6, "load": 13.3701171875}
{"event": "step", "step": 144100, "loss": 4.5065, "lr": 0.0007494996120163934, "gnorm": 1.052, "tok_per_s": 100726.0, "load": 13.6337890625}
{"event": "step", "step": 144200, "loss": 4.4437, "lr": 0.0007478500102293598, "gnorm": 0.969, "tok_per_s": 100728.0, "load": 13.5830078125}
{"event": "step", "step": 144300, "loss": 4.5797, "lr": 0.0007462028387838186, "gnorm": 0.89, "tok_per_s": 100633.5, "load": 13.4931640625}
{"event": "step", "step": 144400, "loss": 4.3962, "lr": 0.0007445581021171566, "gnorm": 0.824, "tok_per_s": 100721.6, "load": 13.4169921875}
{"event": "step", "step": 144500, "loss": 4.5166, "lr": 0.0007429158046602033, "gnorm": 1.748, "tok_per_s": 100750.6, "load": 13.38330078125}
{"event": "step", "step": 144600, "loss": 4.5712, "lr": 0.0007412759508372147, "gnorm": 0.896, "tok_per_s": 100732.7, "load": 13.32421875}
{"event": "step", "step": 144700, "loss": 4.5021, "lr": 0.0007396385450658661, "gnorm": 0.852, "tok_per_s": 100747.5, "load": 13.3544921875}
{"event": "step", "step": 144800, "loss": 4.5035, "lr": 0.0007380035917572361, "gnorm": 1.393, "tok_per_s": 100727.1, "load": 13.32568359375}
{"event": "step", "step": 144900, "loss": 4.3311, "lr": 0.0007363710953157979, "gnorm": 1.645, "tok_per_s": 100746.4, "load": 13.35546875}
{"event": "step", "step": 145000, "loss": 4.5841, "lr": 0.0007347410601394047, "gnorm": 1.487, "tok_per_s": 100754.9, "load": 13.541015625}
{"event": "step", "step": 145100, "loss": 4.6264, "lr": 0.0007331134906192806, "gnorm": 0.939, "tok_per_s": 65200.8, "load": 13.45166015625}
{"event": "step", "step": 145200, "loss": 4.6458, "lr": 0.0007314883911400059, "gnorm": 1.012, "tok_per_s": 100838.9, "load": 13.388671875}
{"event": "step", "step": 145300, "loss": 4.4043, "lr": 0.0007298657660795083, "gnorm": 1.4, "tok_per_s": 100858.8, "load": 13.27734375}
{"event": "step", "step": 145400, "loss": 4.5519, "lr": 0.0007282456198090478, "gnorm": 0.88, "tok_per_s": 100842.0, "load": 13.2412109375}
{"event": "step", "step": 145500, "loss": 4.5383, "lr": 0.0007266279566932086, "gnorm": 1.308, "tok_per_s": 100838.0, "load": 13.4189453125}
{"event": "step", "step": 145600, "loss": 4.6765, "lr": 0.0007250127810898834, "gnorm": 0.958, "tok_per_s": 100778.5, "load": 13.4658203125}
{"event": "step", "step": 145700, "loss": 4.3517, "lr": 0.0007234000973502659, "gnorm": 0.832, "tok_per_s": 100727.7, "load": 13.3935546875}
{"event": "step", "step": 145800, "loss": 4.6437, "lr": 0.0007217899098188343, "gnorm": 1.029, "tok_per_s": 100761.9, "load": 13.33251953125}
{"event": "step", "step": 145900, "loss": 4.4039, "lr": 0.0007201822228333444, "gnorm": 1.198, "tok_per_s": 100736.1, "load": 13.2255859375}
{"event": "step", "step": 146000, "loss": 4.5425, "lr": 0.0007185770407248153, "gnorm": 0.828, "tok_per_s": 100691.3, "load": 13.1904296875}
{"event": "step", "step": 146100, "loss": 4.42, "lr": 0.0007169743678175164, "gnorm": 1.337, "tok_per_s": 100746.3, "load": 13.1748046875}
{"event": "step", "step": 146200, "loss": 4.8268, "lr": 0.0007153742084289597, "gnorm": 1.268, "tok_per_s": 100724.9, "load": 13.154296875}
{"event": "step", "step": 146300, "loss": 4.699, "lr": 0.000713776566869884, "gnorm": 1.518, "tok_per_s": 100727.4, "load": 13.19775390625}
{"event": "step", "step": 146400, "loss": 4.5194, "lr": 0.0007121814474442468, "gnorm": 0.948, "tok_per_s": 100730.3, "load": 13.26220703125}
{"event": "step", "step": 146500, "loss": 4.4568, "lr": 0.0007105888544492098, "gnorm": 1.11, "tok_per_s": 100758.7, "load": 13.1474609375}
{"event": "step", "step": 146600, "loss": 4.4243, "lr": 0.0007089987921751299, "gnorm": 0.772, "tok_per_s": 100758.3, "load": 13.20458984375}
{"event": "step", "step": 146700, "loss": 4.4111, "lr": 0.000707411264905545, "gnorm": 2.018, "tok_per_s": 100747.8, "load": 13.18798828125}
{"event": "step", "step": 146800, "loss": 4.4624, "lr": 0.0007058262769171653, "gnorm": 0.828, "tok_per_s": 100694.8, "load": 13.3994140625}
{"event": "step", "step": 146900, "loss": 4.5702, "lr": 0.0007042438324798587, "gnorm": 0.971, "tok_per_s": 100726.0, "load": 13.41162109375}
{"event": "step", "step": 147000, "loss": 4.4272, "lr": 0.0007026639358566429, "gnorm": 1.57, "tok_per_s": 100763.6, "load": 13.37841796875}
{"event": "step", "step": 147100, "loss": 4.5008, "lr": 0.0007010865913036695, "gnorm": 1.147, "tok_per_s": 100753.4, "load": 13.24609375}
{"event": "step", "step": 147200, "loss": 4.3557, "lr": 0.0006995118030702176, "gnorm": 0.898, "tok_per_s": 100745.0, "load": 13.2880859375}
{"event": "step", "step": 147300, "loss": 4.3423, "lr": 0.0006979395753986772, "gnorm": 1.023, "tok_per_s": 100716.5, "load": 13.34521484375}
{"event": "step", "step": 147400, "loss": 4.5017, "lr": 0.0006963699125245428, "gnorm": 1.158, "tok_per_s": 100751.9, "load": 13.36572265625}
{"event": "step", "step": 147500, "loss": 4.456, "lr": 0.0006948028186763969, "gnorm": 0.85, "tok_per_s": 100750.3, "load": 13.4970703125}
{"event": "step", "step": 147600, "loss": 4.5274, "lr": 0.0006932382980759035, "gnorm": 0.861, "tok_per_s": 100763.3, "load": 13.5009765625}
{"event": "step", "step": 147700, "loss": 4.5155, "lr": 0.0006916763549377925, "gnorm": 1.404, "tok_per_s": 100759.7, "load": 13.41748046875}
{"event": "step", "step": 147800, "loss": 4.5008, "lr": 0.0006901169934698518, "gnorm": 1.004, "tok_per_s": 100744.8, "load": 13.3837890625}
{"event": "step", "step": 147900, "loss": 4.5223, "lr": 0.0006885602178729133, "gnorm": 1.054, "tok_per_s": 100741.6, "load": 13.318359375}
{"event": "step", "step": 148000, "loss": 4.4376, "lr": 0.0006870060323408437, "gnorm": 1.167, "tok_per_s": 100731.9, "load": 13.41650390625}
{"event": "step", "step": 148100, "loss": 4.5464, "lr": 0.0006854544410605313, "gnorm": 1.362, "tok_per_s": 100766.7, "load": 13.302734375}
{"event": "step", "step": 148200, "loss": 4.5735, "lr": 0.0006839054482118758, "gnorm": 1.819, "tok_per_s": 100752.8, "load": 13.330078125}
{"event": "step", "step": 148300, "loss": 4.4773, "lr": 0.0006823590579677779, "gnorm": 1.066, "tok_per_s": 100740.3, "load": 13.28564453125}
{"event": "step", "step": 148400, "loss": 4.3582, "lr": 0.0006808152744941253, "gnorm": 1.146, "tok_per_s": 100736.0, "load": 13.2626953125}
{"event": "step", "step": 148500, "loss": 4.4675, "lr": 0.000679274101949785, "gnorm": 0.98, "tok_per_s": 100736.0, "load": 13.228515625}
{"event": "step", "step": 148600, "loss": 4.4165, "lr": 0.0006777355444865886, "gnorm": 0.876, "tok_per_s": 100744.6, "load": 13.1298828125}
{"event": "step", "step": 148700, "loss": 4.4694, "lr": 0.0006761996062493242, "gnorm": 1.88, "tok_per_s": 100740.7, "load": 13.1162109375}
{"event": "step", "step": 148800, "loss": 4.5192, "lr": 0.0006746662913757228, "gnorm": 1.165, "tok_per_s": 100744.5, "load": 13.02392578125}
{"event": "step", "step": 148900, "loss": 4.4662, "lr": 0.0006731356039964496, "gnorm": 0.831, "tok_per_s": 100752.5, "load": 13.1025390625}
{"event": "step", "step": 149000, "loss": 4.5873, "lr": 0.0006716075482350893, "gnorm": 0.98, "tok_per_s": 100698.0, "load": 13.00634765625}
{"event": "step", "step": 149100, "loss": 4.6129, "lr": 0.0006700821282081392, "gnorm": 1.044, "tok_per_s": 100746.0, "load": 12.99853515625}
{"event": "step", "step": 149200, "loss": 4.5506, "lr": 0.0006685593480249958, "gnorm": 1.356, "tok_per_s": 100755.0, "load": 13.0791015625}
{"event": "step", "step": 149300, "loss": 4.7314, "lr": 0.0006670392117879425, "gnorm": 1.083, "tok_per_s": 100771.0, "load": 13.060546875}
{"event": "step", "step": 149400, "loss": 4.4918, "lr": 0.000665521723592142, "gnorm": 1.006, "tok_per_s": 100751.0, "load": 13.28564453125}
{"event": "step", "step": 149500, "loss": 4.6057, "lr": 0.0006640068875256217, "gnorm": 0.869, "tok_per_s": 100754.6, "load": 13.1826171875}
{"event": "step", "step": 149600, "loss": 4.5142, "lr": 0.0006624947076692657, "gnorm": 1.475, "tok_per_s": 100606.3, "load": 13.30908203125}
{"event": "step", "step": 149700, "loss": 4.3182, "lr": 0.000660985188096801, "gnorm": 1.729, "tok_per_s": 100660.4, "load": 13.2041015625}
{"event": "step", "step": 149800, "loss": 4.3813, "lr": 0.0006594783328747895, "gnorm": 1.533, "tok_per_s": 100706.7, "load": 13.24658203125}
{"event": "step", "step": 149900, "loss": 4.5547, "lr": 0.0006579741460626139, "gnorm": 1.068, "tok_per_s": 100665.5, "load": 13.21484375}
{"event": "step", "step": 150000, "loss": 4.4475, "lr": 0.0006564726317124697, "gnorm": 0.846, "tok_per_s": 100713.0, "load": 13.1171875}
{"event": "step", "step": 150100, "loss": 4.3224, "lr": 0.0006549737938693521, "gnorm": 0.981, "tok_per_s": 64282.9, "load": 13.0966796875}
{"event": "step", "step": 150200, "loss": 4.4915, "lr": 0.0006534776365710462, "gnorm": 1.089, "tok_per_s": 100764.0, "load": 13.08837890625}
{"event": "step", "step": 150300, "loss": 4.5162, "lr": 0.0006519841638481163, "gnorm": 0.95, "tok_per_s": 100743.0, "load": 13.0009765625}
{"event": "step", "step": 150400, "loss": 4.3999, "lr": 0.0006504933797238934, "gnorm": 0.841, "tok_per_s": 100698.1, "load": 13.00732421875}
{"event": "step", "step": 150500, "loss": 4.6205, "lr": 0.0006490052882144673, "gnorm": 0.995, "tok_per_s": 100750.2, "load": 13.0126953125}
{"event": "step", "step": 150600, "loss": 4.5101, "lr": 0.0006475198933286723, "gnorm": 0.906, "tok_per_s": 100736.4, "load": 13.091796875}
{"event": "step", "step": 150700, "loss": 4.3776, "lr": 0.0006460371990680796, "gnorm": 1.618, "tok_per_s": 100612.4, "load": 13.00341796875}
{"event": "step", "step": 150800, "loss": 4.333, "lr": 0.0006445572094269835, "gnorm": 1.299, "tok_per_s": 100495.5, "load": 13.08349609375}
{"event": "step", "step": 150900, "loss": 4.5751, "lr": 0.0006430799283923943, "gnorm": 1.029, "tok_per_s": 100740.9, "load": 13.0771484375}
{"event": "step", "step": 151000, "loss": 4.6745, "lr": 0.0006416053599440231, "gnorm": 2.159, "tok_per_s": 100735.9, "load": 13.05908203125}
{"event": "step", "step": 151100, "loss": 4.4037, "lr": 0.0006401335080542753, "gnorm": 1.231, "tok_per_s": 100739.2, "load": 13.134765625}
{"event": "step", "step": 151200, "loss": 4.6064, "lr": 0.0006386643766882375, "gnorm": 0.962, "tok_per_s": 100748.1, "load": 13.107421875}
{"event": "step", "step": 151300, "loss": 4.462, "lr": 0.0006371979698036668, "gnorm": 1.03, "tok_per_s": 100690.3, "load": 13.2451171875}
{"event": "step", "step": 151400, "loss": 4.5179, "lr": 0.0006357342913509815, "gnorm": 0.936, "tok_per_s": 100680.9, "load": 13.14501953125}
{"event": "step", "step": 151500, "loss": 4.4603, "lr": 0.0006342733452732488, "gnorm": 1.452, "tok_per_s": 100604.7, "load": 22.58154296875}
{"event": "step", "step": 151600, "loss": 4.4106, "lr": 0.0006328151355061762, "gnorm": 0.958, "tok_per_s": 100519.5, "load": 22.3671875}
{"event": "step", "step": 151700, "loss": 4.5047, "lr": 0.0006313596659780981, "gnorm": 1.208, "tok_per_s": 100594.5, "load": 21.77685546875}
{"event": "step", "step": 151800, "loss": 4.6824, "lr": 0.0006299069406099692, "gnorm": 0.89, "tok_per_s": 100755.6, "load": 20.6669921875}
{"event": "step", "step": 151900, "loss": 4.4651, "lr": 0.0006284569633153487, "gnorm": 1.018, "tok_per_s": 100740.3, "load": 19.97265625}
{"event": "step", "step": 152000, "loss": 4.5894, "lr": 0.0006270097380003953, "gnorm": 0.885, "tok_per_s": 100738.7, "load": 18.90673828125}
{"event": "step", "step": 152100, "loss": 4.7079, "lr": 0.000625565268563852, "gnorm": 1.551, "tok_per_s": 100714.2, "load": 18.23193359375}
{"event": "step", "step": 152200, "loss": 4.5546, "lr": 0.000624123558897039, "gnorm": 2.019, "tok_per_s": 100649.2, "load": 17.892578125}
{"event": "step", "step": 152300, "loss": 4.4865, "lr": 0.000622684612883841, "gnorm": 0.935, "tok_per_s": 100655.4, "load": 21.06396484375}
{"event": "step", "step": 152400, "loss": 4.3998, "lr": 0.0006212484344006984, "gnorm": 0.924, "tok_per_s": 100681.0, "load": 19.9775390625}
{"event": "step", "step": 152500, "loss": 4.3353, "lr": 0.0006198150273165946, "gnorm": 1.168, "tok_per_s": 100741.2, "load": 19.57861328125}
{"event": "step", "step": 152600, "loss": 4.6325, "lr": 0.0006183843954930487, "gnorm": 1.724, "tok_per_s": 100716.0, "load": 18.48681640625}
{"event": "step", "step": 152700, "loss": 4.5287, "lr": 0.0006169565427841027, "gnorm": 1.087, "tok_per_s": 100712.0, "load": 17.64306640625}
{"event": "step", "step": 152800, "loss": 4.361, "lr": 0.000615531473036311, "gnorm": 1.088, "tok_per_s": 100746.9, "load": 17.27099609375}
{"event": "step", "step": 152900, "loss": 4.5392, "lr": 0.0006141091900887325, "gnorm": 0.994, "tok_per_s": 100658.5, "load": 16.84130859375}
{"event": "step", "step": 153000, "loss": 4.4927, "lr": 0.0006126896977729168, "gnorm": 1.005, "tok_per_s": 100687.7, "load": 16.32421875}
{"event": "step", "step": 153100, "loss": 4.5322, "lr": 0.0006112729999128974, "gnorm": 1.944, "tok_per_s": 100723.5, "load": 15.9775390625}
{"event": "step", "step": 153200, "loss": 4.6466, "lr": 0.0006098591003251784, "gnorm": 1.781, "tok_per_s": 100735.0, "load": 15.5927734375}
{"event": "step", "step": 153300, "loss": 4.5366, "lr": 0.0006084480028187264, "gnorm": 1.274, "tok_per_s": 100732.0, "load": 15.544921875}
{"event": "step", "step": 153400, "loss": 4.3616, "lr": 0.0006070397111949585, "gnorm": 1.19, "tok_per_s": 100741.8, "load": 15.1533203125}
{"event": "step", "step": 153500, "loss": 4.5006, "lr": 0.0006056342292477339, "gnorm": 1.056, "tok_per_s": 100719.8, "load": 15.20947265625}
{"event": "step", "step": 153600, "loss": 4.2875, "lr": 0.0006042315607633417, "gnorm": 0.998, "tok_per_s": 100662.2, "load": 15.0322265625}
{"event": "step", "step": 153700, "loss": 4.5278, "lr": 0.0006028317095204926, "gnorm": 1.264, "tok_per_s": 100665.6, "load": 14.79296875}
{"event": "step", "step": 153800, "loss": 4.3393, "lr": 0.0006014346792903068, "gnorm": 1.219, "tok_per_s": 100691.3, "load": 19.08447265625}
{"event": "step", "step": 153900, "loss": 4.6001, "lr": 0.000600040473836306, "gnorm": 1.115, "tok_per_s": 100653.1, "load": 18.59716796875}
{"event": "step", "step": 154000, "loss": 4.4941, "lr": 0.000598649096914401, "gnorm": 1.313, "tok_per_s": 100616.9, "load": 17.81005859375}
{"event": "step", "step": 154100, "loss": 4.4835, "lr": 0.0005972605522728838, "gnorm": 1.292, "tok_per_s": 100652.5, "load": 17.22412109375}
{"event": "step", "step": 154200, "loss": 4.4081, "lr": 0.0005958748436524153, "gnorm": 1.667, "tok_per_s": 100664.0, "load": 16.8857421875}
{"event": "step", "step": 154300, "loss": 4.3533, "lr": 0.0005944919747860171, "gnorm": 1.747, "tok_per_s": 100623.9, "load": 16.36767578125}
{"event": "step", "step": 154400, "loss": 4.4962, "lr": 0.0005931119493990601, "gnorm": 1.131, "tok_per_s": 100705.1, "load": 16.09765625}
{"event": "step", "step": 154500, "loss": 4.5211, "lr": 0.000591734771209256, "gnorm": 1.265, "tok_per_s": 100721.5, "load": 15.62060546875}
{"event": "step", "step": 154600, "loss": 4.4263, "lr": 0.0005903604439266446, "gnorm": 1.243, "tok_per_s": 100634.8, "load": 15.21728515625}
{"event": "step", "step": 154700, "loss": 4.5407, "lr": 0.0005889889712535875, "gnorm": 1.392, "tok_per_s": 100750.9, "load": 15.03955078125}
{"event": "step", "step": 154800, "loss": 4.6924, "lr": 0.0005876203568847545, "gnorm": 1.438, "tok_per_s": 100730.7, "load": 14.7255859375}
{"event": "step", "step": 154900, "loss": 4.3845, "lr": 0.0005862546045071163, "gnorm": 1.537, "tok_per_s": 100764.4, "load": 14.4599609375}
{"event": "step", "step": 155000, "loss": 4.3377, "lr": 0.0005848917177999336, "gnorm": 0.964, "tok_per_s": 100686.0, "load": 14.3427734375}
{"event": "step", "step": 155100, "loss": 4.3787, "lr": 0.0005835317004347459, "gnorm": 1.153, "tok_per_s": 64439.8, "load": 14.04443359375}
{"event": "step", "step": 155200, "loss": 4.4392, "lr": 0.0005821745560753648, "gnorm": 1.029, "tok_per_s": 100834.7, "load": 13.88037109375}
{"event": "step", "step": 155300, "loss": 4.558, "lr": 0.00058082028837786, "gnorm": 1.164, "tok_per_s": 100819.0, "load": 13.74462890625}
{"event": "step", "step": 155400, "loss": 4.4238, "lr": 0.0005794689009905536, "gnorm": 0.943, "tok_per_s": 100744.4, "load": 13.7900390625}
{"event": "step", "step": 155500, "loss": 4.4168, "lr": 0.000578120397554007, "gnorm": 1.011, "tok_per_s": 100805.8, "load": 13.7265625}
{"event": "step", "step": 155600, "loss": 4.5476, "lr": 0.000576774781701013, "gnorm": 1.375, "tok_per_s": 100808.4, "load": 13.69482421875}
{"event": "step", "step": 155700, "loss": 4.4682, "lr": 0.0005754320570565852, "gnorm": 0.924, "tok_per_s": 100783.9, "load": 13.7421875}
{"event": "step", "step": 155800, "loss": 4.5493, "lr": 0.0005740922272379487, "gnorm": 1.059, "tok_per_s": 100783.5, "load": 13.76318359375}
{"event": "step", "step": 155900, "loss": 4.4642, "lr": 0.0005727552958545297, "gnorm": 1.338, "tok_per_s": 100754.0, "load": 13.65234375}
{"event": "step", "step": 156000, "loss": 4.4239, "lr": 0.0005714212665079467, "gnorm": 1.833, "tok_per_s": 100778.0, "load": 13.6259765625}
{"event": "step", "step": 156100, "loss": 4.5237, "lr": 0.0005700901427919991, "gnorm": 2.113, "tok_per_s": 100726.1, "load": 13.57568359375}
{"event": "step", "step": 156200, "loss": 4.4738, "lr": 0.0005687619282926608, "gnorm": 1.543, "tok_per_s": 100749.1, "load": 13.40673828125}
{"event": "step", "step": 156300, "loss": 4.5174, "lr": 0.0005674366265880662, "gnorm": 1.929, "tok_per_s": 100606.4, "load": 13.34375}
{"event": "step", "step": 156400, "loss": 4.5337, "lr": 0.0005661142412485046, "gnorm": 1.278, "tok_per_s": 100660.2, "load": 13.23583984375}
{"event": "step", "step": 156500, "loss": 4.6938, "lr": 0.000564794775836407, "gnorm": 1.147, "tok_per_s": 100669.8, "load": 13.2734375}
{"event": "step", "step": 156600, "loss": 4.5058, "lr": 0.0005634782339063402, "gnorm": 1.318, "tok_per_s": 100624.5, "load": 13.17138671875}
{"event": "step", "step": 156700, "loss": 4.5161, "lr": 0.0005621646190049937, "gnorm": 1.761, "tok_per_s": 100645.8, "load": 13.21875}
{"event": "step", "step": 156800, "loss": 4.448, "lr": 0.0005608539346711729, "gnorm": 1.293, "tok_per_s": 100645.2, "load": 13.265625}
{"event": "step", "step": 156900, "loss": 4.5406, "lr": 0.0005595461844357871, "gnorm": 0.983, "tok_per_s": 100722.7, "load": 13.244140625}
{"event": "step", "step": 157000, "loss": 4.4304, "lr": 0.0005582413718218431, "gnorm": 1.2, "tok_per_s": 100661.7, "load": 13.36669921875}
{"event": "step", "step": 157100, "loss": 4.3668, "lr": 0.0005569395003444321, "gnorm": 1.378, "tok_per_s": 100707.3, "load": 13.31640625}
{"event": "step", "step": 157200, "loss": 4.5963, "lr": 0.0005556405735107233, "gnorm": 1.094, "tok_per_s": 100731.6, "load": 18.25634765625}
{"event": "step", "step": 157300, "loss": 4.3327, "lr": 0.0005543445948199531, "gnorm": 1.131, "tok_per_s": 100758.0, "load": 17.3740234375}
{"event": "step", "step": 157400, "loss": 4.6503, "lr": 0.0005530515677634144, "gnorm": 1.033, "tok_per_s": 100742.9, "load": 16.69482421875}
{"event": "step", "step": 157500, "loss": 4.5625, "lr": 0.000551761495824451, "gnorm": 1.322, "tok_per_s": 100650.4, "load": 16.47900390625}
{"event": "step", "step": 157600, "loss": 4.4681, "lr": 0.0005504743824784428, "gnorm": 1.392, "tok_per_s": 100610.0, "load": 15.86376953125}
{"event": "step", "step": 157700, "loss": 4.3804, "lr": 0.0005491902311928025, "gnorm": 1.069, "tok_per_s": 100712.9, "load": 15.71435546875}
{"event": "step", "step": 157800, "loss": 4.3613, "lr": 0.0005479090454269603, "gnorm": 1.261, "tok_per_s": 100720.4, "load": 15.5302734375}
{"event": "step", "step": 157900, "loss": 4.6939, "lr": 0.00054663082863236, "gnorm": 1.819, "tok_per_s": 100730.2, "load": 15.21484375}
{"event": "step", "step": 158000, "loss": 4.4129, "lr": 0.000545355584252445, "gnorm": 1.602, "tok_per_s": 100658.1, "load": 14.95703125}
{"event": "step", "step": 158100, "loss": 4.4485, "lr": 0.000544083315722653, "gnorm": 1.267, "tok_per_s": 100650.8, "load": 14.8095703125}
{"event": "step", "step": 158200, "loss": 4.5277, "lr": 0.0005428140264704035, "gnorm": 1.051, "tok_per_s": 100644.0, "load": 14.4638671875}
{"event": "step", "step": 158300, "loss": 4.5523, "lr": 0.0005415477199150912, "gnorm": 0.87, "tok_per_s": 100718.6, "load": 14.26611328125}
{"event": "step", "step": 158400, "loss": 4.622, "lr": 0.0005402843994680739, "gnorm": 1.002, "tok_per_s": 100731.9, "load": 14.0712890625}
{"event": "step", "step": 158500, "loss": 4.4981, "lr": 0.0005390240685326671, "gnorm": 1.779, "tok_per_s": 100732.1, "load": 13.90625}
{"event": "step", "step": 158600, "loss": 4.5505, "lr": 0.000537766730504131, "gnorm": 1.644, "tok_per_s": 100725.4, "load": 13.9140625}
{"event": "step", "step": 158700, "loss": 4.3893, "lr": 0.0005365123887696645, "gnorm": 1.111, "tok_per_s": 100758.3, "load": 13.99462890625}
{"event": "step", "step": 158800, "loss": 4.5111, "lr": 0.000535261046708393, "gnorm": 1.035, "tok_per_s": 100762.3, "load": 13.8349609375}
{"event": "step", "step": 158900, "loss": 4.3614, "lr": 0.0005340127076913627, "gnorm": 0.914, "tok_per_s": 100757.3, "load": 13.8486328125}
{"event": "step", "step": 159000, "loss": 4.5804, "lr": 0.000532767375081528, "gnorm": 1.117, "tok_per_s": 100738.1, "load": 13.6376953125}
{"event": "step", "step": 159100, "loss": 4.6258, "lr": 0.0005315250522337461, "gnorm": 1.733, "tok_per_s": 100709.7, "load": 13.6669921875}
{"event": "step", "step": 159200, "loss": 4.3613, "lr": 0.0005302857424947643, "gnorm": 0.983, "tok_per_s": 100746.4, "load": 13.71875}
{"event": "step", "step": 159300, "loss": 4.5374, "lr": 0.0005290494492032142, "gnorm": 1.493, "tok_per_s": 100775.1, "load": 13.8427734375}
{"event": "step", "step": 159400, "loss": 4.4793, "lr": 0.0005278161756896, "gnorm": 1.098, "tok_per_s": 100769.0, "load": 13.77490234375}
{"event": "step", "step": 159500, "loss": 4.4228, "lr": 0.0005265859252762918, "gnorm": 0.947, "tok_per_s": 100769.3, "load": 13.72900390625}
{"event": "step", "step": 159600, "loss": 4.6299, "lr": 0.0005253587012775154, "gnorm": 1.66, "tok_per_s": 100579.7, "load": 13.61669921875}
{"event": "step", "step": 159700, "loss": 4.3928, "lr": 0.0005241345069993429, "gnorm": 1.047, "tok_per_s": 100729.9, "load": 13.56689453125}
{"event": "step", "step": 159800, "loss": 4.3875, "lr": 0.0005229133457396855, "gnorm": 1.049, "tok_per_s": 100653.3, "load": 13.56005859375}
{"event": "step", "step": 159900, "loss": 4.4863, "lr": 0.0005216952207882829, "gnorm": 1.007, "tok_per_s": 100768.8, "load": 13.48046875}
{"event": "step", "step": 160000, "loss": 4.5365, "lr": 0.0005204801354266958, "gnorm": 2.072, "tok_per_s": 100761.7, "load": 13.5224609375}
eval 160000 {'bpb': 1.4605261261217495, 'nats_per_token': 4.403662130242994, 'tokens': 16379, 'bytes': 71247}
{"event": "step", "step": 160100, "loss": 4.6212, "lr": 0.0005192680929282955, "gnorm": 1.276, "tok_per_s": 62913.7, "load": 13.55419921875}
{"event": "step", "step": 160200, "loss": 4.3185, "lr": 0.0005180590965582572, "gnorm": 0.938, "tok_per_s": 100862.0, "load": 13.4296875}
{"event": "step", "step": 160300, "loss": 4.5425, "lr": 0.0005168531495735485, "gnorm": 1.133, "tok_per_s": 100801.6, "load": 13.67822265625}
{"event": "step", "step": 160400, "loss": 4.5196, "lr": 0.0005156502552229237, "gnorm": 2.365, "tok_per_s": 100782.1, "load": 13.580078125}
{"event": "step", "step": 160500, "loss": 4.4077, "lr": 0.0005144504167469123, "gnorm": 1.049, "tok_per_s": 100710.4, "load": 13.453125}
{"event": "step", "step": 160600, "loss": 4.2644, "lr": 0.0005132536373778122, "gnorm": 0.911, "tok_per_s": 100705.3, "load": 15.94580078125}
{"event": "step", "step": 160700, "loss": 4.3895, "lr": 0.0005120599203396795, "gnorm": 1.036, "tok_per_s": 100763.4, "load": 15.49853515625}
{"event": "step", "step": 160800, "loss": 4.6494, "lr": 0.0005108692688483215, "gnorm": 1.071, "tok_per_s": 100774.7, "load": 15.37841796875}
{"event": "step", "step": 160900, "loss": 4.5344, "lr": 0.000509681686111286, "gnorm": 1.126, "tok_per_s": 100753.2, "load": 14.9384765625}
{"event": "step", "step": 161000, "loss": 4.4605, "lr": 0.000508497175327855, "gnorm": 1.223, "tok_per_s": 100705.4, "load": 14.64013671875}
{"event": "step", "step": 161100, "loss": 4.4133, "lr": 0.0005073157396890333, "gnorm": 1.358, "tok_per_s": 100646.4, "load": 14.5888671875}
{"event": "step", "step": 161200, "loss": 4.301, "lr": 0.0005061373823775431, "gnorm": 1.164, "tok_per_s": 100725.8, "load": 14.34423828125}
{"event": "step", "step": 161300, "loss": 4.3434, "lr": 0.0005049621065678122, "gnorm": 1.697, "tok_per_s": 100706.8, "load": 14.236328125}
{"event": "step", "step": 161400, "loss": 4.4344, "lr": 0.0005037899154259684, "gnorm": 0.873, "tok_per_s": 100692.4, "load": 14.0458984375}
{"event": "step", "step": 161500, "loss": 4.4815, "lr": 0.0005026208121098283, "gnorm": 1.284, "tok_per_s": 100693.3, "load": 13.8046875}
{"event": "step", "step": 161600, "loss": 4.5199, "lr": 0.0005014547997688914, "gnorm": 1.329, "tok_per_s": 100636.6, "load": 13.740234375}
{"event": "step", "step": 161700, "loss": 4.48, "lr": 0.0005002918815443287, "gnorm": 1.303, "tok_per_s": 100699.2, "load": 13.6259765625}
{"event": "step", "step": 161800, "loss": 4.4518, "lr": 0.0004991320605689771, "gnorm": 1.245, "tok_per_s": 100679.2, "load": 13.529296875}
{"event": "step", "step": 161900, "loss": 4.5765, "lr": 0.0004979753399673298, "gnorm": 0.98, "tok_per_s": 100704.5, "load": 13.48681640625}
{"event": "step", "step": 162000, "loss": 4.409, "lr": 0.0004968217228555265, "gnorm": 1.261, "tok_per_s": 100690.8, "load": 13.646484375}
{"event": "step", "step": 162100, "loss": 4.3437, "lr": 0.0004956712123413475, "gnorm": 1.759, "tok_per_s": 100663.4, "load": 13.54638671875}
{"event": "step", "step": 162200, "loss": 4.3446, "lr": 0.0004945238115242031, "gnorm": 1.044, "tok_per_s": 100697.4, "load": 13.50244140625}
{"event": "step", "step": 162300, "loss": 4.6334, "lr": 0.0004933795234951273, "gnorm": 1.95, "tok_per_s": 100692.3, "load": 13.4189453125}
{"event": "step", "step": 162400, "loss": 4.4965, "lr": 0.0004922383513367677, "gnorm": 0.848, "tok_per_s": 100680.8, "load": 13.5458984375}
{"event": "step", "step": 162500, "loss": 4.6492, "lr": 0.0004911002981233782, "gnorm": 1.783, "tok_per_s": 100689.5, "load": 13.3876953125}
{"event": "step", "step": 162600, "loss": 4.4283, "lr": 0.0004899653669208098, "gnorm": 1.042, "tok_per_s": 100669.6, "load": 13.32177734375}
{"event": "step", "step": 162700, "loss": 4.4208, "lr": 0.0004888335607865046, "gnorm": 1.02, "tok_per_s": 100712.8, "load": 13.2958984375}
{"event": "step", "step": 162800, "loss": 4.4388, "lr": 0.00048770488276948364, "gnorm": 1.088, "tok_per_s": 100748.3, "load": 13.244140625}
{"event": "step", "step": 162900, "loss": 4.3208, "lr": 0.0004865793359103434, "gnorm": 1.144, "tok_per_s": 100725.8, "load": 13.36669921875}
{"event": "step", "step": 163000, "loss": 4.4771, "lr": 0.00048545692324124295, "gnorm": 1.416, "tok_per_s": 100552.5, "load": 13.2568359375}
{"event": "step", "step": 163100, "loss": 4.5388, "lr": 0.00048433764778590006, "gnorm": 1.585, "tok_per_s": 100533.9, "load": 13.291015625}
{"event": "step", "step": 163200, "loss": 4.4302, "lr": 0.00048322151255957913, "gnorm": 0.905, "tok_per_s": 100481.8, "load": 13.2529296875}
{"event": "step", "step": 163300, "loss": 4.5131, "lr": 0.00048210852056908667, "gnorm": 1.29, "tok_per_s": 100725.3, "load": 13.15234375}
{"event": "step", "step": 163400, "loss": 4.6652, "lr": 0.00048099867481276004, "gnorm": 1.667, "tok_per_s": 100783.8, "load": 13.1357421875}
{"event": "step", "step": 163500, "loss": 4.3206, "lr": 0.00047989197828046215, "gnorm": 1.096, "tok_per_s": 100758.2, "load": 13.04052734375}
{"event": "step", "step": 163600, "loss": 4.4884, "lr": 0.0004787884339535706, "gnorm": 1.409, "tok_per_s": 100674.1, "load": 13.11767578125}
{"event": "step", "step": 163700, "loss": 4.4716, "lr": 0.0004776880448049728, "gnorm": 1.4, "tok_per_s": 100592.8, "load": 13.025390625}
{"event": "step", "step": 163800, "loss": 4.6799, "lr": 0.0004765908137990547, "gnorm": 1.02, "tok_per_s": 100520.9, "load": 13.02294921875}
{"event": "step", "step": 163900, "loss": 4.5432, "lr": 0.00047549674389169586, "gnorm": 0.989, "tok_per_s": 100684.5, "load": 12.94580078125}
{"event": "step", "step": 164000, "loss": 4.5122, "lr": 0.0004744058380302584, "gnorm": 1.374, "tok_per_s": 100640.9, "load": 12.8740234375}
{"event": "step", "step": 164100, "loss": 4.406, "lr": 0.000473318099153582, "gnorm": 1.095, "tok_per_s": 100570.3, "load": 12.88427734375}
{"event": "step", "step": 164200, "loss": 4.3007, "lr": 0.0004722335301919746, "gnorm": 1.026, "tok_per_s": 100514.5, "load": 12.90234375}
{"event": "step", "step": 164300, "loss": 4.4769, "lr": 0.00047115213406720327, "gnorm": 1.201, "tok_per_s": 100727.5, "load": 13.06494140625}
{"event": "step", "step": 164400, "loss": 4.4846, "lr": 0.0004700739136924894, "gnorm": 1.5, "tok_per_s": 100790.0, "load": 13.0595703125}
{"event": "step", "step": 164500, "loss": 4.5622, "lr": 0.00046899887197249766, "gnorm": 1.046, "tok_per_s": 100775.2, "load": 13.05029296875}
{"event": "step", "step": 164600, "loss": 4.5799, "lr": 0.0004679270118033306, "gnorm": 1.078, "tok_per_s": 100727.7, "load": 13.26318359375}
{"event": "step", "step": 164700, "loss": 4.2799, "lr": 0.0004668583360725189, "gnorm": 1.796, "tok_per_s": 100743.4, "load": 13.24169921875}
{"event": "step", "step": 164800, "loss": 4.4619, "lr": 0.0004657928476590157, "gnorm": 0.961, "tok_per_s": 100762.7, "load": 13.2783203125}
{"event": "step", "step": 164900, "loss": 4.4535, "lr": 0.00046473054943318645, "gnorm": 0.979, "tok_per_s": 100779.9, "load": 13.33642578125}
{"event": "step", "step": 165000, "loss": 4.4818, "lr": 0.0004636714442568031, "gnorm": 1.319, "tok_per_s": 100788.4, "load": 13.21044921875}
{"event": "step", "step": 165100, "loss": 4.4037, "lr": 0.00046261553498303616, "gnorm": 1.109, "tok_per_s": 63982.7, "load": 13.24365234375}
{"event": "step", "step": 165200, "loss": 4.4255, "lr": 0.00046156282445644533, "gnorm": 1.156, "tok_per_s": 100847.6, "load": 13.3046875}
{"event": "step", "step": 165300, "loss": 4.3742, "lr": 0.0004605133155129744, "gnorm": 1.137, "tok_per_s": 100827.0, "load": 13.2646484375}
{"event": "step", "step": 165400, "loss": 4.4936, "lr": 0.0004594670109799409, "gnorm": 1.119, "tok_per_s": 100833.5, "load": 13.23046875}
{"event": "step", "step": 165500, "loss": 4.4401, "lr": 0.0004584239136760314, "gnorm": 1.175, "tok_per_s": 100805.0, "load": 13.2119140625}
{"event": "step", "step": 165600, "loss": 4.7601, "lr": 0.0004573840264112906, "gnorm": 1.188, "tok_per_s": 100770.5, "load": 13.2529296875}
{"event": "step", "step": 165700, "loss": 4.5224, "lr": 0.0004563473519871174, "gnorm": 1.092, "tok_per_s": 100804.2, "load": 13.21337890625}
{"event": "step", "step": 165800, "loss": 4.4948, "lr": 0.00045531389319625393, "gnorm": 1.317, "tok_per_s": 100795.4, "load": 13.27685546875}
{"event": "step", "step": 165900, "loss": 4.4663, "lr": 0.0004542836528227803, "gnorm": 1.085, "tok_per_s": 100802.5, "load": 13.22802734375}
{"event": "step", "step": 166000, "loss": 4.4172, "lr": 0.00045325663364210685, "gnorm": 1.097, "tok_per_s": 100805.0, "load": 13.2900390625}
{"event": "step", "step": 166100, "loss": 4.4912, "lr": 0.00045223283842096514, "gnorm": 0.943, "tok_per_s": 100777.9, "load": 13.1650390625}
{"event": "step", "step": 166200, "loss": 4.4794, "lr": 0.0004512122699174024, "gnorm": 1.098, "tok_per_s": 100775.1, "load": 13.13916015625}
{"event": "step", "step": 166300, "loss": 4.4591, "lr": 0.0004501949308807727, "gnorm": 1.007, "tok_per_s": 100783.3, "load": 13.0478515625}
{"event": "step", "step": 166400, "loss": 4.6357, "lr": 0.0004491808240517305, "gnorm": 1.021, "tok_per_s": 100756.6, "load": 13.1142578125}
{"event": "step", "step": 166500, "loss": 4.5491, "lr": 0.0004481699521622226, "gnorm": 1.035, "tok_per_s": 100766.3, "load": 13.10302734375}
{"event": "step", "step": 166600, "loss": 4.3612, "lr": 0.0004471623179354818, "gnorm": 1.211, "tok_per_s": 100772.0, "load": 13.0146484375}
{"event": "step", "step": 166700, "loss": 4.4943, "lr": 0.000446157924086017, "gnorm": 1.974, "tok_per_s": 100758.1, "load": 13.17236328125}
{"event": "step", "step": 166800, "loss": 4.3679, "lr": 0.00044515677331961027, "gnorm": 0.98, "tok_per_s": 100777.2, "load": 13.07177734375}
{"event": "step", "step": 166900, "loss": 4.3184, "lr": 0.00044415886833330467, "gnorm": 1.34, "tok_per_s": 100751.1, "load": 13.06591796875}
{"event": "step", "step": 167000, "loss": 4.6456, "lr": 0.00044316421181540074, "gnorm": 1.375, "tok_per_s": 100771.4, "load": 12.982421875}
{"event": "step", "step": 167100, "loss": 4.4609, "lr": 0.0004421728064454474, "gnorm": 1.17, "tok_per_s": 100730.2, "load": 12.98388671875}
{"event": "step", "step": 167200, "loss": 4.4553, "lr": 0.0004411846548942348, "gnorm": 1.973, "tok_per_s": 100761.9, "load": 13.06689453125}
{"event": "step", "step": 167300, "loss": 4.488, "lr": 0.00044019975982378815, "gnorm": 2.533, "tok_per_s": 100759.3, "load": 13.05615234375}
{"event": "step", "step": 167400, "loss": 4.445, "lr": 0.0004392181238873594, "gnorm": 1.059, "tok_per_s": 100733.5, "load": 13.05126953125}
{"event": "step", "step": 167500, "loss": 4.5817, "lr": 0.0004382397497294208, "gnorm": 1.191, "tok_per_s": 100734.7, "load": 13.04296875}
{"event": "step", "step": 167600, "loss": 4.463, "lr": 0.0004372646399856572, "gnorm": 1.736, "tok_per_s": 100710.8, "load": 13.1162109375}
{"event": "step", "step": 167700, "loss": 4.4549, "lr": 0.0004362927972829602, "gnorm": 0.982, "tok_per_s": 100695.5, "load": 13.1064453125}
{"event": "step", "step": 167800, "loss": 4.5052, "lr": 0.00043532422423941876, "gnorm": 1.197, "tok_per_s": 100739.1, "load": 13.169921875}
{"event": "step", "step": 167900, "loss": 4.3828, "lr": 0.0004343589234643152, "gnorm": 1.12, "tok_per_s": 100734.0, "load": 13.06982421875}
{"event": "step", "step": 168000, "loss": 4.4854, "lr": 0.0004333968975581147, "gnorm": 1.129, "tok_per_s": 100747.2, "load": 13.06396484375}
{"event": "step", "step": 168100, "loss": 4.5759, "lr": 0.0004324381491124621, "gnorm": 1.008, "tok_per_s": 100741.3, "load": 14.421875}
{"event": "step", "step": 168200, "loss": 4.4424, "lr": 0.0004314826807101712, "gnorm": 1.434, "tok_per_s": 100681.5, "load": 14.3076171875}
{"event": "step", "step": 168300, "loss": 4.5152, "lr": 0.0004305304949252209, "gnorm": 1.596, "tok_per_s": 100720.9, "load": 14.41455078125}
{"event": "step", "step": 168400, "loss": 4.6272, "lr": 0.00042958159432274586, "gnorm": 1.556, "tok_per_s": 100744.5, "load": 14.19677734375}
{"event": "step", "step": 168500, "loss": 4.6029, "lr": 0.00042863598145903114, "gnorm": 0.935, "tok_per_s": 100675.5, "load": 14.1806640625}
{"event": "step", "step": 168600, "loss": 4.4318, "lr": 0.00042769365888150517, "gnorm": 1.164, "tok_per_s": 100730.5, "load": 13.92529296875}
{"event": "step", "step": 168700, "loss": 4.4047, "lr": 0.00042675462912873175, "gnorm": 1.344, "tok_per_s": 100717.7, "load": 15.98681640625}
{"event": "step", "step": 168800, "loss": 4.4181, "lr": 0.00042581889473040463, "gnorm": 1.077, "tok_per_s": 100753.5, "load": 15.82763671875}
{"event": "step", "step": 168900, "loss": 4.5008, "lr": 0.0004248864582073396, "gnorm": 1.547, "tok_per_s": 100745.6, "load": 15.47265625}
{"event": "step", "step": 169000, "loss": 4.373, "lr": 0.00042395732207146865, "gnorm": 1.253, "tok_per_s": 100727.3, "load": 15.08544921875}
{"event": "step", "step": 169100, "loss": 4.4901, "lr": 0.0004230314888258321, "gnorm": 1.093, "tok_per_s": 100744.2, "load": 14.837890625}
{"event": "step", "step": 169200, "loss": 4.414, "lr": 0.0004221089609645732, "gnorm": 0.893, "tok_per_s": 100680.1, "load": 14.54833984375}
{"event": "step", "step": 169300, "loss": 4.5164, "lr": 0.00042118974097292964, "gnorm": 1.413, "tok_per_s": 100733.8, "load": 14.470703125}
{"event": "step", "step": 169400, "loss": 4.3773, "lr": 0.00042027383132722937, "gnorm": 1.317, "tok_per_s": 100761.7, "load": 14.2724609375}
{"event": "step", "step": 169500, "loss": 4.4714, "lr": 0.000419361234494881, "gnorm": 2.347, "tok_per_s": 100725.5, "load": 14.07666015625}
{"event": "step", "step": 169600, "loss": 4.3808, "lr": 0.0004184519529343696, "gnorm": 1.767, "tok_per_s": 100738.0, "load": 13.91015625}
{"event": "step", "step": 169700, "loss": 4.4526, "lr": 0.0004175459890952483, "gnorm": 1.104, "tok_per_s": 100712.2, "load": 13.76953125}
{"event": "step", "step": 169800, "loss": 4.4697, "lr": 0.0004166433454181336, "gnorm": 1.717, "tok_per_s": 100762.1, "load": 16.0146484375}
{"event": "step", "step": 169900, "loss": 4.4485, "lr": 0.000415744024334696, "gnorm": 1.218, "tok_per_s": 100736.7, "load": 15.85302734375}
{"event": "step", "step": 170000, "loss": 4.4292, "lr": 0.00041484802826765704, "gnorm": 1.996, "tok_per_s": 100719.4, "load": 15.494140625}
{"event": "step", "step": 170100, "loss": 4.3824, "lr": 0.00041395535963077907, "gnorm": 1.07, "tok_per_s": 64724.2, "load": 14.873046875}
{"event": "step", "step": 170200, "loss": 4.5373, "lr": 0.00041306602082886193, "gnorm": 1.24, "tok_per_s": 100766.3, "load": 14.642578125}
{"event": "step", "step": 170300, "loss": 4.5347, "lr": 0.0004121800142577342, "gnorm": 1.364, "tok_per_s": 100864.9, "load": 14.3896484375}
{"event": "step", "step": 170400, "loss": 4.4385, "lr": 0.000411297342304248, "gnorm": 1.118, "tok_per_s": 100842.5, "load": 14.1982421875}
{"event": "step", "step": 170500, "loss": 4.4741, "lr": 0.000410418007346272, "gnorm": 1.124, "tok_per_s": 100787.6, "load": 14.013671875}
{"event": "step", "step": 170600, "loss": 4.6034, "lr": 0.0004095420117526855, "gnorm": 1.873, "tok_per_s": 100795.9, "load": 14.0107421875}
{"event": "step", "step": 170700, "loss": 4.4767, "lr": 0.00040866935788337106, "gnorm": 1.118, "tok_per_s": 100754.2, "load": 13.9296875}
{"event": "step", "step": 170800, "loss": 4.4901, "lr": 0.0004078000480892097, "gnorm": 1.38, "tok_per_s": 100808.5, "load": 13.7861328125}
{"event": "step", "step": 170900, "loss": 4.537, "lr": 0.00040693408471207326, "gnorm": 1.118, "tok_per_s": 100791.0, "load": 13.74560546875}
{"event": "step", "step": 171000, "loss": 4.4502, "lr": 0.00040607147008481833, "gnorm": 1.248, "tok_per_s": 100760.8, "load": 13.685546875}
{"event": "step", "step": 171100, "loss": 4.6293, "lr": 0.0004052122065312806, "gnorm": 2.243, "tok_per_s": 100778.3, "load": 13.65380859375}
{"event": "step", "step": 171200, "loss": 4.5832, "lr": 0.0004043562963662674, "gnorm": 1.063, "tok_per_s": 100732.8, "load": 13.5595703125}
{"event": "step", "step": 171300, "loss": 4.6582, "lr": 0.00040350374189555334, "gnorm": 2.605, "tok_per_s": 100753.2, "load": 13.59521484375}
{"event": "step", "step": 171400, "loss": 4.4537, "lr": 0.00040265454541587193, "gnorm": 1.0, "tok_per_s": 100735.0, "load": 13.583984375}
{"event": "step", "step": 171500, "loss": 4.3873, "lr": 0.0004018087092149112, "gnorm": 1.065, "tok_per_s": 100769.2, "load": 13.61767578125}
{"event": "step", "step": 171600, "loss": 4.481, "lr": 0.0004009662355713061, "gnorm": 1.044, "tok_per_s": 100733.0, "load": 13.6767578125}
{"event": "step", "step": 171700, "loss": 4.4547, "lr": 0.0004001271267546338, "gnorm": 1.193, "tok_per_s": 100693.5, "load": 13.646484375}
{"event": "step", "step": 171800, "loss": 4.4262, "lr": 0.0003992913850254058, "gnorm": 1.579, "tok_per_s": 100775.0, "load": 13.6748046875}
{"event": "step", "step": 171900, "loss": 4.4761, "lr": 0.00039845901263506426, "gnorm": 1.03, "tok_per_s": 100766.8, "load": 13.57763671875}
{"event": "step", "step": 172000, "loss": 4.3979, "lr": 0.0003976300118259731, "gnorm": 1.309, "tok_per_s": 100767.8, "load": 13.408203125}
{"event": "step", "step": 172100, "loss": 4.4545, "lr": 0.00039680438483141424, "gnorm": 1.294, "tok_per_s": 100740.6, "load": 13.37548828125}
{"event": "step", "step": 172200, "loss": 4.4393, "lr": 0.00039598213387558056, "gnorm": 1.598, "tok_per_s": 100737.0, "load": 15.6015625}
{"event": "step", "step": 172300, "loss": 4.5204, "lr": 0.00039516326117356994, "gnorm": 1.221, "tok_per_s": 100727.3, "load": 15.201171875}
{"event": "step", "step": 172400, "loss": 4.3027, "lr": 0.0003943477689313796, "gnorm": 2.111, "tok_per_s": 100741.9, "load": 15.10498046875}
{"event": "step", "step": 172500, "loss": 4.5163, "lr": 0.0003935356593459, "gnorm": 2.761, "tok_per_s": 100750.3, "load": 14.78076171875}
{"event": "step", "step": 172600, "loss": 4.1784, "lr": 0.0003927269346049084, "gnorm": 1.567, "tok_per_s": 100728.3, "load": 14.6376953125}
{"event": "step", "step": 172700, "loss": 4.4544, "lr": 0.00039192159688706467, "gnorm": 2.36, "tok_per_s": 100706.5, "load": 14.38525390625}
{"event": "step", "step": 172800, "loss": 4.5563, "lr": 0.00039111964836190273, "gnorm": 2.462, "tok_per_s": 100734.5, "load": 14.17822265625}
{"event": "step", "step": 172900, "loss": 4.7322, "lr": 0.00039032109118982734, "gnorm": 2.151, "tok_per_s": 100714.3, "load": 14.00341796875}
{"event": "step", "step": 173000, "loss": 4.4134, "lr": 0.0003895259275221066, "gnorm": 1.138, "tok_per_s": 100755.2, "load": 14.00927734375}
{"event": "step", "step": 173100, "loss": 4.4977, "lr": 0.0003887341595008667, "gnorm": 1.344, "tok_per_s": 100701.9, "load": 13.77978515625}
{"event": "step", "step": 173200, "loss": 4.6053, "lr": 0.0003879457892590869, "gnorm": 1.239, "tok_per_s": 100714.7, "load": 13.7978515625}
{"event": "step", "step": 173300, "loss": 4.3861, "lr": 0.00038716081892059193, "gnorm": 1.352, "tok_per_s": 100692.7, "load": 13.681640625}
{"event": "step", "step": 173400, "loss": 4.472, "lr": 0.00038637925060004794, "gnorm": 1.577, "tok_per_s": 100722.2, "load": 13.650390625}
{"event": "step", "step": 173500, "loss": 4.4355, "lr": 0.00038560108640295603, "gnorm": 1.609, "tok_per_s": 100729.8, "load": 13.6787109375}
{"event": "step", "step": 173600, "loss": 4.429, "lr": 0.0003848263284256473, "gnorm": 1.202, "tok_per_s": 100738.3, "load": 13.814453125}
{"event": "step", "step": 173700, "loss": 4.6148, "lr": 0.000384054978755276, "gnorm": 1.373, "tok_per_s": 100689.5, "load": 13.75634765625}
{"event": "step", "step": 173800, "loss": 4.4736, "lr": 0.0003832870394698151, "gnorm": 1.708, "tok_per_s": 100705.8, "load": 13.615234375}
{"event": "step", "step": 173900, "loss": 4.4369, "lr": 0.0003825225126380496, "gnorm": 1.366, "tok_per_s": 100653.1, "load": 13.51416015625}
{"event": "step", "step": 174000, "loss": 4.4358, "lr": 0.00038176140031957257, "gnorm": 1.319, "tok_per_s": 100717.8, "load": 13.47265625}
{"event": "step", "step": 174100, "loss": 4.4142, "lr": 0.0003810037045647772, "gnorm": 1.346, "tok_per_s": 100741.0, "load": 13.3935546875}
{"event": "step", "step": 174200, "loss": 4.4945, "lr": 0.000380249427414854, "gnorm": 2.159, "tok_per_s": 100700.9, "load": 13.33251953125}
{"event": "step", "step": 174300, "loss": 4.4853, "lr": 0.00037949857090178264, "gnorm": 1.132, "tok_per_s": 100690.7, "load": 13.2255859375}
{"event": "step", "step": 174400, "loss": 4.4326, "lr": 0.00037875113704832926, "gnorm": 1.052, "tok_per_s": 100764.1, "load": 13.1845703125}
{"event": "step", "step": 174500, "loss": 4.3006, "lr": 0.0003780071278680381, "gnorm": 1.598, "tok_per_s": 100753.8, "load": 13.16259765625}
{"event": "step", "step": 174600, "loss": 4.6431, "lr": 0.00037726654536522863, "gnorm": 1.072, "tok_per_s": 100745.3, "load": 13.22998046875}
{"event": "step", "step": 174700, "loss": 4.4071, "lr": 0.00037652939153498825, "gnorm": 1.13, "tok_per_s": 100733.0, "load": 13.27490234375}
{"event": "step", "step": 174800, "loss": 4.7051, "lr": 0.00037579566836316836, "gnorm": 1.254, "tok_per_s": 100640.2, "load": 15.4423828125}
{"event": "step", "step": 174900, "loss": 4.5106, "lr": 0.0003750653778263777, "gnorm": 1.034, "tok_per_s": 100714.6, "load": 15.24658203125}
{"event": "step", "step": 175000, "loss": 4.4996, "lr": 0.0003743385218919782, "gnorm": 1.524, "tok_per_s": 100698.8, "load": 14.9072265625}
{"event": "step", "step": 175100, "loss": 4.5736, "lr": 0.00037361510251807903, "gnorm": 1.301, "tok_per_s": 64833.4, "load": 14.61376953125}
{"event": "step", "step": 175200, "loss": 4.6612, "lr": 0.00037289512165353153, "gnorm": 1.274, "tok_per_s": 100855.2, "load": 14.43896484375}
{"event": "step", "step": 175300, "loss": 4.4718, "lr": 0.00037217858123792354, "gnorm": 1.069, "tok_per_s": 100787.5, "load": 14.29736328125}
{"event": "step", "step": 175400, "loss": 4.4191, "lr": 0.00037146548320157486, "gnorm": 1.27, "tok_per_s": 100840.8, "load": 14.11328125}
{"event": "step", "step": 175500, "loss": 4.447, "lr": 0.00037075582946553175, "gnorm": 1.036, "tok_per_s": 100827.3, "load": 13.94189453125}
{"event": "step", "step": 175600, "loss": 4.3971, "lr": 0.00037004962194156136, "gnorm": 1.825, "tok_per_s": 100739.8, "load": 13.72314453125}
{"event": "step", "step": 175700, "loss": 4.4554, "lr": 0.00036934686253214743, "gnorm": 1.452, "tok_per_s": 100786.4, "load": 13.6650390625}
{"event": "step", "step": 175800, "loss": 4.6532, "lr": 0.0003686475531304841, "gnorm": 2.098, "tok_per_s": 100628.4, "load": 13.56201171875}
{"event": "step", "step": 175900, "loss": 4.4532, "lr": 0.000367951695620472, "gnorm": 1.348, "tok_per_s": 100717.9, "load": 13.5166015625}
{"event": "step", "step": 176000, "loss": 4.6622, "lr": 0.00036725929187671197, "gnorm": 1.324, "tok_per_s": 100727.2, "load": 13.43701171875}
{"event": "step", "step": 176100, "loss": 4.4693, "lr": 0.00036657034376450117, "gnorm": 1.092, "tok_per_s": 100738.5, "load": 13.36962890625}
{"event": "step", "step": 176200, "loss": 4.3462, "lr": 0.0003658848531398269, "gnorm": 1.255, "tok_per_s": 100694.8, "load": 13.33984375}
{"event": "step", "step": 176300, "loss": 4.356, "lr": 0.00036520282184936267, "gnorm": 1.601, "tok_per_s": 100738.0, "load": 13.361328125}
{"event": "step", "step": 176400, "loss": 4.4801, "lr": 0.0003645242517304623, "gnorm": 1.368, "tok_per_s": 100752.5, "load": 13.3857421875}
{"event": "step", "step": 176500, "loss": 4.501, "lr": 0.00036384914461115597, "gnorm": 1.201, "tok_per_s": 100717.8, "load": 13.3544921875}
{"event": "step", "step": 176600, "loss": 4.3889, "lr": 0.000363177502310144, "gnorm": 2.313, "tok_per_s": 100744.5, "load": 13.30615234375}
{"event": "step", "step": 176700, "loss": 4.4742, "lr": 0.0003625093266367936, "gnorm": 1.248, "tok_per_s": 100710.5, "load": 13.10498046875}
{"event": "step", "step": 176800, "loss": 4.3853, "lr": 0.0003618446193911321, "gnorm": 1.196, "tok_per_s": 100620.9, "load": 13.1767578125}
{"event": "step", "step": 176900, "loss": 4.5229, "lr": 0.0003611833823638441, "gnorm": 2.192, "tok_per_s": 100693.1, "load": 12.99560546875}
{"event": "step", "step": 177000, "loss": 4.5629, "lr": 0.0003605256173362643, "gnorm": 1.125, "tok_per_s": 100735.2, "load": 13.07666015625}
{"event": "step", "step": 177100, "loss": 4.5652, "lr": 0.0003598713260803756, "gnorm": 1.311, "tok_per_s": 100683.1, "load": 13.0703125}
{"event": "step", "step": 177200, "loss": 4.674, "lr": 0.00035922051035880133, "gnorm": 1.033, "tok_per_s": 100694.0, "load": 13.05322265625}
{"event": "step", "step": 177300, "loss": 4.2847, "lr": 0.0003585731719248031, "gnorm": 1.692, "tok_per_s": 100684.3, "load": 12.96875}
{"event": "step", "step": 177400, "loss": 4.4316, "lr": 0.0003579293125222738, "gnorm": 1.158, "tok_per_s": 100718.7, "load": 13.05419921875}
{"event": "step", "step": 177500, "loss": 4.5341, "lr": 0.000357288933885735, "gnorm": 1.208, "tok_per_s": 100681.1, "load": 13.11962890625}
{"event": "step", "step": 177600, "loss": 4.5448, "lr": 0.00035665203774033066, "gnorm": 1.169, "tok_per_s": 100754.3, "load": 13.1904296875}
{"event": "step", "step": 177700, "loss": 4.5557, "lr": 0.00035601862580182317, "gnorm": 1.121, "tok_per_s": 100717.1, "load": 13.0869140625}
{"event": "step", "step": 177800, "loss": 4.4312, "lr": 0.00035538869977658926, "gnorm": 1.451, "tok_per_s": 100707.9, "load": 16.5908203125}
{"event": "step", "step": 177900, "loss": 4.3111, "lr": 0.0003547622613616136, "gnorm": 1.047, "tok_per_s": 100700.2, "load": 16.30322265625}
{"event": "step", "step": 178000, "loss": 4.4389, "lr": 0.00035413931224448694, "gnorm": 1.518, "tok_per_s": 100622.8, "load": 15.94873046875}
{"event": "step", "step": 178100, "loss": 4.4175, "lr": 0.0003535198541033985, "gnorm": 1.161, "tok_per_s": 100707.1, "load": 15.50146484375}
{"event": "step", "step": 178200, "loss": 4.4263, "lr": 0.00035290388860713444, "gnorm": 1.089, "tok_per_s": 100721.9, "load": 15.30078125}
{"event": "step", "step": 178300, "loss": 4.5111, "lr": 0.00035229141741507095, "gnorm": 1.152, "tok_per_s": 100647.2, "load": 15.033203125}
{"event": "step", "step": 178400, "loss": 4.4797, "lr": 0.0003516824421771712, "gnorm": 1.461, "tok_per_s": 100752.7, "load": 14.7900390625}
{"event": "step", "step": 178500, "loss": 4.5483, "lr": 0.0003510769645339801, "gnorm": 2.271, "tok_per_s": 100723.4, "load": 14.59423828125}
{"event": "step", "step": 178600, "loss": 4.4936, "lr": 0.00035047498611662074, "gnorm": 1.66, "tok_per_s": 100712.6, "load": 14.27490234375}
{"event": "step", "step": 178700, "loss": 4.5599, "lr": 0.000349876508546789, "gnorm": 1.207, "tok_per_s": 100758.2, "load": 14.17236328125}
{"event": "step", "step": 178800, "loss": 4.3894, "lr": 0.00034928153343675024, "gnorm": 1.669, "tok_per_s": 100742.3, "load": 13.91796875}
{"event": "step", "step": 178900, "loss": 4.5684, "lr": 0.00034869006238933363, "gnorm": 1.017, "tok_per_s": 100683.2, "load": 13.7763671875}
{"event": "step", "step": 179000, "loss": 4.3521, "lr": 0.00034810209699792926, "gnorm": 1.228, "tok_per_s": 100739.1, "load": 13.87451171875}
{"event": "step", "step": 179100, "loss": 4.4388, "lr": 0.00034751763884648286, "gnorm": 1.615, "tok_per_s": 100760.9, "load": 13.666015625}
{"event": "step", "step": 179200, "loss": 4.3404, "lr": 0.0003469366895094921, "gnorm": 1.369, "tok_per_s": 100719.4, "load": 13.56298828125}
{"event": "step", "step": 179300, "loss": 4.5101, "lr": 0.0003463592505520016, "gnorm": 1.124, "tok_per_s": 100764.1, "load": 13.517578125}
{"event": "step", "step": 179400, "loss": 4.7174, "lr": 0.0003457853235295998, "gnorm": 1.68, "tok_per_s": 100727.9, "load": 13.4375}
{"event": "step", "step": 179500, "loss": 4.3564, "lr": 0.00034521490998841377, "gnorm": 1.799, "tok_per_s": 100712.2, "load": 13.40234375}
{"event": "step", "step": 179600, "loss": 4.4429, "lr": 0.0003446480114651057, "gnorm": 1.379, "tok_per_s": 100745.9, "load": 13.34033203125}
{"event": "step", "step": 179700, "loss": 4.3975, "lr": 0.0003440846294868684, "gnorm": 1.593, "tok_per_s": 100743.5, "load": 13.2138671875}
{"event": "step", "step": 179800, "loss": 4.4455, "lr": 0.0003435247655714212, "gnorm": 1.143, "tok_per_s": 100649.3, "load": 13.1962890625}
{"event": "step", "step": 179900, "loss": 4.5727, "lr": 0.00034296842122700626, "gnorm": 1.108, "tok_per_s": 100708.8, "load": 13.17236328125}
{"event": "step", "step": 180000, "loss": 4.3875, "lr": 0.000342415597952384, "gnorm": 1.746, "tok_per_s": 100727.7, "load": 13.13916015625}
eval 180000 {'bpb': 1.4626698524035455, 'nats_per_token': 4.410125723105806, 'tokens': 16379, 'bytes': 71247}
{"event": "step", "step": 180100, "loss": 4.4247, "lr": 0.00034186629723682947, "gnorm": 1.628, "tok_per_s": 63223.7, "load": 17.2021484375}
{"event": "step", "step": 180200, "loss": 4.5108, "lr": 0.00034132052056012776, "gnorm": 1.07, "tok_per_s": 100842.8, "load": 16.56201171875}
{"event": "step", "step": 180300, "loss": 4.3661, "lr": 0.00034077826939257094, "gnorm": 1.205, "tok_per_s": 100733.4, "load": 15.85986328125}
{"event": "step", "step": 180400, "loss": 4.5989, "lr": 0.00034023954519495276, "gnorm": 1.677, "tok_per_s": 100795.2, "load": 15.71044921875}
{"event": "step", "step": 180500, "loss": 4.3373, "lr": 0.00033970434941856664, "gnorm": 1.305, "tok_per_s": 100779.8, "load": 15.2998046875}
{"event": "step", "step": 180600, "loss": 4.5823, "lr": 0.0003391726835051993, "gnorm": 1.215, "tok_per_s": 100731.9, "load": 15.1953125}
{"event": "step", "step": 180700, "loss": 4.3462, "lr": 0.00033864454888712936, "gnorm": 1.24, "tok_per_s": 100781.6, "load": 14.86376953125}
{"event": "step", "step": 180800, "loss": 4.6079, "lr": 0.000338119946987122, "gnorm": 1.105, "tok_per_s": 100717.7, "load": 14.5029296875}
{"event": "step", "step": 180900, "loss": 4.4162, "lr": 0.0003375988792184249, "gnorm": 1.243, "tok_per_s": 100687.1, "load": 14.54296875}
{"event": "step", "step": 181000, "loss": 4.4383, "lr": 0.00033708134698476566, "gnorm": 1.511, "tok_per_s": 100731.4, "load": 14.2314453125}
{"event": "step", "step": 181100, "loss": 4.3203, "lr": 0.000336567351680347, "gnorm": 1.109, "tok_per_s": 100754.4, "load": 14.11572265625}
{"event": "step", "step": 181200, "loss": 4.3542, "lr": 0.0003360568946898437, "gnorm": 1.193, "tok_per_s": 100706.4, "load": 14.0263671875}
{"event": "step", "step": 181300, "loss": 4.355, "lr": 0.00033554997738839785, "gnorm": 1.393, "tok_per_s": 100715.1, "load": 13.7880859375}
{"event": "step", "step": 181400, "loss": 4.409, "lr": 0.0003350466011416166, "gnorm": 1.016, "tok_per_s": 100721.4, "load": 13.740234375}
{"event": "step", "step": 181500, "loss": 4.4812, "lr": 0.00033454676730556714, "gnorm": 1.097, "tok_per_s": 100711.8, "load": 13.76123046875}
{"event": "step", "step": 181600, "loss": 4.5168, "lr": 0.00033405047722677385, "gnorm": 1.138, "tok_per_s": 100706.6, "load": 13.7177734375}
{"event": "step", "step": 181700, "loss": 4.4197, "lr": 0.00033355773224221435, "gnorm": 1.421, "tok_per_s": 100709.2, "load": 13.60693359375}
{"event": "step", "step": 181800, "loss": 4.3584, "lr": 0.00033306853367931613, "gnorm": 1.06, "tok_per_s": 100682.1, "load": 13.47802734375}
{"event": "step", "step": 181900, "loss": 4.4981, "lr": 0.00033258288285595256, "gnorm": 1.13, "tok_per_s": 100703.4, "load": 13.40380859375}
{"event": "step", "step": 182000, "loss": 4.5645, "lr": 0.0003321007810804398, "gnorm": 1.218, "tok_per_s": 100700.6, "load": 13.37109375}
{"event": "step", "step": 182100, "loss": 4.4533, "lr": 0.00033162222965153315, "gnorm": 1.125, "tok_per_s": 100708.8, "load": 13.31396484375}
{"event": "step", "step": 182200, "loss": 4.5529, "lr": 0.0003311472298584229, "gnorm": 1.307, "tok_per_s": 100714.9, "load": 13.18505859375}
{"event": "step", "step": 182300, "loss": 4.2915, "lr": 0.00033067578298073233, "gnorm": 1.389, "tok_per_s": 100607.8, "load": 13.169921875}
{"event": "step", "step": 182400, "loss": 4.4179, "lr": 0.0003302078902885124, "gnorm": 1.787, "tok_per_s": 100661.0, "load": 13.0634765625}
{"event": "step", "step": 182500, "loss": 4.3924, "lr": 0.00032974355304224033, "gnorm": 1.571, "tok_per_s": 100715.4, "load": 13.12744140625}
{"event": "step", "step": 182600, "loss": 4.387, "lr": 0.00032928277249281426, "gnorm": 1.217, "tok_per_s": 100718.1, "load": 13.1171875}
{"event": "step", "step": 182700, "loss": 4.4188, "lr": 0.00032882554988155125, "gnorm": 1.24, "tok_per_s": 100666.8, "load": 13.1728515625}
{"event": "step", "step": 182800, "loss": 4.4042, "lr": 0.00032837188644018356, "gnorm": 1.461, "tok_per_s": 100677.8, "load": 13.1455078125}
{"event": "step", "step": 182900, "loss": 4.5527, "lr": 0.00032792178339085463, "gnorm": 1.082, "tok_per_s": 100681.0, "load": 13.21435546875}
{"event": "step", "step": 183000, "loss": 4.3964, "lr": 0.00032747524194611747, "gnorm": 1.344, "tok_per_s": 100699.8, "load": 13.26123046875}
{"event": "step", "step": 183100, "loss": 4.4271, "lr": 0.00032703226330892896, "gnorm": 2.109, "tok_per_s": 100716.7, "load": 13.240234375}
{"event": "step", "step": 183200, "loss": 4.4752, "lr": 0.0003265928486726494, "gnorm": 1.366, "tok_per_s": 100720.2, "load": 13.20263671875}
{"event": "step", "step": 183300, "loss": 4.5922, "lr": 0.0003261569992210367, "gnorm": 1.13, "tok_per_s": 100657.1, "load": 18.21630859375}
{"event": "step", "step": 183400, "loss": 4.3745, "lr": 0.00032572471612824503, "gnorm": 1.148, "tok_per_s": 100729.2, "load": 17.87841796875}
{"event": "step", "step": 183500, "loss": 4.4581, "lr": 0.00032529600055882077, "gnorm": 1.36, "tok_per_s": 100732.9, "load": 17.1279296875}
{"event": "step", "step": 183600, "loss": 4.4788, "lr": 0.00032487085366769984, "gnorm": 1.321, "tok_per_s": 100662.3, "load": 16.4130859375}
{"event": "step", "step": 183700, "loss": 4.5126, "lr": 0.00032444927660020377, "gnorm": 1.288, "tok_per_s": 100719.8, "load": 16.2197265625}
{"event": "step", "step": 183800, "loss": 4.4354, "lr": 0.00032403127049203775, "gnorm": 1.189, "tok_per_s": 100707.6, "load": 15.7978515625}
{"event": "step", "step": 183900, "loss": 4.3278, "lr": 0.0003236168364692867, "gnorm": 1.089, "tok_per_s": 100639.3, "load": 15.5146484375}
{"event": "step", "step": 184000, "loss": 4.4359, "lr": 0.00032320597564841294, "gnorm": 2.208, "tok_per_s": 100709.8, "load": 15.23291015625}
{"event": "step", "step": 184100, "loss": 4.3186, "lr": 0.00032279868913625214, "gnorm": 2.013, "tok_per_s": 100742.2, "load": 14.9560546875}
{"event": "step", "step": 184200, "loss": 4.4474, "lr": 0.00032239497803001135, "gnorm": 1.298, "tok_per_s": 100689.2, "load": 14.87939453125}
{"event": "step", "step": 184300, "loss": 4.494, "lr": 0.00032199484341726575, "gnorm": 1.411, "tok_per_s": 100703.4, "load": 14.66357421875}
{"event": "step", "step": 184400, "loss": 4.5778, "lr": 0.00032159828637595554, "gnorm": 1.191, "tok_per_s": 100659.1, "load": 14.40771484375}
{"event": "step", "step": 184500, "loss": 4.3528, "lr": 0.00032120530797438327, "gnorm": 1.099, "tok_per_s": 100666.0, "load": 14.375}
{"event": "step", "step": 184600, "loss": 4.4341, "lr": 0.0003208159092712106, "gnorm": 1.423, "tok_per_s": 100705.5, "load": 14.23681640625}
{"event": "step", "step": 184700, "loss": 4.3989, "lr": 0.0003204300913154557, "gnorm": 1.361, "tok_per_s": 100730.9, "load": 13.96630859375}
{"event": "step", "step": 184800, "loss": 4.5796, "lr": 0.00032004785514649074, "gnorm": 1.265, "tok_per_s": 100668.7, "load": 13.888671875}
{"event": "step", "step": 184900, "loss": 4.4203, "lr": 0.0003196692017940384, "gnorm": 1.042, "tok_per_s": 100657.7, "load": 13.67138671875}
{"event": "step", "step": 185000, "loss": 4.6893, "lr": 0.0003192941322781696, "gnorm": 1.184, "tok_per_s": 100722.8, "load": 13.5673828125}
{"event": "step", "step": 185100, "loss": 4.5571, "lr": 0.0003189226476093006, "gnorm": 1.19, "tok_per_s": 64869.6, "load": 13.486328125}
{"event": "step", "step": 185200, "loss": 4.4087, "lr": 0.0003185547487881903, "gnorm": 1.962, "tok_per_s": 100807.2, "load": 13.25732421875}
{"event": "step", "step": 185300, "loss": 4.3408, "lr": 0.00031819043680593744, "gnorm": 1.279, "tok_per_s": 100768.0, "load": 13.31689453125}
{"event": "step", "step": 185400, "loss": 4.6246, "lr": 0.00031782971264397795, "gnorm": 1.33, "tok_per_s": 100765.7, "load": 13.1142578125}
{"event": "step", "step": 185500, "loss": 4.5031, "lr": 0.0003174725772740828, "gnorm": 1.157, "tok_per_s": 100804.5, "load": 13.09033203125}
{"event": "step", "step": 185600, "loss": 4.3377, "lr": 0.0003171190316583544, "gnorm": 1.698, "tok_per_s": 100778.6, "load": 13.0830078125}
{"event": "step", "step": 185700, "loss": 4.4127, "lr": 0.00031676907674922503, "gnorm": 1.269, "tok_per_s": 100739.7, "load": 13.06396484375}
{"event": "step", "step": 185800, "loss": 4.4593, "lr": 0.00031642271348945335, "gnorm": 1.603, "tok_per_s": 100743.4, "load": 13.1279296875}
{"event": "step", "step": 185900, "loss": 4.3493, "lr": 0.0003160799428121228, "gnorm": 1.514, "tok_per_s": 100762.7, "load": 13.03759765625}
{"event": "step", "step": 186000, "loss": 4.419, "lr": 0.00031574076564063814, "gnorm": 1.911, "tok_per_s": 100731.8, "load": 13.025390625}
{"event": "step", "step": 186100, "loss": 4.3387, "lr": 0.00031540518288872385, "gnorm": 1.307, "tok_per_s": 100730.1, "load": 13.18798828125}
{"event": "step", "step": 186200, "loss": 4.2848, "lr": 0.0003150731954604208, "gnorm": 1.333, "tok_per_s": 100701.2, "load": 13.0927734375}
{"event": "step", "step": 186300, "loss": 4.2734, "lr": 0.0003147448042500849, "gnorm": 1.855, "tok_per_s": 100711.8, "load": 13.078125}
{"event": "step", "step": 186400, "loss": 4.5011, "lr": 0.00031442001014238323, "gnorm": 1.077, "tok_per_s": 100747.3, "load": 12.99169921875}
{"event": "step", "step": 186500, "loss": 4.4556, "lr": 0.00031409881401229324, "gnorm": 1.121, "tok_per_s": 100652.9, "load": 13.1474609375}
{"event": "step", "step": 186600, "loss": 4.6856, "lr": 0.0003137812167250991, "gnorm": 1.333, "tok_per_s": 100668.0, "load": 13.130859375}
{"event": "step", "step": 186700, "loss": 4.3367, "lr": 0.00031346721913639024, "gnorm": 1.443, "tok_per_s": 100673.1, "load": 13.1201171875}
{"event": "step", "step": 186800, "loss": 4.4687, "lr": 0.00031315682209205847, "gnorm": 1.087, "tok_per_s": 100678.0, "load": 13.02783203125}
{"event": "step", "step": 186900, "loss": 4.3916, "lr": 0.0003128500264282959, "gnorm": 1.184, "tok_per_s": 100639.6, "load": 13.09716796875}
{"event": "step", "step": 187000, "loss": 4.4201, "lr": 0.0003125468329715931, "gnorm": 1.136, "tok_per_s": 100712.1, "load": 13.169921875}
{"event": "step", "step": 187100, "loss": 4.6067, "lr": 0.0003122472425387361, "gnorm": 1.454, "tok_per_s": 100712.4, "load": 13.22412109375}
{"event": "step", "step": 187200, "loss": 4.5607, "lr": 0.0003119512559368048, "gnorm": 2.429, "tok_per_s": 100685.8, "load": 13.34375}
{"event": "step", "step": 187300, "loss": 4.3057, "lr": 0.0003116588739631704, "gnorm": 1.073, "tok_per_s": 100689.4, "load": 13.31591796875}
{"event": "step", "step": 187400, "loss": 4.503, "lr": 0.0003113700974054937, "gnorm": 1.165, "tok_per_s": 100712.2, "load": 13.427734375}
{"event": "step", "step": 187500, "loss": 4.3575, "lr": 0.00031108492704172235, "gnorm": 1.09, "tok_per_s": 100702.6, "load": 13.31298828125}
{"event": "step", "step": 187600, "loss": 4.4148, "lr": 0.0003108033636400895, "gnorm": 1.574, "tok_per_s": 100726.4, "load": 13.3447265625}
{"event": "step", "step": 187700, "loss": 4.3152, "lr": 0.00031052540795911096, "gnorm": 1.192, "tok_per_s": 100702.6, "load": 13.29833984375}
{"event": "step", "step": 187800, "loss": 4.5656, "lr": 0.00031025106074758404, "gnorm": 1.207, "tok_per_s": 100691.7, "load": 13.2744140625}
{"event": "step", "step": 187900, "loss": 4.4919, "lr": 0.0003099803227445846, "gnorm": 1.403, "tok_per_s": 100691.1, "load": 13.23828125}
{"event": "step", "step": 188000, "loss": 4.4461, "lr": 0.00030971319467946567, "gnorm": 1.242, "tok_per_s": 100719.6, "load": 13.12109375}
{"event": "step", "step": 188100, "loss": 4.4539, "lr": 0.00030944967727185524, "gnorm": 2.336, "tok_per_s": 100712.1, "load": 13.19189453125}
{"event": "step", "step": 188200, "loss": 4.4183, "lr": 0.0003091897712316543, "gnorm": 1.258, "tok_per_s": 100668.4, "load": 13.08837890625}
{"event": "step", "step": 188300, "loss": 4.7053, "lr": 0.00030893347725903536, "gnorm": 2.48, "tok_per_s": 100697.8, "load": 13.068359375}
{"event": "step", "step": 188400, "loss": 4.3513, "lr": 0.00030868079604444003, "gnorm": 1.102, "tok_per_s": 100715.7, "load": 13.14306640625}
{"event": "step", "step": 188500, "loss": 4.3875, "lr": 0.00030843172826857713, "gnorm": 1.671, "tok_per_s": 100719.1, "load": 13.04052734375}
{"event": "step", "step": 188600, "loss": 4.4503, "lr": 0.00030818627460242154, "gnorm": 1.216, "tok_per_s": 100746.1, "load": 13.10791015625}
{"event": "step", "step": 188700, "loss": 4.2957, "lr": 0.00030794443570721146, "gnorm": 1.87, "tok_per_s": 100662.4, "load": 13.1796875}
{"event": "step", "step": 188800, "loss": 4.3692, "lr": 0.00030770621223444756, "gnorm": 2.346, "tok_per_s": 100685.4, "load": 13.23193359375}
{"event": "step", "step": 188900, "loss": 4.493, "lr": 0.0003074716048258901, "gnorm": 1.407, "tok_per_s": 100708.4, "load": 13.29345703125}
{"event": "step", "step": 189000, "loss": 4.4511, "lr": 0.0003072406141135587, "gnorm": 1.481, "tok_per_s": 100707.0, "load": 13.24755859375}
{"event": "step", "step": 189100, "loss": 4.5333, "lr": 0.0003070132407197291, "gnorm": 1.265, "tok_per_s": 100715.8, "load": 13.208984375}
{"event": "step", "step": 189200, "loss": 4.545, "lr": 0.00030678948525693264, "gnorm": 1.48, "tok_per_s": 100723.8, "load": 13.19189453125}
{"event": "step", "step": 189300, "loss": 4.3947, "lr": 0.00030656934832795407, "gnorm": 1.18, "tok_per_s": 100705.0, "load": 13.23583984375}
{"event": "step", "step": 189400, "loss": 4.3247, "lr": 0.0003063528305258296, "gnorm": 1.098, "tok_per_s": 100697.2, "load": 13.2734375}
{"event": "step", "step": 189500, "loss": 4.2974, "lr": 0.0003061399324338466, "gnorm": 1.749, "tok_per_s": 100693.7, "load": 13.33203125}
{"event": "step", "step": 189600, "loss": 4.5962, "lr": 0.00030593065462553997, "gnorm": 1.238, "tok_per_s": 100660.2, "load": 13.2802734375}
{"event": "step", "step": 189700, "loss": 4.498, "lr": 0.0003057249976646928, "gnorm": 1.517, "tok_per_s": 100709.2, "load": 13.23095703125}
{"event": "step", "step": 189800, "loss": 4.499, "lr": 0.00030552296210533325, "gnorm": 1.776, "tok_per_s": 100692.9, "load": 13.21240234375}
{"event": "step", "step": 189900, "loss": 4.5971, "lr": 0.0003053245484917339, "gnorm": 1.716, "tok_per_s": 100689.7, "load": 13.32080078125}
{"event": "step", "step": 190000, "loss": 4.3763, "lr": 0.00030512975735840983, "gnorm": 1.935, "tok_per_s": 100540.2, "load": 13.294921875}
{"event": "step", "step": 190100, "loss": 4.4979, "lr": 0.00030493858923011743, "gnorm": 1.196, "tok_per_s": 64923.3, "load": 13.29150390625}
{"event": "step", "step": 190200, "loss": 4.6518, "lr": 0.0003047510446218529, "gnorm": 2.174, "tok_per_s": 100809.7, "load": 13.240234375}
{"event": "step", "step": 190300, "loss": 4.3424, "lr": 0.0003045671240388509, "gnorm": 1.24, "tok_per_s": 100775.4, "load": 13.30126953125}
{"event": "step", "step": 190400, "loss": 4.3465, "lr": 0.00030438682797658315, "gnorm": 1.326, "tok_per_s": 100793.3, "load": 13.17431640625}
{"event": "step", "step": 190500, "loss": 4.4726, "lr": 0.00030421015692075733, "gnorm": 1.535, "tok_per_s": 100680.1, "load": 13.14111328125}
{"event": "step", "step": 190600, "loss": 4.5388, "lr": 0.00030403711134731505, "gnorm": 1.66, "tok_per_s": 100726.3, "load": 13.04931640625}
{"event": "step", "step": 190700, "loss": 4.5085, "lr": 0.00030386769172243165, "gnorm": 1.52, "tok_per_s": 100747.8, "load": 13.115234375}
{"event": "step", "step": 190800, "loss": 4.4888, "lr": 0.00030370189850251395, "gnorm": 1.851, "tok_per_s": 100671.9, "load": 13.10595703125}
{"event": "step", "step": 190900, "loss": 4.4675, "lr": 0.00030353973213419975, "gnorm": 1.235, "tok_per_s": 100707.2, "load": 13.0830078125}
{"event": "step", "step": 191000, "loss": 4.3591, "lr": 0.0003033811930543559, "gnorm": 1.609, "tok_per_s": 100700.9, "load": 13.14404296875}
{"event": "step", "step": 191100, "loss": 4.5935, "lr": 0.00030322628169007803, "gnorm": 1.364, "tok_per_s": 100659.1, "load": 13.05224609375}
{"event": "step", "step": 191200, "loss": 4.655, "lr": 0.00030307499845868836, "gnorm": 1.444, "tok_per_s": 100687.6, "load": 13.03759765625}
{"event": "step", "step": 191300, "loss": 4.4153, "lr": 0.0003029273437677358, "gnorm": 1.257, "tok_per_s": 100684.8, "load": 13.1181640625}
{"event": "step", "step": 191400, "loss": 4.4688, "lr": 0.0003027833180149936, "gnorm": 1.232, "tok_per_s": 100657.9, "load": 13.0283203125}
{"event": "step", "step": 191500, "loss": 4.3872, "lr": 0.00030264292158845913, "gnorm": 1.032, "tok_per_s": 100685.1, "load": 13.0234375}
{"event": "step", "step": 191600, "loss": 4.6962, "lr": 0.00030250615486635256, "gnorm": 1.35, "tok_per_s": 100672.2, "load": 12.9462890625}
{"event": "step", "step": 191700, "loss": 4.5264, "lr": 0.0003023730182171156, "gnorm": 1.663, "tok_per_s": 100655.5, "load": 12.95068359375}
{"event": "step", "step": 191800, "loss": 4.6081, "lr": 0.00030224351199941097, "gnorm": 1.908, "tok_per_s": 100672.9, "load": 12.958984375}
{"event": "step", "step": 191900, "loss": 4.4013, "lr": 0.0003021176365621213, "gnorm": 1.276, "tok_per_s": 100710.6, "load": 13.1123046875}
{"event": "step", "step": 192000, "loss": 4.6107, "lr": 0.00030199539224434784, "gnorm": 1.327, "tok_per_s": 100692.6, "load": 13.10302734375}
{"event": "step", "step": 192100, "loss": 4.6957, "lr": 0.0003018767793754098, "gnorm": 1.242, "tok_per_s": 100733.5, "load": 13.16748046875}
{"event": "step", "step": 192200, "loss": 4.3083, "lr": 0.0003017617982748439, "gnorm": 2.127, "tok_per_s": 100732.1, "load": 13.15380859375}
{"event": "step", "step": 192300, "loss": 4.4566, "lr": 0.00030165044925240246, "gnorm": 1.288, "tok_per_s": 100688.0, "load": 13.20361328125}
{"event": "step", "step": 192400, "loss": 4.2989, "lr": 0.0003015427326080538, "gnorm": 1.318, "tok_per_s": 100703.8, "load": 13.171875}
{"event": "step", "step": 192500, "loss": 4.3322, "lr": 0.0003014386486319804, "gnorm": 1.474, "tok_per_s": 100697.4, "load": 13.07763671875}
{"event": "step", "step": 192600, "loss": 4.4641, "lr": 0.0003013381976045785, "gnorm": 1.253, "tok_per_s": 100711.5, "load": 13.0654296875}
{"event": "step", "step": 192700, "loss": 4.681, "lr": 0.00030124137979645774, "gnorm": 1.607, "tok_per_s": 100692.0, "load": 15.30419921875}
{"event": "step", "step": 192800, "loss": 4.5296, "lr": 0.00030114819546843993, "gnorm": 1.393, "tok_per_s": 100711.5, "load": 15.11962890625}
{"event": "step", "step": 192900, "loss": 4.5054, "lr": 0.0003010586448715582, "gnorm": 1.581, "tok_per_s": 100734.0, "load": 14.7998046875}
{"event": "step", "step": 193000, "loss": 4.5461, "lr": 0.0003009727282470569, "gnorm": 1.497, "tok_per_s": 100650.5, "load": 14.67626953125}
{"event": "step", "step": 193100, "loss": 4.4795, "lr": 0.0003008904458263906, "gnorm": 1.604, "tok_per_s": 100716.3, "load": 14.78271484375}
{"event": "step", "step": 193200, "loss": 4.4112, "lr": 0.0003008117978312236, "gnorm": 1.561, "tok_per_s": 100712.7, "load": 14.50830078125}
{"event": "step", "step": 193300, "loss": 4.6234, "lr": 0.00030073678447342916, "gnorm": 1.49, "tok_per_s": 100662.1, "load": 14.38720703125}
{"event": "step", "step": 193400, "loss": 4.5915, "lr": 0.0003006654059550891, "gnorm": 1.467, "tok_per_s": 100730.7, "load": 14.099609375}
{"event": "step", "step": 193500, "loss": 4.3949, "lr": 0.0003005976624684931, "gnorm": 1.726, "tok_per_s": 100707.2, "load": 13.923828125}
{"event": "step", "step": 193600, "loss": 4.5269, "lr": 0.0003005335541961382, "gnorm": 2.167, "tok_per_s": 100690.9, "load": 13.93017578125}
{"event": "step", "step": 193700, "loss": 4.4167, "lr": 0.00030047308131072865, "gnorm": 1.168, "tok_per_s": 100712.2, "load": 14.81201171875}
{"event": "step", "step": 193800, "loss": 4.6438, "lr": 0.0003004162439751751, "gnorm": 1.152, "tok_per_s": 100633.0, "load": 14.5263671875}
{"event": "step", "step": 193900, "loss": 4.6068, "lr": 0.0003003630423425939, "gnorm": 1.374, "tok_per_s": 100700.8, "load": 14.48388671875}
{"event": "step", "step": 194000, "loss": 4.5323, "lr": 0.0003003134765563074, "gnorm": 1.177, "tok_per_s": 100658.4, "load": 14.32275390625}
{"event": "step", "step": 194100, "loss": 4.3963, "lr": 0.00030026754674984305, "gnorm": 1.485, "tok_per_s": 100732.8, "load": 14.43359375}
{"event": "step", "step": 194200, "loss": 4.4187, "lr": 0.0003002252530469331, "gnorm": 1.379, "tok_per_s": 100678.4, "load": 14.23828125}
{"event": "step", "step": 194300, "loss": 4.3497, "lr": 0.0003001865955615144, "gnorm": 1.417, "tok_per_s": 100727.8, "load": 14.1884765625}
{"event": "step", "step": 194400, "loss": 4.4826, "lr": 0.00030015157439772824, "gnorm": 1.102, "tok_per_s": 100738.7, "load": 14.00537109375}
{"event": "step", "step": 194500, "loss": 4.5026, "lr": 0.00030012018964991954, "gnorm": 1.492, "tok_per_s": 100681.6, "load": 14.0048828125}
{"event": "step", "step": 194600, "loss": 4.6123, "lr": 0.00030009244140263695, "gnorm": 1.166, "tok_per_s": 100740.1, "load": 14.0712890625}
{"event": "step", "step": 194700, "loss": 4.6515, "lr": 0.00030006832973063284, "gnorm": 1.567, "tok_per_s": 100723.0, "load": 13.9853515625}
{"event": "step", "step": 194800, "loss": 4.4834, "lr": 0.0003000478546988627, "gnorm": 1.51, "tok_per_s": 100700.0, "load": 13.82763671875}
{"event": "step", "step": 194900, "loss": 4.4972, "lr": 0.0003000310163624851, "gnorm": 1.298, "tok_per_s": 100744.6, "load": 13.77392578125}
{"event": "step", "step": 195000, "loss": 4.4779, "lr": 0.0003000178147668615, "gnorm": 1.406, "tok_per_s": 100717.5, "load": 13.79248046875}
{"event": "step", "step": 195100, "loss": 4.7304, "lr": 0.0003000082499475563, "gnorm": 1.597, "tok_per_s": 64684.8, "load": 13.70947265625}
{"event": "step", "step": 195200, "loss": 4.6292, "lr": 0.0003000023219303366, "gnorm": 1.389, "tok_per_s": 100815.4, "load": 13.6806640625}
{"event": "step", "step": 195300, "loss": 4.7147, "lr": 0.0003000000307311722, "gnorm": 1.496, "tok_per_s": 100752.3, "load": 13.70654296875}
{"event": "step", "step": 195312, "loss": 4.3686, "lr": 0.00030000000018184133, "gnorm": 1.516, "tok_per_s": 894804.4, "load": 13.70654296875}
FINAL w11_cn_d1024_1600M {"bpb": 1.3185567038268597, "nats_per_token": 4.430150540641078, "tokens": 995323, "bytes": 4824566}
NEXT -> python3 track4_sdmonly_summary.py
