/bin/bash: warning: setlocale: LC_ALL: cannot change locale (en_AU.UTF-8)
START 2026-10-01T06:32:36Z gpu=1 run=vast_VB_d768_s0_3B driver=570.181 load=48.90 24.47 11.80
/root/settle/sdmllm/track4_sdmllm_train_one_arm.py:221: UserWarning: Converting a tensor with requires_grad=True to a scalar may lead to unexpected behavior.
Consider using tensor.detach() first. (Triggered internally at /pytorch/torch/csrc/autograd/generated/python_variable_methods.cpp:835.)
  rec = {"event": "step", "step": step, "loss": round(float(loss), 4), "lr": lr, "gnorm": round(float(gn), 3),
{"run": "vast_VB_d768_s0_3B", "arm": "sdm_ngram", "seed": 0, "cfg": {"d": 768, "T": 256, "seed": 0, "M": 3600, "k": 32, "hops": 2, "softness": 0.5, "n_layer": 4, "M_big": 16384, "value_init": "s0", "qgrad": 1.0, "ngram_orders": [1], "f": 2064, "train_name": "train_big"}, "B": 32, "T": 256, "tokens_target": 3000000000, "steps": 366210, "lr": 0.003, "loss_path": "chunked", "store_lr_mult": 3.0, "store_wd": 0.0, "params": {"embedding": 99287040, "non_embedding_trainable": 14224896, "frozen_store_values": 0, "total_trainable": 113511936}, "flops_per_token_fwd": {"head": 198574080, "body": 16982016.0, "total": 215556096.0}, "device": "cuda", "stamp_start": {"utc": "2026-10-01T06:32:42Z", "load": [45.14, 24.09, 11.75], "ncpu": 128, "powermode": "unknown", "torch": "2.8.0+cu128", "host": "41ac7b578b34", "cuda": "12.8", "gpu": "NVIDIA GeForce RTX 5090", "driver": "570.181\n570.181\n570.181\n570.181", "mem_available_gb": 482.6}, "resumed_from_step": 0, "init": null, "train_name": "train_big"}
{"event": "step", "step": 200, "loss": 7.7004, "lr": 8.192244675040961e-05, "gnorm": 0.629, "tok_per_s": 121483.2, "load": 35.58349609375}
{"event": "step", "step": 400, "loss": 6.6712, "lr": 0.00016384489350081922, "gnorm": 0.59, "tok_per_s": 153324.6, "load": 30.49365234375}
{"event": "step", "step": 600, "loss": 6.331, "lr": 0.00024576734025122886, "gnorm": 0.602, "tok_per_s": 153093.0, "load": 26.11279296875}
{"event": "step", "step": 800, "loss": 5.9513, "lr": 0.00032768978700163843, "gnorm": 0.619, "tok_per_s": 152872.2, "load": 22.63916015625}
{"event": "step", "step": 1000, "loss": 5.9359, "lr": 0.00040961223375204805, "gnorm": 0.621, "tok_per_s": 152690.1, "load": 19.77978515625}
{"event": "step", "step": 1200, "loss": 5.8256, "lr": 0.0004915346805024577, "gnorm": 0.681, "tok_per_s": 152754.9, "load": 17.19970703125}
{"event": "step", "step": 1400, "loss": 5.6349, "lr": 0.0005734571272528673, "gnorm": 0.658, "tok_per_s": 153024.2, "load": 14.20166015625}
{"event": "step", "step": 1600, "loss": 5.6502, "lr": 0.0006553795740032769, "gnorm": 0.664, "tok_per_s": 152949.5, "load": 12.63232421875}
{"event": "step", "step": 1800, "loss": 5.5506, "lr": 0.0007373020207536865, "gnorm": 0.656, "tok_per_s": 152841.7, "load": 11.3046875}
{"event": "step", "step": 2000, "loss": 5.8022, "lr": 0.0008192244675040961, "gnorm": 0.795, "tok_per_s": 152825.5, "load": 10.26123046875}
{"event": "step", "step": 2200, "loss": 5.5047, "lr": 0.0009011469142545058, "gnorm": 0.728, "tok_per_s": 130376.3, "load": 9.0341796875}
{"event": "step", "step": 2400, "loss": 5.3631, "lr": 0.0009830693610049155, "gnorm": 0.706, "tok_per_s": 152816.7, "load": 8.259765625}
{"event": "step", "step": 2600, "loss": 5.2755, "lr": 0.001064991807755325, "gnorm": 0.705, "tok_per_s": 152850.3, "load": 7.6044921875}
{"event": "step", "step": 2800, "loss": 5.4394, "lr": 0.0011469142545057346, "gnorm": 0.622, "tok_per_s": 152760.4, "load": 7.0498046875}
{"event": "step", "step": 3000, "loss": 5.5363, "lr": 0.0012288367012561442, "gnorm": 0.649, "tok_per_s": 152661.9, "load": 6.580078125}
{"event": "step", "step": 3200, "loss": 5.3374, "lr": 0.0013107591480065537, "gnorm": 0.635, "tok_per_s": 152629.0, "load": 6.1826171875}
{"event": "step", "step": 3400, "loss": 5.3572, "lr": 0.0013926815947569635, "gnorm": 0.604, "tok_per_s": 152628.6, "load": 5.69873046875}
{"event": "step", "step": 3600, "loss": 5.1949, "lr": 0.001474604041507373, "gnorm": 0.649, "tok_per_s": 152631.2, "load": 5.51708984375}
{"event": "step", "step": 3800, "loss": 5.4178, "lr": 0.0015565264882577826, "gnorm": 0.56, "tok_per_s": 152827.6, "load": 5.36376953125}
{"event": "step", "step": 4000, "loss": 5.4415, "lr": 0.0016384489350081922, "gnorm": 0.576, "tok_per_s": 152786.9, "load": 5.15380859375}
{"event": "step", "step": 4200, "loss": 5.5214, "lr": 0.0017203713817586018, "gnorm": 1.011, "tok_per_s": 130489.5, "load": 4.8974609375}
{"event": "step", "step": 4400, "loss": 5.3617, "lr": 0.0018022938285090116, "gnorm": 0.556, "tok_per_s": 152706.9, "load": 4.7587890625}
{"event": "step", "step": 4600, "loss": 5.2403, "lr": 0.0018842162752594211, "gnorm": 0.501, "tok_per_s": 152568.6, "load": 4.6416015625}
{"event": "step", "step": 4800, "loss": 5.269, "lr": 0.001966138722009831, "gnorm": 0.492, "tok_per_s": 152586.4, "load": 4.61669921875}
{"event": "step", "step": 5000, "loss": 5.2994, "lr": 0.0020480611687602405, "gnorm": 0.482, "tok_per_s": 152778.4, "load": 4.521484375}
eval 5000 {'bpb': 1.768666332179727, 'nats_per_token': 5.332741954255449, 'tokens': 16379, 'bytes': 71247}
{"event": "step", "step": 5200, "loss": 5.1693, "lr": 0.00212998361551065, "gnorm": 0.436, "tok_per_s": 149120.9, "load": 4.44091796875}
{"event": "step", "step": 5400, "loss": 5.4296, "lr": 0.0022119060622610596, "gnorm": 0.445, "tok_per_s": 152170.2, "load": 4.37255859375}
{"event": "step", "step": 5600, "loss": 5.066, "lr": 0.002293828509011469, "gnorm": 0.437, "tok_per_s": 152039.9, "load": 4.2890625}
{"event": "step", "step": 5800, "loss": 5.3105, "lr": 0.002375750955761879, "gnorm": 0.414, "tok_per_s": 152003.7, "load": 4.244140625}
{"event": "step", "step": 6000, "loss": 5.2834, "lr": 0.0024576734025122883, "gnorm": 0.389, "tok_per_s": 151871.9, "load": 4.2060546875}
{"event": "step", "step": 6200, "loss": 5.1718, "lr": 0.0025395958492626983, "gnorm": 0.382, "tok_per_s": 124084.3, "load": 4.15966796875}
{"event": "step", "step": 6400, "loss": 5.5003, "lr": 0.0026215182960131075, "gnorm": 0.435, "tok_per_s": 152093.5, "load": 4.20849609375}
{"event": "step", "step": 6600, "loss": 5.1351, "lr": 0.0027034407427635175, "gnorm": 0.37, "tok_per_s": 152084.9, "load": 4.3974609375}
{"event": "step", "step": 6800, "loss": 5.431, "lr": 0.002785363189513927, "gnorm": 0.382, "tok_per_s": 152086.6, "load": 4.41650390625}
{"event": "step", "step": 7000, "loss": 5.226, "lr": 0.0028672856362643366, "gnorm": 0.34, "tok_per_s": 152318.1, "load": 4.35205078125}
{"event": "step", "step": 7200, "loss": 5.1974, "lr": 0.002949208083014746, "gnorm": 0.307, "tok_per_s": 152343.3, "load": 4.29736328125}
{"event": "step", "step": 7400, "loss": 5.0744, "lr": 0.002999999709053595, "gnorm": 0.334, "tok_per_s": 152200.0, "load": 4.23095703125}
{"event": "step", "step": 7600, "loss": 5.0801, "lr": 0.0029999960883889698, "gnorm": 0.294, "tok_per_s": 152282.3, "load": 4.1953125}
{"event": "step", "step": 7800, "loss": 5.0964, "lr": 0.0029999883298328146, "gnorm": 0.308, "tok_per_s": 152428.7, "load": 4.3125}
{"event": "step", "step": 8000, "loss": 5.0477, "lr": 0.0029999764334089113, "gnorm": 0.286, "tok_per_s": 152701.2, "load": 4.263671875}
{"event": "step", "step": 8200, "loss": 5.1871, "lr": 0.0029999603991537234, "gnorm": 0.383, "tok_per_s": 130188.1, "load": 4.20458984375}
{"event": "step", "step": 8400, "loss": 4.9784, "lr": 0.0029999402271163973, "gnorm": 0.279, "tok_per_s": 152683.9, "load": 4.1728515625}
{"event": "step", "step": 8600, "loss": 5.0546, "lr": 0.0029999159173587633, "gnorm": 0.309, "tok_per_s": 152419.0, "load": 4.1455078125}
{"event": "step", "step": 8800, "loss": 5.0468, "lr": 0.0029998874699553326, "gnorm": 0.309, "tok_per_s": 152239.2, "load": 9.00830078125}
{"event": "step", "step": 9000, "loss": 5.0845, "lr": 0.0029998548849933, "gnorm": 0.301, "tok_per_s": 152785.8, "load": 8.23779296875}
{"event": "step", "step": 9200, "loss": 5.1306, "lr": 0.0029998181625725436, "gnorm": 0.307, "tok_per_s": 152763.8, "load": 7.7333984375}
{"event": "step", "step": 9400, "loss": 4.9379, "lr": 0.0029997773028056195, "gnorm": 0.335, "tok_per_s": 152736.7, "load": 7.041015625}
{"event": "step", "step": 9600, "loss": 5.0104, "lr": 0.0029997323058177693, "gnorm": 0.31, "tok_per_s": 152625.2, "load": 6.5732421875}
{"event": "step", "step": 9800, "loss": 5.171, "lr": 0.0029996831717469135, "gnorm": 0.416, "tok_per_s": 152511.3, "load": 6.1767578125}
{"event": "step", "step": 10000, "loss": 4.8629, "lr": 0.0029996299007436526, "gnorm": 0.277, "tok_per_s": 152507.6, "load": 5.841796875}
eval 10000 {'bpb': 1.719573165242484, 'nats_per_token': 5.184720144697478, 'tokens': 16379, 'bytes': 71247}
{"event": "step", "step": 10200, "loss": 5.1425, "lr": 0.0029995724929712695, "gnorm": 0.295, "tok_per_s": 129992.5, "load": 5.43310546875}
{"event": "step", "step": 10400, "loss": 5.1616, "lr": 0.0029995109486057243, "gnorm": 0.346, "tok_per_s": 152620.8, "load": 5.2919921875}
{"event": "step", "step": 10600, "loss": 5.0998, "lr": 0.002999445267835659, "gnorm": 0.324, "tok_per_s": 152644.0, "load": 5.09326171875}
{"event": "step", "step": 10800, "loss": 5.1186, "lr": 0.0029993754508623916, "gnorm": 0.314, "tok_per_s": 152782.8, "load": 4.9248046875}
{"event": "step", "step": 11000, "loss": 5.106, "lr": 0.00299930149789992, "gnorm": 0.269, "tok_per_s": 152722.8, "load": 4.7822265625}
{"event": "step", "step": 11200, "loss": 5.1069, "lr": 0.002999223409174917, "gnorm": 0.29, "tok_per_s": 152825.7, "load": 4.66162109375}
{"event": "step", "step": 11400, "loss": 5.1671, "lr": 0.0029991411849267344, "gnorm": 0.307, "tok_per_s": 152715.7, "load": 4.5595703125}
{"event": "step", "step": 11600, "loss": 5.0637, "lr": 0.0029990548254073992, "gnorm": 0.359, "tok_per_s": 152781.4, "load": 4.595703125}
{"event": "step", "step": 11800, "loss": 5.0782, "lr": 0.002998964330881612, "gnorm": 0.31, "tok_per_s": 152694.9, "load": 4.50390625}
{"event": "step", "step": 12000, "loss": 5.0814, "lr": 0.0029988697016267497, "gnorm": 0.304, "tok_per_s": 152301.7, "load": 4.5}
{"event": "step", "step": 12200, "loss": 4.9829, "lr": 0.0029987709379328616, "gnorm": 0.324, "tok_per_s": 128651.7, "load": 4.388671875}
{"event": "step", "step": 12400, "loss": 5.1387, "lr": 0.0029986680401026694, "gnorm": 0.338, "tok_per_s": 152170.1, "load": 4.32861328125}
{"event": "step", "step": 12600, "loss": 5.0864, "lr": 0.002998561008451566, "gnorm": 0.302, "tok_per_s": 152161.2, "load": 4.27783203125}
{"event": "step", "step": 12800, "loss": 5.2297, "lr": 0.002998449843307617, "gnorm": 0.308, "tok_per_s": 152079.1, "load": 4.23486328125}
{"event": "step", "step": 13000, "loss": 5.0059, "lr": 0.002998334545011556, "gnorm": 0.304, "tok_per_s": 152223.1, "load": 4.1982421875}
{"event": "step", "step": 13200, "loss": 4.9944, "lr": 0.0029982151139167847, "gnorm": 0.379, "tok_per_s": 152004.5, "load": 4.248046875}
{"event": "step", "step": 13400, "loss": 5.0775, "lr": 0.002998091550389373, "gnorm": 0.307, "tok_per_s": 151963.3, "load": 4.20947265625}
{"event": "step", "step": 13600, "loss": 5.0601, "lr": 0.0029979638548080574, "gnorm": 0.311, "tok_per_s": 152120.1, "load": 4.2431640625}
{"event": "step", "step": 13800, "loss": 5.187, "lr": 0.0029978320275642393, "gnorm": 0.353, "tok_per_s": 152483.3, "load": 4.20556640625}
{"event": "step", "step": 14000, "loss": 4.9452, "lr": 0.0029976960690619846, "gnorm": 0.303, "tok_per_s": 152390.1, "load": 4.173828125}
{"event": "step", "step": 14200, "loss": 4.9954, "lr": 0.0029975559797180214, "gnorm": 0.511, "tok_per_s": 126204.6, "load": 4.20263671875}
{"event": "step", "step": 14400, "loss": 4.9266, "lr": 0.0029974117599617387, "gnorm": 0.303, "tok_per_s": 152346.0, "load": 4.25146484375}
{"event": "step", "step": 14600, "loss": 4.9259, "lr": 0.002997263410235188, "gnorm": 0.288, "tok_per_s": 152388.5, "load": 4.2861328125}
{"event": "step", "step": 14800, "loss": 5.0314, "lr": 0.002997110930993076, "gnorm": 0.326, "tok_per_s": 152350.6, "load": 4.3896484375}
{"event": "step", "step": 15000, "loss": 4.9136, "lr": 0.0029969543227027703, "gnorm": 0.431, "tok_per_s": 152253.4, "load": 4.40380859375}
eval 15000 {'bpb': 1.6929755984285808, 'nats_per_token': 5.1045252781763235, 'tokens': 16379, 'bytes': 71247}
{"event": "step", "step": 15200, "loss": 5.0586, "lr": 0.0029967935858442934, "gnorm": 0.494, "tok_per_s": 151504.6, "load": 4.4150390625}
{"event": "step", "step": 15400, "loss": 4.9755, "lr": 0.0029966287209103213, "gnorm": 0.366, "tok_per_s": 152291.2, "load": 4.322265625}
{"event": "step", "step": 15600, "loss": 5.0463, "lr": 0.0029964597284061843, "gnorm": 0.671, "tok_per_s": 152240.2, "load": 4.2724609375}
{"event": "step", "step": 15800, "loss": 4.9705, "lr": 0.002996286608849863, "gnorm": 0.337, "tok_per_s": 152197.9, "load": 4.310546875}
{"event": "step", "step": 16000, "loss": 4.9925, "lr": 0.0029961093627719885, "gnorm": 0.494, "tok_per_s": 152298.2, "load": 4.2626953125}
{"event": "step", "step": 16200, "loss": 5.0742, "lr": 0.002995927990715841, "gnorm": 0.356, "tok_per_s": 126276.1, "load": 4.2841796875}
{"event": "step", "step": 16400, "loss": 5.0358, "lr": 0.002995742493237346, "gnorm": 0.339, "tok_per_s": 152502.6, "load": 4.240234375}
{"event": "step", "step": 16600, "loss": 4.9656, "lr": 0.0029955528709050745, "gnorm": 0.622, "tok_per_s": 152422.2, "load": 4.20263671875}
{"event": "step", "step": 16800, "loss": 5.0044, "lr": 0.00299535912430024, "gnorm": 0.299, "tok_per_s": 152359.4, "load": 4.2451171875}
{"event": "step", "step": 17000, "loss": 4.9235, "lr": 0.002995161254016699, "gnorm": 0.539, "tok_per_s": 152379.2, "load": 4.28076171875}
{"event": "step", "step": 17200, "loss": 5.0026, "lr": 0.0029949592606609452, "gnorm": 0.426, "tok_per_s": 152294.9, "load": 4.3974609375}
{"event": "step", "step": 17400, "loss": 4.9824, "lr": 0.0029947531448521122, "gnorm": 0.614, "tok_per_s": 152413.0, "load": 4.30859375}
{"event": "step", "step": 17600, "loss": 5.1141, "lr": 0.002994542907221967, "gnorm": 0.419, "tok_per_s": 152363.5, "load": 4.41552734375}
{"event": "step", "step": 17800, "loss": 5.1317, "lr": 0.0029943285484149134, "gnorm": 0.439, "tok_per_s": 152406.9, "load": 4.35107421875}
{"event": "step", "step": 18000, "loss": 5.0233, "lr": 0.0029941100690879844, "gnorm": 0.4, "tok_per_s": 152395.3, "load": 4.296875}
{"event": "step", "step": 18200, "loss": 4.9558, "lr": 0.0029938874699108452, "gnorm": 0.378, "tok_per_s": 125411.6, "load": 4.38525390625}
{"event": "step", "step": 18400, "loss": 5.1027, "lr": 0.0029936607515657866, "gnorm": 0.706, "tok_per_s": 152412.1, "load": 4.3251953125}
{"event": "step", "step": 18600, "loss": 5.1062, "lr": 0.002993429914747726, "gnorm": 0.31, "tok_per_s": 152387.0, "load": 4.2744140625}
{"event": "step", "step": 18800, "loss": 5.1171, "lr": 0.0029931949601642053, "gnorm": 0.294, "tok_per_s": 152357.5, "load": 4.2314453125}
{"event": "step", "step": 19000, "loss": 5.0609, "lr": 0.0029929558885353857, "gnorm": 0.338, "tok_per_s": 152382.8, "load": 4.2763671875}
{"event": "step", "step": 19200, "loss": 5.0879, "lr": 0.0029927127005940505, "gnorm": 1.167, "tok_per_s": 152324.8, "load": 4.2333984375}
{"event": "step", "step": 19400, "loss": 4.9342, "lr": 0.002992465397085598, "gnorm": 0.589, "tok_per_s": 152351.1, "load": 4.32958984375}
{"event": "step", "step": 19600, "loss": 4.992, "lr": 0.0029922139787680407, "gnorm": 0.592, "tok_per_s": 152663.2, "load": 4.2783203125}
{"event": "step", "step": 19800, "loss": 5.0535, "lr": 0.0029919584464120053, "gnorm": 0.493, "tok_per_s": 152184.5, "load": 7.8515625}
{"event": "step", "step": 20000, "loss": 5.0528, "lr": 0.0029916988008007266, "gnorm": 0.49, "tok_per_s": 152350.2, "load": 7.33251953125}
eval 20000 {'bpb': 1.6705692213605825, 'nats_per_token': 5.036967353394591, 'tokens': 16379, 'bytes': 71247}
{"event": "step", "step": 20200, "loss": 4.9857, "lr": 0.002991435042730049, "gnorm": 0.346, "tok_per_s": 125752.6, "load": 6.66162109375}
{"event": "step", "step": 20400, "loss": 4.9076, "lr": 0.00299116717300842, "gnorm": 0.369, "tok_per_s": 152550.3, "load": 6.412109375}
{"event": "step", "step": 20600, "loss": 4.9062, "lr": 0.0029908951924568915, "gnorm": 0.458, "tok_per_s": 152236.8, "load": 6.2744140625}
{"event": "step", "step": 20800, "loss": 4.9703, "lr": 0.0029906191019091143, "gnorm": 0.409, "tok_per_s": 152306.0, "load": 5.99755859375}
{"event": "step", "step": 21000, "loss": 5.0905, "lr": 0.0029903389022113377, "gnorm": 0.287, "tok_per_s": 152321.6, "load": 5.91162109375}
{"event": "step", "step": 21200, "loss": 5.1872, "lr": 0.0029900545942224055, "gnorm": 1.254, "tok_per_s": 152299.4, "load": 5.4873046875}
{"event": "step", "step": 21400, "loss": 4.8992, "lr": 0.002989766178813754, "gnorm": 0.38, "tok_per_s": 152445.6, "load": 5.25830078125}
{"event": "step", "step": 21600, "loss": 5.0741, "lr": 0.0029894736568694094, "gnorm": 0.549, "tok_per_s": 152533.5, "load": 5.064453125}
{"event": "step", "step": 21800, "loss": 4.9745, "lr": 0.002989177029285984, "gnorm": 0.593, "tok_per_s": 151720.0, "load": 5.04833984375}
{"event": "step", "step": 22000, "loss": 5.0478, "lr": 0.002988876296972676, "gnorm": 0.438, "tok_per_s": 152252.4, "load": 4.88671875}
{"event": "step", "step": 22200, "loss": 5.0943, "lr": 0.0029885714608512636, "gnorm": 1.058, "tok_per_s": 126032.4, "load": 4.99267578125}
{"event": "step", "step": 22400, "loss": 4.9227, "lr": 0.0029882625218561045, "gnorm": 0.481, "tok_per_s": 152400.2, "load": 4.9140625}
{"event": "step", "step": 22600, "loss": 5.0266, "lr": 0.0029879494809341317, "gnorm": 0.447, "tok_per_s": 152291.5, "load": 4.7734375}
{"event": "step", "step": 22800, "loss": 5.0727, "lr": 0.0029876323390448513, "gnorm": 0.443, "tok_per_s": 152405.5, "load": 4.654296875}
{"event": "step", "step": 23000, "loss": 5.0395, "lr": 0.0029873110971603387, "gnorm": 0.649, "tok_per_s": 152477.8, "load": 4.70068359375}
{"event": "step", "step": 23200, "loss": 4.8425, "lr": 0.0029869857562652377, "gnorm": 0.394, "tok_per_s": 152492.3, "load": 4.619140625}
{"event": "step", "step": 23400, "loss": 5.0743, "lr": 0.0029866563173567545, "gnorm": 0.364, "tok_per_s": 152446.2, "load": 4.5234375}
{"event": "step", "step": 23600, "loss": 4.9603, "lr": 0.0029863227814446573, "gnorm": 0.687, "tok_per_s": 152348.6, "load": 4.44287109375}
{"event": "step", "step": 23800, "loss": 4.9493, "lr": 0.0029859851495512707, "gnorm": 0.355, "tok_per_s": 152414.3, "load": 4.37451171875}
{"event": "step", "step": 24000, "loss": 4.9676, "lr": 0.0029856434227114766, "gnorm": 0.332, "tok_per_s": 152405.8, "load": 4.31640625}
{"event": "step", "step": 24200, "loss": 4.8841, "lr": 0.002985297601972705, "gnorm": 0.336, "tok_per_s": 125276.2, "load": 4.24609375}
{"event": "step", "step": 24400, "loss": 4.9987, "lr": 0.0029849476883949356, "gnorm": 0.483, "tok_per_s": 152545.7, "load": 4.28173828125}
{"event": "step", "step": 24600, "loss": 5.0359, "lr": 0.002984593683050695, "gnorm": 0.449, "tok_per_s": 151995.3, "load": 4.3984375}
{"event": "step", "step": 24800, "loss": 5.0455, "lr": 0.002984235587025048, "gnorm": 0.484, "tok_per_s": 152341.1, "load": 4.4169921875}
{"event": "step", "step": 25000, "loss": 4.9749, "lr": 0.002983873401415601, "gnorm": 0.5, "tok_per_s": 152341.9, "load": 4.32421875}
eval 25000 {'bpb': 1.6741363243098168, 'nats_per_token': 5.047722598296599, 'tokens': 16379, 'bytes': 71247}
{"event": "step", "step": 25200, "loss": 4.938, "lr": 0.0029835071273324933, "gnorm": 0.318, "tok_per_s": 151699.9, "load": 4.2001953125}
{"event": "step", "step": 25400, "loss": 4.9508, "lr": 0.002983136765898397, "gnorm": 0.324, "tok_per_s": 152455.1, "load": 4.2431640625}
{"event": "step", "step": 25600, "loss": 5.1775, "lr": 0.0029827623182485117, "gnorm": 0.497, "tok_per_s": 152599.0, "load": 4.20556640625}
{"event": "step", "step": 25800, "loss": 4.962, "lr": 0.0029823837855305624, "gnorm": 0.622, "tok_per_s": 152449.8, "load": 4.173828125}
{"event": "step", "step": 26000, "loss": 5.139, "lr": 0.002982001168904795, "gnorm": 0.373, "tok_per_s": 152260.3, "load": 4.455078125}
{"event": "step", "step": 26200, "loss": 5.0994, "lr": 0.0029816144695439723, "gnorm": 0.749, "tok_per_s": 124985.9, "load": 4.353515625}
{"event": "step", "step": 26400, "loss": 5.0562, "lr": 0.002981223688633373, "gnorm": 0.389, "tok_per_s": 152403.9, "load": 4.373046875}
{"event": "step", "step": 26600, "loss": 5.1104, "lr": 0.002980828827370783, "gnorm": 0.557, "tok_per_s": 152365.9, "load": 4.3955078125}
{"event": "step", "step": 26800, "loss": 4.8929, "lr": 0.002980429886966499, "gnorm": 0.433, "tok_per_s": 152747.8, "load": 4.4150390625}
{"event": "step", "step": 27000, "loss": 5.0388, "lr": 0.0029800268686433176, "gnorm": 0.43, "tok_per_s": 153486.5, "load": 4.98583984375}
{"event": "step", "step": 27200, "loss": 4.9604, "lr": 0.002979619773636537, "gnorm": 0.438, "tok_per_s": 153516.4, "load": 4.833984375}
{"event": "step", "step": 27400, "loss": 5.1092, "lr": 0.002979208603193948, "gnorm": 0.97, "tok_per_s": 153562.0, "load": 4.70556640625}
{"event": "step", "step": 27600, "loss": 5.179, "lr": 0.0029787933585758357, "gnorm": 0.864, "tok_per_s": 153525.5, "load": 4.5966796875}
{"event": "step", "step": 27800, "loss": 4.796, "lr": 0.0029783740410549717, "gnorm": 0.502, "tok_per_s": 153533.2, "load": 4.50439453125}
{"event": "step", "step": 28000, "loss": 5.003, "lr": 0.0029779506519166123, "gnorm": 0.71, "tok_per_s": 153512.4, "load": 4.5068359375}
{"event": "step", "step": 28200, "loss": 4.9826, "lr": 0.0029775231924584937, "gnorm": 0.359, "tok_per_s": 133154.7, "load": 4.4677734375}
{"event": "step", "step": 28400, "loss": 5.0081, "lr": 0.0029770916639908266, "gnorm": 0.971, "tok_per_s": 152978.5, "load": 4.4697265625}
{"event": "step", "step": 28600, "loss": 4.8107, "lr": 0.002976656067836296, "gnorm": 0.362, "tok_per_s": 153202.1, "load": 4.39697265625}
{"event": "step", "step": 28800, "loss": 5.0985, "lr": 0.002976216405330053, "gnorm": 0.82, "tok_per_s": 153137.8, "load": 4.576171875}
{"event": "step", "step": 29000, "loss": 5.0459, "lr": 0.002975772677819713, "gnorm": 0.682, "tok_per_s": 153093.3, "load": 4.56787109375}
{"event": "step", "step": 29200, "loss": 5.0894, "lr": 0.002975324886665352, "gnorm": 0.417, "tok_per_s": 152439.2, "load": 4.8544921875}
{"event": "step", "step": 29400, "loss": 5.0472, "lr": 0.0029748730332395, "gnorm": 0.573, "tok_per_s": 152333.7, "load": 4.72265625}
{"event": "step", "step": 29600, "loss": 4.9848, "lr": 0.0029744171189271394, "gnorm": 0.359, "tok_per_s": 152363.9, "load": 4.69189453125}
{"event": "step", "step": 29800, "loss": 5.0762, "lr": 0.0029739571451257002, "gnorm": 0.473, "tok_per_s": 152208.6, "load": 4.5849609375}
{"event": "step", "step": 30000, "loss": 5.2242, "lr": 0.002973493113245053, "gnorm": 1.199, "tok_per_s": 152324.9, "load": 4.49462890625}
eval 30000 {'bpb': 1.6851173252884486, 'nats_per_token': 5.080831638454729, 'tokens': 16379, 'bytes': 71247}
{"event": "step", "step": 30200, "loss": 5.0554, "lr": 0.0029730250247075097, "gnorm": 0.869, "tok_per_s": 124334.4, "load": 4.38427734375}
{"event": "step", "step": 30400, "loss": 4.8888, "lr": 0.0029725528809478132, "gnorm": 0.425, "tok_per_s": 152436.9, "load": 4.32470703125}
{"event": "step", "step": 30600, "loss": 5.046, "lr": 0.00297207668341314, "gnorm": 0.443, "tok_per_s": 152490.9, "load": 4.34814453125}
{"event": "step", "step": 30800, "loss": 4.9849, "lr": 0.0029715964335630877, "gnorm": 0.562, "tok_per_s": 152435.0, "load": 4.2939453125}
{"event": "step", "step": 31000, "loss": 5.0281, "lr": 0.0029711121328696776, "gnorm": 0.464, "tok_per_s": 152420.7, "load": 4.248046875}
{"event": "step", "step": 31200, "loss": 5.0609, "lr": 0.0029706237828173473, "gnorm": 0.675, "tok_per_s": 152352.8, "load": 4.1923828125}
{"event": "step", "step": 31400, "loss": 5.1073, "lr": 0.0029701313849029437, "gnorm": 0.745, "tok_per_s": 152259.3, "load": 4.3232421875}
{"event": "step", "step": 31600, "loss": 4.9315, "lr": 0.0029696349406357226, "gnorm": 0.56, "tok_per_s": 152167.7, "load": 4.5810546875}
{"event": "step", "step": 31800, "loss": 5.0232, "lr": 0.0029691344515373427, "gnorm": 0.326, "tok_per_s": 152324.1, "load": 4.4912109375}
{"event": "step", "step": 32000, "loss": 4.9215, "lr": 0.00296862991914186, "gnorm": 0.556, "tok_per_s": 152142.5, "load": 4.57568359375}
{"event": "step", "step": 32200, "loss": 5.0939, "lr": 0.002968121344995723, "gnorm": 0.725, "tok_per_s": 123994.3, "load": 4.6572265625}
{"event": "step", "step": 32400, "loss": 4.9029, "lr": 0.0029676087306577704, "gnorm": 0.48, "tok_per_s": 152331.1, "load": 4.63623046875}
{"event": "step", "step": 32600, "loss": 4.965, "lr": 0.0029670920776992227, "gnorm": 0.58, "tok_per_s": 152378.9, "load": 4.77880859375}
{"event": "step", "step": 32800, "loss": 4.8821, "lr": 0.0029665713877036802, "gnorm": 0.574, "tok_per_s": 152580.0, "load": 4.7392578125}
{"event": "step", "step": 33000, "loss": 4.8483, "lr": 0.0029660466622671165, "gnorm": 0.45, "tok_per_s": 152443.0, "load": 4.57470703125}
{"event": "step", "step": 33200, "loss": 5.0427, "lr": 0.0029655179029978752, "gnorm": 0.395, "tok_per_s": 152527.9, "load": 4.48583984375}
{"event": "step", "step": 33400, "loss": 5.0114, "lr": 0.002964985111516664, "gnorm": 1.11, "tok_per_s": 152465.7, "load": 4.41064453125}
{"event": "step", "step": 33600, "loss": 5.1675, "lr": 0.002964448289456548, "gnorm": 1.472, "tok_per_s": 152459.3, "load": 4.34716796875}
{"event": "step", "step": 33800, "loss": 5.0226, "lr": 0.0029639074384629487, "gnorm": 0.642, "tok_per_s": 152967.4, "load": 4.29345703125}
{"event": "step", "step": 34000, "loss": 5.047, "lr": 0.0029633625601936365, "gnorm": 0.514, "tok_per_s": 153087.5, "load": 4.24755859375}
{"event": "step", "step": 34200, "loss": 5.2316, "lr": 0.0029628136563187237, "gnorm": 0.484, "tok_per_s": 129675.0, "load": 4.19189453125}
{"event": "step", "step": 34400, "loss": 5.1144, "lr": 0.002962260728520665, "gnorm": 0.579, "tok_per_s": 153007.0, "load": 4.24267578125}
{"event": "step", "step": 34600, "loss": 4.844, "lr": 0.0029617037784942456, "gnorm": 0.638, "tok_per_s": 152991.9, "load": 4.205078125}
{"event": "step", "step": 34800, "loss": 5.0432, "lr": 0.002961142807946581, "gnorm": 0.585, "tok_per_s": 152626.2, "load": 4.17333984375}
{"event": "step", "step": 35000, "loss": 5.0607, "lr": 0.0029605778185971105, "gnorm": 0.837, "tok_per_s": 152347.7, "load": 4.14599609375}
eval 35000 {'bpb': 1.6699549427721232, 'nats_per_token': 5.035115229485927, 'tokens': 16379, 'bytes': 71247}
{"event": "step", "step": 35200, "loss": 4.98, "lr": 0.002960008812177589, "gnorm": 0.946, "tok_per_s": 151566.6, "load": 4.11279296875}
{"event": "step", "step": 35400, "loss": 5.1421, "lr": 0.0029594357904320877, "gnorm": 1.448, "tok_per_s": 152384.1, "load": 4.31640625}
{"event": "step", "step": 35600, "loss": 4.9988, "lr": 0.0029588587551169824, "gnorm": 1.105, "tok_per_s": 152115.6, "load": 4.90869140625}
{"event": "step", "step": 35800, "loss": 5.0047, "lr": 0.002958277708000952, "gnorm": 0.726, "tok_per_s": 152320.5, "load": 4.84228515625}
{"event": "step", "step": 36000, "loss": 5.0863, "lr": 0.002957692650864972, "gnorm": 1.673, "tok_per_s": 152429.0, "load": 4.85986328125}
{"event": "step", "step": 36200, "loss": 5.0119, "lr": 0.00295710358550231, "gnorm": 2.137, "tok_per_s": 124967.2, "load": 4.73681640625}
{"event": "step", "step": 36400, "loss": 5.0733, "lr": 0.002956510513718517, "gnorm": 0.592, "tok_per_s": 152510.4, "load": 4.623046875}
{"event": "step", "step": 36600, "loss": 5.0185, "lr": 0.002955913437331426, "gnorm": 0.585, "tok_per_s": 152488.9, "load": 4.52685546875}
{"event": "step", "step": 36800, "loss": 5.0583, "lr": 0.002955312358171144, "gnorm": 0.598, "tok_per_s": 152480.5, "load": 4.51953125}
{"event": "step", "step": 37000, "loss": 4.9936, "lr": 0.002954707278080047, "gnorm": 0.559, "tok_per_s": 152354.4, "load": 4.40380859375}
{"event": "step", "step": 37200, "loss": 5.0431, "lr": 0.002954098198912774, "gnorm": 0.548, "tok_per_s": 152331.7, "load": 4.34130859375}
{"event": "step", "step": 37400, "loss": 5.0662, "lr": 0.002953485122536223, "gnorm": 0.506, "tok_per_s": 152289.2, "load": 4.28857421875}
{"event": "step", "step": 37600, "loss": 5.066, "lr": 0.0029528680508295415, "gnorm": 0.494, "tok_per_s": 152234.2, "load": 4.404296875}
{"event": "step", "step": 37800, "loss": 4.9076, "lr": 0.0029522469856841245, "gnorm": 0.768, "tok_per_s": 152284.5, "load": 4.341796875}
{"event": "step", "step": 38000, "loss": 4.8639, "lr": 0.002951621929003609, "gnorm": 0.401, "tok_per_s": 152459.9, "load": 4.369140625}
{"event": "step", "step": 38200, "loss": 4.9604, "lr": 0.002950992882703862, "gnorm": 0.575, "tok_per_s": 126154.9, "load": 4.28662109375}
{"event": "step", "step": 38400, "loss": 5.2139, "lr": 0.002950359848712985, "gnorm": 0.547, "tok_per_s": 152104.8, "load": 4.322265625}
{"event": "step", "step": 38600, "loss": 5.0394, "lr": 0.002949722828971297, "gnorm": 0.681, "tok_per_s": 152189.8, "load": 11.49853515625}
{"event": "step", "step": 38800, "loss": 5.1416, "lr": 0.0029490818254313367, "gnorm": 0.442, "tok_per_s": 152340.3, "load": 10.42529296875}
{"event": "step", "step": 39000, "loss": 4.9654, "lr": 0.0029484368400578527, "gnorm": 0.416, "tok_per_s": 152365.2, "load": 9.00146484375}
{"event": "step", "step": 39200, "loss": 4.9083, "lr": 0.002947787874827799, "gnorm": 0.419, "tok_per_s": 152392.9, "load": 8.23193359375}
{"event": "step", "step": 39400, "loss": 4.916, "lr": 0.0029471349317303267, "gnorm": 1.059, "tok_per_s": 152275.8, "load": 7.80810546875}
{"event": "step", "step": 39600, "loss": 5.1221, "lr": 0.0029464780127667818, "gnorm": 0.69, "tok_per_s": 152403.8, "load": 7.22216796875}
{"event": "step", "step": 39800, "loss": 4.9098, "lr": 0.002945817119950695, "gnorm": 0.486, "tok_per_s": 152391.8, "load": 6.72607421875}
{"event": "step", "step": 40000, "loss": 4.9324, "lr": 0.0029451522553077783, "gnorm": 0.844, "tok_per_s": 152387.7, "load": 6.30615234375}
eval 40000 {'bpb': 1.655228155438214, 'nats_per_token': 4.990712192441541, 'tokens': 16379, 'bytes': 71247}
{"event": "step", "step": 40200, "loss": 5.1048, "lr": 0.002944483420875917, "gnorm": 0.496, "tok_per_s": 125154.7, "load": 5.794921875}
{"event": "step", "step": 40400, "loss": 5.0289, "lr": 0.002943810618705165, "gnorm": 0.395, "tok_per_s": 152269.2, "load": 5.5185546875}
{"event": "step", "step": 40600, "loss": 4.769, "lr": 0.0029431338508577377, "gnorm": 0.445, "tok_per_s": 152325.0, "load": 5.2841796875}
{"event": "step", "step": 40800, "loss": 5.0859, "lr": 0.0029424531194080054, "gnorm": 0.848, "tok_per_s": 152255.2, "load": 5.08642578125}
{"event": "step", "step": 41000, "loss": 4.9818, "lr": 0.0029417684264424868, "gnorm": 1.208, "tok_per_s": 152507.9, "load": 4.84521484375}
{"event": "step", "step": 41200, "loss": 4.9425, "lr": 0.002941079774059844, "gnorm": 1.686, "tok_per_s": 152367.3, "load": 4.71484375}
{"event": "step", "step": 41400, "loss": 4.9868, "lr": 0.0029403871643708755, "gnorm": 1.93, "tok_per_s": 152402.1, "load": 4.6044921875}
{"event": "step", "step": 41600, "loss": 5.0347, "lr": 0.0029396905994985077, "gnorm": 0.43, "tok_per_s": 152469.4, "load": 4.5107421875}
{"event": "step", "step": 41800, "loss": 4.9922, "lr": 0.002938990081577792, "gnorm": 0.399, "tok_per_s": 152186.8, "load": 4.67236328125}
{"event": "step", "step": 42000, "loss": 5.0416, "lr": 0.0029382856127558956, "gnorm": 0.8, "tok_per_s": 152376.9, "load": 4.642578125}
{"event": "step", "step": 42200, "loss": 4.8918, "lr": 0.0029375771951920945, "gnorm": 1.144, "tok_per_s": 125106.3, "load": 4.49951171875}
{"event": "step", "step": 42400, "loss": 5.1298, "lr": 0.0029368648310577703, "gnorm": 0.406, "tok_per_s": 152315.9, "load": 7.767578125}
{"event": "step", "step": 42600, "loss": 5.0825, "lr": 0.002936148522536399, "gnorm": 1.378, "tok_per_s": 152453.6, "load": 7.33544921875}
{"event": "step", "step": 42800, "loss": 5.0742, "lr": 0.0029354282718235484, "gnorm": 1.811, "tok_per_s": 152487.0, "load": 6.595703125}
{"event": "step", "step": 43000, "loss": 4.9361, "lr": 0.002934704081126869, "gnorm": 0.534, "tok_per_s": 152663.0, "load": 6.1962890625}
{"event": "step", "step": 43200, "loss": 5.0537, "lr": 0.0029339759526660863, "gnorm": 1.159, "tok_per_s": 152653.1, "load": 5.85791015625}
{"event": "step", "step": 43400, "loss": 5.0624, "lr": 0.0029332438886729988, "gnorm": 0.911, "tok_per_s": 152663.5, "load": 5.6455078125}
{"event": "step", "step": 43600, "loss": 5.0208, "lr": 0.0029325078913914645, "gnorm": 0.732, "tok_per_s": 152388.1, "load": 5.4658203125}
{"event": "step", "step": 43800, "loss": 5.0613, "lr": 0.002931767963077399, "gnorm": 0.654, "tok_per_s": 152410.0, "load": 5.23974609375}
{"event": "step", "step": 44000, "loss": 5.1381, "lr": 0.0029310241059987674, "gnorm": 0.496, "tok_per_s": 152422.6, "load": 5.048828125}
{"event": "step", "step": 44200, "loss": 5.0371, "lr": 0.002930276322435575, "gnorm": 1.044, "tok_per_s": 125671.3, "load": 4.8154296875}
{"event": "step", "step": 44400, "loss": 5.1358, "lr": 0.002929524614679865, "gnorm": 1.601, "tok_per_s": 152400.6, "load": 4.68994140625}
{"event": "step", "step": 44600, "loss": 5.1249, "lr": 0.0029287689850357058, "gnorm": 1.149, "tok_per_s": 152341.6, "load": 4.5830078125}
{"event": "step", "step": 44800, "loss": 5.1009, "lr": 0.0029280094358191885, "gnorm": 0.755, "tok_per_s": 152354.1, "load": 4.45361328125}
{"event": "step", "step": 45000, "loss": 4.9601, "lr": 0.0029272459693584184, "gnorm": 1.063, "tok_per_s": 152261.0, "load": 4.45751953125}
eval 45000 {'bpb': 1.6762377329190883, 'nats_per_token': 5.054058598281336, 'tokens': 16379, 'bytes': 71247}
{"event": "step", "step": 45200, "loss": 4.94, "lr": 0.0029264785879935065, "gnorm": 0.566, "tok_per_s": 151424.0, "load": 4.46728515625}
{"event": "step", "step": 45400, "loss": 5.1728, "lr": 0.0029257072940765644, "gnorm": 2.022, "tok_per_s": 152300.9, "load": 6.169921875}
{"event": "step", "step": 45600, "loss": 4.8227, "lr": 0.002924932089971695, "gnorm": 1.177, "tok_per_s": 152460.7, "load": 5.90966796875}
{"event": "step", "step": 45800, "loss": 4.9506, "lr": 0.002924152978054988, "gnorm": 0.439, "tok_per_s": 152582.9, "load": 5.615234375}
{"event": "step", "step": 46000, "loss": 5.0095, "lr": 0.0029233699607145083, "gnorm": 0.956, "tok_per_s": 152627.1, "load": 5.2568359375}
{"event": "step", "step": 46200, "loss": 5.0439, "lr": 0.0029225830403502955, "gnorm": 0.362, "tok_per_s": 125264.4, "load": 5.06298828125}
{"event": "step", "step": 46400, "loss": 5.0746, "lr": 0.0029217922193743484, "gnorm": 1.17, "tok_per_s": 152234.1, "load": 4.89892578125}
{"event": "step", "step": 46600, "loss": 5.0899, "lr": 0.0029209975002106228, "gnorm": 0.667, "tok_per_s": 152301.3, "load": 4.83544921875}
{"event": "step", "step": 46800, "loss": 5.0533, "lr": 0.002920198885295025, "gnorm": 0.628, "tok_per_s": 152422.7, "load": 4.70654296875}
{"event": "step", "step": 47000, "loss": 5.0689, "lr": 0.002919396377075399, "gnorm": 0.834, "tok_per_s": 152517.1, "load": 4.59765625}
{"event": "step", "step": 47200, "loss": 4.9594, "lr": 0.0029185899780115243, "gnorm": 1.171, "tok_per_s": 152434.3, "load": 4.5048828125}
{"event": "step", "step": 47400, "loss": 4.9437, "lr": 0.002917779690575106, "gnorm": 0.713, "tok_per_s": 152403.7, "load": 4.4267578125}
{"event": "step", "step": 47600, "loss": 5.0438, "lr": 0.002916965517249767, "gnorm": 3.128, "tok_per_s": 152404.4, "load": 4.36083984375}
{"event": "step", "step": 47800, "loss": 5.0547, "lr": 0.0029161474605310413, "gnorm": 0.982, "tok_per_s": 152200.3, "load": 4.3046875}
{"event": "step", "step": 48000, "loss": 5.0372, "lr": 0.0029153255229263653, "gnorm": 1.782, "tok_per_s": 152407.2, "load": 4.44677734375}
{"event": "step", "step": 48200, "loss": 5.0703, "lr": 0.002914499706955072, "gnorm": 1.054, "tok_per_s": 125996.5, "load": 4.37744140625}
{"event": "step", "step": 48400, "loss": 5.1671, "lr": 0.00291367001514838, "gnorm": 1.126, "tok_per_s": 152490.8, "load": 4.3193359375}
{"event": "step", "step": 48600, "loss": 5.0934, "lr": 0.002912836450049391, "gnorm": 0.775, "tok_per_s": 152638.5, "load": 4.328125}
{"event": "step", "step": 48800, "loss": 4.9415, "lr": 0.0029119990142130745, "gnorm": 0.61, "tok_per_s": 152582.6, "load": 4.4990234375}
{"event": "step", "step": 49000, "loss": 5.0606, "lr": 0.002911157710206268, "gnorm": 1.992, "tok_per_s": 152582.9, "load": 4.421875}
{"event": "step", "step": 49200, "loss": 5.2191, "lr": 0.002910312540607664, "gnorm": 0.554, "tok_per_s": 152502.8, "load": 4.3564453125}
{"event": "step", "step": 49400, "loss": 4.8972, "lr": 0.0029094635080078035, "gnorm": 0.714, "tok_per_s": 152573.2, "load": 4.30126953125}
{"event": "step", "step": 49600, "loss": 4.9866, "lr": 0.002908610615009067, "gnorm": 1.194, "tok_per_s": 152384.1, "load": 4.25439453125}
{"event": "step", "step": 49800, "loss": 4.9395, "lr": 0.0029077538642256692, "gnorm": 0.605, "tok_per_s": 152380.3, "load": 4.21484375}
{"event": "step", "step": 50000, "loss": 4.8668, "lr": 0.0029068932582836486, "gnorm": 2.72, "tok_per_s": 152369.7, "load": 4.16650390625}
eval 50000 {'bpb': 1.6803648529178066, 'nats_per_token': 5.066502362018438, 'tokens': 16379, 'bytes': 71247}
{"event": "step", "step": 50200, "loss": 5.0493, "lr": 0.0029060287998208603, "gnorm": 2.287, "tok_per_s": 125050.8, "load": 4.14013671875}
{"event": "step", "step": 50400, "loss": 5.0747, "lr": 0.002905160491486968, "gnorm": 2.737, "tok_per_s": 152647.1, "load": 4.1181640625}
{"event": "step", "step": 50600, "loss": 5.1413, "lr": 0.002904288335943435, "gnorm": 0.83, "tok_per_s": 152401.2, "load": 4.15966796875}
{"event": "step", "step": 50800, "loss": 4.9892, "lr": 0.0029034123358635173, "gnorm": 1.03, "tok_per_s": 152328.7, "load": 4.13427734375}
{"event": "step", "step": 51000, "loss": 5.0495, "lr": 0.002902532493932255, "gnorm": 0.859, "tok_per_s": 152375.6, "load": 4.11279296875}
{"event": "step", "step": 51200, "loss": 4.955, "lr": 0.002901648812846464, "gnorm": 0.56, "tok_per_s": 152392.0, "load": 4.09521484375}
{"event": "step", "step": 51400, "loss": 4.9121, "lr": 0.002900761295314726, "gnorm": 0.469, "tok_per_s": 152316.4, "load": 4.080078125}
{"event": "step", "step": 51600, "loss": 5.0378, "lr": 0.002899869944057385, "gnorm": 2.209, "tok_per_s": 152279.2, "load": 4.5419921875}
{"event": "step", "step": 51800, "loss": 4.9036, "lr": 0.0028989747618065327, "gnorm": 1.194, "tok_per_s": 152372.9, "load": 4.55712890625}
{"event": "step", "step": 52000, "loss": 5.1011, "lr": 0.0028980757513060048, "gnorm": 0.598, "tok_per_s": 152339.6, "load": 4.470703125}
{"event": "step", "step": 52200, "loss": 5.2121, "lr": 0.002897172915311371, "gnorm": 0.782, "tok_per_s": 126255.0, "load": 4.39794921875}
{"event": "step", "step": 52400, "loss": 4.8187, "lr": 0.002896266256589926, "gnorm": 0.497, "tok_per_s": 152483.9, "load": 4.33642578125}
{"event": "step", "step": 52600, "loss": 4.9549, "lr": 0.002895355777920682, "gnorm": 0.556, "tok_per_s": 152448.9, "load": 4.26123046875}
{"event": "step", "step": 52800, "loss": 5.1097, "lr": 0.002894441482094359, "gnorm": 3.388, "tok_per_s": 152400.5, "load": 4.294921875}
{"event": "step", "step": 53000, "loss": 5.1666, "lr": 0.0028935233719133793, "gnorm": 1.444, "tok_per_s": 152419.8, "load": 4.2490234375}
{"event": "step", "step": 53200, "loss": 5.1578, "lr": 0.0028926014501918533, "gnorm": 1.807, "tok_per_s": 152042.1, "load": 4.37109375}
{"event": "step", "step": 53400, "loss": 4.9048, "lr": 0.0028916757197555766, "gnorm": 0.749, "tok_per_s": 152537.6, "load": 4.3876953125}
{"event": "step", "step": 53600, "loss": 5.1124, "lr": 0.0028907461834420185, "gnorm": 1.373, "tok_per_s": 152567.3, "load": 4.40185546875}
{"event": "step", "step": 53800, "loss": 5.2389, "lr": 0.0028898128441003134, "gnorm": 0.768, "tok_per_s": 152536.3, "load": 4.3125}
{"event": "step", "step": 54000, "loss": 5.1311, "lr": 0.0028888757045912516, "gnorm": 2.193, "tok_per_s": 152592.4, "load": 4.34423828125}
{"event": "step", "step": 54200, "loss": 4.993, "lr": 0.0028879347677872734, "gnorm": 1.387, "tok_per_s": 125684.8, "load": 4.291015625}
{"event": "step", "step": 54400, "loss": 4.9655, "lr": 0.002886990036572457, "gnorm": 0.73, "tok_per_s": 152529.5, "load": 4.3740234375}
{"event": "step", "step": 54600, "loss": 5.0144, "lr": 0.0028860415138425113, "gnorm": 1.071, "tok_per_s": 152463.7, "load": 4.396484375}
{"event": "step", "step": 54800, "loss": 4.8672, "lr": 0.0028850892025047647, "gnorm": 1.339, "tok_per_s": 152402.6, "load": 4.3349609375}
{"event": "step", "step": 55000, "loss": 5.1435, "lr": 0.0028841331054781615, "gnorm": 1.711, "tok_per_s": 152077.1, "load": 4.9921875}
eval 55000 {'bpb': 1.6794127448352305, 'nats_per_token': 5.063631641507418, 'tokens': 16379, 'bytes': 71247}
{"event": "step", "step": 55200, "loss": 4.8927, "lr": 0.002883173225693247, "gnorm": 1.374, "tok_per_s": 151603.3, "load": 4.91357421875}
{"event": "step", "step": 55400, "loss": 5.1673, "lr": 0.002882209566092162, "gnorm": 1.26, "tok_per_s": 152410.3, "load": 4.77294921875}
{"event": "step", "step": 55600, "loss": 5.0724, "lr": 0.002881242129628633, "gnorm": 4.839, "tok_per_s": 152427.1, "load": 4.65380859375}
{"event": "step", "step": 55800, "loss": 4.878, "lr": 0.0028802709192679624, "gnorm": 0.749, "tok_per_s": 152470.4, "load": 4.57666015625}
{"event": "step", "step": 56000, "loss": 5.2065, "lr": 0.0028792959379870206, "gnorm": 2.993, "tok_per_s": 152418.7, "load": 4.48779296875}
{"event": "step", "step": 56200, "loss": 4.8979, "lr": 0.0028783171887742363, "gnorm": 0.702, "tok_per_s": 125764.3, "load": 4.41259765625}
{"event": "step", "step": 56400, "loss": 4.9694, "lr": 0.002877334674629587, "gnorm": 1.405, "tok_per_s": 152387.1, "load": 4.40087890625}
{"event": "step", "step": 56600, "loss": 4.8894, "lr": 0.0028763483985645892, "gnorm": 2.175, "tok_per_s": 152436.6, "load": 4.3388671875}
{"event": "step", "step": 56800, "loss": 4.8919, "lr": 0.0028753583636022934, "gnorm": 0.786, "tok_per_s": 152323.6, "load": 4.2861328125}
{"event": "step", "step": 57000, "loss": 5.0988, "lr": 0.0028743645727772674, "gnorm": 1.368, "tok_per_s": 152444.7, "load": 4.24169921875}
{"event": "step", "step": 57200, "loss": 5.1551, "lr": 0.0028733670291355945, "gnorm": 1.249, "tok_per_s": 152135.2, "load": 4.36474609375}
{"event": "step", "step": 57400, "loss": 5.0872, "lr": 0.0028723657357348584, "gnorm": 2.125, "tok_per_s": 152332.6, "load": 4.53662109375}
{"event": "step", "step": 57600, "loss": 5.0358, "lr": 0.0028713606956441377, "gnorm": 0.575, "tok_per_s": 152325.3, "load": 4.4169921875}
{"event": "step", "step": 57800, "loss": 4.9867, "lr": 0.002870351911943994, "gnorm": 1.292, "tok_per_s": 152378.1, "load": 4.3525390625}
{"event": "step", "step": 58000, "loss": 4.92, "lr": 0.002869339387726465, "gnorm": 1.109, "tok_per_s": 152344.0, "load": 4.2978515625}
{"event": "step", "step": 58200, "loss": 4.9747, "lr": 0.0028683231260950514, "gnorm": 1.462, "tok_per_s": 125884.7, "load": 4.33251953125}
{"event": "step", "step": 58400, "loss": 5.2899, "lr": 0.0028673031301647118, "gnorm": 2.122, "tok_per_s": 152374.7, "load": 4.2578125}
{"event": "step", "step": 58600, "loss": 5.0501, "lr": 0.002866279403061849, "gnorm": 2.367, "tok_per_s": 152445.6, "load": 4.2177734375}
{"event": "step", "step": 58800, "loss": 5.0972, "lr": 0.002865251947924304, "gnorm": 0.714, "tok_per_s": 152383.5, "load": 4.2646484375}
{"event": "step", "step": 59000, "loss": 5.0149, "lr": 0.0028642207679013426, "gnorm": 1.204, "tok_per_s": 152257.2, "load": 4.2236328125}
{"event": "step", "step": 59200, "loss": 4.9827, "lr": 0.0028631858661536487, "gnorm": 0.694, "tok_per_s": 152348.6, "load": 4.18896484375}
{"event": "step", "step": 59400, "loss": 5.1007, "lr": 0.0028621472458533145, "gnorm": 0.827, "tok_per_s": 152209.6, "load": 4.15966796875}
{"event": "step", "step": 59600, "loss": 4.9162, "lr": 0.002861104910183829, "gnorm": 2.432, "tok_per_s": 152268.8, "load": 4.123046875}
{"event": "step", "step": 59800, "loss": 5.0389, "lr": 0.0028600588623400695, "gnorm": 1.515, "tok_per_s": 152426.4, "load": 4.103515625}
{"event": "step", "step": 60000, "loss": 4.9655, "lr": 0.002859009105528292, "gnorm": 0.918, "tok_per_s": 152335.1, "load": 4.08740234375}
eval 60000 {'bpb': 1.6795930102103398, 'nats_per_token': 5.064175163318884, 'tokens': 16379, 'bytes': 71247}
{"event": "step", "step": 60200, "loss": 5.0636, "lr": 0.00285795564296612, "gnorm": 1.793, "tok_per_s": 126022.2, "load": 4.06689453125}
{"event": "step", "step": 60400, "loss": 5.1607, "lr": 0.0028568984778825366, "gnorm": 0.722, "tok_per_s": 152495.1, "load": 4.05615234375}
{"event": "step", "step": 60600, "loss": 4.983, "lr": 0.0028558376135178727, "gnorm": 1.998, "tok_per_s": 152495.7, "load": 4.046875}
{"event": "step", "step": 60800, "loss": 5.1843, "lr": 0.0028547730531237976, "gnorm": 2.981, "tok_per_s": 152278.7, "load": 4.11328125}
{"event": "step", "step": 61000, "loss": 5.0322, "lr": 0.002853704799963311, "gnorm": 1.406, "tok_per_s": 152286.2, "load": 4.09521484375}
{"event": "step", "step": 61200, "loss": 4.852, "lr": 0.00285263285731073, "gnorm": 0.549, "tok_per_s": 152280.6, "load": 4.154296875}
{"event": "step", "step": 61400, "loss": 4.9326, "lr": 0.0028515572284516805, "gnorm": 1.318, "tok_per_s": 152031.9, "load": 12.68212890625}
{"event": "step", "step": 61600, "loss": 5.129, "lr": 0.002850477916683087, "gnorm": 1.562, "tok_per_s": 152474.9, "load": 10.8935546875}
{"event": "step", "step": 61800, "loss": 5.1176, "lr": 0.002849394925313164, "gnorm": 1.636, "tok_per_s": 152593.2, "load": 9.83349609375}
{"event": "step", "step": 62000, "loss": 5.1901, "lr": 0.0028483082576614025, "gnorm": 0.812, "tok_per_s": 152444.6, "load": 8.93603515625}
{"event": "step", "step": 62200, "loss": 5.1595, "lr": 0.0028472179170585614, "gnorm": 1.064, "tok_per_s": 126087.9, "load": 7.84228515625}
{"event": "step", "step": 62400, "loss": 5.1748, "lr": 0.00284612390684666, "gnorm": 3.332, "tok_per_s": 152502.1, "load": 7.2509765625}
{"event": "step", "step": 62600, "loss": 5.06, "lr": 0.002845026230378964, "gnorm": 0.55, "tok_per_s": 152350.4, "load": 6.75048828125}
{"event": "step", "step": 62800, "loss": 5.1062, "lr": 0.002843924891019976, "gnorm": 1.804, "tok_per_s": 152379.3, "load": 6.55419921875}
{"event": "step", "step": 63000, "loss": 4.8977, "lr": 0.002842819892145426, "gnorm": 0.741, "tok_per_s": 152272.8, "load": 6.23486328125}
{"event": "step", "step": 63200, "loss": 5.0453, "lr": 0.0028417112371422622, "gnorm": 2.858, "tok_per_s": 152452.6, "load": 5.970703125}
{"event": "step", "step": 63400, "loss": 5.1609, "lr": 0.002840598929408638, "gnorm": 3.044, "tok_per_s": 152444.8, "load": 5.61328125}
{"event": "step", "step": 63600, "loss": 5.0397, "lr": 0.002839482972353902, "gnorm": 0.64, "tok_per_s": 152372.7, "load": 5.36474609375}
{"event": "step", "step": 63800, "loss": 4.9941, "lr": 0.0028383633693985916, "gnorm": 1.81, "tok_per_s": 152417.0, "load": 5.15478515625}
{"event": "step", "step": 64000, "loss": 4.9541, "lr": 0.0028372401239744154, "gnorm": 2.128, "tok_per_s": 152292.5, "load": 5.056640625}
{"event": "step", "step": 64200, "loss": 4.8461, "lr": 0.002836113239524249, "gnorm": 0.926, "tok_per_s": 124998.6, "load": 5.03173828125}
{"event": "step", "step": 64400, "loss": 4.936, "lr": 0.002834982719502121, "gnorm": 2.314, "tok_per_s": 152262.9, "load": 4.87255859375}
{"event": "step", "step": 64600, "loss": 4.9833, "lr": 0.0028338485673732043, "gnorm": 2.664, "tok_per_s": 152275.5, "load": 4.978515625}
{"event": "step", "step": 64800, "loss": 4.9277, "lr": 0.002832710786613804, "gnorm": 1.06, "tok_per_s": 152312.6, "load": 4.90185546875}
{"event": "step", "step": 65000, "loss": 5.1856, "lr": 0.0028315693807113474, "gnorm": 0.854, "tok_per_s": 152379.0, "load": 4.7626953125}
eval 65000 {'bpb': 1.6840560613402953, 'nats_per_token': 5.0776317998656815, 'tokens': 16379, 'bytes': 71247}
{"event": "step", "step": 65200, "loss": 5.1581, "lr": 0.002830424353164374, "gnorm": 0.965, "tok_per_s": 151675.8, "load": 4.64501953125}
{"event": "step", "step": 65400, "loss": 4.962, "lr": 0.0028292757074825227, "gnorm": 1.03, "tok_per_s": 152443.5, "load": 4.58203125}
{"event": "step", "step": 65600, "loss": 4.9947, "lr": 0.002828123447186523, "gnorm": 1.724, "tok_per_s": 152406.7, "load": 4.4921875}
{"event": "step", "step": 65800, "loss": 5.1601, "lr": 0.0028269675758081847, "gnorm": 1.227, "tok_per_s": 152466.5, "load": 4.490234375}
{"event": "step", "step": 66000, "loss": 5.0769, "lr": 0.0028258080968903837, "gnorm": 0.93, "tok_per_s": 152476.4, "load": 4.41455078125}
{"event": "step", "step": 66200, "loss": 5.0009, "lr": 0.002824645013987056, "gnorm": 1.055, "tok_per_s": 125809.6, "load": 4.322265625}
{"event": "step", "step": 66400, "loss": 5.0127, "lr": 0.002823478330663182, "gnorm": 1.661, "tok_per_s": 152440.4, "load": 4.2724609375}
{"event": "step", "step": 66600, "loss": 5.0308, "lr": 0.0028223080504947793, "gnorm": 0.578, "tok_per_s": 152188.2, "load": 11.677734375}
{"event": "step", "step": 66800, "loss": 4.8883, "lr": 0.0028211341770688902, "gnorm": 1.277, "tok_per_s": 152400.6, "load": 10.64404296875}
{"event": "step", "step": 67000, "loss": 4.9758, "lr": 0.002819956713983569, "gnorm": 0.379, "tok_per_s": 152337.7, "load": 9.6220703125}
{"event": "step", "step": 67200, "loss": 5.0902, "lr": 0.002818775664847875, "gnorm": 1.178, "tok_per_s": 152289.8, "load": 8.7568359375}
{"event": "step", "step": 67400, "loss": 4.9862, "lr": 0.0028175910332818577, "gnorm": 1.838, "tok_per_s": 152385.8, "load": 7.7021484375}
{"event": "step", "step": 67600, "loss": 4.7986, "lr": 0.002816402822916547, "gnorm": 2.515, "tok_per_s": 152312.5, "load": 7.37255859375}
{"event": "step", "step": 67800, "loss": 4.9566, "lr": 0.0028152110373939436, "gnorm": 1.342, "tok_per_s": 152388.9, "load": 6.92724609375}
{"event": "step", "step": 68000, "loss": 5.1173, "lr": 0.0028140156803670054, "gnorm": 1.211, "tok_per_s": 152341.3, "load": 6.556640625}
{"event": "step", "step": 68200, "loss": 5.1022, "lr": 0.0028128167554996378, "gnorm": 0.654, "tok_per_s": 125893.3, "load": 5.98974609375}
{"event": "step", "step": 68400, "loss": 4.9301, "lr": 0.0028116142664666817, "gnorm": 2.09, "tok_per_s": 152292.3, "load": 5.68310546875}
{"event": "step", "step": 68600, "loss": 4.9259, "lr": 0.0028104082169539027, "gnorm": 2.394, "tok_per_s": 152421.4, "load": 5.423828125}
{"event": "step", "step": 68800, "loss": 4.9842, "lr": 0.002809198610657979, "gnorm": 1.371, "tok_per_s": 152372.3, "load": 5.20458984375}
{"event": "step", "step": 69000, "loss": 5.0238, "lr": 0.002807985451286493, "gnorm": 1.219, "tok_per_s": 152395.4, "load": 5.01904296875}
{"event": "step", "step": 69200, "loss": 4.9921, "lr": 0.002806768742557915, "gnorm": 2.003, "tok_per_s": 152317.2, "load": 4.79248046875}
{"event": "step", "step": 69400, "loss": 5.172, "lr": 0.0028055484882015956, "gnorm": 1.156, "tok_per_s": 152354.5, "load": 4.74462890625}
{"event": "step", "step": 69600, "loss": 5.001, "lr": 0.0028043246919577536, "gnorm": 1.201, "tok_per_s": 152326.9, "load": 4.7841796875}
{"event": "step", "step": 69800, "loss": 4.9915, "lr": 0.002803097357577464, "gnorm": 1.395, "tok_per_s": 152300.4, "load": 4.6630859375}
{"event": "step", "step": 70000, "loss": 5.1253, "lr": 0.0028018664888226456, "gnorm": 0.73, "tok_per_s": 152358.9, "load": 4.560546875}
eval 70000 {'bpb': 1.6711251252904942, 'nats_per_token': 5.0386434706789185, 'tokens': 16379, 'bytes': 71247}
{"event": "step", "step": 70200, "loss": 4.8464, "lr": 0.002800632089466051, "gnorm": 1.192, "tok_per_s": 125513.5, "load": 4.43603515625}
{"event": "step", "step": 70400, "loss": 5.2043, "lr": 0.0027993941632912553, "gnorm": 2.988, "tok_per_s": 152385.0, "load": 4.36865234375}
{"event": "step", "step": 70600, "loss": 5.0819, "lr": 0.0027981527140926417, "gnorm": 1.75, "tok_per_s": 152325.7, "load": 4.3115234375}
{"event": "step", "step": 70800, "loss": 4.9417, "lr": 0.0027969077456753946, "gnorm": 1.036, "tok_per_s": 152231.3, "load": 4.41064453125}
{"event": "step", "step": 71000, "loss": 4.9316, "lr": 0.0027956592618554833, "gnorm": 0.798, "tok_per_s": 152217.8, "load": 4.34716796875}
{"event": "step", "step": 71200, "loss": 4.9282, "lr": 0.0027944072664596526, "gnorm": 1.406, "tok_per_s": 152170.8, "load": 4.47998046875}
{"event": "step", "step": 71400, "loss": 4.9837, "lr": 0.002793151763325411, "gnorm": 0.745, "tok_per_s": 152364.2, "load": 4.40576171875}
{"event": "step", "step": 71600, "loss": 5.0925, "lr": 0.0027918927563010177, "gnorm": 1.379, "tok_per_s": 152371.1, "load": 4.42333984375}
{"event": "step", "step": 71800, "loss": 5.1202, "lr": 0.002790630249245473, "gnorm": 1.419, "tok_per_s": 152361.2, "load": 4.35791015625}
{"event": "step", "step": 72000, "loss": 5.011, "lr": 0.0027893642460285043, "gnorm": 1.426, "tok_per_s": 152280.2, "load": 4.302734375}
{"event": "step", "step": 72200, "loss": 5.0023, "lr": 0.0027880947505305557, "gnorm": 1.898, "tok_per_s": 126138.8, "load": 4.30908203125}
{"event": "step", "step": 72400, "loss": 5.0283, "lr": 0.0027868217666427754, "gnorm": 1.407, "tok_per_s": 152361.1, "load": 4.482421875}
{"event": "step", "step": 72600, "loss": 5.0631, "lr": 0.002785545298267003, "gnorm": 2.009, "tok_per_s": 152313.5, "load": 4.40771484375}
{"event": "step", "step": 72800, "loss": 5.0735, "lr": 0.00278426534931576, "gnorm": 0.901, "tok_per_s": 152252.2, "load": 4.3447265625}
{"event": "step", "step": 73000, "loss": 5.0685, "lr": 0.0027829819237122355, "gnorm": 1.586, "tok_per_s": 152363.3, "load": 4.26806640625}
{"event": "step", "step": 73200, "loss": 4.8657, "lr": 0.0027816950253902743, "gnorm": 0.69, "tok_per_s": 152385.6, "load": 4.2265625}
{"event": "step", "step": 73400, "loss": 4.804, "lr": 0.0027804046582943667, "gnorm": 2.728, "tok_per_s": 152263.2, "load": 4.19091796875}
{"event": "step", "step": 73600, "loss": 4.9457, "lr": 0.002779110826379634, "gnorm": 3.373, "tok_per_s": 152213.6, "load": 4.1611328125}
{"event": "step", "step": 73800, "loss": 5.1457, "lr": 0.002777813533611819, "gnorm": 1.607, "tok_per_s": 152168.8, "load": 4.1357421875}
{"event": "step", "step": 74000, "loss": 5.0188, "lr": 0.0027765127839672705, "gnorm": 0.68, "tok_per_s": 152170.1, "load": 4.1142578125}
{"event": "step", "step": 74200, "loss": 5.0076, "lr": 0.0027752085814329347, "gnorm": 0.893, "tok_per_s": 125431.3, "load": 4.08837890625}
{"event": "step", "step": 74400, "loss": 4.9518, "lr": 0.0027739009300063408, "gnorm": 2.282, "tok_per_s": 152155.8, "load": 4.302734375}
{"event": "step", "step": 74600, "loss": 5.0749, "lr": 0.002772589833695589, "gnorm": 1.438, "tok_per_s": 152363.6, "load": 4.330078125}
{"event": "step", "step": 74800, "loss": 4.9864, "lr": 0.0027712752965193383, "gnorm": 1.018, "tok_per_s": 152387.2, "load": 4.27880859375}
{"event": "step", "step": 75000, "loss": 4.9083, "lr": 0.002769957322506795, "gnorm": 1.803, "tok_per_s": 152227.3, "load": 12.66845703125}
eval 75000 {'bpb': 1.67019595575938, 'nats_per_token': 5.035841912662556, 'tokens': 16379, 'bytes': 71247}
{"event": "step", "step": 75200, "loss": 4.9969, "lr": 0.002768635915697699, "gnorm": 2.211, "tok_per_s": 151300.9, "load": 11.33544921875}
{"event": "step", "step": 75400, "loss": 5.0408, "lr": 0.0027673110801423127, "gnorm": 1.095, "tok_per_s": 152187.5, "load": 10.20703125}
{"event": "step", "step": 75600, "loss": 4.9304, "lr": 0.0027659828199014078, "gnorm": 0.833, "tok_per_s": 152379.3, "load": 9.25244140625}
{"event": "step", "step": 75800, "loss": 5.1349, "lr": 0.0027646511390462527, "gnorm": 1.24, "tok_per_s": 152406.6, "load": 8.4443359375}
{"event": "step", "step": 76000, "loss": 4.9853, "lr": 0.0027633160416586, "gnorm": 2.287, "tok_per_s": 152205.0, "load": 8.0009765625}
{"event": "step", "step": 76200, "loss": 5.0352, "lr": 0.0027619775318306772, "gnorm": 1.857, "tok_per_s": 126948.2, "load": 7.181640625}
{"event": "step", "step": 76400, "loss": 5.0843, "lr": 0.002760635613665167, "gnorm": 1.887, "tok_per_s": 152506.6, "load": 6.6923828125}
{"event": "step", "step": 76600, "loss": 5.1169, "lr": 0.002759290291275202, "gnorm": 5.988, "tok_per_s": 152422.3, "load": 6.27783203125}
{"event": "step", "step": 76800, "loss": 4.9887, "lr": 0.002757941568784349, "gnorm": 1.711, "tok_per_s": 152382.7, "load": 5.92724609375}
{"event": "step", "step": 77000, "loss": 5.1829, "lr": 0.0027565894503265936, "gnorm": 1.437, "tok_per_s": 152344.1, "load": 5.57958984375}
{"event": "step", "step": 77200, "loss": 4.9368, "lr": 0.0027552339400463348, "gnorm": 1.818, "tok_per_s": 152300.3, "load": 5.3359375}
{"event": "step", "step": 77400, "loss": 4.9767, "lr": 0.002753875042098365, "gnorm": 1.179, "tok_per_s": 152326.7, "load": 5.1298828125}
{"event": "step", "step": 77600, "loss": 5.1221, "lr": 0.002752512760647861, "gnorm": 1.195, "tok_per_s": 152385.0, "load": 4.95556640625}
{"event": "step", "step": 77800, "loss": 5.0265, "lr": 0.0027511470998703704, "gnorm": 0.801, "tok_per_s": 152369.2, "load": 4.80810546875}
{"event": "step", "step": 78000, "loss": 4.9297, "lr": 0.0027497780639517987, "gnorm": 1.131, "tok_per_s": 152262.7, "load": 4.68359375}
{"event": "step", "step": 78200, "loss": 4.9548, "lr": 0.0027484056570883965, "gnorm": 3.968, "tok_per_s": 125597.0, "load": 4.85205078125}
{"event": "step", "step": 78400, "loss": 5.097, "lr": 0.002747029883486747, "gnorm": 0.592, "tok_per_s": 152305.8, "load": 4.720703125}
{"event": "step", "step": 78600, "loss": 4.9015, "lr": 0.0027456507473637534, "gnorm": 0.798, "tok_per_s": 152755.9, "load": 4.609375}
{"event": "step", "step": 78800, "loss": 5.1332, "lr": 0.002744268252946624, "gnorm": 2.879, "tok_per_s": 153456.6, "load": 4.515625}
{"event": "step", "step": 79000, "loss": 4.9497, "lr": 0.002742882404472861, "gnorm": 1.054, "tok_per_s": 153422.1, "load": 4.40087890625}
{"event": "step", "step": 79200, "loss": 4.952, "lr": 0.0027414932061902483, "gnorm": 1.552, "tok_per_s": 153316.4, "load": 4.41943359375}
{"event": "step", "step": 79400, "loss": 5.1579, "lr": 0.0027401006623568366, "gnorm": 5.917, "tok_per_s": 153314.4, "load": 4.3544921875}
{"event": "step", "step": 79600, "loss": 5.072, "lr": 0.002738704777240931, "gnorm": 3.619, "tok_per_s": 153330.1, "load": 4.29931640625}
{"event": "step", "step": 79800, "loss": 5.1305, "lr": 0.0027373055551210787, "gnorm": 1.624, "tok_per_s": 153205.6, "load": 4.25244140625}
{"event": "step", "step": 80000, "loss": 4.9668, "lr": 0.002735903000286053, "gnorm": 1.618, "tok_per_s": 153352.6, "load": 4.29345703125}
eval 80000 {'bpb': 1.6822651932587462, 'nats_per_token': 5.072232116963795, 'tokens': 16379, 'bytes': 71247}
{"event": "step", "step": 80200, "loss": 4.9491, "lr": 0.0027344971170348456, "gnorm": 1.001, "tok_per_s": 132317.5, "load": 4.2275390625}
{"event": "step", "step": 80400, "loss": 5.0469, "lr": 0.0027330879096766473, "gnorm": 1.817, "tok_per_s": 152924.1, "load": 4.19189453125}
{"event": "step", "step": 80600, "loss": 5.3305, "lr": 0.00273167538253084, "gnorm": 2.532, "tok_per_s": 152394.1, "load": 4.162109375}
{"event": "step", "step": 80800, "loss": 5.0774, "lr": 0.0027302595399269795, "gnorm": 2.618, "tok_per_s": 152164.7, "load": 4.29736328125}
{"event": "step", "step": 81000, "loss": 4.9801, "lr": 0.0027288403862047845, "gnorm": 1.798, "tok_per_s": 152428.3, "load": 4.4794921875}
{"event": "step", "step": 81200, "loss": 4.9707, "lr": 0.0027274179257141223, "gnorm": 5.359, "tok_per_s": 152617.9, "load": 4.37255859375}
{"event": "step", "step": 81400, "loss": 5.0938, "lr": 0.002725992162814996, "gnorm": 1.013, "tok_per_s": 152543.7, "load": 4.39501953125}
{"event": "step", "step": 81600, "loss": 5.0174, "lr": 0.0027245631018775317, "gnorm": 1.221, "tok_per_s": 152527.0, "load": 4.333984375}
{"event": "step", "step": 81800, "loss": 5.025, "lr": 0.002723130747281963, "gnorm": 0.698, "tok_per_s": 152529.2, "load": 4.2822265625}
{"event": "step", "step": 82000, "loss": 5.0108, "lr": 0.00272169510341862, "gnorm": 4.564, "tok_per_s": 152501.5, "load": 4.23828125}
{"event": "step", "step": 82200, "loss": 5.0177, "lr": 0.002720256174687914, "gnorm": 2.785, "tok_per_s": 125771.8, "load": 4.265625}
{"event": "step", "step": 82400, "loss": 5.0522, "lr": 0.0027188139655003256, "gnorm": 2.61, "tok_per_s": 152356.3, "load": 4.22412109375}
{"event": "step", "step": 82600, "loss": 4.8779, "lr": 0.00271736848027639, "gnorm": 0.803, "tok_per_s": 152465.0, "load": 4.189453125}
{"event": "step", "step": 82800, "loss": 5.007, "lr": 0.0027159197234466834, "gnorm": 1.042, "tok_per_s": 152461.6, "load": 4.15966796875}
{"event": "step", "step": 83000, "loss": 4.9976, "lr": 0.00271446769945181, "gnorm": 2.718, "tok_per_s": 152589.9, "load": 4.123046875}
{"event": "step", "step": 83200, "loss": 4.9045, "lr": 0.0027130124127423896, "gnorm": 1.122, "tok_per_s": 152559.0, "load": 4.103515625}
{"event": "step", "step": 83400, "loss": 5.109, "lr": 0.0027115538677790403, "gnorm": 2.108, "tok_per_s": 152505.3, "load": 4.16796875}
{"event": "step", "step": 83600, "loss": 5.0176, "lr": 0.002710092069032369, "gnorm": 1.634, "tok_per_s": 152589.0, "load": 4.29638671875}
{"event": "step", "step": 83800, "loss": 4.9594, "lr": 0.0027086270209829544, "gnorm": 1.028, "tok_per_s": 152461.6, "load": 4.25048828125}
{"event": "step", "step": 84000, "loss": 4.8898, "lr": 0.002707158728121336, "gnorm": 0.945, "tok_per_s": 152321.3, "load": 4.21142578125}
{"event": "step", "step": 84200, "loss": 5.0924, "lr": 0.0027056871949479983, "gnorm": 1.334, "tok_per_s": 124627.6, "load": 4.3740234375}
{"event": "step", "step": 84400, "loss": 5.2046, "lr": 0.0027042124259733574, "gnorm": 6.511, "tok_per_s": 152365.6, "load": 4.31591796875}
{"event": "step", "step": 84600, "loss": 4.9387, "lr": 0.002702734425717749, "gnorm": 2.894, "tok_per_s": 152484.7, "load": 4.26708984375}
{"event": "step", "step": 84800, "loss": 5.047, "lr": 0.002701253198711411, "gnorm": 0.657, "tok_per_s": 152363.0, "load": 4.30615234375}
{"event": "step", "step": 85000, "loss": 5.2849, "lr": 0.0026997687494944717, "gnorm": 6.055, "tok_per_s": 152311.7, "load": 4.2373046875}
eval 85000 {'bpb': 1.7162724658840212, 'nats_per_token': 5.174768138698944, 'tokens': 16379, 'bytes': 71247}
{"event": "step", "step": 85200, "loss": 5.0397, "lr": 0.0026982810826169388, "gnorm": 0.759, "tok_per_s": 151573.5, "load": 4.361328125}
{"event": "step", "step": 85400, "loss": 4.9267, "lr": 0.0026967902026386794, "gnorm": 2.13, "tok_per_s": 152128.5, "load": 4.61376953125}
{"event": "step", "step": 85600, "loss": 4.9447, "lr": 0.00269529611412941, "gnorm": 1.081, "tok_per_s": 152383.9, "load": 4.59326171875}
{"event": "step", "step": 85800, "loss": 4.8767, "lr": 0.002693798821668682, "gnorm": 1.61, "tok_per_s": 152199.8, "load": 4.58203125}
{"event": "step", "step": 86000, "loss": 4.9452, "lr": 0.0026922983298458677, "gnorm": 2.105, "tok_per_s": 152269.8, "load": 4.72021484375}
{"event": "step", "step": 86200, "loss": 5.0535, "lr": 0.0026907946432601438, "gnorm": 1.782, "tok_per_s": 125498.5, "load": 4.640625}
{"event": "step", "step": 86400, "loss": 5.1147, "lr": 0.0026892877665204823, "gnorm": 1.24, "tok_per_s": 152378.7, "load": 4.54150390625}
{"event": "step", "step": 86600, "loss": 5.2031, "lr": 0.0026877777042456303, "gnorm": 3.023, "tok_per_s": 152494.9, "load": 4.5322265625}
{"event": "step", "step": 86800, "loss": 4.9991, "lr": 0.0026862644610641012, "gnorm": 2.058, "tok_per_s": 152518.1, "load": 4.48193359375}
{"event": "step", "step": 87000, "loss": 5.0545, "lr": 0.0026847480416141573, "gnorm": 1.832, "tok_per_s": 152410.1, "load": 4.4072265625}
{"event": "step", "step": 87200, "loss": 5.0664, "lr": 0.0026832284505437965, "gnorm": 0.902, "tok_per_s": 152384.5, "load": 4.34423828125}
{"event": "step", "step": 87400, "loss": 5.0324, "lr": 0.0026817056925107384, "gnorm": 2.199, "tok_per_s": 152382.3, "load": 4.291015625}
{"event": "step", "step": 87600, "loss": 4.9386, "lr": 0.00268017977218241, "gnorm": 0.915, "tok_per_s": 152353.8, "load": 4.24609375}
{"event": "step", "step": 87800, "loss": 4.8991, "lr": 0.0026786506942359295, "gnorm": 6.599, "tok_per_s": 152461.1, "load": 4.3681640625}
{"event": "step", "step": 88000, "loss": 5.1468, "lr": 0.002677118463358095, "gnorm": 1.515, "tok_per_s": 152443.3, "load": 4.31103515625}
{"event": "step", "step": 88200, "loss": 4.8516, "lr": 0.00267558308424537, "gnorm": 0.767, "tok_per_s": 129483.1, "load": 4.6171875}
{"event": "step", "step": 88400, "loss": 4.8513, "lr": 0.0026740445616038637, "gnorm": 0.798, "tok_per_s": 152639.1, "load": 4.521484375}
{"event": "step", "step": 88600, "loss": 5.014, "lr": 0.002672502900149324, "gnorm": 1.605, "tok_per_s": 152578.9, "load": 4.44091796875}
{"event": "step", "step": 88800, "loss": 5.075, "lr": 0.0026709581046071187, "gnorm": 2.421, "tok_per_s": 152567.2, "load": 4.37255859375}
{"event": "step", "step": 89000, "loss": 4.8722, "lr": 0.002669410179712222, "gnorm": 1.775, "tok_per_s": 152560.9, "load": 4.2890625}
{"event": "step", "step": 89200, "loss": 4.9664, "lr": 0.002667859130209199, "gnorm": 3.329, "tok_per_s": 152603.1, "load": 4.244140625}
{"event": "step", "step": 89400, "loss": 4.9119, "lr": 0.002666304960852194, "gnorm": 1.438, "tok_per_s": 152637.4, "load": 4.2060546875}
{"event": "step", "step": 89600, "loss": 5.0433, "lr": 0.0026647476764049115, "gnorm": 2.361, "tok_per_s": 152689.4, "load": 4.173828125}
{"event": "step", "step": 89800, "loss": 4.8992, "lr": 0.0026631872816406063, "gnorm": 0.724, "tok_per_s": 152616.9, "load": 4.146484375}
{"event": "step", "step": 90000, "loss": 5.0127, "lr": 0.0026616237813420654, "gnorm": 2.675, "tok_per_s": 152574.1, "load": 4.123046875}
eval 90000 {'bpb': 1.675396916360329, 'nats_per_token': 5.051523435115087, 'tokens': 16379, 'bytes': 71247}
{"event": "step", "step": 90200, "loss": 5.0329, "lr": 0.002660057180301595, "gnorm": 3.126, "tok_per_s": 125357.6, "load": 4.09521484375}
{"event": "step", "step": 90400, "loss": 4.9432, "lr": 0.0026584874833210054, "gnorm": 2.313, "tok_per_s": 152383.0, "load": 4.24072265625}
{"event": "step", "step": 90600, "loss": 5.1063, "lr": 0.0026569146952115964, "gnorm": 2.859, "tok_per_s": 152006.5, "load": 13.33251953125}
{"event": "step", "step": 90800, "loss": 4.9771, "lr": 0.002655338820794143, "gnorm": 2.305, "tok_per_s": 152385.7, "load": 11.33203125}
{"event": "step", "step": 91000, "loss": 4.9603, "lr": 0.0026537598648988785, "gnorm": 2.153, "tok_per_s": 152355.0, "load": 10.2041015625}
{"event": "step", "step": 91200, "loss": 5.1494, "lr": 0.002652177832365483, "gnorm": 3.936, "tok_per_s": 152398.6, "load": 9.25}
{"event": "step", "step": 91400, "loss": 5.1353, "lr": 0.0026505927280430657, "gnorm": 1.297, "tok_per_s": 152450.4, "load": 8.4423828125}
{"event": "step", "step": 91600, "loss": 5.0283, "lr": 0.0026490045567901517, "gnorm": 2.075, "tok_per_s": 152431.4, "load": 7.7587890625}
{"event": "step", "step": 91800, "loss": 4.9226, "lr": 0.0026474133234746663, "gnorm": 0.899, "tok_per_s": 152431.7, "load": 7.18017578125}
{"event": "step", "step": 92000, "loss": 5.0074, "lr": 0.0026458190329739215, "gnorm": 1.024, "tok_per_s": 152291.9, "load": 6.69091796875}
{"event": "step", "step": 92200, "loss": 4.9208, "lr": 0.002644221690174598, "gnorm": 2.407, "tok_per_s": 125894.7, "load": 6.09423828125}
{"event": "step", "step": 92400, "loss": 4.9725, "lr": 0.002642621299972734, "gnorm": 3.263, "tok_per_s": 152221.3, "load": 5.77197265625}
{"event": "step", "step": 92600, "loss": 5.1731, "lr": 0.0026410178672737063, "gnorm": 2.1, "tok_per_s": 152288.8, "load": 5.4990234375}
{"event": "step", "step": 92800, "loss": 4.9779, "lr": 0.002639411396992219, "gnorm": 1.711, "tok_per_s": 152298.4, "load": 5.16650390625}
{"event": "step", "step": 93000, "loss": 5.2539, "lr": 0.0026378018940522866, "gnorm": 4.437, "tok_per_s": 152294.8, "load": 5.06005859375}
{"event": "step", "step": 93200, "loss": 4.8443, "lr": 0.0026361893633872185, "gnorm": 3.244, "tok_per_s": 152357.5, "load": 4.89697265625}
{"event": "step", "step": 93400, "loss": 5.0832, "lr": 0.002634573809939604, "gnorm": 1.486, "tok_per_s": 152380.5, "load": 4.9189453125}
{"event": "step", "step": 93600, "loss": 5.3574, "lr": 0.0026329552386612984, "gnorm": 2.123, "tok_per_s": 152381.9, "load": 4.77734375}
{"event": "step", "step": 93800, "loss": 5.0577, "lr": 0.002631333654513407, "gnorm": 1.447, "tok_per_s": 152161.3, "load": 4.89208984375}
{"event": "step", "step": 94000, "loss": 5.0897, "lr": 0.002629709062466269, "gnorm": 1.637, "tok_per_s": 152263.2, "load": 4.8427734375}
{"event": "step", "step": 94200, "loss": 5.1104, "lr": 0.0026280814674994454, "gnorm": 1.622, "tok_per_s": 125189.0, "load": 4.71240234375}
{"event": "step", "step": 94400, "loss": 5.1649, "lr": 0.0026264508746016977, "gnorm": 5.911, "tok_per_s": 152368.8, "load": 4.6025390625}
{"event": "step", "step": 94600, "loss": 4.8952, "lr": 0.0026248172887709796, "gnorm": 2.892, "tok_per_s": 152360.4, "load": 4.509765625}
{"event": "step", "step": 94800, "loss": 5.0249, "lr": 0.0026231807150144176, "gnorm": 3.132, "tok_per_s": 152264.6, "load": 4.62451171875}
{"event": "step", "step": 95000, "loss": 4.9434, "lr": 0.0026215411583482965, "gnorm": 1.492, "tok_per_s": 152393.5, "load": 4.52783203125}
eval 95000 {'bpb': 1.6696080960543283, 'nats_per_token': 5.034069444868429, 'tokens': 16379, 'bytes': 71247}
{"event": "step", "step": 95200, "loss": 4.886, "lr": 0.002619898623798043, "gnorm": 1.442, "tok_per_s": 151535.5, "load": 4.4462890625}
{"event": "step", "step": 95400, "loss": 5.1301, "lr": 0.0026182531163982128, "gnorm": 2.693, "tok_per_s": 152308.0, "load": 4.376953125}
{"event": "step", "step": 95600, "loss": 4.996, "lr": 0.0026166046411924735, "gnorm": 1.366, "tok_per_s": 152246.6, "load": 4.3994140625}
{"event": "step", "step": 95800, "loss": 5.1622, "lr": 0.002614953203233589, "gnorm": 3.251, "tok_per_s": 152315.8, "load": 4.41796875}
{"event": "step", "step": 96000, "loss": 5.0623, "lr": 0.002613298807583404, "gnorm": 1.738, "tok_per_s": 152286.6, "load": 4.3984375}
{"event": "step", "step": 96200, "loss": 5.1653, "lr": 0.0026116414593128296, "gnorm": 4.07, "tok_per_s": 125818.4, "load": 4.4169921875}
{"event": "step", "step": 96400, "loss": 5.0096, "lr": 0.0026099811635018266, "gnorm": 1.295, "tok_per_s": 152265.5, "load": 4.42626953125}
{"event": "step", "step": 96600, "loss": 4.9427, "lr": 0.0026083179252393905, "gnorm": 2.879, "tok_per_s": 152182.2, "load": 4.65185546875}
{"event": "step", "step": 96800, "loss": 5.0726, "lr": 0.002606651749623536, "gnorm": 1.1, "tok_per_s": 152143.2, "load": 5.32080078125}
{"event": "step", "step": 97000, "loss": 5.016, "lr": 0.0026049826417612804, "gnorm": 1.752, "tok_per_s": 152297.7, "load": 5.1171875}
{"event": "step", "step": 97200, "loss": 5.0404, "lr": 0.0026033106067686303, "gnorm": 2.055, "tok_per_s": 152283.3, "load": 4.94482421875}
{"event": "step", "step": 97400, "loss": 5.1824, "lr": 0.002601635649770561, "gnorm": 1.176, "tok_per_s": 152213.2, "load": 4.79931640625}
{"event": "step", "step": 97600, "loss": 4.9551, "lr": 0.002599957775901007, "gnorm": 1.825, "tok_per_s": 152239.5, "load": 4.67578125}
{"event": "step", "step": 97800, "loss": 5.0014, "lr": 0.0025982769903028437, "gnorm": 0.902, "tok_per_s": 152305.3, "load": 4.60009765625}
{"event": "step", "step": 98000, "loss": 5.0795, "lr": 0.0025965932981278687, "gnorm": 0.702, "tok_per_s": 152287.6, "load": 4.50732421875}
{"event": "step", "step": 98200, "loss": 4.9803, "lr": 0.0025949067045367906, "gnorm": 1.239, "tok_per_s": 125374.9, "load": 4.4287109375}
{"event": "step", "step": 98400, "loss": 5.1204, "lr": 0.0025932172146992108, "gnorm": 1.905, "tok_per_s": 152286.2, "load": 4.44287109375}
{"event": "step", "step": 98600, "loss": 5.0968, "lr": 0.0025915248337936066, "gnorm": 6.21, "tok_per_s": 152322.9, "load": 4.34423828125}
{"event": "step", "step": 98800, "loss": 5.0357, "lr": 0.0025898295670073192, "gnorm": 0.643, "tok_per_s": 152460.6, "load": 4.291015625}
{"event": "step", "step": 99000, "loss": 5.0881, "lr": 0.0025881314195365336, "gnorm": 0.95, "tok_per_s": 152395.4, "load": 4.32666015625}
{"event": "step", "step": 99200, "loss": 4.9037, "lr": 0.0025864303965862645, "gnorm": 1.344, "tok_per_s": 152342.9, "load": 4.27587890625}
{"event": "step", "step": 99400, "loss": 5.0127, "lr": 0.002584726503370342, "gnorm": 1.299, "tok_per_s": 152317.9, "load": 4.23291015625}
{"event": "step", "step": 99600, "loss": 5.0234, "lr": 0.002583019745111391, "gnorm": 3.986, "tok_per_s": 152331.4, "load": 4.1962890625}
{"event": "step", "step": 99800, "loss": 5.1634, "lr": 0.0025813101270408204, "gnorm": 1.209, "tok_per_s": 152278.2, "load": 4.15185546875}
{"event": "step", "step": 100000, "loss": 5.1794, "lr": 0.0025795976543988037, "gnorm": 3.608, "tok_per_s": 152268.2, "load": 4.12841796875}
eval 100000 {'bpb': 1.694351753319389, 'nats_per_token': 5.1086745508730695, 'tokens': 16379, 'bytes': 71247}
{"event": "step", "step": 100200, "loss": 5.167, "lr": 0.0025778823324342647, "gnorm": 0.974, "tok_per_s": 125047.5, "load": 4.1884765625}
{"event": "step", "step": 100400, "loss": 4.8437, "lr": 0.00257616416640486, "gnorm": 2.004, "tok_per_s": 152181.8, "load": 4.37451171875}
{"event": "step", "step": 100600, "loss": 4.907, "lr": 0.0025744431615769645, "gnorm": 0.902, "tok_per_s": 152467.0, "load": 4.31640625}
{"event": "step", "step": 100800, "loss": 4.9006, "lr": 0.0025727193232256526, "gnorm": 1.604, "tok_per_s": 152843.9, "load": 4.267578125}
{"event": "step", "step": 101000, "loss": 4.9426, "lr": 0.0025709926566346857, "gnorm": 1.334, "tok_per_s": 153033.7, "load": 4.22607421875}
{"event": "step", "step": 101200, "loss": 4.9436, "lr": 0.002569263167096493, "gnorm": 0.911, "tok_per_s": 152966.0, "load": 4.33837890625}
{"event": "step", "step": 101400, "loss": 5.136, "lr": 0.002567530859912156, "gnorm": 2.546, "tok_per_s": 153014.9, "load": 4.3662109375}
{"event": "step", "step": 101600, "loss": 5.0443, "lr": 0.002565795740391394, "gnorm": 3.072, "tok_per_s": 153041.0, "load": 4.30908203125}
{"event": "step", "step": 101800, "loss": 4.9835, "lr": 0.002564057813852546, "gnorm": 3.531, "tok_per_s": 152839.4, "load": 4.32080078125}
{"event": "step", "step": 102000, "loss": 5.0766, "lr": 0.002562317085622554, "gnorm": 0.845, "tok_per_s": 152472.8, "load": 4.27099609375}
{"event": "step", "step": 102200, "loss": 4.9269, "lr": 0.0025605735610369474, "gnorm": 1.43, "tok_per_s": 125746.7, "load": 4.22900390625}
{"event": "step", "step": 102400, "loss": 5.0459, "lr": 0.002558827245439828, "gnorm": 1.418, "tok_per_s": 152325.3, "load": 4.177734375}
{"event": "step", "step": 102600, "loss": 4.9976, "lr": 0.0025570781441838514, "gnorm": 1.487, "tok_per_s": 152319.1, "load": 4.14990234375}
{"event": "step", "step": 102800, "loss": 4.9441, "lr": 0.0025553262626302124, "gnorm": 1.902, "tok_per_s": 152412.5, "load": 4.12646484375}
{"event": "step", "step": 103000, "loss": 4.9486, "lr": 0.0025535716061486262, "gnorm": 0.799, "tok_per_s": 152413.5, "load": 4.1064453125}
{"event": "step", "step": 103200, "loss": 5.1283, "lr": 0.002551814180117315, "gnorm": 1.291, "tok_per_s": 152390.0, "load": 4.08935546875}
{"event": "step", "step": 103400, "loss": 4.994, "lr": 0.0025500539899229895, "gnorm": 3.489, "tok_per_s": 152151.3, "load": 4.23583984375}
{"event": "step", "step": 103600, "loss": 4.95, "lr": 0.0025482910409608335, "gnorm": 1.317, "tok_per_s": 152141.3, "load": 4.46044921875}
{"event": "step", "step": 103800, "loss": 5.0557, "lr": 0.0025465253386344846, "gnorm": 1.902, "tok_per_s": 152397.0, "load": 4.38916015625}
{"event": "step", "step": 104000, "loss": 5.0866, "lr": 0.002544756888356022, "gnorm": 1.458, "tok_per_s": 152302.5, "load": 4.3291015625}
{"event": "step", "step": 104200, "loss": 4.9076, "lr": 0.002542985695545947, "gnorm": 3.889, "tok_per_s": 125864.4, "load": 4.5869140625}
{"event": "step", "step": 104400, "loss": 4.938, "lr": 0.002541211765633167, "gnorm": 1.853, "tok_per_s": 152276.8, "load": 4.5244140625}
{"event": "step", "step": 104600, "loss": 4.9495, "lr": 0.0025394351040549782, "gnorm": 2.731, "tok_per_s": 152340.3, "load": 4.44287109375}
{"event": "step", "step": 104800, "loss": 4.7991, "lr": 0.0025376557162570513, "gnorm": 1.37, "tok_per_s": 152253.7, "load": 4.44873046875}
{"event": "step", "step": 105000, "loss": 4.8401, "lr": 0.0025358736076934118, "gnorm": 1.689, "tok_per_s": 152430.5, "load": 4.37939453125}
eval 105000 {'bpb': 1.669062712218708, 'nats_per_token': 5.0324250469351, 'tokens': 16379, 'bytes': 71247}
{"event": "step", "step": 105200, "loss": 4.8334, "lr": 0.002534088783826425, "gnorm": 3.399, "tok_per_s": 151611.7, "load": 4.3203125}
{"event": "step", "step": 105400, "loss": 5.0886, "lr": 0.0025323012501267794, "gnorm": 2.69, "tok_per_s": 152373.6, "load": 4.2705078125}
{"event": "step", "step": 105600, "loss": 4.9797, "lr": 0.0025305110120734686, "gnorm": 1.045, "tok_per_s": 152338.9, "load": 4.42626953125}
{"event": "step", "step": 105800, "loss": 5.0932, "lr": 0.002528718075153776, "gnorm": 1.054, "tok_per_s": 152256.3, "load": 4.3603515625}
{"event": "step", "step": 106000, "loss": 4.9928, "lr": 0.0025269224448632574, "gnorm": 1.541, "tok_per_s": 152278.3, "load": 4.30419921875}
{"event": "step", "step": 106200, "loss": 5.136, "lr": 0.0025251241267057237, "gnorm": 1.513, "tok_per_s": 126212.8, "load": 4.3310546875}
{"event": "step", "step": 106400, "loss": 4.9061, "lr": 0.002523323126193224, "gnorm": 2.913, "tok_per_s": 152325.7, "load": 4.49169921875}
{"event": "step", "step": 106600, "loss": 4.8766, "lr": 0.002521519448846031, "gnorm": 4.008, "tok_per_s": 152283.7, "load": 4.41552734375}
{"event": "step", "step": 106800, "loss": 4.9627, "lr": 0.002519713100192619, "gnorm": 1.031, "tok_per_s": 152350.6, "load": 4.35107421875}
{"event": "step", "step": 107000, "loss": 5.0728, "lr": 0.002517904085769654, "gnorm": 1.242, "tok_per_s": 152383.7, "load": 4.296875}
{"event": "step", "step": 107200, "loss": 5.0334, "lr": 0.0025160924111219695, "gnorm": 2.313, "tok_per_s": 152398.2, "load": 4.2509765625}
{"event": "step", "step": 107400, "loss": 5.0479, "lr": 0.0025142780818025547, "gnorm": 3.846, "tok_per_s": 152399.8, "load": 4.2119140625}
{"event": "step", "step": 107600, "loss": 4.9305, "lr": 0.0025124611033725363, "gnorm": 3.093, "tok_per_s": 152084.6, "load": 4.53466796875}
{"event": "step", "step": 107800, "loss": 5.0444, "lr": 0.002510641481401158, "gnorm": 1.713, "tok_per_s": 152343.1, "load": 4.4521484375}
{"event": "step", "step": 108000, "loss": 5.0988, "lr": 0.002508819221465769, "gnorm": 2.328, "tok_per_s": 152336.7, "load": 4.3818359375}
{"event": "step", "step": 108200, "loss": 4.9688, "lr": 0.0025069943291518033, "gnorm": 1.621, "tok_per_s": 125979.5, "load": 4.43896484375}
{"event": "step", "step": 108400, "loss": 5.1557, "lr": 0.002505166810052764, "gnorm": 0.944, "tok_per_s": 152320.7, "load": 4.37109375}
{"event": "step", "step": 108600, "loss": 5.3955, "lr": 0.0025033366697702034, "gnorm": 1.155, "tok_per_s": 152172.3, "load": 4.31396484375}
{"event": "step", "step": 108800, "loss": 5.0195, "lr": 0.0025015039139137107, "gnorm": 0.759, "tok_per_s": 152292.7, "load": 4.26513671875}
{"event": "step", "step": 109000, "loss": 4.9989, "lr": 0.0024996685481008907, "gnorm": 1.956, "tok_per_s": 152259.9, "load": 4.2978515625}
{"event": "step", "step": 109200, "loss": 4.9303, "lr": 0.0024978305779573486, "gnorm": 1.606, "tok_per_s": 152393.5, "load": 4.251953125}
{"event": "step", "step": 109400, "loss": 5.0947, "lr": 0.0024959900091166714, "gnorm": 1.224, "tok_per_s": 152381.2, "load": 4.19580078125}
{"event": "step", "step": 109600, "loss": 4.7665, "lr": 0.002494146847220412, "gnorm": 1.619, "tok_per_s": 152324.7, "load": 4.1650390625}
{"event": "step", "step": 109800, "loss": 5.1643, "lr": 0.002492301097918072, "gnorm": 1.662, "tok_per_s": 152334.5, "load": 4.2998046875}
{"event": "step", "step": 110000, "loss": 5.0858, "lr": 0.0024904527668670818, "gnorm": 0.856, "tok_per_s": 152344.6, "load": 4.33349609375}
eval 110000 {'bpb': 1.6727017156620074, 'nats_per_token': 5.043397080484157, 'tokens': 16379, 'bytes': 71247}
{"event": "step", "step": 110200, "loss": 5.0114, "lr": 0.0024886018597327867, "gnorm": 0.995, "tok_per_s": 124522.7, "load": 4.77734375}
{"event": "step", "step": 110400, "loss": 4.9847, "lr": 0.0024867483821884276, "gnorm": 0.664, "tok_per_s": 152385.5, "load": 4.7314453125}
{"event": "step", "step": 110600, "loss": 5.0376, "lr": 0.002484892339915124, "gnorm": 3.078, "tok_per_s": 152393.8, "load": 4.853515625}
{"event": "step", "step": 110800, "loss": 5.1119, "lr": 0.0024830337386018567, "gnorm": 2.465, "tok_per_s": 152307.0, "load": 4.86962890625}
{"event": "step", "step": 111000, "loss": 5.1352, "lr": 0.0024811725839454495, "gnorm": 1.305, "tok_per_s": 152287.7, "load": 4.8095703125}
{"event": "step", "step": 111200, "loss": 4.911, "lr": 0.0024793088816505537, "gnorm": 2.61, "tok_per_s": 152138.9, "load": 4.7587890625}
{"event": "step", "step": 111400, "loss": 4.963, "lr": 0.0024774426374296285, "gnorm": 1.483, "tok_per_s": 152253.0, "load": 4.58984375}
{"event": "step", "step": 111600, "loss": 5.3712, "lr": 0.0024755738570029244, "gnorm": 4.903, "tok_per_s": 152222.9, "load": 4.4990234375}
{"event": "step", "step": 111800, "loss": 4.9738, "lr": 0.0024737025460984663, "gnorm": 1.746, "tok_per_s": 152175.8, "load": 4.421875}
{"event": "step", "step": 112000, "loss": 4.8326, "lr": 0.0024718287104520346, "gnorm": 1.357, "tok_per_s": 152196.8, "load": 4.43701171875}
{"event": "step", "step": 112200, "loss": 4.8506, "lr": 0.0024699523558071495, "gnorm": 1.087, "tok_per_s": 126029.9, "load": 4.33984375}
{"event": "step", "step": 112400, "loss": 5.0384, "lr": 0.00246807348791505, "gnorm": 2.235, "tok_per_s": 152263.5, "load": 4.287109375}
{"event": "step", "step": 112600, "loss": 4.9129, "lr": 0.0024661921125346807, "gnorm": 2.092, "tok_per_s": 152267.0, "load": 4.2421875}
{"event": "step", "step": 112800, "loss": 5.0873, "lr": 0.002464308235432671, "gnorm": 1.107, "tok_per_s": 152309.4, "load": 4.20458984375}
{"event": "step", "step": 113000, "loss": 5.1148, "lr": 0.002462421862383318, "gnorm": 0.942, "tok_per_s": 152282.6, "load": 4.1728515625}
{"event": "step", "step": 113200, "loss": 4.8933, "lr": 0.002460532999168571, "gnorm": 2.523, "tok_per_s": 152126.6, "load": 4.44775390625}
{"event": "step", "step": 113400, "loss": 4.9352, "lr": 0.002458641651578009, "gnorm": 1.093, "tok_per_s": 152347.7, "load": 4.34765625}
{"event": "step", "step": 113600, "loss": 4.9256, "lr": 0.0024567478254088277, "gnorm": 3.697, "tok_per_s": 152021.7, "load": 4.52197265625}
{"event": "step", "step": 113800, "loss": 4.8871, "lr": 0.0024548515264658202, "gnorm": 0.944, "tok_per_s": 152346.2, "load": 4.44140625}
{"event": "step", "step": 114000, "loss": 5.1396, "lr": 0.0024529527605613587, "gnorm": 3.949, "tok_per_s": 152282.4, "load": 4.373046875}
{"event": "step", "step": 114200, "loss": 5.031, "lr": 0.002451051533515375, "gnorm": 1.328, "tok_per_s": 126390.7, "load": 4.35791015625}
{"event": "step", "step": 114400, "loss": 5.24, "lr": 0.002449147851155348, "gnorm": 2.16, "tok_per_s": 152371.5, "load": 4.302734375}
{"event": "step", "step": 114600, "loss": 4.9024, "lr": 0.0024472417193162795, "gnorm": 0.926, "tok_per_s": 152374.8, "load": 4.255859375}
{"event": "step", "step": 114800, "loss": 4.9632, "lr": 0.0024453331438406816, "gnorm": 0.875, "tok_per_s": 152379.5, "load": 4.21630859375}
{"event": "step", "step": 115000, "loss": 4.9976, "lr": 0.0024434221305785534, "gnorm": 1.317, "tok_per_s": 152459.8, "load": 4.1826171875}
eval 115000 {'bpb': 1.673513423989946, 'nats_per_token': 5.045844478829599, 'tokens': 16379, 'bytes': 71247}
{"event": "step", "step": 115200, "loss": 4.8138, "lr": 0.002441508685387369, "gnorm": 1.153, "tok_per_s": 151633.7, "load": 4.2099609375}
{"event": "step", "step": 115400, "loss": 4.9901, "lr": 0.0024395928141320556, "gnorm": 1.833, "tok_per_s": 152390.6, "load": 4.17724609375}
{"event": "step", "step": 115600, "loss": 4.947, "lr": 0.002437674522684976, "gnorm": 1.214, "tok_per_s": 152373.9, "load": 4.1494140625}
{"event": "step", "step": 115800, "loss": 4.932, "lr": 0.0024357538169259116, "gnorm": 2.024, "tok_per_s": 152341.0, "load": 4.20654296875}
{"event": "step", "step": 116000, "loss": 5.0502, "lr": 0.0024338307027420444, "gnorm": 5.452, "tok_per_s": 152373.6, "load": 4.17431640625}
{"event": "step", "step": 116200, "loss": 5.1233, "lr": 0.0024319051860279377, "gnorm": 1.297, "tok_per_s": 125965.9, "load": 4.21533203125}
{"event": "step", "step": 116400, "loss": 5.1604, "lr": 0.0024299772726855194, "gnorm": 1.378, "tok_per_s": 152555.5, "load": 4.181640625}
{"event": "step", "step": 116600, "loss": 5.1067, "lr": 0.002428046968624063, "gnorm": 2.642, "tok_per_s": 152335.5, "load": 4.1533203125}
{"event": "step", "step": 116800, "loss": 5.0879, "lr": 0.0024261142797601695, "gnorm": 2.298, "tok_per_s": 152409.3, "load": 4.12890625}
{"event": "step", "step": 117000, "loss": 5.0358, "lr": 0.0024241792120177513, "gnorm": 1.217, "tok_per_s": 152372.1, "load": 4.1826171875}
{"event": "step", "step": 117200, "loss": 5.1357, "lr": 0.0024222417713280105, "gnorm": 1.556, "tok_per_s": 152372.7, "load": 4.1416015625}
{"event": "step", "step": 117400, "loss": 5.0167, "lr": 0.0024203019636294225, "gnorm": 1.287, "tok_per_s": 152344.5, "load": 4.119140625}
{"event": "step", "step": 117600, "loss": 5.018, "lr": 0.0024183597948677187, "gnorm": 1.858, "tok_per_s": 152567.6, "load": 4.1005859375}
{"event": "step", "step": 117800, "loss": 4.9682, "lr": 0.002416415270995868, "gnorm": 1.275, "tok_per_s": 152603.7, "load": 4.08447265625}
{"event": "step", "step": 118000, "loss": 4.9887, "lr": 0.002414468397974056, "gnorm": 1.111, "tok_per_s": 152447.4, "load": 4.23193359375}
{"event": "step", "step": 118200, "loss": 5.0954, "lr": 0.002412519181769671, "gnorm": 3.818, "tok_per_s": 126216.7, "load": 4.39599609375}
{"event": "step", "step": 118400, "loss": 4.9581, "lr": 0.002410567628357282, "gnorm": 2.399, "tok_per_s": 152136.9, "load": 14.90576171875}
{"event": "step", "step": 118600, "loss": 4.9125, "lr": 0.0024086137437186223, "gnorm": 1.245, "tok_per_s": 152375.0, "load": 13.30224609375}
{"event": "step", "step": 118800, "loss": 4.8482, "lr": 0.0024066575338425695, "gnorm": 1.885, "tok_per_s": 152456.8, "load": 11.87158203125}
{"event": "step", "step": 119000, "loss": 5.1485, "lr": 0.002404699004725131, "gnorm": 1.239, "tok_per_s": 152437.8, "load": 10.6611328125}
{"event": "step", "step": 119200, "loss": 5.0272, "lr": 0.0024027381623694197, "gnorm": 1.634, "tok_per_s": 152340.5, "load": 9.18505859375}
{"event": "step", "step": 119400, "loss": 5.0157, "lr": 0.002400775012785641, "gnorm": 1.682, "tok_per_s": 152386.9, "load": 8.38720703125}
{"event": "step", "step": 119600, "loss": 5.0304, "lr": 0.0023988095619910717, "gnorm": 2.262, "tok_per_s": 152390.3, "load": 7.71240234375}
{"event": "step", "step": 119800, "loss": 5.0432, "lr": 0.0023968418160100423, "gnorm": 0.959, "tok_per_s": 152277.1, "load": 7.14111328125}
{"event": "step", "step": 120000, "loss": 5.033, "lr": 0.0023948717808739174, "gnorm": 3.028, "tok_per_s": 152123.5, "load": 6.884765625}
eval 120000 {'bpb': 1.7051311323405158, 'nats_per_token': 5.141175676552293, 'tokens': 16379, 'bytes': 71247}
{"event": "step", "step": 120200, "loss": 4.9173, "lr": 0.0023928994626210786, "gnorm": 1.339, "tok_per_s": 125352.1, "load": 6.38037109375}
{"event": "step", "step": 120400, "loss": 4.9881, "lr": 0.0023909248672969066, "gnorm": 1.134, "tok_per_s": 152382.3, "load": 6.09375}
{"event": "step", "step": 120600, "loss": 4.9686, "lr": 0.0023889480009537593, "gnorm": 1.848, "tok_per_s": 152315.1, "load": 5.771484375}
{"event": "step", "step": 120800, "loss": 4.9096, "lr": 0.002386968869650958, "gnorm": 1.273, "tok_per_s": 152363.2, "load": 5.57861328125}
{"event": "step", "step": 121000, "loss": 5.0036, "lr": 0.0023849874794547657, "gnorm": 1.334, "tok_per_s": 152598.7, "load": 5.22802734375}
{"event": "step", "step": 121200, "loss": 4.9744, "lr": 0.0023830038364383663, "gnorm": 1.558, "tok_per_s": 152426.9, "load": 5.03857421875}
{"event": "step", "step": 121400, "loss": 4.9709, "lr": 0.002381017946681853, "gnorm": 3.751, "tok_per_s": 152520.8, "load": 4.87841796875}
{"event": "step", "step": 121600, "loss": 5.0296, "lr": 0.002379029816272204, "gnorm": 1.256, "tok_per_s": 152448.9, "load": 4.8232421875}
{"event": "step", "step": 121800, "loss": 4.9454, "lr": 0.002377039451303264, "gnorm": 1.206, "tok_per_s": 152447.0, "load": 4.69580078125}
{"event": "step", "step": 122000, "loss": 5.0693, "lr": 0.0023750468578757284, "gnorm": 1.059, "tok_per_s": 152510.0, "load": 4.58837890625}
{"event": "step", "step": 122200, "loss": 5.1106, "lr": 0.0023730520420971227, "gnorm": 4.644, "tok_per_s": 126998.3, "load": 4.52587890625}
{"event": "step", "step": 122400, "loss": 4.8545, "lr": 0.0023710550100817843, "gnorm": 2.395, "tok_per_s": 152522.3, "load": 4.4443359375}
{"event": "step", "step": 122600, "loss": 5.0546, "lr": 0.0023690557679508437, "gnorm": 1.987, "tok_per_s": 152338.3, "load": 4.37548828125}
{"event": "step", "step": 122800, "loss": 4.9826, "lr": 0.002367054321832204, "gnorm": 1.123, "tok_per_s": 151984.7, "load": 4.47802734375}
{"event": "step", "step": 123000, "loss": 4.9198, "lr": 0.0023650506778605264, "gnorm": 1.336, "tok_per_s": 152199.3, "load": 4.72314453125}
{"event": "step", "step": 123200, "loss": 5.1897, "lr": 0.0023630448421772072, "gnorm": 5.79, "tok_per_s": 151863.7, "load": 4.75927734375}
{"event": "step", "step": 123400, "loss": 4.9713, "lr": 0.002361036820930361, "gnorm": 1.887, "tok_per_s": 152348.2, "load": 4.64208984375}
{"event": "step", "step": 123600, "loss": 5.0337, "lr": 0.0023590266202748013, "gnorm": 1.385, "tok_per_s": 152273.0, "load": 4.54296875}
{"event": "step", "step": 123800, "loss": 4.9319, "lr": 0.0023570142463720215, "gnorm": 2.502, "tok_per_s": 152213.4, "load": 4.458984375}
{"event": "step", "step": 124000, "loss": 5.0962, "lr": 0.002354999705390176, "gnorm": 3.827, "tok_per_s": 152206.7, "load": 4.53564453125}
{"event": "step", "step": 124200, "loss": 5.15, "lr": 0.002352983003504063, "gnorm": 1.373, "tok_per_s": 126047.8, "load": 4.41650390625}
{"event": "step", "step": 124400, "loss": 4.9481, "lr": 0.002350964146895102, "gnorm": 0.934, "tok_per_s": 152144.3, "load": 4.35205078125}
{"event": "step", "step": 124600, "loss": 5.0021, "lr": 0.002348943141751319, "gnorm": 1.728, "tok_per_s": 152157.4, "load": 4.29736328125}
{"event": "step", "step": 124800, "loss": 5.1, "lr": 0.002346919994267325, "gnorm": 3.189, "tok_per_s": 152053.9, "load": 4.25146484375}
{"event": "step", "step": 125000, "loss": 5.004, "lr": 0.0023448947106442953, "gnorm": 1.328, "tok_per_s": 152131.3, "load": 4.1953125}
eval 125000 {'bpb': 1.6735299555666892, 'nats_per_token': 5.045894323524025, 'tokens': 16379, 'bytes': 71247}
{"event": "step", "step": 125200, "loss": 5.3479, "lr": 0.0023428672970899557, "gnorm": 1.832, "tok_per_s": 151307.4, "load": 4.16455078125}
{"event": "step", "step": 125400, "loss": 5.0574, "lr": 0.0023408377598185598, "gnorm": 0.985, "tok_per_s": 152074.5, "load": 4.13916015625}
{"event": "step", "step": 125600, "loss": 4.9704, "lr": 0.0023388061050508696, "gnorm": 1.026, "tok_per_s": 152331.8, "load": 4.1982421875}
{"event": "step", "step": 125800, "loss": 4.9761, "lr": 0.0023367723390141375, "gnorm": 2.395, "tok_per_s": 152320.6, "load": 4.16748046875}
{"event": "step", "step": 126000, "loss": 5.0609, "lr": 0.002334736467942088, "gnorm": 1.056, "tok_per_s": 152273.5, "load": 4.14111328125}
{"event": "step", "step": 126200, "loss": 5.1826, "lr": 0.002332698498074898, "gnorm": 3.941, "tok_per_s": 126425.5, "load": 4.10888671875}
{"event": "step", "step": 126400, "loss": 5.0386, "lr": 0.0023306584356591765, "gnorm": 1.19, "tok_per_s": 152788.6, "load": 4.091796875}
{"event": "step", "step": 126600, "loss": 4.8316, "lr": 0.002328616286947946, "gnorm": 1.281, "tok_per_s": 152782.0, "load": 4.0771484375}
{"event": "step", "step": 126800, "loss": 4.9598, "lr": 0.002326572058200625, "gnorm": 2.951, "tok_per_s": 152723.2, "load": 4.0595703125}
{"event": "step", "step": 127000, "loss": 5.011, "lr": 0.002324525755683009, "gnorm": 2.088, "tok_per_s": 152624.7, "load": 4.05029296875}
{"event": "step", "step": 127200, "loss": 5.0329, "lr": 0.002322477385667245, "gnorm": 3.116, "tok_per_s": 152742.5, "load": 4.0419921875}
{"event": "step", "step": 127400, "loss": 4.9536, "lr": 0.0023204269544318218, "gnorm": 2.837, "tok_per_s": 152868.4, "load": 4.19580078125}
{"event": "step", "step": 127600, "loss": 4.9185, "lr": 0.002318374468261544, "gnorm": 5.106, "tok_per_s": 152789.6, "load": 4.1650390625}
{"event": "step", "step": 127800, "loss": 4.9517, "lr": 0.0023163199334475144, "gnorm": 5.293, "tok_per_s": 152774.0, "load": 4.2197265625}
{"event": "step", "step": 128000, "loss": 4.8879, "lr": 0.0023142633562871166, "gnorm": 0.903, "tok_per_s": 152802.5, "load": 4.265625}
{"event": "step", "step": 128200, "loss": 4.8678, "lr": 0.002312204743083993, "gnorm": 2.182, "tok_per_s": 130502.2, "load": 4.2060546875}
{"event": "step", "step": 128400, "loss": 4.9105, "lr": 0.002310144100148028, "gnorm": 0.769, "tok_per_s": 152738.6, "load": 4.173828125}
{"event": "step", "step": 128600, "loss": 4.911, "lr": 0.0023080814337953256, "gnorm": 0.698, "tok_per_s": 152680.7, "load": 4.220703125}
{"event": "step", "step": 128800, "loss": 4.9023, "lr": 0.0023060167503481926, "gnorm": 1.814, "tok_per_s": 152803.4, "load": 4.18603515625}
{"event": "step", "step": 129000, "loss": 4.8461, "lr": 0.0023039500561351195, "gnorm": 5.816, "tok_per_s": 152718.1, "load": 4.34765625}
{"event": "step", "step": 129200, "loss": 5.1252, "lr": 0.0023018813574907588, "gnorm": 1.517, "tok_per_s": 152637.8, "load": 4.3740234375}
{"event": "step", "step": 129400, "loss": 5.1155, "lr": 0.002299810660755907, "gnorm": 2.673, "tok_per_s": 152749.2, "load": 4.6181640625}
{"event": "step", "step": 129600, "loss": 5.1581, "lr": 0.002297737972277484, "gnorm": 1.916, "tok_per_s": 152596.3, "load": 4.60302734375}
{"event": "step", "step": 129800, "loss": 5.0729, "lr": 0.0022956632984085174, "gnorm": 3.622, "tok_per_s": 152012.2, "load": 4.818359375}
{"event": "step", "step": 130000, "loss": 4.9044, "lr": 0.0022935866455081177, "gnorm": 1.812, "tok_per_s": 152153.8, "load": 4.7724609375}
eval 130000 {'bpb': 1.6762622534396165, 'nats_per_token': 5.054132530603211, 'tokens': 16379, 'bytes': 71247}
{"event": "step", "step": 130200, "loss": 4.9419, "lr": 0.0022915080199414624, "gnorm": 4.332, "tok_per_s": 124608.7, "load": 4.6005859375}
{"event": "step", "step": 130400, "loss": 4.9297, "lr": 0.002289427428079775, "gnorm": 1.646, "tok_per_s": 152272.5, "load": 4.5078125}
{"event": "step", "step": 130600, "loss": 5.2247, "lr": 0.002287344876300306, "gnorm": 2.159, "tok_per_s": 152163.8, "load": 4.42919921875}
{"event": "step", "step": 130800, "loss": 4.873, "lr": 0.002285260370986314, "gnorm": 0.849, "tok_per_s": 152214.8, "load": 4.33349609375}
{"event": "step", "step": 131000, "loss": 5.0235, "lr": 0.0022831739185270442, "gnorm": 1.305, "tok_per_s": 152121.9, "load": 4.35595703125}
{"event": "step", "step": 131200, "loss": 5.052, "lr": 0.002281085525317712, "gnorm": 1.933, "tok_per_s": 152399.5, "load": 4.375}
{"event": "step", "step": 131400, "loss": 4.9889, "lr": 0.002278995197759478, "gnorm": 2.33, "tok_per_s": 152380.8, "load": 4.39111328125}
{"event": "step", "step": 131600, "loss": 5.0416, "lr": 0.0022769029422594353, "gnorm": 3.406, "tok_per_s": 152366.3, "load": 4.404296875}
{"event": "step", "step": 131800, "loss": 4.9828, "lr": 0.0022748087652305848, "gnorm": 2.262, "tok_per_s": 152316.5, "load": 4.341796875}
{"event": "step", "step": 132000, "loss": 5.0333, "lr": 0.0022727126730918163, "gnorm": 0.932, "tok_per_s": 152298.1, "load": 4.36279296875}
{"event": "step", "step": 132200, "loss": 4.9037, "lr": 0.002270614672267892, "gnorm": 4.74, "tok_per_s": 124418.2, "load": 4.3623046875}
{"event": "step", "step": 132400, "loss": 4.8501, "lr": 0.002268514769189422, "gnorm": 0.973, "tok_per_s": 151981.6, "load": 4.53466796875}
{"event": "step", "step": 132600, "loss": 4.9426, "lr": 0.0022664129702928484, "gnorm": 1.24, "tok_per_s": 152105.8, "load": 4.6806640625}
{"event": "step", "step": 132800, "loss": 4.9382, "lr": 0.002264309282020424, "gnorm": 3.266, "tok_per_s": 152311.4, "load": 4.603515625}
{"event": "step", "step": 133000, "loss": 4.8262, "lr": 0.0022622037108201917, "gnorm": 4.262, "tok_per_s": 152280.0, "load": 4.51025390625}
{"event": "step", "step": 133200, "loss": 4.9744, "lr": 0.0022600962631459678, "gnorm": 1.425, "tok_per_s": 152141.1, "load": 4.431640625}
{"event": "step", "step": 133400, "loss": 5.2676, "lr": 0.0022579869454573184, "gnorm": 2.321, "tok_per_s": 152046.0, "load": 4.36474609375}
{"event": "step", "step": 133600, "loss": 5.0863, "lr": 0.0022558757642195423, "gnorm": 1.426, "tok_per_s": 152199.4, "load": 4.30810546875}
{"event": "step", "step": 133800, "loss": 5.0325, "lr": 0.00225376272590365, "gnorm": 0.948, "tok_per_s": 152172.2, "load": 4.26025390625}
{"event": "step", "step": 134000, "loss": 5.0326, "lr": 0.002251647836986344, "gnorm": 1.73, "tok_per_s": 152229.8, "load": 4.20166015625}
{"event": "step", "step": 134200, "loss": 5.0989, "lr": 0.00224953110395, "gnorm": 2.167, "tok_per_s": 125869.1, "load": 4.31787109375}
{"event": "step", "step": 134400, "loss": 4.8912, "lr": 0.002247412533282645, "gnorm": 1.431, "tok_per_s": 152315.3, "load": 4.34912109375}
{"event": "step", "step": 134600, "loss": 5.0566, "lr": 0.0022452921314779386, "gnorm": 0.822, "tok_per_s": 152168.3, "load": 4.826171875}
{"event": "step", "step": 134800, "loss": 5.2189, "lr": 0.002243169905035155, "gnorm": 1.576, "tok_per_s": 152284.4, "load": 4.779296875}
{"event": "step", "step": 135000, "loss": 4.8972, "lr": 0.0022410458604591576, "gnorm": 1.095, "tok_per_s": 152298.3, "load": 4.6591796875}
eval 135000 {'bpb': 1.6728020915992667, 'nats_per_token': 5.043699726021124, 'tokens': 16379, 'bytes': 71247}
{"event": "step", "step": 135200, "loss": 5.0648, "lr": 0.0022389200042603856, "gnorm": 2.773, "tok_per_s": 151485.8, "load": 4.7177734375}
{"event": "step", "step": 135400, "loss": 5.1401, "lr": 0.00223679234295483, "gnorm": 0.781, "tok_per_s": 152301.4, "load": 4.60693359375}
{"event": "step", "step": 135600, "loss": 5.0533, "lr": 0.0022346628830640144, "gnorm": 5.584, "tok_per_s": 152263.1, "load": 4.58740234375}
{"event": "step", "step": 135800, "loss": 5.0455, "lr": 0.002232531631114976, "gnorm": 3.313, "tok_per_s": 152263.8, "load": 4.7314453125}
{"event": "step", "step": 136000, "loss": 4.9862, "lr": 0.0022303985936402435, "gnorm": 1.626, "tok_per_s": 152259.0, "load": 4.705078125}
{"event": "step", "step": 136200, "loss": 5.0812, "lr": 0.0022282637771778202, "gnorm": 1.188, "tok_per_s": 125594.4, "load": 14.17333984375}
{"event": "step", "step": 136400, "loss": 5.0516, "lr": 0.0022261271882711613, "gnorm": 1.887, "tok_per_s": 151750.6, "load": 15.01171875}
{"event": "step", "step": 136600, "loss": 5.0397, "lr": 0.002223988833469154, "gnorm": 2.032, "tok_per_s": 151952.3, "load": 19.21875}
{"event": "step", "step": 136800, "loss": 4.926, "lr": 0.0022218487193260993, "gnorm": 1.108, "tok_per_s": 152013.7, "load": 21.65185546875}
{"event": "step", "step": 137000, "loss": 5.0517, "lr": 0.0022197068524016906, "gnorm": 3.094, "tok_per_s": 152135.7, "load": 23.62451171875}
{"event": "step", "step": 137200, "loss": 5.0941, "lr": 0.0022175632392609935, "gnorm": 2.156, "tok_per_s": 152082.8, "load": 25.22021484375}
{"event": "step", "step": 137400, "loss": 5.1678, "lr": 0.002215417886474426, "gnorm": 1.626, "tok_per_s": 152347.3, "load": 28.513671875}
{"event": "step", "step": 137600, "loss": 4.9008, "lr": 0.002213270800617739, "gnorm": 1.536, "tok_per_s": 152558.1, "load": 24.744140625}
{"event": "step", "step": 137800, "loss": 5.0636, "lr": 0.0022111219882719937, "gnorm": 3.547, "tok_per_s": 152702.9, "load": 20.21630859375}
{"event": "step", "step": 138000, "loss": 5.0236, "lr": 0.0022089714560235446, "gnorm": 1.342, "tok_per_s": 152650.6, "load": 17.72265625}
{"event": "step", "step": 138200, "loss": 5.1277, "lr": 0.0022068192104640182, "gnorm": 3.741, "tok_per_s": 130640.3, "load": 15.6123046875}
{"event": "step", "step": 138400, "loss": 5.1088, "lr": 0.002204665258190292, "gnorm": 0.645, "tok_per_s": 152305.6, "load": 13.82666015625}
{"event": "step", "step": 138600, "loss": 5.1132, "lr": 0.002202509605804473, "gnorm": 1.302, "tok_per_s": 152256.7, "load": 11.72314453125}
{"event": "step", "step": 138800, "loss": 4.9231, "lr": 0.0022003522599138826, "gnorm": 1.077, "tok_per_s": 152480.6, "load": 10.53515625}
{"event": "step", "step": 139000, "loss": 4.8484, "lr": 0.0021981932271310308, "gnorm": 0.985, "tok_per_s": 152458.2, "load": 9.6103515625}
{"event": "step", "step": 139200, "loss": 5.0482, "lr": 0.002196032514073598, "gnorm": 1.719, "tok_per_s": 152464.3, "load": 8.8271484375}
{"event": "step", "step": 139400, "loss": 5.0209, "lr": 0.0021938701273644164, "gnorm": 1.359, "tok_per_s": 152135.1, "load": 8.32470703125}
{"event": "step", "step": 139600, "loss": 4.9676, "lr": 0.0021917060736314467, "gnorm": 2.032, "tok_per_s": 152296.6, "load": 11.1220703125}
{"event": "step", "step": 139800, "loss": 5.0345, "lr": 0.0021895403595077597, "gnorm": 0.799, "tok_per_s": 152347.7, "load": 9.6171875}
{"event": "step", "step": 140000, "loss": 5.0066, "lr": 0.0021873729916315155, "gnorm": 1.94, "tok_per_s": 152199.2, "load": 8.82666015625}
eval 140000 {'bpb': 1.6813288257683803, 'nats_per_token': 5.069408856233592, 'tokens': 16379, 'bytes': 71247}
{"event": "step", "step": 140200, "loss": 5.0932, "lr": 0.0021852039766459435, "gnorm": 1.745, "tok_per_s": 125497.3, "load": 8.3916015625}
{"event": "step", "step": 140400, "loss": 4.7779, "lr": 0.0021830333211993206, "gnorm": 2.102, "tok_per_s": 152123.4, "load": 7.86328125}
{"event": "step", "step": 140600, "loss": 4.9999, "lr": 0.0021808610319449524, "gnorm": 1.169, "tok_per_s": 152203.4, "load": 7.0068359375}
{"event": "step", "step": 140800, "loss": 4.9179, "lr": 0.002178687115541154, "gnorm": 2.979, "tok_per_s": 152193.9, "load": 6.5439453125}
{"event": "step", "step": 141000, "loss": 4.9673, "lr": 0.002176511578651224, "gnorm": 5.636, "tok_per_s": 152170.1, "load": 6.37353515625}
{"event": "step", "step": 141200, "loss": 4.9498, "lr": 0.002174334427943433, "gnorm": 1.194, "tok_per_s": 152174.8, "load": 6.0078125}
{"event": "step", "step": 141400, "loss": 4.937, "lr": 0.0021721556700909934, "gnorm": 1.814, "tok_per_s": 152125.1, "load": 5.69873046875}
{"event": "step", "step": 141600, "loss": 5.0081, "lr": 0.0021699753117720467, "gnorm": 1.374, "tok_per_s": 152106.8, "load": 5.51708984375}
{"event": "step", "step": 141800, "loss": 4.9979, "lr": 0.002167793359669639, "gnorm": 2.019, "tok_per_s": 152116.2, "load": 5.4638671875}
{"event": "step", "step": 142000, "loss": 5.0303, "lr": 0.002165609820471702, "gnorm": 0.938, "tok_per_s": 152312.6, "load": 5.23828125}
{"event": "step", "step": 142200, "loss": 5.1161, "lr": 0.0021634247008710306, "gnorm": 1.878, "tok_per_s": 125457.1, "load": 15.37158203125}
{"event": "step", "step": 142400, "loss": 5.0886, "lr": 0.002161238007565266, "gnorm": 2.812, "tok_per_s": 152234.4, "load": 12.98779296875}
{"event": "step", "step": 142600, "loss": 5.0506, "lr": 0.0021590497472568715, "gnorm": 3.249, "tok_per_s": 152431.6, "load": 11.67919921875}
{"event": "step", "step": 142800, "loss": 4.9917, "lr": 0.0021568599266531133, "gnorm": 2.167, "tok_per_s": 152221.0, "load": 10.658203125}
{"event": "step", "step": 143000, "loss": 5.091, "lr": 0.0021546685524660406, "gnorm": 0.799, "tok_per_s": 152371.7, "load": 9.63427734375}
{"event": "step", "step": 143200, "loss": 5.1325, "lr": 0.0021524756314124658, "gnorm": 3.942, "tok_per_s": 152249.3, "load": 8.767578125}
{"event": "step", "step": 143400, "loss": 4.9575, "lr": 0.0021502811702139397, "gnorm": 1.911, "tok_per_s": 152183.3, "load": 8.1943359375}
{"event": "step", "step": 143600, "loss": 4.9762, "lr": 0.0021480851755967356, "gnorm": 0.753, "tok_per_s": 152168.6, "load": 7.2646484375}
{"event": "step", "step": 143800, "loss": 5.0557, "lr": 0.002145887654291828, "gnorm": 1.746, "tok_per_s": 152174.3, "load": 6.84228515625}
{"event": "step", "step": 144000, "loss": 5.0042, "lr": 0.0021436886130348685, "gnorm": 4.232, "tok_per_s": 152164.6, "load": 6.478515625}
{"event": "step", "step": 144200, "loss": 5.0105, "lr": 0.0021414880585661684, "gnorm": 2.816, "tok_per_s": 125875.3, "load": 6.17041015625}
{"event": "step", "step": 144400, "loss": 5.1877, "lr": 0.0021392859976306785, "gnorm": 1.056, "tok_per_s": 152226.6, "load": 5.849609375}
{"event": "step", "step": 144600, "loss": 5.2677, "lr": 0.0021370824369779653, "gnorm": 1.227, "tok_per_s": 152213.2, "load": 5.56494140625}
{"event": "step", "step": 144800, "loss": 5.0304, "lr": 0.002134877383362193, "gnorm": 1.621, "tok_per_s": 152178.7, "load": 5.32373046875}
{"event": "step", "step": 145000, "loss": 5.087, "lr": 0.002132670843542101, "gnorm": 0.876, "tok_per_s": 152442.6, "load": 5.2802734375}
eval 145000 {'bpb': 1.6676757999382485, 'nats_per_token': 5.028243339413273, 'tokens': 16379, 'bytes': 71247}
{"event": "step", "step": 145200, "loss": 5.0343, "lr": 0.002130462824280985, "gnorm": 2.42, "tok_per_s": 151754.7, "load": 5.0830078125}
{"event": "step", "step": 145400, "loss": 4.9517, "lr": 0.0021282533323466763, "gnorm": 3.311, "tok_per_s": 152282.6, "load": 5.28466796875}
{"event": "step", "step": 145600, "loss": 5.0096, "lr": 0.0021260423745115176, "gnorm": 3.103, "tok_per_s": 152275.6, "load": 5.44970703125}
{"event": "step", "step": 145800, "loss": 4.939, "lr": 0.0021238299575523463, "gnorm": 1.142, "tok_per_s": 152272.2, "load": 5.2265625}
{"event": "step", "step": 146000, "loss": 5.175, "lr": 0.002121616088250473, "gnorm": 3.997, "tok_per_s": 152204.3, "load": 5.11083984375}
{"event": "step", "step": 146200, "loss": 5.0635, "lr": 0.0021194007733916576, "gnorm": 3.987, "tok_per_s": 126056.7, "load": 5.486328125}
{"event": "step", "step": 146400, "loss": 5.076, "lr": 0.0021171840197660922, "gnorm": 2.377, "tok_per_s": 152395.4, "load": 5.25732421875}
{"event": "step", "step": 146600, "loss": 5.0595, "lr": 0.0021149658341683792, "gnorm": 1.461, "tok_per_s": 152291.7, "load": 5.1435546875}
{"event": "step", "step": 146800, "loss": 4.9632, "lr": 0.0021127462233975105, "gnorm": 2.485, "tok_per_s": 152357.4, "load": 4.96728515625}
{"event": "step", "step": 147000, "loss": 5.0308, "lr": 0.002110525194256844, "gnorm": 1.561, "tok_per_s": 152326.8, "load": 4.97900390625}
{"event": "step", "step": 147200, "loss": 5.1291, "lr": 0.002108302753554087, "gnorm": 1.672, "tok_per_s": 152539.4, "load": 4.828125}
{"event": "step", "step": 147400, "loss": 5.1529, "lr": 0.002106078908101273, "gnorm": 4.413, "tok_per_s": 152601.7, "load": 4.70068359375}
{"event": "step", "step": 147600, "loss": 5.1283, "lr": 0.0021038536647147426, "gnorm": 5.381, "tok_per_s": 152543.2, "load": 4.544921875}
{"event": "step", "step": 147800, "loss": 5.0099, "lr": 0.0021016270302151177, "gnorm": 1.304, "tok_per_s": 152490.0, "load": 4.46044921875}
{"event": "step", "step": 148000, "loss": 5.0397, "lr": 0.002099399011427287, "gnorm": 3.843, "tok_per_s": 152449.9, "load": 4.38916015625}
{"event": "step", "step": 148200, "loss": 5.18, "lr": 0.002097169615180382, "gnorm": 2.874, "tok_per_s": 126805.3, "load": 4.302734375}
{"event": "step", "step": 148400, "loss": 5.0205, "lr": 0.002094938848307755, "gnorm": 1.503, "tok_per_s": 152336.3, "load": 4.33642578125}
{"event": "step", "step": 148600, "loss": 4.8258, "lr": 0.0020927067176469607, "gnorm": 2.032, "tok_per_s": 152425.5, "load": 4.431640625}
{"event": "step", "step": 148800, "loss": 4.864, "lr": 0.002090473230039733, "gnorm": 2.278, "tok_per_s": 152549.1, "load": 4.43896484375}
{"event": "step", "step": 149000, "loss": 5.1389, "lr": 0.0020882383923319665, "gnorm": 3.398, "tok_per_s": 152409.1, "load": 4.4453125}
{"event": "step", "step": 149200, "loss": 4.8576, "lr": 0.002086002211373691, "gnorm": 0.707, "tok_per_s": 152020.9, "load": 4.93115234375}
{"event": "step", "step": 149400, "loss": 4.946, "lr": 0.0020837646940190567, "gnorm": 3.835, "tok_per_s": 152175.3, "load": 4.86181640625}
{"event": "step", "step": 149600, "loss": 4.8289, "lr": 0.0020815258471263086, "gnorm": 3.204, "tok_per_s": 152269.2, "load": 4.74462890625}
{"event": "step", "step": 149800, "loss": 5.0424, "lr": 0.002079285677557767, "gnorm": 2.253, "tok_per_s": 152232.4, "load": 4.62939453125}
{"event": "step", "step": 150000, "loss": 4.9935, "lr": 0.002077044192179806, "gnorm": 1.872, "tok_per_s": 152189.7, "load": 4.60595703125}
eval 150000 {'bpb': 1.6939209040441716, 'nats_per_token': 5.107375488430307, 'tokens': 16379, 'bytes': 71247}
{"event": "step", "step": 150200, "loss": 4.9885, "lr": 0.0020748013978628336, "gnorm": 2.814, "tok_per_s": 125508.7, "load": 9.05126953125}
{"event": "step", "step": 150400, "loss": 5.0301, "lr": 0.0020725573014812697, "gnorm": 2.991, "tok_per_s": 152307.6, "load": 8.27392578125}
{"event": "step", "step": 150600, "loss": 5.0736, "lr": 0.0020703119099135235, "gnorm": 1.462, "tok_per_s": 152347.2, "load": 7.61669921875}
{"event": "step", "step": 150800, "loss": 5.0061, "lr": 0.0020680652300419772, "gnorm": 1.765, "tok_per_s": 152251.9, "load": 7.06005859375}
{"event": "step", "step": 151000, "loss": 4.8959, "lr": 0.0020658172687529593, "gnorm": 1.23, "tok_per_s": 151934.8, "load": 6.830078125}
{"event": "step", "step": 151200, "loss": 4.9903, "lr": 0.0020635680329367267, "gnorm": 1.045, "tok_per_s": 152095.7, "load": 6.77587890625}
{"event": "step", "step": 151400, "loss": 5.0224, "lr": 0.0020613175294874435, "gnorm": 2.45, "tok_per_s": 152153.7, "load": 6.16015625}
{"event": "step", "step": 151600, "loss": 5.0213, "lr": 0.0020590657653031578, "gnorm": 1.162, "tok_per_s": 151846.6, "load": 5.98828125}
{"event": "step", "step": 151800, "loss": 4.8825, "lr": 0.002056812747285784, "gnorm": 1.936, "tok_per_s": 151823.1, "load": 6.0029296875}
{"event": "step", "step": 152000, "loss": 4.9436, "lr": 0.0020545584823410774, "gnorm": 3.05, "tok_per_s": 151834.2, "load": 6.08251953125}
{"event": "step", "step": 152200, "loss": 5.0419, "lr": 0.0020523029773786166, "gnorm": 2.448, "tok_per_s": 126482.5, "load": 5.62060546875}
{"event": "step", "step": 152400, "loss": 4.9815, "lr": 0.0020500462393117824, "gnorm": 1.819, "tok_per_s": 152429.7, "load": 5.37109375}
{"event": "step", "step": 152600, "loss": 4.7732, "lr": 0.0020477882750577314, "gnorm": 0.765, "tok_per_s": 152581.3, "load": 5.16015625}
{"event": "step", "step": 152800, "loss": 4.8152, "lr": 0.0020455290915373818, "gnorm": 1.273, "tok_per_s": 152578.7, "load": 5.0615234375}
{"event": "step", "step": 153000, "loss": 4.9014, "lr": 0.0020432686956753884, "gnorm": 1.124, "tok_per_s": 152419.3, "load": 4.8974609375}
{"event": "step", "step": 153200, "loss": 5.2223, "lr": 0.0020410070944001206, "gnorm": 1.49, "tok_per_s": 152387.3, "load": 4.7587890625}
{"event": "step", "step": 153400, "loss": 4.9371, "lr": 0.0020387442946436444, "gnorm": 1.029, "tok_per_s": 152351.5, "load": 4.6640625}
{"event": "step", "step": 153600, "loss": 4.9548, "lr": 0.0020364803033416975, "gnorm": 0.874, "tok_per_s": 152363.2, "load": 4.5615234375}
{"event": "step", "step": 153800, "loss": 5.1203, "lr": 0.002034215127433671, "gnorm": 3.205, "tok_per_s": 152332.9, "load": 4.62255859375}
{"event": "step", "step": 154000, "loss": 4.969, "lr": 0.0020319487738625877, "gnorm": 2.79, "tok_per_s": 152487.7, "load": 4.5263671875}
{"event": "step", "step": 154200, "loss": 5.0485, "lr": 0.002029681249575078, "gnorm": 2.15, "tok_per_s": 126758.6, "load": 4.4091796875}
{"event": "step", "step": 154400, "loss": 4.8243, "lr": 0.0020274125615213612, "gnorm": 2.035, "tok_per_s": 152551.2, "load": 4.345703125}
{"event": "step", "step": 154600, "loss": 5.1466, "lr": 0.0020251427166552254, "gnorm": 2.196, "tok_per_s": 152578.2, "load": 4.2919921875}
{"event": "step", "step": 154800, "loss": 5.1817, "lr": 0.0020228717219340025, "gnorm": 0.97, "tok_per_s": 152405.2, "load": 4.24658203125}
{"event": "step", "step": 155000, "loss": 4.8724, "lr": 0.0020205995843185502, "gnorm": 1.788, "tok_per_s": 152421.8, "load": 4.52880859375}
eval 155000 {'bpb': 1.6822317346129931, 'nats_per_token': 5.072131235118139, 'tokens': 16379, 'bytes': 71247}
{"event": "step", "step": 155200, "loss": 4.9874, "lr": 0.0020183263107732274, "gnorm": 4.358, "tok_per_s": 151738.1, "load": 4.447265625}
{"event": "step", "step": 155400, "loss": 5.1382, "lr": 0.0020160519082658775, "gnorm": 2.183, "tok_per_s": 152612.3, "load": 4.42138671875}
{"event": "step", "step": 155600, "loss": 5.0228, "lr": 0.0020137763837678015, "gnorm": 1.714, "tok_per_s": 152539.2, "load": 4.35595703125}
{"event": "step", "step": 155800, "loss": 4.8978, "lr": 0.002011499744253742, "gnorm": 2.229, "tok_per_s": 152360.9, "load": 4.375}
{"event": "step", "step": 156000, "loss": 5.0609, "lr": 0.0020092219967018567, "gnorm": 1.661, "tok_per_s": 152254.2, "load": 4.39111328125}
{"event": "step", "step": 156200, "loss": 4.9082, "lr": 0.0020069431480937024, "gnorm": 3.477, "tok_per_s": 126346.4, "load": 4.46435546875}
{"event": "step", "step": 156400, "loss": 5.0663, "lr": 0.002004663205414208, "gnorm": 1.582, "tok_per_s": 152280.2, "load": 4.46630859375}
{"event": "step", "step": 156600, "loss": 4.7769, "lr": 0.0020023821756516577, "gnorm": 2.473, "tok_per_s": 152269.8, "load": 4.474609375}
{"event": "step", "step": 156800, "loss": 4.9067, "lr": 0.002000100065797667, "gnorm": 1.26, "tok_per_s": 152163.3, "load": 4.4013671875}
{"event": "step", "step": 157000, "loss": 5.082, "lr": 0.0019978168828471616, "gnorm": 3.152, "tok_per_s": 152181.1, "load": 4.33935546875}
{"event": "step", "step": 157200, "loss": 4.9665, "lr": 0.0019955326337983575, "gnorm": 1.75, "tok_per_s": 152220.0, "load": 4.4111328125}
{"event": "step", "step": 157400, "loss": 4.9151, "lr": 0.0019932473256527375, "gnorm": 1.266, "tok_per_s": 152466.8, "load": 4.42138671875}
{"event": "step", "step": 157600, "loss": 5.0935, "lr": 0.0019909609654150313, "gnorm": 1.373, "tok_per_s": 152298.6, "load": 4.43017578125}
{"event": "step", "step": 157800, "loss": 4.8978, "lr": 0.0019886735600931926, "gnorm": 1.527, "tok_per_s": 152188.6, "load": 4.4375}
{"event": "step", "step": 158000, "loss": 4.8443, "lr": 0.001986385116698379, "gnorm": 1.803, "tok_per_s": 152213.1, "load": 4.61083984375}
{"event": "step", "step": 158200, "loss": 5.1988, "lr": 0.0019840956422449304, "gnorm": 3.224, "tok_per_s": 126036.6, "load": 4.474609375}
{"event": "step", "step": 158400, "loss": 4.9389, "lr": 0.001981805143750345, "gnorm": 1.522, "tok_per_s": 152206.5, "load": 4.4755859375}
{"event": "step", "step": 158600, "loss": 5.1065, "lr": 0.001979513628235262, "gnorm": 1.257, "tok_per_s": 152040.5, "load": 4.40234375}
{"event": "step", "step": 158800, "loss": 4.944, "lr": 0.001977221102723437, "gnorm": 1.535, "tok_per_s": 151962.6, "load": 4.34033203125}
{"event": "step", "step": 159000, "loss": 4.8684, "lr": 0.001974927574241721, "gnorm": 2.0, "tok_per_s": 151615.1, "load": 4.67626953125}
{"event": "step", "step": 159200, "loss": 4.8985, "lr": 0.00197263304982004, "gnorm": 2.869, "tok_per_s": 152130.0, "load": 4.66162109375}
{"event": "step", "step": 159400, "loss": 4.9775, "lr": 0.0019703375364913726, "gnorm": 4.723, "tok_per_s": 152132.4, "load": 4.64013671875}
{"event": "step", "step": 159600, "loss": 5.0627, "lr": 0.0019680410412917277, "gnorm": 2.387, "tok_per_s": 152034.9, "load": 4.6220703125}
{"event": "step", "step": 159800, "loss": 4.9956, "lr": 0.001965743571260124, "gnorm": 1.017, "tok_per_s": 152113.8, "load": 4.6064453125}
{"event": "step", "step": 160000, "loss": 5.0412, "lr": 0.001963445133438569, "gnorm": 2.373, "tok_per_s": 152064.9, "load": 4.5126953125}
eval 160000 {'bpb': 1.6666127167256688, 'nats_per_token': 5.0250380155229255, 'tokens': 16379, 'bytes': 71247}
{"event": "step", "step": 160200, "loss": 4.9848, "lr": 0.0019611457348720353, "gnorm": 1.081, "tok_per_s": 125713.4, "load": 4.39794921875}
{"event": "step", "step": 160400, "loss": 5.128, "lr": 0.001958845382608442, "gnorm": 0.854, "tok_per_s": 152160.3, "load": 4.5771484375}
{"event": "step", "step": 160600, "loss": 5.0714, "lr": 0.00195654408369863, "gnorm": 0.794, "tok_per_s": 152105.0, "load": 4.56201171875}
{"event": "step", "step": 160800, "loss": 4.9693, "lr": 0.0019542418451963407, "gnorm": 2.515, "tok_per_s": 152170.7, "load": 4.6357421875}
{"event": "step", "step": 161000, "loss": 5.1723, "lr": 0.0019519386741581994, "gnorm": 1.337, "tok_per_s": 152114.3, "load": 4.494140625}
{"event": "step", "step": 161200, "loss": 5.0103, "lr": 0.001949634577643685, "gnorm": 1.165, "tok_per_s": 152067.5, "load": 8.90234375}
{"event": "step", "step": 161400, "loss": 5.0101, "lr": 0.0019473295627151174, "gnorm": 4.514, "tok_per_s": 152017.3, "load": 8.1484375}
{"event": "step", "step": 161600, "loss": 4.923, "lr": 0.0019450236364376278, "gnorm": 3.806, "tok_per_s": 151606.2, "load": 13.58349609375}
{"event": "step", "step": 161800, "loss": 4.9162, "lr": 0.0019427168058791433, "gnorm": 1.621, "tok_per_s": 151923.1, "load": 12.18359375}
{"event": "step", "step": 162000, "loss": 4.9399, "lr": 0.0019404090781103616, "gnorm": 1.135, "tok_per_s": 151863.8, "load": 11.5205078125}
{"event": "step", "step": 162200, "loss": 4.9035, "lr": 0.001938100460204731, "gnorm": 2.076, "tok_per_s": 126127.8, "load": 9.85400390625}
{"event": "step", "step": 162400, "loss": 4.7193, "lr": 0.0019357909592384274, "gnorm": 1.054, "tok_per_s": 152290.0, "load": 9.10693359375}
{"event": "step", "step": 162600, "loss": 4.9038, "lr": 0.0019334805822903347, "gnorm": 0.812, "tok_per_s": 152084.9, "load": 8.3212890625}
{"event": "step", "step": 162800, "loss": 4.965, "lr": 0.0019311693364420198, "gnorm": 1.982, "tok_per_s": 152095.4, "load": 8.0576171875}
{"event": "step", "step": 163000, "loss": 5.0512, "lr": 0.0019288572287777153, "gnorm": 0.864, "tok_per_s": 152055.8, "load": 7.23779296875}
{"event": "step", "step": 163200, "loss": 4.842, "lr": 0.0019265442663842934, "gnorm": 1.493, "tok_per_s": 152000.0, "load": 6.73974609375}
{"event": "step", "step": 163400, "loss": 5.0473, "lr": 0.001924230456351247, "gnorm": 1.881, "tok_per_s": 151999.8, "load": 6.55859375}
{"event": "step", "step": 163600, "loss": 5.0528, "lr": 0.0019219158057706672, "gnorm": 0.963, "tok_per_s": 152216.1, "load": 6.318359375}
{"event": "step", "step": 163800, "loss": 5.1045, "lr": 0.0019196003217372209, "gnorm": 1.585, "tok_per_s": 152003.4, "load": 5.96142578125}
{"event": "step", "step": 164000, "loss": 4.8556, "lr": 0.0019172840113481303, "gnorm": 2.503, "tok_per_s": 152173.1, "load": 5.73974609375}
{"event": "step", "step": 164200, "loss": 4.8669, "lr": 0.00191496688170315, "gnorm": 3.916, "tok_per_s": 126106.8, "load": 8.94580078125}
{"event": "step", "step": 164400, "loss": 4.8113, "lr": 0.0019126489399045451, "gnorm": 3.355, "tok_per_s": 152452.6, "load": 8.1845703125}
{"event": "step", "step": 164600, "loss": 4.9742, "lr": 0.0019103301930570723, "gnorm": 1.521, "tok_per_s": 152261.7, "load": 7.54052734375}
{"event": "step", "step": 164800, "loss": 4.9789, "lr": 0.0019080106482679538, "gnorm": 2.328, "tok_per_s": 152302.6, "load": 6.75537109375}
{"event": "step", "step": 165000, "loss": 4.9936, "lr": 0.0019056903126468572, "gnorm": 1.492, "tok_per_s": 152339.7, "load": 6.4052734375}
eval 165000 {'bpb': 1.661416581130372, 'nats_per_token': 5.009371041043409, 'tokens': 16379, 'bytes': 71247}
{"event": "step", "step": 165200, "loss": 4.9093, "lr": 0.0019033691933058765, "gnorm": 3.627, "tok_per_s": 151248.9, "load": 6.34228515625}
{"event": "step", "step": 165400, "loss": 4.9607, "lr": 0.0019010472973595054, "gnorm": 1.635, "tok_per_s": 152073.8, "load": 5.9814453125}
{"event": "step", "step": 165600, "loss": 4.933, "lr": 0.0018987246319246195, "gnorm": 0.867, "tok_per_s": 152437.1, "load": 5.6767578125}
{"event": "step", "step": 165800, "loss": 4.9764, "lr": 0.0018964012041204521, "gnorm": 1.784, "tok_per_s": 152379.7, "load": 5.4990234375}
{"event": "step", "step": 166000, "loss": 4.8618, "lr": 0.0018940770210685738, "gnorm": 0.857, "tok_per_s": 152416.5, "load": 5.23388671875}
{"event": "step", "step": 166200, "loss": 5.1079, "lr": 0.0018917520898928707, "gnorm": 0.961, "tok_per_s": 126344.7, "load": 5.04345703125}
{"event": "step", "step": 166400, "loss": 5.1504, "lr": 0.00188942641771952, "gnorm": 2.076, "tok_per_s": 152426.6, "load": 4.962890625}
{"event": "step", "step": 166600, "loss": 4.924, "lr": 0.0018871000116769717, "gnorm": 3.762, "tok_per_s": 152410.6, "load": 5.0361328125}
{"event": "step", "step": 166800, "loss": 4.8727, "lr": 0.0018847728788959257, "gnorm": 2.122, "tok_per_s": 152318.1, "load": 4.80615234375}
{"event": "step", "step": 167000, "loss": 4.74, "lr": 0.001882445026509308, "gnorm": 2.615, "tok_per_s": 152363.1, "load": 4.681640625}
{"event": "step", "step": 167200, "loss": 4.9637, "lr": 0.0018801164616522505, "gnorm": 2.117, "tok_per_s": 152222.0, "load": 4.57666015625}
{"event": "step", "step": 167400, "loss": 5.0196, "lr": 0.00187778719146207, "gnorm": 2.058, "tok_per_s": 152231.4, "load": 4.48779296875}
{"event": "step", "step": 167600, "loss": 5.0773, "lr": 0.001875457223078244, "gnorm": 1.577, "tok_per_s": 152238.9, "load": 4.41259765625}
{"event": "step", "step": 167800, "loss": 4.9328, "lr": 0.0018731265636423916, "gnorm": 1.271, "tok_per_s": 152127.8, "load": 4.3486328125}
{"event": "step", "step": 168000, "loss": 4.8669, "lr": 0.0018707952202982475, "gnorm": 1.777, "tok_per_s": 152181.5, "load": 4.2705078125}
{"event": "step", "step": 168200, "loss": 4.914, "lr": 0.0018684632001916448, "gnorm": 2.758, "tok_per_s": 126293.9, "load": 4.228515625}
{"event": "step", "step": 168400, "loss": 4.7709, "lr": 0.0018661305104704904, "gnorm": 3.097, "tok_per_s": 152317.4, "load": 4.2734375}
{"event": "step", "step": 168600, "loss": 4.8876, "lr": 0.0018637971582847435, "gnorm": 1.627, "tok_per_s": 152301.9, "load": 4.30517578125}
{"event": "step", "step": 168800, "loss": 4.9718, "lr": 0.001861463150786394, "gnorm": 2.874, "tok_per_s": 152014.9, "load": 4.58837890625}
{"event": "step", "step": 169000, "loss": 4.9539, "lr": 0.0018591284951294405, "gnorm": 1.93, "tok_per_s": 152149.1, "load": 4.57177734375}
{"event": "step", "step": 169200, "loss": 4.9605, "lr": 0.0018567931984698673, "gnorm": 1.278, "tok_per_s": 151993.6, "load": 4.5576171875}
{"event": "step", "step": 169400, "loss": 4.7268, "lr": 0.001854457267965625, "gnorm": 1.359, "tok_per_s": 152027.6, "load": 4.47119140625}
{"event": "step", "step": 169600, "loss": 4.9577, "lr": 0.0018521207107766058, "gnorm": 1.367, "tok_per_s": 152001.8, "load": 4.39794921875}
{"event": "step", "step": 169800, "loss": 4.6934, "lr": 0.0018497835340646233, "gnorm": 1.508, "tok_per_s": 151707.0, "load": 4.57080078125}
{"event": "step", "step": 170000, "loss": 5.0767, "lr": 0.0018474457449933906, "gnorm": 1.115, "tok_per_s": 152210.1, "load": 4.51171875}
eval 170000 {'bpb': 1.6815747428597425, 'nats_per_token': 5.070150325874596, 'tokens': 16379, 'bytes': 71247}
{"event": "step", "step": 170200, "loss": 5.1126, "lr": 0.0018451073507284959, "gnorm": 1.938, "tok_per_s": 126037.6, "load": 4.5068359375}
{"event": "step", "step": 170400, "loss": 4.8922, "lr": 0.0018427683584373838, "gnorm": 1.59, "tok_per_s": 152409.7, "load": 4.50244140625}
{"event": "step", "step": 170600, "loss": 5.0334, "lr": 0.0018404287752893326, "gnorm": 1.168, "tok_per_s": 152284.1, "load": 4.390625}
{"event": "step", "step": 170800, "loss": 4.9037, "lr": 0.0018380886084554291, "gnorm": 1.248, "tok_per_s": 152079.3, "load": 4.70556640625}
{"event": "step", "step": 171000, "loss": 4.8985, "lr": 0.0018357478651085525, "gnorm": 1.183, "tok_per_s": 152177.9, "load": 4.5966796875}
{"event": "step", "step": 171200, "loss": 4.9982, "lr": 0.001833406552423346, "gnorm": 1.78, "tok_per_s": 152034.5, "load": 4.7392578125}
{"event": "step", "step": 171400, "loss": 4.869, "lr": 0.0018310646775762, "gnorm": 1.735, "tok_per_s": 152285.2, "load": 9.419921875}
{"event": "step", "step": 171600, "loss": 5.061, "lr": 0.001828722247745227, "gnorm": 1.506, "tok_per_s": 152293.5, "load": 8.58642578125}
{"event": "step", "step": 171800, "loss": 4.9937, "lr": 0.0018263792701102405, "gnorm": 1.508, "tok_per_s": 152224.6, "load": 7.56982421875}
{"event": "step", "step": 172000, "loss": 5.0465, "lr": 0.001824035751852734, "gnorm": 2.576, "tok_per_s": 152233.6, "load": 7.1005859375}
{"event": "step", "step": 172200, "loss": 4.9451, "lr": 0.0018216917001558565, "gnorm": 1.739, "tok_per_s": 126348.6, "load": 6.62353515625}
{"event": "step", "step": 172400, "loss": 4.9166, "lr": 0.001819347122204394, "gnorm": 1.591, "tok_per_s": 152319.4, "load": 6.29345703125}
{"event": "step", "step": 172600, "loss": 4.9263, "lr": 0.0018170020251847448, "gnorm": 2.962, "tok_per_s": 152365.3, "load": 5.78466796875}
{"event": "step", "step": 172800, "loss": 4.8566, "lr": 0.0018146564162848965, "gnorm": 0.972, "tok_per_s": 151813.6, "load": 5.73779296875}
{"event": "step", "step": 173000, "loss": 5.1089, "lr": 0.0018123103026944079, "gnorm": 2.294, "tok_per_s": 152345.0, "load": 9.71484375}
{"event": "step", "step": 173200, "loss": 4.9194, "lr": 0.0018099636916043844, "gnorm": 1.284, "tok_per_s": 152279.5, "load": 8.98291015625}
{"event": "step", "step": 173400, "loss": 5.0657, "lr": 0.0018076165902074553, "gnorm": 3.12, "tok_per_s": 152139.1, "load": 8.2900390625}
{"event": "step", "step": 173600, "loss": 5.1484, "lr": 0.001805269005697753, "gnorm": 1.18, "tok_per_s": 152069.8, "load": 7.70361328125}
{"event": "step", "step": 173800, "loss": 5.1726, "lr": 0.0018029209452708917, "gnorm": 2.508, "tok_per_s": 152088.8, "load": 6.9501953125}
{"event": "step", "step": 174000, "loss": 4.9795, "lr": 0.0018005724161239435, "gnorm": 1.169, "tok_per_s": 152071.1, "load": 6.49609375}
{"event": "step", "step": 174200, "loss": 5.1431, "lr": 0.001798223425455417, "gnorm": 0.852, "tok_per_s": 126097.3, "load": 6.19189453125}
{"event": "step", "step": 174400, "loss": 5.1487, "lr": 0.001795873980465236, "gnorm": 2.945, "tok_per_s": 152212.5, "load": 5.70556640625}
{"event": "step", "step": 174600, "loss": 4.8081, "lr": 0.0017935240883547162, "gnorm": 1.408, "tok_per_s": 152104.4, "load": 9.84130859375}
{"event": "step", "step": 174800, "loss": 4.9321, "lr": 0.0017911737563265446, "gnorm": 2.14, "tok_per_s": 152075.4, "load": 9.02294921875}
{"event": "step", "step": 175000, "loss": 4.8223, "lr": 0.0017888229915847555, "gnorm": 1.475, "tok_per_s": 152353.0, "load": 8.25048828125}
eval 175000 {'bpb': 1.6902041468212616, 'nats_per_token': 5.096169017873496, 'tokens': 16379, 'bytes': 71247}
{"event": "step", "step": 175200, "loss": 4.8667, "lr": 0.0017864718013347104, "gnorm": 1.734, "tok_per_s": 151550.1, "load": 7.59619140625}
{"event": "step", "step": 175400, "loss": 4.9987, "lr": 0.0017841201927830757, "gnorm": 2.087, "tok_per_s": 152281.7, "load": 7.04296875}
{"event": "step", "step": 175600, "loss": 4.9804, "lr": 0.0017817681731377977, "gnorm": 1.907, "tok_per_s": 152193.4, "load": 6.36767578125}
{"event": "step", "step": 175800, "loss": 5.0723, "lr": 0.0017794157496080847, "gnorm": 2.253, "tok_per_s": 152136.2, "load": 6.0029296875}
{"event": "step", "step": 176000, "loss": 5.1715, "lr": 0.0017770629294043827, "gnorm": 2.804, "tok_per_s": 152302.2, "load": 5.6943359375}
{"event": "step", "step": 176200, "loss": 4.7482, "lr": 0.0017747097197383522, "gnorm": 0.916, "tok_per_s": 126758.6, "load": 5.513671875}
{"event": "step", "step": 176400, "loss": 4.9836, "lr": 0.0017723561278228494, "gnorm": 2.514, "tok_per_s": 152357.5, "load": 5.177734375}
{"event": "step", "step": 176600, "loss": 5.0317, "lr": 0.0017700021608719008, "gnorm": 1.196, "tok_per_s": 152488.3, "load": 4.99609375}
{"event": "step", "step": 176800, "loss": 5.0577, "lr": 0.0017676478261006822, "gnorm": 1.109, "tok_per_s": 152619.9, "load": 4.91650390625}
{"event": "step", "step": 177000, "loss": 4.9803, "lr": 0.0017652931307254986, "gnorm": 1.989, "tok_per_s": 152385.2, "load": 4.85546875}
{"event": "step", "step": 177200, "loss": 5.1272, "lr": 0.0017629380819637577, "gnorm": 2.335, "tok_per_s": 152328.0, "load": 4.72314453125}
{"event": "step", "step": 177400, "loss": 5.0373, "lr": 0.0017605826870339533, "gnorm": 1.204, "tok_per_s": 152351.4, "load": 4.611328125}
{"event": "step", "step": 177600, "loss": 4.861, "lr": 0.0017582269531556376, "gnorm": 2.097, "tok_per_s": 152228.6, "load": 4.8759765625}
{"event": "step", "step": 177800, "loss": 4.9413, "lr": 0.001755870887549403, "gnorm": 1.194, "tok_per_s": 152244.6, "load": 5.1357421875}
{"event": "step", "step": 178000, "loss": 4.8922, "lr": 0.0017535144974368587, "gnorm": 1.624, "tok_per_s": 152269.4, "load": 9.45458984375}
{"event": "step", "step": 178200, "loss": 4.9725, "lr": 0.0017511577900406082, "gnorm": 1.143, "tok_per_s": 126883.9, "load": 8.61572265625}
{"event": "step", "step": 178400, "loss": 5.2353, "lr": 0.0017488007725842282, "gnorm": 2.601, "tok_per_s": 152237.1, "load": 7.90673828125}
{"event": "step", "step": 178600, "loss": 4.9525, "lr": 0.0017464434522922445, "gnorm": 1.703, "tok_per_s": 152125.7, "load": 7.37939453125}
{"event": "step", "step": 178800, "loss": 5.0585, "lr": 0.0017440858363901126, "gnorm": 3.519, "tok_per_s": 152191.5, "load": 6.859375}
{"event": "step", "step": 179000, "loss": 4.9556, "lr": 0.0017417279321041926, "gnorm": 3.515, "tok_per_s": 152092.2, "load": 6.41943359375}
{"event": "step", "step": 179200, "loss": 4.848, "lr": 0.0017393697466617298, "gnorm": 2.075, "tok_per_s": 151915.0, "load": 6.28076171875}
{"event": "step", "step": 179400, "loss": 5.0504, "lr": 0.0017370112872908303, "gnorm": 3.291, "tok_per_s": 152322.2, "load": 6.0029296875}
{"event": "step", "step": 179600, "loss": 5.0755, "lr": 0.0017346525612204405, "gnorm": 1.296, "tok_per_s": 152315.2, "load": 5.55859375}
{"event": "step", "step": 179800, "loss": 4.9196, "lr": 0.0017322935756803241, "gnorm": 1.612, "tok_per_s": 152166.0, "load": 9.37060546875}
{"event": "step", "step": 180000, "loss": 4.8959, "lr": 0.0017299343379010399, "gnorm": 1.348, "tok_per_s": 152210.7, "load": 8.62451171875}
eval 180000 {'bpb': 1.6603953409995968, 'nats_per_token': 5.006291879082972, 'tokens': 16379, 'bytes': 71247}
{"event": "step", "step": 180200, "loss": 4.8461, "lr": 0.0017275748551139204, "gnorm": 1.189, "tok_per_s": 125830.7, "load": 7.599609375}
{"event": "step", "step": 180400, "loss": 5.0586, "lr": 0.0017252151345510482, "gnorm": 2.154, "tok_per_s": 152231.4, "load": 7.28564453125}
{"event": "step", "step": 180600, "loss": 5.0874, "lr": 0.0017228551834452355, "gnorm": 1.71, "tok_per_s": 152103.4, "load": 6.927734375}
{"event": "step", "step": 180800, "loss": 4.874, "lr": 0.0017204950090300005, "gnorm": 1.489, "tok_per_s": 151971.4, "load": 6.7177734375}
{"event": "step", "step": 181000, "loss": 4.9713, "lr": 0.0017181346185395463, "gnorm": 1.86, "tok_per_s": 152139.9, "load": 6.60693359375}
{"event": "step", "step": 181200, "loss": 5.0941, "lr": 0.0017157740192087379, "gnorm": 2.799, "tok_per_s": 152305.5, "load": 6.50732421875}
{"event": "step", "step": 181400, "loss": 5.0947, "lr": 0.0017134132182730813, "gnorm": 0.826, "tok_per_s": 152348.8, "load": 7.380859375}
{"event": "step", "step": 181600, "loss": 5.1438, "lr": 0.0017110522229686993, "gnorm": 1.122, "tok_per_s": 152232.6, "load": 6.93408203125}
{"event": "step", "step": 181800, "loss": 5.0263, "lr": 0.0017086910405323113, "gnorm": 2.708, "tok_per_s": 152269.2, "load": 6.482421875}
{"event": "step", "step": 182000, "loss": 4.9188, "lr": 0.0017063296782012095, "gnorm": 3.38, "tok_per_s": 152219.0, "load": 6.39501953125}
{"event": "step", "step": 182200, "loss": 4.7875, "lr": 0.0017039681432132383, "gnorm": 2.113, "tok_per_s": 126039.9, "load": 6.0791015625}
{"event": "step", "step": 182400, "loss": 4.8591, "lr": 0.0017016064428067715, "gnorm": 1.626, "tok_per_s": 152157.9, "load": 5.90673828125}
{"event": "step", "step": 182600, "loss": 4.97, "lr": 0.0016992445842206887, "gnorm": 2.642, "tok_per_s": 152186.1, "load": 5.61328125}
{"event": "step", "step": 182800, "loss": 4.9517, "lr": 0.0016968825746943553, "gnorm": 1.35, "tok_per_s": 152245.2, "load": 5.36474609375}
{"event": "step", "step": 183000, "loss": 5.0543, "lr": 0.0016945204214675992, "gnorm": 1.25, "tok_per_s": 152312.0, "load": 5.15478515625}
{"event": "step", "step": 183200, "loss": 4.9735, "lr": 0.0016921581317806884, "gnorm": 1.946, "tok_per_s": 152553.0, "load": 5.056640625}
{"event": "step", "step": 183400, "loss": 4.9391, "lr": 0.0016897957128743097, "gnorm": 0.92, "tok_per_s": 152498.3, "load": 4.82177734375}
{"event": "step", "step": 183600, "loss": 4.9882, "lr": 0.0016874331719895453, "gnorm": 1.669, "tok_per_s": 152287.5, "load": 4.9296875}
{"event": "step", "step": 183800, "loss": 5.0349, "lr": 0.001685070516367852, "gnorm": 0.96, "tok_per_s": 152369.6, "load": 4.8603515625}
{"event": "step", "step": 184000, "loss": 4.8743, "lr": 0.001682707753251038, "gnorm": 3.57, "tok_per_s": 152378.1, "load": 4.7275390625}
{"event": "step", "step": 184200, "loss": 5.1386, "lr": 0.0016803448898812406, "gnorm": 1.311, "tok_per_s": 126605.6, "load": 4.56591796875}
{"event": "step", "step": 184400, "loss": 4.9399, "lr": 0.001677981933500905, "gnorm": 1.605, "tok_per_s": 152364.4, "load": 6.72119140625}
{"event": "step", "step": 184600, "loss": 4.7634, "lr": 0.0016756188913527618, "gnorm": 1.321, "tok_per_s": 152362.3, "load": 6.38232421875}
{"event": "step", "step": 184800, "loss": 5.1946, "lr": 0.0016732557706798025, "gnorm": 1.304, "tok_per_s": 152256.2, "load": 6.08935546875}
{"event": "step", "step": 185000, "loss": 4.7937, "lr": 0.0016708925787252617, "gnorm": 1.732, "tok_per_s": 152206.0, "load": 5.767578125}
eval 185000 {'bpb': 1.6587885350189164, 'nats_per_token': 5.001447165577874, 'tokens': 16379, 'bytes': 71247}
{"event": "step", "step": 185200, "loss": 4.9384, "lr": 0.0016685293227325915, "gnorm": 1.239, "tok_per_s": 151409.8, "load": 5.49560546875}
{"event": "step", "step": 185400, "loss": 5.0756, "lr": 0.0016661660099454398, "gnorm": 3.25, "tok_per_s": 152210.6, "load": 5.16357421875}
{"event": "step", "step": 185600, "loss": 5.0995, "lr": 0.0016638026476076294, "gnorm": 0.878, "tok_per_s": 152200.2, "load": 4.984375}
{"event": "step", "step": 185800, "loss": 4.818, "lr": 0.001661439242963134, "gnorm": 1.98, "tok_per_s": 152173.6, "load": 4.83251953125}
{"event": "step", "step": 186000, "loss": 5.0622, "lr": 0.001659075803256059, "gnorm": 1.967, "tok_per_s": 151855.8, "load": 4.7041015625}
{"event": "step", "step": 186200, "loss": 5.0055, "lr": 0.0016567123357306144, "gnorm": 1.378, "tok_per_s": 127503.2, "load": 4.54736328125}
{"event": "step", "step": 186400, "loss": 4.908, "lr": 0.001654348847631097, "gnorm": 2.175, "tok_per_s": 152480.3, "load": 4.462890625}
{"event": "step", "step": 186600, "loss": 5.0042, "lr": 0.001651985346201868, "gnorm": 1.738, "tok_per_s": 152361.0, "load": 4.3916015625}
{"event": "step", "step": 186800, "loss": 4.9488, "lr": 0.0016496218386873264, "gnorm": 2.33, "tok_per_s": 152422.3, "load": 4.33056640625}
{"event": "step", "step": 187000, "loss": 4.9797, "lr": 0.0016472583323318927, "gnorm": 3.078, "tok_per_s": 151750.7, "load": 4.35986328125}
{"event": "step", "step": 187200, "loss": 4.8455, "lr": 0.001644894834379982, "gnorm": 2.658, "tok_per_s": 151826.1, "load": 4.35302734375}
{"event": "step", "step": 187400, "loss": 4.941, "lr": 0.001642531352075984, "gnorm": 1.207, "tok_per_s": 152292.1, "load": 4.29833984375}
{"event": "step", "step": 187600, "loss": 4.9998, "lr": 0.0016401678926642419, "gnorm": 1.509, "tok_per_s": 152520.2, "load": 4.33251953125}
{"event": "step", "step": 187800, "loss": 4.872, "lr": 0.0016378044633890265, "gnorm": 2.887, "tok_per_s": 152391.0, "load": 4.28076171875}
{"event": "step", "step": 188000, "loss": 4.889, "lr": 0.001635441071494518, "gnorm": 0.913, "tok_per_s": 152452.5, "load": 4.31103515625}
{"event": "step", "step": 188200, "loss": 5.025, "lr": 0.001633077724224781, "gnorm": 1.926, "tok_per_s": 126532.4, "load": 4.5498046875}
{"event": "step", "step": 188400, "loss": 4.8385, "lr": 0.0016307144288237427, "gnorm": 2.035, "tok_per_s": 152149.4, "load": 4.53857421875}
{"event": "step", "step": 188600, "loss": 5.0132, "lr": 0.001628351192535174, "gnorm": 1.039, "tok_per_s": 152118.8, "load": 4.68359375}
{"event": "step", "step": 188800, "loss": 4.8942, "lr": 0.0016259880226026618, "gnorm": 1.092, "tok_per_s": 152198.5, "load": 4.57763671875}
{"event": "step", "step": 189000, "loss": 5.0825, "lr": 0.0016236249262695911, "gnorm": 2.345, "tok_per_s": 152186.0, "load": 4.48828125}
{"event": "step", "step": 189200, "loss": 5.0078, "lr": 0.001621261910779121, "gnorm": 1.417, "tok_per_s": 152059.3, "load": 4.37939453125}
{"event": "step", "step": 189400, "loss": 4.9727, "lr": 0.0016188989833741617, "gnorm": 1.406, "tok_per_s": 152101.9, "load": 4.3203125}
{"event": "step", "step": 189600, "loss": 4.7711, "lr": 0.0016165361512973553, "gnorm": 1.151, "tok_per_s": 152047.4, "load": 4.2705078125}
{"event": "step", "step": 189800, "loss": 4.958, "lr": 0.0016141734217910507, "gnorm": 2.733, "tok_per_s": 152108.3, "load": 4.228515625}
{"event": "step", "step": 190000, "loss": 4.9052, "lr": 0.0016118108020972825, "gnorm": 1.717, "tok_per_s": 152408.9, "load": 4.19287109375}
eval 190000 {'bpb': 1.6546427477852153, 'nats_per_token': 4.988947117879602, 'tokens': 16379, 'bytes': 71247}
{"event": "step", "step": 190200, "loss": 4.9453, "lr": 0.0016094482994577482, "gnorm": 1.042, "tok_per_s": 127774.3, "load": 8.16064453125}
{"event": "step", "step": 190400, "loss": 4.9297, "lr": 0.001607085921113788, "gnorm": 2.735, "tok_per_s": 152266.1, "load": 7.5205078125}
{"event": "step", "step": 190600, "loss": 5.1013, "lr": 0.0016047236743063598, "gnorm": 2.328, "tok_per_s": 151907.2, "load": 7.52685546875}
{"event": "step", "step": 190800, "loss": 4.9446, "lr": 0.0016023615662760183, "gnorm": 1.566, "tok_per_s": 152342.7, "load": 7.0576171875}
{"event": "step", "step": 191000, "loss": 4.8853, "lr": 0.0015999996042628936, "gnorm": 1.464, "tok_per_s": 152278.9, "load": 6.5869140625}
{"event": "step", "step": 191200, "loss": 4.9748, "lr": 0.0015976377955066673, "gnorm": 1.775, "tok_per_s": 152233.8, "load": 6.08056640625}
{"event": "step", "step": 191400, "loss": 4.8599, "lr": 0.0015952761472465527, "gnorm": 1.161, "tok_per_s": 152206.4, "load": 5.76025390625}
{"event": "step", "step": 191600, "loss": 5.0193, "lr": 0.00159291466672127, "gnorm": 1.47, "tok_per_s": 152154.5, "load": 5.4892578125}
{"event": "step", "step": 191800, "loss": 5.1141, "lr": 0.0015905533611690252, "gnorm": 1.1, "tok_per_s": 151879.2, "load": 5.33984375}
{"event": "step", "step": 192000, "loss": 4.9632, "lr": 0.0015881922378274892, "gnorm": 3.675, "tok_per_s": 151992.1, "load": 5.13330078125}
{"event": "step", "step": 192200, "loss": 4.8429, "lr": 0.001585831303933772, "gnorm": 1.378, "tok_per_s": 126434.2, "load": 4.8818359375}
{"event": "step", "step": 192400, "loss": 4.9368, "lr": 0.0015834705667244057, "gnorm": 1.145, "tok_per_s": 152374.8, "load": 4.74560546875}
{"event": "step", "step": 192600, "loss": 5.0797, "lr": 0.001581110033435318, "gnorm": 2.431, "tok_per_s": 152261.5, "load": 4.63037109375}
{"event": "step", "step": 192800, "loss": 4.9172, "lr": 0.0015787497113018112, "gnorm": 1.07, "tok_per_s": 152255.0, "load": 7.015625}
{"event": "step", "step": 193000, "loss": 4.8535, "lr": 0.0015763896075585426, "gnorm": 2.189, "tok_per_s": 152536.3, "load": 6.587890625}
{"event": "step", "step": 193200, "loss": 4.9872, "lr": 0.001574029729439497, "gnorm": 1.321, "tok_per_s": 152982.4, "load": 6.189453125}
{"event": "step", "step": 193400, "loss": 4.8171, "lr": 0.0015716700841779702, "gnorm": 1.137, "tok_per_s": 153264.9, "load": 6.1474609375}
{"event": "step", "step": 193600, "loss": 4.9225, "lr": 0.0015693106790065435, "gnorm": 3.762, "tok_per_s": 153312.3, "load": 5.81689453125}
{"event": "step", "step": 193800, "loss": 4.9862, "lr": 0.0015669515211570602, "gnorm": 1.58, "tok_per_s": 153259.6, "load": 5.61083984375}
{"event": "step", "step": 194000, "loss": 5.0045, "lr": 0.0015645926178606095, "gnorm": 2.32, "tok_per_s": 153246.1, "load": 7.2783203125}
{"event": "step", "step": 194200, "loss": 4.97, "lr": 0.0015622339763474969, "gnorm": 0.961, "tok_per_s": 133301.5, "load": 6.7724609375}
{"event": "step", "step": 194400, "loss": 4.9892, "lr": 0.0015598756038472275, "gnorm": 1.259, "tok_per_s": 152711.1, "load": 6.505859375}
{"event": "step", "step": 194600, "loss": 4.9642, "lr": 0.0015575175075884812, "gnorm": 2.207, "tok_per_s": 152796.2, "load": 6.427734375}
{"event": "step", "step": 194800, "loss": 4.9576, "lr": 0.0015551596947990908, "gnorm": 1.364, "tok_per_s": 153192.7, "load": 6.0537109375}
{"event": "step", "step": 195000, "loss": 4.8245, "lr": 0.0015528021727060216, "gnorm": 1.98, "tok_per_s": 153044.5, "load": 5.73779296875}
eval 195000 {'bpb': 1.6447717354019802, 'nats_per_token': 4.959184826988827, 'tokens': 16379, 'bytes': 71247}
{"event": "step", "step": 195200, "loss": 5.074, "lr": 0.0015504449485353455, "gnorm": 1.467, "tok_per_s": 151821.0, "load": 5.47021484375}
{"event": "step", "step": 195400, "loss": 4.8998, "lr": 0.0015480880295122232, "gnorm": 1.881, "tok_per_s": 152420.6, "load": 5.21728515625}
{"event": "step", "step": 195600, "loss": 4.9543, "lr": 0.00154573142286088, "gnorm": 1.28, "tok_per_s": 152413.3, "load": 5.10986328125}
{"event": "step", "step": 195800, "loss": 4.8401, "lr": 0.001543375135804583, "gnorm": 2.36, "tok_per_s": 152398.4, "load": 4.9384765625}
{"event": "step", "step": 196000, "loss": 4.8098, "lr": 0.0015410191755656191, "gnorm": 3.094, "tok_per_s": 152169.2, "load": 4.8681640625}
{"event": "step", "step": 196200, "loss": 5.0466, "lr": 0.001538663549365276, "gnorm": 1.191, "tok_per_s": 126163.8, "load": 4.67529296875}
{"event": "step", "step": 196400, "loss": 4.9347, "lr": 0.001536308264423815, "gnorm": 1.316, "tok_per_s": 152157.7, "load": 4.5712890625}
{"event": "step", "step": 196600, "loss": 4.9998, "lr": 0.0015339533279604522, "gnorm": 4.086, "tok_per_s": 152288.2, "load": 4.5634765625}
{"event": "step", "step": 196800, "loss": 4.938, "lr": 0.0015315987471933358, "gnorm": 4.478, "tok_per_s": 152241.8, "load": 4.4765625}
{"event": "step", "step": 197000, "loss": 4.8712, "lr": 0.0015292445293395229, "gnorm": 1.139, "tok_per_s": 152195.2, "load": 4.4833984375}
{"event": "step", "step": 197200, "loss": 4.8238, "lr": 0.0015268906816149602, "gnorm": 1.139, "tok_per_s": 152215.6, "load": 4.37548828125}
{"event": "step", "step": 197400, "loss": 4.807, "lr": 0.0015245372112344582, "gnorm": 0.82, "tok_per_s": 152139.3, "load": 4.3173828125}
{"event": "step", "step": 197600, "loss": 5.0633, "lr": 0.0015221841254116704, "gnorm": 3.386, "tok_per_s": 152092.2, "load": 4.26806640625}
{"event": "step", "step": 197800, "loss": 5.1356, "lr": 0.0015198314313590747, "gnorm": 2.989, "tok_per_s": 152119.2, "load": 8.13134765625}
{"event": "step", "step": 198000, "loss": 4.9942, "lr": 0.0015174791362879431, "gnorm": 2.075, "tok_per_s": 151580.4, "load": 8.19775390625}
{"event": "step", "step": 198200, "loss": 4.9664, "lr": 0.0015151272474083289, "gnorm": 1.196, "tok_per_s": 126922.1, "load": 7.54443359375}
{"event": "step", "step": 198400, "loss": 4.9467, "lr": 0.0015127757719290388, "gnorm": 3.172, "tok_per_s": 152289.4, "load": 6.9990234375}
{"event": "step", "step": 198600, "loss": 4.964, "lr": 0.0015104247170576125, "gnorm": 2.243, "tok_per_s": 152319.2, "load": 6.61767578125}
{"event": "step", "step": 198800, "loss": 4.9612, "lr": 0.0015080740900003007, "gnorm": 1.434, "tok_per_s": 152277.1, "load": 6.294921875}
{"event": "step", "step": 199000, "loss": 5.1579, "lr": 0.0015057238979620427, "gnorm": 1.469, "tok_per_s": 152272.2, "load": 5.94140625}
{"event": "step", "step": 199200, "loss": 4.9995, "lr": 0.0015033741481464444, "gnorm": 1.676, "tok_per_s": 152198.1, "load": 5.5107421875}
{"event": "step", "step": 199400, "loss": 4.9936, "lr": 0.001501024847755756, "gnorm": 0.855, "tok_per_s": 152141.7, "load": 5.3515625}
{"event": "step", "step": 199600, "loss": 4.9679, "lr": 0.0014986760039908498, "gnorm": 1.081, "tok_per_s": 152105.9, "load": 5.1435546875}
{"event": "step", "step": 199800, "loss": 5.0574, "lr": 0.0014963276240512, "gnorm": 1.866, "tok_per_s": 152031.7, "load": 7.0498046875}
{"event": "step", "step": 200000, "loss": 5.103, "lr": 0.0014939797151348575, "gnorm": 2.697, "tok_per_s": 152104.2, "load": 10.92724609375}
eval 200000 {'bpb': 1.6672469281243643, 'nats_per_token': 5.026950239254533, 'tokens': 16379, 'bytes': 71247}
{"event": "step", "step": 200200, "loss": 4.9175, "lr": 0.0014916322844384302, "gnorm": 4.84, "tok_per_s": 124664.9, "load": 9.87255859375}
{"event": "step", "step": 200400, "loss": 4.9241, "lr": 0.0014892853391570606, "gnorm": 0.832, "tok_per_s": 151960.3, "load": 9.27001953125}
{"event": "step", "step": 200600, "loss": 4.8522, "lr": 0.001486938886484403, "gnorm": 2.003, "tok_per_s": 152145.4, "load": 8.458984375}
{"event": "step", "step": 200800, "loss": 5.16, "lr": 0.0014845929336126011, "gnorm": 0.895, "tok_per_s": 152333.4, "load": 7.77294921875}
{"event": "step", "step": 201000, "loss": 4.9822, "lr": 0.0014822474877322672, "gnorm": 1.194, "tok_per_s": 152254.6, "load": 6.9365234375}
{"event": "step", "step": 201200, "loss": 4.7445, "lr": 0.0014799025560324596, "gnorm": 1.592, "tok_per_s": 152149.0, "load": 6.48486328125}
{"event": "step", "step": 201400, "loss": 4.9339, "lr": 0.001477558145700661, "gnorm": 3.278, "tok_per_s": 152197.3, "load": 6.1826171875}
{"event": "step", "step": 201600, "loss": 4.7322, "lr": 0.0014752142639227561, "gnorm": 1.531, "tok_per_s": 152533.7, "load": 5.92041015625}
{"event": "step", "step": 201800, "loss": 4.9557, "lr": 0.0014728709178830081, "gnorm": 2.631, "tok_per_s": 153232.9, "load": 5.705078125}
{"event": "step", "step": 202000, "loss": 4.9238, "lr": 0.0014705281147640394, "gnorm": 1.064, "tok_per_s": 153145.2, "load": 5.51611328125}
{"event": "step", "step": 202200, "loss": 5.0296, "lr": 0.001468185861746808, "gnorm": 1.895, "tok_per_s": 132954.0, "load": 5.1796875}
{"event": "step", "step": 202400, "loss": 5.2108, "lr": 0.0014658441660105861, "gnorm": 5.971, "tok_per_s": 152693.7, "load": 4.998046875}
{"event": "step", "step": 202600, "loss": 4.7927, "lr": 0.0014635030347329373, "gnorm": 1.64, "tok_per_s": 152494.4, "load": 4.91845703125}
{"event": "step", "step": 202800, "loss": 4.9699, "lr": 0.0014611624750896946, "gnorm": 5.368, "tok_per_s": 152817.5, "load": 4.77685546875}
{"event": "step", "step": 203000, "loss": 5.0336, "lr": 0.00145882249425494, "gnorm": 1.991, "tok_per_s": 152253.5, "load": 4.73095703125}
{"event": "step", "step": 203200, "loss": 5.0505, "lr": 0.0014564830994009813, "gnorm": 3.813, "tok_per_s": 152046.3, "load": 4.568359375}
{"event": "step", "step": 203400, "loss": 5.0213, "lr": 0.001454144297698329, "gnorm": 2.156, "tok_per_s": 151901.8, "load": 4.48046875}
{"event": "step", "step": 203600, "loss": 4.9803, "lr": 0.0014518060963156763, "gnorm": 3.524, "tok_per_s": 151993.6, "load": 4.40625}
{"event": "step", "step": 203800, "loss": 4.9322, "lr": 0.0014494685024198767, "gnorm": 3.324, "tok_per_s": 151881.8, "load": 4.41748046875}
{"event": "step", "step": 204000, "loss": 4.9367, "lr": 0.0014471315231759211, "gnorm": 0.972, "tok_per_s": 151834.7, "load": 4.43359375}
{"event": "step", "step": 204200, "loss": 4.782, "lr": 0.0014447951657469166, "gnorm": 2.483, "tok_per_s": 126050.1, "load": 4.40478515625}
{"event": "step", "step": 204400, "loss": 4.9825, "lr": 0.001442459437294065, "gnorm": 1.424, "tok_per_s": 152448.5, "load": 4.341796875}
{"event": "step", "step": 204600, "loss": 4.9533, "lr": 0.0014401243449766385, "gnorm": 6.939, "tok_per_s": 152367.8, "load": 4.28857421875}
{"event": "step", "step": 204800, "loss": 5.0788, "lr": 0.0014377898959519616, "gnorm": 3.0, "tok_per_s": 152278.4, "load": 4.6123046875}
{"event": "step", "step": 205000, "loss": 4.8676, "lr": 0.001435456097375386, "gnorm": 2.371, "tok_per_s": 152275.1, "load": 4.517578125}
eval 205000 {'bpb': 1.6708390261848467, 'nats_per_token': 5.037780847426583, 'tokens': 16379, 'bytes': 71247}
{"event": "step", "step": 205200, "loss": 4.8914, "lr": 0.001433122956400269, "gnorm": 3.798, "tok_per_s": 151505.4, "load": 4.40234375}
{"event": "step", "step": 205400, "loss": 4.8081, "lr": 0.0014307904801779537, "gnorm": 1.156, "tok_per_s": 151780.0, "load": 4.568359375}
{"event": "step", "step": 205600, "loss": 5.0457, "lr": 0.0014284586758577442, "gnorm": 1.044, "tok_per_s": 152110.5, "load": 4.71533203125}
{"event": "step", "step": 205800, "loss": 4.8221, "lr": 0.0014261275505868868, "gnorm": 1.695, "tok_per_s": 152496.8, "load": 4.6787109375}
{"event": "step", "step": 206000, "loss": 5.0972, "lr": 0.0014237971115105444, "gnorm": 4.233, "tok_per_s": 152994.1, "load": 4.64794921875}
{"event": "step", "step": 206200, "loss": 5.0923, "lr": 0.001421467365771779, "gnorm": 1.435, "tok_per_s": 130123.1, "load": 4.57177734375}
{"event": "step", "step": 206400, "loss": 4.9442, "lr": 0.0014191383205115265, "gnorm": 3.448, "tok_per_s": 152532.4, "load": 4.4833984375}
{"event": "step", "step": 206600, "loss": 4.8971, "lr": 0.0014168099828685736, "gnorm": 3.153, "tok_per_s": 152661.0, "load": 4.40869140625}
{"event": "step", "step": 206800, "loss": 4.8566, "lr": 0.0014144823599795415, "gnorm": 4.834, "tok_per_s": 152714.0, "load": 4.34521484375}
{"event": "step", "step": 207000, "loss": 4.7919, "lr": 0.0014121554589788584, "gnorm": 2.464, "tok_per_s": 152586.8, "load": 8.9365234375}
{"event": "step", "step": 207200, "loss": 4.8779, "lr": 0.0014098292869987408, "gnorm": 3.378, "tok_per_s": 151940.0, "load": 8.14990234375}
{"event": "step", "step": 207400, "loss": 4.9317, "lr": 0.0014075038511691701, "gnorm": 1.443, "tok_per_s": 151908.6, "load": 7.88623046875}
{"event": "step", "step": 207600, "loss": 5.0587, "lr": 0.0014051791586178718, "gnorm": 1.486, "tok_per_s": 152160.0, "load": 7.2880859375}
{"event": "step", "step": 207800, "loss": 4.8782, "lr": 0.0014028552164702935, "gnorm": 2.885, "tok_per_s": 151888.5, "load": 7.39111328125}
{"event": "step", "step": 208000, "loss": 5.0066, "lr": 0.0014005320318495808, "gnorm": 5.52, "tok_per_s": 152072.8, "load": 11.427734375}
{"event": "step", "step": 208200, "loss": 4.9618, "lr": 0.0013982096118765588, "gnorm": 2.045, "tok_per_s": 126413.2, "load": 9.94189453125}
{"event": "step", "step": 208400, "loss": 4.9943, "lr": 0.0013958879636697104, "gnorm": 5.254, "tok_per_s": 152251.2, "load": 9.1015625}
{"event": "step", "step": 208600, "loss": 4.7673, "lr": 0.0013935670943451503, "gnorm": 0.907, "tok_per_s": 152181.7, "load": 8.31689453125}
{"event": "step", "step": 208800, "loss": 4.8469, "lr": 0.0013912470110166062, "gnorm": 1.108, "tok_per_s": 152091.8, "load": 7.80029296875}
{"event": "step", "step": 209000, "loss": 5.0725, "lr": 0.0013889277207953987, "gnorm": 5.019, "tok_per_s": 151990.0, "load": 6.95751953125}
{"event": "step", "step": 209200, "loss": 5.0707, "lr": 0.0013866092307904159, "gnorm": 1.182, "tok_per_s": 152219.3, "load": 6.501953125}
{"event": "step", "step": 209400, "loss": 4.9763, "lr": 0.0013842915481080927, "gnorm": 2.689, "tok_per_s": 152322.7, "load": 6.19677734375}
{"event": "step", "step": 209600, "loss": 5.0151, "lr": 0.00138197467985239, "gnorm": 2.088, "tok_per_s": 152393.1, "load": 5.8583984375}
{"event": "step", "step": 209800, "loss": 4.93, "lr": 0.001379658633124773, "gnorm": 3.256, "tok_per_s": 152358.3, "load": 5.572265625}
{"event": "step", "step": 210000, "loss": 4.9052, "lr": 0.0013773434150241878, "gnorm": 1.25, "tok_per_s": 151917.3, "load": 6.05126953125}
eval 210000 {'bpb': 1.6716774697900063, 'nats_per_token': 5.040308855852006, 'tokens': 16379, 'bytes': 71247}
{"event": "step", "step": 210200, "loss": 4.9203, "lr": 0.001375029032647042, "gnorm": 3.109, "tok_per_s": 126250.3, "load": 5.8115234375}
{"event": "step", "step": 210400, "loss": 4.9429, "lr": 0.0013727154930871796, "gnorm": 2.203, "tok_per_s": 152270.4, "load": 5.5322265625}
{"event": "step", "step": 210600, "loss": 5.0076, "lr": 0.001370402803435864, "gnorm": 5.223, "tok_per_s": 152183.5, "load": 5.2958984375}
{"event": "step", "step": 210800, "loss": 5.1294, "lr": 0.0013680909707817505, "gnorm": 2.817, "tok_per_s": 152154.8, "load": 5.09619140625}
{"event": "step", "step": 211000, "loss": 4.81, "lr": 0.0013657800022108695, "gnorm": 0.819, "tok_per_s": 152408.8, "load": 4.92626953125}
{"event": "step", "step": 211200, "loss": 4.8885, "lr": 0.0013634699048066027, "gnorm": 2.937, "tok_per_s": 152376.6, "load": 4.78369140625}
{"event": "step", "step": 211400, "loss": 4.999, "lr": 0.0013611606856496607, "gnorm": 4.568, "tok_per_s": 152399.5, "load": 4.7431640625}
{"event": "step", "step": 211600, "loss": 4.9639, "lr": 0.0013588523518180639, "gnorm": 1.643, "tok_per_s": 152353.8, "load": 4.62841796875}
{"event": "step", "step": 211800, "loss": 4.8298, "lr": 0.0013565449103871178, "gnorm": 4.015, "tok_per_s": 152322.0, "load": 4.53125}
{"event": "step", "step": 212000, "loss": 4.8735, "lr": 0.001354238368429392, "gnorm": 1.613, "tok_per_s": 152337.7, "load": 4.44873046875}
{"event": "step", "step": 212200, "loss": 5.0198, "lr": 0.0013519327330147005, "gnorm": 2.788, "tok_per_s": 126473.2, "load": 4.4228515625}
{"event": "step", "step": 212400, "loss": 4.8792, "lr": 0.0013496280112100774, "gnorm": 1.838, "tok_per_s": 152273.1, "load": 4.357421875}
{"event": "step", "step": 212600, "loss": 4.8729, "lr": 0.0013473242100797578, "gnorm": 3.949, "tok_per_s": 152163.0, "load": 4.30224609375}
{"event": "step", "step": 212800, "loss": 5.0654, "lr": 0.0013450213366851538, "gnorm": 2.093, "tok_per_s": 152341.5, "load": 4.3359375}
{"event": "step", "step": 213000, "loss": 4.937, "lr": 0.0013427193980848344, "gnorm": 2.701, "tok_per_s": 152393.9, "load": 4.2607421875}
{"event": "step", "step": 213200, "loss": 4.9411, "lr": 0.001340418401334503, "gnorm": 2.73, "tok_per_s": 152351.4, "load": 4.22021484375}
{"event": "step", "step": 213400, "loss": 4.9358, "lr": 0.001338118353486977, "gnorm": 1.687, "tok_per_s": 152332.7, "load": 4.26611328125}
{"event": "step", "step": 213600, "loss": 4.9719, "lr": 0.001335819261592164, "gnorm": 2.734, "tok_per_s": 152216.7, "load": 4.30517578125}
{"event": "step", "step": 213800, "loss": 5.1588, "lr": 0.0013335211326970418, "gnorm": 3.335, "tok_per_s": 152252.5, "load": 4.33154296875}
{"event": "step", "step": 214000, "loss": 4.9216, "lr": 0.001331223973845637, "gnorm": 3.559, "tok_per_s": 152297.0, "load": 4.2802734375}
{"event": "step", "step": 214200, "loss": 5.0606, "lr": 0.001328927792079003, "gnorm": 3.155, "tok_per_s": 125930.5, "load": 4.28564453125}
{"event": "step", "step": 214400, "loss": 4.9476, "lr": 0.001326632594435198, "gnorm": 2.723, "tok_per_s": 152431.3, "load": 4.3154296875}
{"event": "step", "step": 214600, "loss": 4.9531, "lr": 0.0013243383879492639, "gnorm": 3.157, "tok_per_s": 152350.7, "load": 4.2666015625}
{"event": "step", "step": 214800, "loss": 4.8814, "lr": 0.0013220451796532042, "gnorm": 1.109, "tok_per_s": 152316.2, "load": 4.36767578125}
{"event": "step", "step": 215000, "loss": 4.8133, "lr": 0.0013197529765759627, "gnorm": 2.45, "tok_per_s": 152173.0, "load": 4.384765625}
eval 215000 {'bpb': 1.6717873375416636, 'nats_per_token': 5.04064012035228, 'tokens': 16379, 'bytes': 71247}
{"event": "step", "step": 215200, "loss": 5.1015, "lr": 0.001317461785743403, "gnorm": 1.423, "tok_per_s": 151502.6, "load": 4.3251953125}
{"event": "step", "step": 215400, "loss": 4.7939, "lr": 0.0013151716141782859, "gnorm": 1.944, "tok_per_s": 152395.1, "load": 4.2744140625}
{"event": "step", "step": 215600, "loss": 4.8987, "lr": 0.001312882468900247, "gnorm": 1.917, "tok_per_s": 152440.1, "load": 4.3056640625}
{"event": "step", "step": 215800, "loss": 5.0275, "lr": 0.001310594356925777, "gnorm": 3.303, "tok_per_s": 152471.5, "load": 4.2578125}
{"event": "step", "step": 216000, "loss": 4.9393, "lr": 0.0013083072852681998, "gnorm": 2.531, "tok_per_s": 152540.2, "load": 4.34765625}
{"event": "step", "step": 216200, "loss": 5.0445, "lr": 0.0013060212609376503, "gnorm": 1.841, "tok_per_s": 125397.1, "load": 4.4541015625}
{"event": "step", "step": 216400, "loss": 4.7173, "lr": 0.0013037362909410516, "gnorm": 1.951, "tok_per_s": 152350.9, "load": 4.4580078125}
{"event": "step", "step": 216600, "loss": 5.0824, "lr": 0.001301452382282098, "gnorm": 1.317, "tok_per_s": 152083.6, "load": 4.38671875}
{"event": "step", "step": 216800, "loss": 4.9775, "lr": 0.0012991695419612285, "gnorm": 2.103, "tok_per_s": 151785.9, "load": 4.9912109375}
{"event": "step", "step": 217000, "loss": 4.9805, "lr": 0.0012968877769756085, "gnorm": 4.453, "tok_per_s": 152293.8, "load": 4.91259765625}
{"event": "step", "step": 217200, "loss": 4.9679, "lr": 0.0012946070943191076, "gnorm": 1.636, "tok_per_s": 152413.4, "load": 4.77197265625}
{"event": "step", "step": 217400, "loss": 4.9491, "lr": 0.0012923275009822763, "gnorm": 2.09, "tok_per_s": 152411.3, "load": 4.7333984375}
{"event": "step", "step": 217600, "loss": 4.8047, "lr": 0.0012900490039523288, "gnorm": 0.879, "tok_per_s": 152050.6, "load": 5.162109375}
{"event": "step", "step": 217800, "loss": 4.8555, "lr": 0.0012877716102131173, "gnorm": 2.954, "tok_per_s": 152373.2, "load": 5.28466796875}
{"event": "step", "step": 218000, "loss": 4.8892, "lr": 0.0012854953267451119, "gnorm": 5.942, "tok_per_s": 152356.2, "load": 5.54248046875}
{"event": "step", "step": 218200, "loss": 5.1378, "lr": 0.0012832201605253808, "gnorm": 1.039, "tok_per_s": 126193.9, "load": 5.30517578125}
{"event": "step", "step": 218400, "loss": 5.0162, "lr": 0.0012809461185275667, "gnorm": 3.093, "tok_per_s": 152451.7, "load": 5.10400390625}
{"event": "step", "step": 218600, "loss": 4.6829, "lr": 0.0012786732077218676, "gnorm": 4.12, "tok_per_s": 152581.4, "load": 4.8583984375}
{"event": "step", "step": 218800, "loss": 4.927, "lr": 0.0012764014350750133, "gnorm": 2.419, "tok_per_s": 152889.5, "load": 4.72607421875}
{"event": "step", "step": 219000, "loss": 4.8547, "lr": 0.001274130807550245, "gnorm": 2.677, "tok_per_s": 152996.9, "load": 4.68798828125}
{"event": "step", "step": 219200, "loss": 5.0223, "lr": 0.0012718613321072954, "gnorm": 3.501, "tok_per_s": 152916.8, "load": 4.58203125}
{"event": "step", "step": 219400, "loss": 4.9868, "lr": 0.001269593015702363, "gnorm": 4.909, "tok_per_s": 152692.3, "load": 4.4921875}
{"event": "step", "step": 219600, "loss": 5.2353, "lr": 0.001267325865288097, "gnorm": 6.966, "tok_per_s": 152401.0, "load": 8.58056640625}
{"event": "step", "step": 219800, "loss": 4.7176, "lr": 0.001265059887813571, "gnorm": 2.848, "tok_per_s": 152121.4, "load": 8.40478515625}
{"event": "step", "step": 220000, "loss": 5.2271, "lr": 0.0012627950902242625, "gnorm": 2.007, "tok_per_s": 152325.9, "load": 7.49609375}
eval 220000 {'bpb': 1.6619824514654014, 'nats_per_token': 5.011077208239208, 'tokens': 16379, 'bytes': 71247}
{"event": "step", "step": 220200, "loss": 4.8376, "lr": 0.0012605314794620352, "gnorm": 1.157, "tok_per_s": 125364.6, "load": 7.0380859375}
{"event": "step", "step": 220400, "loss": 4.8273, "lr": 0.0012582690624651127, "gnorm": 2.747, "tok_per_s": 152328.5, "load": 6.5703125}
{"event": "step", "step": 220600, "loss": 4.8077, "lr": 0.001256007846168061, "gnorm": 1.261, "tok_per_s": 152418.8, "load": 6.08056640625}
{"event": "step", "step": 220800, "loss": 4.9856, "lr": 0.001253747837501764, "gnorm": 2.174, "tok_per_s": 152460.5, "load": 5.76025390625}
{"event": "step", "step": 221000, "loss": 5.0277, "lr": 0.001251489043393406, "gnorm": 4.716, "tok_per_s": 152298.6, "load": 5.4892578125}
{"event": "step", "step": 221200, "loss": 5.0829, "lr": 0.001249231470766448, "gnorm": 1.972, "tok_per_s": 152298.5, "load": 5.33984375}
{"event": "step", "step": 221400, "loss": 4.947, "lr": 0.0012469751265406063, "gnorm": 1.437, "tok_per_s": 152281.8, "load": 5.13330078125}
{"event": "step", "step": 221600, "loss": 5.1132, "lr": 0.001244720017631833, "gnorm": 1.032, "tok_per_s": 152268.1, "load": 5.0322265625}
{"event": "step", "step": 221800, "loss": 4.8795, "lr": 0.0012424661509522932, "gnorm": 1.039, "tok_per_s": 152228.8, "load": 4.802734375}
{"event": "step", "step": 222000, "loss": 4.867, "lr": 0.0012402135334103454, "gnorm": 2.667, "tok_per_s": 152151.4, "load": 7.18408203125}
{"event": "step", "step": 222200, "loss": 4.8908, "lr": 0.0012379621719105166, "gnorm": 1.589, "tok_per_s": 126085.1, "load": 7.0625}
{"event": "step", "step": 222400, "loss": 4.8658, "lr": 0.0012357120733534875, "gnorm": 4.669, "tok_per_s": 152306.7, "load": 6.59130859375}
{"event": "step", "step": 222600, "loss": 4.9372, "lr": 0.001233463244636065, "gnorm": 2.808, "tok_per_s": 152221.3, "load": 6.01708984375}
{"event": "step", "step": 222800, "loss": 4.9176, "lr": 0.0012312156926511655, "gnorm": 1.198, "tok_per_s": 152213.3, "load": 5.7802734375}
{"event": "step", "step": 223000, "loss": 5.0309, "lr": 0.0012289694242877914, "gnorm": 2.469, "tok_per_s": 152133.7, "load": 5.580078125}
{"event": "step", "step": 223200, "loss": 4.8633, "lr": 0.00122672444643101, "gnorm": 2.418, "tok_per_s": 152249.6, "load": 5.41650390625}
{"event": "step", "step": 223400, "loss": 4.9428, "lr": 0.0012244807659619354, "gnorm": 1.335, "tok_per_s": 152150.5, "load": 5.1982421875}
{"event": "step", "step": 223600, "loss": 4.7853, "lr": 0.001222238389757701, "gnorm": 4.268, "tok_per_s": 152250.5, "load": 5.013671875}
{"event": "step", "step": 223800, "loss": 5.0041, "lr": 0.001219997324691447, "gnorm": 2.026, "tok_per_s": 152175.7, "load": 4.78857421875}
{"event": "step", "step": 224000, "loss": 4.9427, "lr": 0.001217757577632291, "gnorm": 5.253, "tok_per_s": 152292.9, "load": 4.74755859375}
{"event": "step", "step": 224200, "loss": 4.8798, "lr": 0.0012155191554453133, "gnorm": 3.724, "tok_per_s": 126229.9, "load": 8.83154296875}
{"event": "step", "step": 224400, "loss": 4.9181, "lr": 0.0012132820649915325, "gnorm": 2.624, "tok_per_s": 152317.6, "load": 8.08837890625}
{"event": "step", "step": 224600, "loss": 4.982, "lr": 0.0012110463131278855, "gnorm": 1.255, "tok_per_s": 152287.9, "load": 7.26220703125}
{"event": "step", "step": 224800, "loss": 4.9839, "lr": 0.0012088119067072054, "gnorm": 2.244, "tok_per_s": 152144.4, "load": 6.759765625}
{"event": "step", "step": 225000, "loss": 4.9795, "lr": 0.0012065788525782023, "gnorm": 2.056, "tok_per_s": 152150.4, "load": 6.48876953125}
eval 225000 {'bpb': 1.6430163825259705, 'nats_per_token': 4.95389222670798, 'tokens': 16379, 'bytes': 71247}
{"event": "step", "step": 225200, "loss": 4.7221, "lr": 0.0012043471575854403, "gnorm": 4.176, "tok_per_s": 151449.4, "load": 6.17919921875}
{"event": "step", "step": 225400, "loss": 4.8282, "lr": 0.0012021168285693193, "gnorm": 2.028, "tok_per_s": 152167.2, "load": 5.84375}
{"event": "step", "step": 225600, "loss": 5.0134, "lr": 0.001199887872366051, "gnorm": 1.175, "tok_per_s": 152148.6, "load": 5.63330078125}
{"event": "step", "step": 225800, "loss": 4.9538, "lr": 0.0011976602958076394, "gnorm": 2.312, "tok_per_s": 152227.8, "load": 5.27099609375}
{"event": "step", "step": 226000, "loss": 5.0783, "lr": 0.0011954341057218603, "gnorm": 2.084, "tok_per_s": 152379.2, "load": 5.53076171875}
{"event": "step", "step": 226200, "loss": 5.1511, "lr": 0.0011932093089322398, "gnorm": 3.922, "tok_per_s": 124988.2, "load": 5.9169921875}
{"event": "step", "step": 226400, "loss": 4.8623, "lr": 0.0011909859122580324, "gnorm": 2.1, "tok_per_s": 152360.6, "load": 5.7998046875}
{"event": "step", "step": 226600, "loss": 5.052, "lr": 0.0011887639225142022, "gnorm": 1.914, "tok_per_s": 152285.6, "load": 5.5224609375}
{"event": "step", "step": 226800, "loss": 5.0193, "lr": 0.0011865433465113994, "gnorm": 1.586, "tok_per_s": 152279.8, "load": 5.67626953125}
{"event": "step", "step": 227000, "loss": 4.7727, "lr": 0.0011843241910559435, "gnorm": 1.719, "tok_per_s": 152095.8, "load": 5.41845703125}
{"event": "step", "step": 227200, "loss": 4.8607, "lr": 0.0011821064629497977, "gnorm": 1.527, "tok_per_s": 152031.1, "load": 5.427734375}
{"event": "step", "step": 227400, "loss": 5.0038, "lr": 0.0011798901689905506, "gnorm": 3.087, "tok_per_s": 151840.4, "load": 5.51611328125}
{"event": "step", "step": 227600, "loss": 4.7032, "lr": 0.0011776753159713957, "gnorm": 1.975, "tok_per_s": 152083.5, "load": 5.1796875}
{"event": "step", "step": 227800, "loss": 4.9593, "lr": 0.0011754619106811085, "gnorm": 4.873, "tok_per_s": 152157.9, "load": 4.998046875}
{"event": "step", "step": 228000, "loss": 4.9596, "lr": 0.0011732499599040286, "gnorm": 1.632, "tok_per_s": 152096.7, "load": 4.91845703125}
{"event": "step", "step": 228200, "loss": 4.8332, "lr": 0.0011710394704200367, "gnorm": 1.379, "tok_per_s": 126165.7, "load": 4.71435546875}
{"event": "step", "step": 228400, "loss": 4.8663, "lr": 0.001168830449004534, "gnorm": 2.958, "tok_per_s": 152203.2, "load": 4.60400390625}
{"event": "step", "step": 228600, "loss": 4.9919, "lr": 0.0011666229024284228, "gnorm": 4.722, "tok_per_s": 152216.7, "load": 4.5908203125}
{"event": "step", "step": 228800, "loss": 5.0914, "lr": 0.0011644168374580841, "gnorm": 1.421, "tok_per_s": 152201.5, "load": 4.57373046875}
{"event": "step", "step": 229000, "loss": 4.6912, "lr": 0.0011622122608553583, "gnorm": 1.749, "tok_per_s": 152271.5, "load": 4.48486328125}
{"event": "step", "step": 229200, "loss": 4.9001, "lr": 0.0011600091793775233, "gnorm": 2.295, "tok_per_s": 152366.5, "load": 4.40966796875}
{"event": "step", "step": 229400, "loss": 4.9856, "lr": 0.0011578075997772735, "gnorm": 3.89, "tok_per_s": 151961.5, "load": 4.5810546875}
{"event": "step", "step": 229600, "loss": 4.8901, "lr": 0.0011556075288027018, "gnorm": 1.373, "tok_per_s": 152385.5, "load": 4.59423828125}
{"event": "step", "step": 229800, "loss": 4.8224, "lr": 0.0011534089731972755, "gnorm": 2.115, "tok_per_s": 152247.4, "load": 4.50244140625}
{"event": "step", "step": 230000, "loss": 5.012, "lr": 0.0011512119396998176, "gnorm": 2.321, "tok_per_s": 152220.3, "load": 4.4248046875}
eval 230000 {'bpb': 1.6378220661951, 'nats_per_token': 4.938230737529763, 'tokens': 16379, 'bytes': 71247}
{"event": "step", "step": 230200, "loss": 4.9603, "lr": 0.0011490164350444851, "gnorm": 1.302, "tok_per_s": 125564.1, "load": 4.330078125}
{"event": "step", "step": 230400, "loss": 5.0073, "lr": 0.0011468224659607507, "gnorm": 1.773, "tok_per_s": 152265.1, "load": 4.27880859375}
{"event": "step", "step": 230600, "loss": 4.9157, "lr": 0.0011446300391733779, "gnorm": 2.111, "tok_per_s": 152342.3, "load": 4.2353515625}
{"event": "step", "step": 230800, "loss": 4.96, "lr": 0.001142439161402405, "gnorm": 2.694, "tok_per_s": 152447.5, "load": 5.8935546875}
{"event": "step", "step": 231000, "loss": 5.0595, "lr": 0.0011402498393631205, "gnorm": 2.124, "tok_per_s": 152458.0, "load": 5.83642578125}
{"event": "step", "step": 231200, "loss": 4.9903, "lr": 0.001138062079766046, "gnorm": 1.883, "tok_per_s": 151999.8, "load": 5.5537109375}
{"event": "step", "step": 231400, "loss": 4.8374, "lr": 0.0011358758893169141, "gnorm": 1.743, "tok_per_s": 152198.3, "load": 5.36962890625}
{"event": "step", "step": 231600, "loss": 4.9305, "lr": 0.001133691274716646, "gnorm": 2.567, "tok_per_s": 152194.5, "load": 5.23876953125}
{"event": "step", "step": 231800, "loss": 4.8522, "lr": 0.0011315082426613342, "gnorm": 2.776, "tok_per_s": 152234.6, "load": 7.25830078125}
{"event": "step", "step": 232000, "loss": 4.8253, "lr": 0.0011293267998422213, "gnorm": 2.365, "tok_per_s": 152351.5, "load": 6.7568359375}
{"event": "step", "step": 232200, "loss": 5.1708, "lr": 0.001127146952945676, "gnorm": 3.542, "tok_per_s": 126116.0, "load": 6.21337890625}
{"event": "step", "step": 232400, "loss": 4.8193, "lr": 0.0011249687086531774, "gnorm": 1.178, "tok_per_s": 152498.7, "load": 5.873046875}
{"event": "step", "step": 232600, "loss": 4.9104, "lr": 0.0011227920736412926, "gnorm": 3.757, "tok_per_s": 152359.5, "load": 5.58447265625}
{"event": "step", "step": 232800, "loss": 5.0388, "lr": 0.0011206170545816545, "gnorm": 6.007, "tok_per_s": 152297.2, "load": 5.34033203125}
{"event": "step", "step": 233000, "loss": 5.0053, "lr": 0.0011184436581409445, "gnorm": 1.268, "tok_per_s": 152324.7, "load": 5.1337890625}
{"event": "step", "step": 233200, "loss": 4.823, "lr": 0.0011162718909808697, "gnorm": 4.226, "tok_per_s": 152193.4, "load": 4.958984375}
{"event": "step", "step": 233400, "loss": 4.9365, "lr": 0.0011141017597581437, "gnorm": 3.66, "tok_per_s": 152271.6, "load": 7.068359375}
{"event": "step", "step": 233600, "loss": 4.944, "lr": 0.0011119332711244654, "gnorm": 3.233, "tok_per_s": 152432.9, "load": 6.59619140625}
{"event": "step", "step": 233800, "loss": 4.9205, "lr": 0.0011097664317264982, "gnorm": 2.847, "tok_per_s": 152476.7, "load": 6.19677734375}
{"event": "step", "step": 234000, "loss": 4.8696, "lr": 0.0011076012482058523, "gnorm": 1.246, "tok_per_s": 152471.4, "load": 5.8583984375}
{"event": "step", "step": 234200, "loss": 4.8233, "lr": 0.0011054377271990606, "gnorm": 1.879, "tok_per_s": 126192.6, "load": 5.4462890625}
{"event": "step", "step": 234400, "loss": 5.19, "lr": 0.0011032758753375617, "gnorm": 2.022, "tok_per_s": 152340.9, "load": 5.451171875}
{"event": "step", "step": 234600, "loss": 4.8893, "lr": 0.0011011156992476773, "gnorm": 1.62, "tok_per_s": 152260.4, "load": 5.22802734375}
{"event": "step", "step": 234800, "loss": 4.8898, "lr": 0.0010989572055505928, "gnorm": 1.418, "tok_per_s": 152291.6, "load": 5.03857421875}
{"event": "step", "step": 235000, "loss": 4.707, "lr": 0.0010968004008623362, "gnorm": 2.615, "tok_per_s": 152245.1, "load": 4.87841796875}
eval 235000 {'bpb': 1.6454133820552874, 'nats_per_token': 4.961119468908358, 'tokens': 16379, 'bytes': 71247}
{"event": "step", "step": 235200, "loss": 5.0162, "lr": 0.0010946452917937597, "gnorm": 1.939, "tok_per_s": 151500.9, "load": 4.74267578125}
{"event": "step", "step": 235400, "loss": 5.1106, "lr": 0.0010924918849505173, "gnorm": 2.483, "tok_per_s": 152332.3, "load": 4.818359375}
{"event": "step", "step": 235600, "loss": 5.0163, "lr": 0.0010903401869330465, "gnorm": 3.209, "tok_per_s": 152277.4, "load": 4.76611328125}
{"event": "step", "step": 235800, "loss": 5.1699, "lr": 0.0010881902043365457, "gnorm": 4.484, "tok_per_s": 152356.6, "load": 4.728515625}
{"event": "step", "step": 236000, "loss": 4.8416, "lr": 0.0010860419437509568, "gnorm": 1.559, "tok_per_s": 152372.2, "load": 4.6162109375}
{"event": "step", "step": 236200, "loss": 5.0151, "lr": 0.0010838954117609418, "gnorm": 6.908, "tok_per_s": 125671.1, "load": 4.6826171875}
{"event": "step", "step": 236400, "loss": 4.877, "lr": 0.0010817506149458664, "gnorm": 1.711, "tok_per_s": 152351.8, "load": 4.57763671875}
{"event": "step", "step": 236600, "loss": 4.9727, "lr": 0.0010796075598797762, "gnorm": 2.53, "tok_per_s": 152375.5, "load": 4.64892578125}
{"event": "step", "step": 236800, "loss": 5.0419, "lr": 0.0010774662531313783, "gnorm": 1.949, "tok_per_s": 152326.4, "load": 4.548828125}
{"event": "step", "step": 237000, "loss": 4.997, "lr": 0.001075326701264022, "gnorm": 3.104, "tok_per_s": 152074.5, "load": 4.62451171875}
{"event": "step", "step": 237200, "loss": 5.0728, "lr": 0.0010731889108356774, "gnorm": 2.619, "tok_per_s": 152218.6, "load": 4.8369140625}
{"event": "step", "step": 237400, "loss": 4.7761, "lr": 0.0010710528883989138, "gnorm": 1.642, "tok_per_s": 151947.8, "load": 4.7880859375}
{"event": "step", "step": 237600, "loss": 4.9311, "lr": 0.0010689186405008846, "gnorm": 2.836, "tok_per_s": 152022.5, "load": 4.740234375}
{"event": "step", "step": 237800, "loss": 4.9594, "lr": 0.0010667861736833012, "gnorm": 5.297, "tok_per_s": 152216.6, "load": 4.6259765625}
{"event": "step", "step": 238000, "loss": 5.0589, "lr": 0.0010646554944824173, "gnorm": 2.889, "tok_per_s": 152052.5, "load": 4.76416015625}
{"event": "step", "step": 238200, "loss": 4.9641, "lr": 0.001062526609429007, "gnorm": 4.335, "tok_per_s": 127210.9, "load": 5.1181640625}
{"event": "step", "step": 238400, "loss": 5.1151, "lr": 0.001060399525048344, "gnorm": 4.529, "tok_per_s": 152251.2, "load": 4.94580078125}
{"event": "step", "step": 238600, "loss": 4.9281, "lr": 0.001058274247860186, "gnorm": 4.239, "tok_per_s": 152253.7, "load": 4.7998046875}
{"event": "step", "step": 238800, "loss": 4.7916, "lr": 0.0010561507843787476, "gnorm": 3.791, "tok_per_s": 152180.4, "load": 4.67626953125}
{"event": "step", "step": 239000, "loss": 4.7931, "lr": 0.001054029141112687, "gnorm": 3.25, "tok_per_s": 152027.0, "load": 4.65234375}
{"event": "step", "step": 239200, "loss": 5.1209, "lr": 0.0010519093245650807, "gnorm": 7.058, "tok_per_s": 152151.7, "load": 4.791015625}
{"event": "step", "step": 239400, "loss": 4.9307, "lr": 0.0010497913412334076, "gnorm": 2.195, "tok_per_s": 152326.6, "load": 4.82958984375}
{"event": "step", "step": 239600, "loss": 5.0077, "lr": 0.0010476751976095286, "gnorm": 1.853, "tok_per_s": 152273.4, "load": 4.701171875}
{"event": "step", "step": 239800, "loss": 4.9007, "lr": 0.001045560900179664, "gnorm": 1.664, "tok_per_s": 152270.8, "load": 4.59326171875}
{"event": "step", "step": 240000, "loss": 4.7396, "lr": 0.0010434484554243757, "gnorm": 1.514, "tok_per_s": 152232.5, "load": 4.50146484375}
eval 240000 {'bpb': 1.6512717299017536, 'nats_per_token': 4.978783093061237, 'tokens': 16379, 'bytes': 71247}
{"event": "step", "step": 240200, "loss": 5.1417, "lr": 0.0010413378698185473, "gnorm": 2.665, "tok_per_s": 125553.5, "load": 4.6181640625}
{"event": "step", "step": 240400, "loss": 4.9159, "lr": 0.0010392291498313633, "gnorm": 1.494, "tok_per_s": 152115.2, "load": 5.99658203125}
{"event": "step", "step": 240600, "loss": 4.9669, "lr": 0.0010371223019262912, "gnorm": 3.555, "tok_per_s": 152224.9, "load": 5.68896484375}
{"event": "step", "step": 240800, "loss": 5.0696, "lr": 0.0010350173325610582, "gnorm": 2.409, "tok_per_s": 152090.0, "load": 5.42919921875}
{"event": "step", "step": 241000, "loss": 5.0959, "lr": 0.0010329142481876356, "gnorm": 4.315, "tok_per_s": 152109.6, "load": 5.11181640625}
{"event": "step", "step": 241200, "loss": 4.9451, "lr": 0.0010308130552522158, "gnorm": 1.651, "tok_per_s": 152176.1, "load": 4.9404296875}
{"event": "step", "step": 241400, "loss": 5.0997, "lr": 0.0010287137601951942, "gnorm": 6.859, "tok_per_s": 152192.3, "load": 4.869140625}
{"event": "step", "step": 241600, "loss": 4.9851, "lr": 0.0010266163694511484, "gnorm": 3.545, "tok_per_s": 152201.6, "load": 4.73486328125}
{"event": "step", "step": 241800, "loss": 4.8348, "lr": 0.001024520889448821, "gnorm": 3.223, "tok_per_s": 152127.2, "load": 4.62158203125}
{"event": "step", "step": 242000, "loss": 4.7921, "lr": 0.0010224273266110952, "gnorm": 3.42, "tok_per_s": 152134.0, "load": 4.6064453125}
{"event": "step", "step": 242200, "loss": 5.0079, "lr": 0.0010203356873549796, "gnorm": 1.278, "tok_per_s": 125811.0, "load": 4.6201171875}
{"event": "step", "step": 242400, "loss": 4.9061, "lr": 0.0010182459780915861, "gnorm": 1.798, "tok_per_s": 152200.8, "load": 4.5244140625}
{"event": "step", "step": 242600, "loss": 4.8506, "lr": 0.0010161582052261107, "gnorm": 4.813, "tok_per_s": 152223.9, "load": 4.44287109375}
{"event": "step", "step": 242800, "loss": 4.9607, "lr": 0.0010140723751578162, "gnorm": 1.703, "tok_per_s": 152341.0, "load": 4.37451171875}
{"event": "step", "step": 243000, "loss": 4.886, "lr": 0.0010119884942800077, "gnorm": 4.493, "tok_per_s": 152287.5, "load": 4.291015625}
{"event": "step", "step": 243200, "loss": 4.8262, "lr": 0.001009906568980018, "gnorm": 1.783, "tok_per_s": 152249.9, "load": 4.24609375}
{"event": "step", "step": 243400, "loss": 5.0668, "lr": 0.0010078266056391845, "gnorm": 2.032, "tok_per_s": 152266.7, "load": 4.20751953125}
{"event": "step", "step": 243600, "loss": 4.8198, "lr": 0.0010057486106328302, "gnorm": 1.666, "tok_per_s": 152223.2, "load": 4.1748046875}
{"event": "step", "step": 243800, "loss": 4.9094, "lr": 0.0010036725903302477, "gnorm": 3.891, "tok_per_s": 152328.5, "load": 4.30810546875}
{"event": "step", "step": 244000, "loss": 4.6485, "lr": 0.001001598551094675, "gnorm": 2.5, "tok_per_s": 152413.4, "load": 4.26025390625}
{"event": "step", "step": 244200, "loss": 4.9353, "lr": 0.0009995264992832778, "gnorm": 3.611, "tok_per_s": 126123.4, "load": 4.27001953125}
{"event": "step", "step": 244400, "loss": 4.9309, "lr": 0.0009974564412471305, "gnorm": 2.86, "tok_per_s": 152335.6, "load": 4.22802734375}
{"event": "step", "step": 244600, "loss": 4.8114, "lr": 0.0009953883833311967, "gnorm": 1.555, "tok_per_s": 152358.5, "load": 4.1923828125}
{"event": "step", "step": 244800, "loss": 5.0272, "lr": 0.0009933223318743091, "gnorm": 2.311, "tok_per_s": 151955.5, "load": 4.3232421875}
{"event": "step", "step": 245000, "loss": 4.8456, "lr": 0.0009912582932091502, "gnorm": 5.525, "tok_per_s": 152308.5, "load": 4.60888671875}
eval 245000 {'bpb': 1.6492930029935768, 'nats_per_token': 4.972816993177239, 'tokens': 16379, 'bytes': 71247}
{"event": "step", "step": 245200, "loss": 4.713, "lr": 0.0009891962736622334, "gnorm": 1.684, "tok_per_s": 151446.6, "load": 4.51513671875}
{"event": "step", "step": 245400, "loss": 4.9691, "lr": 0.0009871362795538822, "gnorm": 2.306, "tok_per_s": 152373.8, "load": 4.435546875}
{"event": "step", "step": 245600, "loss": 5.1297, "lr": 0.0009850783171982144, "gnorm": 2.002, "tok_per_s": 152514.6, "load": 4.3681640625}
{"event": "step", "step": 245800, "loss": 4.8609, "lr": 0.0009830223929031174, "gnorm": 1.172, "tok_per_s": 152507.9, "load": 4.60595703125}
{"event": "step", "step": 246000, "loss": 4.7119, "lr": 0.0009809685129702327, "gnorm": 8.325, "tok_per_s": 152534.9, "load": 4.51220703125}
{"event": "step", "step": 246200, "loss": 4.8011, "lr": 0.0009789166836949377, "gnorm": 1.851, "tok_per_s": 126085.3, "load": 4.39794921875}
{"event": "step", "step": 246400, "loss": 5.0469, "lr": 0.000976866911366321, "gnorm": 2.338, "tok_per_s": 152510.8, "load": 4.4970703125}
{"event": "step", "step": 246600, "loss": 4.9313, "lr": 0.0009748192022671679, "gnorm": 4.72, "tok_per_s": 152465.0, "load": 4.42041015625}
{"event": "step", "step": 246800, "loss": 4.9593, "lr": 0.00097277356267394, "gnorm": 4.038, "tok_per_s": 151865.1, "load": 4.9375}
{"event": "step", "step": 247000, "loss": 4.9156, "lr": 0.0009707299988567544, "gnorm": 2.176, "tok_per_s": 152208.9, "load": 8.39697265625}
{"event": "step", "step": 247200, "loss": 4.859, "lr": 0.0009686885170793682, "gnorm": 2.013, "tok_per_s": 152099.8, "load": 7.7939453125}
{"event": "step", "step": 247400, "loss": 4.8463, "lr": 0.0009666491235991542, "gnorm": 2.042, "tok_per_s": 152117.1, "load": 7.2099609375}
{"event": "step", "step": 247600, "loss": 4.8226, "lr": 0.0009646118246670862, "gnorm": 3.438, "tok_per_s": 152269.9, "load": 6.7158203125}
{"event": "step", "step": 247800, "loss": 4.795, "lr": 0.0009625766265277156, "gnorm": 2.049, "tok_per_s": 152351.8, "load": 6.2978515625}
{"event": "step", "step": 248000, "loss": 4.7258, "lr": 0.0009605435354191568, "gnorm": 4.859, "tok_per_s": 152378.2, "load": 5.8564453125}
{"event": "step", "step": 248200, "loss": 4.8382, "lr": 0.0009585125575730656, "gnorm": 5.227, "tok_per_s": 126339.9, "load": 5.5703125}
{"event": "step", "step": 248400, "loss": 4.9278, "lr": 0.0009564836992146201, "gnorm": 3.587, "tok_per_s": 152226.4, "load": 5.32861328125}
{"event": "step", "step": 248600, "loss": 5.0234, "lr": 0.0009544569665625014, "gnorm": 2.268, "tok_per_s": 152234.5, "load": 5.1240234375}
{"event": "step", "step": 248800, "loss": 4.8805, "lr": 0.0009524323658288759, "gnorm": 5.942, "tok_per_s": 151860.5, "load": 5.98828125}
{"event": "step", "step": 249000, "loss": 4.9274, "lr": 0.0009504099032193748, "gnorm": 3.135, "tok_per_s": 152231.0, "load": 5.75537109375}
{"event": "step", "step": 249200, "loss": 4.9759, "lr": 0.0009483895849330763, "gnorm": 3.615, "tok_per_s": 152188.3, "load": 5.4853515625}
{"event": "step", "step": 249400, "loss": 5.0114, "lr": 0.0009463714171624855, "gnorm": 2.577, "tok_per_s": 152233.7, "load": 5.330078125}
{"event": "step", "step": 249600, "loss": 5.0138, "lr": 0.0009443554060935161, "gnorm": 3.888, "tok_per_s": 152044.9, "load": 5.125}
{"event": "step", "step": 249800, "loss": 5.015, "lr": 0.0009423415579054717, "gnorm": 2.84, "tok_per_s": 152138.2, "load": 4.95166015625}
{"event": "step", "step": 250000, "loss": 5.0787, "lr": 0.0009403298787710254, "gnorm": 1.759, "tok_per_s": 152086.9, "load": 4.740234375}
eval 250000 {'bpb': 1.6611080180639826, 'nats_per_token': 5.008440686244581, 'tokens': 16379, 'bytes': 71247}
{"event": "step", "step": 250200, "loss": 4.8945, "lr": 0.0009383203748562022, "gnorm": 2.076, "tok_per_s": 125513.5, "load": 4.6259765625}
{"event": "step", "step": 250400, "loss": 4.9337, "lr": 0.0009363130523203617, "gnorm": 2.09, "tok_per_s": 152236.2, "load": 4.529296875}
{"event": "step", "step": 250600, "loss": 4.8448, "lr": 0.0009343079173161744, "gnorm": 2.519, "tok_per_s": 152309.2, "load": 4.83154296875}
{"event": "step", "step": 250800, "loss": 5.1138, "lr": 0.0009323049759896071, "gnorm": 1.885, "tok_per_s": 152165.1, "load": 4.703125}
{"event": "step", "step": 251000, "loss": 5.0177, "lr": 0.0009303042344799033, "gnorm": 1.446, "tok_per_s": 152225.0, "load": 4.59423828125}
{"event": "step", "step": 251200, "loss": 4.8657, "lr": 0.0009283056989195627, "gnorm": 1.27, "tok_per_s": 152151.3, "load": 4.50244140625}
{"event": "step", "step": 251400, "loss": 4.7918, "lr": 0.0009263093754343245, "gnorm": 1.678, "tok_per_s": 152504.3, "load": 4.4248046875}
{"event": "step", "step": 251600, "loss": 4.8472, "lr": 0.0009243152701431471, "gnorm": 1.915, "tok_per_s": 152583.4, "load": 4.35888671875}
{"event": "step", "step": 251800, "loss": 5.2071, "lr": 0.0009223233891581902, "gnorm": 3.284, "tok_per_s": 152514.5, "load": 4.30322265625}
{"event": "step", "step": 252000, "loss": 4.8786, "lr": 0.0009203337385847957, "gnorm": 1.468, "tok_per_s": 152535.6, "load": 4.3095703125}
{"event": "step", "step": 252200, "loss": 4.9411, "lr": 0.0009183463245214673, "gnorm": 7.492, "tok_per_s": 126333.5, "load": 4.26171875}
{"event": "step", "step": 252400, "loss": 4.9128, "lr": 0.0009163611530598569, "gnorm": 3.391, "tok_per_s": 152475.2, "load": 4.22119140625}
{"event": "step", "step": 252600, "loss": 5.067, "lr": 0.0009143782302847401, "gnorm": 2.87, "tok_per_s": 152514.8, "load": 4.17138671875}
{"event": "step", "step": 252800, "loss": 4.9603, "lr": 0.0009123975622740007, "gnorm": 2.749, "tok_per_s": 152402.5, "load": 4.14453125}
{"event": "step", "step": 253000, "loss": 4.8797, "lr": 0.0009104191550986116, "gnorm": 2.602, "tok_per_s": 152387.6, "load": 4.1220703125}
{"event": "step", "step": 253200, "loss": 4.9147, "lr": 0.0009084430148226153, "gnorm": 2.878, "tok_per_s": 152271.8, "load": 4.1767578125}
{"event": "step", "step": 253400, "loss": 4.9423, "lr": 0.0009064691475031072, "gnorm": 1.846, "tok_per_s": 152282.6, "load": 4.22998046875}
{"event": "step", "step": 253600, "loss": 4.9577, "lr": 0.0009044975591902144, "gnorm": 3.509, "tok_per_s": 152177.9, "load": 4.50244140625}
{"event": "step", "step": 253800, "loss": 4.8111, "lr": 0.0009025282559270796, "gnorm": 4.271, "tok_per_s": 152164.1, "load": 4.458984375}
{"event": "step", "step": 254000, "loss": 4.8714, "lr": 0.0009005612437498413, "gnorm": 1.175, "tok_per_s": 152258.2, "load": 4.46826171875}
{"event": "step", "step": 254200, "loss": 4.8252, "lr": 0.000898596528687615, "gnorm": 2.009, "tok_per_s": 125846.2, "load": 4.70458984375}
{"event": "step", "step": 254400, "loss": 5.0641, "lr": 0.000896634116762476, "gnorm": 6.163, "tok_per_s": 152282.2, "load": 4.74365234375}
{"event": "step", "step": 254600, "loss": 4.9137, "lr": 0.0008946740139894407, "gnorm": 3.223, "tok_per_s": 152313.8, "load": 4.65869140625}
{"event": "step", "step": 254800, "loss": 4.9569, "lr": 0.0008927162263764471, "gnorm": 3.038, "tok_per_s": 152215.1, "load": 4.556640625}
{"event": "step", "step": 255000, "loss": 4.8189, "lr": 0.0008907607599243357, "gnorm": 2.491, "tok_per_s": 152201.5, "load": 4.55126953125}
eval 255000 {'bpb': 1.6540566282461366, 'nats_per_token': 4.987179896895415, 'tokens': 16379, 'bytes': 71247}
{"event": "step", "step": 255200, "loss": 4.7973, "lr": 0.0008888076206268341, "gnorm": 3.075, "tok_per_s": 151666.8, "load": 4.5400390625}
{"event": "step", "step": 255400, "loss": 4.7571, "lr": 0.0008868568144705358, "gnorm": 4.055, "tok_per_s": 152486.9, "load": 4.45654296875}
{"event": "step", "step": 255600, "loss": 5.0328, "lr": 0.0008849083474348848, "gnorm": 4.292, "tok_per_s": 152497.7, "load": 4.38623046875}
{"event": "step", "step": 255800, "loss": 4.7418, "lr": 0.0008829622254921532, "gnorm": 2.008, "tok_per_s": 152445.7, "load": 4.2998046875}
{"event": "step", "step": 256000, "loss": 4.9489, "lr": 0.0008810184546074263, "gnorm": 3.315, "tok_per_s": 152505.3, "load": 4.33349609375}
{"event": "step", "step": 256200, "loss": 5.0582, "lr": 0.0008790770407385834, "gnorm": 5.837, "tok_per_s": 126173.7, "load": 4.3623046875}
{"event": "step", "step": 256400, "loss": 4.956, "lr": 0.0008771379898362775, "gnorm": 5.303, "tok_per_s": 152286.7, "load": 4.51611328125}
{"event": "step", "step": 256600, "loss": 4.8313, "lr": 0.0008752013078439212, "gnorm": 2.174, "tok_per_s": 152065.6, "load": 4.89208984375}
{"event": "step", "step": 256800, "loss": 4.9503, "lr": 0.0008732670006976647, "gnorm": 4.792, "tok_per_s": 152199.1, "load": 4.75439453125}
{"event": "step", "step": 257000, "loss": 5.0661, "lr": 0.0008713350743263796, "gnorm": 6.163, "tok_per_s": 152158.3, "load": 4.63818359375}
{"event": "step", "step": 257200, "loss": 4.9159, "lr": 0.0008694055346516393, "gnorm": 1.685, "tok_per_s": 152174.3, "load": 4.53955078125}
{"event": "step", "step": 257400, "loss": 4.9939, "lr": 0.0008674783875877032, "gnorm": 3.38, "tok_per_s": 152139.2, "load": 4.4560546875}
{"event": "step", "step": 257600, "loss": 5.0007, "lr": 0.0008655536390414954, "gnorm": 1.252, "tok_per_s": 152063.4, "load": 4.3857421875}
{"event": "step", "step": 257800, "loss": 4.8062, "lr": 0.0008636312949125898, "gnorm": 2.006, "tok_per_s": 151990.8, "load": 4.29931640625}
{"event": "step", "step": 258000, "loss": 4.8801, "lr": 0.0008617113610931891, "gnorm": 2.981, "tok_per_s": 152172.2, "load": 4.25244140625}
{"event": "step", "step": 258200, "loss": 4.8991, "lr": 0.0008597938434681091, "gnorm": 2.692, "tok_per_s": 124890.7, "load": 4.212890625}
{"event": "step", "step": 258400, "loss": 4.9055, "lr": 0.0008578787479147595, "gnorm": 1.852, "tok_per_s": 151986.2, "load": 4.68896484375}
{"event": "step", "step": 258600, "loss": 4.9087, "lr": 0.0008559660803031257, "gnorm": 2.23, "tok_per_s": 152325.0, "load": 4.5830078125}
{"event": "step", "step": 258800, "loss": 5.1634, "lr": 0.000854055846495751, "gnorm": 4.664, "tok_per_s": 152160.4, "load": 4.56689453125}
{"event": "step", "step": 259000, "loss": 5.0362, "lr": 0.0008521480523477208, "gnorm": 3.636, "tok_per_s": 152523.6, "load": 4.4794921875}
{"event": "step", "step": 259200, "loss": 4.84, "lr": 0.0008502427037066397, "gnorm": 3.593, "tok_per_s": 152450.8, "load": 4.48583984375}
{"event": "step", "step": 259400, "loss": 4.8821, "lr": 0.0008483398064126184, "gnorm": 5.736, "tok_per_s": 152437.2, "load": 4.41064453125}
{"event": "step", "step": 259600, "loss": 4.9967, "lr": 0.0008464393662982533, "gnorm": 7.928, "tok_per_s": 152164.0, "load": 5.00244140625}
{"event": "step", "step": 259800, "loss": 4.8643, "lr": 0.000844541389188609, "gnorm": 2.133, "tok_per_s": 151841.0, "load": 5.07568359375}
{"event": "step", "step": 260000, "loss": 4.8744, "lr": 0.0008426458809012024, "gnorm": 1.575, "tok_per_s": 152146.4, "load": 4.90966796875}
eval 260000 {'bpb': 1.6479572674124137, 'nats_per_token': 4.968789589565907, 'tokens': 16379, 'bytes': 71247}
{"event": "step", "step": 260200, "loss": 4.9914, "lr": 0.0008407528472459813, "gnorm": 4.87, "tok_per_s": 125700.7, "load": 4.775390625}
{"event": "step", "step": 260400, "loss": 5.0262, "lr": 0.0008388622940253099, "gnorm": 1.96, "tok_per_s": 152213.0, "load": 4.65576171875}
{"event": "step", "step": 260600, "loss": 4.9108, "lr": 0.0008369742270339474, "gnorm": 2.133, "tok_per_s": 151903.1, "load": 4.5546875}
{"event": "step", "step": 260800, "loss": 4.9939, "lr": 0.0008350886520590337, "gnorm": 4.68, "tok_per_s": 152310.9, "load": 4.46923828125}
{"event": "step", "step": 261000, "loss": 4.9184, "lr": 0.0008332055748800724, "gnorm": 2.763, "tok_per_s": 152359.7, "load": 4.470703125}
{"event": "step", "step": 261200, "loss": 4.8222, "lr": 0.0008313250012689079, "gnorm": 4.33, "tok_per_s": 152349.1, "load": 4.39794921875}
{"event": "step", "step": 261400, "loss": 4.8399, "lr": 0.0008294469369897122, "gnorm": 1.888, "tok_per_s": 152325.5, "load": 4.33642578125}
{"event": "step", "step": 261600, "loss": 4.9598, "lr": 0.0008275713877989665, "gnorm": 8.455, "tok_per_s": 152252.9, "load": 4.341796875}
{"event": "step", "step": 261800, "loss": 4.7346, "lr": 0.0008256983594454417, "gnorm": 1.246, "tok_per_s": 152273.3, "load": 4.8046875}
{"event": "step", "step": 262000, "loss": 5.0345, "lr": 0.0008238278576701829, "gnorm": 2.018, "tok_per_s": 152205.7, "load": 4.6806640625}
{"event": "step", "step": 262200, "loss": 5.041, "lr": 0.0008219598882064907, "gnorm": 2.703, "tok_per_s": 126168.8, "load": 4.529296875}
{"event": "step", "step": 262400, "loss": 5.0185, "lr": 0.0008200944567799043, "gnorm": 6.376, "tok_per_s": 152227.4, "load": 4.44775390625}
{"event": "step", "step": 262600, "loss": 4.9714, "lr": 0.0008182315691081828, "gnorm": 2.881, "tok_per_s": 152322.1, "load": 4.37841796875}
{"event": "step", "step": 262800, "loss": 4.8612, "lr": 0.0008163712309012887, "gnorm": 1.856, "tok_per_s": 152357.5, "load": 4.3193359375}
{"event": "step", "step": 263000, "loss": 4.9293, "lr": 0.0008145134478613698, "gnorm": 3.025, "tok_per_s": 152288.6, "load": 4.7119140625}
{"event": "step", "step": 263200, "loss": 5.1901, "lr": 0.0008126582256827434, "gnorm": 3.671, "tok_per_s": 152274.7, "load": 4.67626953125}
{"event": "step", "step": 263400, "loss": 4.8681, "lr": 0.0008108055700518765, "gnorm": 2.091, "tok_per_s": 152211.8, "load": 4.59423828125}
{"event": "step", "step": 263600, "loss": 4.8474, "lr": 0.0008089554866473681, "gnorm": 4.65, "tok_per_s": 151821.3, "load": 4.80419921875}
{"event": "step", "step": 263800, "loss": 4.7859, "lr": 0.0008071079811399349, "gnorm": 2.043, "tok_per_s": 152142.9, "load": 4.68017578125}
{"event": "step", "step": 264000, "loss": 4.8252, "lr": 0.0008052630591923908, "gnorm": 3.481, "tok_per_s": 152173.4, "load": 4.5751953125}
{"event": "step", "step": 264200, "loss": 4.8121, "lr": 0.0008034207264596324, "gnorm": 3.557, "tok_per_s": 124968.5, "load": 4.447265625}
{"event": "step", "step": 264400, "loss": 4.8957, "lr": 0.0008015809885886182, "gnorm": 1.636, "tok_per_s": 152165.8, "load": 4.3779296875}
{"event": "step", "step": 264600, "loss": 4.7678, "lr": 0.0007997438512183547, "gnorm": 2.75, "tok_per_s": 152148.0, "load": 4.3193359375}
{"event": "step", "step": 264800, "loss": 5.0327, "lr": 0.0007979093199798765, "gnorm": 2.281, "tok_per_s": 152153.4, "load": 4.34375}
{"event": "step", "step": 265000, "loss": 5.0424, "lr": 0.0007960774004962299, "gnorm": 2.468, "tok_per_s": 152115.9, "load": 4.37109375}
eval 265000 {'bpb': 1.6451377239454779, 'nats_per_token': 4.96028832651566, 'tokens': 16379, 'bytes': 71247}
{"event": "step", "step": 265200, "loss": 5.0144, "lr": 0.0007942480983824573, "gnorm": 2.328, "tok_per_s": 151345.8, "load": 4.28857421875}
{"event": "step", "step": 265400, "loss": 4.9043, "lr": 0.0007924214192455772, "gnorm": 2.756, "tok_per_s": 152128.3, "load": 4.24365234375}
{"event": "step", "step": 265600, "loss": 4.9896, "lr": 0.0007905973686845692, "gnorm": 6.668, "tok_per_s": 152073.5, "load": 4.2060546875}
{"event": "step", "step": 265800, "loss": 4.8789, "lr": 0.0007887759522903554, "gnorm": 3.636, "tok_per_s": 151984.4, "load": 4.25439453125}
{"event": "step", "step": 266000, "loss": 5.0516, "lr": 0.0007869571756457843, "gnorm": 2.084, "tok_per_s": 151953.6, "load": 4.21484375}
{"event": "step", "step": 266200, "loss": 4.7855, "lr": 0.0007851410443256131, "gnorm": 2.321, "tok_per_s": 126400.4, "load": 4.5673828125}
{"event": "step", "step": 266400, "loss": 5.0151, "lr": 0.0007833275638964911, "gnorm": 2.37, "tok_per_s": 151825.6, "load": 4.7080078125}
{"event": "step", "step": 266600, "loss": 4.9954, "lr": 0.0007815167399169416, "gnorm": 1.813, "tok_per_s": 152065.6, "load": 4.67919921875}
{"event": "step", "step": 266800, "loss": 4.7764, "lr": 0.0007797085779373461, "gnorm": 2.828, "tok_per_s": 152173.0, "load": 4.57421875}
{"event": "step", "step": 267000, "loss": 4.9484, "lr": 0.0007779030834999274, "gnorm": 2.48, "tok_per_s": 152190.2, "load": 4.4853515625}
{"event": "step", "step": 267200, "loss": 4.8426, "lr": 0.0007761002621387295, "gnorm": 3.154, "tok_per_s": 152215.6, "load": 4.52490234375}
{"event": "step", "step": 267400, "loss": 4.9077, "lr": 0.0007743001193796069, "gnorm": 2.521, "tok_per_s": 152242.0, "load": 4.443359375}
{"event": "step", "step": 267600, "loss": 4.951, "lr": 0.0007725026607402017, "gnorm": 5.563, "tok_per_s": 152103.8, "load": 4.375}
{"event": "step", "step": 267800, "loss": 4.8385, "lr": 0.0007707078917299276, "gnorm": 1.228, "tok_per_s": 152373.5, "load": 4.31689453125}
{"event": "step", "step": 268000, "loss": 4.9165, "lr": 0.0007689158178499565, "gnorm": 2.434, "tok_per_s": 152299.1, "load": 4.42236328125}
{"event": "step", "step": 268200, "loss": 4.8806, "lr": 0.0007671264445931983, "gnorm": 2.938, "tok_per_s": 124396.6, "load": 4.69873046875}
{"event": "step", "step": 268400, "loss": 4.7025, "lr": 0.0007653397774442861, "gnorm": 2.207, "tok_per_s": 152311.7, "load": 4.67138671875}
{"event": "step", "step": 268600, "loss": 5.0896, "lr": 0.0007635558218795576, "gnorm": 5.012, "tok_per_s": 152259.7, "load": 4.80224609375}
{"event": "step", "step": 268800, "loss": 4.795, "lr": 0.0007617745833670396, "gnorm": 2.439, "tok_per_s": 152170.4, "load": 4.75244140625}
{"event": "step", "step": 269000, "loss": 4.881, "lr": 0.0007599960673664311, "gnorm": 2.195, "tok_per_s": 152189.6, "load": 4.5849609375}
{"event": "step", "step": 269200, "loss": 5.034, "lr": 0.0007582202793290845, "gnorm": 5.718, "tok_per_s": 152115.0, "load": 5.11083984375}
{"event": "step", "step": 269400, "loss": 4.8559, "lr": 0.0007564472246979931, "gnorm": 1.778, "tok_per_s": 152180.7, "load": 4.939453125}
{"event": "step", "step": 269600, "loss": 4.8177, "lr": 0.0007546769089077712, "gnorm": 2.452, "tok_per_s": 152426.7, "load": 4.79443359375}
{"event": "step", "step": 269800, "loss": 4.6313, "lr": 0.0007529093373846375, "gnorm": 4.585, "tok_per_s": 152364.8, "load": 4.671875}
{"event": "step", "step": 270000, "loss": 4.8112, "lr": 0.0007511445155463998, "gnorm": 3.796, "tok_per_s": 152345.4, "load": 4.56787109375}
eval 270000 {'bpb': 1.6506108623242906, 'nats_per_token': 4.97679049774101, 'tokens': 16379, 'bytes': 71247}
{"event": "step", "step": 270200, "loss": 5.0156, "lr": 0.0007493824488024379, "gnorm": 1.607, "tok_per_s": 125219.1, "load": 4.59033203125}
{"event": "step", "step": 270400, "loss": 4.8871, "lr": 0.0007476231425536865, "gnorm": 5.77, "tok_per_s": 152306.4, "load": 4.97998046875}
{"event": "step", "step": 270600, "loss": 5.0828, "lr": 0.0007458666021926195, "gnorm": 3.049, "tok_per_s": 151697.3, "load": 8.7529296875}
{"event": "step", "step": 270800, "loss": 4.8622, "lr": 0.0007441128331032328, "gnorm": 5.384, "tok_per_s": 152176.4, "load": 8.021484375}
{"event": "step", "step": 271000, "loss": 4.9614, "lr": 0.0007423618406610282, "gnorm": 3.165, "tok_per_s": 152168.9, "load": 7.1298828125}
{"event": "step", "step": 271200, "loss": 5.1155, "lr": 0.0007406136302329964, "gnorm": 2.897, "tok_per_s": 152134.6, "load": 6.64794921875}
{"event": "step", "step": 271400, "loss": 4.975, "lr": 0.0007388682071776014, "gnorm": 2.801, "tok_per_s": 152234.3, "load": 6.240234375}
{"event": "step", "step": 271600, "loss": 4.869, "lr": 0.0007371255768447629, "gnorm": 4.929, "tok_per_s": 152226.3, "load": 5.96875}
{"event": "step", "step": 271800, "loss": 4.9804, "lr": 0.0007353857445758421, "gnorm": 3.239, "tok_per_s": 152223.9, "load": 5.8134765625}
{"event": "step", "step": 272000, "loss": 4.9351, "lr": 0.0007336487157036217, "gnorm": 4.669, "tok_per_s": 152211.0, "load": 5.5341796875}
{"event": "step", "step": 272200, "loss": 5.1162, "lr": 0.0007319144955522931, "gnorm": 2.661, "tok_per_s": 125887.3, "load": 5.19384765625}
{"event": "step", "step": 272400, "loss": 4.8952, "lr": 0.0007301830894374384, "gnorm": 3.609, "tok_per_s": 152206.2, "load": 5.08984375}
{"event": "step", "step": 272600, "loss": 5.0261, "lr": 0.0007284545026660135, "gnorm": 1.647, "tok_per_s": 152162.3, "load": 4.921875}
{"event": "step", "step": 272800, "loss": 4.8307, "lr": 0.0007267287405363346, "gnorm": 1.769, "tok_per_s": 152215.2, "load": 4.87109375}
{"event": "step", "step": 273000, "loss": 4.9143, "lr": 0.0007250058083380582, "gnorm": 3.671, "tok_per_s": 151974.8, "load": 4.96533203125}
{"event": "step", "step": 273200, "loss": 5.1648, "lr": 0.000723285711352168, "gnorm": 4.285, "tok_per_s": 152313.2, "load": 4.81640625}
{"event": "step", "step": 273400, "loss": 5.0097, "lr": 0.0007215684548509559, "gnorm": 4.646, "tok_per_s": 152336.1, "load": 4.6904296875}
{"event": "step", "step": 273600, "loss": 4.8688, "lr": 0.0007198540440980084, "gnorm": 4.392, "tok_per_s": 152290.1, "load": 4.58349609375}
{"event": "step", "step": 273800, "loss": 4.753, "lr": 0.0007181424843481903, "gnorm": 2.135, "tok_per_s": 152310.3, "load": 4.57373046875}
{"event": "step", "step": 274000, "loss": 4.8439, "lr": 0.0007164337808476263, "gnorm": 4.124, "tok_per_s": 152274.0, "load": 4.48486328125}
{"event": "step", "step": 274200, "loss": 5.0199, "lr": 0.0007147279388336872, "gnorm": 2.819, "tok_per_s": 126467.6, "load": 4.37646484375}
{"event": "step", "step": 274400, "loss": 5.0676, "lr": 0.0007130249635349725, "gnorm": 4.901, "tok_per_s": 152323.9, "load": 4.318359375}
{"event": "step", "step": 274600, "loss": 4.9458, "lr": 0.0007113248601712956, "gnorm": 1.7, "tok_per_s": 152478.8, "load": 4.3427734375}
{"event": "step", "step": 274800, "loss": 4.8726, "lr": 0.000709627633953666, "gnorm": 1.308, "tok_per_s": 152381.0, "load": 6.04052734375}
{"event": "step", "step": 275000, "loss": 4.9322, "lr": 0.0007079332900842755, "gnorm": 1.848, "tok_per_s": 152350.7, "load": 5.88037109375}
eval 275000 {'bpb': 1.6392591268949623, 'nats_per_token': 4.942563648574394, 'tokens': 16379, 'bytes': 71247}
{"event": "step", "step": 275200, "loss": 4.8887, "lr": 0.0007062418337564806, "gnorm": 1.909, "tok_per_s": 151505.7, "load": 5.74462890625}
{"event": "step", "step": 275400, "loss": 4.7967, "lr": 0.0007045532701547874, "gnorm": 1.52, "tok_per_s": 152186.3, "load": 9.39990234375}
{"event": "step", "step": 275600, "loss": 4.8248, "lr": 0.0007028676044548351, "gnorm": 1.709, "tok_per_s": 152149.2, "load": 8.7294921875}
{"event": "step", "step": 275800, "loss": 4.785, "lr": 0.0007011848418233805, "gnorm": 2.546, "tok_per_s": 152195.6, "load": 8.001953125}
{"event": "step", "step": 276000, "loss": 4.9212, "lr": 0.0006995049874182834, "gnorm": 2.389, "tok_per_s": 152106.4, "load": 7.7314453125}
{"event": "step", "step": 276200, "loss": 4.7652, "lr": 0.0006978280463884883, "gnorm": 2.344, "tok_per_s": 125064.5, "load": 7.23095703125}
{"event": "step", "step": 276400, "loss": 4.7942, "lr": 0.0006961540238740096, "gnorm": 2.135, "tok_per_s": 152226.4, "load": 6.580078125}
{"event": "step", "step": 276600, "loss": 5.0192, "lr": 0.0006944829250059169, "gnorm": 3.127, "tok_per_s": 152102.7, "load": 6.02880859375}
{"event": "step", "step": 276800, "loss": 4.9743, "lr": 0.0006928147549063179, "gnorm": 3.967, "tok_per_s": 151919.5, "load": 5.69677734375}
{"event": "step", "step": 277000, "loss": 5.0094, "lr": 0.0006911495186883445, "gnorm": 1.843, "tok_per_s": 152215.4, "load": 9.4072265625}
{"event": "step", "step": 277200, "loss": 4.8265, "lr": 0.0006894872214561347, "gnorm": 4.281, "tok_per_s": 152234.6, "load": 8.421875}
{"event": "step", "step": 277400, "loss": 4.9148, "lr": 0.0006878278683048185, "gnorm": 3.714, "tok_per_s": 152163.6, "load": 7.51416015625}
{"event": "step", "step": 277600, "loss": 5.156, "lr": 0.0006861714643205024, "gnorm": 1.957, "tok_per_s": 152321.1, "load": 6.666015625}
{"event": "step", "step": 277800, "loss": 4.8768, "lr": 0.0006845180145802518, "gnorm": 3.885, "tok_per_s": 151830.4, "load": 6.1884765625}
{"event": "step", "step": 278000, "loss": 4.856, "lr": 0.0006828675241520792, "gnorm": 1.952, "tok_per_s": 152266.6, "load": 5.3955078125}
{"event": "step", "step": 278200, "loss": 4.903, "lr": 0.0006812199980949252, "gnorm": 1.965, "tok_per_s": 126249.0, "load": 8.71728515625}
{"event": "step", "step": 278400, "loss": 4.952, "lr": 0.0006795754414586448, "gnorm": 5.261, "tok_per_s": 152265.8, "load": 7.68408203125}
{"event": "step", "step": 278600, "loss": 4.8128, "lr": 0.0006779338592839907, "gnorm": 1.648, "tok_per_s": 152297.8, "load": 6.42431640625}
{"event": "step", "step": 278800, "loss": 5.0149, "lr": 0.000676295256602599, "gnorm": 3.243, "tok_per_s": 152243.6, "load": 5.90380859375}
{"event": "step", "step": 279000, "loss": 4.9277, "lr": 0.0006746596384369734, "gnorm": 2.347, "tok_per_s": 152296.5, "load": 5.30322265625}
{"event": "step", "step": 279200, "loss": 4.9448, "lr": 0.0006730270098004698, "gnorm": 3.767, "tok_per_s": 152208.7, "load": 4.86865234375}
{"event": "step", "step": 279400, "loss": 4.7462, "lr": 0.00067139737569728, "gnorm": 3.486, "tok_per_s": 152284.3, "load": 4.42724609375}
{"event": "step", "step": 279600, "loss": 4.7214, "lr": 0.0006697707411224183, "gnorm": 3.209, "tok_per_s": 152290.9, "load": 4.05322265625}
{"event": "step", "step": 279800, "loss": 4.9441, "lr": 0.0006681471110617044, "gnorm": 2.818, "tok_per_s": 152475.7, "load": 3.59814453125}
{"event": "step", "step": 280000, "loss": 4.8096, "lr": 0.0006665264904917491, "gnorm": 1.654, "tok_per_s": 152444.5, "load": 3.3515625}
eval 280000 {'bpb': 1.6302996450877516, 'nats_per_token': 4.915549732126504, 'tokens': 16379, 'bytes': 71247}
{"event": "step", "step": 280200, "loss": 4.6769, "lr": 0.0006649088843799389, "gnorm": 2.031, "tok_per_s": 125916.8, "load": 3.666015625}
{"event": "step", "step": 280400, "loss": 4.8634, "lr": 0.0006632942976844212, "gnorm": 2.536, "tok_per_s": 152441.5, "load": 3.4091796875}
{"event": "step", "step": 280600, "loss": 4.8025, "lr": 0.0006616827353540864, "gnorm": 2.968, "tok_per_s": 152282.1, "load": 3.1640625}
{"event": "step", "step": 280800, "loss": 4.8079, "lr": 0.000660074202328557, "gnorm": 2.402, "tok_per_s": 152308.3, "load": 3.05859375}
{"event": "step", "step": 281000, "loss": 4.8319, "lr": 0.0006584687035381694, "gnorm": 1.899, "tok_per_s": 151994.8, "load": 2.97607421875}
{"event": "step", "step": 281200, "loss": 4.9433, "lr": 0.0006568662439039604, "gnorm": 3.162, "tok_per_s": 152243.5, "load": 2.8251953125}
{"event": "step", "step": 281400, "loss": 5.0777, "lr": 0.0006552668283376508, "gnorm": 2.887, "tok_per_s": 152225.5, "load": 2.8583984375}
{"event": "step", "step": 281600, "loss": 4.9776, "lr": 0.0006536704617416312, "gnorm": 4.127, "tok_per_s": 152581.2, "load": 2.880859375}
{"event": "step", "step": 281800, "loss": 4.9525, "lr": 0.0006520771490089471, "gnorm": 1.982, "tok_per_s": 152620.5, "load": 2.765625}
{"event": "step", "step": 282000, "loss": 4.9286, "lr": 0.000650486895023282, "gnorm": 3.153, "tok_per_s": 152346.2, "load": 2.6474609375}
{"event": "step", "step": 282200, "loss": 5.0294, "lr": 0.0006488997046589465, "gnorm": 5.723, "tok_per_s": 125895.5, "load": 2.54736328125}
{"event": "step", "step": 282400, "loss": 4.814, "lr": 0.0006473155827808592, "gnorm": 3.488, "tok_per_s": 151911.0, "load": 2.78369140625}
{"event": "step", "step": 282600, "loss": 4.9591, "lr": 0.0006457345342445337, "gnorm": 4.088, "tok_per_s": 152390.2, "load": 2.66259765625}
{"event": "step", "step": 282800, "loss": 4.9802, "lr": 0.0006441565638960635, "gnorm": 3.168, "tok_per_s": 152516.3, "load": 2.560546875}
{"event": "step", "step": 283000, "loss": 4.9944, "lr": 0.0006425816765721073, "gnorm": 7.13, "tok_per_s": 152467.3, "load": 2.54833984375}
{"event": "step", "step": 283200, "loss": 4.8929, "lr": 0.0006410098770998736, "gnorm": 2.883, "tok_per_s": 152469.1, "load": 2.4638671875}
{"event": "step", "step": 283400, "loss": 4.8035, "lr": 0.0006394411702971069, "gnorm": 3.239, "tok_per_s": 152466.0, "load": 2.39208984375}
{"event": "step", "step": 283600, "loss": 5.0627, "lr": 0.0006378755609720715, "gnorm": 7.695, "tok_per_s": 152445.4, "load": 2.41162109375}
{"event": "step", "step": 283800, "loss": 4.8898, "lr": 0.0006363130539235384, "gnorm": 2.558, "tok_per_s": 152466.3, "load": 2.3193359375}
{"event": "step", "step": 284000, "loss": 4.9853, "lr": 0.0006347536539407692, "gnorm": 6.036, "tok_per_s": 152424.6, "load": 2.35009765625}
{"event": "step", "step": 284200, "loss": 4.9763, "lr": 0.0006331973658035022, "gnorm": 4.27, "tok_per_s": 125607.1, "load": 2.3701171875}
{"event": "step", "step": 284400, "loss": 4.8955, "lr": 0.0006316441942819371, "gnorm": 2.723, "tok_per_s": 152564.0, "load": 2.28759765625}
{"event": "step", "step": 284600, "loss": 4.9365, "lr": 0.0006300941441367226, "gnorm": 3.183, "tok_per_s": 152492.3, "load": 6.44873046875}
{"event": "step", "step": 284800, "loss": 4.9516, "lr": 0.0006285472201189372, "gnorm": 4.24, "tok_per_s": 152467.4, "load": 5.76416015625}
{"event": "step", "step": 285000, "loss": 4.888, "lr": 0.0006270034269700796, "gnorm": 6.141, "tok_per_s": 152442.9, "load": 10.23046875}
eval 285000 {'bpb': 1.630158691643941, 'nats_per_token': 4.915124740521399, 'tokens': 16379, 'bytes': 71247}
{"event": "step", "step": 285200, "loss": 4.9173, "lr": 0.000625462769422051, "gnorm": 2.049, "tok_per_s": 151898.3, "load": 9.044921875}
{"event": "step", "step": 285400, "loss": 4.7358, "lr": 0.0006239252521971421, "gnorm": 2.464, "tok_per_s": 152671.9, "load": 7.96142578125}
{"event": "step", "step": 285600, "loss": 4.7411, "lr": 0.0006223908800080184, "gnorm": 2.881, "tok_per_s": 152382.0, "load": 6.78173828125}
{"event": "step", "step": 285800, "loss": 4.8093, "lr": 0.0006208596575577049, "gnorm": 6.337, "tok_per_s": 151905.7, "load": 6.353515625}
{"event": "step", "step": 286000, "loss": 4.9475, "lr": 0.0006193315895395724, "gnorm": 4.292, "tok_per_s": 152466.4, "load": 5.7578125}
{"event": "step", "step": 286200, "loss": 4.9086, "lr": 0.0006178066806373238, "gnorm": 4.53, "tok_per_s": 125572.8, "load": 5.1796875}
{"event": "step", "step": 286400, "loss": 5.0217, "lr": 0.000616284935524977, "gnorm": 5.559, "tok_per_s": 152459.5, "load": 4.474609375}
{"event": "step", "step": 286600, "loss": 4.893, "lr": 0.0006147663588668548, "gnorm": 2.954, "tok_per_s": 152410.8, "load": 4.09375}
{"event": "step", "step": 286800, "loss": 4.8212, "lr": 0.0006132509553175673, "gnorm": 4.889, "tok_per_s": 152482.7, "load": 3.771484375}
{"event": "step", "step": 287000, "loss": 4.9895, "lr": 0.0006117387295219986, "gnorm": 7.117, "tok_per_s": 152447.0, "load": 3.6591796875}
{"event": "step", "step": 287200, "loss": 4.8235, "lr": 0.0006102296861152924, "gnorm": 3.34, "tok_per_s": 152653.5, "load": 3.4033203125}
{"event": "step", "step": 287400, "loss": 4.9082, "lr": 0.0006087238297228388, "gnorm": 2.708, "tok_per_s": 152481.8, "load": 3.26708984375}
{"event": "step", "step": 287600, "loss": 5.0146, "lr": 0.0006072211649602587, "gnorm": 2.192, "tok_per_s": 152509.6, "load": 3.1953125}
{"event": "step", "step": 287800, "loss": 4.7664, "lr": 0.0006057216964333904, "gnorm": 3.917, "tok_per_s": 152483.6, "load": 3.0107421875}
{"event": "step", "step": 288000, "loss": 4.9772, "lr": 0.0006042254287382756, "gnorm": 5.404, "tok_per_s": 152617.2, "load": 2.85498046875}
{"event": "step", "step": 288200, "loss": 5.0272, "lr": 0.0006027323664611448, "gnorm": 4.197, "tok_per_s": 125806.6, "load": 2.72314453125}
{"event": "step", "step": 288400, "loss": 4.8872, "lr": 0.0006012425141784036, "gnorm": 1.998, "tok_per_s": 153192.1, "load": 2.63037109375}
{"event": "step", "step": 288600, "loss": 5.0333, "lr": 0.0005997558764566185, "gnorm": 3.33, "tok_per_s": 153227.4, "load": 2.53271484375}
{"event": "step", "step": 288800, "loss": 4.939, "lr": 0.0005982724578525039, "gnorm": 4.907, "tok_per_s": 153270.9, "load": 2.4501953125}
{"event": "step", "step": 289000, "loss": 4.8469, "lr": 0.0005967922629129067, "gnorm": 2.663, "tok_per_s": 153234.0, "load": 2.380859375}
{"event": "step", "step": 289200, "loss": 4.9556, "lr": 0.0005953152961747913, "gnorm": 7.705, "tok_per_s": 153201.3, "load": 2.32177734375}
{"event": "step", "step": 289400, "loss": 4.8168, "lr": 0.0005938415621652298, "gnorm": 4.9, "tok_per_s": 153195.1, "load": 2.27197265625}
{"event": "step", "step": 289600, "loss": 4.8129, "lr": 0.0005923710654013838, "gnorm": 2.452, "tok_per_s": 153153.7, "load": 2.21142578125}
{"event": "step", "step": 289800, "loss": 4.9393, "lr": 0.0005909038103904938, "gnorm": 5.883, "tok_per_s": 153144.9, "load": 2.25244140625}
{"event": "step", "step": 290000, "loss": 5.037, "lr": 0.0005894398016298632, "gnorm": 2.751, "tok_per_s": 153126.7, "load": 2.29345703125}
eval 290000 {'bpb': 1.6447451583216657, 'nats_per_token': 4.959104693891568, 'tokens': 16379, 'bytes': 71247}
{"event": "step", "step": 290200, "loss": 4.8682, "lr": 0.000587979043606845, "gnorm": 2.693, "tok_per_s": 132756.1, "load": 2.24755859375}
{"event": "step", "step": 290400, "loss": 4.757, "lr": 0.0005865215407988292, "gnorm": 2.492, "tok_per_s": 153040.3, "load": 2.28955078125}
{"event": "step", "step": 290600, "loss": 4.7851, "lr": 0.0005850672976732267, "gnorm": 4.298, "tok_per_s": 152666.6, "load": 2.224609375}
{"event": "step", "step": 290800, "loss": 4.7977, "lr": 0.0005836163186874587, "gnorm": 3.64, "tok_per_s": 152697.2, "load": 4.74658203125}
{"event": "step", "step": 291000, "loss": 5.0261, "lr": 0.0005821686082889408, "gnorm": 3.793, "tok_per_s": 152643.7, "load": 4.32373046875}
{"event": "step", "step": 291200, "loss": 4.8836, "lr": 0.0005807241709150697, "gnorm": 7.016, "tok_per_s": 152815.1, "load": 4.0458984375}
{"event": "step", "step": 291400, "loss": 4.9234, "lr": 0.0005792830109932107, "gnorm": 1.943, "tok_per_s": 152710.7, "load": 3.81103515625}
{"event": "step", "step": 291600, "loss": 4.9546, "lr": 0.0005778451329406822, "gnorm": 3.533, "tok_per_s": 152303.9, "load": 3.61181640625}
{"event": "step", "step": 291800, "loss": 4.9047, "lr": 0.0005764105411647446, "gnorm": 4.235, "tok_per_s": 151884.1, "load": 3.75927734375}
{"event": "step", "step": 292000, "loss": 4.8674, "lr": 0.0005749792400625844, "gnorm": 2.179, "tok_per_s": 152198.8, "load": 3.48828125}
{"event": "step", "step": 292200, "loss": 4.9245, "lr": 0.0005735512340213024, "gnorm": 5.362, "tok_per_s": 126225.2, "load": 3.41943359375}
{"event": "step", "step": 292400, "loss": 4.9013, "lr": 0.0005721265274178996, "gnorm": 3.229, "tok_per_s": 151822.8, "load": 3.5830078125}
{"event": "step", "step": 292600, "loss": 4.9071, "lr": 0.0005707051246192634, "gnorm": 6.041, "tok_per_s": 151960.3, "load": 3.5888671875}
{"event": "step", "step": 292800, "loss": 4.8736, "lr": 0.000569287029982155, "gnorm": 4.777, "tok_per_s": 152078.3, "load": 3.34423828125}
{"event": "step", "step": 293000, "loss": 4.8447, "lr": 0.0005678722478531963, "gnorm": 1.915, "tok_per_s": 152196.7, "load": 3.13720703125}
{"event": "step", "step": 293200, "loss": 4.9717, "lr": 0.0005664607825688554, "gnorm": 4.096, "tok_per_s": 152311.6, "load": 2.9619140625}
{"event": "step", "step": 293400, "loss": 4.7256, "lr": 0.0005650526384554334, "gnorm": 4.603, "tok_per_s": 152388.3, "load": 2.8134765625}
{"event": "step", "step": 293600, "loss": 4.9297, "lr": 0.000563647819829052, "gnorm": 1.885, "tok_per_s": 152392.2, "load": 2.68798828125}
{"event": "step", "step": 293800, "loss": 4.8225, "lr": 0.0005622463309956403, "gnorm": 5.368, "tok_per_s": 152395.6, "load": 2.53515625}
{"event": "step", "step": 294000, "loss": 4.8468, "lr": 0.0005608481762509212, "gnorm": 5.15, "tok_per_s": 152417.1, "load": 2.45263671875}
{"event": "step", "step": 294200, "loss": 4.8848, "lr": 0.000559453359880398, "gnorm": 5.976, "tok_per_s": 125851.2, "load": 2.537109375}
{"event": "step", "step": 294400, "loss": 4.8741, "lr": 0.000558061886159341, "gnorm": 3.445, "tok_per_s": 152320.0, "load": 2.72607421875}
{"event": "step", "step": 294600, "loss": 5.0074, "lr": 0.0005566737593527762, "gnorm": 9.05, "tok_per_s": 152259.2, "load": 2.61376953125}
{"event": "step", "step": 294800, "loss": 4.9134, "lr": 0.0005552889837154688, "gnorm": 2.685, "tok_per_s": 152247.1, "load": 2.51904296875}
{"event": "step", "step": 295000, "loss": 4.9162, "lr": 0.0005539075634919149, "gnorm": 3.696, "tok_per_s": 152259.4, "load": 2.4384765625}
eval 295000 {'bpb': 1.6499685037849037, 'nats_per_token': 4.97485370939923, 'tokens': 16379, 'bytes': 71247}
{"event": "step", "step": 295200, "loss": 4.898, "lr": 0.000552529502916324, "gnorm": 2.895, "tok_per_s": 151454.4, "load": 2.37060546875}
{"event": "step", "step": 295400, "loss": 5.1258, "lr": 0.0005511548062126085, "gnorm": 3.145, "tok_per_s": 152215.7, "load": 2.39404296875}
{"event": "step", "step": 295600, "loss": 4.8131, "lr": 0.0005497834775943704, "gnorm": 4.858, "tok_per_s": 151669.8, "load": 2.67041015625}
{"event": "step", "step": 295800, "loss": 4.8312, "lr": 0.0005484155212648873, "gnorm": 2.572, "tok_per_s": 152302.1, "load": 2.64111328125}
{"event": "step", "step": 296000, "loss": 4.9391, "lr": 0.0005470509414171015, "gnorm": 4.431, "tok_per_s": 152286.3, "load": 2.5419921875}
{"event": "step", "step": 296200, "loss": 5.0184, "lr": 0.0005456897422336051, "gnorm": 4.289, "tok_per_s": 126104.5, "load": 2.45849609375}
{"event": "step", "step": 296400, "loss": 4.8036, "lr": 0.0005443319278866284, "gnorm": 2.147, "tok_per_s": 152304.0, "load": 2.4365234375}
{"event": "step", "step": 296600, "loss": 5.0121, "lr": 0.0005429775025380268, "gnorm": 2.899, "tok_per_s": 152217.6, "load": 2.369140625}
{"event": "step", "step": 296800, "loss": 4.7865, "lr": 0.0005416264703392682, "gnorm": 6.392, "tok_per_s": 152317.1, "load": 2.31201171875}
{"event": "step", "step": 297000, "loss": 4.7413, "lr": 0.0005402788354314196, "gnorm": 3.988, "tok_per_s": 152271.5, "load": 2.34375}
{"event": "step", "step": 297200, "loss": 4.7118, "lr": 0.0005389346019451353, "gnorm": 2.178, "tok_per_s": 151816.4, "load": 2.75244140625}
{"event": "step", "step": 297400, "loss": 4.9536, "lr": 0.0005375937740006442, "gnorm": 2.717, "tok_per_s": 152286.6, "load": 2.7841796875}
{"event": "step", "step": 297600, "loss": 4.8419, "lr": 0.0005362563557077361, "gnorm": 2.891, "tok_per_s": 152187.5, "load": 2.60986328125}
{"event": "step", "step": 297800, "loss": 4.7844, "lr": 0.0005349223511657503, "gnorm": 5.27, "tok_per_s": 152237.1, "load": 2.515625}
{"event": "step", "step": 298000, "loss": 4.7866, "lr": 0.0005335917644635619, "gnorm": 2.333, "tok_per_s": 152230.6, "load": 2.43603515625}
{"event": "step", "step": 298200, "loss": 4.9064, "lr": 0.0005322645996795709, "gnorm": 4.069, "tok_per_s": 126061.0, "load": 2.3388671875}
{"event": "step", "step": 298400, "loss": 4.9575, "lr": 0.0005309408608816886, "gnorm": 4.927, "tok_per_s": 152341.3, "load": 2.2861328125}
{"event": "step", "step": 298600, "loss": 4.6541, "lr": 0.0005296205521273243, "gnorm": 3.685, "tok_per_s": 152374.1, "load": 2.24169921875}
{"event": "step", "step": 298800, "loss": 4.9562, "lr": 0.0005283036774633749, "gnorm": 1.773, "tok_per_s": 152325.9, "load": 2.2041015625}
{"event": "step", "step": 299000, "loss": 4.7868, "lr": 0.0005269902409262113, "gnorm": 1.795, "tok_per_s": 152313.0, "load": 2.17236328125}
{"event": "step", "step": 299200, "loss": 4.7796, "lr": 0.0005256802465416647, "gnorm": 2.254, "tok_per_s": 152323.4, "load": 2.22607421875}
{"event": "step", "step": 299400, "loss": 4.9373, "lr": 0.000524373698325018, "gnorm": 3.609, "tok_per_s": 152264.9, "load": 2.1904296875}
{"event": "step", "step": 299600, "loss": 4.9237, "lr": 0.0005230706002809895, "gnorm": 6.1, "tok_per_s": 152324.1, "load": 2.1474609375}
{"event": "step", "step": 299800, "loss": 4.794, "lr": 0.000521770956403723, "gnorm": 2.644, "tok_per_s": 152204.2, "load": 2.1240234375}
{"event": "step", "step": 300000, "loss": 4.783, "lr": 0.0005204747706767749, "gnorm": 2.929, "tok_per_s": 152462.5, "load": 2.1044921875}
eval 300000 {'bpb': 1.6232463569070261, 'nats_per_token': 4.894283218984675, 'tokens': 16379, 'bytes': 71247}
{"event": "step", "step": 300200, "loss": 4.7084, "lr": 0.0005191820470731017, "gnorm": 3.048, "tok_per_s": 125588.6, "load": 2.08056640625}
{"event": "step", "step": 300400, "loss": 4.6064, "lr": 0.0005178927895550485, "gnorm": 2.644, "tok_per_s": 152290.3, "load": 2.0673828125}
{"event": "step", "step": 300600, "loss": 4.858, "lr": 0.0005166070020743358, "gnorm": 6.058, "tok_per_s": 152390.0, "load": 2.05615234375}
{"event": "step", "step": 300800, "loss": 4.871, "lr": 0.0005153246885720488, "gnorm": 4.021, "tok_per_s": 152340.7, "load": 2.046875}
{"event": "step", "step": 301000, "loss": 4.8091, "lr": 0.0005140458529786239, "gnorm": 4.242, "tok_per_s": 152087.4, "load": 2.11962890625}
{"event": "step", "step": 301200, "loss": 4.9788, "lr": 0.000512770499213838, "gnorm": 7.614, "tok_per_s": 152147.7, "load": 11.6103515625}
{"event": "step", "step": 301400, "loss": 4.957, "lr": 0.0005114986311867947, "gnorm": 4.36, "tok_per_s": 152309.0, "load": 9.48095703125}
{"event": "step", "step": 301600, "loss": 5.029, "lr": 0.000510230252795915, "gnorm": 4.502, "tok_per_s": 152287.7, "load": 8.33056640625}
{"event": "step", "step": 301800, "loss": 4.9369, "lr": 0.0005089653679289228, "gnorm": 2.217, "tok_per_s": 152295.2, "load": 7.3564453125}
{"event": "step", "step": 302000, "loss": 5.0485, "lr": 0.0005077039804628336, "gnorm": 6.217, "tok_per_s": 152273.1, "load": 6.60595703125}
{"event": "step", "step": 302200, "loss": 4.8868, "lr": 0.0005064460942639436, "gnorm": 2.541, "tok_per_s": 125889.2, "load": 5.5849609375}
{"event": "step", "step": 302400, "loss": 4.8691, "lr": 0.0005051917131878168, "gnorm": 2.797, "tok_per_s": 152214.8, "load": 5.107421875}
{"event": "step", "step": 302600, "loss": 4.8943, "lr": 0.0005039408410792745, "gnorm": 6.041, "tok_per_s": 152336.4, "load": 4.62939453125}
{"event": "step", "step": 302800, "loss": 5.0968, "lr": 0.0005026934817723814, "gnorm": 3.377, "tok_per_s": 152313.5, "load": 4.224609375}
{"event": "step", "step": 303000, "loss": 4.8705, "lr": 0.0005014496390904358, "gnorm": 3.925, "tok_per_s": 152336.7, "load": 3.88232421875}
{"event": "step", "step": 303200, "loss": 4.8562, "lr": 0.0005002093168459574, "gnorm": 4.641, "tok_per_s": 151808.7, "load": 4.12158203125}
{"event": "step", "step": 303400, "loss": 4.9836, "lr": 0.0004989725188406741, "gnorm": 6.44, "tok_per_s": 152263.1, "load": 3.78662109375}
{"event": "step", "step": 303600, "loss": 4.7204, "lr": 0.0004977392488655126, "gnorm": 2.166, "tok_per_s": 152291.8, "load": 3.5849609375}
{"event": "step", "step": 303800, "loss": 4.9256, "lr": 0.0004965095107005862, "gnorm": 2.945, "tok_per_s": 152296.3, "load": 3.3408203125}
{"event": "step", "step": 304000, "loss": 5.0186, "lr": 0.0004952833081151818, "gnorm": 3.093, "tok_per_s": 152322.4, "load": 3.294921875}
{"event": "step", "step": 304200, "loss": 4.8256, "lr": 0.0004940606448677499, "gnorm": 4.104, "tok_per_s": 126055.9, "load": 3.00732421875}
{"event": "step", "step": 304400, "loss": 4.6738, "lr": 0.0004928415247058921, "gnorm": 1.591, "tok_per_s": 152364.9, "load": 2.85205078125}
{"event": "step", "step": 304600, "loss": 4.8454, "lr": 0.0004916259513663508, "gnorm": 1.987, "tok_per_s": 152421.2, "load": 2.720703125}
{"event": "step", "step": 304800, "loss": 4.7764, "lr": 0.000490413928574996, "gnorm": 2.747, "tok_per_s": 152432.6, "load": 2.68994140625}
{"event": "step", "step": 305000, "loss": 4.7498, "lr": 0.0004892054600468159, "gnorm": 1.551, "tok_per_s": 152441.0, "load": 2.5830078125}
eval 305000 {'bpb': 1.6320765127430636, 'nats_per_token': 4.920907202057513, 'tokens': 16379, 'bytes': 71247}
{"event": "step", "step": 305200, "loss": 4.9086, "lr": 0.0004880005494859035, "gnorm": 1.921, "tok_per_s": 151614.1, "load": 2.60791015625}
{"event": "step", "step": 305400, "loss": 4.7953, "lr": 0.00048679920058544707, "gnorm": 3.399, "tok_per_s": 152084.3, "load": 2.8896484375}
{"event": "step", "step": 305600, "loss": 4.9043, "lr": 0.000485601417027717, "gnorm": 3.554, "tok_per_s": 152265.5, "load": 2.75244140625}
{"event": "step", "step": 305800, "loss": 4.7558, "lr": 0.00048440720248405704, "gnorm": 3.036, "tok_per_s": 152255.6, "load": 2.63623046875}
{"event": "step", "step": 306000, "loss": 4.7137, "lr": 0.0004832165606148702, "gnorm": 2.105, "tok_per_s": 152535.2, "load": 2.5380859375}
{"event": "step", "step": 306200, "loss": 4.8637, "lr": 0.0004820294950696088, "gnorm": 3.119, "tok_per_s": 125963.1, "load": 2.41796875}
{"event": "step", "step": 306400, "loss": 4.7972, "lr": 0.0004808460094867642, "gnorm": 5.616, "tok_per_s": 152509.3, "load": 2.35302734375}
{"event": "step", "step": 306600, "loss": 4.7627, "lr": 0.0004796661074938535, "gnorm": 2.337, "tok_per_s": 152468.5, "load": 2.29833984375}
{"event": "step", "step": 306800, "loss": 4.8624, "lr": 0.0004784897927074116, "gnorm": 3.614, "tok_per_s": 152099.9, "load": 2.41259765625}
{"event": "step", "step": 307000, "loss": 4.9066, "lr": 0.0004773170687329766, "gnorm": 2.839, "tok_per_s": 152500.8, "load": 2.79833984375}
{"event": "step", "step": 307200, "loss": 4.7912, "lr": 0.00047614793916508067, "gnorm": 3.498, "tok_per_s": 152534.0, "load": 2.62109375}
{"event": "step", "step": 307400, "loss": 4.9828, "lr": 0.0004749824075872393, "gnorm": 4.011, "tok_per_s": 152536.6, "load": 2.599609375}
{"event": "step", "step": 307600, "loss": 5.0087, "lr": 0.0004738204775719386, "gnorm": 3.003, "tok_per_s": 152533.7, "load": 2.5068359375}
{"event": "step", "step": 307800, "loss": 4.8077, "lr": 0.0004726621526806269, "gnorm": 6.332, "tok_per_s": 152491.4, "load": 2.42822265625}
{"event": "step", "step": 308000, "loss": 5.076, "lr": 0.00047150743646370136, "gnorm": 3.664, "tok_per_s": 152529.6, "load": 2.36181640625}
{"event": "step", "step": 308200, "loss": 4.7631, "lr": 0.00047035633246049865, "gnorm": 2.993, "tok_per_s": 126158.1, "load": 2.35498046875}
{"event": "step", "step": 308400, "loss": 4.9711, "lr": 0.0004692088441992835, "gnorm": 3.066, "tok_per_s": 152534.6, "load": 2.2998046875}
{"event": "step", "step": 308600, "loss": 4.8813, "lr": 0.00046806497519723766, "gnorm": 3.723, "tok_per_s": 152468.0, "load": 2.2529296875}
{"event": "step", "step": 308800, "loss": 4.8714, "lr": 0.0004669247289604499, "gnorm": 7.19, "tok_per_s": 152459.3, "load": 2.21337890625}
{"event": "step", "step": 309000, "loss": 5.2055, "lr": 0.00046578810898390466, "gnorm": 7.72, "tok_per_s": 152368.0, "load": 2.18017578125}
{"event": "step", "step": 309200, "loss": 4.7922, "lr": 0.00046465511875147113, "gnorm": 9.75, "tok_per_s": 152444.4, "load": 2.1396484375}
{"event": "step", "step": 309400, "loss": 4.8069, "lr": 0.00046352576173589344, "gnorm": 4.729, "tok_per_s": 152381.4, "load": 2.11767578125}
{"event": "step", "step": 309600, "loss": 4.898, "lr": 0.0004624000413987793, "gnorm": 4.916, "tok_per_s": 152380.3, "load": 2.1796875}
{"event": "step", "step": 309800, "loss": 4.8841, "lr": 0.0004612779611905895, "gnorm": 6.927, "tok_per_s": 152347.6, "load": 2.2255859375}
{"event": "step", "step": 310000, "loss": 4.9399, "lr": 0.00046015952455062713, "gnorm": 9.319, "tok_per_s": 152429.9, "load": 2.1904296875}
eval 310000 {'bpb': 1.642486185593387, 'nats_per_token': 4.952293619115941, 'tokens': 16379, 'bytes': 71247}
{"event": "step", "step": 310200, "loss": 4.8107, "lr": 0.00045904473490702833, "gnorm": 4.925, "tok_per_s": 125649.4, "load": 2.1474609375}
{"event": "step", "step": 310400, "loss": 4.8013, "lr": 0.0004579335956767501, "gnorm": 3.729, "tok_per_s": 152185.9, "load": 11.81396484375}
{"event": "step", "step": 310600, "loss": 4.9094, "lr": 0.00045682611026556, "gnorm": 7.755, "tok_per_s": 152180.2, "load": 10.37841796875}
{"event": "step", "step": 310800, "loss": 4.7801, "lr": 0.0004557222820680268, "gnorm": 2.987, "tok_per_s": 152335.4, "load": 9.08984375}
{"event": "step", "step": 311000, "loss": 4.8955, "lr": 0.0004546221144675096, "gnorm": 7.261, "tok_per_s": 152425.6, "load": 7.51904296875}
{"event": "step", "step": 311200, "loss": 4.7933, "lr": 0.0004535256108361474, "gnorm": 12.845, "tok_per_s": 152397.9, "load": 6.669921875}
{"event": "step", "step": 311400, "loss": 4.7552, "lr": 0.0004524327745348484, "gnorm": 3.616, "tok_per_s": 152430.1, "load": 5.95166015625}
{"event": "step", "step": 311600, "loss": 4.9194, "lr": 0.0004513436089132801, "gnorm": 4.412, "tok_per_s": 152413.9, "load": 5.34326171875}
{"event": "step", "step": 311800, "loss": 4.9828, "lr": 0.00045025811730985935, "gnorm": 7.391, "tok_per_s": 152382.6, "load": 4.90869140625}
{"event": "step", "step": 312000, "loss": 4.867, "lr": 0.0004491763030517404, "gnorm": 9.294, "tok_per_s": 152379.5, "load": 4.541015625}
{"event": "step", "step": 312200, "loss": 4.7911, "lr": 0.00044809816945480784, "gnorm": 3.886, "tok_per_s": 126481.3, "load": 3.9775390625}
{"event": "step", "step": 312400, "loss": 4.9977, "lr": 0.0004470237198236636, "gnorm": 3.773, "tok_per_s": 152443.5, "load": 3.74658203125}
{"event": "step", "step": 312600, "loss": 4.8203, "lr": 0.0004459529574516179, "gnorm": 19.087, "tok_per_s": 152286.1, "load": 3.4775390625}
{"event": "step", "step": 312800, "loss": 4.922, "lr": 0.000444885885620679, "gnorm": 5.829, "tok_per_s": 152334.5, "load": 3.330078125}
{"event": "step", "step": 313000, "loss": 4.9388, "lr": 0.0004438225076015436, "gnorm": 3.66, "tok_per_s": 152261.9, "load": 3.1826171875}
{"event": "step", "step": 313200, "loss": 5.0667, "lr": 0.0004427628266535863, "gnorm": 5.541, "tok_per_s": 152355.5, "load": 3.00048828125}
{"event": "step", "step": 313400, "loss": 4.9463, "lr": 0.00044170684602484945, "gnorm": 4.456, "tok_per_s": 152478.8, "load": 2.84619140625}
{"event": "step", "step": 313600, "loss": 4.8807, "lr": 0.00044065456895203404, "gnorm": 5.199, "tok_per_s": 152433.1, "load": 2.7158203125}
{"event": "step", "step": 313800, "loss": 5.0113, "lr": 0.0004396059986604889, "gnorm": 15.081, "tok_per_s": 152352.3, "load": 2.60546875}
{"event": "step", "step": 314000, "loss": 4.9465, "lr": 0.000438561138364201, "gnorm": 7.118, "tok_per_s": 152057.8, "load": 2.67236328125}
{"event": "step", "step": 314200, "loss": 4.9375, "lr": 0.00043751999126578607, "gnorm": 14.719, "tok_per_s": 125272.2, "load": 4.53173828125}
{"event": "step", "step": 314400, "loss": 4.9935, "lr": 0.00043648256055647843, "gnorm": 9.282, "tok_per_s": 152260.1, "load": 4.22216796875}
{"event": "step", "step": 314600, "loss": 4.9266, "lr": 0.00043544884941612165, "gnorm": 13.002, "tok_per_s": 152381.8, "load": 3.9599609375}
{"event": "step", "step": 314800, "loss": 4.884, "lr": 0.00043441886101315726, "gnorm": 4.144, "tok_per_s": 152384.0, "load": 3.658203125}
{"event": "step", "step": 315000, "loss": 5.03, "lr": 0.0004333925985046168, "gnorm": 3.337, "tok_per_s": 152154.8, "load": 3.45068359375}
eval 315000 {'bpb': 1.63386397959112, 'nats_per_token': 4.926296629830881, 'tokens': 16379, 'bytes': 71247}
{"event": "step", "step": 315200, "loss": 5.0492, "lr": 0.00043237006503611165, "gnorm": 6.615, "tok_per_s": 151288.1, "load": 3.92333984375}
{"event": "step", "step": 315400, "loss": 4.8516, "lr": 0.00043135126374182364, "gnorm": 6.899, "tok_per_s": 152432.9, "load": 3.626953125}
{"event": "step", "step": 315600, "loss": 5.0952, "lr": 0.0004303361977444941, "gnorm": 7.482, "tok_per_s": 152538.4, "load": 3.37646484375}
{"event": "step", "step": 315800, "loss": 4.9809, "lr": 0.0004293248701554161, "gnorm": 5.256, "tok_per_s": 152507.2, "load": 3.16455078125}
{"event": "step", "step": 316000, "loss": 4.8779, "lr": 0.00042831728407442365, "gnorm": 7.867, "tok_per_s": 152518.4, "load": 2.9853515625}
{"event": "step", "step": 316200, "loss": 5.039, "lr": 0.00042731344258988214, "gnorm": 11.548, "tok_per_s": 126118.2, "load": 2.8349609375}
{"event": "step", "step": 316400, "loss": 4.7509, "lr": 0.00042631334877868047, "gnorm": 3.39, "tok_per_s": 152425.5, "load": 2.70654296875}
{"event": "step", "step": 316600, "loss": 4.9869, "lr": 0.0004253170057062196, "gnorm": 2.936, "tok_per_s": 151889.0, "load": 2.826171875}
{"event": "step", "step": 316800, "loss": 4.9033, "lr": 0.00042432441642640455, "gnorm": 9.43, "tok_per_s": 152367.5, "load": 2.642578125}
{"event": "step", "step": 317000, "loss": 4.88, "lr": 0.0004233355839816342, "gnorm": 3.699, "tok_per_s": 152380.5, "load": 2.54345703125}
{"event": "step", "step": 317200, "loss": 4.9672, "lr": 0.0004223505114027925, "gnorm": 10.832, "tok_per_s": 152392.8, "load": 2.45947265625}
{"event": "step", "step": 317400, "loss": 4.9302, "lr": 0.00042136920170923904, "gnorm": 7.364, "tok_per_s": 152422.8, "load": 2.38818359375}
{"event": "step", "step": 317600, "loss": 4.9033, "lr": 0.00042039165790879927, "gnorm": 8.897, "tok_per_s": 152356.8, "load": 2.328125}
{"event": "step", "step": 317800, "loss": 4.9141, "lr": 0.0004194178829977565, "gnorm": 6.086, "tok_per_s": 152600.5, "load": 2.27734375}
{"event": "step", "step": 318000, "loss": 5.0218, "lr": 0.0004184478799608412, "gnorm": 5.764, "tok_per_s": 152599.4, "load": 2.30810546875}
{"event": "step", "step": 318200, "loss": 4.8932, "lr": 0.00041748165177122335, "gnorm": 7.066, "tok_per_s": 124848.1, "load": 2.31982421875}
{"event": "step", "step": 318400, "loss": 4.8932, "lr": 0.0004165192013905017, "gnorm": 10.475, "tok_per_s": 152334.0, "load": 2.27001953125}
{"event": "step", "step": 318600, "loss": 4.8072, "lr": 0.00041556053176869677, "gnorm": 7.546, "tok_per_s": 152255.8, "load": 2.22802734375}
{"event": "step", "step": 318800, "loss": 4.9711, "lr": 0.00041460564584423987, "gnorm": 3.945, "tok_per_s": 152426.3, "load": 2.33154296875}
{"event": "step", "step": 319000, "loss": 5.0506, "lr": 0.00041365454654396455, "gnorm": 6.561, "tok_per_s": 152338.9, "load": 2.35400390625}
{"event": "step", "step": 319200, "loss": 4.925, "lr": 0.00041270723678309856, "gnorm": 5.808, "tok_per_s": 152330.2, "load": 2.37939453125}
{"event": "step", "step": 319400, "loss": 4.869, "lr": 0.0004117637194652535, "gnorm": 4.242, "tok_per_s": 152320.4, "load": 2.3203125}
{"event": "step", "step": 319600, "loss": 4.9177, "lr": 0.00041082399748241827, "gnorm": 2.986, "tok_per_s": 152344.1, "load": 2.2705078125}
{"event": "step", "step": 319800, "loss": 4.9377, "lr": 0.000409888073714947, "gnorm": 3.162, "tok_per_s": 151928.9, "load": 2.30908203125}
{"event": "step", "step": 320000, "loss": 4.7935, "lr": 0.0004089559510315524, "gnorm": 2.466, "tok_per_s": 152247.5, "load": 2.6533203125}
eval 320000 {'bpb': 1.6312953364181055, 'nats_per_token': 4.918551861377374, 'tokens': 16379, 'bytes': 71247}
{"event": "step", "step": 320200, "loss": 4.7358, "lr": 0.0004080276322892971, "gnorm": 3.48, "tok_per_s": 125430.4, "load": 2.55224609375}
{"event": "step", "step": 320400, "loss": 4.9637, "lr": 0.0004071031203335826, "gnorm": 3.933, "tok_per_s": 152347.5, "load": 2.466796875}
{"event": "step", "step": 320600, "loss": 4.9621, "lr": 0.0004061824179981439, "gnorm": 3.621, "tok_per_s": 152364.5, "load": 2.39453125}
{"event": "step", "step": 320800, "loss": 4.8834, "lr": 0.00040526552810503825, "gnorm": 5.994, "tok_per_s": 152306.3, "load": 2.306640625}
{"event": "step", "step": 321000, "loss": 4.7507, "lr": 0.0004043524534646372, "gnorm": 3.214, "tok_per_s": 152318.3, "load": 2.2587890625}
{"event": "step", "step": 321200, "loss": 4.7975, "lr": 0.0004034431968756188, "gnorm": 4.793, "tok_per_s": 152401.2, "load": 2.21875}
{"event": "step", "step": 321400, "loss": 4.9132, "lr": 0.0004025377611249576, "gnorm": 5.293, "tok_per_s": 152443.2, "load": 2.18505859375}
{"event": "step", "step": 321600, "loss": 4.807, "lr": 0.00040163614898791714, "gnorm": 7.534, "tok_per_s": 152405.7, "load": 2.15625}
{"event": "step", "step": 321800, "loss": 5.0241, "lr": 0.00040073836322804105, "gnorm": 13.505, "tok_per_s": 152401.8, "load": 2.21240234375}
{"event": "step", "step": 322000, "loss": 4.835, "lr": 0.00039984440659714506, "gnorm": 9.136, "tok_per_s": 152408.7, "load": 2.23291015625}
{"event": "step", "step": 322200, "loss": 4.8164, "lr": 0.0003989542818353075, "gnorm": 3.406, "tok_per_s": 125959.4, "load": 2.1962890625}
{"event": "step", "step": 322400, "loss": 4.8423, "lr": 0.0003980679916708626, "gnorm": 4.129, "tok_per_s": 152401.8, "load": 2.24609375}
{"event": "step", "step": 322600, "loss": 4.8326, "lr": 0.00039718553882038993, "gnorm": 3.623, "tok_per_s": 152374.6, "load": 2.1904296875}
{"event": "step", "step": 322800, "loss": 4.996, "lr": 0.0003963069259887077, "gnorm": 10.702, "tok_per_s": 152375.3, "load": 2.16064453125}
{"event": "step", "step": 323000, "loss": 4.8549, "lr": 0.0003954321558688649, "gnorm": 10.335, "tok_per_s": 152338.4, "load": 2.13525390625}
{"event": "step", "step": 323200, "loss": 5.0565, "lr": 0.0003945612311421312, "gnorm": 7.003, "tok_per_s": 152231.3, "load": 2.11376953125}
{"event": "step", "step": 323400, "loss": 4.9976, "lr": 0.0003936941544779895, "gnorm": 4.048, "tok_per_s": 152429.6, "load": 2.095703125}
{"event": "step", "step": 323600, "loss": 4.784, "lr": 0.00039283092853412865, "gnorm": 4.447, "tok_per_s": 152367.9, "load": 2.08056640625}
{"event": "step", "step": 323800, "loss": 5.1381, "lr": 0.00039197155595643407, "gnorm": 6.143, "tok_per_s": 152393.2, "load": 2.21533203125}
{"event": "step", "step": 324000, "loss": 4.807, "lr": 0.0003911160393789807, "gnorm": 4.025, "tok_per_s": 152375.1, "load": 2.1669921875}
{"event": "step", "step": 324200, "loss": 4.9285, "lr": 0.00039026438142402434, "gnorm": 4.041, "tok_per_s": 125905.8, "load": 2.140625}
{"event": "step", "step": 324400, "loss": 4.9742, "lr": 0.00038941658470199316, "gnorm": 6.601, "tok_per_s": 152294.8, "load": 2.1181640625}
{"event": "step", "step": 324600, "loss": 4.941, "lr": 0.0003885726518114809, "gnorm": 8.999, "tok_per_s": 152363.4, "load": 2.09130859375}
{"event": "step", "step": 324800, "loss": 5.0736, "lr": 0.000387732585339237, "gnorm": 7.502, "tok_per_s": 152112.2, "load": 2.31787109375}
{"event": "step", "step": 325000, "loss": 4.8914, "lr": 0.00038689638786016143, "gnorm": 7.404, "tok_per_s": 152242.9, "load": 11.771484375}
eval 325000 {'bpb': 1.6313075175799163, 'nats_per_token': 4.9185885890469505, 'tokens': 16379, 'bytes': 71247}
{"event": "step", "step": 325200, "loss": 4.8798, "lr": 0.00038606406193729436, "gnorm": 4.604, "tok_per_s": 151622.2, "load": 10.2685546875}
{"event": "step", "step": 325400, "loss": 4.9318, "lr": 0.0003852356101218096, "gnorm": 3.599, "tok_per_s": 152349.8, "load": 8.99658203125}
{"event": "step", "step": 325600, "loss": 5.0722, "lr": 0.00038441103495300585, "gnorm": 5.008, "tok_per_s": 152304.8, "load": 7.92041015625}
{"event": "step", "step": 325800, "loss": 4.8648, "lr": 0.00038359033895830007, "gnorm": 9.855, "tok_per_s": 152369.1, "load": 6.67626953125}
{"event": "step", "step": 326000, "loss": 4.8315, "lr": 0.0003827735246532185, "gnorm": 5.154, "tok_per_s": 152381.6, "load": 5.95703125}
{"event": "step", "step": 326200, "loss": 4.9552, "lr": 0.0003819605945413901, "gnorm": 5.902, "tok_per_s": 125866.8, "load": 5.5087890625}
{"event": "step", "step": 326400, "loss": 4.7794, "lr": 0.000381151551114538, "gnorm": 4.258, "tok_per_s": 152311.8, "load": 5.04248046875}
{"event": "step", "step": 326600, "loss": 4.9722, "lr": 0.0003803463968524724, "gnorm": 4.338, "tok_per_s": 152363.0, "load": 4.6630859375}
{"event": "step", "step": 326800, "loss": 4.9589, "lr": 0.00037954513422308264, "gnorm": 4.821, "tok_per_s": 152361.2, "load": 4.25341796875}
{"event": "step", "step": 327000, "loss": 4.8618, "lr": 0.00037874776568232936, "gnorm": 4.62, "tok_per_s": 152303.8, "load": 3.90673828125}
{"event": "step", "step": 327200, "loss": 4.8084, "lr": 0.0003779542936742387, "gnorm": 5.19, "tok_per_s": 152488.0, "load": 3.61328125}
{"event": "step", "step": 327400, "loss": 4.8133, "lr": 0.0003771647206308922, "gnorm": 7.049, "tok_per_s": 152430.9, "load": 3.525390625}
{"event": "step", "step": 327600, "loss": 4.7049, "lr": 0.0003763790489724208, "gnorm": 5.666, "tok_per_s": 153005.7, "load": 3.74609375}
{"event": "step", "step": 327800, "loss": 4.8468, "lr": 0.0003755972811069975, "gnorm": 5.976, "tok_per_s": 152979.5, "load": 3.72265625}
{"event": "step", "step": 328000, "loss": 4.7425, "lr": 0.0003748194194308298, "gnorm": 4.97, "tok_per_s": 152760.1, "load": 3.69189453125}
{"event": "step", "step": 328200, "loss": 4.7743, "lr": 0.0003740454663281523, "gnorm": 8.612, "tok_per_s": 129787.0, "load": 3.5849609375}
{"event": "step", "step": 328400, "loss": 4.8668, "lr": 0.0003732754241712193, "gnorm": 5.978, "tok_per_s": 152382.9, "load": 3.49462890625}
{"event": "step", "step": 328600, "loss": 4.9435, "lr": 0.00037250929532029744, "gnorm": 2.946, "tok_per_s": 152408.3, "load": 3.45263671875}
{"event": "step", "step": 328800, "loss": 4.8602, "lr": 0.00037174708212365896, "gnorm": 5.654, "tok_per_s": 152257.0, "load": 3.38232421875}
{"event": "step", "step": 329000, "loss": 4.9879, "lr": 0.0003709887869175735, "gnorm": 4.609, "tok_per_s": 152401.8, "load": 3.55126953125}
{"event": "step", "step": 329200, "loss": 4.7164, "lr": 0.00037023441202630255, "gnorm": 10.917, "tok_per_s": 152406.7, "load": 3.92822265625}
{"event": "step", "step": 329400, "loss": 4.9027, "lr": 0.0003694839597620908, "gnorm": 3.853, "tok_per_s": 152140.8, "load": 4.08642578125}
{"event": "step", "step": 329600, "loss": 4.9574, "lr": 0.00036873743242516, "gnorm": 5.09, "tok_per_s": 152301.2, "load": 4.07275390625}
{"event": "step", "step": 329800, "loss": 4.9446, "lr": 0.00036799483230370096, "gnorm": 4.562, "tok_per_s": 152280.3, "load": 4.05615234375}
{"event": "step", "step": 330000, "loss": 4.7719, "lr": 0.00036725616167386765, "gnorm": 3.58, "tok_per_s": 152256.3, "load": 4.046875}
eval 330000 {'bpb': 1.629264009038473, 'nats_per_token': 4.912427164738385, 'tokens': 16379, 'bytes': 71247}
{"event": "step", "step": 330200, "loss": 4.9307, "lr": 0.00036652142279976966, "gnorm": 4.439, "tok_per_s": 125948.6, "load": 4.0390625}
{"event": "step", "step": 330400, "loss": 4.8408, "lr": 0.00036579061793346504, "gnorm": 5.934, "tok_per_s": 152747.0, "load": 3.87890625}
{"event": "step", "step": 330600, "loss": 4.7834, "lr": 0.00036506374931495394, "gnorm": 7.071, "tok_per_s": 152822.2, "load": 3.68359375}
{"event": "step", "step": 330800, "loss": 4.9052, "lr": 0.00036434081917217123, "gnorm": 4.774, "tok_per_s": 152721.4, "load": 3.57763671875}
{"event": "step", "step": 331000, "loss": 4.7736, "lr": 0.0003636218297209801, "gnorm": 9.274, "tok_per_s": 151297.3, "load": 3.796875}
{"event": "step", "step": 331200, "loss": 4.9711, "lr": 0.00036290678316516474, "gnorm": 5.846, "tok_per_s": 152274.8, "load": 3.90234375}
{"event": "step", "step": 331400, "loss": 4.8848, "lr": 0.00036219568169642446, "gnorm": 7.183, "tok_per_s": 152309.2, "load": 3.91796875}
{"event": "step", "step": 331600, "loss": 4.8371, "lr": 0.00036148852749436615, "gnorm": 4.259, "tok_per_s": 152250.2, "load": 3.93115234375}
{"event": "step", "step": 331800, "loss": 4.8946, "lr": 0.0003607853227264976, "gnorm": 12.451, "tok_per_s": 151925.9, "load": 4.02734375}
{"event": "step", "step": 332000, "loss": 4.785, "lr": 0.0003600860695482215, "gnorm": 7.464, "tok_per_s": 152244.3, "load": 4.0224609375}
{"event": "step", "step": 332200, "loss": 5.1325, "lr": 0.00035939077010282825, "gnorm": 7.986, "tok_per_s": 125271.8, "load": 4.16650390625}
{"event": "step", "step": 332400, "loss": 4.8436, "lr": 0.00035869942652148987, "gnorm": 5.886, "tok_per_s": 152264.8, "load": 4.35009765625}
{"event": "step", "step": 332600, "loss": 4.8554, "lr": 0.00035801204092325307, "gnorm": 4.851, "tok_per_s": 152212.9, "load": 4.77685546875}
{"event": "step", "step": 332800, "loss": 4.7678, "lr": 0.0003573286154150329, "gnorm": 8.308, "tok_per_s": 152660.9, "load": 4.65673828125}
{"event": "step", "step": 333000, "loss": 4.8051, "lr": 0.00035664915209160613, "gnorm": 4.406, "tok_per_s": 153318.4, "load": 4.55517578125}
{"event": "step", "step": 333200, "loss": 4.7539, "lr": 0.00035597365303560507, "gnorm": 4.685, "tok_per_s": 153262.5, "load": 4.46923828125}
{"event": "step", "step": 333400, "loss": 4.6687, "lr": 0.0003553021203175114, "gnorm": 6.273, "tok_per_s": 153342.6, "load": 4.39697265625}
{"event": "step", "step": 333600, "loss": 5.0102, "lr": 0.000354634555995649, "gnorm": 7.605, "tok_per_s": 153483.0, "load": 4.33544921875}
{"event": "step", "step": 333800, "loss": 4.9288, "lr": 0.00035397096211617856, "gnorm": 10.102, "tok_per_s": 153365.7, "load": 4.26025390625}
{"event": "step", "step": 334000, "loss": 4.6856, "lr": 0.00035331134071309075, "gnorm": 3.545, "tok_per_s": 153377.3, "load": 4.2197265625}
{"event": "step", "step": 334200, "loss": 4.9848, "lr": 0.0003526556938082002, "gnorm": 6.968, "tok_per_s": 132662.8, "load": 4.265625}
{"event": "step", "step": 334400, "loss": 4.873, "lr": 0.00035200402341113924, "gnorm": 5.259, "tok_per_s": 152853.7, "load": 4.22412109375}
{"event": "step", "step": 334600, "loss": 5.0162, "lr": 0.0003513563315193518, "gnorm": 5.448, "tok_per_s": 152193.0, "load": 4.55029296875}
{"event": "step", "step": 334800, "loss": 4.8154, "lr": 0.00035071262011808697, "gnorm": 7.257, "tok_per_s": 152096.1, "load": 4.5390625}
{"event": "step", "step": 335000, "loss": 4.7697, "lr": 0.0003500728911803936, "gnorm": 4.392, "tok_per_s": 152193.2, "load": 4.603515625}
eval 335000 {'bpb': 1.6280502432723243, 'nats_per_token': 4.908767514805544, 'tokens': 16379, 'bytes': 71247}
{"event": "step", "step": 335200, "loss": 4.7834, "lr": 0.0003494371466671135, "gnorm": 7.469, "tok_per_s": 151375.7, "load": 4.51025390625}
{"event": "step", "step": 335400, "loss": 4.8723, "lr": 0.00034880538852687603, "gnorm": 7.502, "tok_per_s": 152185.1, "load": 4.431640625}
{"event": "step", "step": 335600, "loss": 4.8495, "lr": 0.0003481776186960915, "gnorm": 9.035, "tok_per_s": 152152.4, "load": 4.36474609375}
{"event": "step", "step": 335800, "loss": 4.9911, "lr": 0.0003475538390989462, "gnorm": 9.375, "tok_per_s": 151840.8, "load": 4.591796875}
{"event": "step", "step": 336000, "loss": 4.7571, "lr": 0.00034693405164739537, "gnorm": 4.52, "tok_per_s": 152001.1, "load": 4.728515625}
{"event": "step", "step": 336200, "loss": 4.8449, "lr": 0.00034631825824115787, "gnorm": 5.574, "tok_per_s": 125951.9, "load": 4.6162109375}
{"event": "step", "step": 336400, "loss": 4.9908, "lr": 0.00034570646076771065, "gnorm": 4.913, "tok_per_s": 152448.2, "load": 4.52099609375}
{"event": "step", "step": 336600, "loss": 4.8598, "lr": 0.00034509866110228246, "gnorm": 3.041, "tok_per_s": 152374.8, "load": 4.40478515625}
{"event": "step", "step": 336800, "loss": 4.7931, "lr": 0.00034449486110784853, "gnorm": 6.978, "tok_per_s": 152312.2, "load": 4.50244140625}
{"event": "step", "step": 337000, "loss": 4.6996, "lr": 0.00034389506263512434, "gnorm": 3.893, "tok_per_s": 152324.4, "load": 4.4248046875}
{"event": "step", "step": 337200, "loss": 4.9222, "lr": 0.0003432992675225606, "gnorm": 4.462, "tok_per_s": 152340.8, "load": 4.27880859375}
{"event": "step", "step": 337400, "loss": 4.7999, "lr": 0.00034270747759633714, "gnorm": 9.299, "tok_per_s": 152307.2, "load": 4.08203125}
{"event": "step", "step": 337600, "loss": 5.0279, "lr": 0.00034211969467035693, "gnorm": 8.663, "tok_per_s": 152392.5, "load": 3.99560546875}
{"event": "step", "step": 337800, "loss": 4.7563, "lr": 0.0003415359205462419, "gnorm": 8.755, "tok_per_s": 153003.7, "load": 5.3232421875}
{"event": "step", "step": 338000, "loss": 4.7601, "lr": 0.00034095615701332596, "gnorm": 9.884, "tok_per_s": 152728.8, "load": 5.119140625}
{"event": "step", "step": 338200, "loss": 4.7726, "lr": 0.00034038040584865036, "gnorm": 8.631, "tok_per_s": 129851.7, "load": 5.02685546875}
{"event": "step", "step": 338400, "loss": 4.8174, "lr": 0.00033980866881695796, "gnorm": 3.502, "tok_per_s": 152366.4, "load": 4.86865234375}
{"event": "step", "step": 338600, "loss": 4.7904, "lr": 0.00033924094767068757, "gnorm": 4.515, "tok_per_s": 151973.3, "load": 5.30419921875}
{"event": "step", "step": 338800, "loss": 4.8051, "lr": 0.000338677244149969, "gnorm": 6.293, "tok_per_s": 152333.5, "load": 5.17724609375}
{"event": "step", "step": 339000, "loss": 4.9519, "lr": 0.00033811755998261803, "gnorm": 5.367, "tok_per_s": 152345.3, "load": 4.99560546875}
{"event": "step", "step": 339200, "loss": 4.9402, "lr": 0.00033756189688412995, "gnorm": 5.065, "tok_per_s": 152341.5, "load": 4.841796875}
{"event": "step", "step": 339400, "loss": 4.7306, "lr": 0.00033701025655767555, "gnorm": 4.385, "tok_per_s": 152283.8, "load": 4.7119140625}
{"event": "step", "step": 339600, "loss": 4.9346, "lr": 0.00033646264069409494, "gnorm": 3.256, "tok_per_s": 152311.6, "load": 4.60205078125}
{"event": "step", "step": 339800, "loss": 4.8464, "lr": 0.000335919050971893, "gnorm": 8.265, "tok_per_s": 152282.3, "load": 4.24658203125}
{"event": "step", "step": 340000, "loss": 4.7589, "lr": 0.0003353794890572345, "gnorm": 7.383, "tok_per_s": 152325.0, "load": 4.13427734375}
eval 340000 {'bpb': 1.6321735665452834, 'nats_per_token': 4.921199830957323, 'tokens': 16379, 'bytes': 71247}
{"event": "step", "step": 340200, "loss": 4.8533, "lr": 0.0003348439566039377, "gnorm": 4.355, "tok_per_s": 125602.5, "load": 3.958984375}
{"event": "step", "step": 340400, "loss": 4.9018, "lr": 0.00033431245525347036, "gnorm": 2.777, "tok_per_s": 152332.2, "load": 3.74560546875}
{"event": "step", "step": 340600, "loss": 5.0054, "lr": 0.00033378498663494475, "gnorm": 5.164, "tok_per_s": 152475.3, "load": 3.865234375}
{"event": "step", "step": 340800, "loss": 4.8254, "lr": 0.0003332615523651121, "gnorm": 4.683, "tok_per_s": 152435.0, "load": 3.73193359375}
{"event": "step", "step": 341000, "loss": 4.9037, "lr": 0.00033274215404835797, "gnorm": 5.001, "tok_per_s": 152468.5, "load": 3.69921875}
{"event": "step", "step": 341200, "loss": 4.8722, "lr": 0.0003322267932766975, "gnorm": 7.553, "tok_per_s": 152361.0, "load": 3.74609375}
{"event": "step", "step": 341400, "loss": 4.9168, "lr": 0.00033171547162976975, "gnorm": 3.567, "tok_per_s": 152362.8, "load": 3.859375}
{"event": "step", "step": 341600, "loss": 4.8915, "lr": 0.0003312081906748339, "gnorm": 4.582, "tok_per_s": 152340.7, "load": 3.95556640625}
{"event": "step", "step": 341800, "loss": 4.7447, "lr": 0.00033070495196676347, "gnorm": 5.011, "tok_per_s": 152347.2, "load": 3.96630859375}
{"event": "step", "step": 342000, "loss": 4.7874, "lr": 0.0003302057570480426, "gnorm": 6.173, "tok_per_s": 152364.0, "load": 3.97216796875}
{"event": "step", "step": 342200, "loss": 4.8222, "lr": 0.00032971060744876055, "gnorm": 7.045, "tok_per_s": 126292.5, "load": 3.97705078125}
{"event": "step", "step": 342400, "loss": 4.6693, "lr": 0.000329219504686607, "gnorm": 3.819, "tok_per_s": 152407.5, "load": 4.13623046875}
{"event": "step", "step": 342600, "loss": 4.876, "lr": 0.0003287324502668678, "gnorm": 8.988, "tok_per_s": 152341.5, "load": 4.11474609375}
{"event": "step", "step": 342800, "loss": 4.7244, "lr": 0.00032824944568242014, "gnorm": 3.849, "tok_per_s": 152357.2, "load": 4.0966796875}
{"event": "step", "step": 343000, "loss": 4.8905, "lr": 0.0003277704924137279, "gnorm": 6.975, "tok_per_s": 152451.2, "load": 4.08154296875}
{"event": "step", "step": 343200, "loss": 4.9033, "lr": 0.0003272955919288374, "gnorm": 5.098, "tok_per_s": 152603.3, "load": 4.14892578125}
{"event": "step", "step": 343400, "loss": 4.8007, "lr": 0.00032682474568337266, "gnorm": 7.311, "tok_per_s": 152583.8, "load": 5.6474609375}
{"event": "step", "step": 343600, "loss": 4.8268, "lr": 0.00032635795512053094, "gnorm": 8.505, "tok_per_s": 152527.0, "load": 5.3134765625}
{"event": "step", "step": 343800, "loss": 4.8825, "lr": 0.00032589522167107845, "gnorm": 3.854, "tok_per_s": 152582.8, "load": 4.80029296875}
{"event": "step", "step": 344000, "loss": 4.9252, "lr": 0.00032543654675334563, "gnorm": 5.457, "tok_per_s": 152520.6, "load": 4.52294921875}
{"event": "step", "step": 344200, "loss": 4.9156, "lr": 0.0003249819317732234, "gnorm": 3.643, "tok_per_s": 126110.6, "load": 4.28857421875}
{"event": "step", "step": 344400, "loss": 5.0319, "lr": 0.0003245313781241584, "gnorm": 4.519, "tok_per_s": 151845.1, "load": 4.310546875}
{"event": "step", "step": 344600, "loss": 4.841, "lr": 0.0003240848871871489, "gnorm": 10.646, "tok_per_s": 152264.9, "load": 4.625}
{"event": "step", "step": 344800, "loss": 4.7339, "lr": 0.00032364246033074034, "gnorm": 5.771, "tok_per_s": 152365.7, "load": 4.37451171875}
{"event": "step", "step": 345000, "loss": 4.7845, "lr": 0.000323204098911021, "gnorm": 5.915, "tok_per_s": 152379.2, "load": 4.16259765625}
eval 345000 {'bpb': 1.6156763976292345, 'nats_per_token': 4.871458880273521, 'tokens': 16379, 'bytes': 71247}
{"event": "step", "step": 345200, "loss": 4.9229, "lr": 0.0003227698042716189, "gnorm": 6.218, "tok_per_s": 151583.4, "load": 3.9833984375}
{"event": "step", "step": 345400, "loss": 4.9439, "lr": 0.0003223395777436964, "gnorm": 6.629, "tok_per_s": 152404.1, "load": 3.83154296875}
{"event": "step", "step": 345600, "loss": 4.948, "lr": 0.0003219134206459467, "gnorm": 9.92, "tok_per_s": 151998.9, "load": 4.39892578125}
{"event": "step", "step": 345800, "loss": 4.8778, "lr": 0.0003214913342845897, "gnorm": 7.56, "tok_per_s": 152465.2, "load": 17.02099609375}
{"event": "step", "step": 346000, "loss": 4.8579, "lr": 0.0003210733199533681, "gnorm": 2.982, "tok_per_s": 152510.4, "load": 15.0185546875}
{"event": "step", "step": 346200, "loss": 4.8966, "lr": 0.0003206593789335435, "gnorm": 4.05, "tok_per_s": 126769.8, "load": 13.169921875}
{"event": "step", "step": 346400, "loss": 4.9955, "lr": 0.0003202495124938921, "gnorm": 5.039, "tok_per_s": 152380.3, "load": 10.91650390625}
{"event": "step", "step": 346600, "loss": 4.911, "lr": 0.0003198437218907012, "gnorm": 6.909, "tok_per_s": 151887.3, "load": 10.00634765625}
{"event": "step", "step": 346800, "loss": 4.8824, "lr": 0.00031944200836776505, "gnorm": 7.796, "tok_per_s": 152269.1, "load": 9.001953125}
{"event": "step", "step": 347000, "loss": 4.9128, "lr": 0.0003190443731563812, "gnorm": 4.267, "tok_per_s": 152481.4, "load": 8.07861328125}
{"event": "step", "step": 347200, "loss": 4.7506, "lr": 0.0003186508174753472, "gnorm": 7.327, "tok_per_s": 152093.6, "load": 7.37744140625}
{"event": "step", "step": 347400, "loss": 4.9392, "lr": 0.00031826134253095555, "gnorm": 12.536, "tok_per_s": 152323.7, "load": 6.85791015625}
{"event": "step", "step": 347600, "loss": 4.8889, "lr": 0.0003178759495169914, "gnorm": 6.48, "tok_per_s": 152183.0, "load": 6.22412109375}
{"event": "step", "step": 347800, "loss": 4.8736, "lr": 0.0003174946396147281, "gnorm": 16.233, "tok_per_s": 152322.2, "load": 5.8818359375}
{"event": "step", "step": 348000, "loss": 4.7855, "lr": 0.000317117413992924, "gnorm": 15.354, "tok_per_s": 151924.2, "load": 5.900390625}
{"event": "step", "step": 348200, "loss": 4.9039, "lr": 0.00031674427380781837, "gnorm": 4.006, "tok_per_s": 125525.3, "load": 5.61474609375}
{"event": "step", "step": 348400, "loss": 4.6453, "lr": 0.0003163752202031282, "gnorm": 5.241, "tok_per_s": 152267.4, "load": 5.3662109375}
{"event": "step", "step": 348600, "loss": 4.8056, "lr": 0.00031601025431004517, "gnorm": 5.906, "tok_per_s": 152208.3, "load": 5.1552734375}
{"event": "step", "step": 348800, "loss": 4.7201, "lr": 0.00031564937724723105, "gnorm": 7.14, "tok_per_s": 152315.0, "load": 5.05078125}
{"event": "step", "step": 349000, "loss": 4.8536, "lr": 0.00031529259012081496, "gnorm": 6.433, "tok_per_s": 152317.1, "load": 4.888671875}
{"event": "step", "step": 349200, "loss": 4.8221, "lr": 0.0003149398940243901, "gnorm": 7.923, "tok_per_s": 152294.0, "load": 4.75146484375}
{"event": "step", "step": 349400, "loss": 4.9489, "lr": 0.00031459129003901003, "gnorm": 8.079, "tok_per_s": 152260.3, "load": 4.66455078125}
{"event": "step", "step": 349600, "loss": 5.0143, "lr": 0.0003142467792331857, "gnorm": 6.337, "tok_per_s": 152285.7, "load": 4.56201171875}
{"event": "step", "step": 349800, "loss": 4.8797, "lr": 0.00031390636266288207, "gnorm": 5.821, "tok_per_s": 152187.2, "load": 4.47509765625}
{"event": "step", "step": 350000, "loss": 4.7702, "lr": 0.00031357004137151423, "gnorm": 6.842, "tok_per_s": 152362.3, "load": 4.40185546875}
eval 350000 {'bpb': 1.6284806970552752, 'nats_per_token': 4.910065384791501, 'tokens': 16379, 'bytes': 71247}
{"event": "step", "step": 350200, "loss": 4.861, "lr": 0.0003132378163899456, "gnorm": 5.458, "tok_per_s": 125871.5, "load": 4.3125}
{"event": "step", "step": 350400, "loss": 4.9634, "lr": 0.00031290968873648315, "gnorm": 10.791, "tok_per_s": 152417.9, "load": 4.263671875}
{"event": "step", "step": 350600, "loss": 4.9454, "lr": 0.0003125856594168758, "gnorm": 16.13, "tok_per_s": 152328.8, "load": 4.22265625}
{"event": "step", "step": 350800, "loss": 4.9719, "lr": 0.0003122657294243101, "gnorm": 9.379, "tok_per_s": 151925.7, "load": 4.26220703125}
{"event": "step", "step": 351000, "loss": 4.719, "lr": 0.0003119498997394078, "gnorm": 5.176, "tok_per_s": 152285.3, "load": 4.22119140625}
{"event": "step", "step": 351200, "loss": 4.821, "lr": 0.0003116381713302228, "gnorm": 5.945, "tok_per_s": 152765.8, "load": 4.34716796875}
{"event": "step", "step": 351400, "loss": 4.7727, "lr": 0.00031133054515223836, "gnorm": 6.934, "tok_per_s": 152442.4, "load": 4.26953125}
{"event": "step", "step": 351600, "loss": 4.9962, "lr": 0.00031102702214836335, "gnorm": 3.328, "tok_per_s": 152429.0, "load": 4.30810546875}
{"event": "step", "step": 351800, "loss": 4.8571, "lr": 0.0003107276032489306, "gnorm": 5.477, "tok_per_s": 152372.4, "load": 4.26025390625}
{"event": "step", "step": 352000, "loss": 4.9466, "lr": 0.00031043228937169287, "gnorm": 11.371, "tok_per_s": 152206.6, "load": 4.2197265625}
{"event": "step", "step": 352200, "loss": 4.8717, "lr": 0.00031014108142182094, "gnorm": 4.569, "tok_per_s": 126189.4, "load": 4.30615234375}
{"event": "step", "step": 352400, "loss": 4.9914, "lr": 0.0003098539802919002, "gnorm": 6.254, "tok_per_s": 152164.8, "load": 4.25830078125}
{"event": "step", "step": 352600, "loss": 4.8854, "lr": 0.0003095709868619281, "gnorm": 4.023, "tok_per_s": 152252.4, "load": 4.21826171875}
{"event": "step", "step": 352800, "loss": 4.9374, "lr": 0.000309292101999312, "gnorm": 7.63, "tok_per_s": 152129.1, "load": 4.1845703125}
{"event": "step", "step": 353000, "loss": 4.8482, "lr": 0.00030901732655886575, "gnorm": 3.302, "tok_per_s": 152194.9, "load": 4.15576171875}
{"event": "step", "step": 353200, "loss": 4.8998, "lr": 0.0003087466613828069, "gnorm": 5.874, "tok_per_s": 152119.0, "load": 4.13134765625}
{"event": "step", "step": 353400, "loss": 5.0652, "lr": 0.0003084801073007554, "gnorm": 5.263, "tok_per_s": 152128.2, "load": 4.1015625}
{"event": "step", "step": 353600, "loss": 4.989, "lr": 0.00030821766512972957, "gnorm": 7.04, "tok_per_s": 152123.9, "load": 4.24609375}
{"event": "step", "step": 353800, "loss": 4.7733, "lr": 0.0003079593356741446, "gnorm": 7.05, "tok_per_s": 152064.3, "load": 4.20751953125}
{"event": "step", "step": 354000, "loss": 4.7976, "lr": 0.00030770511972580964, "gnorm": 7.428, "tok_per_s": 152083.1, "load": 4.1748046875}
{"event": "step", "step": 354200, "loss": 4.7799, "lr": 0.0003074550180639255, "gnorm": 4.728, "tok_per_s": 126041.2, "load": 4.5}
{"event": "step", "step": 354400, "loss": 5.0589, "lr": 0.0003072090314550824, "gnorm": 3.262, "tok_per_s": 152254.0, "load": 4.50341796875}
{"event": "step", "step": 354600, "loss": 4.6485, "lr": 0.0003069671606532568, "gnorm": 4.074, "tok_per_s": 152198.8, "load": 4.42578125}
{"event": "step", "step": 354800, "loss": 4.9031, "lr": 0.00030672940639981067, "gnorm": 4.961, "tok_per_s": 152254.6, "load": 4.35986328125}
{"event": "step", "step": 355000, "loss": 5.0596, "lr": 0.00030649576942348754, "gnorm": 8.679, "tok_per_s": 152192.9, "load": 4.3037109375}
eval 355000 {'bpb': 1.6280816453582911, 'nats_per_token': 4.908862195875817, 'tokens': 16379, 'bytes': 71247}
{"event": "step", "step": 355200, "loss": 4.8013, "lr": 0.0003062662504404115, "gnorm": 6.739, "tok_per_s": 151308.0, "load": 4.396484375}
{"event": "step", "step": 355400, "loss": 4.7407, "lr": 0.00030604085015408417, "gnorm": 4.446, "tok_per_s": 151832.7, "load": 6.36962890625}
{"event": "step", "step": 355600, "loss": 4.8761, "lr": 0.0003058195692553832, "gnorm": 2.995, "tok_per_s": 152008.7, "load": 6.0048828125}
{"event": "step", "step": 355800, "loss": 4.6447, "lr": 0.0003056024084225597, "gnorm": 5.391, "tok_per_s": 152022.3, "load": 5.6962890625}
{"event": "step", "step": 356000, "loss": 4.9546, "lr": 0.00030538936832123624, "gnorm": 5.938, "tok_per_s": 152128.5, "load": 5.595703125}
{"event": "step", "step": 356200, "loss": 4.7092, "lr": 0.0003051804496044049, "gnorm": 8.06, "tok_per_s": 125584.2, "load": 5.24169921875}
{"event": "step", "step": 356400, "loss": 4.702, "lr": 0.00030497565291242554, "gnorm": 7.825, "tok_per_s": 152148.2, "load": 5.05029296875}
{"event": "step", "step": 356600, "loss": 4.9404, "lr": 0.0003047749788730231, "gnorm": 7.832, "tok_per_s": 152214.8, "load": 4.88818359375}
{"event": "step", "step": 356800, "loss": 4.8937, "lr": 0.00030457842810128636, "gnorm": 6.363, "tok_per_s": 152206.2, "load": 4.8251953125}
{"event": "step", "step": 357000, "loss": 5.1487, "lr": 0.0003043860011996659, "gnorm": 3.904, "tok_per_s": 152184.9, "load": 4.69775390625}
{"event": "step", "step": 357200, "loss": 5.1938, "lr": 0.00030419769875797187, "gnorm": 9.69, "tok_per_s": 152124.1, "load": 4.61083984375}
{"event": "step", "step": 357400, "loss": 4.978, "lr": 0.00030401352135337297, "gnorm": 6.182, "tok_per_s": 151845.6, "load": 4.90478515625}
{"event": "step", "step": 357600, "loss": 4.9048, "lr": 0.00030383346955039357, "gnorm": 4.679, "tok_per_s": 151879.4, "load": 5.30078125}
{"event": "step", "step": 357800, "loss": 4.7361, "lr": 0.00030365754390091295, "gnorm": 7.261, "tok_per_s": 152100.2, "load": 5.10009765625}
{"event": "step", "step": 358000, "loss": 5.1269, "lr": 0.00030348574494416347, "gnorm": 5.87, "tok_per_s": 152086.1, "load": 4.9306640625}
{"event": "step", "step": 358200, "loss": 4.9741, "lr": 0.0003033180732067282, "gnorm": 5.01, "tok_per_s": 125495.0, "load": 4.7236328125}
{"event": "step", "step": 358400, "loss": 4.9609, "lr": 0.0003031545292025404, "gnorm": 5.769, "tok_per_s": 152229.4, "load": 4.61181640625}
{"event": "step", "step": 358600, "loss": 4.8488, "lr": 0.0003029951134328807, "gnorm": 6.53, "tok_per_s": 152049.9, "load": 4.51708984375}
{"event": "step", "step": 358800, "loss": 4.7843, "lr": 0.0003028398263863767, "gnorm": 4.45, "tok_per_s": 152089.7, "load": 4.51806640625}
{"event": "step", "step": 359000, "loss": 4.7666, "lr": 0.000302688668539001, "gnorm": 5.248, "tok_per_s": 152229.8, "load": 4.40283203125}
{"event": "step", "step": 359200, "loss": 4.7562, "lr": 0.00030254164035406933, "gnorm": 3.822, "tok_per_s": 152284.0, "load": 4.34033203125}
{"event": "step", "step": 359400, "loss": 4.9217, "lr": 0.0003023987422822399, "gnorm": 6.434, "tok_per_s": 152293.7, "load": 4.28759765625}
{"event": "step", "step": 359600, "loss": 4.7217, "lr": 0.0003022599747615117, "gnorm": 10.86, "tok_per_s": 152164.5, "load": 4.24267578125}
{"event": "step", "step": 359800, "loss": 4.8747, "lr": 0.0003021253382172229, "gnorm": 4.421, "tok_per_s": 152211.0, "load": 4.205078125}
{"event": "step", "step": 360000, "loss": 4.9604, "lr": 0.00030199483306204966, "gnorm": 15.7, "tok_per_s": 152278.1, "load": 4.17333984375}
eval 360000 {'bpb': 1.6355815234064441, 'nats_per_token': 4.931475231241223, 'tokens': 16379, 'bytes': 71247}
{"event": "step", "step": 360200, "loss": 4.8884, "lr": 0.00030186845969600517, "gnorm": 10.15, "tok_per_s": 125427.9, "load": 4.2080078125}
{"event": "step", "step": 360400, "loss": 4.8271, "lr": 0.00030174621850643824, "gnorm": 4.412, "tok_per_s": 152324.0, "load": 4.17529296875}
{"event": "step", "step": 360600, "loss": 4.7042, "lr": 0.00030162810986803196, "gnorm": 3.838, "tok_per_s": 152270.9, "load": 4.228515625}
{"event": "step", "step": 360800, "loss": 4.733, "lr": 0.0003015141341428028, "gnorm": 8.499, "tok_per_s": 152183.4, "load": 4.26708984375}
{"event": "step", "step": 361000, "loss": 5.0163, "lr": 0.0003014042916800993, "gnorm": 5.006, "tok_per_s": 152249.0, "load": 4.20751953125}
{"event": "step", "step": 361200, "loss": 4.7525, "lr": 0.0003012985828166011, "gnorm": 5.935, "tok_per_s": 152161.4, "load": 4.1748046875}
{"event": "step", "step": 361400, "loss": 5.0825, "lr": 0.0003011970078763179, "gnorm": 5.171, "tok_per_s": 152397.5, "load": 4.1474609375}
{"event": "step", "step": 361600, "loss": 4.729, "lr": 0.0003010995671705885, "gnorm": 5.287, "tok_per_s": 152374.6, "load": 4.27880859375}
{"event": "step", "step": 361800, "loss": 4.8711, "lr": 0.00030100626099807947, "gnorm": 7.964, "tok_per_s": 152356.0, "load": 4.2353515625}
{"event": "step", "step": 362000, "loss": 4.8812, "lr": 0.0003009170896447852, "gnorm": 8.171, "tok_per_s": 152347.8, "load": 4.19873046875}
{"event": "step", "step": 362200, "loss": 4.8406, "lr": 0.0003008320533840256, "gnorm": 4.191, "tok_per_s": 125600.8, "load": 4.23486328125}
{"event": "step", "step": 362400, "loss": 4.9331, "lr": 0.000300751152476447, "gnorm": 3.511, "tok_per_s": 152184.4, "load": 4.1982421875}
{"event": "step", "step": 362600, "loss": 4.8063, "lr": 0.00030067438717001953, "gnorm": 13.838, "tok_per_s": 152348.6, "load": 4.16748046875}
{"event": "step", "step": 362800, "loss": 4.9202, "lr": 0.0003006017577000377, "gnorm": 7.315, "tok_per_s": 152254.1, "load": 4.12939453125}
{"event": "step", "step": 363000, "loss": 4.7816, "lr": 0.00030053326428911904, "gnorm": 5.208, "tok_per_s": 152276.7, "load": 4.10888671875}
{"event": "step", "step": 363200, "loss": 5.0123, "lr": 0.0003004689071472038, "gnorm": 6.588, "tok_per_s": 152176.9, "load": 4.091796875}
{"event": "step", "step": 363400, "loss": 4.7964, "lr": 0.00030040868647155365, "gnorm": 5.464, "tok_per_s": 151775.2, "load": 4.0771484375}
{"event": "step", "step": 363600, "loss": 4.6951, "lr": 0.00030035260244675214, "gnorm": 4.115, "tok_per_s": 152058.3, "load": 4.06494140625}
{"event": "step", "step": 363800, "loss": 4.8411, "lr": 0.00030030065524470277, "gnorm": 3.465, "tok_per_s": 152004.5, "load": 4.0546875}
{"event": "step", "step": 364000, "loss": 4.8522, "lr": 0.00030025284502463006, "gnorm": 3.728, "tok_per_s": 151775.5, "load": 4.701171875}
{"event": "step", "step": 364200, "loss": 4.8332, "lr": 0.00030020917193307754, "gnorm": 3.452, "tok_per_s": 126224.5, "load": 4.59326171875}
{"event": "step", "step": 364400, "loss": 5.0241, "lr": 0.0003001696361039082, "gnorm": 3.093, "tok_per_s": 152114.2, "load": 4.58203125}
{"event": "step", "step": 364600, "loss": 4.8361, "lr": 0.00030013423765830387, "gnorm": 4.04, "tok_per_s": 152077.4, "load": 4.57275390625}
{"event": "step", "step": 364800, "loss": 4.812, "lr": 0.0003001029767047649, "gnorm": 5.732, "tok_per_s": 152243.9, "load": 4.4453125}
{"event": "step", "step": 365000, "loss": 4.854, "lr": 0.0003000758533391096, "gnorm": 9.259, "tok_per_s": 151808.1, "load": 4.751953125}
eval 365000 {'bpb': 1.634321168651292, 'nats_per_token': 4.9276751098968194, 'tokens': 16379, 'bytes': 71247}
{"event": "step", "step": 365200, "loss": 4.7252, "lr": 0.00030005286764447415, "gnorm": 3.044, "tok_per_s": 151373.0, "load": 4.79052734375}
{"event": "step", "step": 365400, "loss": 4.9169, "lr": 0.0003000340196913123, "gnorm": 5.299, "tok_per_s": 152106.0, "load": 4.74267578125}
{"event": "step", "step": 365600, "loss": 4.9415, "lr": 0.00030001930953739523, "gnorm": 5.988, "tok_per_s": 152270.1, "load": 4.70849609375}
{"event": "step", "step": 365800, "loss": 5.0895, "lr": 0.00030000873722781123, "gnorm": 5.91, "tok_per_s": 152245.4, "load": 4.59912109375}
{"event": "step", "step": 366000, "loss": 4.9554, "lr": 0.0003000023027949656, "gnorm": 4.448, "tok_per_s": 152246.4, "load": 4.46533203125}
{"event": "step", "step": 366200, "loss": 4.9225, "lr": 0.0003000000062585807, "gnorm": 4.335, "tok_per_s": 126223.6, "load": 4.39306640625}
{"event": "step", "step": 366210, "loss": 4.9733, "lr": 0.0003000000000517238, "gnorm": 8.947, "tok_per_s": 3320785.7, "load": 4.39306640625}
FINAL vast_VB_d768_s0_3B {"bpb": 1.4384230400771478, "nats_per_token": 4.832883250431016, "tokens": 995323, "bytes": 4824566}
NEXT -> python3 track4_sdmllm_evaluate_floors_and_samples.py
END 2026-10-01T12:09:29Z rc=0
