/bin/bash: warning: setlocale: LC_ALL: cannot change locale (en_AU.UTF-8)
START 2026-10-01T06:33:56Z gpu=3 run=vast_VD_nostore_d512_s0_3B driver=570.181 load=15.09 19.38 11.06
/root/settle/sdmllm/track4_sdmllm_train_one_arm.py:221: UserWarning: Converting a tensor with requires_grad=True to a scalar may lead to unexpected behavior.
Consider using tensor.detach() first. (Triggered internally at /pytorch/torch/csrc/autograd/generated/python_variable_methods.cpp:835.)
  rec = {"event": "step", "step": step, "loss": round(float(loss), 4), "lr": lr, "gnorm": round(float(gn), 3),
{"run": "vast_VD_nostore_d512_s0_3B", "arm": "sdm_nostore", "seed": 0, "cfg": {"d": 512, "T": 256, "seed": 0, "M": 3600, "k": 32, "hops": 2, "softness": 0.5, "n_layer": 4, "M_big": 16384, "value_init": "s0", "qgrad": 1.0, "ngram_orders": [2, 3], "f": 1376, "train_name": "train_big"}, "B": 32, "T": 256, "tokens_target": 3000000000, "steps": 366210, "lr": 0.003, "loss_path": "chunked", "store_lr_mult": 1.0, "store_wd": 0.1, "params": {"embedding": 66191360, "non_embedding_trainable": 3691520, "frozen_store_values": 0, "total_trainable": 69882880}, "flops_per_token_fwd": {"head": 132382720, "body": 7634944.0, "total": 140017664.0}, "device": "cuda", "stamp_start": {"utc": "2026-10-01T06:34:01Z", "load": [14.2, 19.13, 11.02], "ncpu": 128, "powermode": "unknown", "torch": "2.8.0+cu128", "host": "41ac7b578b34", "cuda": "12.8", "gpu": "NVIDIA GeForce RTX 5090", "driver": "570.181\n570.181\n570.181\n570.181", "mem_available_gb": 479.8}, "resumed_from_step": 0, "init": null, "train_name": "train_big"}
{"event": "step", "step": 200, "loss": 7.9583, "lr": 8.192244675040961e-05, "gnorm": 0.719, "tok_per_s": 145466.4, "load": 12.63232421875}
{"event": "step", "step": 400, "loss": 6.9034, "lr": 0.00016384489350081922, "gnorm": 0.48, "tok_per_s": 205607.0, "load": 11.3046875}
{"event": "step", "step": 600, "loss": 6.4778, "lr": 0.00024576734025122886, "gnorm": 0.519, "tok_per_s": 205365.6, "load": 10.7197265625}
{"event": "step", "step": 800, "loss": 6.1154, "lr": 0.00032768978700163843, "gnorm": 0.563, "tok_per_s": 205250.8, "load": 9.759765625}
{"event": "step", "step": 1000, "loss": 6.0759, "lr": 0.00040961223375204805, "gnorm": 0.558, "tok_per_s": 204942.6, "load": 9.0341796875}
{"event": "step", "step": 1200, "loss": 5.9399, "lr": 0.0004915346805024577, "gnorm": 0.607, "tok_per_s": 204833.7, "load": 8.630859375}
{"event": "step", "step": 1400, "loss": 5.7324, "lr": 0.0005734571272528673, "gnorm": 0.621, "tok_per_s": 204508.0, "load": 7.91845703125}
{"event": "step", "step": 1600, "loss": 5.7493, "lr": 0.0006553795740032769, "gnorm": 0.654, "tok_per_s": 204439.9, "load": 7.6044921875}
{"event": "step", "step": 1800, "loss": 5.6399, "lr": 0.0007373020207536865, "gnorm": 0.611, "tok_per_s": 204299.0, "load": 7.0498046875}
{"event": "step", "step": 2000, "loss": 5.8861, "lr": 0.0008192244675040961, "gnorm": 0.783, "tok_per_s": 204293.5, "load": 6.580078125}
{"event": "step", "step": 2200, "loss": 5.5865, "lr": 0.0009011469142545058, "gnorm": 0.712, "tok_per_s": 177991.0, "load": 6.373046875}
{"event": "step", "step": 2400, "loss": 5.4499, "lr": 0.0009830693610049155, "gnorm": 0.684, "tok_per_s": 204105.3, "load": 6.0078125}
{"event": "step", "step": 2600, "loss": 5.3273, "lr": 0.001064991807755325, "gnorm": 0.683, "tok_per_s": 204043.6, "load": 5.69873046875}
{"event": "step", "step": 2800, "loss": 5.5016, "lr": 0.0011469142545057346, "gnorm": 0.632, "tok_per_s": 203996.7, "load": 5.5625}
{"event": "step", "step": 3000, "loss": 5.5966, "lr": 0.0012288367012561442, "gnorm": 0.651, "tok_per_s": 203660.0, "load": 5.3955078125}
{"event": "step", "step": 3200, "loss": 5.3895, "lr": 0.0013107591480065537, "gnorm": 0.649, "tok_per_s": 203813.6, "load": 5.25439453125}
{"event": "step", "step": 3400, "loss": 5.4158, "lr": 0.0013926815947569635, "gnorm": 0.614, "tok_per_s": 203817.8, "load": 5.15380859375}
{"event": "step", "step": 3600, "loss": 5.2503, "lr": 0.001474604041507373, "gnorm": 0.654, "tok_per_s": 203744.2, "load": 4.9755859375}
{"event": "step", "step": 3800, "loss": 5.4697, "lr": 0.0015565264882577826, "gnorm": 0.609, "tok_per_s": 203623.2, "load": 4.8974609375}
{"event": "step", "step": 4000, "loss": 5.5028, "lr": 0.0016384489350081922, "gnorm": 0.618, "tok_per_s": 203614.9, "load": 4.7587890625}
{"event": "step", "step": 4200, "loss": 5.5528, "lr": 0.0017203713817586018, "gnorm": 1.166, "tok_per_s": 177572.1, "load": 4.6416015625}
{"event": "step", "step": 4400, "loss": 5.4141, "lr": 0.0018022938285090116, "gnorm": 0.586, "tok_per_s": 203606.0, "load": 4.67041015625}
{"event": "step", "step": 4600, "loss": 5.3075, "lr": 0.0018842162752594211, "gnorm": 0.546, "tok_per_s": 203454.0, "load": 4.56689453125}
{"event": "step", "step": 4800, "loss": 5.3404, "lr": 0.001966138722009831, "gnorm": 0.56, "tok_per_s": 203662.6, "load": 4.4794921875}
{"event": "step", "step": 5000, "loss": 5.3822, "lr": 0.0020480611687602405, "gnorm": 0.542, "tok_per_s": 203599.1, "load": 4.44091796875}
eval 5000 {'bpb': 1.8035220939137326, 'nats_per_token': 5.437836272818854, 'tokens': 16379, 'bytes': 71247}
{"event": "step", "step": 5200, "loss": 5.218, "lr": 0.00212998361551065, "gnorm": 0.489, "tok_per_s": 196809.1, "load": 4.37255859375}
{"event": "step", "step": 5400, "loss": 5.4916, "lr": 0.0022119060622610596, "gnorm": 0.499, "tok_per_s": 202414.7, "load": 4.314453125}
{"event": "step", "step": 5600, "loss": 5.1333, "lr": 0.002293828509011469, "gnorm": 0.482, "tok_per_s": 202460.4, "load": 4.2890625}
{"event": "step", "step": 5800, "loss": 5.3739, "lr": 0.002375750955761879, "gnorm": 0.467, "tok_per_s": 202427.8, "load": 4.244140625}
{"event": "step", "step": 6000, "loss": 5.3333, "lr": 0.0024576734025122883, "gnorm": 0.407, "tok_per_s": 202331.8, "load": 4.22412109375}
{"event": "step", "step": 6200, "loss": 5.2444, "lr": 0.0025395958492626983, "gnorm": 0.433, "tok_per_s": 172597.3, "load": 4.189453125}
{"event": "step", "step": 6400, "loss": 5.5562, "lr": 0.0026215182960131075, "gnorm": 0.506, "tok_per_s": 202514.2, "load": 4.15966796875}
{"event": "step", "step": 6600, "loss": 5.1995, "lr": 0.0027034407427635175, "gnorm": 0.401, "tok_per_s": 202662.2, "load": 4.20849609375}
{"event": "step", "step": 6800, "loss": 5.5023, "lr": 0.002785363189513927, "gnorm": 0.415, "tok_per_s": 202509.5, "load": 4.43212890625}
{"event": "step", "step": 7000, "loss": 5.2897, "lr": 0.0028672856362643366, "gnorm": 0.359, "tok_per_s": 202473.8, "load": 4.365234375}
{"event": "step", "step": 7200, "loss": 5.2571, "lr": 0.002949208083014746, "gnorm": 0.338, "tok_per_s": 202560.2, "load": 4.3828125}
{"event": "step", "step": 7400, "loss": 5.1505, "lr": 0.002999999709053595, "gnorm": 0.375, "tok_per_s": 202459.2, "load": 4.35205078125}
{"event": "step", "step": 7600, "loss": 5.1524, "lr": 0.0029999960883889698, "gnorm": 0.339, "tok_per_s": 202398.0, "load": 4.29736328125}
{"event": "step", "step": 7800, "loss": 5.1664, "lr": 0.0029999883298328146, "gnorm": 0.335, "tok_per_s": 202374.5, "load": 4.2734375}
{"event": "step", "step": 8000, "loss": 5.1096, "lr": 0.0029999764334089113, "gnorm": 0.313, "tok_per_s": 202298.1, "load": 4.23095703125}
{"event": "step", "step": 8200, "loss": 5.2537, "lr": 0.0029999603991537234, "gnorm": 0.336, "tok_per_s": 171827.5, "load": 4.1953125}
{"event": "step", "step": 8400, "loss": 5.064, "lr": 0.0029999402271163973, "gnorm": 0.314, "tok_per_s": 204328.3, "load": 4.3125}
{"event": "step", "step": 8600, "loss": 5.1277, "lr": 0.0029999159173587633, "gnorm": 0.327, "tok_per_s": 205626.2, "load": 4.287109375}
{"event": "step", "step": 8800, "loss": 5.1157, "lr": 0.0029998874699553326, "gnorm": 0.331, "tok_per_s": 205726.3, "load": 4.2421875}
{"event": "step", "step": 9000, "loss": 5.1333, "lr": 0.0029998548849933, "gnorm": 0.34, "tok_per_s": 205404.5, "load": 4.22265625}
{"event": "step", "step": 9200, "loss": 5.2069, "lr": 0.0029998181625725436, "gnorm": 0.391, "tok_per_s": 205510.8, "load": 4.18798828125}
{"event": "step", "step": 9400, "loss": 5.0108, "lr": 0.0029997773028056195, "gnorm": 0.352, "tok_per_s": 204509.3, "load": 4.15869140625}
{"event": "step", "step": 9600, "loss": 5.1126, "lr": 0.0029997323058177693, "gnorm": 0.334, "tok_per_s": 204478.9, "load": 4.1455078125}
{"event": "step", "step": 9800, "loss": 5.2299, "lr": 0.0029996831717469135, "gnorm": 0.384, "tok_per_s": 204419.9, "load": 9.00830078125}
{"event": "step", "step": 10000, "loss": 4.9416, "lr": 0.0029996299007436526, "gnorm": 0.301, "tok_per_s": 203802.9, "load": 8.60693359375}
eval 10000 {'bpb': 1.7507637419451423, 'nats_per_token': 5.2787634890713715, 'tokens': 16379, 'bytes': 71247}
{"event": "step", "step": 10200, "loss": 5.2238, "lr": 0.0029995724929712695, "gnorm": 0.347, "tok_per_s": 177351.6, "load": 8.05859375}
{"event": "step", "step": 10400, "loss": 5.2335, "lr": 0.0029995109486057243, "gnorm": 0.313, "tok_per_s": 203526.4, "load": 7.59423828125}
{"event": "step", "step": 10600, "loss": 5.1892, "lr": 0.002999445267835659, "gnorm": 0.341, "tok_per_s": 203748.8, "load": 7.30615234375}
{"event": "step", "step": 10800, "loss": 5.1803, "lr": 0.0029993754508623916, "gnorm": 0.329, "tok_per_s": 203687.8, "load": 6.79736328125}
{"event": "step", "step": 11000, "loss": 5.199, "lr": 0.00299930149789992, "gnorm": 0.327, "tok_per_s": 203540.0, "load": 6.36669921875}
{"event": "step", "step": 11200, "loss": 5.1858, "lr": 0.002999223409174917, "gnorm": 0.314, "tok_per_s": 203225.9, "load": 6.1767578125}
{"event": "step", "step": 11400, "loss": 5.2442, "lr": 0.0029991411849267344, "gnorm": 0.351, "tok_per_s": 203313.0, "load": 5.841796875}
{"event": "step", "step": 11600, "loss": 5.1529, "lr": 0.0029990548254073992, "gnorm": 0.39, "tok_per_s": 203346.5, "load": 5.55810546875}
{"event": "step", "step": 11800, "loss": 5.1548, "lr": 0.002998964330881612, "gnorm": 0.396, "tok_per_s": 203468.6, "load": 5.43310546875}
{"event": "step", "step": 12000, "loss": 5.1532, "lr": 0.0029988697016267497, "gnorm": 0.347, "tok_per_s": 203465.0, "load": 5.2919921875}
{"event": "step", "step": 12200, "loss": 5.0645, "lr": 0.0029987709379328616, "gnorm": 0.319, "tok_per_s": 177632.2, "load": 5.09326171875}
{"event": "step", "step": 12400, "loss": 5.2227, "lr": 0.0029986680401026694, "gnorm": 0.341, "tok_per_s": 203630.7, "load": 5.00537109375}
{"event": "step", "step": 12600, "loss": 5.1742, "lr": 0.002998561008451566, "gnorm": 0.473, "tok_per_s": 203483.4, "load": 4.8505859375}
{"event": "step", "step": 12800, "loss": 5.2993, "lr": 0.002998449843307617, "gnorm": 0.405, "tok_per_s": 203570.8, "load": 4.7822265625}
{"event": "step", "step": 13000, "loss": 5.09, "lr": 0.002998334545011556, "gnorm": 0.434, "tok_per_s": 203633.2, "load": 4.66162109375}
{"event": "step", "step": 13200, "loss": 5.0741, "lr": 0.0029982151139167847, "gnorm": 0.395, "tok_per_s": 203562.4, "load": 4.5595703125}
{"event": "step", "step": 13400, "loss": 5.1747, "lr": 0.002998091550389373, "gnorm": 0.354, "tok_per_s": 203429.5, "load": 4.5146484375}
{"event": "step", "step": 13600, "loss": 5.1503, "lr": 0.0029979638548080574, "gnorm": 0.352, "tok_per_s": 203688.0, "load": 4.595703125}
{"event": "step", "step": 13800, "loss": 5.2749, "lr": 0.0029978320275642393, "gnorm": 0.456, "tok_per_s": 203369.3, "load": 4.50390625}
{"event": "step", "step": 14000, "loss": 5.0386, "lr": 0.0029976960690619846, "gnorm": 0.462, "tok_per_s": 202337.8, "load": 4.5439453125}
{"event": "step", "step": 14200, "loss": 5.0633, "lr": 0.0029975559797180214, "gnorm": 0.36, "tok_per_s": 172885.9, "load": 4.4599609375}
{"event": "step", "step": 14400, "loss": 5.0136, "lr": 0.0029974117599617387, "gnorm": 0.39, "tok_per_s": 202677.5, "load": 4.388671875}
{"event": "step", "step": 14600, "loss": 5.0095, "lr": 0.002997263410235188, "gnorm": 0.359, "tok_per_s": 202436.0, "load": 4.357421875}
{"event": "step", "step": 14800, "loss": 5.0969, "lr": 0.002997110930993076, "gnorm": 0.341, "tok_per_s": 202537.0, "load": 4.30224609375}
{"event": "step", "step": 15000, "loss": 4.9891, "lr": 0.0029969543227027703, "gnorm": 0.379, "tok_per_s": 202481.9, "load": 4.25537109375}
eval 15000 {'bpb': 1.7322800153740383, 'nats_per_token': 5.223032827858844, 'tokens': 16379, 'bytes': 71247}
{"event": "step", "step": 15200, "loss": 5.1445, "lr": 0.0029967935858442934, "gnorm": 0.343, "tok_per_s": 201197.6, "load": 4.23486328125}
{"event": "step", "step": 15400, "loss": 5.0725, "lr": 0.0029966287209103213, "gnorm": 0.334, "tok_per_s": 202589.5, "load": 4.1982421875}
{"event": "step", "step": 15600, "loss": 5.1401, "lr": 0.0029964597284061843, "gnorm": 0.646, "tok_per_s": 202584.7, "load": 4.18212890625}
{"event": "step", "step": 15800, "loss": 5.0677, "lr": 0.002996286608849863, "gnorm": 0.63, "tok_per_s": 202650.8, "load": 4.22802734375}
{"event": "step", "step": 16000, "loss": 5.0682, "lr": 0.0029961093627719885, "gnorm": 0.341, "tok_per_s": 202474.1, "load": 4.1923828125}
{"event": "step", "step": 16200, "loss": 5.1495, "lr": 0.002995927990715841, "gnorm": 0.361, "tok_per_s": 172591.6, "load": 4.2431640625}
{"event": "step", "step": 16400, "loss": 5.1357, "lr": 0.002995742493237346, "gnorm": 0.477, "tok_per_s": 202716.9, "load": 4.2236328125}
{"event": "step", "step": 16600, "loss": 5.0394, "lr": 0.0029955528709050745, "gnorm": 0.431, "tok_per_s": 202440.3, "load": 4.18896484375}
{"event": "step", "step": 16800, "loss": 5.106, "lr": 0.00299535912430024, "gnorm": 0.355, "tok_per_s": 202688.4, "load": 4.240234375}
{"event": "step", "step": 17000, "loss": 5.0045, "lr": 0.002995161254016699, "gnorm": 0.335, "tok_per_s": 202704.9, "load": 4.220703125}
{"event": "step", "step": 17200, "loss": 5.1013, "lr": 0.0029949592606609452, "gnorm": 0.343, "tok_per_s": 202516.3, "load": 4.18603515625}
{"event": "step", "step": 17400, "loss": 5.0422, "lr": 0.0029947531448521122, "gnorm": 0.358, "tok_per_s": 202651.1, "load": 4.25146484375}
{"event": "step", "step": 17600, "loss": 5.1823, "lr": 0.002994542907221967, "gnorm": 0.378, "tok_per_s": 202570.2, "load": 4.2861328125}
{"event": "step", "step": 17800, "loss": 5.2276, "lr": 0.0029943285484149134, "gnorm": 0.419, "tok_per_s": 202468.6, "load": 4.3896484375}
{"event": "step", "step": 18000, "loss": 5.1154, "lr": 0.0029941100690879844, "gnorm": 0.375, "tok_per_s": 202425.1, "load": 4.43896484375}
{"event": "step", "step": 18200, "loss": 5.0371, "lr": 0.0029938874699108452, "gnorm": 0.423, "tok_per_s": 172349.0, "load": 4.45166015625}
{"event": "step", "step": 18400, "loss": 5.1816, "lr": 0.0029936607515657866, "gnorm": 0.463, "tok_per_s": 202527.6, "load": 4.38134765625}
{"event": "step", "step": 18600, "loss": 5.1898, "lr": 0.002993429914747726, "gnorm": 0.348, "tok_per_s": 202492.9, "load": 4.3505859375}
{"event": "step", "step": 18800, "loss": 5.2184, "lr": 0.0029931949601642053, "gnorm": 0.363, "tok_per_s": 202633.6, "load": 4.29638671875}
{"event": "step", "step": 19000, "loss": 5.1501, "lr": 0.0029929558885353857, "gnorm": 0.4, "tok_per_s": 202528.4, "load": 4.25048828125}
{"event": "step", "step": 19200, "loss": 5.163, "lr": 0.0029927127005940505, "gnorm": 0.95, "tok_per_s": 202472.2, "load": 4.310546875}
{"event": "step", "step": 19400, "loss": 5.038, "lr": 0.002992465397085598, "gnorm": 0.323, "tok_per_s": 202808.3, "load": 4.2626953125}
{"event": "step", "step": 19600, "loss": 5.0743, "lr": 0.0029922139787680407, "gnorm": 0.44, "tok_per_s": 202530.5, "load": 4.2216796875}
{"event": "step", "step": 19800, "loss": 5.1688, "lr": 0.0029919584464120053, "gnorm": 0.515, "tok_per_s": 202501.8, "load": 4.2841796875}
{"event": "step", "step": 20000, "loss": 5.1236, "lr": 0.0029916988008007266, "gnorm": 0.383, "tok_per_s": 202583.1, "load": 4.240234375}
eval 20000 {'bpb': 1.707921804871991, 'nats_per_token': 5.1495898902558155, 'tokens': 16379, 'bytes': 71247}
{"event": "step", "step": 20200, "loss": 5.075, "lr": 0.002991435042730049, "gnorm": 0.493, "tok_per_s": 171627.9, "load": 4.20263671875}
{"event": "step", "step": 20400, "loss": 5.0232, "lr": 0.00299116717300842, "gnorm": 0.43, "tok_per_s": 202551.5, "load": 4.2666015625}
{"event": "step", "step": 20600, "loss": 4.9984, "lr": 0.0029908951924568915, "gnorm": 0.307, "tok_per_s": 202559.9, "load": 4.3056640625}
{"event": "step", "step": 20800, "loss": 5.0647, "lr": 0.0029906191019091143, "gnorm": 0.611, "tok_per_s": 202618.7, "load": 4.2578125}
{"event": "step", "step": 21000, "loss": 5.181, "lr": 0.0029903389022113377, "gnorm": 0.365, "tok_per_s": 202623.9, "load": 4.3974609375}
{"event": "step", "step": 21200, "loss": 5.2558, "lr": 0.0029900545942224055, "gnorm": 0.462, "tok_per_s": 202670.3, "load": 4.3359375}
{"event": "step", "step": 21400, "loss": 4.992, "lr": 0.002989766178813754, "gnorm": 0.378, "tok_per_s": 202541.8, "load": 4.30859375}
{"event": "step", "step": 21600, "loss": 5.1482, "lr": 0.0029894736568694094, "gnorm": 0.49, "tok_per_s": 202583.1, "load": 4.41552734375}
{"event": "step", "step": 21800, "loss": 5.0745, "lr": 0.002989177029285984, "gnorm": 0.695, "tok_per_s": 202756.2, "load": 4.35107421875}
{"event": "step", "step": 22000, "loss": 5.1288, "lr": 0.002988876296972676, "gnorm": 0.34, "tok_per_s": 202601.4, "load": 4.32275390625}
{"event": "step", "step": 22200, "loss": 5.1602, "lr": 0.0029885714608512636, "gnorm": 0.723, "tok_per_s": 172446.4, "load": 4.27294921875}
{"event": "step", "step": 22400, "loss": 5.0346, "lr": 0.0029882625218561045, "gnorm": 0.455, "tok_per_s": 202899.0, "load": 4.38525390625}
{"event": "step", "step": 22600, "loss": 5.1285, "lr": 0.0029879494809341317, "gnorm": 0.372, "tok_per_s": 202952.9, "load": 4.35400390625}
{"event": "step", "step": 22800, "loss": 5.1683, "lr": 0.0029876323390448513, "gnorm": 0.373, "tok_per_s": 202900.3, "load": 4.298828125}
{"event": "step", "step": 23000, "loss": 5.1429, "lr": 0.0029873110971603387, "gnorm": 0.55, "tok_per_s": 202878.8, "load": 4.251953125}
{"event": "step", "step": 23200, "loss": 4.9239, "lr": 0.0029869857562652377, "gnorm": 0.492, "tok_per_s": 202994.3, "load": 4.2314453125}
{"event": "step", "step": 23400, "loss": 5.1639, "lr": 0.0029866563173567545, "gnorm": 0.367, "tok_per_s": 202832.1, "load": 4.2763671875}
{"event": "step", "step": 23600, "loss": 5.0541, "lr": 0.0029863227814446573, "gnorm": 0.646, "tok_per_s": 202878.2, "load": 4.2333984375}
{"event": "step", "step": 23800, "loss": 5.046, "lr": 0.0029859851495512707, "gnorm": 0.39, "tok_per_s": 202824.8, "load": 4.294921875}
{"event": "step", "step": 24000, "loss": 5.0614, "lr": 0.0029856434227114766, "gnorm": 0.344, "tok_per_s": 202990.2, "load": 4.32958984375}
{"event": "step", "step": 24200, "loss": 4.9607, "lr": 0.002985297601972705, "gnorm": 0.359, "tok_per_s": 172132.6, "load": 4.2783203125}
{"event": "step", "step": 24400, "loss": 5.0857, "lr": 0.0029849476883949356, "gnorm": 0.437, "tok_per_s": 202531.3, "load": 8.10009765625}
{"event": "step", "step": 24600, "loss": 5.1301, "lr": 0.002984593683050695, "gnorm": 0.456, "tok_per_s": 203190.3, "load": 7.623046875}
{"event": "step", "step": 24800, "loss": 5.1366, "lr": 0.002984235587025048, "gnorm": 0.506, "tok_per_s": 202981.5, "load": 7.1455078125}
{"event": "step", "step": 25000, "loss": 5.079, "lr": 0.002983873401415601, "gnorm": 0.385, "tok_per_s": 202974.1, "load": 6.8935546875}
eval 25000 {'bpb': 1.7095910986307918, 'nats_per_token': 5.154623011936016, 'tokens': 16379, 'bytes': 71247}
{"event": "step", "step": 25200, "loss": 5.0195, "lr": 0.0029835071273324933, "gnorm": 0.343, "tok_per_s": 201715.8, "load": 6.4482421875}
{"event": "step", "step": 25400, "loss": 5.0581, "lr": 0.002983136765898397, "gnorm": 0.396, "tok_per_s": 202886.7, "load": 6.412109375}
{"event": "step", "step": 25600, "loss": 5.2631, "lr": 0.0029827623182485117, "gnorm": 0.433, "tok_per_s": 202108.4, "load": 6.2744140625}
{"event": "step", "step": 25800, "loss": 5.0791, "lr": 0.0029823837855305624, "gnorm": 0.562, "tok_per_s": 202332.9, "load": 5.99755859375}
{"event": "step", "step": 26000, "loss": 5.2318, "lr": 0.002982001168904795, "gnorm": 0.352, "tok_per_s": 202385.0, "load": 6.078125}
{"event": "step", "step": 26200, "loss": 5.2076, "lr": 0.0029816144695439723, "gnorm": 0.654, "tok_per_s": 172401.2, "load": 5.75830078125}
{"event": "step", "step": 26400, "loss": 5.1491, "lr": 0.002981223688633373, "gnorm": 0.452, "tok_per_s": 202744.4, "load": 5.4873046875}
{"event": "step", "step": 26600, "loss": 5.2115, "lr": 0.002980828827370783, "gnorm": 0.944, "tok_per_s": 202603.7, "load": 5.3681640625}
{"event": "step", "step": 26800, "loss": 4.994, "lr": 0.002980429886966499, "gnorm": 0.442, "tok_per_s": 202761.6, "load": 5.1572265625}
{"event": "step", "step": 27000, "loss": 5.1504, "lr": 0.0029800268686433176, "gnorm": 0.509, "tok_per_s": 201848.6, "load": 5.1396484375}
{"event": "step", "step": 27200, "loss": 5.0981, "lr": 0.002979619773636537, "gnorm": 1.23, "tok_per_s": 202708.4, "load": 5.04833984375}
{"event": "step", "step": 27400, "loss": 5.2105, "lr": 0.002979208603193948, "gnorm": 0.496, "tok_per_s": 202827.3, "load": 4.88671875}
{"event": "step", "step": 27600, "loss": 5.2718, "lr": 0.0029787933585758357, "gnorm": 0.435, "tok_per_s": 202938.7, "load": 4.90478515625}
{"event": "step", "step": 27800, "loss": 4.8806, "lr": 0.0029783740410549717, "gnorm": 0.466, "tok_per_s": 202051.0, "load": 4.99267578125}
{"event": "step", "step": 28000, "loss": 5.0913, "lr": 0.0029779506519166123, "gnorm": 0.609, "tok_per_s": 202828.9, "load": 4.9140625}
{"event": "step", "step": 28200, "loss": 5.0754, "lr": 0.0029775231924584937, "gnorm": 0.401, "tok_per_s": 172701.3, "load": 4.7734375}
{"event": "step", "step": 28400, "loss": 5.0934, "lr": 0.0029770916639908266, "gnorm": 0.576, "tok_per_s": 202942.7, "load": 4.71142578125}
{"event": "step", "step": 28600, "loss": 4.8938, "lr": 0.002976656067836296, "gnorm": 0.378, "tok_per_s": 202953.7, "load": 4.76220703125}
{"event": "step", "step": 28800, "loss": 5.2107, "lr": 0.002976216405330053, "gnorm": 0.398, "tok_per_s": 203081.8, "load": 4.64453125}
{"event": "step", "step": 29000, "loss": 5.1353, "lr": 0.002975772677819713, "gnorm": 0.517, "tok_per_s": 203005.8, "load": 4.67333984375}
{"event": "step", "step": 29200, "loss": 5.1694, "lr": 0.002975324886665352, "gnorm": 0.518, "tok_per_s": 203052.9, "load": 4.5693359375}
{"event": "step", "step": 29400, "loss": 5.1424, "lr": 0.0029748730332395, "gnorm": 0.518, "tok_per_s": 202901.4, "load": 4.5234375}
{"event": "step", "step": 29600, "loss": 5.1072, "lr": 0.0029744171189271394, "gnorm": 0.543, "tok_per_s": 202797.6, "load": 4.44287109375}
{"event": "step", "step": 29800, "loss": 5.1776, "lr": 0.0029739571451257002, "gnorm": 0.652, "tok_per_s": 202952.7, "load": 4.37451171875}
{"event": "step", "step": 30000, "loss": 5.325, "lr": 0.002973493113245053, "gnorm": 0.734, "tok_per_s": 202899.6, "load": 4.34423828125}
eval 30000 {'bpb': 1.7147704653539857, 'nats_per_token': 5.170239426247024, 'tokens': 16379, 'bytes': 71247}
{"event": "step", "step": 30200, "loss": 5.1405, "lr": 0.0029730250247075097, "gnorm": 0.666, "tok_per_s": 171522.6, "load": 4.291015625}
{"event": "step", "step": 30400, "loss": 4.9772, "lr": 0.0029725528809478132, "gnorm": 0.342, "tok_per_s": 203138.2, "load": 4.24609375}
{"event": "step", "step": 30600, "loss": 5.1637, "lr": 0.00297207668341314, "gnorm": 0.683, "tok_per_s": 203207.1, "load": 4.28173828125}
{"event": "step", "step": 30800, "loss": 5.0842, "lr": 0.0029715964335630877, "gnorm": 0.608, "tok_per_s": 203040.5, "load": 4.2587890625}
{"event": "step", "step": 31000, "loss": 5.1193, "lr": 0.0029711121328696776, "gnorm": 0.651, "tok_per_s": 202027.8, "load": 4.3662109375}
{"event": "step", "step": 31200, "loss": 5.1664, "lr": 0.0029706237828173473, "gnorm": 0.836, "tok_per_s": 202975.4, "load": 4.4169921875}
{"event": "step", "step": 31400, "loss": 5.2064, "lr": 0.0029701313849029437, "gnorm": 0.399, "tok_per_s": 202792.7, "load": 4.3525390625}
{"event": "step", "step": 31600, "loss": 5.0358, "lr": 0.0029696349406357226, "gnorm": 0.647, "tok_per_s": 202910.9, "load": 4.2177734375}
{"event": "step", "step": 31800, "loss": 5.1169, "lr": 0.0029691344515373427, "gnorm": 0.382, "tok_per_s": 202866.6, "load": 4.2001953125}
{"event": "step", "step": 32000, "loss": 5.0291, "lr": 0.00296862991914186, "gnorm": 0.362, "tok_per_s": 202783.1, "load": 4.2431640625}
{"event": "step", "step": 32200, "loss": 5.2022, "lr": 0.002968121344995723, "gnorm": 0.544, "tok_per_s": 172208.5, "load": 4.20556640625}
{"event": "step", "step": 32400, "loss": 5.0127, "lr": 0.0029676087306577704, "gnorm": 0.35, "tok_per_s": 203015.9, "load": 4.18896484375}
{"event": "step", "step": 32600, "loss": 5.0683, "lr": 0.0029670920776992227, "gnorm": 0.673, "tok_per_s": 202310.5, "load": 4.3203125}
{"event": "step", "step": 32800, "loss": 4.9924, "lr": 0.0029665713877036802, "gnorm": 0.534, "tok_per_s": 203098.8, "load": 4.41845703125}
{"event": "step", "step": 33000, "loss": 4.9764, "lr": 0.0029660466622671165, "gnorm": 0.464, "tok_per_s": 203134.6, "load": 4.384765625}
{"event": "step", "step": 33200, "loss": 5.1718, "lr": 0.0029655179029978752, "gnorm": 0.893, "tok_per_s": 202975.7, "load": 4.40576171875}
{"event": "step", "step": 33400, "loss": 5.1014, "lr": 0.002964985111516664, "gnorm": 0.544, "tok_per_s": 202974.9, "load": 4.373046875}
{"event": "step", "step": 33600, "loss": 5.2336, "lr": 0.002964448289456548, "gnorm": 0.656, "tok_per_s": 202987.9, "load": 4.3955078125}
{"event": "step", "step": 33800, "loss": 5.1383, "lr": 0.0029639074384629487, "gnorm": 0.843, "tok_per_s": 202978.5, "load": 4.4150390625}
{"event": "step", "step": 34000, "loss": 5.1259, "lr": 0.0029633625601936365, "gnorm": 0.554, "tok_per_s": 203948.5, "load": 4.38134765625}
{"event": "step", "step": 34200, "loss": 5.3387, "lr": 0.0029628136563187237, "gnorm": 0.56, "tok_per_s": 178111.3, "load": 4.98583984375}
{"event": "step", "step": 34400, "loss": 5.2269, "lr": 0.002962260728520665, "gnorm": 0.551, "tok_per_s": 204258.3, "load": 4.833984375}
{"event": "step", "step": 34600, "loss": 4.9499, "lr": 0.0029617037784942456, "gnorm": 0.582, "tok_per_s": 204234.7, "load": 4.76708984375}
{"event": "step", "step": 34800, "loss": 5.1633, "lr": 0.002961142807946581, "gnorm": 0.637, "tok_per_s": 204267.9, "load": 4.64892578125}
{"event": "step", "step": 35000, "loss": 5.1504, "lr": 0.0029605778185971105, "gnorm": 0.912, "tok_per_s": 204756.6, "load": 4.548828125}
eval 35000 {'bpb': 1.7213993112342123, 'nats_per_token': 5.190226194746321, 'tokens': 16379, 'bytes': 71247}
{"event": "step", "step": 35200, "loss": 5.1001, "lr": 0.002960008812177589, "gnorm": 0.578, "tok_per_s": 202890.3, "load": 4.50439453125}
{"event": "step", "step": 35400, "loss": 5.2502, "lr": 0.0029594357904320877, "gnorm": 0.489, "tok_per_s": 204100.8, "load": 4.5068359375}
{"event": "step", "step": 35600, "loss": 5.0947, "lr": 0.0029588587551169824, "gnorm": 1.153, "tok_per_s": 204032.7, "load": 4.4658203125}
{"event": "step", "step": 35800, "loss": 5.1388, "lr": 0.002958277708000952, "gnorm": 0.681, "tok_per_s": 203951.6, "load": 4.4677734375}
{"event": "step", "step": 36000, "loss": 5.17, "lr": 0.002957692650864972, "gnorm": 0.444, "tok_per_s": 204081.0, "load": 4.4697265625}
{"event": "step", "step": 36200, "loss": 5.1091, "lr": 0.00295710358550231, "gnorm": 1.281, "tok_per_s": 178469.2, "load": 4.39697265625}
{"event": "step", "step": 36400, "loss": 5.1966, "lr": 0.002956510513718517, "gnorm": 0.472, "tok_per_s": 204258.1, "load": 4.36474609375}
{"event": "step", "step": 36600, "loss": 5.1381, "lr": 0.002955913437331426, "gnorm": 0.648, "tok_per_s": 204141.4, "load": 4.52978515625}
{"event": "step", "step": 36800, "loss": 5.1459, "lr": 0.002955312358171144, "gnorm": 0.577, "tok_per_s": 203999.4, "load": 4.56787109375}
{"event": "step", "step": 37000, "loss": 5.0987, "lr": 0.002954707278080047, "gnorm": 1.085, "tok_per_s": 203028.1, "load": 4.92919921875}
{"event": "step", "step": 37200, "loss": 5.1275, "lr": 0.002954098198912774, "gnorm": 0.441, "tok_per_s": 202820.9, "load": 4.78564453125}
{"event": "step", "step": 37400, "loss": 5.1728, "lr": 0.002953485122536223, "gnorm": 0.368, "tok_per_s": 202837.1, "load": 4.72265625}
{"event": "step", "step": 37600, "loss": 5.1478, "lr": 0.0029528680508295415, "gnorm": 0.613, "tok_per_s": 202736.6, "load": 4.69189453125}
{"event": "step", "step": 37800, "loss": 5.0191, "lr": 0.0029522469856841245, "gnorm": 0.39, "tok_per_s": 202547.6, "load": 4.63623046875}
{"event": "step", "step": 38000, "loss": 4.9945, "lr": 0.002951621929003609, "gnorm": 0.403, "tok_per_s": 202834.7, "load": 4.5380859375}
{"event": "step", "step": 38200, "loss": 5.0744, "lr": 0.002950992882703862, "gnorm": 0.4, "tok_per_s": 173089.0, "load": 4.45458984375}
{"event": "step", "step": 38400, "loss": 5.2965, "lr": 0.002950359848712985, "gnorm": 0.511, "tok_per_s": 203144.9, "load": 4.38427734375}
{"event": "step", "step": 38600, "loss": 5.1545, "lr": 0.002949722828971297, "gnorm": 0.693, "tok_per_s": 203198.2, "load": 4.35302734375}
{"event": "step", "step": 38800, "loss": 5.2582, "lr": 0.0029490818254313367, "gnorm": 0.418, "tok_per_s": 203053.8, "load": 4.37890625}
{"event": "step", "step": 39000, "loss": 5.0898, "lr": 0.0029484368400578527, "gnorm": 0.924, "tok_per_s": 203098.8, "load": 4.34814453125}
{"event": "step", "step": 39200, "loss": 5.0267, "lr": 0.002947787874827799, "gnorm": 0.537, "tok_per_s": 203118.5, "load": 4.2939453125}
{"event": "step", "step": 39400, "loss": 5.0252, "lr": 0.0029471349317303267, "gnorm": 0.717, "tok_per_s": 203013.0, "load": 4.248046875}
{"event": "step", "step": 39600, "loss": 5.2033, "lr": 0.0029464780127667818, "gnorm": 0.481, "tok_per_s": 203060.0, "load": 4.22802734375}
{"event": "step", "step": 39800, "loss": 5.0149, "lr": 0.002945817119950695, "gnorm": 0.562, "tok_per_s": 203002.9, "load": 4.1923828125}
{"event": "step", "step": 40000, "loss": 5.0388, "lr": 0.0029451522553077783, "gnorm": 0.533, "tok_per_s": 202914.2, "load": 4.3232421875}
eval 40000 {'bpb': 1.7020224840267066, 'nats_per_token': 5.1318027275779965, 'tokens': 16379, 'bytes': 71247}
{"event": "step", "step": 40200, "loss": 5.2108, "lr": 0.002944483420875917, "gnorm": 0.799, "tok_per_s": 170344.6, "load": 4.5810546875}
{"event": "step", "step": 40400, "loss": 5.1225, "lr": 0.002943810618705165, "gnorm": 1.059, "tok_per_s": 203129.4, "load": 4.5341796875}
{"event": "step", "step": 40600, "loss": 4.8533, "lr": 0.0029431338508577377, "gnorm": 0.625, "tok_per_s": 203064.7, "load": 4.45166015625}
{"event": "step", "step": 40800, "loss": 5.189, "lr": 0.0029424531194080054, "gnorm": 0.622, "tok_per_s": 202506.3, "load": 4.57568359375}
{"event": "step", "step": 41000, "loss": 5.0922, "lr": 0.0029417684264424868, "gnorm": 0.631, "tok_per_s": 203334.2, "load": 4.71484375}
{"event": "step", "step": 41200, "loss": 5.0604, "lr": 0.002941079774059844, "gnorm": 0.725, "tok_per_s": 202954.7, "load": 4.6044921875}
{"event": "step", "step": 41400, "loss": 5.0815, "lr": 0.0029403871643708755, "gnorm": 0.837, "tok_per_s": 203012.4, "load": 4.63623046875}
{"event": "step", "step": 41600, "loss": 5.142, "lr": 0.0029396905994985077, "gnorm": 0.467, "tok_per_s": 203001.9, "load": 4.77880859375}
{"event": "step", "step": 41800, "loss": 5.0839, "lr": 0.002938990081577792, "gnorm": 0.399, "tok_per_s": 203029.5, "load": 4.71630859375}
{"event": "step", "step": 42000, "loss": 5.1376, "lr": 0.0029382856127558956, "gnorm": 0.561, "tok_per_s": 202878.6, "load": 4.6796875}
{"event": "step", "step": 42200, "loss": 4.9748, "lr": 0.0029375771951920945, "gnorm": 0.521, "tok_per_s": 172220.3, "load": 4.57470703125}
{"event": "step", "step": 42400, "loss": 5.2219, "lr": 0.0029368648310577703, "gnorm": 0.409, "tok_per_s": 203044.3, "load": 4.48583984375}
{"event": "step", "step": 42600, "loss": 5.2053, "lr": 0.002936148522536399, "gnorm": 0.469, "tok_per_s": 202926.2, "load": 4.44677734375}
{"event": "step", "step": 42800, "loss": 5.1651, "lr": 0.0029354282718235484, "gnorm": 0.461, "tok_per_s": 203720.7, "load": 4.37744140625}
{"event": "step", "step": 43000, "loss": 5.0228, "lr": 0.002934704081126869, "gnorm": 0.366, "tok_per_s": 204292.8, "load": 4.34716796875}
{"event": "step", "step": 43200, "loss": 5.1496, "lr": 0.0029339759526660863, "gnorm": 0.447, "tok_per_s": 205874.5, "load": 4.29345703125}
{"event": "step", "step": 43400, "loss": 5.1683, "lr": 0.0029332438886729988, "gnorm": 0.587, "tok_per_s": 205745.0, "load": 4.24755859375}
{"event": "step", "step": 43600, "loss": 5.1057, "lr": 0.0029325078913914645, "gnorm": 0.611, "tok_per_s": 205768.0, "load": 4.2275390625}
{"event": "step", "step": 43800, "loss": 5.1719, "lr": 0.002931767963077399, "gnorm": 0.455, "tok_per_s": 205926.4, "load": 4.19189453125}
{"event": "step", "step": 44000, "loss": 5.2338, "lr": 0.0029310241059987674, "gnorm": 0.544, "tok_per_s": 205771.1, "load": 4.17626953125}
{"event": "step", "step": 44200, "loss": 5.1186, "lr": 0.002930276322435575, "gnorm": 0.815, "tok_per_s": 182658.7, "load": 4.22314453125}
{"event": "step", "step": 44400, "loss": 5.2347, "lr": 0.002929524614679865, "gnorm": 0.466, "tok_per_s": 205495.2, "load": 4.1884765625}
{"event": "step", "step": 44600, "loss": 5.2268, "lr": 0.0029287689850357058, "gnorm": 0.806, "tok_per_s": 203767.7, "load": 4.1591796875}
{"event": "step", "step": 44800, "loss": 5.1853, "lr": 0.0029280094358191885, "gnorm": 0.572, "tok_per_s": 203195.1, "load": 4.14599609375}
{"event": "step", "step": 45000, "loss": 5.0565, "lr": 0.0029272459693584184, "gnorm": 0.796, "tok_per_s": 202876.6, "load": 4.123046875}
eval 45000 {'bpb': 1.7036821277742027, 'nats_per_token': 5.136806753312168, 'tokens': 16379, 'bytes': 71247}
{"event": "step", "step": 45200, "loss": 5.0201, "lr": 0.0029264785879935065, "gnorm": 0.536, "tok_per_s": 201609.0, "load": 4.11279296875}
{"event": "step", "step": 45400, "loss": 5.274, "lr": 0.0029257072940765644, "gnorm": 0.901, "tok_per_s": 202941.3, "load": 4.31640625}
{"event": "step", "step": 45600, "loss": 4.9101, "lr": 0.002924932089971695, "gnorm": 0.38, "tok_per_s": 202464.3, "load": 4.90869140625}
{"event": "step", "step": 45800, "loss": 5.0439, "lr": 0.002924152978054988, "gnorm": 0.464, "tok_per_s": 202600.5, "load": 4.916015625}
{"event": "step", "step": 46000, "loss": 5.1115, "lr": 0.0029233699607145083, "gnorm": 1.114, "tok_per_s": 203084.0, "load": 4.93505859375}
{"event": "step", "step": 46200, "loss": 5.1545, "lr": 0.0029225830403502955, "gnorm": 0.465, "tok_per_s": 172918.0, "load": 4.87109375}
{"event": "step", "step": 46400, "loss": 5.1779, "lr": 0.0029217922193743484, "gnorm": 0.423, "tok_per_s": 202978.2, "load": 4.80126953125}
{"event": "step", "step": 46600, "loss": 5.1772, "lr": 0.0029209975002106228, "gnorm": 0.381, "tok_per_s": 203063.9, "load": 4.677734375}
{"event": "step", "step": 46800, "loss": 5.139, "lr": 0.002920198885295025, "gnorm": 0.501, "tok_per_s": 203112.1, "load": 4.57275390625}
{"event": "step", "step": 47000, "loss": 5.1455, "lr": 0.002919396377075399, "gnorm": 0.659, "tok_per_s": 203072.4, "load": 4.52685546875}
{"event": "step", "step": 47200, "loss": 5.0708, "lr": 0.0029185899780115243, "gnorm": 0.542, "tok_per_s": 202894.5, "load": 4.51953125}
{"event": "step", "step": 47400, "loss": 5.0465, "lr": 0.002917779690575106, "gnorm": 0.502, "tok_per_s": 202964.6, "load": 4.4775390625}
{"event": "step", "step": 47600, "loss": 5.1094, "lr": 0.002916965517249767, "gnorm": 0.558, "tok_per_s": 203000.4, "load": 4.40380859375}
{"event": "step", "step": 47800, "loss": 5.1329, "lr": 0.0029161474605310413, "gnorm": 0.724, "tok_per_s": 203038.9, "load": 4.34130859375}
{"event": "step", "step": 48000, "loss": 5.1418, "lr": 0.0029153255229263653, "gnorm": 0.613, "tok_per_s": 202956.8, "load": 4.31396484375}
{"event": "step", "step": 48200, "loss": 5.1725, "lr": 0.002914499706955072, "gnorm": 0.752, "tok_per_s": 172197.4, "load": 4.26513671875}
{"event": "step", "step": 48400, "loss": 5.275, "lr": 0.00291367001514838, "gnorm": 0.775, "tok_per_s": 203155.8, "load": 4.37158203125}
{"event": "step", "step": 48600, "loss": 5.1875, "lr": 0.002912836450049391, "gnorm": 0.452, "tok_per_s": 202974.0, "load": 4.31396484375}
{"event": "step", "step": 48800, "loss": 5.0051, "lr": 0.0029119990142130745, "gnorm": 0.772, "tok_per_s": 202989.1, "load": 4.369140625}
{"event": "step", "step": 49000, "loss": 5.171, "lr": 0.002911157710206268, "gnorm": 0.734, "tok_per_s": 203216.2, "load": 4.31201171875}
{"event": "step", "step": 49200, "loss": 5.282, "lr": 0.002910312540607664, "gnorm": 0.545, "tok_per_s": 202988.8, "load": 4.28662109375}
{"event": "step", "step": 49400, "loss": 5.012, "lr": 0.0029094635080078035, "gnorm": 0.756, "tok_per_s": 202740.5, "load": 4.322265625}
{"event": "step", "step": 49600, "loss": 5.0577, "lr": 0.002908610615009067, "gnorm": 0.672, "tok_per_s": 202493.0, "load": 11.49853515625}
{"event": "step", "step": 49800, "loss": 5.0185, "lr": 0.0029077538642256692, "gnorm": 1.11, "tok_per_s": 202927.6, "load": 10.89794921875}
{"event": "step", "step": 50000, "loss": 4.962, "lr": 0.0029068932582836486, "gnorm": 1.113, "tok_per_s": 202965.2, "load": 9.91064453125}
eval 50000 {'bpb': 1.7093818041233153, 'nats_per_token': 5.153991963795104, 'tokens': 16379, 'bytes': 71247}
{"event": "step", "step": 50200, "loss": 5.1005, "lr": 0.0029060287998208603, "gnorm": 0.493, "tok_per_s": 171995.5, "load": 9.00146484375}
{"event": "step", "step": 50400, "loss": 5.1571, "lr": 0.002905160491486968, "gnorm": 0.741, "tok_per_s": 203110.5, "load": 8.6005859375}
{"event": "step", "step": 50600, "loss": 5.2109, "lr": 0.002904288335943435, "gnorm": 0.484, "tok_per_s": 203106.9, "load": 8.052734375}
{"event": "step", "step": 50800, "loss": 5.0797, "lr": 0.0029034123358635173, "gnorm": 0.656, "tok_per_s": 203079.5, "load": 7.5029296875}
{"event": "step", "step": 51000, "loss": 5.153, "lr": 0.002902532493932255, "gnorm": 0.745, "tok_per_s": 203079.3, "load": 7.22216796875}
{"event": "step", "step": 51200, "loss": 5.059, "lr": 0.002901648812846464, "gnorm": 0.746, "tok_per_s": 203254.8, "load": 6.72607421875}
{"event": "step", "step": 51400, "loss": 4.9947, "lr": 0.002900761295314726, "gnorm": 0.442, "tok_per_s": 203104.7, "load": 6.50732421875}
{"event": "step", "step": 51600, "loss": 5.1643, "lr": 0.002899869944057385, "gnorm": 0.948, "tok_per_s": 203055.6, "load": 6.12109375}
{"event": "step", "step": 51800, "loss": 5.0093, "lr": 0.0028989747618065327, "gnorm": 0.672, "tok_per_s": 203101.8, "load": 5.794921875}
{"event": "step", "step": 52000, "loss": 5.1834, "lr": 0.0028980757513060048, "gnorm": 0.609, "tok_per_s": 203009.5, "load": 5.65087890625}
{"event": "step", "step": 52200, "loss": 5.3054, "lr": 0.002897172915311371, "gnorm": 0.517, "tok_per_s": 172932.7, "load": 5.396484375}
{"event": "step", "step": 52400, "loss": 4.9318, "lr": 0.002896266256589926, "gnorm": 0.992, "tok_per_s": 203104.1, "load": 5.18115234375}
{"event": "step", "step": 52600, "loss": 5.0677, "lr": 0.002895355777920682, "gnorm": 0.579, "tok_per_s": 203002.5, "load": 5.08642578125}
{"event": "step", "step": 52800, "loss": 5.1848, "lr": 0.002894441482094359, "gnorm": 1.157, "tok_per_s": 203059.5, "load": 4.9189453125}
{"event": "step", "step": 53000, "loss": 5.2553, "lr": 0.0028935233719133793, "gnorm": 1.147, "tok_per_s": 202959.2, "load": 4.77734375}
{"event": "step", "step": 53200, "loss": 5.2443, "lr": 0.0028926014501918533, "gnorm": 0.991, "tok_per_s": 202886.6, "load": 4.71484375}
{"event": "step", "step": 53400, "loss": 4.9888, "lr": 0.0028916757197555766, "gnorm": 0.455, "tok_per_s": 202991.1, "load": 4.6044921875}
{"event": "step", "step": 53600, "loss": 5.1937, "lr": 0.0028907461834420185, "gnorm": 0.521, "tok_per_s": 202980.6, "load": 4.5107421875}
{"event": "step", "step": 53800, "loss": 5.3012, "lr": 0.0028898128441003134, "gnorm": 0.608, "tok_per_s": 202795.2, "load": 4.4697265625}
{"event": "step", "step": 54000, "loss": 5.2065, "lr": 0.0028888757045912516, "gnorm": 0.863, "tok_per_s": 202614.0, "load": 4.69873046875}
{"event": "step", "step": 54200, "loss": 5.0855, "lr": 0.0028879347677872734, "gnorm": 0.553, "tok_per_s": 174098.3, "load": 4.5908203125}
{"event": "step", "step": 54400, "loss": 5.0478, "lr": 0.002886990036572457, "gnorm": 0.46, "tok_per_s": 203126.3, "load": 4.54345703125}
{"event": "step", "step": 54600, "loss": 5.1011, "lr": 0.0028860415138425113, "gnorm": 0.639, "tok_per_s": 202736.7, "load": 4.7001953125}
{"event": "step", "step": 54800, "loss": 4.9736, "lr": 0.0028850892025047647, "gnorm": 0.874, "tok_per_s": 203137.7, "load": 7.6259765625}
{"event": "step", "step": 55000, "loss": 5.226, "lr": 0.0028841331054781615, "gnorm": 0.793, "tok_per_s": 202998.5, "load": 7.33544921875}
eval 55000 {'bpb': 1.7100533499919761, 'nats_per_token': 5.156016755449051, 'tokens': 16379, 'bytes': 71247}
{"event": "step", "step": 55200, "loss": 5.0006, "lr": 0.002883173225693247, "gnorm": 0.66, "tok_per_s": 201867.5, "load": 6.82177734375}
{"event": "step", "step": 55400, "loss": 5.2328, "lr": 0.002882209566092162, "gnorm": 0.603, "tok_per_s": 203193.4, "load": 6.595703125}
{"event": "step", "step": 55600, "loss": 5.0932, "lr": 0.002881242129628633, "gnorm": 0.703, "tok_per_s": 203099.6, "load": 6.1962890625}
{"event": "step", "step": 55800, "loss": 4.9724, "lr": 0.0028802709192679624, "gnorm": 0.47, "tok_per_s": 203000.3, "load": 5.85791015625}
{"event": "step", "step": 56000, "loss": 5.2932, "lr": 0.0028792959379870206, "gnorm": 0.857, "tok_per_s": 203090.5, "load": 5.7890625}
{"event": "step", "step": 56200, "loss": 4.9842, "lr": 0.0028783171887742363, "gnorm": 0.711, "tok_per_s": 172545.3, "load": 5.59375}
{"event": "step", "step": 56400, "loss": 5.0359, "lr": 0.002877334674629587, "gnorm": 0.508, "tok_per_s": 203078.9, "load": 5.34814453125}
{"event": "step", "step": 56600, "loss": 4.9571, "lr": 0.0028763483985645892, "gnorm": 0.486, "tok_per_s": 203158.4, "load": 5.23974609375}
{"event": "step", "step": 56800, "loss": 4.9641, "lr": 0.0028753583636022934, "gnorm": 0.572, "tok_per_s": 203149.6, "load": 5.048828125}
{"event": "step", "step": 57000, "loss": 5.1956, "lr": 0.0028743645727772674, "gnorm": 0.809, "tok_per_s": 203065.6, "load": 4.88671875}
{"event": "step", "step": 57200, "loss": 5.2386, "lr": 0.0028733670291355945, "gnorm": 0.624, "tok_per_s": 203119.0, "load": 4.8154296875}
{"event": "step", "step": 57400, "loss": 5.165, "lr": 0.0028723657357348584, "gnorm": 0.786, "tok_per_s": 203032.5, "load": 4.68994140625}
{"event": "step", "step": 57600, "loss": 5.1387, "lr": 0.0028713606956441377, "gnorm": 0.875, "tok_per_s": 202984.6, "load": 4.5830078125}
{"event": "step", "step": 57800, "loss": 5.0832, "lr": 0.002870351911943994, "gnorm": 0.799, "tok_per_s": 202960.1, "load": 4.5361328125}
{"event": "step", "step": 58000, "loss": 4.9944, "lr": 0.002869339387726465, "gnorm": 0.548, "tok_per_s": 203084.0, "load": 4.45361328125}
{"event": "step", "step": 58200, "loss": 5.0902, "lr": 0.0028683231260950514, "gnorm": 0.929, "tok_per_s": 172759.5, "load": 4.45751953125}
{"event": "step", "step": 58400, "loss": 5.3677, "lr": 0.0028673031301647118, "gnorm": 0.747, "tok_per_s": 203071.0, "load": 4.42041015625}
{"event": "step", "step": 58600, "loss": 5.1303, "lr": 0.002866279403061849, "gnorm": 0.503, "tok_per_s": 202210.1, "load": 6.27197265625}
{"event": "step", "step": 58800, "loss": 5.1729, "lr": 0.002865251947924304, "gnorm": 0.758, "tok_per_s": 203175.9, "load": 6.076171875}
{"event": "step", "step": 59000, "loss": 5.0998, "lr": 0.0028642207679013426, "gnorm": 0.769, "tok_per_s": 203145.4, "load": 5.90966796875}
{"event": "step", "step": 59200, "loss": 5.0555, "lr": 0.0028631858661536487, "gnorm": 0.758, "tok_per_s": 203056.9, "load": 5.615234375}
{"event": "step", "step": 59400, "loss": 5.1745, "lr": 0.0028621472458533145, "gnorm": 0.712, "tok_per_s": 203140.7, "load": 5.48583984375}
{"event": "step", "step": 59600, "loss": 4.9863, "lr": 0.002861104910183829, "gnorm": 0.831, "tok_per_s": 203171.5, "load": 5.2568359375}
{"event": "step", "step": 59800, "loss": 5.1192, "lr": 0.0028600588623400695, "gnorm": 0.506, "tok_per_s": 203212.7, "load": 5.06298828125}
{"event": "step", "step": 60000, "loss": 5.035, "lr": 0.002859009105528292, "gnorm": 0.684, "tok_per_s": 203095.7, "load": 4.9775390625}
eval 60000 {'bpb': 1.7141882216391195, 'nats_per_token': 5.16848389133952, 'tokens': 16379, 'bytes': 71247}
{"event": "step", "step": 60200, "loss": 5.1365, "lr": 0.00285795564296612, "gnorm": 0.585, "tok_per_s": 172393.4, "load": 4.9873046875}
{"event": "step", "step": 60400, "loss": 5.2647, "lr": 0.0028568984778825366, "gnorm": 0.691, "tok_per_s": 203249.1, "load": 4.83544921875}
{"event": "step", "step": 60600, "loss": 5.0646, "lr": 0.0028558376135178727, "gnorm": 0.581, "tok_per_s": 203105.3, "load": 4.76806640625}
{"event": "step", "step": 60800, "loss": 5.2136, "lr": 0.0028547730531237976, "gnorm": 0.605, "tok_per_s": 202939.3, "load": 4.64990234375}
{"event": "step", "step": 61000, "loss": 5.0889, "lr": 0.002853704799963311, "gnorm": 0.441, "tok_per_s": 203445.6, "load": 4.54931640625}
{"event": "step", "step": 61200, "loss": 4.9364, "lr": 0.00285263285731073, "gnorm": 0.525, "tok_per_s": 203488.5, "load": 4.5048828125}
{"event": "step", "step": 61400, "loss": 5.0097, "lr": 0.0028515572284516805, "gnorm": 0.515, "tok_per_s": 203011.6, "load": 4.4267578125}
{"event": "step", "step": 61600, "loss": 5.2033, "lr": 0.002850477916683087, "gnorm": 0.71, "tok_per_s": 202987.0, "load": 4.36083984375}
{"event": "step", "step": 61800, "loss": 5.1865, "lr": 0.002849394925313164, "gnorm": 0.637, "tok_per_s": 203048.6, "load": 4.33154296875}
{"event": "step", "step": 62000, "loss": 5.2497, "lr": 0.0028483082576614025, "gnorm": 1.201, "tok_per_s": 202537.5, "load": 4.44091796875}
{"event": "step", "step": 62200, "loss": 5.2388, "lr": 0.0028472179170585614, "gnorm": 0.735, "tok_per_s": 171173.9, "load": 4.44677734375}
{"event": "step", "step": 62400, "loss": 5.2385, "lr": 0.00284612390684666, "gnorm": 0.487, "tok_per_s": 203126.0, "load": 4.41064453125}
{"event": "step", "step": 62600, "loss": 5.1483, "lr": 0.002845026230378964, "gnorm": 0.878, "tok_per_s": 203127.8, "load": 4.34716796875}
{"event": "step", "step": 62800, "loss": 5.1848, "lr": 0.002843924891019976, "gnorm": 0.834, "tok_per_s": 203214.8, "load": 4.29345703125}
{"event": "step", "step": 63000, "loss": 5.0088, "lr": 0.002842819892145426, "gnorm": 0.934, "tok_per_s": 203119.2, "load": 4.26953125}
{"event": "step", "step": 63200, "loss": 5.096, "lr": 0.0028417112371422622, "gnorm": 0.572, "tok_per_s": 203042.1, "load": 4.54248046875}
{"event": "step", "step": 63400, "loss": 5.2354, "lr": 0.002840598929408638, "gnorm": 0.633, "tok_per_s": 203103.5, "load": 4.4990234375}
{"event": "step", "step": 63600, "loss": 5.1303, "lr": 0.002839482972353902, "gnorm": 0.606, "tok_per_s": 203280.3, "load": 4.421875}
{"event": "step", "step": 63800, "loss": 5.0771, "lr": 0.0028383633693985916, "gnorm": 0.673, "tok_per_s": 203018.4, "load": 4.3564453125}
{"event": "step", "step": 64000, "loss": 5.0215, "lr": 0.0028372401239744154, "gnorm": 0.521, "tok_per_s": 203095.3, "load": 4.32763671875}
{"event": "step", "step": 64200, "loss": 4.9247, "lr": 0.002836113239524249, "gnorm": 1.089, "tok_per_s": 172915.8, "load": 4.27685546875}
{"event": "step", "step": 64400, "loss": 4.987, "lr": 0.002834982719502121, "gnorm": 0.825, "tok_per_s": 203074.4, "load": 4.23388671875}
{"event": "step", "step": 64600, "loss": 5.0547, "lr": 0.0028338485673732043, "gnorm": 0.791, "tok_per_s": 203176.2, "load": 4.21484375}
{"event": "step", "step": 64800, "loss": 4.9909, "lr": 0.002832710786613804, "gnorm": 0.669, "tok_per_s": 203085.9, "load": 4.18115234375}
{"event": "step", "step": 65000, "loss": 5.2505, "lr": 0.0028315693807113474, "gnorm": 0.762, "tok_per_s": 203070.0, "load": 4.15283203125}
eval 65000 {'bpb': 1.7100773168233312, 'nats_per_token': 5.1560890183314, 'tokens': 16379, 'bytes': 71247}
{"event": "step", "step": 65200, "loss": 5.224, "lr": 0.002830424353164374, "gnorm": 0.675, "tok_per_s": 202224.3, "load": 4.14013671875}
{"event": "step", "step": 65400, "loss": 5.0486, "lr": 0.0028292757074825227, "gnorm": 2.043, "tok_per_s": 203470.4, "load": 4.1181640625}
{"event": "step", "step": 65600, "loss": 5.0556, "lr": 0.002828123447186523, "gnorm": 0.772, "tok_per_s": 203069.7, "load": 4.173828125}
{"event": "step", "step": 65800, "loss": 5.2451, "lr": 0.0028269675758081847, "gnorm": 1.486, "tok_per_s": 202997.5, "load": 4.15966796875}
{"event": "step", "step": 66000, "loss": 5.1421, "lr": 0.0028258080968903837, "gnorm": 1.678, "tok_per_s": 202947.3, "load": 4.13427734375}
{"event": "step", "step": 66200, "loss": 5.0735, "lr": 0.002824645013987056, "gnorm": 0.69, "tok_per_s": 172342.8, "load": 4.11279296875}
{"event": "step", "step": 66400, "loss": 5.0529, "lr": 0.002823478330663182, "gnorm": 0.912, "tok_per_s": 203058.3, "load": 4.103515625}
{"event": "step", "step": 66600, "loss": 5.1222, "lr": 0.0028223080504947793, "gnorm": 0.688, "tok_per_s": 202892.8, "load": 4.08740234375}
{"event": "step", "step": 66800, "loss": 4.9682, "lr": 0.0028211341770688902, "gnorm": 0.914, "tok_per_s": 203057.7, "load": 4.15380859375}
{"event": "step", "step": 67000, "loss": 5.1043, "lr": 0.002819956713983569, "gnorm": 0.908, "tok_per_s": 202206.8, "load": 4.5419921875}
{"event": "step", "step": 67200, "loss": 5.1768, "lr": 0.002818775664847875, "gnorm": 0.945, "tok_per_s": 203187.3, "load": 4.60595703125}
{"event": "step", "step": 67400, "loss": 5.0645, "lr": 0.0028175910332818577, "gnorm": 0.615, "tok_per_s": 203116.0, "load": 4.55712890625}
{"event": "step", "step": 67600, "loss": 4.8588, "lr": 0.002816402822916547, "gnorm": 0.583, "tok_per_s": 203149.8, "load": 4.470703125}
{"event": "step", "step": 67800, "loss": 5.0777, "lr": 0.0028152110373939436, "gnorm": 0.688, "tok_per_s": 203223.2, "load": 4.39794921875}
{"event": "step", "step": 68000, "loss": 5.2051, "lr": 0.0028140156803670054, "gnorm": 0.795, "tok_per_s": 203228.0, "load": 4.36572265625}
{"event": "step", "step": 68200, "loss": 5.1601, "lr": 0.0028128167554996378, "gnorm": 0.859, "tok_per_s": 172984.7, "load": 4.30908203125}
{"event": "step", "step": 68400, "loss": 5.0222, "lr": 0.0028116142664666817, "gnorm": 0.552, "tok_per_s": 203193.8, "load": 4.26123046875}
{"event": "step", "step": 68600, "loss": 4.9976, "lr": 0.0028104082169539027, "gnorm": 0.543, "tok_per_s": 203265.8, "load": 4.32080078125}
{"event": "step", "step": 68800, "loss": 5.0542, "lr": 0.002809198610657979, "gnorm": 0.789, "tok_per_s": 203165.9, "load": 4.27099609375}
{"event": "step", "step": 69000, "loss": 5.0851, "lr": 0.002807985451286493, "gnorm": 0.622, "tok_per_s": 202946.3, "load": 4.22900390625}
{"event": "step", "step": 69200, "loss": 5.0727, "lr": 0.002806768742557915, "gnorm": 0.677, "tok_per_s": 202147.3, "load": 4.37109375}
{"event": "step", "step": 69400, "loss": 5.2353, "lr": 0.0028055484882015956, "gnorm": 0.715, "tok_per_s": 203215.7, "load": 4.3876953125}
{"event": "step", "step": 69600, "loss": 5.0714, "lr": 0.0028043246919577536, "gnorm": 0.532, "tok_per_s": 203198.8, "load": 4.43701171875}
{"event": "step", "step": 69800, "loss": 5.0387, "lr": 0.002803097357577464, "gnorm": 1.069, "tok_per_s": 203127.0, "load": 4.36962890625}
{"event": "step", "step": 70000, "loss": 5.1917, "lr": 0.0028018664888226456, "gnorm": 0.636, "tok_per_s": 203280.2, "load": 4.3125}
eval 70000 {'bpb': 1.706632025492205, 'nats_per_token': 5.14570105012516, 'tokens': 16379, 'bytes': 71247}
{"event": "step", "step": 70200, "loss": 4.9204, "lr": 0.002800632089466051, "gnorm": 0.51, "tok_per_s": 172135.6, "load": 4.34423828125}
{"event": "step", "step": 70400, "loss": 5.2578, "lr": 0.0027993941632912553, "gnorm": 0.721, "tok_per_s": 203125.7, "load": 4.31640625}
{"event": "step", "step": 70600, "loss": 5.1587, "lr": 0.0027981527140926417, "gnorm": 0.518, "tok_per_s": 203179.3, "load": 4.267578125}
{"event": "step", "step": 70800, "loss": 5.016, "lr": 0.0027969077456753946, "gnorm": 0.564, "tok_per_s": 203092.5, "load": 4.40673828125}
{"event": "step", "step": 71000, "loss": 5.0328, "lr": 0.0027956592618554833, "gnorm": 0.698, "tok_per_s": 203021.4, "load": 4.34375}
{"event": "step", "step": 71200, "loss": 5.0049, "lr": 0.0027944072664596526, "gnorm": 0.668, "tok_per_s": 203153.6, "load": 4.3642578125}
{"event": "step", "step": 71400, "loss": 5.0616, "lr": 0.002793151763325411, "gnorm": 0.613, "tok_per_s": 203054.9, "load": 4.3349609375}
{"event": "step", "step": 71600, "loss": 5.1839, "lr": 0.0027918927563010177, "gnorm": 0.666, "tok_per_s": 202780.3, "load": 4.9921875}
{"event": "step", "step": 71800, "loss": 5.189, "lr": 0.002790630249245473, "gnorm": 1.287, "tok_per_s": 203036.9, "load": 4.91357421875}
{"event": "step", "step": 72000, "loss": 5.0978, "lr": 0.0027893642460285043, "gnorm": 0.92, "tok_per_s": 202996.2, "load": 4.84033203125}
{"event": "step", "step": 72200, "loss": 5.0663, "lr": 0.0027880947505305557, "gnorm": 0.758, "tok_per_s": 172274.1, "load": 4.7109375}
{"event": "step", "step": 72400, "loss": 5.0859, "lr": 0.0027868217666427754, "gnorm": 0.641, "tok_per_s": 203089.0, "load": 4.681640625}
{"event": "step", "step": 72600, "loss": 5.1202, "lr": 0.002785545298267003, "gnorm": 0.943, "tok_per_s": 202900.5, "load": 4.626953125}
{"event": "step", "step": 72800, "loss": 5.1508, "lr": 0.00278426534931576, "gnorm": 0.977, "tok_per_s": 203004.9, "load": 4.5302734375}
{"event": "step", "step": 73000, "loss": 5.1596, "lr": 0.0027829819237122355, "gnorm": 0.95, "tok_per_s": 203247.8, "load": 4.44873046875}
{"event": "step", "step": 73200, "loss": 4.9456, "lr": 0.0027816950253902743, "gnorm": 0.615, "tok_per_s": 203200.1, "load": 4.41259765625}
{"event": "step", "step": 73400, "loss": 4.8744, "lr": 0.0027804046582943667, "gnorm": 0.583, "tok_per_s": 203270.6, "load": 4.3486328125}
{"event": "step", "step": 73600, "loss": 5.0195, "lr": 0.002779110826379634, "gnorm": 0.92, "tok_per_s": 203121.3, "load": 4.40087890625}
{"event": "step", "step": 73800, "loss": 5.202, "lr": 0.002777813533611819, "gnorm": 0.774, "tok_per_s": 202944.4, "load": 4.3388671875}
{"event": "step", "step": 74000, "loss": 5.1309, "lr": 0.0027765127839672705, "gnorm": 1.049, "tok_per_s": 202919.2, "load": 4.2861328125}
{"event": "step", "step": 74200, "loss": 5.0685, "lr": 0.0027752085814329347, "gnorm": 0.831, "tok_per_s": 172298.1, "load": 4.24169921875}
{"event": "step", "step": 74400, "loss": 5.0276, "lr": 0.0027739009300063408, "gnorm": 0.584, "tok_per_s": 203152.9, "load": 4.22216796875}
{"event": "step", "step": 74600, "loss": 5.1402, "lr": 0.002772589833695589, "gnorm": 1.073, "tok_per_s": 202133.4, "load": 4.49609375}
{"event": "step", "step": 74800, "loss": 5.0755, "lr": 0.0027712752965193383, "gnorm": 1.378, "tok_per_s": 203334.9, "load": 4.53662109375}
{"event": "step", "step": 75000, "loss": 4.9864, "lr": 0.002769957322506795, "gnorm": 0.558, "tok_per_s": 203247.7, "load": 4.45361328125}
eval 75000 {'bpb': 1.7154043603588676, 'nats_per_token': 5.172150696013188, 'tokens': 16379, 'bytes': 71247}
{"event": "step", "step": 75200, "loss": 5.0814, "lr": 0.002768635915697699, "gnorm": 0.933, "tok_per_s": 201985.8, "load": 4.38330078125}
{"event": "step", "step": 75400, "loss": 5.1351, "lr": 0.0027673110801423127, "gnorm": 1.006, "tok_per_s": 203374.9, "load": 4.3525390625}
{"event": "step", "step": 75600, "loss": 5.037, "lr": 0.0027659828199014078, "gnorm": 1.043, "tok_per_s": 203337.6, "load": 4.2978515625}
{"event": "step", "step": 75800, "loss": 5.2165, "lr": 0.0027646511390462527, "gnorm": 0.851, "tok_per_s": 203190.7, "load": 4.33251953125}
{"event": "step", "step": 76000, "loss": 5.0489, "lr": 0.0027633160416586, "gnorm": 0.842, "tok_per_s": 203204.4, "load": 4.3056640625}
{"event": "step", "step": 76200, "loss": 5.125, "lr": 0.0027619775318306772, "gnorm": 0.652, "tok_per_s": 173140.0, "load": 4.2578125}
{"event": "step", "step": 76400, "loss": 5.1507, "lr": 0.002760635613665167, "gnorm": 0.612, "tok_per_s": 203202.6, "load": 4.2177734375}
{"event": "step", "step": 76600, "loss": 5.0954, "lr": 0.002759290291275202, "gnorm": 1.213, "tok_per_s": 203388.2, "load": 4.2001953125}
{"event": "step", "step": 76800, "loss": 5.0484, "lr": 0.002757941568784349, "gnorm": 0.603, "tok_per_s": 203219.6, "load": 4.2431640625}
{"event": "step", "step": 77000, "loss": 5.2527, "lr": 0.0027565894503265936, "gnorm": 0.994, "tok_per_s": 203203.4, "load": 4.20556640625}
{"event": "step", "step": 77200, "loss": 4.9739, "lr": 0.0027552339400463348, "gnorm": 0.703, "tok_per_s": 203303.7, "load": 4.18896484375}
{"event": "step", "step": 77400, "loss": 5.0412, "lr": 0.002753875042098365, "gnorm": 0.623, "tok_per_s": 203208.2, "load": 4.15966796875}
{"event": "step", "step": 77600, "loss": 5.1929, "lr": 0.002752512760647861, "gnorm": 0.523, "tok_per_s": 203165.8, "load": 4.146484375}
{"event": "step", "step": 77800, "loss": 5.0982, "lr": 0.0027511470998703704, "gnorm": 0.7, "tok_per_s": 203273.2, "load": 4.123046875}
{"event": "step", "step": 78000, "loss": 4.9927, "lr": 0.0027497780639517987, "gnorm": 0.866, "tok_per_s": 203283.9, "load": 4.103515625}
{"event": "step", "step": 78200, "loss": 4.9425, "lr": 0.0027484056570883965, "gnorm": 0.548, "tok_per_s": 173311.1, "load": 4.08740234375}
{"event": "step", "step": 78400, "loss": 5.1634, "lr": 0.002747029883486747, "gnorm": 0.521, "tok_per_s": 203363.9, "load": 4.080078125}
{"event": "step", "step": 78600, "loss": 4.9698, "lr": 0.0027456507473637534, "gnorm": 0.533, "tok_per_s": 203236.9, "load": 4.06689453125}
{"event": "step", "step": 78800, "loss": 5.1723, "lr": 0.002744268252946624, "gnorm": 0.77, "tok_per_s": 203160.0, "load": 4.0615234375}
{"event": "step", "step": 79000, "loss": 5.0268, "lr": 0.002742882404472861, "gnorm": 1.029, "tok_per_s": 203209.9, "load": 4.05126953125}
{"event": "step", "step": 79200, "loss": 5.0189, "lr": 0.0027414932061902483, "gnorm": 1.469, "tok_per_s": 203317.2, "load": 4.12353515625}
{"event": "step", "step": 79400, "loss": 5.1726, "lr": 0.0027401006623568366, "gnorm": 0.664, "tok_per_s": 203170.3, "load": 4.11328125}
{"event": "step", "step": 79600, "loss": 5.137, "lr": 0.002738704777240931, "gnorm": 0.978, "tok_per_s": 203245.9, "load": 4.09521484375}
{"event": "step", "step": 79800, "loss": 5.2178, "lr": 0.0027373055551210787, "gnorm": 0.954, "tok_per_s": 203233.2, "load": 4.154296875}
{"event": "step", "step": 80000, "loss": 5.0366, "lr": 0.002735903000286053, "gnorm": 0.46, "tok_per_s": 202526.8, "load": 13.35107421875}
eval 80000 {'bpb': 1.7086722909970622, 'nats_per_token': 5.151852696287929, 'tokens': 16379, 'bytes': 71247}
{"event": "step", "step": 80200, "loss": 5.0005, "lr": 0.0027344971170348456, "gnorm": 0.613, "tok_per_s": 169565.3, "load": 12.14697265625}
{"event": "step", "step": 80400, "loss": 5.1173, "lr": 0.0027330879096766473, "gnorm": 0.934, "tok_per_s": 203112.0, "load": 10.8935546875}
{"event": "step", "step": 80600, "loss": 5.3949, "lr": 0.00273167538253084, "gnorm": 0.532, "tok_per_s": 203168.9, "load": 10.34130859375}
{"event": "step", "step": 80800, "loss": 5.1122, "lr": 0.0027302595399269795, "gnorm": 0.929, "tok_per_s": 203088.8, "load": 9.3662109375}
{"event": "step", "step": 81000, "loss": 5.0597, "lr": 0.0027288403862047845, "gnorm": 0.695, "tok_per_s": 203208.1, "load": 8.54052734375}
{"event": "step", "step": 81200, "loss": 4.9761, "lr": 0.0027274179257141223, "gnorm": 0.577, "tok_per_s": 203202.3, "load": 8.1767578125}
{"event": "step", "step": 81400, "loss": 5.1404, "lr": 0.002725992162814996, "gnorm": 0.514, "tok_per_s": 202963.6, "load": 7.5341796875}
{"event": "step", "step": 81600, "loss": 5.0934, "lr": 0.0027245631018775317, "gnorm": 2.057, "tok_per_s": 203124.5, "load": 7.2509765625}
{"event": "step", "step": 81800, "loss": 5.0831, "lr": 0.002723130747281963, "gnorm": 0.815, "tok_per_s": 203187.9, "load": 6.75048828125}
{"event": "step", "step": 82000, "loss": 5.0733, "lr": 0.00272169510341862, "gnorm": 1.715, "tok_per_s": 203054.0, "load": 6.55419921875}
{"event": "step", "step": 82200, "loss": 5.0294, "lr": 0.002720256174687914, "gnorm": 0.508, "tok_per_s": 173083.6, "load": 6.23486328125}
{"event": "step", "step": 82400, "loss": 5.0845, "lr": 0.0027188139655003256, "gnorm": 0.568, "tok_per_s": 203226.7, "load": 6.0556640625}
{"event": "step", "step": 82600, "loss": 4.9648, "lr": 0.00271736848027639, "gnorm": 0.553, "tok_per_s": 203097.4, "load": 5.8125}
{"event": "step", "step": 82800, "loss": 5.0666, "lr": 0.0027159197234466834, "gnorm": 0.937, "tok_per_s": 203235.0, "load": 5.6669921875}
{"event": "step", "step": 83000, "loss": 5.0978, "lr": 0.00271446769945181, "gnorm": 0.768, "tok_per_s": 203110.0, "load": 5.48388671875}
{"event": "step", "step": 83200, "loss": 5.0135, "lr": 0.0027130124127423896, "gnorm": 2.25, "tok_per_s": 203134.1, "load": 5.25537109375}
{"event": "step", "step": 83400, "loss": 5.1511, "lr": 0.0027115538677790403, "gnorm": 0.574, "tok_per_s": 203210.9, "load": 5.15478515625}
{"event": "step", "step": 83600, "loss": 5.0673, "lr": 0.002710092069032369, "gnorm": 0.641, "tok_per_s": 203148.4, "load": 5.056640625}
{"event": "step", "step": 83800, "loss": 5.0409, "lr": 0.0027086270209829544, "gnorm": 1.109, "tok_per_s": 202641.1, "load": 5.12158203125}
{"event": "step", "step": 84000, "loss": 4.9739, "lr": 0.002707158728121336, "gnorm": 0.905, "tok_per_s": 203701.5, "load": 5.03173828125}
{"event": "step", "step": 84200, "loss": 5.1421, "lr": 0.0027056871949479983, "gnorm": 0.836, "tok_per_s": 172386.6, "load": 4.87255859375}
{"event": "step", "step": 84400, "loss": 5.2275, "lr": 0.0027042124259733574, "gnorm": 0.981, "tok_per_s": 202720.8, "load": 4.978515625}
{"event": "step", "step": 84600, "loss": 4.9892, "lr": 0.002702734425717749, "gnorm": 1.017, "tok_per_s": 202772.7, "load": 4.98046875}
{"event": "step", "step": 84800, "loss": 5.1246, "lr": 0.002701253198711411, "gnorm": 2.0, "tok_per_s": 203094.9, "load": 4.82958984375}
{"event": "step", "step": 85000, "loss": 5.2969, "lr": 0.0026997687494944717, "gnorm": 1.897, "tok_per_s": 203110.4, "load": 4.701171875}
eval 85000 {'bpb': 1.7222438454202773, 'nats_per_token': 5.192772567006533, 'tokens': 16379, 'bytes': 71247}
{"event": "step", "step": 85200, "loss": 5.1468, "lr": 0.0026982810826169388, "gnorm": 0.958, "tok_per_s": 201905.9, "load": 4.64501953125}
{"event": "step", "step": 85400, "loss": 5.0099, "lr": 0.0026967902026386794, "gnorm": 0.941, "tok_per_s": 203015.1, "load": 4.54541015625}
{"event": "step", "step": 85600, "loss": 5.0422, "lr": 0.00269529611412941, "gnorm": 0.833, "tok_per_s": 203171.1, "load": 4.58203125}
{"event": "step", "step": 85800, "loss": 4.9448, "lr": 0.002693798821668682, "gnorm": 1.428, "tok_per_s": 203088.3, "load": 4.4921875}
{"event": "step", "step": 86000, "loss": 5.0242, "lr": 0.0026922983298458677, "gnorm": 0.789, "tok_per_s": 203101.5, "load": 4.490234375}
{"event": "step", "step": 86200, "loss": 5.1108, "lr": 0.0026907946432601438, "gnorm": 0.862, "tok_per_s": 173054.3, "load": 4.41455078125}
{"event": "step", "step": 86400, "loss": 5.1615, "lr": 0.0026892877665204823, "gnorm": 0.745, "tok_per_s": 203191.2, "load": 4.38134765625}
{"event": "step", "step": 86600, "loss": 5.2634, "lr": 0.0026877777042456303, "gnorm": 0.696, "tok_per_s": 203175.1, "load": 4.322265625}
{"event": "step", "step": 86800, "loss": 5.052, "lr": 0.0026862644610641012, "gnorm": 1.405, "tok_per_s": 203288.0, "load": 4.29638671875}
{"event": "step", "step": 87000, "loss": 5.1317, "lr": 0.0026847480416141573, "gnorm": 0.794, "tok_per_s": 203073.9, "load": 4.25048828125}
{"event": "step", "step": 87200, "loss": 5.1424, "lr": 0.0026832284505437965, "gnorm": 1.438, "tok_per_s": 202728.8, "load": 11.22265625}
{"event": "step", "step": 87400, "loss": 5.0946, "lr": 0.0026817056925107384, "gnorm": 1.506, "tok_per_s": 203279.6, "load": 10.64404296875}
{"event": "step", "step": 87600, "loss": 5.0348, "lr": 0.00268017977218241, "gnorm": 1.684, "tok_per_s": 203252.1, "load": 9.6220703125}
{"event": "step", "step": 87800, "loss": 4.9611, "lr": 0.0026786506942359295, "gnorm": 1.526, "tok_per_s": 203170.3, "load": 9.17138671875}
{"event": "step", "step": 88000, "loss": 5.236, "lr": 0.002677118463358095, "gnorm": 1.296, "tok_per_s": 203216.8, "load": 8.37548828125}
{"event": "step", "step": 88200, "loss": 4.932, "lr": 0.00267558308424537, "gnorm": 0.492, "tok_per_s": 172989.2, "load": 7.7021484375}
{"event": "step", "step": 88400, "loss": 4.9748, "lr": 0.0026740445616038637, "gnorm": 1.652, "tok_per_s": 202918.5, "load": 7.37255859375}
{"event": "step", "step": 88600, "loss": 5.0994, "lr": 0.002672502900149324, "gnorm": 2.346, "tok_per_s": 203259.1, "load": 7.18212890625}
{"event": "step", "step": 88800, "loss": 5.1757, "lr": 0.0026709581046071187, "gnorm": 0.969, "tok_per_s": 203172.6, "load": 6.6923828125}
{"event": "step", "step": 89000, "loss": 4.9635, "lr": 0.002669410179712222, "gnorm": 2.33, "tok_per_s": 203100.5, "load": 6.556640625}
{"event": "step", "step": 89200, "loss": 5.0389, "lr": 0.002667859130209199, "gnorm": 0.776, "tok_per_s": 203076.0, "load": 6.1630859375}
{"event": "step", "step": 89400, "loss": 5.0175, "lr": 0.002666304960852194, "gnorm": 0.77, "tok_per_s": 203143.1, "load": 5.830078125}
{"event": "step", "step": 89600, "loss": 5.1113, "lr": 0.0026647476764049115, "gnorm": 1.27, "tok_per_s": 203046.7, "load": 5.68310546875}
{"event": "step", "step": 89800, "loss": 5.0234, "lr": 0.0026631872816406063, "gnorm": 0.606, "tok_per_s": 203160.8, "load": 5.423828125}
{"event": "step", "step": 90000, "loss": 5.096, "lr": 0.0026616237813420654, "gnorm": 1.361, "tok_per_s": 203223.9, "load": 5.20458984375}
eval 90000 {'bpb': 1.7168283698139326, 'nats_per_token': 5.176444255983271, 'tokens': 16379, 'bytes': 71247}
{"event": "step", "step": 90200, "loss": 5.0927, "lr": 0.002660057180301595, "gnorm": 0.554, "tok_per_s": 172328.2, "load": 5.10791015625}
{"event": "step", "step": 90400, "loss": 5.0097, "lr": 0.0026584874833210054, "gnorm": 1.863, "tok_per_s": 203234.7, "load": 4.93701171875}
{"event": "step", "step": 90600, "loss": 5.1833, "lr": 0.0026569146952115964, "gnorm": 1.109, "tok_per_s": 203313.6, "load": 4.79248046875}
{"event": "step", "step": 90800, "loss": 5.0819, "lr": 0.002655338820794143, "gnorm": 1.316, "tok_per_s": 203145.5, "load": 4.8095703125}
{"event": "step", "step": 91000, "loss": 5.0052, "lr": 0.0026537598648988785, "gnorm": 1.14, "tok_per_s": 203054.4, "load": 4.76513671875}
{"event": "step", "step": 91200, "loss": 5.198, "lr": 0.002652177832365483, "gnorm": 1.191, "tok_per_s": 203194.4, "load": 4.72119140625}
{"event": "step", "step": 91400, "loss": 5.1988, "lr": 0.0026505927280430657, "gnorm": 1.577, "tok_per_s": 203122.2, "load": 4.6630859375}
{"event": "step", "step": 91600, "loss": 5.1162, "lr": 0.0026490045567901517, "gnorm": 1.509, "tok_per_s": 203043.0, "load": 4.560546875}
{"event": "step", "step": 91800, "loss": 4.9806, "lr": 0.0026474133234746663, "gnorm": 0.952, "tok_per_s": 203230.9, "load": 4.515625}
{"event": "step", "step": 92000, "loss": 5.0883, "lr": 0.0026458190329739215, "gnorm": 0.611, "tok_per_s": 203121.3, "load": 4.43603515625}
{"event": "step", "step": 92200, "loss": 4.9961, "lr": 0.002644221690174598, "gnorm": 0.795, "tok_per_s": 173136.1, "load": 4.36865234375}
{"event": "step", "step": 92400, "loss": 5.0566, "lr": 0.002642621299972734, "gnorm": 0.7, "tok_per_s": 203210.4, "load": 4.3115234375}
{"event": "step", "step": 92600, "loss": 5.2207, "lr": 0.0026410178672737063, "gnorm": 1.06, "tok_per_s": 203100.0, "load": 4.44677734375}
{"event": "step", "step": 92800, "loss": 5.0439, "lr": 0.002639411396992219, "gnorm": 1.763, "tok_per_s": 203146.6, "load": 4.37744140625}
{"event": "step", "step": 93000, "loss": 5.3031, "lr": 0.0026378018940522866, "gnorm": 2.085, "tok_per_s": 203052.3, "load": 4.34716796875}
{"event": "step", "step": 93200, "loss": 4.8937, "lr": 0.0026361893633872185, "gnorm": 0.485, "tok_per_s": 203072.0, "load": 4.52197265625}
{"event": "step", "step": 93400, "loss": 5.1533, "lr": 0.002634573809939604, "gnorm": 1.482, "tok_per_s": 203490.3, "load": 4.44140625}
{"event": "step", "step": 93600, "loss": 5.3819, "lr": 0.0026329552386612984, "gnorm": 1.106, "tok_per_s": 204288.8, "load": 4.40576171875}
{"event": "step", "step": 93800, "loss": 5.1351, "lr": 0.002631333654513407, "gnorm": 0.48, "tok_per_s": 203232.0, "load": 4.42333984375}
{"event": "step", "step": 94000, "loss": 5.181, "lr": 0.002629709062466269, "gnorm": 1.691, "tok_per_s": 203011.9, "load": 4.35791015625}
{"event": "step", "step": 94200, "loss": 5.163, "lr": 0.0026280814674994454, "gnorm": 0.659, "tok_per_s": 173023.2, "load": 4.3291015625}
{"event": "step", "step": 94400, "loss": 5.214, "lr": 0.0026264508746016977, "gnorm": 1.096, "tok_per_s": 203168.0, "load": 4.2783203125}
{"event": "step", "step": 94600, "loss": 4.9799, "lr": 0.0026248172887709796, "gnorm": 2.57, "tok_per_s": 202999.6, "load": 4.30908203125}
{"event": "step", "step": 94800, "loss": 5.0174, "lr": 0.0026231807150144176, "gnorm": 0.899, "tok_per_s": 203072.8, "load": 4.52490234375}
{"event": "step", "step": 95000, "loss": 5.0381, "lr": 0.0026215411583482965, "gnorm": 0.499, "tok_per_s": 203233.1, "load": 4.443359375}
eval 95000 {'bpb': 1.692764010065958, 'nats_per_token': 5.103887313785945, 'tokens': 16379, 'bytes': 71247}
{"event": "step", "step": 95200, "loss": 4.9562, "lr": 0.002619898623798043, "gnorm": 0.941, "tok_per_s": 202092.7, "load": 4.375}
{"event": "step", "step": 95400, "loss": 5.1757, "lr": 0.0026182531163982128, "gnorm": 0.796, "tok_per_s": 203141.1, "load": 4.3447265625}
{"event": "step", "step": 95600, "loss": 5.0524, "lr": 0.0026166046411924735, "gnorm": 1.089, "tok_per_s": 203245.5, "load": 4.29150390625}
{"event": "step", "step": 95800, "loss": 5.2062, "lr": 0.002614953203233589, "gnorm": 1.572, "tok_per_s": 203055.8, "load": 4.26806640625}
{"event": "step", "step": 96000, "loss": 5.1267, "lr": 0.002613298807583404, "gnorm": 0.673, "tok_per_s": 203063.0, "load": 4.2265625}
{"event": "step", "step": 96200, "loss": 5.1895, "lr": 0.0026116414593128296, "gnorm": 0.47, "tok_per_s": 173115.8, "load": 4.19091796875}
{"event": "step", "step": 96400, "loss": 5.0667, "lr": 0.0026099811635018266, "gnorm": 0.509, "tok_per_s": 203139.6, "load": 4.1611328125}
{"event": "step", "step": 96600, "loss": 5.0561, "lr": 0.0026083179252393905, "gnorm": 0.616, "tok_per_s": 203041.7, "load": 4.14794921875}
{"event": "step", "step": 96800, "loss": 5.1675, "lr": 0.002606651749623536, "gnorm": 1.411, "tok_per_s": 203152.2, "load": 4.12451171875}
{"event": "step", "step": 97000, "loss": 5.1104, "lr": 0.0026049826417612804, "gnorm": 0.607, "tok_per_s": 203010.3, "load": 4.1142578125}
{"event": "step", "step": 97200, "loss": 5.1121, "lr": 0.0026033106067686303, "gnorm": 1.279, "tok_per_s": 202850.4, "load": 4.09619140625}
{"event": "step", "step": 97400, "loss": 5.2698, "lr": 0.002601635649770561, "gnorm": 0.958, "tok_per_s": 202868.0, "load": 4.24169921875}
{"event": "step", "step": 97600, "loss": 5.0172, "lr": 0.002599957775901007, "gnorm": 0.515, "tok_per_s": 202617.3, "load": 4.302734375}
{"event": "step", "step": 97800, "loss": 5.0773, "lr": 0.0025982769903028437, "gnorm": 0.683, "tok_per_s": 202907.5, "load": 4.330078125}
{"event": "step", "step": 98000, "loss": 5.1691, "lr": 0.0025965932981278687, "gnorm": 0.904, "tok_per_s": 202932.0, "load": 4.27880859375}
{"event": "step", "step": 98200, "loss": 5.0623, "lr": 0.0025949067045367906, "gnorm": 0.714, "tok_per_s": 172183.9, "load": 4.4169921875}
{"event": "step", "step": 98400, "loss": 5.1662, "lr": 0.0025932172146992108, "gnorm": 1.727, "tok_per_s": 202730.8, "load": 12.66845703125}
{"event": "step", "step": 98600, "loss": 5.1043, "lr": 0.0025915248337936066, "gnorm": 0.716, "tok_per_s": 203134.2, "load": 11.33544921875}
{"event": "step", "step": 98800, "loss": 5.1, "lr": 0.0025898295670073192, "gnorm": 0.855, "tok_per_s": 202962.4, "load": 10.74755859375}
{"event": "step", "step": 99000, "loss": 5.1493, "lr": 0.0025881314195365336, "gnorm": 1.222, "tok_per_s": 203045.5, "load": 9.7099609375}
{"event": "step", "step": 99200, "loss": 4.9632, "lr": 0.0025864303965862645, "gnorm": 1.116, "tok_per_s": 203124.5, "load": 8.83154296875}
{"event": "step", "step": 99400, "loss": 5.0959, "lr": 0.002584726503370342, "gnorm": 0.866, "tok_per_s": 203066.2, "load": 8.4443359375}
{"event": "step", "step": 99600, "loss": 5.0911, "lr": 0.002583019745111391, "gnorm": 2.04, "tok_per_s": 202365.0, "load": 8.0009765625}
{"event": "step", "step": 99800, "loss": 5.2338, "lr": 0.0025813101270408204, "gnorm": 1.454, "tok_per_s": 202760.1, "load": 7.76025390625}
{"event": "step", "step": 100000, "loss": 5.2103, "lr": 0.0025795976543988037, "gnorm": 0.748, "tok_per_s": 203006.4, "load": 7.181640625}
eval 100000 {'bpb': 1.7275825164284513, 'nats_per_token': 5.208869302918371, 'tokens': 16379, 'bytes': 71247}
{"event": "step", "step": 100200, "loss": 5.2265, "lr": 0.0025778823324342647, "gnorm": 0.691, "tok_per_s": 171903.1, "load": 6.6923828125}
{"event": "step", "step": 100400, "loss": 4.9329, "lr": 0.00257616416640486, "gnorm": 1.218, "tok_per_s": 203113.3, "load": 6.27783203125}
{"event": "step", "step": 100600, "loss": 4.9971, "lr": 0.0025744431615769645, "gnorm": 0.818, "tok_per_s": 203108.1, "load": 6.09521484375}
{"event": "step", "step": 100800, "loss": 4.9516, "lr": 0.0025727193232256526, "gnorm": 0.623, "tok_per_s": 202980.8, "load": 5.7724609375}
{"event": "step", "step": 101000, "loss": 5.0055, "lr": 0.0025709926566346857, "gnorm": 0.707, "tok_per_s": 203104.2, "load": 5.63037109375}
{"event": "step", "step": 101200, "loss": 4.989, "lr": 0.002569263167096493, "gnorm": 0.562, "tok_per_s": 202829.9, "load": 5.45263671875}
{"event": "step", "step": 101400, "loss": 5.2202, "lr": 0.002567530859912156, "gnorm": 0.804, "tok_per_s": 202968.4, "load": 5.228515625}
{"event": "step", "step": 101600, "loss": 5.1565, "lr": 0.002565795740391394, "gnorm": 1.574, "tok_per_s": 203012.7, "load": 5.1298828125}
{"event": "step", "step": 101800, "loss": 5.0819, "lr": 0.002564057813852546, "gnorm": 1.59, "tok_per_s": 203027.0, "load": 4.95556640625}
{"event": "step", "step": 102000, "loss": 5.1163, "lr": 0.002562317085622554, "gnorm": 0.611, "tok_per_s": 202958.3, "load": 4.87890625}
{"event": "step", "step": 102200, "loss": 5.007, "lr": 0.0025605735610369474, "gnorm": 1.165, "tok_per_s": 172766.3, "load": 4.7431640625}
{"event": "step", "step": 102400, "loss": 5.1262, "lr": 0.002558827245439828, "gnorm": 0.605, "tok_per_s": 202950.1, "load": 4.62841796875}
{"event": "step", "step": 102600, "loss": 5.087, "lr": 0.0025570781441838514, "gnorm": 0.901, "tok_per_s": 202856.3, "load": 4.85205078125}
{"event": "step", "step": 102800, "loss": 5.0427, "lr": 0.0025553262626302124, "gnorm": 0.62, "tok_per_s": 202953.4, "load": 4.78369140625}
{"event": "step", "step": 103000, "loss": 4.9965, "lr": 0.0025535716061486262, "gnorm": 0.967, "tok_per_s": 202972.9, "load": 4.66259765625}
{"event": "step", "step": 103200, "loss": 5.2276, "lr": 0.002551814180117315, "gnorm": 0.815, "tok_per_s": 203664.0, "load": 4.560546875}
{"event": "step", "step": 103400, "loss": 5.0669, "lr": 0.0025500539899229895, "gnorm": 0.534, "tok_per_s": 204303.9, "load": 4.515625}
{"event": "step", "step": 103600, "loss": 5.0425, "lr": 0.0025482910409608335, "gnorm": 1.147, "tok_per_s": 204338.4, "load": 4.43603515625}
{"event": "step", "step": 103800, "loss": 5.1131, "lr": 0.0025465253386344846, "gnorm": 0.593, "tok_per_s": 204316.1, "load": 4.40087890625}
{"event": "step", "step": 104000, "loss": 5.1756, "lr": 0.002544756888356022, "gnorm": 0.657, "tok_per_s": 204210.6, "load": 4.41943359375}
{"event": "step", "step": 104200, "loss": 4.9819, "lr": 0.002542985695545947, "gnorm": 0.82, "tok_per_s": 178231.0, "load": 4.3544921875}
{"event": "step", "step": 104400, "loss": 5.029, "lr": 0.002541211765633167, "gnorm": 2.004, "tok_per_s": 204284.5, "load": 4.32568359375}
{"event": "step", "step": 104600, "loss": 5.0195, "lr": 0.0025394351040549782, "gnorm": 0.933, "tok_per_s": 204322.4, "load": 4.27490234375}
{"event": "step", "step": 104800, "loss": 4.8856, "lr": 0.0025376557162570513, "gnorm": 0.575, "tok_per_s": 204238.6, "load": 4.23193359375}
{"event": "step", "step": 105000, "loss": 4.9214, "lr": 0.0025358736076934118, "gnorm": 0.974, "tok_per_s": 204270.9, "load": 4.29345703125}
eval 105000 {'bpb': 1.7077534833633325, 'nats_per_token': 5.149082380639844, 'tokens': 16379, 'bytes': 71247}
{"event": "step", "step": 105200, "loss": 4.9102, "lr": 0.002534088783826425, "gnorm": 0.646, "tok_per_s": 203093.5, "load": 4.24755859375}
{"event": "step", "step": 105400, "loss": 5.1342, "lr": 0.0025323012501267794, "gnorm": 0.669, "tok_per_s": 204189.5, "load": 4.2275390625}
{"event": "step", "step": 105600, "loss": 5.045, "lr": 0.0025305110120734686, "gnorm": 0.506, "tok_per_s": 204114.8, "load": 4.19189453125}
{"event": "step", "step": 105800, "loss": 5.1677, "lr": 0.002528718075153776, "gnorm": 0.75, "tok_per_s": 202969.9, "load": 4.162109375}
{"event": "step", "step": 106000, "loss": 5.0752, "lr": 0.0025269224448632574, "gnorm": 0.902, "tok_per_s": 202881.3, "load": 4.14892578125}
{"event": "step", "step": 106200, "loss": 5.1798, "lr": 0.0025251241267057237, "gnorm": 1.065, "tok_per_s": 171738.9, "load": 4.43408203125}
{"event": "step", "step": 106400, "loss": 4.9109, "lr": 0.002523323126193224, "gnorm": 0.434, "tok_per_s": 203081.6, "load": 4.44091796875}
{"event": "step", "step": 106600, "loss": 4.9164, "lr": 0.002521519448846031, "gnorm": 0.805, "tok_per_s": 203036.6, "load": 4.4052734375}
{"event": "step", "step": 106800, "loss": 5.0324, "lr": 0.002519713100192619, "gnorm": 0.658, "tok_per_s": 203130.3, "load": 4.34228515625}
{"event": "step", "step": 107000, "loss": 5.1338, "lr": 0.002517904085769654, "gnorm": 0.686, "tok_per_s": 202957.1, "load": 4.36328125}
{"event": "step", "step": 107200, "loss": 5.126, "lr": 0.0025160924111219695, "gnorm": 1.016, "tok_per_s": 203084.2, "load": 4.333984375}
{"event": "step", "step": 107400, "loss": 5.1029, "lr": 0.0025142780818025547, "gnorm": 1.287, "tok_per_s": 203113.5, "load": 4.2822265625}
{"event": "step", "step": 107600, "loss": 4.9833, "lr": 0.0025124611033725363, "gnorm": 0.901, "tok_per_s": 202999.4, "load": 4.23828125}
{"event": "step", "step": 107800, "loss": 5.1097, "lr": 0.002510641481401158, "gnorm": 1.785, "tok_per_s": 203015.8, "load": 4.21875}
{"event": "step", "step": 108000, "loss": 5.1481, "lr": 0.002508819221465769, "gnorm": 0.671, "tok_per_s": 203164.2, "load": 4.265625}
{"event": "step", "step": 108200, "loss": 5.058, "lr": 0.0025069943291518033, "gnorm": 1.35, "tok_per_s": 172755.9, "load": 4.22412109375}
{"event": "step", "step": 108400, "loss": 5.229, "lr": 0.002505166810052764, "gnorm": 1.386, "tok_per_s": 203096.9, "load": 4.2060546875}
{"event": "step", "step": 108600, "loss": 5.444, "lr": 0.0025033366697702034, "gnorm": 0.843, "tok_per_s": 203148.4, "load": 4.173828125}
{"event": "step", "step": 108800, "loss": 5.1349, "lr": 0.0025015039139137107, "gnorm": 1.379, "tok_per_s": 203202.9, "load": 4.146484375}
{"event": "step", "step": 109000, "loss": 5.0843, "lr": 0.0024996685481008907, "gnorm": 0.544, "tok_per_s": 203121.7, "load": 4.13427734375}
{"event": "step", "step": 109200, "loss": 5.0376, "lr": 0.0024978305779573486, "gnorm": 0.779, "tok_per_s": 203218.4, "load": 4.11279296875}
{"event": "step", "step": 109400, "loss": 5.1549, "lr": 0.0024959900091166714, "gnorm": 0.74, "tok_per_s": 203045.7, "load": 4.103515625}
{"event": "step", "step": 109600, "loss": 4.8333, "lr": 0.002494146847220412, "gnorm": 0.824, "tok_per_s": 202993.4, "load": 4.16796875}
{"event": "step", "step": 109800, "loss": 5.1981, "lr": 0.002492301097918072, "gnorm": 0.869, "tok_per_s": 203100.1, "load": 4.29638671875}
{"event": "step", "step": 110000, "loss": 5.1832, "lr": 0.0024904527668670818, "gnorm": 0.769, "tok_per_s": 202924.2, "load": 4.2724609375}
eval 110000 {'bpb': 1.7031168902268, 'nats_per_token': 5.135102494047255, 'tokens': 16379, 'bytes': 71247}
{"event": "step", "step": 110200, "loss": 5.0937, "lr": 0.0024886018597327867, "gnorm": 1.027, "tok_per_s": 172021.0, "load": 4.22998046875}
{"event": "step", "step": 110400, "loss": 5.0683, "lr": 0.0024867483821884276, "gnorm": 0.923, "tok_per_s": 203005.2, "load": 4.35498046875}
{"event": "step", "step": 110600, "loss": 5.0852, "lr": 0.002484892339915124, "gnorm": 1.457, "tok_per_s": 203002.7, "load": 4.40673828125}
{"event": "step", "step": 110800, "loss": 5.2123, "lr": 0.0024830337386018567, "gnorm": 0.963, "tok_per_s": 202863.8, "load": 4.34375}
{"event": "step", "step": 111000, "loss": 5.2086, "lr": 0.0024811725839454495, "gnorm": 1.791, "tok_per_s": 203006.7, "load": 4.29052734375}
{"event": "step", "step": 111200, "loss": 4.973, "lr": 0.0024793088816505537, "gnorm": 0.625, "tok_per_s": 202937.7, "load": 4.26708984375}
{"event": "step", "step": 111400, "loss": 5.052, "lr": 0.0024774426374296285, "gnorm": 3.495, "tok_per_s": 202972.9, "load": 4.30615234375}
{"event": "step", "step": 111600, "loss": 5.4316, "lr": 0.0024755738570029244, "gnorm": 1.202, "tok_per_s": 203025.6, "load": 4.25830078125}
{"event": "step", "step": 111800, "loss": 5.0729, "lr": 0.0024737025460984663, "gnorm": 1.355, "tok_per_s": 202997.9, "load": 4.2373046875}
{"event": "step", "step": 112000, "loss": 4.8971, "lr": 0.0024718287104520346, "gnorm": 0.989, "tok_per_s": 202998.6, "load": 4.361328125}
{"event": "step", "step": 112200, "loss": 4.9331, "lr": 0.0024699523558071495, "gnorm": 0.706, "tok_per_s": 172143.7, "load": 4.61376953125}
{"event": "step", "step": 112400, "loss": 5.1565, "lr": 0.00246807348791505, "gnorm": 1.935, "tok_per_s": 202843.5, "load": 4.64501953125}
{"event": "step", "step": 112600, "loss": 5.0083, "lr": 0.0024661921125346807, "gnorm": 1.226, "tok_per_s": 202978.9, "load": 4.54541015625}
{"event": "step", "step": 112800, "loss": 5.1505, "lr": 0.002464308235432671, "gnorm": 1.103, "tok_per_s": 202740.3, "load": 4.69580078125}
{"event": "step", "step": 113000, "loss": 5.2063, "lr": 0.002462421862383318, "gnorm": 1.828, "tok_per_s": 202747.4, "load": 4.72021484375}
{"event": "step", "step": 113200, "loss": 4.9475, "lr": 0.002460532999168571, "gnorm": 0.877, "tok_per_s": 203087.5, "load": 4.60888671875}
{"event": "step", "step": 113400, "loss": 5.0383, "lr": 0.002458641651578009, "gnorm": 1.603, "tok_per_s": 203052.0, "load": 4.640625}
{"event": "step", "step": 113600, "loss": 4.9909, "lr": 0.0024567478254088277, "gnorm": 0.823, "tok_per_s": 202939.2, "load": 4.54150390625}
{"event": "step", "step": 113800, "loss": 4.9425, "lr": 0.0024548515264658202, "gnorm": 0.566, "tok_per_s": 203048.8, "load": 4.5322265625}
{"event": "step", "step": 114000, "loss": 5.2242, "lr": 0.0024529527605613587, "gnorm": 2.273, "tok_per_s": 203087.7, "load": 4.56982421875}
{"event": "step", "step": 114200, "loss": 5.0952, "lr": 0.002451051533515375, "gnorm": 1.973, "tok_per_s": 172634.1, "load": 4.48193359375}
{"event": "step", "step": 114400, "loss": 5.3237, "lr": 0.002449147851155348, "gnorm": 1.147, "tok_per_s": 203047.1, "load": 4.4072265625}
{"event": "step", "step": 114600, "loss": 4.9645, "lr": 0.0024472417193162795, "gnorm": 1.004, "tok_per_s": 202976.4, "load": 4.37451171875}
{"event": "step", "step": 114800, "loss": 5.0514, "lr": 0.0024453331438406816, "gnorm": 1.085, "tok_per_s": 202971.4, "load": 4.31640625}
{"event": "step", "step": 115000, "loss": 5.0681, "lr": 0.0024434221305785534, "gnorm": 1.154, "tok_per_s": 203006.2, "load": 4.267578125}
eval 115000 {'bpb': 1.6985238012395913, 'nats_per_token': 5.121253777703156, 'tokens': 16379, 'bytes': 71247}
{"event": "step", "step": 115200, "loss": 4.9203, "lr": 0.002441508685387369, "gnorm": 1.629, "tok_per_s": 201795.1, "load": 4.24609375}
{"event": "step", "step": 115400, "loss": 5.0806, "lr": 0.0024395928141320556, "gnorm": 1.155, "tok_per_s": 202865.2, "load": 4.3681640625}
{"event": "step", "step": 115600, "loss": 5.0311, "lr": 0.002437674522684976, "gnorm": 1.012, "tok_per_s": 203158.9, "load": 4.31103515625}
{"event": "step", "step": 115800, "loss": 5.0357, "lr": 0.0024357538169259116, "gnorm": 0.897, "tok_per_s": 203210.4, "load": 4.28564453125}
{"event": "step", "step": 116000, "loss": 5.099, "lr": 0.0024338307027420444, "gnorm": 0.869, "tok_per_s": 203003.5, "load": 4.6171875}
{"event": "step", "step": 116200, "loss": 5.1821, "lr": 0.0024319051860279377, "gnorm": 0.755, "tok_per_s": 172638.7, "load": 4.521484375}
{"event": "step", "step": 116400, "loss": 5.2562, "lr": 0.0024299772726855194, "gnorm": 1.006, "tok_per_s": 203058.4, "load": 4.4794921875}
{"event": "step", "step": 116600, "loss": 5.1637, "lr": 0.002428046968624063, "gnorm": 0.892, "tok_per_s": 203099.6, "load": 4.4052734375}
{"event": "step", "step": 116800, "loss": 5.1647, "lr": 0.0024261142797601695, "gnorm": 0.695, "tok_per_s": 203149.7, "load": 4.34228515625}
{"event": "step", "step": 117000, "loss": 5.0985, "lr": 0.0024241792120177513, "gnorm": 1.269, "tok_per_s": 203027.8, "load": 4.314453125}
{"event": "step", "step": 117200, "loss": 5.2144, "lr": 0.0024222417713280105, "gnorm": 1.487, "tok_per_s": 203081.1, "load": 4.265625}
{"event": "step", "step": 117400, "loss": 5.0932, "lr": 0.0024203019636294225, "gnorm": 1.085, "tok_per_s": 203039.8, "load": 4.244140625}
{"event": "step", "step": 117600, "loss": 5.0947, "lr": 0.0024183597948677187, "gnorm": 0.577, "tok_per_s": 202934.5, "load": 4.2060546875}
{"event": "step", "step": 117800, "loss": 5.0331, "lr": 0.002416415270995868, "gnorm": 1.041, "tok_per_s": 203061.7, "load": 4.173828125}
{"event": "step", "step": 118000, "loss": 5.0686, "lr": 0.002414468397974056, "gnorm": 0.857, "tok_per_s": 203066.0, "load": 4.15966796875}
{"event": "step", "step": 118200, "loss": 5.1393, "lr": 0.002412519181769671, "gnorm": 0.692, "tok_per_s": 172743.1, "load": 4.13427734375}
{"event": "step", "step": 118400, "loss": 5.0251, "lr": 0.002410567628357282, "gnorm": 0.691, "tok_per_s": 203174.3, "load": 4.11279296875}
{"event": "step", "step": 118600, "loss": 4.996, "lr": 0.0024086137437186223, "gnorm": 0.69, "tok_per_s": 203254.0, "load": 4.103515625}
{"event": "step", "step": 118800, "loss": 4.9435, "lr": 0.0024066575338425695, "gnorm": 1.136, "tok_per_s": 203110.4, "load": 4.08740234375}
{"event": "step", "step": 119000, "loss": 5.2495, "lr": 0.002404699004725131, "gnorm": 0.709, "tok_per_s": 203239.2, "load": 4.22119140625}
{"event": "step", "step": 119200, "loss": 5.0817, "lr": 0.0024027381623694197, "gnorm": 0.807, "tok_per_s": 202642.1, "load": 13.33251953125}
{"event": "step", "step": 119400, "loss": 5.1043, "lr": 0.002400775012785641, "gnorm": 1.834, "tok_per_s": 202989.7, "load": 11.970703125}
{"event": "step", "step": 119600, "loss": 5.0799, "lr": 0.0023988095619910717, "gnorm": 1.028, "tok_per_s": 203098.0, "load": 10.74462890625}
{"event": "step", "step": 119800, "loss": 5.1045, "lr": 0.0023968418160100423, "gnorm": 0.688, "tok_per_s": 203011.0, "load": 10.2041015625}
{"event": "step", "step": 120000, "loss": 5.0814, "lr": 0.0023948717808739174, "gnorm": 1.175, "tok_per_s": 203079.3, "load": 9.25}
eval 120000 {'bpb': 1.7196623091993721, 'nats_per_token': 5.184988924461201, 'tokens': 16379, 'bytes': 71247}
{"event": "step", "step": 120200, "loss": 4.9726, "lr": 0.0023928994626210786, "gnorm": 0.722, "tok_per_s": 171997.9, "load": 8.4423828125}
{"event": "step", "step": 120400, "loss": 5.0696, "lr": 0.0023909248672969066, "gnorm": 0.741, "tok_per_s": 203149.5, "load": 8.08642578125}
{"event": "step", "step": 120600, "loss": 5.0483, "lr": 0.0023889480009537593, "gnorm": 1.378, "tok_per_s": 203122.6, "load": 7.45751953125}
{"event": "step", "step": 120800, "loss": 4.9762, "lr": 0.002386968869650958, "gnorm": 0.9, "tok_per_s": 203134.9, "load": 6.92529296875}
{"event": "step", "step": 121000, "loss": 5.061, "lr": 0.0023849874794547657, "gnorm": 0.764, "tok_per_s": 203122.5, "load": 6.69091796875}
{"event": "step", "step": 121200, "loss": 5.0413, "lr": 0.0023830038364383663, "gnorm": 0.976, "tok_per_s": 203137.1, "load": 6.27685546875}
{"event": "step", "step": 121400, "loss": 5.0256, "lr": 0.002381017946681853, "gnorm": 0.909, "tok_per_s": 203033.2, "load": 6.09423828125}
{"event": "step", "step": 121600, "loss": 5.0935, "lr": 0.002379029816272204, "gnorm": 0.821, "tok_per_s": 203042.5, "load": 5.77197265625}
{"event": "step", "step": 121800, "loss": 5.0238, "lr": 0.002377039451303264, "gnorm": 0.719, "tok_per_s": 203121.9, "load": 5.4990234375}
{"event": "step", "step": 122000, "loss": 5.1725, "lr": 0.0023750468578757284, "gnorm": 1.203, "tok_per_s": 203049.9, "load": 5.37890625}
{"event": "step", "step": 122200, "loss": 5.1745, "lr": 0.0023730520420971227, "gnorm": 1.531, "tok_per_s": 172873.3, "load": 5.16650390625}
{"event": "step", "step": 122400, "loss": 4.9181, "lr": 0.0023710550100817843, "gnorm": 0.708, "tok_per_s": 203169.9, "load": 5.06005859375}
{"event": "step", "step": 122600, "loss": 5.1107, "lr": 0.0023690557679508437, "gnorm": 0.765, "tok_per_s": 203080.4, "load": 4.97509765625}
{"event": "step", "step": 122800, "loss": 5.0901, "lr": 0.002367054321832204, "gnorm": 0.897, "tok_per_s": 203004.9, "load": 4.82470703125}
{"event": "step", "step": 123000, "loss": 5.008, "lr": 0.0023650506778605264, "gnorm": 1.153, "tok_per_s": 203042.1, "load": 4.84521484375}
{"event": "step", "step": 123200, "loss": 5.2178, "lr": 0.0023630448421772072, "gnorm": 1.027, "tok_per_s": 202998.7, "load": 4.77734375}
{"event": "step", "step": 123400, "loss": 5.0328, "lr": 0.002361036820930361, "gnorm": 1.619, "tok_per_s": 202010.9, "load": 4.89208984375}
{"event": "step", "step": 123600, "loss": 5.1272, "lr": 0.0023590266202748013, "gnorm": 1.379, "tok_per_s": 203169.2, "load": 4.82861328125}
{"event": "step", "step": 123800, "loss": 4.9864, "lr": 0.0023570142463720215, "gnorm": 0.791, "tok_per_s": 203078.7, "load": 4.8427734375}
{"event": "step", "step": 124000, "loss": 5.166, "lr": 0.002354999705390176, "gnorm": 2.392, "tok_per_s": 203011.1, "load": 4.71240234375}
{"event": "step", "step": 124200, "loss": 5.2337, "lr": 0.002352983003504063, "gnorm": 1.208, "tok_per_s": 172708.9, "load": 4.6025390625}
{"event": "step", "step": 124400, "loss": 5.0235, "lr": 0.002350964146895102, "gnorm": 1.603, "tok_per_s": 203031.2, "load": 4.55419921875}
{"event": "step", "step": 124600, "loss": 5.0771, "lr": 0.002348943141751319, "gnorm": 0.866, "tok_per_s": 202903.9, "load": 4.46875}
{"event": "step", "step": 124800, "loss": 5.196, "lr": 0.002346919994267325, "gnorm": 1.594, "tok_per_s": 202632.9, "load": 4.62451171875}
{"event": "step", "step": 125000, "loss": 5.0804, "lr": 0.0023448947106442953, "gnorm": 1.086, "tok_per_s": 203058.5, "load": 4.57421875}
eval 125000 {'bpb': 1.707447609644356, 'nats_per_token': 5.148160134547286, 'tokens': 16379, 'bytes': 71247}
{"event": "step", "step": 125200, "loss": 5.3664, "lr": 0.0023428672970899557, "gnorm": 1.29, "tok_per_s": 201747.4, "load": 4.4853515625}
{"event": "step", "step": 125400, "loss": 5.1127, "lr": 0.0023408377598185598, "gnorm": 1.186, "tok_per_s": 202973.0, "load": 4.4462890625}
{"event": "step", "step": 125600, "loss": 5.0123, "lr": 0.0023388061050508696, "gnorm": 0.865, "tok_per_s": 203099.1, "load": 4.376953125}
{"event": "step", "step": 125800, "loss": 5.013, "lr": 0.0023367723390141375, "gnorm": 0.832, "tok_per_s": 202955.8, "load": 4.3994140625}
{"event": "step", "step": 126000, "loss": 5.1248, "lr": 0.002334736467942088, "gnorm": 1.397, "tok_per_s": 203019.0, "load": 4.3671875}
{"event": "step", "step": 126200, "loss": 5.2423, "lr": 0.002332698498074898, "gnorm": 1.055, "tok_per_s": 172655.2, "load": 4.38427734375}
{"event": "step", "step": 126400, "loss": 5.096, "lr": 0.0023306584356591765, "gnorm": 0.655, "tok_per_s": 203126.3, "load": 4.3984375}
{"event": "step", "step": 126600, "loss": 4.9023, "lr": 0.002328616286947946, "gnorm": 1.356, "tok_per_s": 203090.0, "load": 4.3662109375}
{"event": "step", "step": 126800, "loss": 5.0135, "lr": 0.002326572058200625, "gnorm": 1.165, "tok_per_s": 203127.5, "load": 4.4638671875}
{"event": "step", "step": 127000, "loss": 5.0489, "lr": 0.002324525755683009, "gnorm": 0.707, "tok_per_s": 203003.5, "load": 4.39208984375}
{"event": "step", "step": 127200, "loss": 5.0988, "lr": 0.002322477385667245, "gnorm": 0.652, "tok_per_s": 203128.5, "load": 4.3603515625}
{"event": "step", "step": 127400, "loss": 4.9981, "lr": 0.0023204269544318218, "gnorm": 0.824, "tok_per_s": 202551.8, "load": 5.00048828125}
{"event": "step", "step": 127600, "loss": 4.9355, "lr": 0.002318374468261544, "gnorm": 0.818, "tok_per_s": 202891.0, "load": 5.32080078125}
{"event": "step", "step": 127800, "loss": 5.0102, "lr": 0.0023163199334475144, "gnorm": 0.607, "tok_per_s": 202944.8, "load": 5.1171875}
{"event": "step", "step": 128000, "loss": 4.9749, "lr": 0.0023142633562871166, "gnorm": 0.793, "tok_per_s": 203057.5, "load": 4.94482421875}
{"event": "step", "step": 128200, "loss": 4.9353, "lr": 0.002312204743083993, "gnorm": 1.268, "tok_per_s": 172988.5, "load": 4.79931640625}
{"event": "step", "step": 128400, "loss": 5.0286, "lr": 0.002310144100148028, "gnorm": 0.976, "tok_per_s": 203094.1, "load": 4.73486328125}
{"event": "step", "step": 128600, "loss": 4.9755, "lr": 0.0023080814337953256, "gnorm": 0.536, "tok_per_s": 203017.4, "load": 4.62158203125}
{"event": "step", "step": 128800, "loss": 4.9927, "lr": 0.0023060167503481926, "gnorm": 0.588, "tok_per_s": 202953.1, "load": 4.65234375}
{"event": "step", "step": 129000, "loss": 4.8652, "lr": 0.0023039500561351195, "gnorm": 0.75, "tok_per_s": 203065.7, "load": 4.5517578125}
{"event": "step", "step": 129200, "loss": 5.1821, "lr": 0.0023018813574907588, "gnorm": 1.112, "tok_per_s": 203256.5, "load": 4.46630859375}
{"event": "step", "step": 129400, "loss": 5.1949, "lr": 0.002299810660755907, "gnorm": 1.104, "tok_per_s": 203297.1, "load": 4.4287109375}
{"event": "step", "step": 129600, "loss": 5.2626, "lr": 0.002297737972277484, "gnorm": 1.94, "tok_per_s": 203086.5, "load": 4.44287109375}
{"event": "step", "step": 129800, "loss": 5.1482, "lr": 0.0022956632984085174, "gnorm": 0.661, "tok_per_s": 203017.9, "load": 4.37451171875}
{"event": "step", "step": 130000, "loss": 4.9712, "lr": 0.0022935866455081177, "gnorm": 1.082, "tok_per_s": 203122.7, "load": 4.34423828125}
eval 130000 {'bpb': 1.7015485260944314, 'nats_per_token': 5.13037368734355, 'tokens': 16379, 'bytes': 71247}
{"event": "step", "step": 130200, "loss": 5.0377, "lr": 0.0022915080199414624, "gnorm": 1.443, "tok_per_s": 174436.8, "load": 4.291015625}
{"event": "step", "step": 130400, "loss": 4.9968, "lr": 0.002289427428079775, "gnorm": 0.638, "tok_per_s": 203112.2, "load": 4.32666015625}
{"event": "step", "step": 130600, "loss": 5.2814, "lr": 0.002287344876300306, "gnorm": 0.943, "tok_per_s": 202873.5, "load": 4.30029296875}
{"event": "step", "step": 130800, "loss": 4.9367, "lr": 0.002285260370986314, "gnorm": 1.172, "tok_per_s": 202998.2, "load": 4.25341796875}
{"event": "step", "step": 131000, "loss": 5.112, "lr": 0.0022831739185270442, "gnorm": 0.594, "tok_per_s": 203121.6, "load": 4.2138671875}
{"event": "step", "step": 131200, "loss": 5.1152, "lr": 0.002281085525317712, "gnorm": 0.623, "tok_per_s": 203097.4, "load": 4.1962890625}
{"event": "step", "step": 131400, "loss": 5.0486, "lr": 0.002278995197759478, "gnorm": 1.558, "tok_per_s": 203060.9, "load": 4.16552734375}
{"event": "step", "step": 131600, "loss": 5.1261, "lr": 0.0022769029422594353, "gnorm": 0.802, "tok_per_s": 203123.9, "load": 4.15185546875}
{"event": "step", "step": 131800, "loss": 5.0501, "lr": 0.0022748087652305848, "gnorm": 1.024, "tok_per_s": 203168.7, "load": 4.12841796875}
{"event": "step", "step": 132000, "loss": 5.1173, "lr": 0.0022727126730918163, "gnorm": 0.795, "tok_per_s": 203049.7, "load": 4.1884765625}
{"event": "step", "step": 132200, "loss": 4.9765, "lr": 0.002270614672267892, "gnorm": 0.587, "tok_per_s": 172822.4, "load": 4.31982421875}
{"event": "step", "step": 132400, "loss": 4.9663, "lr": 0.002268514769189422, "gnorm": 0.901, "tok_per_s": 202751.0, "load": 4.37451171875}
{"event": "step", "step": 132600, "loss": 5.0202, "lr": 0.0022664129702928484, "gnorm": 1.432, "tok_per_s": 203398.6, "load": 4.31640625}
{"event": "step", "step": 132800, "loss": 5.045, "lr": 0.002264309282020424, "gnorm": 1.661, "tok_per_s": 204088.6, "load": 4.291015625}
{"event": "step", "step": 133000, "loss": 4.8959, "lr": 0.0022622037108201917, "gnorm": 0.884, "tok_per_s": 203714.9, "load": 4.24609375}
{"event": "step", "step": 133200, "loss": 5.0692, "lr": 0.0022600962631459678, "gnorm": 0.946, "tok_per_s": 203938.2, "load": 4.3681640625}
{"event": "step", "step": 133400, "loss": 5.318, "lr": 0.0022579869454573184, "gnorm": 1.358, "tok_per_s": 203628.2, "load": 4.33837890625}
{"event": "step", "step": 133600, "loss": 5.1651, "lr": 0.0022558757642195423, "gnorm": 1.483, "tok_per_s": 204003.7, "load": 4.3662109375}
{"event": "step", "step": 133800, "loss": 5.0998, "lr": 0.00225376272590365, "gnorm": 1.109, "tok_per_s": 203853.0, "load": 4.30908203125}
{"event": "step", "step": 134000, "loss": 5.0859, "lr": 0.002251647836986344, "gnorm": 1.215, "tok_per_s": 203895.7, "load": 4.2841796875}
{"event": "step", "step": 134200, "loss": 5.1962, "lr": 0.00224953110395, "gnorm": 1.25, "tok_per_s": 176856.7, "load": 4.32080078125}
{"event": "step", "step": 134400, "loss": 4.9476, "lr": 0.002247412533282645, "gnorm": 0.941, "tok_per_s": 202851.0, "load": 4.27099609375}
{"event": "step", "step": 134600, "loss": 5.1391, "lr": 0.0022452921314779386, "gnorm": 1.323, "tok_per_s": 202943.8, "load": 4.2490234375}
{"event": "step", "step": 134800, "loss": 5.3401, "lr": 0.002243169905035155, "gnorm": 1.213, "tok_per_s": 202820.2, "load": 4.21044921875}
{"event": "step", "step": 135000, "loss": 4.9751, "lr": 0.0022410458604591576, "gnorm": 0.921, "tok_per_s": 202684.7, "load": 4.193359375}
eval 135000 {'bpb': 1.7141460621635016, 'nats_per_token': 5.168356775444166, 'tokens': 16379, 'bytes': 71247}
{"event": "step", "step": 135200, "loss": 5.1563, "lr": 0.0022389200042603856, "gnorm": 1.031, "tok_per_s": 201646.8, "load": 4.1630859375}
{"event": "step", "step": 135400, "loss": 5.2142, "lr": 0.00223679234295483, "gnorm": 0.936, "tok_per_s": 202871.6, "load": 4.1376953125}
{"event": "step", "step": 135600, "loss": 5.1028, "lr": 0.0022346628830640144, "gnorm": 1.22, "tok_per_s": 202820.9, "load": 4.12646484375}
{"event": "step", "step": 135800, "loss": 5.0908, "lr": 0.002232531631114976, "gnorm": 0.734, "tok_per_s": 202807.9, "load": 4.1064453125}
{"event": "step", "step": 136000, "loss": 5.0436, "lr": 0.0022303985936402435, "gnorm": 1.085, "tok_per_s": 202953.9, "load": 4.08935546875}
{"event": "step", "step": 136200, "loss": 5.1477, "lr": 0.0022282637771778202, "gnorm": 0.791, "tok_per_s": 172651.1, "load": 4.08203125}
{"event": "step", "step": 136400, "loss": 5.0962, "lr": 0.0022261271882711613, "gnorm": 1.091, "tok_per_s": 202231.6, "load": 4.45751953125}
{"event": "step", "step": 136600, "loss": 5.0842, "lr": 0.002223988833469154, "gnorm": 1.062, "tok_per_s": 203109.8, "load": 4.46044921875}
{"event": "step", "step": 136800, "loss": 4.9817, "lr": 0.0022218487193260993, "gnorm": 0.863, "tok_per_s": 203099.2, "load": 4.42333984375}
{"event": "step", "step": 137000, "loss": 5.125, "lr": 0.0022197068524016906, "gnorm": 1.704, "tok_per_s": 202882.8, "load": 4.35791015625}
{"event": "step", "step": 137200, "loss": 5.1415, "lr": 0.0022175632392609935, "gnorm": 0.661, "tok_per_s": 202652.9, "load": 4.46337890625}
{"event": "step", "step": 137400, "loss": 5.217, "lr": 0.002215417886474426, "gnorm": 0.987, "tok_per_s": 202318.5, "load": 4.5869140625}
{"event": "step", "step": 137600, "loss": 4.9788, "lr": 0.002213270800617739, "gnorm": 1.279, "tok_per_s": 202691.6, "load": 4.5703125}
{"event": "step", "step": 137800, "loss": 5.1033, "lr": 0.0022111219882719937, "gnorm": 0.842, "tok_per_s": 202744.8, "load": 4.5244140625}
{"event": "step", "step": 138000, "loss": 5.0686, "lr": 0.0022089714560235446, "gnorm": 0.878, "tok_per_s": 202887.9, "load": 4.44287109375}
{"event": "step", "step": 138200, "loss": 5.1358, "lr": 0.0022068192104640182, "gnorm": 0.703, "tok_per_s": 172451.6, "load": 4.44873046875}
{"event": "step", "step": 138400, "loss": 5.1599, "lr": 0.002204665258190292, "gnorm": 0.758, "tok_per_s": 203052.3, "load": 4.37939453125}
{"event": "step", "step": 138600, "loss": 5.189, "lr": 0.002202509605804473, "gnorm": 1.334, "tok_per_s": 202983.6, "load": 4.3486328125}
{"event": "step", "step": 138800, "loss": 5.0034, "lr": 0.0022003522599138826, "gnorm": 0.907, "tok_per_s": 202840.1, "load": 4.29443359375}
{"event": "step", "step": 139000, "loss": 4.9134, "lr": 0.0021981932271310308, "gnorm": 0.823, "tok_per_s": 203088.9, "load": 4.2705078125}
{"event": "step", "step": 139200, "loss": 5.1259, "lr": 0.002196032514073598, "gnorm": 1.261, "tok_per_s": 202989.5, "load": 4.3759765625}
{"event": "step", "step": 139400, "loss": 5.1039, "lr": 0.0021938701273644164, "gnorm": 0.918, "tok_per_s": 202787.3, "load": 4.39208984375}
{"event": "step", "step": 139600, "loss": 5.0411, "lr": 0.0021917060736314467, "gnorm": 1.125, "tok_per_s": 202866.2, "load": 4.3603515625}
{"event": "step", "step": 139800, "loss": 5.0826, "lr": 0.0021895403595077597, "gnorm": 0.583, "tok_per_s": 202920.1, "load": 4.30419921875}
{"event": "step", "step": 140000, "loss": 5.0552, "lr": 0.0021873729916315155, "gnorm": 0.719, "tok_per_s": 202809.7, "load": 4.3310546875}
eval 140000 {'bpb': 1.7098810735606518, 'nats_per_token': 5.155497321265035, 'tokens': 16379, 'bytes': 71247}
{"event": "step", "step": 140200, "loss": 5.1748, "lr": 0.0021852039766459435, "gnorm": 0.592, "tok_per_s": 171730.7, "load": 4.3603515625}
{"event": "step", "step": 140400, "loss": 4.8344, "lr": 0.0021830333211993206, "gnorm": 0.984, "tok_per_s": 202815.7, "load": 4.49169921875}
{"event": "step", "step": 140600, "loss": 5.0565, "lr": 0.0021808610319449524, "gnorm": 0.936, "tok_per_s": 203259.5, "load": 4.41552734375}
{"event": "step", "step": 140800, "loss": 4.9653, "lr": 0.002178687115541154, "gnorm": 0.747, "tok_per_s": 203669.7, "load": 4.3818359375}
{"event": "step", "step": 141000, "loss": 4.9993, "lr": 0.002176511578651224, "gnorm": 0.852, "tok_per_s": 202895.8, "load": 4.32275390625}
{"event": "step", "step": 141200, "loss": 4.9818, "lr": 0.002174334427943433, "gnorm": 0.862, "tok_per_s": 203013.4, "load": 4.27294921875}
{"event": "step", "step": 141400, "loss": 5.0212, "lr": 0.0021721556700909934, "gnorm": 0.94, "tok_per_s": 203267.9, "load": 4.2509765625}
{"event": "step", "step": 141600, "loss": 5.0831, "lr": 0.0021699753117720467, "gnorm": 1.169, "tok_per_s": 202995.1, "load": 4.2119140625}
{"event": "step", "step": 141800, "loss": 5.0539, "lr": 0.002167793359669639, "gnorm": 0.895, "tok_per_s": 202425.7, "load": 4.275390625}
{"event": "step", "step": 142000, "loss": 5.1006, "lr": 0.002165609820471702, "gnorm": 0.822, "tok_per_s": 202711.6, "load": 4.53466796875}
{"event": "step", "step": 142200, "loss": 5.1554, "lr": 0.0021634247008710306, "gnorm": 0.737, "tok_per_s": 173684.4, "load": 4.4521484375}
{"event": "step", "step": 142400, "loss": 5.1555, "lr": 0.002161238007565266, "gnorm": 1.561, "tok_per_s": 203061.9, "load": 4.3818359375}
{"event": "step", "step": 142600, "loss": 5.1078, "lr": 0.0021590497472568715, "gnorm": 1.306, "tok_per_s": 203243.7, "load": 4.431640625}
{"event": "step", "step": 142800, "loss": 5.0308, "lr": 0.0021568599266531133, "gnorm": 0.525, "tok_per_s": 203015.3, "load": 4.43896484375}
{"event": "step", "step": 143000, "loss": 5.1721, "lr": 0.0021546685524660406, "gnorm": 1.036, "tok_per_s": 203124.3, "load": 4.40380859375}
{"event": "step", "step": 143200, "loss": 5.218, "lr": 0.0021524756314124658, "gnorm": 1.134, "tok_per_s": 203142.4, "load": 4.34130859375}
{"event": "step", "step": 143400, "loss": 5.027, "lr": 0.0021502811702139397, "gnorm": 0.735, "tok_per_s": 202993.2, "load": 4.28857421875}
{"event": "step", "step": 143600, "loss": 5.0369, "lr": 0.0021480851755967356, "gnorm": 1.037, "tok_per_s": 202943.3, "load": 4.26513671875}
{"event": "step", "step": 143800, "loss": 5.1048, "lr": 0.002145887654291828, "gnorm": 0.976, "tok_per_s": 202935.2, "load": 4.2978515625}
{"event": "step", "step": 144000, "loss": 5.0688, "lr": 0.0021436886130348685, "gnorm": 1.08, "tok_per_s": 202851.5, "load": 4.251953125}
{"event": "step", "step": 144200, "loss": 5.0269, "lr": 0.0021414880585661684, "gnorm": 0.848, "tok_per_s": 172441.7, "load": 4.2314453125}
{"event": "step", "step": 144400, "loss": 5.2123, "lr": 0.0021392859976306785, "gnorm": 1.008, "tok_per_s": 203019.0, "load": 4.19580078125}
{"event": "step", "step": 144600, "loss": 5.3004, "lr": 0.0021370824369779653, "gnorm": 0.799, "tok_per_s": 202889.1, "load": 4.1650390625}
{"event": "step", "step": 144800, "loss": 5.1082, "lr": 0.002134877383362193, "gnorm": 0.866, "tok_per_s": 202908.5, "load": 4.1513671875}
{"event": "step", "step": 145000, "loss": 5.1614, "lr": 0.002132670843542101, "gnorm": 1.064, "tok_per_s": 203045.3, "load": 4.275390625}
eval 145000 {'bpb': 1.6945482338774283, 'nats_per_token': 5.109266963413518, 'tokens': 16379, 'bytes': 71247}
{"event": "step", "step": 145200, "loss": 5.0953, "lr": 0.002130462824280985, "gnorm": 0.831, "tok_per_s": 201657.2, "load": 4.46728515625}
{"event": "step", "step": 145400, "loss": 5.0059, "lr": 0.0021282533323466763, "gnorm": 0.847, "tok_per_s": 202428.2, "load": 4.67041015625}
{"event": "step", "step": 145600, "loss": 5.0958, "lr": 0.0021260423745115176, "gnorm": 0.973, "tok_per_s": 202955.6, "load": 4.79541015625}
{"event": "step", "step": 145800, "loss": 5.0175, "lr": 0.0021238299575523463, "gnorm": 1.07, "tok_per_s": 202837.5, "load": 4.7314453125}
{"event": "step", "step": 146000, "loss": 5.204, "lr": 0.002121616088250473, "gnorm": 0.883, "tok_per_s": 202803.4, "load": 4.853515625}
{"event": "step", "step": 146200, "loss": 5.1196, "lr": 0.0021194007733916576, "gnorm": 0.949, "tok_per_s": 172573.1, "load": 4.86962890625}
{"event": "step", "step": 146400, "loss": 5.1439, "lr": 0.0021171840197660922, "gnorm": 0.775, "tok_per_s": 202960.2, "load": 4.8095703125}
{"event": "step", "step": 146600, "loss": 5.1197, "lr": 0.0021149658341683792, "gnorm": 0.95, "tok_per_s": 202909.5, "load": 4.8251953125}
{"event": "step", "step": 146800, "loss": 5.0242, "lr": 0.0021127462233975105, "gnorm": 0.79, "tok_per_s": 203124.3, "load": 4.69775390625}
{"event": "step", "step": 147000, "loss": 5.0769, "lr": 0.002110525194256844, "gnorm": 0.878, "tok_per_s": 203067.4, "load": 4.6416015625}
{"event": "step", "step": 147200, "loss": 5.1718, "lr": 0.002108302753554087, "gnorm": 1.51, "tok_per_s": 202991.9, "load": 4.54248046875}
{"event": "step", "step": 147400, "loss": 5.2265, "lr": 0.002106078908101273, "gnorm": 1.147, "tok_per_s": 203069.4, "load": 4.458984375}
{"event": "step", "step": 147600, "loss": 5.1806, "lr": 0.0021038536647147426, "gnorm": 0.758, "tok_per_s": 203459.8, "load": 4.421875}
{"event": "step", "step": 147800, "loss": 5.0757, "lr": 0.0021016270302151177, "gnorm": 1.026, "tok_per_s": 203083.4, "load": 4.43701171875}
{"event": "step", "step": 148000, "loss": 5.0958, "lr": 0.002099399011427287, "gnorm": 0.623, "tok_per_s": 203083.9, "load": 4.36962890625}
{"event": "step", "step": 148200, "loss": 5.2306, "lr": 0.002097169615180382, "gnorm": 0.675, "tok_per_s": 172841.4, "load": 4.33984375}
{"event": "step", "step": 148400, "loss": 5.1056, "lr": 0.002094938848307755, "gnorm": 1.807, "tok_per_s": 202972.8, "load": 4.287109375}
{"event": "step", "step": 148600, "loss": 4.8811, "lr": 0.0020927067176469607, "gnorm": 0.858, "tok_per_s": 202990.9, "load": 4.2421875}
{"event": "step", "step": 148800, "loss": 4.9201, "lr": 0.002090473230039733, "gnorm": 0.781, "tok_per_s": 202858.6, "load": 4.22265625}
{"event": "step", "step": 149000, "loss": 5.1804, "lr": 0.0020882383923319665, "gnorm": 1.681, "tok_per_s": 202886.0, "load": 4.18798828125}
{"event": "step", "step": 149200, "loss": 4.9321, "lr": 0.002086002211373691, "gnorm": 0.778, "tok_per_s": 202781.7, "load": 4.3994140625}
{"event": "step", "step": 149400, "loss": 5.0201, "lr": 0.0020837646940190567, "gnorm": 0.946, "tok_per_s": 202659.8, "load": 4.44775390625}
{"event": "step", "step": 149600, "loss": 4.9192, "lr": 0.0020815258471263086, "gnorm": 0.994, "tok_per_s": 202863.4, "load": 4.37841796875}
{"event": "step", "step": 149800, "loss": 5.0985, "lr": 0.002079285677557767, "gnorm": 0.997, "tok_per_s": 202577.5, "load": 4.34765625}
{"event": "step", "step": 150000, "loss": 5.0441, "lr": 0.002077044192179806, "gnorm": 1.066, "tok_per_s": 202931.4, "load": 4.52197265625}
eval 150000 {'bpb': 1.703978430580328, 'nats_per_token': 5.137700141950058, 'tokens': 16379, 'bytes': 71247}
{"event": "step", "step": 150200, "loss": 5.0837, "lr": 0.0020748013978628336, "gnorm": 1.657, "tok_per_s": 172268.8, "load": 4.44140625}
{"event": "step", "step": 150400, "loss": 5.0868, "lr": 0.0020725573014812697, "gnorm": 0.795, "tok_per_s": 203164.1, "load": 4.373046875}
{"event": "step", "step": 150600, "loss": 5.1381, "lr": 0.0020703119099135235, "gnorm": 0.692, "tok_per_s": 203117.9, "load": 4.42333984375}
{"event": "step", "step": 150800, "loss": 5.0918, "lr": 0.0020680652300419772, "gnorm": 0.796, "tok_per_s": 203034.8, "load": 4.35791015625}
{"event": "step", "step": 151000, "loss": 4.9444, "lr": 0.0020658172687529593, "gnorm": 0.658, "tok_per_s": 203211.4, "load": 4.3291015625}
{"event": "step", "step": 151200, "loss": 5.0558, "lr": 0.0020635680329367267, "gnorm": 0.939, "tok_per_s": 203038.2, "load": 4.2783203125}
{"event": "step", "step": 151400, "loss": 5.074, "lr": 0.0020613175294874435, "gnorm": 1.813, "tok_per_s": 202936.5, "load": 4.2353515625}
{"event": "step", "step": 151600, "loss": 5.0882, "lr": 0.0020590657653031578, "gnorm": 0.928, "tok_per_s": 202914.3, "load": 4.21630859375}
{"event": "step", "step": 151800, "loss": 4.9065, "lr": 0.002056812747285784, "gnorm": 0.784, "tok_per_s": 203005.6, "load": 4.1826171875}
{"event": "step", "step": 152000, "loss": 4.9928, "lr": 0.0020545584823410774, "gnorm": 0.615, "tok_per_s": 202846.4, "load": 4.228515625}
{"event": "step", "step": 152200, "loss": 5.1163, "lr": 0.0020523029773786166, "gnorm": 0.998, "tok_per_s": 173189.8, "load": 4.2099609375}
{"event": "step", "step": 152400, "loss": 5.0178, "lr": 0.0020500462393117824, "gnorm": 0.951, "tok_per_s": 203158.1, "load": 4.17724609375}
{"event": "step", "step": 152600, "loss": 4.8689, "lr": 0.0020477882750577314, "gnorm": 0.704, "tok_per_s": 203012.6, "load": 4.1494140625}
{"event": "step", "step": 152800, "loss": 4.878, "lr": 0.0020455290915373818, "gnorm": 0.932, "tok_per_s": 203076.6, "load": 4.13720703125}
{"event": "step", "step": 153000, "loss": 4.9907, "lr": 0.0020432686956753884, "gnorm": 0.955, "tok_per_s": 203114.2, "load": 4.18994140625}
{"event": "step", "step": 153200, "loss": 5.2662, "lr": 0.0020410070944001206, "gnorm": 0.843, "tok_per_s": 203030.3, "load": 4.16015625}
{"event": "step", "step": 153400, "loss": 4.9895, "lr": 0.0020387442946436444, "gnorm": 0.918, "tok_per_s": 203000.9, "load": 4.14697265625}
{"event": "step", "step": 153600, "loss": 5.0299, "lr": 0.0020364803033416975, "gnorm": 1.63, "tok_per_s": 203069.2, "load": 4.19775390625}
{"event": "step", "step": 153800, "loss": 5.1538, "lr": 0.002034215127433671, "gnorm": 1.302, "tok_per_s": 202870.8, "load": 4.181640625}
{"event": "step", "step": 154000, "loss": 5.0352, "lr": 0.0020319487738625877, "gnorm": 0.841, "tok_per_s": 202929.1, "load": 4.1533203125}
{"event": "step", "step": 154200, "loss": 5.1099, "lr": 0.002029681249575078, "gnorm": 0.734, "tok_per_s": 173035.2, "load": 4.12890625}
{"event": "step", "step": 154400, "loss": 4.9044, "lr": 0.0020274125615213612, "gnorm": 0.599, "tok_per_s": 203038.2, "load": 4.1826171875}
{"event": "step", "step": 154600, "loss": 5.1954, "lr": 0.0020251427166552254, "gnorm": 1.377, "tok_per_s": 203125.5, "load": 4.16796875}
{"event": "step", "step": 154800, "loss": 5.2432, "lr": 0.0020228717219340025, "gnorm": 1.216, "tok_per_s": 203149.2, "load": 4.1416015625}
{"event": "step", "step": 155000, "loss": 4.9288, "lr": 0.0020205995843185502, "gnorm": 0.639, "tok_per_s": 203048.8, "load": 4.1298828125}
eval 155000 {'bpb': 1.7039620572004914, 'nats_per_token': 5.137650774238354, 'tokens': 16379, 'bytes': 71247}
{"event": "step", "step": 155200, "loss": 5.0656, "lr": 0.0020183263107732274, "gnorm": 0.805, "tok_per_s": 201852.9, "load": 4.109375}
{"event": "step", "step": 155400, "loss": 5.2147, "lr": 0.0020160519082658775, "gnorm": 0.936, "tok_per_s": 203056.5, "load": 4.09228515625}
{"event": "step", "step": 155600, "loss": 5.0649, "lr": 0.0020137763837678015, "gnorm": 0.907, "tok_per_s": 203074.3, "load": 4.08447265625}
{"event": "step", "step": 155800, "loss": 4.9936, "lr": 0.002011499744253742, "gnorm": 1.062, "tok_per_s": 202861.1, "load": 4.23193359375}
{"event": "step", "step": 156000, "loss": 5.1441, "lr": 0.0020092219967018567, "gnorm": 0.793, "tok_per_s": 203024.3, "load": 4.34326171875}
{"event": "step", "step": 156200, "loss": 4.9874, "lr": 0.0020069431480937024, "gnorm": 0.932, "tok_per_s": 173180.8, "load": 4.39599609375}
{"event": "step", "step": 156400, "loss": 5.1357, "lr": 0.002004663205414208, "gnorm": 0.729, "tok_per_s": 202450.0, "load": 14.90576171875}
{"event": "step", "step": 156600, "loss": 4.87, "lr": 0.0020023821756516577, "gnorm": 0.836, "tok_per_s": 202909.7, "load": 13.30224609375}
{"event": "step", "step": 156800, "loss": 4.9584, "lr": 0.002000100065797667, "gnorm": 0.918, "tok_per_s": 203089.4, "load": 12.55712890625}
{"event": "step", "step": 157000, "loss": 5.133, "lr": 0.0019978168828471616, "gnorm": 1.083, "tok_per_s": 202954.3, "load": 11.2412109375}
{"event": "step", "step": 157200, "loss": 5.0442, "lr": 0.0019955326337983575, "gnorm": 1.353, "tok_per_s": 202932.2, "load": 10.12744140625}
{"event": "step", "step": 157400, "loss": 4.9911, "lr": 0.0019932473256527375, "gnorm": 0.976, "tok_per_s": 203083.2, "load": 9.63671875}
{"event": "step", "step": 157600, "loss": 5.1443, "lr": 0.0019909609654150313, "gnorm": 0.721, "tok_per_s": 202972.7, "load": 8.76953125}
{"event": "step", "step": 157800, "loss": 4.9564, "lr": 0.0019886735600931926, "gnorm": 0.899, "tok_per_s": 202783.6, "load": 8.38720703125}
{"event": "step", "step": 158000, "loss": 4.9267, "lr": 0.001986385116698379, "gnorm": 1.837, "tok_per_s": 202967.0, "load": 7.71240234375}
{"event": "step", "step": 158200, "loss": 5.2754, "lr": 0.0019840956422449304, "gnorm": 1.626, "tok_per_s": 172227.0, "load": 7.14111328125}
{"event": "step", "step": 158400, "loss": 4.9956, "lr": 0.001981805143750345, "gnorm": 1.336, "tok_per_s": 202561.6, "load": 6.884765625}
{"event": "step", "step": 158600, "loss": 5.205, "lr": 0.001979513628235262, "gnorm": 1.445, "tok_per_s": 203180.5, "load": 6.8134765625}
{"event": "step", "step": 158800, "loss": 5.0084, "lr": 0.001977221102723437, "gnorm": 2.684, "tok_per_s": 203052.5, "load": 6.38037109375}
{"event": "step", "step": 159000, "loss": 4.9093, "lr": 0.001974927574241721, "gnorm": 1.777, "tok_per_s": 203106.9, "load": 6.189453125}
{"event": "step", "step": 159200, "loss": 4.9786, "lr": 0.00197263304982004, "gnorm": 1.49, "tok_per_s": 203082.1, "load": 5.92578125}
{"event": "step", "step": 159400, "loss": 5.055, "lr": 0.0019703375364913726, "gnorm": 2.29, "tok_per_s": 202933.4, "load": 5.62939453125}
{"event": "step", "step": 159600, "loss": 5.1314, "lr": 0.0019680410412917277, "gnorm": 1.12, "tok_per_s": 202973.7, "load": 5.57861328125}
{"event": "step", "step": 159800, "loss": 5.0792, "lr": 0.001965743571260124, "gnorm": 0.993, "tok_per_s": 202947.8, "load": 5.33544921875}
{"event": "step", "step": 160000, "loss": 5.1099, "lr": 0.001963445133438569, "gnorm": 1.027, "tok_per_s": 202953.1, "load": 5.12939453125}
eval 160000 {'bpb': 1.6922537459436102, 'nats_per_token': 5.102348806016851, 'tokens': 16379, 'bytes': 71247}
{"event": "step", "step": 160200, "loss": 5.0589, "lr": 0.0019611457348720353, "gnorm": 1.292, "tok_per_s": 172204.4, "load": 5.03857421875}
{"event": "step", "step": 160400, "loss": 5.2118, "lr": 0.001958845382608442, "gnorm": 1.285, "tok_per_s": 203058.9, "load": 4.87841796875}
{"event": "step", "step": 160600, "loss": 5.1579, "lr": 0.00195654408369863, "gnorm": 2.038, "tok_per_s": 203178.5, "load": 4.8232421875}
{"event": "step", "step": 160800, "loss": 5.0466, "lr": 0.0019542418451963407, "gnorm": 1.284, "tok_per_s": 203023.5, "load": 4.7568359375}
{"event": "step", "step": 161000, "loss": 5.2562, "lr": 0.0019519386741581994, "gnorm": 0.923, "tok_per_s": 202980.9, "load": 4.6396484375}
{"event": "step", "step": 161200, "loss": 5.1164, "lr": 0.001949634577643685, "gnorm": 2.157, "tok_per_s": 202922.6, "load": 4.62158203125}
{"event": "step", "step": 161400, "loss": 5.0703, "lr": 0.0019473295627151174, "gnorm": 1.228, "tok_per_s": 203523.0, "load": 4.57177734375}
{"event": "step", "step": 161600, "loss": 5.0101, "lr": 0.0019450236364376278, "gnorm": 0.84, "tok_per_s": 203016.7, "load": 4.4833984375}
{"event": "step", "step": 161800, "loss": 5.0748, "lr": 0.0019427168058791433, "gnorm": 1.346, "tok_per_s": 203271.8, "load": 4.4443359375}
{"event": "step", "step": 162000, "loss": 5.0261, "lr": 0.0019404090781103616, "gnorm": 1.433, "tok_per_s": 202853.5, "load": 4.37548828125}
{"event": "step", "step": 162200, "loss": 4.9911, "lr": 0.001938100460204731, "gnorm": 1.95, "tok_per_s": 172288.3, "load": 4.47802734375}
{"event": "step", "step": 162400, "loss": 4.7975, "lr": 0.0019357909592384274, "gnorm": 1.417, "tok_per_s": 202290.9, "load": 4.7861328125}
{"event": "step", "step": 162600, "loss": 5.0011, "lr": 0.0019334805822903347, "gnorm": 1.679, "tok_per_s": 202081.8, "load": 4.72314453125}
{"event": "step", "step": 162800, "loss": 5.0589, "lr": 0.0019311693364420198, "gnorm": 1.456, "tok_per_s": 202403.7, "load": 4.75927734375}
{"event": "step", "step": 163000, "loss": 5.1425, "lr": 0.0019288572287777153, "gnorm": 0.703, "tok_per_s": 202940.2, "load": 4.6982421875}
{"event": "step", "step": 163200, "loss": 4.9721, "lr": 0.0019265442663842934, "gnorm": 1.474, "tok_per_s": 202906.2, "load": 4.59033203125}
{"event": "step", "step": 163400, "loss": 5.1229, "lr": 0.001924230456351247, "gnorm": 0.902, "tok_per_s": 202839.8, "load": 4.4990234375}
{"event": "step", "step": 163600, "loss": 5.1506, "lr": 0.0019219158057706672, "gnorm": 1.083, "tok_per_s": 202629.7, "load": 4.458984375}
{"event": "step", "step": 163800, "loss": 5.2044, "lr": 0.0019196003217372209, "gnorm": 1.75, "tok_per_s": 202520.3, "load": 4.53564453125}
{"event": "step", "step": 164000, "loss": 4.9535, "lr": 0.0019172840113481303, "gnorm": 1.974, "tok_per_s": 202801.8, "load": 4.453125}
{"event": "step", "step": 164200, "loss": 4.9624, "lr": 0.00191496688170315, "gnorm": 1.074, "tok_per_s": 172058.2, "load": 4.41650390625}
{"event": "step", "step": 164400, "loss": 4.9092, "lr": 0.0019126489399045451, "gnorm": 1.531, "tok_per_s": 202867.4, "load": 4.35205078125}
{"event": "step", "step": 164600, "loss": 5.0701, "lr": 0.0019103301930570723, "gnorm": 2.486, "tok_per_s": 202866.2, "load": 4.29736328125}
{"event": "step", "step": 164800, "loss": 5.043, "lr": 0.0019080106482679538, "gnorm": 0.77, "tok_per_s": 202734.1, "load": 4.2734375}
{"event": "step", "step": 165000, "loss": 5.084, "lr": 0.0019056903126468572, "gnorm": 1.528, "tok_per_s": 202727.4, "load": 4.23095703125}
eval 165000 {'bpb': 1.693867828981996, 'nats_per_token': 5.107215460727151, 'tokens': 16379, 'bytes': 71247}
{"event": "step", "step": 165200, "loss": 4.9747, "lr": 0.0019033691933058765, "gnorm": 1.031, "tok_per_s": 201513.0, "load": 4.1953125}
{"event": "step", "step": 165400, "loss": 5.0578, "lr": 0.0019010472973595054, "gnorm": 1.321, "tok_per_s": 202831.9, "load": 4.17919921875}
{"event": "step", "step": 165600, "loss": 5.0407, "lr": 0.0018987246319246195, "gnorm": 1.892, "tok_per_s": 202617.4, "load": 4.1513671875}
{"event": "step", "step": 165800, "loss": 5.0404, "lr": 0.0018964012041204521, "gnorm": 0.814, "tok_per_s": 202670.3, "load": 4.13916015625}
{"event": "step", "step": 166000, "loss": 4.9547, "lr": 0.0018940770210685738, "gnorm": 1.056, "tok_per_s": 202774.7, "load": 4.1982421875}
{"event": "step", "step": 166200, "loss": 5.2032, "lr": 0.0018917520898928707, "gnorm": 0.855, "tok_per_s": 172012.9, "load": 4.16748046875}
{"event": "step", "step": 166400, "loss": 5.2043, "lr": 0.00188942641771952, "gnorm": 1.574, "tok_per_s": 202850.1, "load": 4.14111328125}
{"event": "step", "step": 166600, "loss": 5.0206, "lr": 0.0018871000116769717, "gnorm": 1.031, "tok_per_s": 202947.6, "load": 4.12939453125}
{"event": "step", "step": 166800, "loss": 4.9348, "lr": 0.0018847728788959257, "gnorm": 0.754, "tok_per_s": 203681.9, "load": 4.10888671875}
{"event": "step", "step": 167000, "loss": 4.8116, "lr": 0.001882445026509308, "gnorm": 0.841, "tok_per_s": 204006.0, "load": 4.10009765625}
{"event": "step", "step": 167200, "loss": 5.0144, "lr": 0.0018801164616522505, "gnorm": 1.184, "tok_per_s": 203969.4, "load": 4.083984375}
{"event": "step", "step": 167400, "loss": 5.1151, "lr": 0.00187778719146207, "gnorm": 1.481, "tok_per_s": 203920.7, "load": 4.07080078125}
{"event": "step", "step": 167600, "loss": 5.1577, "lr": 0.001875457223078244, "gnorm": 1.895, "tok_per_s": 203968.3, "load": 4.06494140625}
{"event": "step", "step": 167800, "loss": 5.0238, "lr": 0.0018731265636423916, "gnorm": 0.945, "tok_per_s": 203927.1, "load": 4.0546875}
{"event": "step", "step": 168000, "loss": 4.9361, "lr": 0.0018707952202982475, "gnorm": 2.017, "tok_per_s": 203809.6, "load": 4.05029296875}
{"event": "step", "step": 168200, "loss": 4.9828, "lr": 0.0018684632001916448, "gnorm": 1.358, "tok_per_s": 177966.9, "load": 4.0419921875}
{"event": "step", "step": 168400, "loss": 4.8482, "lr": 0.0018661305104704904, "gnorm": 1.134, "tok_per_s": 203893.7, "load": 4.19580078125}
{"event": "step", "step": 168600, "loss": 4.9688, "lr": 0.0018637971582847435, "gnorm": 1.315, "tok_per_s": 203834.0, "load": 4.1650390625}
{"event": "step", "step": 168800, "loss": 5.0458, "lr": 0.001861463150786394, "gnorm": 1.015, "tok_per_s": 203873.4, "load": 4.1513671875}
{"event": "step", "step": 169000, "loss": 5.0733, "lr": 0.0018591284951294405, "gnorm": 1.721, "tok_per_s": 203746.2, "load": 4.20166015625}
{"event": "step", "step": 169200, "loss": 5.0369, "lr": 0.0018567931984698673, "gnorm": 1.104, "tok_per_s": 203562.6, "load": 4.265625}
{"event": "step", "step": 169400, "loss": 4.8238, "lr": 0.001854457267965625, "gnorm": 0.66, "tok_per_s": 203781.8, "load": 4.22412109375}
{"event": "step", "step": 169600, "loss": 5.0526, "lr": 0.0018521207107766058, "gnorm": 0.98, "tok_per_s": 203759.3, "load": 4.189453125}
{"event": "step", "step": 169800, "loss": 4.8002, "lr": 0.0018497835340646233, "gnorm": 1.315, "tok_per_s": 203761.2, "load": 4.173828125}
{"event": "step", "step": 170000, "loss": 5.1707, "lr": 0.0018474457449933906, "gnorm": 1.894, "tok_per_s": 203773.6, "load": 4.220703125}
eval 170000 {'bpb': 1.7079777274784862, 'nats_per_token': 5.149758503647964, 'tokens': 16379, 'bytes': 71247}
{"event": "step", "step": 170200, "loss": 5.2032, "lr": 0.0018451073507284959, "gnorm": 1.24, "tok_per_s": 176451.6, "load": 4.18603515625}
{"event": "step", "step": 170400, "loss": 4.948, "lr": 0.0018427683584373838, "gnorm": 0.793, "tok_per_s": 203688.2, "load": 4.41162109375}
{"event": "step", "step": 170600, "loss": 5.0929, "lr": 0.0018404287752893326, "gnorm": 1.112, "tok_per_s": 203905.7, "load": 4.34765625}
{"event": "step", "step": 170800, "loss": 4.9993, "lr": 0.0018380886084554291, "gnorm": 1.033, "tok_per_s": 203779.5, "load": 4.3740234375}
{"event": "step", "step": 171000, "loss": 4.9807, "lr": 0.0018357478651085525, "gnorm": 0.947, "tok_per_s": 203265.2, "load": 4.58447265625}
{"event": "step", "step": 171200, "loss": 5.0549, "lr": 0.001833406552423346, "gnorm": 1.0, "tok_per_s": 203575.6, "load": 4.568359375}
{"event": "step", "step": 171400, "loss": 4.9461, "lr": 0.0018310646775762, "gnorm": 1.555, "tok_per_s": 202613.9, "load": 4.60302734375}
{"event": "step", "step": 171600, "loss": 5.1342, "lr": 0.001828722247745227, "gnorm": 0.699, "tok_per_s": 202374.9, "load": 4.818359375}
{"event": "step", "step": 171800, "loss": 5.058, "lr": 0.0018263792701102405, "gnorm": 0.856, "tok_per_s": 202557.0, "load": 4.7724609375}
{"event": "step", "step": 172000, "loss": 5.114, "lr": 0.001824035751852734, "gnorm": 0.893, "tok_per_s": 202606.1, "load": 4.71044921875}
{"event": "step", "step": 172200, "loss": 5.0247, "lr": 0.0018216917001558565, "gnorm": 1.042, "tok_per_s": 172662.2, "load": 4.6005859375}
{"event": "step", "step": 172400, "loss": 4.9915, "lr": 0.001819347122204394, "gnorm": 0.783, "tok_per_s": 202723.5, "load": 4.5078125}
{"event": "step", "step": 172600, "loss": 5.0187, "lr": 0.0018170020251847448, "gnorm": 1.047, "tok_per_s": 202612.7, "load": 4.466796875}
{"event": "step", "step": 172800, "loss": 4.9277, "lr": 0.0018146564162848965, "gnorm": 1.448, "tok_per_s": 202684.6, "load": 4.39453125}
{"event": "step", "step": 173000, "loss": 5.2148, "lr": 0.0018123103026944079, "gnorm": 1.016, "tok_per_s": 202740.7, "load": 4.33349609375}
{"event": "step", "step": 173200, "loss": 4.9909, "lr": 0.0018099636916043844, "gnorm": 0.891, "tok_per_s": 202721.1, "load": 4.38720703125}
{"event": "step", "step": 173400, "loss": 5.1378, "lr": 0.0018076165902074553, "gnorm": 0.837, "tok_per_s": 202762.8, "load": 4.40771484375}
{"event": "step", "step": 173600, "loss": 5.2189, "lr": 0.001805269005697753, "gnorm": 0.807, "tok_per_s": 202663.2, "load": 4.42529296875}
{"event": "step", "step": 173800, "loss": 5.2361, "lr": 0.0018029209452708917, "gnorm": 0.895, "tok_per_s": 202588.9, "load": 4.39111328125}
{"event": "step", "step": 174000, "loss": 5.0339, "lr": 0.0018005724161239435, "gnorm": 1.239, "tok_per_s": 202677.1, "load": 4.404296875}
{"event": "step", "step": 174200, "loss": 5.229, "lr": 0.001798223425455417, "gnorm": 1.112, "tok_per_s": 173068.8, "load": 4.341796875}
{"event": "step", "step": 174400, "loss": 5.2348, "lr": 0.001795873980465236, "gnorm": 1.25, "tok_per_s": 202615.5, "load": 4.39453125}
{"event": "step", "step": 174600, "loss": 4.9, "lr": 0.0017935240883547162, "gnorm": 0.742, "tok_per_s": 202680.8, "load": 4.33349609375}
{"event": "step", "step": 174800, "loss": 4.9941, "lr": 0.0017911737563265446, "gnorm": 0.812, "tok_per_s": 202925.8, "load": 4.3623046875}
{"event": "step", "step": 175000, "loss": 4.8781, "lr": 0.0017888229915847555, "gnorm": 0.828, "tok_per_s": 202023.0, "load": 4.49365234375}
eval 175000 {'bpb': 1.7186948560168527, 'nats_per_token': 5.182071936626167, 'tokens': 16379, 'bytes': 71247}
{"event": "step", "step": 175200, "loss": 4.9506, "lr": 0.0017864718013347104, "gnorm": 1.016, "tok_per_s": 200696.4, "load": 4.65234375}
{"event": "step", "step": 175400, "loss": 5.0824, "lr": 0.0017841201927830757, "gnorm": 0.673, "tok_per_s": 202428.9, "load": 4.6806640625}
{"event": "step", "step": 175600, "loss": 5.0515, "lr": 0.0017817681731377977, "gnorm": 1.45, "tok_per_s": 202574.9, "load": 4.65625}
{"event": "step", "step": 175800, "loss": 5.1831, "lr": 0.0017794157496080847, "gnorm": 1.234, "tok_per_s": 202451.3, "load": 4.55517578125}
{"event": "step", "step": 176000, "loss": 5.2429, "lr": 0.0017770629294043827, "gnorm": 0.866, "tok_per_s": 202442.4, "load": 4.51025390625}
{"event": "step", "step": 176200, "loss": 4.845, "lr": 0.0017747097197383522, "gnorm": 1.012, "tok_per_s": 172033.3, "load": 4.431640625}
{"event": "step", "step": 176400, "loss": 5.0582, "lr": 0.0017723561278228494, "gnorm": 0.795, "tok_per_s": 202608.9, "load": 4.36474609375}
{"event": "step", "step": 176600, "loss": 5.1121, "lr": 0.0017700021608719008, "gnorm": 0.849, "tok_per_s": 202577.4, "load": 4.30810546875}
{"event": "step", "step": 176800, "loss": 5.157, "lr": 0.0017676478261006822, "gnorm": 1.037, "tok_per_s": 202566.6, "load": 4.283203125}
{"event": "step", "step": 177000, "loss": 5.0791, "lr": 0.0017652931307254986, "gnorm": 0.844, "tok_per_s": 202494.3, "load": 4.2392578125}
{"event": "step", "step": 177200, "loss": 5.1718, "lr": 0.0017629380819637577, "gnorm": 0.827, "tok_per_s": 202598.9, "load": 4.2197265625}
{"event": "step", "step": 177400, "loss": 5.0902, "lr": 0.0017605826870339533, "gnorm": 1.012, "tok_per_s": 202716.1, "load": 4.345703125}
{"event": "step", "step": 177600, "loss": 4.9421, "lr": 0.0017582269531556376, "gnorm": 0.886, "tok_per_s": 202585.5, "load": 4.2919921875}
{"event": "step", "step": 177800, "loss": 5.0146, "lr": 0.001755870887549403, "gnorm": 0.683, "tok_per_s": 202574.8, "load": 4.34912109375}
{"event": "step", "step": 178000, "loss": 5.0108, "lr": 0.0017535144974368587, "gnorm": 0.76, "tok_per_s": 202532.0, "load": 4.37548828125}
{"event": "step", "step": 178200, "loss": 5.0465, "lr": 0.0017511577900406082, "gnorm": 1.295, "tok_per_s": 172213.2, "load": 4.759765625}
{"event": "step", "step": 178400, "loss": 5.2931, "lr": 0.0017488007725842282, "gnorm": 1.535, "tok_per_s": 202595.5, "load": 4.779296875}
{"event": "step", "step": 178600, "loss": 5.0009, "lr": 0.0017464434522922445, "gnorm": 0.851, "tok_per_s": 202676.0, "load": 4.6591796875}
{"event": "step", "step": 178800, "loss": 5.1444, "lr": 0.0017440858363901126, "gnorm": 2.068, "tok_per_s": 202488.3, "load": 4.7177734375}
{"event": "step", "step": 179000, "loss": 5.0415, "lr": 0.0017417279321041926, "gnorm": 1.235, "tok_per_s": 202585.5, "load": 4.66015625}
{"event": "step", "step": 179200, "loss": 4.9285, "lr": 0.0017393697466617298, "gnorm": 1.368, "tok_per_s": 202600.5, "load": 4.638671875}
{"event": "step", "step": 179400, "loss": 5.1074, "lr": 0.0017370112872908303, "gnorm": 1.085, "tok_per_s": 203638.6, "load": 4.62060546875}
{"event": "step", "step": 179600, "loss": 5.1382, "lr": 0.0017346525612204405, "gnorm": 0.974, "tok_per_s": 202962.4, "load": 4.7314453125}
{"event": "step", "step": 179800, "loss": 5.002, "lr": 0.0017322935756803241, "gnorm": 0.972, "tok_per_s": 202314.6, "load": 4.7666015625}
{"event": "step", "step": 180000, "loss": 4.9919, "lr": 0.0017299343379010399, "gnorm": 0.898, "tok_per_s": 201998.7, "load": 4.705078125}
eval 180000 {'bpb': 1.694479022730776, 'nats_per_token': 5.10905828347274, 'tokens': 16379, 'bytes': 71247}
{"event": "step", "step": 180200, "loss": 4.96, "lr": 0.0017275748551139204, "gnorm": 0.902, "tok_per_s": 168598.7, "load": 14.17333984375}
{"event": "step", "step": 180400, "loss": 5.1362, "lr": 0.0017252151345510482, "gnorm": 1.181, "tok_per_s": 201917.0, "load": 15.01171875}
{"event": "step", "step": 180600, "loss": 5.186, "lr": 0.0017228551834452355, "gnorm": 2.459, "tok_per_s": 202687.3, "load": 17.931640625}
{"event": "step", "step": 180800, "loss": 4.9726, "lr": 0.0017204950090300005, "gnorm": 0.98, "tok_per_s": 202748.4, "load": 19.21875}
{"event": "step", "step": 181000, "loss": 5.0618, "lr": 0.0017181346185395463, "gnorm": 1.407, "tok_per_s": 202680.1, "load": 21.65185546875}
{"event": "step", "step": 181200, "loss": 5.1998, "lr": 0.0017157740192087379, "gnorm": 1.414, "tok_per_s": 202611.4, "load": 22.72119140625}
{"event": "step", "step": 181400, "loss": 5.2051, "lr": 0.0017134132182730813, "gnorm": 1.587, "tok_per_s": 202567.5, "load": 24.45556640625}
{"event": "step", "step": 181600, "loss": 5.2346, "lr": 0.0017110522229686993, "gnorm": 1.463, "tok_per_s": 202379.4, "load": 30.64794921875}
{"event": "step", "step": 181800, "loss": 5.1348, "lr": 0.0017086910405323113, "gnorm": 1.247, "tok_per_s": 202872.1, "load": 28.513671875}
{"event": "step", "step": 182000, "loss": 4.9982, "lr": 0.0017063296782012095, "gnorm": 1.01, "tok_per_s": 203547.3, "load": 24.744140625}
{"event": "step", "step": 182200, "loss": 4.8738, "lr": 0.0017039681432132383, "gnorm": 0.915, "tok_per_s": 177793.7, "load": 21.6279296875}
{"event": "step", "step": 182400, "loss": 4.9422, "lr": 0.0017016064428067715, "gnorm": 0.766, "tok_per_s": 203814.8, "load": 20.21630859375}
{"event": "step", "step": 182600, "loss": 5.0199, "lr": 0.0016992445842206887, "gnorm": 1.419, "tok_per_s": 203741.8, "load": 17.72265625}
{"event": "step", "step": 182800, "loss": 5.0688, "lr": 0.0016968825746943553, "gnorm": 1.125, "tok_per_s": 203738.3, "load": 15.6123046875}
{"event": "step", "step": 183000, "loss": 5.1849, "lr": 0.0016945204214675992, "gnorm": 1.417, "tok_per_s": 202971.1, "load": 14.68212890625}
{"event": "step", "step": 183200, "loss": 5.0816, "lr": 0.0016921581317806884, "gnorm": 1.147, "tok_per_s": 202400.4, "load": 13.03955078125}
{"event": "step", "step": 183400, "loss": 5.0327, "lr": 0.0016897957128743097, "gnorm": 1.655, "tok_per_s": 202544.7, "load": 11.72314453125}
{"event": "step", "step": 183600, "loss": 5.085, "lr": 0.0016874331719895453, "gnorm": 1.486, "tok_per_s": 202444.9, "load": 11.1044921875}
{"event": "step", "step": 183800, "loss": 5.1521, "lr": 0.001685070516367852, "gnorm": 1.715, "tok_per_s": 202361.1, "load": 10.01171875}
{"event": "step", "step": 184000, "loss": 4.9372, "lr": 0.001682707753251038, "gnorm": 1.03, "tok_per_s": 202412.4, "load": 9.6103515625}
{"event": "step", "step": 184200, "loss": 5.2486, "lr": 0.0016803448898812406, "gnorm": 2.191, "tok_per_s": 171987.0, "load": 8.8271484375}
{"event": "step", "step": 184400, "loss": 5.0431, "lr": 0.001677981933500905, "gnorm": 1.009, "tok_per_s": 201877.9, "load": 8.32470703125}
{"event": "step", "step": 184600, "loss": 4.8682, "lr": 0.0016756188913527618, "gnorm": 1.194, "tok_per_s": 202677.4, "load": 11.1220703125}
{"event": "step", "step": 184800, "loss": 5.2981, "lr": 0.0016732557706798025, "gnorm": 1.206, "tok_per_s": 202416.1, "load": 10.55126953125}
{"event": "step", "step": 185000, "loss": 4.9138, "lr": 0.0016708925787252617, "gnorm": 2.762, "tok_per_s": 202579.6, "load": 9.6171875}
eval 185000 {'bpb': 1.6949483929527587, 'nats_per_token': 5.110473491208254, 'tokens': 16379, 'bytes': 71247}
{"event": "step", "step": 185200, "loss": 5.0616, "lr": 0.0016685293227325915, "gnorm": 1.224, "tok_per_s": 201476.4, "load": 9.2470703125}
{"event": "step", "step": 185400, "loss": 5.1624, "lr": 0.0016661660099454398, "gnorm": 0.943, "tok_per_s": 202288.8, "load": 8.60009765625}
{"event": "step", "step": 185600, "loss": 5.1721, "lr": 0.0016638026476076294, "gnorm": 1.104, "tok_per_s": 202558.9, "load": 8.19970703125}
{"event": "step", "step": 185800, "loss": 4.9056, "lr": 0.001661439242963134, "gnorm": 0.924, "tok_per_s": 202670.4, "load": 7.86328125}
{"event": "step", "step": 186000, "loss": 5.1576, "lr": 0.001659075803256059, "gnorm": 1.078, "tok_per_s": 202569.2, "load": 7.26904296875}
{"event": "step", "step": 186200, "loss": 5.0911, "lr": 0.0016567123357306144, "gnorm": 1.612, "tok_per_s": 171952.4, "load": 6.765625}
{"event": "step", "step": 186400, "loss": 4.9879, "lr": 0.001654348847631097, "gnorm": 1.646, "tok_per_s": 202857.1, "load": 6.5439453125}
{"event": "step", "step": 186600, "loss": 5.0861, "lr": 0.001651985346201868, "gnorm": 1.181, "tok_per_s": 202638.8, "load": 6.37353515625}
{"event": "step", "step": 186800, "loss": 5.0789, "lr": 0.0016496218386873264, "gnorm": 0.957, "tok_per_s": 202795.3, "load": 6.0078125}
{"event": "step", "step": 187000, "loss": 5.0258, "lr": 0.0016472583323318927, "gnorm": 1.493, "tok_per_s": 202793.4, "load": 5.8466796875}
{"event": "step", "step": 187200, "loss": 4.9328, "lr": 0.001644894834379982, "gnorm": 1.942, "tok_per_s": 202725.1, "load": 5.5625}
{"event": "step", "step": 187400, "loss": 5.0471, "lr": 0.001642531352075984, "gnorm": 1.453, "tok_per_s": 202827.1, "load": 5.55615234375}
{"event": "step", "step": 187600, "loss": 5.0936, "lr": 0.0016401678926642419, "gnorm": 1.466, "tok_per_s": 202346.1, "load": 5.591796875}
{"event": "step", "step": 187800, "loss": 4.9485, "lr": 0.0016378044633890265, "gnorm": 1.697, "tok_per_s": 202226.8, "load": 5.34619140625}
{"event": "step", "step": 188000, "loss": 4.9906, "lr": 0.001635441071494518, "gnorm": 0.951, "tok_per_s": 202310.0, "load": 5.23828125}
{"event": "step", "step": 188200, "loss": 5.1229, "lr": 0.001633077724224781, "gnorm": 1.197, "tok_per_s": 171088.9, "load": 15.37158203125}
{"event": "step", "step": 188400, "loss": 4.9876, "lr": 0.0016307144288237427, "gnorm": 1.71, "tok_per_s": 202863.4, "load": 13.7705078125}
{"event": "step", "step": 188600, "loss": 5.1192, "lr": 0.001628351192535174, "gnorm": 1.718, "tok_per_s": 202869.7, "load": 12.34814453125}
{"event": "step", "step": 188800, "loss": 4.9889, "lr": 0.0016259880226026618, "gnorm": 1.102, "tok_per_s": 202932.8, "load": 11.67919921875}
{"event": "step", "step": 189000, "loss": 5.1792, "lr": 0.0016236249262695911, "gnorm": 1.061, "tok_per_s": 202652.8, "load": 10.658203125}
{"event": "step", "step": 189200, "loss": 5.1079, "lr": 0.001621261910779121, "gnorm": 1.259, "tok_per_s": 202735.3, "load": 9.63427734375}
{"event": "step", "step": 189400, "loss": 5.0469, "lr": 0.0016188989833741617, "gnorm": 2.193, "tok_per_s": 202875.8, "load": 9.1826171875}
{"event": "step", "step": 189600, "loss": 4.868, "lr": 0.0016165361512973553, "gnorm": 1.04, "tok_per_s": 202692.1, "load": 8.3857421875}
{"event": "step", "step": 189800, "loss": 5.0542, "lr": 0.0016141734217910507, "gnorm": 2.119, "tok_per_s": 202692.0, "load": 8.1943359375}
{"event": "step", "step": 190000, "loss": 4.9904, "lr": 0.0016118108020972825, "gnorm": 1.039, "tok_per_s": 202838.3, "load": 7.54931640625}
eval 190000 {'bpb': 1.6863393172937422, 'nats_per_token': 5.084516091489102, 'tokens': 16379, 'bytes': 71247}
{"event": "step", "step": 190200, "loss": 5.0579, "lr": 0.0016094482994577482, "gnorm": 1.095, "tok_per_s": 171828.4, "load": 7.0029296875}
{"event": "step", "step": 190400, "loss": 5.0237, "lr": 0.001607085921113788, "gnorm": 1.539, "tok_per_s": 202827.8, "load": 6.6943359375}
{"event": "step", "step": 190600, "loss": 5.2204, "lr": 0.0016047236743063598, "gnorm": 1.363, "tok_per_s": 202887.5, "load": 6.478515625}
{"event": "step", "step": 190800, "loss": 5.0413, "lr": 0.0016023615662760183, "gnorm": 1.009, "tok_per_s": 202710.5, "load": 6.17041015625}
{"event": "step", "step": 191000, "loss": 4.9657, "lr": 0.0015999996042628936, "gnorm": 0.919, "tok_per_s": 202789.7, "load": 5.99658203125}
{"event": "step", "step": 191200, "loss": 5.098, "lr": 0.0015976377955066673, "gnorm": 1.228, "tok_per_s": 202895.8, "load": 5.849609375}
{"event": "step", "step": 191400, "loss": 4.9756, "lr": 0.0015952761472465527, "gnorm": 1.023, "tok_per_s": 202510.2, "load": 5.56494140625}
{"event": "step", "step": 191600, "loss": 5.1281, "lr": 0.00159291466672127, "gnorm": 1.32, "tok_per_s": 202908.9, "load": 5.439453125}
{"event": "step", "step": 191800, "loss": 5.2171, "lr": 0.0015905533611690252, "gnorm": 1.098, "tok_per_s": 202754.3, "load": 5.21728515625}
{"event": "step", "step": 192000, "loss": 5.0309, "lr": 0.0015881922378274892, "gnorm": 0.972, "tok_per_s": 202930.3, "load": 5.177734375}
{"event": "step", "step": 192200, "loss": 4.9468, "lr": 0.001585831303933772, "gnorm": 1.362, "tok_per_s": 177325.8, "load": 5.0830078125}
{"event": "step", "step": 192400, "loss": 5.0233, "lr": 0.0015834705667244057, "gnorm": 0.994, "tok_per_s": 202751.8, "load": 5.28466796875}
{"event": "step", "step": 192600, "loss": 5.1991, "lr": 0.001581110033435318, "gnorm": 1.351, "tok_per_s": 202992.0, "load": 5.4013671875}
{"event": "step", "step": 192800, "loss": 5.0188, "lr": 0.0015787497113018112, "gnorm": 2.57, "tok_per_s": 202762.9, "load": 5.44970703125}
{"event": "step", "step": 193000, "loss": 4.9357, "lr": 0.0015763896075585426, "gnorm": 1.579, "tok_per_s": 202696.0, "load": 5.2265625}
{"event": "step", "step": 193200, "loss": 5.0877, "lr": 0.001574029729439497, "gnorm": 1.03, "tok_per_s": 202549.0, "load": 5.2080078125}
{"event": "step", "step": 193400, "loss": 4.9291, "lr": 0.0015716700841779702, "gnorm": 2.805, "tok_per_s": 202741.8, "load": 5.1015625}
{"event": "step", "step": 193600, "loss": 5.0263, "lr": 0.0015693106790065435, "gnorm": 1.583, "tok_per_s": 202609.9, "load": 5.486328125}
{"event": "step", "step": 193800, "loss": 5.0804, "lr": 0.0015669515211570602, "gnorm": 1.635, "tok_per_s": 202521.8, "load": 5.3671875}
{"event": "step", "step": 194000, "loss": 5.088, "lr": 0.0015645926178606095, "gnorm": 1.139, "tok_per_s": 202613.3, "load": 5.15625}
{"event": "step", "step": 194200, "loss": 5.0714, "lr": 0.0015622339763474969, "gnorm": 1.703, "tok_per_s": 172529.3, "load": 5.0517578125}
{"event": "step", "step": 194400, "loss": 5.0799, "lr": 0.0015598756038472275, "gnorm": 1.114, "tok_per_s": 202655.7, "load": 4.8896484375}
{"event": "step", "step": 194600, "loss": 5.082, "lr": 0.0015575175075884812, "gnorm": 0.892, "tok_per_s": 202651.3, "load": 4.97900390625}
{"event": "step", "step": 194800, "loss": 5.0488, "lr": 0.0015551596947990908, "gnorm": 2.554, "tok_per_s": 202718.4, "load": 4.828125}
{"event": "step", "step": 195000, "loss": 4.9279, "lr": 0.0015528021727060216, "gnorm": 0.973, "tok_per_s": 202497.2, "load": 4.76171875}
eval 195000 {'bpb': 1.6862672586027705, 'nats_per_token': 5.0842988258593325, 'tokens': 16379, 'bytes': 71247}
{"event": "step", "step": 195200, "loss": 5.2148, "lr": 0.0015504449485353455, "gnorm": 2.291, "tok_per_s": 201554.3, "load": 4.64453125}
{"event": "step", "step": 195400, "loss": 4.9897, "lr": 0.0015480880295122232, "gnorm": 0.828, "tok_per_s": 202714.8, "load": 4.544921875}
{"event": "step", "step": 195600, "loss": 5.0638, "lr": 0.00154573142286088, "gnorm": 1.12, "tok_per_s": 202785.7, "load": 4.5009765625}
{"event": "step", "step": 195800, "loss": 4.9751, "lr": 0.001543375135804583, "gnorm": 1.68, "tok_per_s": 202485.9, "load": 4.42333984375}
{"event": "step", "step": 196000, "loss": 4.9128, "lr": 0.0015410191755656191, "gnorm": 1.123, "tok_per_s": 202690.0, "load": 4.38916015625}
{"event": "step", "step": 196200, "loss": 5.1316, "lr": 0.001538663549365276, "gnorm": 1.181, "tok_per_s": 172958.7, "load": 4.3291015625}
{"event": "step", "step": 196400, "loss": 5.0186, "lr": 0.001536308264423815, "gnorm": 1.305, "tok_per_s": 202662.2, "load": 4.2783203125}
{"event": "step", "step": 196600, "loss": 5.1015, "lr": 0.0015339533279604522, "gnorm": 1.974, "tok_per_s": 202684.3, "load": 4.4697265625}
{"event": "step", "step": 196800, "loss": 5.0226, "lr": 0.0015315987471933358, "gnorm": 0.943, "tok_per_s": 202854.4, "load": 4.431640625}
{"event": "step", "step": 197000, "loss": 4.9757, "lr": 0.0015292445293395229, "gnorm": 1.443, "tok_per_s": 202597.1, "load": 4.43896484375}
{"event": "step", "step": 197200, "loss": 4.9255, "lr": 0.0015268906816149602, "gnorm": 2.338, "tok_per_s": 202591.7, "load": 4.4453125}
{"event": "step", "step": 197400, "loss": 4.9107, "lr": 0.0015245372112344582, "gnorm": 0.891, "tok_per_s": 202177.6, "load": 4.48974609375}
{"event": "step", "step": 197600, "loss": 5.1628, "lr": 0.0015221841254116704, "gnorm": 1.665, "tok_per_s": 202192.7, "load": 4.93701171875}
{"event": "step", "step": 197800, "loss": 5.1874, "lr": 0.0015198314313590747, "gnorm": 1.493, "tok_per_s": 202661.7, "load": 4.86181640625}
{"event": "step", "step": 198000, "loss": 5.0664, "lr": 0.0015174791362879431, "gnorm": 1.747, "tok_per_s": 202648.5, "load": 4.8095703125}
{"event": "step", "step": 198200, "loss": 5.0495, "lr": 0.0015151272474083289, "gnorm": 1.778, "tok_per_s": 171790.7, "load": 4.6845703125}
{"event": "step", "step": 198400, "loss": 5.0419, "lr": 0.0015127757719290388, "gnorm": 1.081, "tok_per_s": 202733.7, "load": 4.6591796875}
{"event": "step", "step": 198600, "loss": 5.0982, "lr": 0.0015104247170576125, "gnorm": 3.808, "tok_per_s": 202672.6, "load": 4.60595703125}
{"event": "step", "step": 198800, "loss": 5.0566, "lr": 0.0015080740900003007, "gnorm": 1.165, "tok_per_s": 202665.2, "load": 9.3173828125}
{"event": "step", "step": 199000, "loss": 5.2274, "lr": 0.0015057238979620427, "gnorm": 1.138, "tok_per_s": 202735.9, "load": 9.05126953125}
{"event": "step", "step": 199200, "loss": 5.0721, "lr": 0.0015033741481464444, "gnorm": 1.75, "tok_per_s": 202751.6, "load": 8.27392578125}
{"event": "step", "step": 199400, "loss": 5.0792, "lr": 0.001501024847755756, "gnorm": 1.551, "tok_per_s": 202506.7, "load": 7.61669921875}
{"event": "step", "step": 199600, "loss": 5.0431, "lr": 0.0014986760039908498, "gnorm": 1.192, "tok_per_s": 202662.4, "load": 7.32666015625}
{"event": "step", "step": 199800, "loss": 5.1113, "lr": 0.0014963276240512, "gnorm": 1.656, "tok_per_s": 202657.7, "load": 6.81494140625}
{"event": "step", "step": 200000, "loss": 5.1865, "lr": 0.0014939797151348575, "gnorm": 0.875, "tok_per_s": 201836.5, "load": 6.84375}
eval 200000 {'bpb': 1.6972751530555301, 'nats_per_token': 5.117488953080164, 'tokens': 16379, 'bytes': 71247}
{"event": "step", "step": 200200, "loss": 5.0099, "lr": 0.0014916322844384302, "gnorm": 1.863, "tok_per_s": 169864.4, "load": 6.77587890625}
{"event": "step", "step": 200400, "loss": 5.0206, "lr": 0.0014892853391570606, "gnorm": 1.085, "tok_per_s": 202898.6, "load": 6.3486328125}
{"event": "step", "step": 200600, "loss": 4.9451, "lr": 0.001486938886484403, "gnorm": 1.483, "tok_per_s": 202767.0, "load": 5.98681640625}
{"event": "step", "step": 200800, "loss": 5.2301, "lr": 0.0014845929336126011, "gnorm": 2.348, "tok_per_s": 202681.9, "load": 5.98828125}
{"event": "step", "step": 201000, "loss": 5.0883, "lr": 0.0014822474877322672, "gnorm": 2.292, "tok_per_s": 202529.8, "load": 6.0029296875}
{"event": "step", "step": 201200, "loss": 4.8341, "lr": 0.0014799025560324596, "gnorm": 1.696, "tok_per_s": 202141.2, "load": 6.08251953125}
{"event": "step", "step": 201400, "loss": 5.0244, "lr": 0.001477558145700661, "gnorm": 1.259, "tok_per_s": 202775.1, "load": 5.91552734375}
{"event": "step", "step": 201600, "loss": 4.7903, "lr": 0.0014752142639227561, "gnorm": 0.786, "tok_per_s": 202767.0, "load": 5.62060546875}
{"event": "step", "step": 201800, "loss": 5.0436, "lr": 0.0014728709178830081, "gnorm": 0.958, "tok_per_s": 202691.3, "load": 5.49072265625}
{"event": "step", "step": 202000, "loss": 5.0118, "lr": 0.0014705281147640394, "gnorm": 1.613, "tok_per_s": 202665.3, "load": 5.26123046875}
{"event": "step", "step": 202200, "loss": 5.1133, "lr": 0.001468185861746808, "gnorm": 1.34, "tok_per_s": 172367.6, "load": 5.06689453125}
{"event": "step", "step": 202400, "loss": 5.3021, "lr": 0.0014658441660105861, "gnorm": 2.159, "tok_per_s": 202529.9, "load": 4.97607421875}
{"event": "step", "step": 202600, "loss": 4.9002, "lr": 0.0014635030347329373, "gnorm": 0.916, "tok_per_s": 202540.3, "load": 4.8974609375}
{"event": "step", "step": 202800, "loss": 5.0329, "lr": 0.0014611624750896946, "gnorm": 1.551, "tok_per_s": 202643.2, "load": 4.7587890625}
{"event": "step", "step": 203000, "loss": 5.123, "lr": 0.00145882249425494, "gnorm": 1.4, "tok_per_s": 202484.3, "load": 4.69775390625}
{"event": "step", "step": 203200, "loss": 5.1223, "lr": 0.0014564830994009813, "gnorm": 0.808, "tok_per_s": 202776.4, "load": 4.6640625}
{"event": "step", "step": 203400, "loss": 5.1098, "lr": 0.001454144297698329, "gnorm": 1.578, "tok_per_s": 202524.0, "load": 4.5615234375}
{"event": "step", "step": 203600, "loss": 5.0584, "lr": 0.0014518060963156763, "gnorm": 1.126, "tok_per_s": 202534.4, "load": 4.6767578125}
{"event": "step", "step": 203800, "loss": 5.0148, "lr": 0.0014494685024198767, "gnorm": 1.494, "tok_per_s": 202630.2, "load": 4.572265625}
{"event": "step", "step": 204000, "loss": 5.0107, "lr": 0.0014471315231759211, "gnorm": 0.85, "tok_per_s": 202685.3, "load": 4.48388671875}
{"event": "step", "step": 204200, "loss": 4.8539, "lr": 0.0014447951657469166, "gnorm": 0.867, "tok_per_s": 172024.3, "load": 4.4091796875}
{"event": "step", "step": 204400, "loss": 5.0692, "lr": 0.001442459437294065, "gnorm": 1.477, "tok_per_s": 202955.5, "load": 4.3759765625}
{"event": "step", "step": 204600, "loss": 5.0278, "lr": 0.0014401243449766385, "gnorm": 1.753, "tok_per_s": 202836.9, "load": 4.31787109375}
{"event": "step", "step": 204800, "loss": 5.1293, "lr": 0.0014377898959519616, "gnorm": 1.677, "tok_per_s": 202722.7, "load": 4.2919921875}
{"event": "step", "step": 205000, "loss": 4.9615, "lr": 0.001435456097375386, "gnorm": 1.122, "tok_per_s": 202752.8, "load": 4.24658203125}
eval 205000 {'bpb': 1.694985173733551, 'nats_per_token': 5.110584389691068, 'tokens': 16379, 'bytes': 71247}
{"event": "step", "step": 205200, "loss": 4.9758, "lr": 0.001433122956400269, "gnorm": 2.07, "tok_per_s": 201604.7, "load": 4.52880859375}
{"event": "step", "step": 205400, "loss": 4.9038, "lr": 0.0014307904801779537, "gnorm": 1.121, "tok_per_s": 202651.9, "load": 4.486328125}
{"event": "step", "step": 205600, "loss": 5.1398, "lr": 0.0014284586758577442, "gnorm": 2.204, "tok_per_s": 202787.4, "load": 4.4111328125}
{"event": "step", "step": 205800, "loss": 4.8832, "lr": 0.0014261275505868868, "gnorm": 1.228, "tok_per_s": 202667.2, "load": 4.42138671875}
{"event": "step", "step": 206000, "loss": 5.157, "lr": 0.0014237971115105444, "gnorm": 1.002, "tok_per_s": 202641.7, "load": 4.38720703125}
{"event": "step", "step": 206200, "loss": 5.201, "lr": 0.001421467365771779, "gnorm": 1.259, "tok_per_s": 172452.3, "load": 4.40771484375}
{"event": "step", "step": 206400, "loss": 5.0091, "lr": 0.0014191383205115265, "gnorm": 1.619, "tok_per_s": 202834.8, "load": 4.42529296875}
{"event": "step", "step": 206600, "loss": 4.9933, "lr": 0.0014168099828685736, "gnorm": 1.556, "tok_per_s": 202789.7, "load": 4.39111328125}
{"event": "step", "step": 206800, "loss": 4.9192, "lr": 0.0014144823599795415, "gnorm": 2.709, "tok_per_s": 202808.3, "load": 4.33056640625}
{"event": "step", "step": 207000, "loss": 4.8636, "lr": 0.0014121554589788584, "gnorm": 1.485, "tok_per_s": 202563.0, "load": 4.50732421875}
{"event": "step", "step": 207200, "loss": 4.9745, "lr": 0.0014098292869987408, "gnorm": 1.495, "tok_per_s": 202459.4, "load": 4.46630859375}
{"event": "step", "step": 207400, "loss": 5.0271, "lr": 0.0014075038511691701, "gnorm": 1.441, "tok_per_s": 202604.8, "load": 4.474609375}
{"event": "step", "step": 207600, "loss": 5.133, "lr": 0.0014051791586178718, "gnorm": 1.383, "tok_per_s": 202493.2, "load": 4.4365234375}
{"event": "step", "step": 207800, "loss": 4.9647, "lr": 0.0014028552164702935, "gnorm": 1.803, "tok_per_s": 202471.8, "load": 4.369140625}
{"event": "step", "step": 208000, "loss": 5.0348, "lr": 0.0014005320318495808, "gnorm": 1.053, "tok_per_s": 202755.0, "load": 4.31201171875}
{"event": "step", "step": 208200, "loss": 5.0208, "lr": 0.0013982096118765588, "gnorm": 1.907, "tok_per_s": 172659.0, "load": 4.4111328125}
{"event": "step", "step": 208400, "loss": 5.0442, "lr": 0.0013958879636697104, "gnorm": 1.289, "tok_per_s": 202632.6, "load": 4.45849609375}
{"event": "step", "step": 208600, "loss": 4.8972, "lr": 0.0013935670943451503, "gnorm": 0.888, "tok_per_s": 202749.0, "load": 4.4677734375}
{"event": "step", "step": 208800, "loss": 4.9226, "lr": 0.0013912470110166062, "gnorm": 1.163, "tok_per_s": 202751.4, "load": 4.43017578125}
{"event": "step", "step": 209000, "loss": 5.1251, "lr": 0.0013889277207953987, "gnorm": 1.78, "tok_per_s": 202718.6, "load": 4.4375}
{"event": "step", "step": 209200, "loss": 5.1777, "lr": 0.0013866092307904159, "gnorm": 1.679, "tok_per_s": 202753.6, "load": 4.61083984375}
{"event": "step", "step": 209400, "loss": 5.0605, "lr": 0.0013842915481080927, "gnorm": 0.877, "tok_per_s": 202758.7, "load": 4.5615234375}
{"event": "step", "step": 209600, "loss": 5.0568, "lr": 0.00138197467985239, "gnorm": 1.252, "tok_per_s": 202696.4, "load": 4.474609375}
{"event": "step", "step": 209800, "loss": 4.9811, "lr": 0.001379658633124773, "gnorm": 1.213, "tok_per_s": 202742.4, "load": 4.4755859375}
{"event": "step", "step": 210000, "loss": 4.9811, "lr": 0.0013773434150241878, "gnorm": 1.341, "tok_per_s": 202661.7, "load": 4.4375}
eval 210000 {'bpb': 1.6985800402398996, 'nats_per_token': 5.121423345060749, 'tokens': 16379, 'bytes': 71247}
{"event": "step", "step": 210200, "loss": 5.0177, "lr": 0.001375029032647042, "gnorm": 1.337, "tok_per_s": 171730.2, "load": 4.3701171875}
{"event": "step", "step": 210400, "loss": 5.0426, "lr": 0.0013727154930871796, "gnorm": 1.148, "tok_per_s": 202894.6, "load": 4.4736328125}
{"event": "step", "step": 210600, "loss": 5.0454, "lr": 0.001370402803435864, "gnorm": 1.048, "tok_per_s": 201943.6, "load": 4.67626953125}
{"event": "step", "step": 210800, "loss": 5.1812, "lr": 0.0013680909707817505, "gnorm": 1.687, "tok_per_s": 202661.8, "load": 4.7197265625}
{"event": "step", "step": 211000, "loss": 4.8858, "lr": 0.0013657800022108695, "gnorm": 0.93, "tok_per_s": 202658.0, "load": 4.6083984375}
{"event": "step", "step": 211200, "loss": 4.9938, "lr": 0.0013634699048066027, "gnorm": 0.867, "tok_per_s": 202607.4, "load": 4.64013671875}
{"event": "step", "step": 211400, "loss": 5.0611, "lr": 0.0013611606856496607, "gnorm": 1.442, "tok_per_s": 202501.0, "load": 4.6220703125}
{"event": "step", "step": 211600, "loss": 5.0558, "lr": 0.0013588523518180639, "gnorm": 0.883, "tok_per_s": 202496.6, "load": 4.57177734375}
{"event": "step", "step": 211800, "loss": 4.8922, "lr": 0.0013565449103871178, "gnorm": 1.436, "tok_per_s": 202574.5, "load": 4.5576171875}
{"event": "step", "step": 212000, "loss": 4.9214, "lr": 0.001354238368429392, "gnorm": 1.374, "tok_per_s": 202517.3, "load": 4.47119140625}
{"event": "step", "step": 212200, "loss": 5.0982, "lr": 0.0013519327330147005, "gnorm": 1.033, "tok_per_s": 172212.4, "load": 4.39794921875}
{"event": "step", "step": 212400, "loss": 4.9888, "lr": 0.0013496280112100774, "gnorm": 1.246, "tok_per_s": 202392.7, "load": 4.36572265625}
{"event": "step", "step": 212600, "loss": 4.959, "lr": 0.0013473242100797578, "gnorm": 1.313, "tok_per_s": 202210.1, "load": 4.611328125}
{"event": "step", "step": 212800, "loss": 5.149, "lr": 0.0013450213366851538, "gnorm": 1.165, "tok_per_s": 202556.9, "load": 4.56201171875}
{"event": "step", "step": 213000, "loss": 5.0213, "lr": 0.0013427193980848344, "gnorm": 1.327, "tok_per_s": 202547.0, "load": 4.6357421875}
{"event": "step", "step": 213200, "loss": 5.0008, "lr": 0.001340418401334503, "gnorm": 1.345, "tok_per_s": 202477.6, "load": 4.53759765625}
{"event": "step", "step": 213400, "loss": 4.9938, "lr": 0.001338118353486977, "gnorm": 1.452, "tok_per_s": 202471.8, "load": 4.494140625}
{"event": "step", "step": 213600, "loss": 5.047, "lr": 0.001335819261592164, "gnorm": 1.309, "tok_per_s": 202471.4, "load": 8.90234375}
{"event": "step", "step": 213800, "loss": 5.2203, "lr": 0.0013335211326970418, "gnorm": 1.542, "tok_per_s": 202306.6, "load": 8.1484375}
{"event": "step", "step": 214000, "loss": 5.0046, "lr": 0.001331223973845637, "gnorm": 0.926, "tok_per_s": 201908.3, "load": 7.97607421875}
{"event": "step", "step": 214200, "loss": 5.1523, "lr": 0.001328927792079003, "gnorm": 1.272, "tok_per_s": 170706.2, "load": 12.89599609375}
{"event": "step", "step": 214400, "loss": 5.0238, "lr": 0.001326632594435198, "gnorm": 1.204, "tok_per_s": 202559.5, "load": 12.08837890625}
{"event": "step", "step": 214600, "loss": 5.0092, "lr": 0.0013243383879492639, "gnorm": 1.079, "tok_per_s": 202449.1, "load": 11.5205078125}
{"event": "step", "step": 214800, "loss": 4.9679, "lr": 0.0013220451796532042, "gnorm": 1.246, "tok_per_s": 202763.6, "load": 10.36376953125}
{"event": "step", "step": 215000, "loss": 4.8754, "lr": 0.0013197529765759627, "gnorm": 1.436, "tok_per_s": 202547.6, "load": 9.46484375}
eval 215000 {'bpb': 1.6898030385644913, 'nats_per_token': 5.094959628182429, 'tokens': 16379, 'bytes': 71247}
{"event": "step", "step": 215200, "loss": 5.1845, "lr": 0.001317461785743403, "gnorm": 2.386, "tok_per_s": 201261.2, "load": 9.10693359375}
{"event": "step", "step": 215400, "loss": 4.8839, "lr": 0.0013151716141782859, "gnorm": 1.081, "tok_per_s": 202659.9, "load": 8.3212890625}
{"event": "step", "step": 215600, "loss": 4.9696, "lr": 0.001312882468900247, "gnorm": 1.498, "tok_per_s": 202554.2, "load": 8.0576171875}
{"event": "step", "step": 215800, "loss": 5.0816, "lr": 0.001310594356925777, "gnorm": 1.111, "tok_per_s": 202434.5, "load": 7.732421875}
{"event": "step", "step": 216000, "loss": 5.0149, "lr": 0.0013083072852681998, "gnorm": 2.699, "tok_per_s": 202553.3, "load": 7.23779296875}
{"event": "step", "step": 216200, "loss": 5.1168, "lr": 0.0013060212609376503, "gnorm": 1.345, "tok_per_s": 172054.2, "load": 6.73974609375}
{"event": "step", "step": 216400, "loss": 4.8119, "lr": 0.0013037362909410516, "gnorm": 2.057, "tok_per_s": 202606.4, "load": 6.52001953125}
{"event": "step", "step": 216600, "loss": 5.1793, "lr": 0.001301452382282098, "gnorm": 1.216, "tok_per_s": 202651.3, "load": 6.43359375}
{"event": "step", "step": 216800, "loss": 5.055, "lr": 0.0012991695419612285, "gnorm": 1.236, "tok_per_s": 202683.1, "load": 6.13232421875}
{"event": "step", "step": 217000, "loss": 5.0766, "lr": 0.0012968877769756085, "gnorm": 1.454, "tok_per_s": 202495.6, "load": 5.96142578125}
{"event": "step", "step": 217200, "loss": 5.0479, "lr": 0.0012946070943191076, "gnorm": 1.383, "tok_per_s": 202578.3, "load": 5.73974609375}
{"event": "step", "step": 217400, "loss": 4.9929, "lr": 0.0012923275009822763, "gnorm": 1.055, "tok_per_s": 202541.8, "load": 9.8447265625}
{"event": "step", "step": 217600, "loss": 4.9285, "lr": 0.0012900490039523288, "gnorm": 1.357, "tok_per_s": 202379.9, "load": 8.94580078125}
{"event": "step", "step": 217800, "loss": 4.9705, "lr": 0.0012877716102131173, "gnorm": 2.634, "tok_per_s": 202569.5, "load": 8.1845703125}
{"event": "step", "step": 218000, "loss": 4.9935, "lr": 0.0012854953267451119, "gnorm": 1.878, "tok_per_s": 202419.4, "load": 7.84912109375}
{"event": "step", "step": 218200, "loss": 5.2721, "lr": 0.0012832201605253808, "gnorm": 2.851, "tok_per_s": 172151.2, "load": 7.2568359375}
{"event": "step", "step": 218400, "loss": 5.0958, "lr": 0.0012809461185275667, "gnorm": 1.059, "tok_per_s": 202670.2, "load": 6.75537109375}
{"event": "step", "step": 218600, "loss": 4.7959, "lr": 0.0012786732077218676, "gnorm": 1.804, "tok_per_s": 202856.0, "load": 6.61474609375}
{"event": "step", "step": 218800, "loss": 5.0087, "lr": 0.0012764014350750133, "gnorm": 1.201, "tok_per_s": 202704.5, "load": 6.37255859375}
{"event": "step", "step": 219000, "loss": 4.964, "lr": 0.001274130807550245, "gnorm": 1.853, "tok_per_s": 202525.8, "load": 6.154296875}
{"event": "step", "step": 219200, "loss": 5.1338, "lr": 0.0012718613321072954, "gnorm": 1.286, "tok_per_s": 202343.6, "load": 5.9814453125}
{"event": "step", "step": 219400, "loss": 5.1057, "lr": 0.001269593015702363, "gnorm": 3.773, "tok_per_s": 203096.3, "load": 5.6767578125}
{"event": "step", "step": 219600, "loss": 5.282, "lr": 0.001267325865288097, "gnorm": 1.689, "tok_per_s": 203763.2, "load": 5.4990234375}
{"event": "step", "step": 219800, "loss": 4.8082, "lr": 0.001265059887813571, "gnorm": 1.089, "tok_per_s": 203697.5, "load": 5.458984375}
{"event": "step", "step": 220000, "loss": 5.3232, "lr": 0.0012627950902242625, "gnorm": 3.038, "tok_per_s": 203230.9, "load": 5.23388671875}
eval 220000 {'bpb': 1.7047792233217087, 'nats_per_token': 5.140114628487698, 'tokens': 16379, 'bytes': 71247}
{"event": "step", "step": 220200, "loss": 4.909, "lr": 0.0012605314794620352, "gnorm": 1.952, "tok_per_s": 172220.2, "load": 5.04345703125}
{"event": "step", "step": 220400, "loss": 4.9131, "lr": 0.0012582690624651127, "gnorm": 1.292, "tok_per_s": 202600.0, "load": 4.95947265625}
{"event": "step", "step": 220600, "loss": 4.8997, "lr": 0.001256007846168061, "gnorm": 1.931, "tok_per_s": 202688.4, "load": 5.12646484375}
{"event": "step", "step": 220800, "loss": 5.085, "lr": 0.001253747837501764, "gnorm": 2.198, "tok_per_s": 202549.3, "load": 4.953125}
{"event": "step", "step": 221000, "loss": 5.1142, "lr": 0.001251489043393406, "gnorm": 1.272, "tok_per_s": 202437.8, "load": 4.87646484375}
{"event": "step", "step": 221200, "loss": 5.1843, "lr": 0.001249231470766448, "gnorm": 2.451, "tok_per_s": 202513.4, "load": 4.7412109375}
{"event": "step", "step": 221400, "loss": 5.053, "lr": 0.0012469751265406063, "gnorm": 1.698, "tok_per_s": 202492.9, "load": 4.681640625}
{"event": "step", "step": 221600, "loss": 5.2149, "lr": 0.001244720017631833, "gnorm": 1.089, "tok_per_s": 202415.9, "load": 4.57666015625}
{"event": "step", "step": 221800, "loss": 4.9769, "lr": 0.0012424661509522932, "gnorm": 1.45, "tok_per_s": 202512.4, "load": 4.48779296875}
{"event": "step", "step": 222000, "loss": 4.9676, "lr": 0.0012402135334103454, "gnorm": 2.631, "tok_per_s": 202440.2, "load": 4.44873046875}
{"event": "step", "step": 222200, "loss": 4.9803, "lr": 0.0012379621719105166, "gnorm": 1.263, "tok_per_s": 172278.6, "load": 4.37939453125}
{"event": "step", "step": 222400, "loss": 4.9689, "lr": 0.0012357120733534875, "gnorm": 2.945, "tok_per_s": 202739.6, "load": 4.3203125}
{"event": "step", "step": 222600, "loss": 5.0083, "lr": 0.001233463244636065, "gnorm": 2.356, "tok_per_s": 202546.0, "load": 4.2705078125}
{"event": "step", "step": 222800, "loss": 5.0124, "lr": 0.0012312156926511655, "gnorm": 2.032, "tok_per_s": 202609.1, "load": 4.24853515625}
{"event": "step", "step": 223000, "loss": 5.1349, "lr": 0.0012289694242877914, "gnorm": 1.684, "tok_per_s": 202498.7, "load": 4.2099609375}
{"event": "step", "step": 223200, "loss": 4.9418, "lr": 0.00122672444643101, "gnorm": 2.033, "tok_per_s": 202689.0, "load": 4.2734375}
{"event": "step", "step": 223400, "loss": 5.0381, "lr": 0.0012244807659619354, "gnorm": 1.611, "tok_per_s": 202445.3, "load": 4.30517578125}
{"event": "step", "step": 223600, "loss": 4.8935, "lr": 0.001222238389757701, "gnorm": 2.147, "tok_per_s": 201582.3, "load": 4.6396484375}
{"event": "step", "step": 223800, "loss": 5.103, "lr": 0.001219997324691447, "gnorm": 1.877, "tok_per_s": 202621.0, "load": 4.58837890625}
{"event": "step", "step": 224000, "loss": 5.0216, "lr": 0.001217757577632291, "gnorm": 1.524, "tok_per_s": 202437.5, "load": 4.57177734375}
{"event": "step", "step": 224200, "loss": 4.9256, "lr": 0.0012155191554453133, "gnorm": 1.547, "tok_per_s": 172369.2, "load": 4.5576171875}
{"event": "step", "step": 224400, "loss": 5.0388, "lr": 0.0012132820649915325, "gnorm": 2.318, "tok_per_s": 202551.6, "load": 4.5126953125}
{"event": "step", "step": 224600, "loss": 5.0839, "lr": 0.0012110463131278855, "gnorm": 2.203, "tok_per_s": 202602.2, "load": 4.43310546875}
{"event": "step", "step": 224800, "loss": 5.0472, "lr": 0.0012088119067072054, "gnorm": 1.721, "tok_per_s": 202696.9, "load": 4.4462890625}
{"event": "step", "step": 225000, "loss": 5.0821, "lr": 0.0012065788525782023, "gnorm": 1.107, "tok_per_s": 201805.7, "load": 4.57080078125}
eval 225000 {'bpb': 1.6810031774360743, 'nats_per_token': 5.068426987300812, 'tokens': 16379, 'bytes': 71247}
{"event": "step", "step": 225200, "loss": 4.7942, "lr": 0.0012043471575854403, "gnorm": 1.804, "tok_per_s": 201447.5, "load": 4.556640625}
{"event": "step", "step": 225400, "loss": 4.9035, "lr": 0.0012021168285693193, "gnorm": 1.367, "tok_per_s": 202637.2, "load": 4.55126953125}
{"event": "step", "step": 225600, "loss": 5.1131, "lr": 0.001199887872366051, "gnorm": 2.334, "tok_per_s": 202727.9, "load": 4.5068359375}
{"event": "step", "step": 225800, "loss": 5.024, "lr": 0.0011976602958076394, "gnorm": 1.726, "tok_per_s": 202624.0, "load": 4.50244140625}
{"event": "step", "step": 226000, "loss": 5.1537, "lr": 0.0011954341057218603, "gnorm": 2.772, "tok_per_s": 202612.3, "load": 4.4619140625}
{"event": "step", "step": 226200, "loss": 5.264, "lr": 0.0011932093089322398, "gnorm": 1.386, "tok_per_s": 172483.4, "load": 4.390625}
{"event": "step", "step": 226400, "loss": 4.9383, "lr": 0.0011909859122580324, "gnorm": 1.07, "tok_per_s": 202704.7, "load": 4.70556640625}
{"event": "step", "step": 226600, "loss": 5.137, "lr": 0.0011887639225142022, "gnorm": 2.002, "tok_per_s": 202836.1, "load": 4.5966796875}
{"event": "step", "step": 226800, "loss": 5.1438, "lr": 0.0011865433465113994, "gnorm": 1.306, "tok_per_s": 202350.0, "load": 4.62939453125}
{"event": "step", "step": 227000, "loss": 4.8652, "lr": 0.0011843241910559435, "gnorm": 1.343, "tok_per_s": 202048.0, "load": 9.80517578125}
{"event": "step", "step": 227200, "loss": 4.9496, "lr": 0.0011821064629497977, "gnorm": 1.797, "tok_per_s": 202534.2, "load": 9.419921875}
{"event": "step", "step": 227400, "loss": 5.0805, "lr": 0.0011798901689905506, "gnorm": 1.55, "tok_per_s": 202522.8, "load": 8.58642578125}
{"event": "step", "step": 227600, "loss": 4.7811, "lr": 0.0011776753159713957, "gnorm": 1.505, "tok_per_s": 202412.5, "load": 7.880859375}
{"event": "step", "step": 227800, "loss": 5.0326, "lr": 0.0011754619106811085, "gnorm": 2.271, "tok_per_s": 202520.5, "load": 7.56982421875}
{"event": "step", "step": 228000, "loss": 5.0598, "lr": 0.0011732499599040286, "gnorm": 1.268, "tok_per_s": 202444.3, "load": 7.1005859375}
{"event": "step", "step": 228200, "loss": 4.9225, "lr": 0.0011710394704200367, "gnorm": 1.633, "tok_per_s": 172652.1, "load": 6.62353515625}
{"event": "step", "step": 228400, "loss": 4.9515, "lr": 0.001168830449004534, "gnorm": 1.291, "tok_per_s": 202721.0, "load": 6.4931640625}
{"event": "step", "step": 228600, "loss": 5.0763, "lr": 0.0011666229024284228, "gnorm": 2.22, "tok_per_s": 202460.9, "load": 6.109375}
{"event": "step", "step": 228800, "loss": 5.2118, "lr": 0.0011644168374580841, "gnorm": 2.168, "tok_per_s": 202475.9, "load": 5.78466796875}
{"event": "step", "step": 229000, "loss": 4.8144, "lr": 0.0011622122608553583, "gnorm": 2.494, "tok_per_s": 201717.2, "load": 5.80224609375}
{"event": "step", "step": 229200, "loss": 5.0241, "lr": 0.0011600091793775233, "gnorm": 1.882, "tok_per_s": 202398.7, "load": 5.5986328125}
{"event": "step", "step": 229400, "loss": 5.0375, "lr": 0.0011578075997772735, "gnorm": 1.135, "tok_per_s": 202505.5, "load": 9.4169921875}
{"event": "step", "step": 229600, "loss": 4.9727, "lr": 0.0011556075288027018, "gnorm": 1.019, "tok_per_s": 202562.2, "load": 8.98291015625}
{"event": "step", "step": 229800, "loss": 4.8969, "lr": 0.0011534089731972755, "gnorm": 1.499, "tok_per_s": 202329.7, "load": 8.2900390625}
{"event": "step", "step": 230000, "loss": 5.0867, "lr": 0.0011512119396998176, "gnorm": 1.421, "tok_per_s": 202328.3, "load": 8.0263671875}
eval 230000 {'bpb': 1.6837244806239906, 'nats_per_token': 5.076632044080835, 'tokens': 16379, 'bytes': 71247}
{"event": "step", "step": 230200, "loss": 5.0589, "lr": 0.0011490164350444851, "gnorm": 1.298, "tok_per_s": 171168.2, "load": 7.48681640625}
{"event": "step", "step": 230400, "loss": 5.0781, "lr": 0.0011468224659607507, "gnorm": 2.01, "tok_per_s": 202622.9, "load": 6.9501953125}
{"event": "step", "step": 230600, "loss": 5.0183, "lr": 0.0011446300391733779, "gnorm": 1.106, "tok_per_s": 202559.0, "load": 6.49609375}
{"event": "step", "step": 230800, "loss": 5.0445, "lr": 0.001142439161402405, "gnorm": 1.75, "tok_per_s": 202515.7, "load": 6.2958984375}
{"event": "step", "step": 231000, "loss": 5.152, "lr": 0.0011402498393631205, "gnorm": 1.394, "tok_per_s": 202517.6, "load": 6.01611328125}
{"event": "step", "step": 231200, "loss": 5.0585, "lr": 0.001138062079766046, "gnorm": 0.955, "tok_per_s": 202654.1, "load": 5.70556640625}
{"event": "step", "step": 231400, "loss": 4.9351, "lr": 0.0011358758893169141, "gnorm": 1.393, "tok_per_s": 202427.6, "load": 5.64892578125}
{"event": "step", "step": 231600, "loss": 4.9859, "lr": 0.001133691274716646, "gnorm": 1.23, "tok_per_s": 202430.2, "load": 9.37353515625}
{"event": "step", "step": 231800, "loss": 4.9335, "lr": 0.0011315082426613342, "gnorm": 1.23, "tok_per_s": 202501.3, "load": 9.02294921875}
{"event": "step", "step": 232000, "loss": 4.9089, "lr": 0.0011293267998422213, "gnorm": 1.428, "tok_per_s": 202356.9, "load": 8.25048828125}
{"event": "step", "step": 232200, "loss": 5.2268, "lr": 0.001127146952945676, "gnorm": 1.948, "tok_per_s": 171884.9, "load": 7.59619140625}
{"event": "step", "step": 232400, "loss": 4.9364, "lr": 0.0011249687086531774, "gnorm": 2.173, "tok_per_s": 202577.2, "load": 7.04296875}
{"event": "step", "step": 232600, "loss": 4.9931, "lr": 0.0011227920736412926, "gnorm": 1.778, "tok_per_s": 202478.5, "load": 6.798828125}
{"event": "step", "step": 232800, "loss": 5.0913, "lr": 0.0011206170545816545, "gnorm": 1.478, "tok_per_s": 202495.1, "load": 6.36767578125}
{"event": "step", "step": 233000, "loss": 5.1057, "lr": 0.0011184436581409445, "gnorm": 1.752, "tok_per_s": 202564.2, "load": 6.177734375}
{"event": "step", "step": 233200, "loss": 4.9396, "lr": 0.0011162718909808697, "gnorm": 1.594, "tok_per_s": 202453.1, "load": 5.84228515625}
{"event": "step", "step": 233400, "loss": 5.0451, "lr": 0.0011141017597581437, "gnorm": 1.532, "tok_per_s": 202438.9, "load": 5.55859375}
{"event": "step", "step": 233600, "loss": 5.0157, "lr": 0.0011119332711244654, "gnorm": 1.169, "tok_per_s": 202517.0, "load": 5.513671875}
{"event": "step", "step": 233800, "loss": 5.0212, "lr": 0.0011097664317264982, "gnorm": 1.186, "tok_per_s": 202487.4, "load": 5.2802734375}
{"event": "step", "step": 234000, "loss": 4.9698, "lr": 0.0011076012482058523, "gnorm": 1.648, "tok_per_s": 202411.2, "load": 5.0830078125}
{"event": "step", "step": 234200, "loss": 4.9015, "lr": 0.0011054377271990606, "gnorm": 1.439, "tok_per_s": 172368.5, "load": 4.99609375}
{"event": "step", "step": 234400, "loss": 5.2965, "lr": 0.0011032758753375617, "gnorm": 3.15, "tok_per_s": 202670.4, "load": 4.91650390625}
{"event": "step", "step": 234600, "loss": 4.9915, "lr": 0.0011011156992476773, "gnorm": 1.16, "tok_per_s": 202629.6, "load": 4.85546875}
{"event": "step", "step": 234800, "loss": 5.0037, "lr": 0.0010989572055505928, "gnorm": 1.647, "tok_per_s": 202708.8, "load": 4.78662109375}
{"event": "step", "step": 235000, "loss": 4.7935, "lr": 0.0010968004008623362, "gnorm": 1.018, "tok_per_s": 202425.3, "load": 4.6650390625}
eval 235000 {'bpb': 1.6880567820106132, 'nats_per_token': 5.089694454408083, 'tokens': 16379, 'bytes': 71247}
{"event": "step", "step": 235200, "loss": 5.0988, "lr": 0.0010946452917937597, "gnorm": 1.756, "tok_per_s": 201239.6, "load": 4.56201171875}
{"event": "step", "step": 235400, "loss": 5.2072, "lr": 0.0010924918849505173, "gnorm": 1.144, "tok_per_s": 202393.0, "load": 4.5166015625}
{"event": "step", "step": 235600, "loss": 5.0883, "lr": 0.0010903401869330465, "gnorm": 2.621, "tok_per_s": 202278.4, "load": 4.88623046875}
{"event": "step", "step": 235800, "loss": 5.254, "lr": 0.0010881902043365457, "gnorm": 1.787, "tok_per_s": 202433.2, "load": 5.1357421875}
{"event": "step", "step": 236000, "loss": 4.9515, "lr": 0.0010860419437509568, "gnorm": 1.635, "tok_per_s": 202475.6, "load": 9.45458984375}
{"event": "step", "step": 236200, "loss": 5.0646, "lr": 0.0010838954117609418, "gnorm": 1.392, "tok_per_s": 173014.0, "load": 8.61572265625}
{"event": "step", "step": 236400, "loss": 4.9871, "lr": 0.0010817506149458664, "gnorm": 2.504, "tok_per_s": 202560.1, "load": 7.98583984375}
{"event": "step", "step": 236600, "loss": 5.041, "lr": 0.0010796075598797762, "gnorm": 1.299, "tok_per_s": 202080.1, "load": 7.90673828125}
{"event": "step", "step": 236800, "loss": 5.1371, "lr": 0.0010774662531313783, "gnorm": 1.474, "tok_per_s": 202849.1, "load": 7.37939453125}
{"event": "step", "step": 237000, "loss": 5.105, "lr": 0.001075326701264022, "gnorm": 1.597, "tok_per_s": 202725.7, "load": 7.1083984375}
{"event": "step", "step": 237200, "loss": 5.1974, "lr": 0.0010731889108356774, "gnorm": 2.195, "tok_per_s": 202570.8, "load": 6.63037109375}
{"event": "step", "step": 237400, "loss": 4.8941, "lr": 0.0010710528883989138, "gnorm": 1.89, "tok_per_s": 202392.4, "load": 6.3056640625}
{"event": "step", "step": 237600, "loss": 4.9767, "lr": 0.0010689186405008846, "gnorm": 1.438, "tok_per_s": 201836.2, "load": 6.28076171875}
{"event": "step", "step": 237800, "loss": 5.0258, "lr": 0.0010667861736833012, "gnorm": 1.756, "tok_per_s": 202533.9, "load": 6.0029296875}
{"event": "step", "step": 238000, "loss": 5.1303, "lr": 0.0010646554944824173, "gnorm": 1.618, "tok_per_s": 202358.2, "load": 5.6943359375}
{"event": "step", "step": 238200, "loss": 5.0628, "lr": 0.001062526609429007, "gnorm": 3.403, "tok_per_s": 171882.8, "load": 9.83837890625}
{"event": "step", "step": 238400, "loss": 5.2031, "lr": 0.001060399525048344, "gnorm": 1.805, "tok_per_s": 202553.3, "load": 9.37060546875}
{"event": "step", "step": 238600, "loss": 4.9729, "lr": 0.001058274247860186, "gnorm": 1.182, "tok_per_s": 202470.1, "load": 8.62451171875}
{"event": "step", "step": 238800, "loss": 4.883, "lr": 0.0010561507843787476, "gnorm": 1.835, "tok_per_s": 202595.0, "load": 8.25390625}
{"event": "step", "step": 239000, "loss": 4.8993, "lr": 0.001054029141112687, "gnorm": 1.533, "tok_per_s": 202469.8, "load": 7.599609375}
{"event": "step", "step": 239200, "loss": 5.2361, "lr": 0.0010519093245650807, "gnorm": 4.194, "tok_per_s": 202388.0, "load": 7.28564453125}
{"event": "step", "step": 239400, "loss": 4.9993, "lr": 0.0010497913412334076, "gnorm": 1.586, "tok_per_s": 202506.4, "load": 7.1826171875}
{"event": "step", "step": 239600, "loss": 5.1308, "lr": 0.0010476751976095286, "gnorm": 2.504, "tok_per_s": 202455.7, "load": 6.69287109375}
{"event": "step", "step": 239800, "loss": 4.9948, "lr": 0.001045560900179664, "gnorm": 1.397, "tok_per_s": 201756.9, "load": 6.66015625}
{"event": "step", "step": 240000, "loss": 4.8339, "lr": 0.0010434484554243757, "gnorm": 1.013, "tok_per_s": 202239.5, "load": 6.60693359375}
eval 240000 {'bpb': 1.6825716997653495, 'nats_per_token': 5.07315627098724, 'tokens': 16379, 'bytes': 71247}
{"event": "step", "step": 240200, "loss": 5.2338, "lr": 0.0010413378698185473, "gnorm": 2.305, "tok_per_s": 171591.7, "load": 6.50732421875}
{"event": "step", "step": 240400, "loss": 5.0158, "lr": 0.0010392291498313633, "gnorm": 1.528, "tok_per_s": 202490.0, "load": 6.19482421875}
{"event": "step", "step": 240600, "loss": 5.0469, "lr": 0.0010371223019262912, "gnorm": 1.782, "tok_per_s": 202311.9, "load": 7.380859375}
{"event": "step", "step": 240800, "loss": 5.1728, "lr": 0.0010350173325610582, "gnorm": 1.744, "tok_per_s": 202380.3, "load": 6.93408203125}
{"event": "step", "step": 241000, "loss": 5.1643, "lr": 0.0010329142481876356, "gnorm": 2.009, "tok_per_s": 202528.9, "load": 6.482421875}
{"event": "step", "step": 241200, "loss": 5.0157, "lr": 0.0010308130552522158, "gnorm": 1.031, "tok_per_s": 202348.5, "load": 6.60400390625}
{"event": "step", "step": 241400, "loss": 5.0992, "lr": 0.0010287137601951942, "gnorm": 1.498, "tok_per_s": 202346.4, "load": 6.283203125}
{"event": "step", "step": 241600, "loss": 5.0785, "lr": 0.0010266163694511484, "gnorm": 1.168, "tok_per_s": 202572.7, "load": 6.26025390625}
{"event": "step", "step": 241800, "loss": 4.9044, "lr": 0.001024520889448821, "gnorm": 1.808, "tok_per_s": 203120.1, "load": 6.07275390625}
{"event": "step", "step": 242000, "loss": 4.8867, "lr": 0.0010224273266110952, "gnorm": 1.372, "tok_per_s": 202306.4, "load": 5.75390625}
{"event": "step", "step": 242200, "loss": 5.1022, "lr": 0.0010203356873549796, "gnorm": 1.719, "tok_per_s": 172251.3, "load": 5.48388671875}
{"event": "step", "step": 242400, "loss": 4.9776, "lr": 0.0010182459780915861, "gnorm": 1.786, "tok_per_s": 202581.2, "load": 5.36474609375}
{"event": "step", "step": 242600, "loss": 4.9479, "lr": 0.0010161582052261107, "gnorm": 2.208, "tok_per_s": 202572.8, "load": 5.15478515625}
{"event": "step", "step": 242800, "loss": 5.0737, "lr": 0.0010140723751578162, "gnorm": 1.82, "tok_per_s": 202540.0, "load": 5.06201171875}
{"event": "step", "step": 243000, "loss": 4.9571, "lr": 0.0010119884942800077, "gnorm": 1.301, "tok_per_s": 202466.9, "load": 4.9716796875}
{"event": "step", "step": 243200, "loss": 4.8921, "lr": 0.001009906568980018, "gnorm": 1.464, "tok_per_s": 202582.4, "load": 4.82177734375}
{"event": "step", "step": 243400, "loss": 5.1568, "lr": 0.0010078266056391845, "gnorm": 1.406, "tok_per_s": 201881.5, "load": 4.83642578125}
{"event": "step", "step": 243600, "loss": 4.9162, "lr": 0.0010057486106328302, "gnorm": 1.842, "tok_per_s": 202345.4, "load": 4.935546875}
{"event": "step", "step": 243800, "loss": 4.9904, "lr": 0.0010036725903302477, "gnorm": 1.763, "tok_per_s": 202368.5, "load": 4.791015625}
{"event": "step", "step": 244000, "loss": 4.7134, "lr": 0.001001598551094675, "gnorm": 1.711, "tok_per_s": 202491.6, "load": 4.7275390625}
{"event": "step", "step": 244200, "loss": 5.0072, "lr": 0.0009995264992832778, "gnorm": 1.303, "tok_per_s": 173741.1, "load": 4.615234375}
{"event": "step", "step": 244400, "loss": 5.0223, "lr": 0.0009974564412471305, "gnorm": 1.665, "tok_per_s": 202610.5, "load": 4.5205078125}
{"event": "step", "step": 244600, "loss": 4.9249, "lr": 0.0009953883833311967, "gnorm": 1.436, "tok_per_s": 202624.1, "load": 6.72119140625}
{"event": "step", "step": 244800, "loss": 5.1059, "lr": 0.0009933223318743091, "gnorm": 2.091, "tok_per_s": 202321.6, "load": 6.38232421875}
{"event": "step", "step": 245000, "loss": 4.9514, "lr": 0.0009912582932091502, "gnorm": 1.668, "tok_per_s": 202498.7, "load": 6.08935546875}
eval 245000 {'bpb': 1.6751790001214408, 'nats_per_token': 5.050866391415838, 'tokens': 16379, 'bytes': 71247}
{"event": "step", "step": 245200, "loss": 4.7855, "lr": 0.0009891962736622334, "gnorm": 1.314, "tok_per_s": 201181.1, "load": 5.921875}
{"event": "step", "step": 245400, "loss": 5.0185, "lr": 0.0009871362795538822, "gnorm": 1.518, "tok_per_s": 202553.4, "load": 5.6259765625}
{"event": "step", "step": 245600, "loss": 5.2235, "lr": 0.0009850783171982144, "gnorm": 1.928, "tok_per_s": 202255.6, "load": 5.37548828125}
{"event": "step", "step": 245800, "loss": 4.9449, "lr": 0.0009830223929031174, "gnorm": 2.38, "tok_per_s": 202439.4, "load": 5.26513671875}
{"event": "step", "step": 246000, "loss": 4.7628, "lr": 0.0009809685129702327, "gnorm": 2.398, "tok_per_s": 202312.9, "load": 5.0703125}
{"event": "step", "step": 246200, "loss": 4.8919, "lr": 0.0009789166836949377, "gnorm": 1.411, "tok_per_s": 171913.0, "load": 4.9052734375}
{"event": "step", "step": 246400, "loss": 5.1179, "lr": 0.000976866911366321, "gnorm": 1.685, "tok_per_s": 202568.9, "load": 4.83251953125}
{"event": "step", "step": 246600, "loss": 5.0251, "lr": 0.0009748192022671679, "gnorm": 1.497, "tok_per_s": 202549.2, "load": 4.7041015625}
{"event": "step", "step": 246800, "loss": 5.042, "lr": 0.00097277356267394, "gnorm": 1.559, "tok_per_s": 202439.8, "load": 4.59521484375}
{"event": "step", "step": 247000, "loss": 4.9745, "lr": 0.0009707299988567544, "gnorm": 1.118, "tok_per_s": 202428.0, "load": 4.54736328125}
{"event": "step", "step": 247200, "loss": 4.9144, "lr": 0.0009686885170793682, "gnorm": 2.191, "tok_per_s": 202414.7, "load": 4.462890625}
{"event": "step", "step": 247400, "loss": 4.9601, "lr": 0.0009666491235991542, "gnorm": 3.059, "tok_per_s": 202440.4, "load": 4.42578125}
{"event": "step", "step": 247600, "loss": 4.9002, "lr": 0.0009646118246670862, "gnorm": 2.233, "tok_per_s": 202330.1, "load": 4.35986328125}
{"event": "step", "step": 247800, "loss": 4.8793, "lr": 0.0009625766265277156, "gnorm": 1.316, "tok_per_s": 202424.3, "load": 4.3037109375}
{"event": "step", "step": 248000, "loss": 4.8016, "lr": 0.0009605435354191568, "gnorm": 1.856, "tok_per_s": 202264.8, "load": 4.35986328125}
{"event": "step", "step": 248200, "loss": 4.8951, "lr": 0.0009585125575730656, "gnorm": 1.83, "tok_per_s": 171820.1, "load": 4.38427734375}
{"event": "step", "step": 248400, "loss": 4.9997, "lr": 0.0009564836992146201, "gnorm": 1.908, "tok_per_s": 202477.4, "load": 4.32470703125}
{"event": "step", "step": 248600, "loss": 5.1062, "lr": 0.0009544569665625014, "gnorm": 1.267, "tok_per_s": 202357.9, "load": 4.29833984375}
{"event": "step", "step": 248800, "loss": 4.9564, "lr": 0.0009524323658288759, "gnorm": 2.163, "tok_per_s": 202404.2, "load": 4.33251953125}
{"event": "step", "step": 249000, "loss": 5.0078, "lr": 0.0009504099032193748, "gnorm": 1.539, "tok_per_s": 202505.7, "load": 4.28076171875}
{"event": "step", "step": 249200, "loss": 5.0686, "lr": 0.0009483895849330763, "gnorm": 1.75, "tok_per_s": 202277.7, "load": 4.33837890625}
{"event": "step", "step": 249400, "loss": 5.1004, "lr": 0.0009463714171624855, "gnorm": 3.216, "tok_per_s": 202571.6, "load": 4.28564453125}
{"event": "step", "step": 249600, "loss": 5.0863, "lr": 0.0009443554060935161, "gnorm": 1.77, "tok_per_s": 201447.3, "load": 4.5498046875}
{"event": "step", "step": 249800, "loss": 5.0929, "lr": 0.0009423415579054717, "gnorm": 1.569, "tok_per_s": 202278.0, "load": 4.5859375}
{"event": "step", "step": 250000, "loss": 5.1805, "lr": 0.0009403298787710254, "gnorm": 1.569, "tok_per_s": 201978.0, "load": 4.65576171875}
eval 250000 {'bpb': 1.6813995397856456, 'nats_per_token': 5.069622067510227, 'tokens': 16379, 'bytes': 71247}
{"event": "step", "step": 250200, "loss": 4.9814, "lr": 0.0009383203748562022, "gnorm": 1.992, "tok_per_s": 169704.5, "load": 4.62841796875}
{"event": "step", "step": 250400, "loss": 4.9841, "lr": 0.0009363130523203617, "gnorm": 1.707, "tok_per_s": 202507.9, "load": 4.57763671875}
{"event": "step", "step": 250600, "loss": 4.9533, "lr": 0.0009343079173161744, "gnorm": 2.353, "tok_per_s": 202510.7, "load": 4.48828125}
{"event": "step", "step": 250800, "loss": 5.2044, "lr": 0.0009323049759896071, "gnorm": 1.352, "tok_per_s": 202330.1, "load": 4.41259765625}
{"event": "step", "step": 251000, "loss": 5.0978, "lr": 0.0009303042344799033, "gnorm": 1.231, "tok_per_s": 202391.9, "load": 4.37939453125}
{"event": "step", "step": 251200, "loss": 4.99, "lr": 0.0009283056989195627, "gnorm": 2.456, "tok_per_s": 202504.1, "load": 4.3203125}
{"event": "step", "step": 251400, "loss": 4.8892, "lr": 0.0009263093754343245, "gnorm": 1.731, "tok_per_s": 202471.5, "load": 4.2705078125}
{"event": "step", "step": 251600, "loss": 4.9547, "lr": 0.0009243152701431471, "gnorm": 1.92, "tok_per_s": 202339.3, "load": 4.24853515625}
{"event": "step", "step": 251800, "loss": 5.2801, "lr": 0.0009223233891581902, "gnorm": 1.335, "tok_per_s": 202480.5, "load": 4.2099609375}
{"event": "step", "step": 252000, "loss": 4.9234, "lr": 0.0009203337385847957, "gnorm": 1.876, "tok_per_s": 202423.9, "load": 4.19287109375}
{"event": "step", "step": 252200, "loss": 5.0186, "lr": 0.0009183463245214673, "gnorm": 3.69, "tok_per_s": 175289.8, "load": 8.43603515625}
{"event": "step", "step": 252400, "loss": 4.9975, "lr": 0.0009163611530598569, "gnorm": 2.109, "tok_per_s": 202420.9, "load": 7.8271484375}
{"event": "step", "step": 252600, "loss": 5.1373, "lr": 0.0009143782302847401, "gnorm": 2.565, "tok_per_s": 202394.4, "load": 7.3984375}
{"event": "step", "step": 252800, "loss": 5.0782, "lr": 0.0009123975622740007, "gnorm": 2.634, "tok_per_s": 201368.3, "load": 7.52685546875}
{"event": "step", "step": 253000, "loss": 4.9832, "lr": 0.0009104191550986116, "gnorm": 1.766, "tok_per_s": 202656.4, "load": 7.0576171875}
{"event": "step", "step": 253200, "loss": 5.0083, "lr": 0.0009084430148226153, "gnorm": 1.983, "tok_per_s": 202610.3, "load": 6.8125}
{"event": "step", "step": 253400, "loss": 5.0429, "lr": 0.0009064691475031072, "gnorm": 1.617, "tok_per_s": 202455.0, "load": 6.45947265625}
{"event": "step", "step": 253600, "loss": 5.0669, "lr": 0.0009044975591902144, "gnorm": 2.059, "tok_per_s": 202503.4, "load": 6.08056640625}
{"event": "step", "step": 253800, "loss": 4.8896, "lr": 0.0009025282559270796, "gnorm": 2.014, "tok_per_s": 202418.1, "load": 5.91357421875}
{"event": "step", "step": 254000, "loss": 4.9866, "lr": 0.0009005612437498413, "gnorm": 1.893, "tok_per_s": 202463.1, "load": 5.619140625}
{"event": "step", "step": 254200, "loss": 4.921, "lr": 0.000898596528687615, "gnorm": 2.195, "tok_per_s": 172458.6, "load": 5.36962890625}
{"event": "step", "step": 254400, "loss": 5.1458, "lr": 0.000896634116762476, "gnorm": 3.465, "tok_per_s": 202407.2, "load": 5.33984375}
{"event": "step", "step": 254600, "loss": 5.0276, "lr": 0.0008946740139894407, "gnorm": 1.351, "tok_per_s": 202635.6, "load": 5.13330078125}
{"event": "step", "step": 254800, "loss": 5.0081, "lr": 0.0008927162263764471, "gnorm": 1.398, "tok_per_s": 202679.2, "load": 4.958984375}
{"event": "step", "step": 255000, "loss": 4.8952, "lr": 0.0008907607599243357, "gnorm": 1.841, "tok_per_s": 202560.7, "load": 4.8818359375}
eval 255000 {'bpb': 1.6866099131025396, 'nats_per_token': 5.085331970434703, 'tokens': 16379, 'bytes': 71247}
{"event": "step", "step": 255200, "loss": 4.8824, "lr": 0.0008888076206268341, "gnorm": 1.61, "tok_per_s": 201418.5, "load": 4.74560546875}
{"event": "step", "step": 255400, "loss": 4.8663, "lr": 0.0008868568144705358, "gnorm": 1.726, "tok_per_s": 202575.1, "load": 4.63037109375}
{"event": "step", "step": 255600, "loss": 5.1338, "lr": 0.0008849083474348848, "gnorm": 2.092, "tok_per_s": 202501.4, "load": 4.57958984375}
{"event": "step", "step": 255800, "loss": 4.814, "lr": 0.0008829622254921532, "gnorm": 2.128, "tok_per_s": 202491.7, "load": 6.77392578125}
{"event": "step", "step": 256000, "loss": 5.0618, "lr": 0.0008810184546074263, "gnorm": 3.105, "tok_per_s": 203250.2, "load": 6.5517578125}
{"event": "step", "step": 256200, "loss": 5.0995, "lr": 0.0008790770407385834, "gnorm": 1.876, "tok_per_s": 177633.8, "load": 6.38037109375}
{"event": "step", "step": 256400, "loss": 5.0238, "lr": 0.0008771379898362775, "gnorm": 1.828, "tok_per_s": 203598.3, "load": 6.33447265625}
{"event": "step", "step": 256600, "loss": 4.8995, "lr": 0.0008752013078439212, "gnorm": 1.683, "tok_per_s": 203651.8, "load": 5.97509765625}
{"event": "step", "step": 256800, "loss": 5.064, "lr": 0.0008732670006976647, "gnorm": 2.972, "tok_per_s": 203582.1, "load": 5.81689453125}
{"event": "step", "step": 257000, "loss": 5.1583, "lr": 0.0008713350743263796, "gnorm": 1.983, "tok_per_s": 203441.4, "load": 5.61083984375}
{"event": "step", "step": 257200, "loss": 5.0385, "lr": 0.0008694055346516393, "gnorm": 3.766, "tok_per_s": 203479.1, "load": 7.56396484375}
{"event": "step", "step": 257400, "loss": 5.0798, "lr": 0.0008674783875877032, "gnorm": 2.056, "tok_per_s": 203634.9, "load": 7.015625}
{"event": "step", "step": 257600, "loss": 5.0967, "lr": 0.0008655536390414954, "gnorm": 1.819, "tok_per_s": 203415.5, "load": 6.7724609375}
{"event": "step", "step": 257800, "loss": 4.9365, "lr": 0.0008636312949125898, "gnorm": 2.219, "tok_per_s": 203326.6, "load": 6.55029296875}
{"event": "step", "step": 258000, "loss": 4.9848, "lr": 0.0008617113610931891, "gnorm": 2.334, "tok_per_s": 203402.2, "load": 6.46533203125}
{"event": "step", "step": 258200, "loss": 4.9739, "lr": 0.0008597938434681091, "gnorm": 1.795, "tok_per_s": 177128.9, "load": 6.23291015625}
{"event": "step", "step": 258400, "loss": 4.9952, "lr": 0.0008578787479147595, "gnorm": 1.91, "tok_per_s": 203614.3, "load": 6.0537109375}
{"event": "step", "step": 258600, "loss": 5.0018, "lr": 0.0008559660803031257, "gnorm": 2.376, "tok_per_s": 203462.4, "load": 5.73779296875}
{"event": "step", "step": 258800, "loss": 5.231, "lr": 0.000854055846495751, "gnorm": 1.827, "tok_per_s": 202692.2, "load": 5.47021484375}
{"event": "step", "step": 259000, "loss": 5.0933, "lr": 0.0008521480523477208, "gnorm": 2.214, "tok_per_s": 202375.9, "load": 5.35205078125}
{"event": "step", "step": 259200, "loss": 4.952, "lr": 0.0008502427037066397, "gnorm": 1.709, "tok_per_s": 202397.6, "load": 5.21728515625}
{"event": "step", "step": 259400, "loss": 4.9412, "lr": 0.0008483398064126184, "gnorm": 3.115, "tok_per_s": 202337.2, "load": 5.11962890625}
{"event": "step", "step": 259600, "loss": 5.0638, "lr": 0.0008464393662982533, "gnorm": 2.008, "tok_per_s": 202389.1, "load": 5.0205078125}
{"event": "step", "step": 259800, "loss": 4.9605, "lr": 0.000844541389188609, "gnorm": 2.332, "tok_per_s": 202365.1, "load": 4.94384765625}
{"event": "step", "step": 260000, "loss": 4.9678, "lr": 0.0008426458809012024, "gnorm": 2.31, "tok_per_s": 202224.9, "load": 4.8681640625}
eval 260000 {'bpb': 1.6794999904292391, 'nats_per_token': 5.063894697478479, 'tokens': 16379, 'bytes': 71247}
{"event": "step", "step": 260200, "loss": 5.0633, "lr": 0.0008407528472459813, "gnorm": 3.266, "tok_per_s": 171543.7, "load": 4.734375}
{"event": "step", "step": 260400, "loss": 5.0929, "lr": 0.0008388622940253099, "gnorm": 2.049, "tok_per_s": 202305.5, "load": 4.62109375}
{"event": "step", "step": 260600, "loss": 5.0166, "lr": 0.0008369742270339474, "gnorm": 1.764, "tok_per_s": 202525.7, "load": 4.5712890625}
{"event": "step", "step": 260800, "loss": 5.0905, "lr": 0.0008350886520590337, "gnorm": 1.962, "tok_per_s": 202188.0, "load": 4.5634765625}
{"event": "step", "step": 261000, "loss": 4.9871, "lr": 0.0008332055748800724, "gnorm": 2.298, "tok_per_s": 202357.5, "load": 4.4765625}
{"event": "step", "step": 261200, "loss": 4.9057, "lr": 0.0008313250012689079, "gnorm": 2.079, "tok_per_s": 202454.9, "load": 4.43798828125}
{"event": "step", "step": 261400, "loss": 4.9332, "lr": 0.0008294469369897122, "gnorm": 3.068, "tok_per_s": 202392.2, "load": 4.4443359375}
{"event": "step", "step": 261600, "loss": 5.0365, "lr": 0.0008275713877989665, "gnorm": 1.33, "tok_per_s": 202320.0, "load": 4.37548828125}
{"event": "step", "step": 261800, "loss": 4.8435, "lr": 0.0008256983594454417, "gnorm": 1.4, "tok_per_s": 202382.6, "load": 4.34521484375}
{"event": "step", "step": 262000, "loss": 5.1387, "lr": 0.0008238278576701829, "gnorm": 2.928, "tok_per_s": 202278.4, "load": 4.29150390625}
{"event": "step", "step": 262200, "loss": 5.1198, "lr": 0.0008219598882064907, "gnorm": 1.526, "tok_per_s": 171814.2, "load": 8.4912109375}
{"event": "step", "step": 262400, "loss": 5.0866, "lr": 0.0008200944567799043, "gnorm": 1.776, "tok_per_s": 202329.4, "load": 8.13134765625}
{"event": "step", "step": 262600, "loss": 5.0494, "lr": 0.0008182315691081828, "gnorm": 1.352, "tok_per_s": 201532.8, "load": 8.19775390625}
{"event": "step", "step": 262800, "loss": 4.9676, "lr": 0.0008163712309012887, "gnorm": 1.897, "tok_per_s": 202530.1, "load": 7.85302734375}
{"event": "step", "step": 263000, "loss": 5.0081, "lr": 0.0008145134478613698, "gnorm": 2.038, "tok_per_s": 202267.3, "load": 7.54443359375}
{"event": "step", "step": 263200, "loss": 5.2856, "lr": 0.0008126582256827434, "gnorm": 5.42, "tok_per_s": 202359.1, "load": 6.9990234375}
{"event": "step", "step": 263400, "loss": 4.9657, "lr": 0.0008108055700518765, "gnorm": 2.16, "tok_per_s": 202544.6, "load": 6.61767578125}
{"event": "step", "step": 263600, "loss": 4.8953, "lr": 0.0008089554866473681, "gnorm": 1.812, "tok_per_s": 202447.2, "load": 6.40771484375}
{"event": "step", "step": 263800, "loss": 4.8853, "lr": 0.0008071079811399349, "gnorm": 1.576, "tok_per_s": 202425.6, "load": 6.11083984375}
{"event": "step", "step": 264000, "loss": 4.9258, "lr": 0.0008052630591923908, "gnorm": 1.662, "tok_per_s": 202388.3, "load": 5.94140625}
{"event": "step", "step": 264200, "loss": 4.8709, "lr": 0.0008034207264596324, "gnorm": 2.032, "tok_per_s": 170743.7, "load": 5.642578125}
{"event": "step", "step": 264400, "loss": 4.9885, "lr": 0.0008015809885886182, "gnorm": 1.874, "tok_per_s": 202519.0, "load": 5.4697265625}
{"event": "step", "step": 264600, "loss": 4.8723, "lr": 0.0007997438512183547, "gnorm": 1.483, "tok_per_s": 202621.4, "load": 5.2431640625}
{"event": "step", "step": 264800, "loss": 5.1241, "lr": 0.0007979093199798765, "gnorm": 2.391, "tok_per_s": 202410.8, "load": 5.1435546875}
{"event": "step", "step": 265000, "loss": 5.1574, "lr": 0.0007960774004962299, "gnorm": 2.0, "tok_per_s": 202420.9, "load": 7.0498046875}
eval 265000 {'bpb': 1.6886426642543317, 'nats_per_token': 5.091460959918188, 'tokens': 16379, 'bytes': 71247}
{"event": "step", "step": 265200, "loss": 5.1159, "lr": 0.0007942480983824573, "gnorm": 2.541, "tok_per_s": 201229.1, "load": 11.5302734375}
{"event": "step", "step": 265400, "loss": 4.9944, "lr": 0.0007924214192455772, "gnorm": 3.063, "tok_per_s": 202343.0, "load": 10.3720703125}
{"event": "step", "step": 265600, "loss": 5.0964, "lr": 0.0007905973686845692, "gnorm": 2.117, "tok_per_s": 202428.7, "load": 9.87255859375}
{"event": "step", "step": 265800, "loss": 4.9545, "lr": 0.0007887759522903554, "gnorm": 1.925, "tok_per_s": 202119.2, "load": 9.64208984375}
{"event": "step", "step": 266000, "loss": 5.1378, "lr": 0.0007869571756457843, "gnorm": 1.815, "tok_per_s": 202404.3, "load": 8.84765625}
{"event": "step", "step": 266200, "loss": 4.8684, "lr": 0.0007851410443256131, "gnorm": 2.397, "tok_per_s": 172010.4, "load": 8.1015625}
{"event": "step", "step": 266400, "loss": 5.1172, "lr": 0.0007833275638964911, "gnorm": 2.658, "tok_per_s": 202482.1, "load": 7.470703125}
{"event": "step", "step": 266600, "loss": 5.109, "lr": 0.0007815167399169416, "gnorm": 2.108, "tok_per_s": 202409.0, "load": 7.1923828125}
{"event": "step", "step": 266800, "loss": 4.8717, "lr": 0.0007797085779373461, "gnorm": 1.432, "tok_per_s": 202596.8, "load": 6.701171875}
{"event": "step", "step": 267000, "loss": 5.041, "lr": 0.0007779030834999274, "gnorm": 1.588, "tok_per_s": 202507.4, "load": 6.48486328125}
{"event": "step", "step": 267200, "loss": 4.9525, "lr": 0.0007761002621387295, "gnorm": 3.011, "tok_per_s": 202475.1, "load": 6.1826171875}
{"event": "step", "step": 267400, "loss": 5.0189, "lr": 0.0007743001193796069, "gnorm": 2.409, "tok_per_s": 202855.7, "load": 5.92041015625}
{"event": "step", "step": 267600, "loss": 5.0358, "lr": 0.0007725026607402017, "gnorm": 1.711, "tok_per_s": 203742.0, "load": 5.7666015625}
{"event": "step", "step": 267800, "loss": 4.9435, "lr": 0.0007707078917299276, "gnorm": 1.791, "tok_per_s": 203635.8, "load": 5.6484375}
{"event": "step", "step": 268000, "loss": 5.0319, "lr": 0.0007689158178499565, "gnorm": 3.078, "tok_per_s": 203692.3, "load": 5.51611328125}
{"event": "step", "step": 268200, "loss": 4.9629, "lr": 0.0007671264445931983, "gnorm": 3.37, "tok_per_s": 177917.0, "load": 5.28271484375}
{"event": "step", "step": 268400, "loss": 4.8033, "lr": 0.0007653397774442861, "gnorm": 1.299, "tok_per_s": 203344.2, "load": 5.0849609375}
{"event": "step", "step": 268600, "loss": 5.2208, "lr": 0.0007635558218795576, "gnorm": 6.58, "tok_per_s": 203709.5, "load": 4.99853515625}
{"event": "step", "step": 268800, "loss": 4.8862, "lr": 0.0007617745833670396, "gnorm": 2.366, "tok_per_s": 202499.5, "load": 4.91845703125}
{"event": "step", "step": 269000, "loss": 4.9617, "lr": 0.0007599960673664311, "gnorm": 1.92, "tok_per_s": 203470.9, "load": 4.77685546875}
{"event": "step", "step": 269200, "loss": 5.1146, "lr": 0.0007582202793290845, "gnorm": 1.782, "tok_per_s": 203259.0, "load": 4.794921875}
{"event": "step", "step": 269400, "loss": 4.9662, "lr": 0.0007564472246979931, "gnorm": 1.89, "tok_per_s": 202603.5, "load": 4.67236328125}
{"event": "step", "step": 269600, "loss": 4.9169, "lr": 0.0007546769089077712, "gnorm": 2.055, "tok_per_s": 202691.1, "load": 4.568359375}
{"event": "step", "step": 269800, "loss": 4.7306, "lr": 0.0007529093373846375, "gnorm": 2.534, "tok_per_s": 202574.7, "load": 4.5224609375}
{"event": "step", "step": 270000, "loss": 4.8866, "lr": 0.0007511445155463998, "gnorm": 1.832, "tok_per_s": 202432.8, "load": 4.44189453125}
eval 270000 {'bpb': 1.6745132284398723, 'nats_per_token': 5.048859009631235, 'tokens': 16379, 'bytes': 71247}
{"event": "step", "step": 270200, "loss": 5.1133, "lr": 0.0007493824488024379, "gnorm": 1.867, "tok_per_s": 171865.6, "load": 4.4541015625}
{"event": "step", "step": 270400, "loss": 4.9435, "lr": 0.0007476231425536865, "gnorm": 2.614, "tok_per_s": 202551.1, "load": 4.41748046875}
{"event": "step", "step": 270600, "loss": 5.1821, "lr": 0.0007458666021926195, "gnorm": 2.976, "tok_per_s": 202717.1, "load": 4.43359375}
{"event": "step", "step": 270800, "loss": 4.9583, "lr": 0.0007441128331032328, "gnorm": 1.866, "tok_per_s": 202613.1, "load": 4.4404296875}
{"event": "step", "step": 271000, "loss": 5.0398, "lr": 0.0007423618406610282, "gnorm": 2.34, "tok_per_s": 202469.4, "load": 4.40478515625}
{"event": "step", "step": 271200, "loss": 5.2237, "lr": 0.0007406136302329964, "gnorm": 3.313, "tok_per_s": 202489.5, "load": 4.341796875}
{"event": "step", "step": 271400, "loss": 5.0591, "lr": 0.0007388682071776014, "gnorm": 3.381, "tok_per_s": 202373.1, "load": 4.28857421875}
{"event": "step", "step": 271600, "loss": 4.9822, "lr": 0.0007371255768447629, "gnorm": 3.106, "tok_per_s": 202493.8, "load": 4.666015625}
{"event": "step", "step": 271800, "loss": 5.088, "lr": 0.0007353857445758421, "gnorm": 3.067, "tok_per_s": 202438.2, "load": 4.56298828125}
{"event": "step", "step": 272000, "loss": 5.0076, "lr": 0.0007336487157036217, "gnorm": 1.525, "tok_per_s": 202389.1, "load": 4.517578125}
{"event": "step", "step": 272200, "loss": 5.2129, "lr": 0.0007319144955522931, "gnorm": 3.022, "tok_per_s": 171701.0, "load": 4.4375}
{"event": "step", "step": 272400, "loss": 4.9889, "lr": 0.0007301830894374384, "gnorm": 2.296, "tok_per_s": 202191.1, "load": 4.53076171875}
{"event": "step", "step": 272600, "loss": 5.1137, "lr": 0.0007284545026660135, "gnorm": 1.855, "tok_per_s": 203349.4, "load": 4.60302734375}
{"event": "step", "step": 272800, "loss": 4.8978, "lr": 0.0007267287405363346, "gnorm": 1.938, "tok_per_s": 203569.1, "load": 4.71533203125}
{"event": "step", "step": 273000, "loss": 5.0081, "lr": 0.0007250058083380582, "gnorm": 3.106, "tok_per_s": 204664.2, "load": 4.6787109375}
{"event": "step", "step": 273200, "loss": 5.232, "lr": 0.000723285711352168, "gnorm": 1.574, "tok_per_s": 205485.4, "load": 4.70458984375}
{"event": "step", "step": 273400, "loss": 5.1299, "lr": 0.0007215684548509559, "gnorm": 2.993, "tok_per_s": 205422.4, "load": 4.67626953125}
{"event": "step", "step": 273600, "loss": 4.9515, "lr": 0.0007198540440980084, "gnorm": 2.339, "tok_per_s": 205404.3, "load": 4.57177734375}
{"event": "step", "step": 273800, "loss": 4.8808, "lr": 0.0007181424843481903, "gnorm": 3.146, "tok_per_s": 205440.6, "load": 4.52587890625}
{"event": "step", "step": 274000, "loss": 4.9235, "lr": 0.0007164337808476263, "gnorm": 2.62, "tok_per_s": 205133.0, "load": 4.4443359375}
{"event": "step", "step": 274200, "loss": 5.0969, "lr": 0.0007147279388336872, "gnorm": 2.279, "tok_per_s": 182420.3, "load": 4.37548828125}
{"event": "step", "step": 274400, "loss": 5.1387, "lr": 0.0007130249635349725, "gnorm": 2.959, "tok_per_s": 204475.8, "load": 4.34521484375}
{"event": "step", "step": 274600, "loss": 5.0305, "lr": 0.0007113248601712956, "gnorm": 2.652, "tok_per_s": 203327.7, "load": 8.9365234375}
{"event": "step", "step": 274800, "loss": 4.9736, "lr": 0.000709627633953666, "gnorm": 3.368, "tok_per_s": 202803.2, "load": 8.33740234375}
{"event": "step", "step": 275000, "loss": 5.0386, "lr": 0.0007079332900842755, "gnorm": 3.932, "tok_per_s": 202245.5, "load": 8.14990234375}
eval 275000 {'bpb': 1.6950227454988767, 'nats_per_token': 5.11069767308749, 'tokens': 16379, 'bytes': 71247}
{"event": "step", "step": 275200, "loss": 4.9642, "lr": 0.0007062418337564806, "gnorm": 1.792, "tok_per_s": 200646.3, "load": 7.88623046875}
{"event": "step", "step": 275400, "loss": 4.8988, "lr": 0.0007045532701547874, "gnorm": 2.32, "tok_per_s": 202382.5, "load": 7.57470703125}
{"event": "step", "step": 275600, "loss": 4.9266, "lr": 0.0007028676044548351, "gnorm": 2.282, "tok_per_s": 202389.1, "load": 7.42529296875}
{"event": "step", "step": 275800, "loss": 4.9357, "lr": 0.0007011848418233805, "gnorm": 4.772, "tok_per_s": 201827.8, "load": 7.19921875}
{"event": "step", "step": 276000, "loss": 5.0122, "lr": 0.0006995049874182834, "gnorm": 1.512, "tok_per_s": 202408.7, "load": 11.427734375}
{"event": "step", "step": 276200, "loss": 4.8952, "lr": 0.0006978280463884883, "gnorm": 2.366, "tok_per_s": 172091.5, "load": 10.28515625}
{"event": "step", "step": 276400, "loss": 4.9181, "lr": 0.0006961540238740096, "gnorm": 2.353, "tok_per_s": 202426.2, "load": 9.5458984375}
{"event": "step", "step": 276600, "loss": 5.1091, "lr": 0.0006944829250059169, "gnorm": 2.4, "tok_per_s": 202301.9, "load": 9.1015625}
{"event": "step", "step": 276800, "loss": 5.0677, "lr": 0.0006928147549063179, "gnorm": 3.406, "tok_per_s": 202455.6, "load": 8.31689453125}
{"event": "step", "step": 277000, "loss": 5.1172, "lr": 0.0006911495186883445, "gnorm": 1.931, "tok_per_s": 202313.5, "load": 7.80029296875}
{"event": "step", "step": 277200, "loss": 4.9396, "lr": 0.0006894872214561347, "gnorm": 2.6, "tok_per_s": 202183.9, "load": 7.49560546875}
{"event": "step", "step": 277400, "loss": 5.0149, "lr": 0.0006878278683048185, "gnorm": 2.87, "tok_per_s": 202282.4, "load": 6.95751953125}
{"event": "step", "step": 277600, "loss": 5.2743, "lr": 0.0006861714643205024, "gnorm": 6.684, "tok_per_s": 202180.4, "load": 6.501953125}
{"event": "step", "step": 277800, "loss": 4.9414, "lr": 0.0006845180145802518, "gnorm": 1.588, "tok_per_s": 202403.9, "load": 6.30126953125}
{"event": "step", "step": 278000, "loss": 4.9578, "lr": 0.0006828675241520792, "gnorm": 2.786, "tok_per_s": 202459.7, "load": 6.0205078125}
{"event": "step", "step": 278200, "loss": 5.0149, "lr": 0.0006812199980949252, "gnorm": 2.093, "tok_per_s": 171820.3, "load": 5.70947265625}
{"event": "step", "step": 278400, "loss": 5.0358, "lr": 0.0006795754414586448, "gnorm": 2.865, "tok_per_s": 202577.5, "load": 5.572265625}
{"event": "step", "step": 278600, "loss": 4.9039, "lr": 0.0006779338592839907, "gnorm": 1.98, "tok_per_s": 202023.7, "load": 6.05126953125}
{"event": "step", "step": 278800, "loss": 5.0795, "lr": 0.000676295256602599, "gnorm": 3.046, "tok_per_s": 202036.7, "load": 5.9697265625}
{"event": "step", "step": 279000, "loss": 5.052, "lr": 0.0006746596384369734, "gnorm": 2.844, "tok_per_s": 202546.8, "load": 5.8115234375}
{"event": "step", "step": 279200, "loss": 5.006, "lr": 0.0006730270098004698, "gnorm": 2.063, "tok_per_s": 202331.0, "load": 5.5322265625}
{"event": "step", "step": 279400, "loss": 4.8449, "lr": 0.00067139737569728, "gnorm": 3.125, "tok_per_s": 202346.6, "load": 5.4091796875}
{"event": "step", "step": 279600, "loss": 4.8175, "lr": 0.0006697707411224183, "gnorm": 2.609, "tok_per_s": 202403.7, "load": 5.19189453125}
{"event": "step", "step": 279800, "loss": 5.0486, "lr": 0.0006681471110617044, "gnorm": 2.358, "tok_per_s": 202439.6, "load": 5.00830078125}
{"event": "step", "step": 280000, "loss": 4.916, "lr": 0.0006665264904917491, "gnorm": 1.738, "tok_per_s": 202220.1, "load": 5.00732421875}
eval 280000 {'bpb': 1.6777411572212835, 'nats_per_token': 5.058591603577752, 'tokens': 16379, 'bytes': 71247}
{"event": "step", "step": 280200, "loss": 4.813, "lr": 0.0006649088843799389, "gnorm": 5.502, "tok_per_s": 171290.6, "load": 4.85205078125}
{"event": "step", "step": 280400, "loss": 4.9462, "lr": 0.0006632942976844212, "gnorm": 2.08, "tok_per_s": 202479.1, "load": 4.720703125}
{"event": "step", "step": 280600, "loss": 4.8911, "lr": 0.0006616827353540864, "gnorm": 3.221, "tok_per_s": 202389.7, "load": 4.68359375}
{"event": "step", "step": 280800, "loss": 4.8702, "lr": 0.000660074202328557, "gnorm": 1.569, "tok_per_s": 202404.6, "load": 4.62841796875}
{"event": "step", "step": 281000, "loss": 4.9474, "lr": 0.0006584687035381694, "gnorm": 3.883, "tok_per_s": 202412.1, "load": 4.53125}
{"event": "step", "step": 281200, "loss": 5.0451, "lr": 0.0006568662439039604, "gnorm": 2.944, "tok_per_s": 202433.0, "load": 4.48828125}
{"event": "step", "step": 281400, "loss": 5.1772, "lr": 0.0006552668283376508, "gnorm": 2.261, "tok_per_s": 202402.6, "load": 4.41259765625}
{"event": "step", "step": 281600, "loss": 5.0568, "lr": 0.0006536704617416312, "gnorm": 2.139, "tok_per_s": 202303.4, "load": 4.4228515625}
{"event": "step", "step": 281800, "loss": 5.0539, "lr": 0.0006520771490089471, "gnorm": 2.973, "tok_per_s": 202295.4, "load": 4.388671875}
{"event": "step", "step": 282000, "loss": 5.0079, "lr": 0.000650486895023282, "gnorm": 2.133, "tok_per_s": 202220.5, "load": 4.32861328125}
{"event": "step", "step": 282200, "loss": 5.1513, "lr": 0.0006488997046589465, "gnorm": 6.799, "tok_per_s": 172109.0, "load": 4.27783203125}
{"event": "step", "step": 282400, "loss": 4.8927, "lr": 0.0006473155827808592, "gnorm": 2.732, "tok_per_s": 202496.8, "load": 4.3359375}
{"event": "step", "step": 282600, "loss": 5.0506, "lr": 0.0006457345342445337, "gnorm": 5.197, "tok_per_s": 202450.5, "load": 4.28369140625}
{"event": "step", "step": 282800, "loss": 5.0808, "lr": 0.0006441565638960635, "gnorm": 2.397, "tok_per_s": 202416.5, "load": 4.23974609375}
{"event": "step", "step": 283000, "loss": 5.0833, "lr": 0.0006425816765721073, "gnorm": 4.82, "tok_per_s": 202353.4, "load": 4.22021484375}
{"event": "step", "step": 283200, "loss": 5.0021, "lr": 0.0006410098770998736, "gnorm": 5.867, "tok_per_s": 202374.1, "load": 4.26611328125}
{"event": "step", "step": 283400, "loss": 4.9, "lr": 0.0006394411702971069, "gnorm": 4.468, "tok_per_s": 202364.6, "load": 4.30517578125}
{"event": "step", "step": 283600, "loss": 5.1316, "lr": 0.0006378755609720715, "gnorm": 2.374, "tok_per_s": 202401.3, "load": 4.36083984375}
{"event": "step", "step": 283800, "loss": 5.026, "lr": 0.0006363130539235384, "gnorm": 7.574, "tok_per_s": 202462.0, "load": 4.3046875}
{"event": "step", "step": 284000, "loss": 5.0516, "lr": 0.0006347536539407692, "gnorm": 2.142, "tok_per_s": 202319.7, "load": 4.2802734375}
{"event": "step", "step": 284200, "loss": 5.066, "lr": 0.0006331973658035022, "gnorm": 5.214, "tok_per_s": 171777.9, "load": 4.31103515625}
{"event": "step", "step": 284400, "loss": 5.0008, "lr": 0.0006316441942819371, "gnorm": 2.779, "tok_per_s": 202473.1, "load": 4.34326171875}
{"event": "step", "step": 284600, "loss": 5.0503, "lr": 0.0006300941441367226, "gnorm": 3.851, "tok_per_s": 202378.2, "load": 4.2900390625}
{"event": "step", "step": 284800, "loss": 5.0699, "lr": 0.0006285472201189372, "gnorm": 3.753, "tok_per_s": 202404.2, "load": 4.2666015625}
{"event": "step", "step": 285000, "loss": 4.9597, "lr": 0.0006270034269700796, "gnorm": 5.705, "tok_per_s": 202383.0, "load": 4.22509765625}
eval 285000 {'bpb': 1.6750431089786424, 'nats_per_token': 5.0504566632578305, 'tokens': 16379, 'bytes': 71247}
{"event": "step", "step": 285200, "loss": 5.0428, "lr": 0.000625462769422051, "gnorm": 2.96, "tok_per_s": 201275.6, "load": 4.41845703125}
{"event": "step", "step": 285400, "loss": 4.8285, "lr": 0.0006239252521971421, "gnorm": 5.421, "tok_per_s": 202416.2, "load": 4.384765625}
{"event": "step", "step": 285600, "loss": 4.8095, "lr": 0.0006223908800080184, "gnorm": 2.533, "tok_per_s": 202437.6, "load": 4.3251953125}
{"event": "step", "step": 285800, "loss": 4.9104, "lr": 0.0006208596575577049, "gnorm": 3.976, "tok_per_s": 202319.7, "load": 4.298828125}
{"event": "step", "step": 286000, "loss": 5.0204, "lr": 0.0006193315895395724, "gnorm": 3.103, "tok_per_s": 202359.3, "load": 4.33251953125}
{"event": "step", "step": 286200, "loss": 5.043, "lr": 0.0006178066806373238, "gnorm": 10.019, "tok_per_s": 172104.4, "load": 4.28076171875}
{"event": "step", "step": 286400, "loss": 5.1326, "lr": 0.000616284935524977, "gnorm": 4.043, "tok_per_s": 202554.6, "load": 4.23681640625}
{"event": "step", "step": 286600, "loss": 4.9771, "lr": 0.0006147663588668548, "gnorm": 7.569, "tok_per_s": 202567.1, "load": 4.37841796875}
{"event": "step", "step": 286800, "loss": 4.927, "lr": 0.0006132509553175673, "gnorm": 5.058, "tok_per_s": 202681.3, "load": 4.3193359375}
{"event": "step", "step": 287000, "loss": 5.1063, "lr": 0.0006117387295219986, "gnorm": 8.765, "tok_per_s": 201111.0, "load": 4.4541015625}
{"event": "step", "step": 287200, "loss": 4.9643, "lr": 0.0006102296861152924, "gnorm": 2.501, "tok_per_s": 202257.8, "load": 4.4580078125}
{"event": "step", "step": 287400, "loss": 5.0197, "lr": 0.0006087238297228388, "gnorm": 3.305, "tok_per_s": 202322.7, "load": 4.38671875}
{"event": "step", "step": 287600, "loss": 5.145, "lr": 0.0006072211649602587, "gnorm": 4.655, "tok_per_s": 201801.9, "load": 4.51611328125}
{"event": "step", "step": 287800, "loss": 4.8602, "lr": 0.0006057216964333904, "gnorm": 2.419, "tok_per_s": 202391.5, "load": 4.9912109375}
{"event": "step", "step": 288000, "loss": 5.1158, "lr": 0.0006042254287382756, "gnorm": 5.469, "tok_per_s": 202571.4, "load": 4.91259765625}
{"event": "step", "step": 288200, "loss": 5.1664, "lr": 0.0006027323664611448, "gnorm": 5.097, "tok_per_s": 172457.3, "load": 4.83935546875}
{"event": "step", "step": 288400, "loss": 5.0032, "lr": 0.0006012425141784036, "gnorm": 4.736, "tok_per_s": 202570.6, "load": 4.7099609375}
{"event": "step", "step": 288600, "loss": 5.1348, "lr": 0.0005997558764566185, "gnorm": 2.234, "tok_per_s": 202416.1, "load": 4.9150390625}
{"event": "step", "step": 288800, "loss": 5.0567, "lr": 0.0005982724578525039, "gnorm": 5.949, "tok_per_s": 201949.0, "load": 5.162109375}
{"event": "step", "step": 289000, "loss": 4.9875, "lr": 0.0005967922629129067, "gnorm": 3.888, "tok_per_s": 202775.9, "load": 5.28466796875}
{"event": "step", "step": 289200, "loss": 5.0578, "lr": 0.0005953152961747913, "gnorm": 13.658, "tok_per_s": 202698.2, "load": 5.6767578125}
{"event": "step", "step": 289400, "loss": 4.8998, "lr": 0.0005938415621652298, "gnorm": 3.422, "tok_per_s": 202563.9, "load": 5.54248046875}
{"event": "step", "step": 289600, "loss": 4.9084, "lr": 0.0005923710654013838, "gnorm": 2.32, "tok_per_s": 202648.7, "load": 5.30517578125}
{"event": "step", "step": 289800, "loss": 5.0304, "lr": 0.0005909038103904938, "gnorm": 2.842, "tok_per_s": 202418.7, "load": 5.2001953125}
{"event": "step", "step": 290000, "loss": 5.1671, "lr": 0.0005894398016298632, "gnorm": 2.682, "tok_per_s": 202441.7, "load": 5.01513671875}
eval 290000 {'bpb': 1.687945490486796, 'nats_per_token': 5.089358897063312, 'tokens': 16379, 'bytes': 71247}
{"event": "step", "step": 290200, "loss": 4.9682, "lr": 0.000587979043606845, "gnorm": 3.104, "tok_per_s": 172456.4, "load": 4.8583984375}
{"event": "step", "step": 290400, "loss": 4.8935, "lr": 0.0005865215407988292, "gnorm": 6.086, "tok_per_s": 204105.8, "load": 4.72607421875}
{"event": "step", "step": 290600, "loss": 4.9034, "lr": 0.0005850672976732267, "gnorm": 2.298, "tok_per_s": 203955.1, "load": 4.748046875}
{"event": "step", "step": 290800, "loss": 4.8985, "lr": 0.0005836163186874587, "gnorm": 2.442, "tok_per_s": 203841.0, "load": 4.6328125}
{"event": "step", "step": 291000, "loss": 5.1064, "lr": 0.0005821686082889408, "gnorm": 3.286, "tok_per_s": 203746.0, "load": 4.58203125}
{"event": "step", "step": 291200, "loss": 4.967, "lr": 0.0005807241709150697, "gnorm": 5.453, "tok_per_s": 202987.6, "load": 4.4921875}
{"event": "step", "step": 291400, "loss": 5.0677, "lr": 0.0005792830109932107, "gnorm": 4.593, "tok_per_s": 202746.2, "load": 8.58056640625}
{"event": "step", "step": 291600, "loss": 5.0328, "lr": 0.0005778451329406822, "gnorm": 4.044, "tok_per_s": 201726.1, "load": 8.6142578125}
{"event": "step", "step": 291800, "loss": 5.0033, "lr": 0.0005764105411647446, "gnorm": 5.46, "tok_per_s": 202631.3, "load": 8.1318359375}
{"event": "step", "step": 292000, "loss": 4.9996, "lr": 0.0005749792400625844, "gnorm": 4.496, "tok_per_s": 202458.0, "load": 7.49609375}
{"event": "step", "step": 292200, "loss": 5.0267, "lr": 0.0005735512340213024, "gnorm": 5.094, "tok_per_s": 172398.9, "load": 7.2158203125}
{"event": "step", "step": 292400, "loss": 5.0141, "lr": 0.0005721265274178996, "gnorm": 3.69, "tok_per_s": 202681.4, "load": 6.79443359375}
{"event": "step", "step": 292600, "loss": 4.9815, "lr": 0.0005707051246192634, "gnorm": 3.937, "tok_per_s": 202673.4, "load": 6.3642578125}
{"event": "step", "step": 292800, "loss": 4.9642, "lr": 0.000569287029982155, "gnorm": 6.193, "tok_per_s": 202566.7, "load": 6.1748046875}
{"event": "step", "step": 293000, "loss": 4.9633, "lr": 0.0005678722478531963, "gnorm": 3.892, "tok_per_s": 202721.3, "load": 5.91357421875}
{"event": "step", "step": 293200, "loss": 5.0828, "lr": 0.0005664607825688554, "gnorm": 2.439, "tok_per_s": 202595.2, "load": 5.619140625}
{"event": "step", "step": 293400, "loss": 4.8413, "lr": 0.0005650526384554334, "gnorm": 3.461, "tok_per_s": 202744.2, "load": 5.4892578125}
{"event": "step", "step": 293600, "loss": 5.092, "lr": 0.000563647819829052, "gnorm": 7.79, "tok_per_s": 202629.4, "load": 5.33984375}
{"event": "step", "step": 293800, "loss": 4.9041, "lr": 0.0005622463309956403, "gnorm": 2.213, "tok_per_s": 202509.9, "load": 5.232421875}
{"event": "step", "step": 294000, "loss": 4.9627, "lr": 0.0005608481762509212, "gnorm": 6.744, "tok_per_s": 202743.9, "load": 5.12255859375}
{"event": "step", "step": 294200, "loss": 5.0633, "lr": 0.000559453359880398, "gnorm": 10.956, "tok_per_s": 171956.7, "load": 4.94921875}
{"event": "step", "step": 294400, "loss": 4.9906, "lr": 0.000558061886159341, "gnorm": 7.037, "tok_per_s": 202713.5, "load": 4.802734375}
{"event": "step", "step": 294600, "loss": 5.0802, "lr": 0.0005566737593527762, "gnorm": 2.983, "tok_per_s": 202814.5, "load": 7.46142578125}
{"event": "step", "step": 294800, "loss": 5.0751, "lr": 0.0005552889837154688, "gnorm": 16.071, "tok_per_s": 202739.7, "load": 7.32958984375}
{"event": "step", "step": 295000, "loss": 5.0707, "lr": 0.0005539075634919149, "gnorm": 9.688, "tok_per_s": 202618.0, "load": 7.0625}
eval 295000 {'bpb': 1.6958517763880916, 'nats_per_token': 5.113197301040967, 'tokens': 16379, 'bytes': 71247}
{"event": "step", "step": 295200, "loss": 5.0428, "lr": 0.000552529502916324, "gnorm": 6.113, "tok_per_s": 201471.3, "load": 6.59130859375}
{"event": "step", "step": 295400, "loss": 5.2309, "lr": 0.0005511548062126085, "gnorm": 8.968, "tok_per_s": 202740.1, "load": 6.19287109375}
{"event": "step", "step": 295600, "loss": 4.9009, "lr": 0.0005497834775943704, "gnorm": 2.837, "tok_per_s": 202674.4, "load": 6.01708984375}
{"event": "step", "step": 295800, "loss": 4.9027, "lr": 0.0005484155212648873, "gnorm": 3.268, "tok_per_s": 202595.5, "load": 5.7802734375}
{"event": "step", "step": 296000, "loss": 5.0759, "lr": 0.0005470509414171015, "gnorm": 2.832, "tok_per_s": 202712.4, "load": 5.580078125}
{"event": "step", "step": 296200, "loss": 5.1246, "lr": 0.0005456897422336051, "gnorm": 3.767, "tok_per_s": 171940.9, "load": 5.41650390625}
{"event": "step", "step": 296400, "loss": 4.9295, "lr": 0.0005443319278866284, "gnorm": 3.44, "tok_per_s": 202765.1, "load": 5.302734375}
{"event": "step", "step": 296600, "loss": 5.1061, "lr": 0.0005429775025380268, "gnorm": 5.804, "tok_per_s": 202757.0, "load": 5.10205078125}
{"event": "step", "step": 296800, "loss": 4.8824, "lr": 0.0005416264703392682, "gnorm": 4.708, "tok_per_s": 202830.5, "load": 5.013671875}
{"event": "step", "step": 297000, "loss": 4.8714, "lr": 0.0005402788354314196, "gnorm": 7.988, "tok_per_s": 202749.4, "load": 4.857421875}
{"event": "step", "step": 297200, "loss": 4.8701, "lr": 0.0005389346019451353, "gnorm": 8.183, "tok_per_s": 202697.6, "load": 4.72509765625}
{"event": "step", "step": 297400, "loss": 5.0702, "lr": 0.0005375937740006442, "gnorm": 6.21, "tok_per_s": 202763.0, "load": 4.74755859375}
{"event": "step", "step": 297600, "loss": 4.9771, "lr": 0.0005362563557077361, "gnorm": 4.628, "tok_per_s": 202626.9, "load": 8.83154296875}
{"event": "step", "step": 297800, "loss": 4.9081, "lr": 0.0005349223511657503, "gnorm": 3.988, "tok_per_s": 202570.6, "load": 8.08837890625}
{"event": "step", "step": 298000, "loss": 4.9276, "lr": 0.0005335917644635619, "gnorm": 5.596, "tok_per_s": 202584.8, "load": 7.7607421875}
{"event": "step", "step": 298200, "loss": 5.0779, "lr": 0.0005322645996795709, "gnorm": 11.886, "tok_per_s": 172444.2, "load": 7.26220703125}
{"event": "step", "step": 298400, "loss": 5.0467, "lr": 0.0005309408608816886, "gnorm": 6.68, "tok_per_s": 202779.9, "load": 6.759765625}
{"event": "step", "step": 298600, "loss": 4.8157, "lr": 0.0005296205521273243, "gnorm": 8.497, "tok_per_s": 202685.1, "load": 6.61865234375}
{"event": "step", "step": 298800, "loss": 5.0964, "lr": 0.0005283036774633749, "gnorm": 10.841, "tok_per_s": 202647.1, "load": 6.369140625}
{"event": "step", "step": 299000, "loss": 4.9081, "lr": 0.0005269902409262113, "gnorm": 4.559, "tok_per_s": 202644.4, "load": 6.00439453125}
{"event": "step", "step": 299200, "loss": 4.9105, "lr": 0.0005256802465416647, "gnorm": 4.122, "tok_per_s": 202751.1, "load": 5.84375}
{"event": "step", "step": 299400, "loss": 5.0526, "lr": 0.000524373698325018, "gnorm": 3.799, "tok_per_s": 202700.9, "load": 5.63330078125}
{"event": "step", "step": 299600, "loss": 5.0145, "lr": 0.0005230706002809895, "gnorm": 8.046, "tok_per_s": 202678.8, "load": 5.50244140625}
{"event": "step", "step": 299800, "loss": 4.9443, "lr": 0.000521770956403723, "gnorm": 4.288, "tok_per_s": 202643.4, "load": 5.27099609375}
{"event": "step", "step": 300000, "loss": 4.9037, "lr": 0.0005204747706767749, "gnorm": 5.907, "tok_per_s": 202513.1, "load": 5.53076171875}
eval 300000 {'bpb': 1.679357455016362, 'nats_per_token': 5.063464936046157, 'tokens': 16379, 'bytes': 71247}
{"event": "step", "step": 300200, "loss": 4.8494, "lr": 0.0005191820470731017, "gnorm": 4.841, "tok_per_s": 167985.8, "load": 5.9169921875}
{"event": "step", "step": 300400, "loss": 4.7458, "lr": 0.0005178927895550485, "gnorm": 6.198, "tok_per_s": 202810.8, "load": 5.76318359375}
{"event": "step", "step": 300600, "loss": 4.9757, "lr": 0.0005166070020743358, "gnorm": 5.322, "tok_per_s": 202910.4, "load": 5.7998046875}
{"event": "step", "step": 300800, "loss": 5.0071, "lr": 0.0005153246885720488, "gnorm": 10.539, "tok_per_s": 202611.5, "load": 5.6552734375}
{"event": "step", "step": 301000, "loss": 4.9302, "lr": 0.0005140458529786239, "gnorm": 4.365, "tok_per_s": 202806.9, "load": 5.56103515625}
{"event": "step", "step": 301200, "loss": 5.0839, "lr": 0.000512770499213838, "gnorm": 5.636, "tok_per_s": 202722.1, "load": 5.5419921875}
{"event": "step", "step": 301400, "loss": 5.0564, "lr": 0.0005114986311867947, "gnorm": 5.085, "tok_per_s": 202366.3, "load": 5.41845703125}
{"event": "step", "step": 301600, "loss": 5.1357, "lr": 0.000510230252795915, "gnorm": 4.327, "tok_per_s": 201927.3, "load": 5.427734375}
{"event": "step", "step": 301800, "loss": 5.0712, "lr": 0.0005089653679289228, "gnorm": 3.392, "tok_per_s": 202153.5, "load": 5.51611328125}
{"event": "step", "step": 302000, "loss": 5.1497, "lr": 0.0005077039804628336, "gnorm": 3.775, "tok_per_s": 202564.0, "load": 5.39453125}
{"event": "step", "step": 302200, "loss": 4.9898, "lr": 0.0005064460942639436, "gnorm": 3.488, "tok_per_s": 172037.1, "load": 5.1796875}
{"event": "step", "step": 302400, "loss": 5.0386, "lr": 0.0005051917131878168, "gnorm": 9.527, "tok_per_s": 202748.0, "load": 4.998046875}
{"event": "step", "step": 302600, "loss": 5.003, "lr": 0.0005039408410792745, "gnorm": 10.715, "tok_per_s": 202678.6, "load": 4.99853515625}
{"event": "step", "step": 302800, "loss": 5.2251, "lr": 0.0005026934817723814, "gnorm": 7.979, "tok_per_s": 202521.4, "load": 4.8447265625}
{"event": "step", "step": 303000, "loss": 4.9896, "lr": 0.0005014496390904358, "gnorm": 4.308, "tok_per_s": 202674.1, "load": 4.71435546875}
{"event": "step", "step": 303200, "loss": 4.9998, "lr": 0.0005002093168459574, "gnorm": 4.01, "tok_per_s": 202670.1, "load": 4.65673828125}
{"event": "step", "step": 303400, "loss": 5.1232, "lr": 0.0004989725188406741, "gnorm": 7.804, "tok_per_s": 202565.2, "load": 4.55517578125}
{"event": "step", "step": 303600, "loss": 4.837, "lr": 0.0004977392488655126, "gnorm": 5.168, "tok_per_s": 202736.2, "load": 4.6240234375}
{"event": "step", "step": 303800, "loss": 5.0899, "lr": 0.0004965095107005862, "gnorm": 5.291, "tok_per_s": 202685.8, "load": 4.57373046875}
{"event": "step", "step": 304000, "loss": 5.1657, "lr": 0.0004952833081151818, "gnorm": 8.018, "tok_per_s": 202538.9, "load": 4.48486328125}
{"event": "step", "step": 304200, "loss": 4.9907, "lr": 0.0004940606448677499, "gnorm": 5.748, "tok_per_s": 172267.8, "load": 4.40966796875}
{"event": "step", "step": 304400, "loss": 4.8164, "lr": 0.0004928415247058921, "gnorm": 14.748, "tok_per_s": 202385.9, "load": 4.45703125}
{"event": "step", "step": 304600, "loss": 4.9776, "lr": 0.0004916259513663508, "gnorm": 5.316, "tok_per_s": 202166.2, "load": 4.61474609375}
{"event": "step", "step": 304800, "loss": 4.9349, "lr": 0.000490413928574996, "gnorm": 16.921, "tok_per_s": 202607.5, "load": 4.59423828125}
{"event": "step", "step": 305000, "loss": 4.8646, "lr": 0.0004892054600468159, "gnorm": 3.256, "tok_per_s": 202643.3, "load": 4.54638671875}
eval 305000 {'bpb': 1.6801251846042562, 'nats_per_token': 5.065779733194945, 'tokens': 16379, 'bytes': 71247}
{"event": "step", "step": 305200, "loss": 5.0628, "lr": 0.0004880005494859035, "gnorm": 7.454, "tok_per_s": 201258.5, "load": 4.4619140625}
{"event": "step", "step": 305400, "loss": 4.9363, "lr": 0.00048679920058544707, "gnorm": 7.613, "tok_per_s": 202352.3, "load": 4.4248046875}
{"event": "step", "step": 305600, "loss": 5.0399, "lr": 0.000485601417027717, "gnorm": 3.973, "tok_per_s": 202450.3, "load": 4.35888671875}
{"event": "step", "step": 305800, "loss": 4.8818, "lr": 0.00048440720248405704, "gnorm": 5.719, "tok_per_s": 202415.9, "load": 4.30322265625}
{"event": "step", "step": 306000, "loss": 4.8438, "lr": 0.0004832165606148702, "gnorm": 6.055, "tok_per_s": 202519.3, "load": 4.27880859375}
{"event": "step", "step": 306200, "loss": 5.0242, "lr": 0.0004820294950696088, "gnorm": 12.98, "tok_per_s": 172128.2, "load": 4.2353515625}
{"event": "step", "step": 306400, "loss": 4.9004, "lr": 0.0004808460094867642, "gnorm": 4.76, "tok_per_s": 202465.6, "load": 5.8935546875}
{"event": "step", "step": 306600, "loss": 4.8933, "lr": 0.0004796661074938535, "gnorm": 4.654, "tok_per_s": 202660.0, "load": 5.82177734375}
{"event": "step", "step": 306800, "loss": 4.9925, "lr": 0.0004784897927074116, "gnorm": 5.257, "tok_per_s": 202498.1, "load": 5.68896484375}
{"event": "step", "step": 307000, "loss": 5.0931, "lr": 0.0004773170687329766, "gnorm": 18.33, "tok_per_s": 202518.5, "load": 5.42919921875}
{"event": "step", "step": 307200, "loss": 4.8936, "lr": 0.00047614793916508067, "gnorm": 6.189, "tok_per_s": 202566.2, "load": 5.314453125}
{"event": "step", "step": 307400, "loss": 5.1433, "lr": 0.0004749824075872393, "gnorm": 15.55, "tok_per_s": 202556.7, "load": 5.259765625}
{"event": "step", "step": 307600, "loss": 5.2099, "lr": 0.0004738204775719386, "gnorm": 11.972, "tok_per_s": 202469.9, "load": 7.5419921875}
{"event": "step", "step": 307800, "loss": 4.8978, "lr": 0.0004726621526806269, "gnorm": 3.661, "tok_per_s": 202464.7, "load": 7.25830078125}
{"event": "step", "step": 308000, "loss": 5.2182, "lr": 0.00047150743646370136, "gnorm": 8.536, "tok_per_s": 202519.6, "load": 6.7568359375}
{"event": "step", "step": 308200, "loss": 4.9227, "lr": 0.00047035633246049865, "gnorm": 17.039, "tok_per_s": 172132.1, "load": 6.40625}
{"event": "step", "step": 308400, "loss": 5.0937, "lr": 0.0004692088441992835, "gnorm": 6.465, "tok_per_s": 203236.6, "load": 6.21337890625}
{"event": "step", "step": 308600, "loss": 5.0061, "lr": 0.00046806497519723766, "gnorm": 5.314, "tok_per_s": 203031.9, "load": 5.873046875}
{"event": "step", "step": 308800, "loss": 4.9883, "lr": 0.0004669247289604499, "gnorm": 10.387, "tok_per_s": 202442.0, "load": 5.58447265625}
{"event": "step", "step": 309000, "loss": 5.2942, "lr": 0.00046578810898390466, "gnorm": 13.218, "tok_per_s": 202675.7, "load": 5.45751953125}
{"event": "step", "step": 309200, "loss": 4.8845, "lr": 0.00046465511875147113, "gnorm": 8.666, "tok_per_s": 202659.7, "load": 5.23291015625}
{"event": "step", "step": 309400, "loss": 4.952, "lr": 0.00046352576173589344, "gnorm": 15.281, "tok_per_s": 202490.7, "load": 5.1337890625}
{"event": "step", "step": 309600, "loss": 5.0372, "lr": 0.0004624000413987793, "gnorm": 9.783, "tok_per_s": 202640.0, "load": 4.958984375}
{"event": "step", "step": 309800, "loss": 4.999, "lr": 0.0004612779611905895, "gnorm": 8.177, "tok_per_s": 202451.4, "load": 4.81103515625}
{"event": "step", "step": 310000, "loss": 5.0647, "lr": 0.00046015952455062713, "gnorm": 5.736, "tok_per_s": 202426.8, "load": 7.068359375}
eval 310000 {'bpb': 1.6828331992520151, 'nats_per_token': 5.073944723426338, 'tokens': 16379, 'bytes': 71247}
{"event": "step", "step": 310200, "loss": 4.9093, "lr": 0.00045904473490702833, "gnorm": 5.422, "tok_per_s": 171516.3, "load": 6.59619140625}
{"event": "step", "step": 310400, "loss": 4.9237, "lr": 0.0004579335956767501, "gnorm": 10.974, "tok_per_s": 202675.2, "load": 6.19677734375}
{"event": "step", "step": 310600, "loss": 5.0001, "lr": 0.00045682611026556, "gnorm": 4.926, "tok_per_s": 202516.0, "load": 5.8583984375}
{"event": "step", "step": 310800, "loss": 4.8952, "lr": 0.0004557222820680268, "gnorm": 6.029, "tok_per_s": 202524.3, "load": 5.70947265625}
{"event": "step", "step": 311000, "loss": 4.9665, "lr": 0.0004546221144675096, "gnorm": 6.367, "tok_per_s": 202474.6, "load": 5.4462890625}
{"event": "step", "step": 311200, "loss": 4.9397, "lr": 0.0004535256108361474, "gnorm": 12.987, "tok_per_s": 202402.8, "load": 5.49072265625}
{"event": "step", "step": 311400, "loss": 4.8919, "lr": 0.0004524327745348484, "gnorm": 8.869, "tok_per_s": 202378.6, "load": 5.3349609375}
{"event": "step", "step": 311600, "loss": 5.0165, "lr": 0.0004513436089132801, "gnorm": 4.334, "tok_per_s": 202758.4, "load": 5.12939453125}
{"event": "step", "step": 311800, "loss": 5.1412, "lr": 0.00045025811730985935, "gnorm": 12.653, "tok_per_s": 202548.0, "load": 5.03857421875}
{"event": "step", "step": 312000, "loss": 4.9864, "lr": 0.0004491763030517404, "gnorm": 7.792, "tok_per_s": 202597.2, "load": 4.87841796875}
{"event": "step", "step": 312200, "loss": 4.9148, "lr": 0.00044809816945480784, "gnorm": 4.073, "tok_per_s": 172474.6, "load": 4.74267578125}
{"event": "step", "step": 312400, "loss": 5.0883, "lr": 0.0004470237198236636, "gnorm": 6.008, "tok_per_s": 202449.0, "load": 4.68310546875}
{"event": "step", "step": 312600, "loss": 4.9069, "lr": 0.0004459529574516179, "gnorm": 10.537, "tok_per_s": 201950.0, "load": 4.818359375}
{"event": "step", "step": 312800, "loss": 5.0104, "lr": 0.000444885885620679, "gnorm": 5.047, "tok_per_s": 202594.2, "load": 4.76611328125}
{"event": "step", "step": 313000, "loss": 5.0691, "lr": 0.0004438225076015436, "gnorm": 7.786, "tok_per_s": 202600.2, "load": 4.70458984375}
{"event": "step", "step": 313200, "loss": 5.1868, "lr": 0.0004427628266535863, "gnorm": 9.59, "tok_per_s": 202704.5, "load": 4.669921875}
{"event": "step", "step": 313400, "loss": 5.0641, "lr": 0.00044170684602484945, "gnorm": 7.064, "tok_per_s": 202579.1, "load": 4.80712890625}
{"event": "step", "step": 313600, "loss": 4.956, "lr": 0.00044065456895203404, "gnorm": 7.072, "tok_per_s": 202557.5, "load": 4.7421875}
{"event": "step", "step": 313800, "loss": 5.0971, "lr": 0.0004396059986604889, "gnorm": 4.202, "tok_per_s": 202676.2, "load": 4.6279296875}
{"event": "step", "step": 314000, "loss": 5.0247, "lr": 0.000438561138364201, "gnorm": 4.67, "tok_per_s": 202555.3, "load": 4.57763671875}
{"event": "step", "step": 314200, "loss": 5.0474, "lr": 0.00043751999126578607, "gnorm": 6.514, "tok_per_s": 172536.9, "load": 4.64892578125}
{"event": "step", "step": 314400, "loss": 5.0802, "lr": 0.00043648256055647843, "gnorm": 5.166, "tok_per_s": 202798.3, "load": 4.548828125}
{"event": "step", "step": 314600, "loss": 5.0407, "lr": 0.00043544884941612165, "gnorm": 8.172, "tok_per_s": 202483.1, "load": 4.62451171875}
{"event": "step", "step": 314800, "loss": 5.056, "lr": 0.00043441886101315726, "gnorm": 7.725, "tok_per_s": 201902.2, "load": 4.81494140625}
{"event": "step", "step": 315000, "loss": 5.096, "lr": 0.0004333925985046168, "gnorm": 4.617, "tok_per_s": 202827.2, "load": 4.8369140625}
eval 315000 {'bpb': 1.6713273800356254, 'nats_per_token': 5.039253293088711, 'tokens': 16379, 'bytes': 71247}
{"event": "step", "step": 315200, "loss": 5.1063, "lr": 0.00043237006503611165, "gnorm": 6.667, "tok_per_s": 201590.6, "load": 4.76953125}
{"event": "step", "step": 315400, "loss": 4.9618, "lr": 0.00043135126374182364, "gnorm": 6.258, "tok_per_s": 202708.4, "load": 4.80517578125}
{"event": "step", "step": 315600, "loss": 5.2873, "lr": 0.0004303361977444941, "gnorm": 23.188, "tok_per_s": 202638.5, "load": 4.6806640625}
{"event": "step", "step": 315800, "loss": 5.1279, "lr": 0.0004293248701554161, "gnorm": 13.165, "tok_per_s": 202483.3, "load": 4.6259765625}
{"event": "step", "step": 316000, "loss": 5.0144, "lr": 0.00042831728407442365, "gnorm": 6.335, "tok_per_s": 201868.5, "load": 4.76416015625}
{"event": "step", "step": 316200, "loss": 5.1342, "lr": 0.00042731344258988214, "gnorm": 13.509, "tok_per_s": 171781.8, "load": 5.041015625}
{"event": "step", "step": 316400, "loss": 4.8899, "lr": 0.00042631334877868047, "gnorm": 3.662, "tok_per_s": 202230.7, "load": 5.1181640625}
{"event": "step", "step": 316600, "loss": 5.084, "lr": 0.0004253170057062196, "gnorm": 4.707, "tok_per_s": 202263.4, "load": 4.94580078125}
{"event": "step", "step": 316800, "loss": 4.9863, "lr": 0.00042432441642640455, "gnorm": 3.282, "tok_per_s": 202352.2, "load": 4.7998046875}
{"event": "step", "step": 317000, "loss": 5.0155, "lr": 0.0004233355839816342, "gnorm": 4.068, "tok_per_s": 202288.8, "load": 4.7353515625}
{"event": "step", "step": 317200, "loss": 5.0525, "lr": 0.0004223505114027925, "gnorm": 5.026, "tok_per_s": 202340.7, "load": 4.6220703125}
{"event": "step", "step": 317400, "loss": 5.0487, "lr": 0.00042136920170923904, "gnorm": 11.538, "tok_per_s": 201984.9, "load": 4.7607421875}
{"event": "step", "step": 317600, "loss": 4.9936, "lr": 0.00042039165790879927, "gnorm": 5.975, "tok_per_s": 202503.2, "load": 4.8603515625}
{"event": "step", "step": 317800, "loss": 5.03, "lr": 0.0004194178829977565, "gnorm": 4.324, "tok_per_s": 202637.0, "load": 4.7275390625}
{"event": "step", "step": 318000, "loss": 5.1295, "lr": 0.0004184478799608412, "gnorm": 4.207, "tok_per_s": 202768.0, "load": 4.82958984375}
{"event": "step", "step": 318200, "loss": 4.9723, "lr": 0.00041748165177122335, "gnorm": 5.009, "tok_per_s": 172363.7, "load": 4.701171875}
{"event": "step", "step": 318400, "loss": 5.0062, "lr": 0.0004165192013905017, "gnorm": 6.888, "tok_per_s": 202749.9, "load": 4.59326171875}
{"event": "step", "step": 318600, "loss": 4.9503, "lr": 0.00041556053176869677, "gnorm": 8.064, "tok_per_s": 202631.5, "load": 4.50146484375}
{"event": "step", "step": 318800, "loss": 5.0619, "lr": 0.00041460564584423987, "gnorm": 4.38, "tok_per_s": 202463.4, "load": 4.4609375}
{"event": "step", "step": 319000, "loss": 5.1797, "lr": 0.00041365454654396455, "gnorm": 7.779, "tok_per_s": 202553.8, "load": 4.6181640625}
{"event": "step", "step": 319200, "loss": 5.0355, "lr": 0.00041270723678309856, "gnorm": 5.01, "tok_per_s": 202509.2, "load": 5.99658203125}
{"event": "step", "step": 319400, "loss": 5.0349, "lr": 0.0004117637194652535, "gnorm": 11.388, "tok_per_s": 202167.1, "load": 5.83642578125}
{"event": "step", "step": 319600, "loss": 5.0281, "lr": 0.00041082399748241827, "gnorm": 6.437, "tok_per_s": 202296.0, "load": 5.5537109375}
{"event": "step", "step": 319800, "loss": 5.0632, "lr": 0.000409888073714947, "gnorm": 4.504, "tok_per_s": 202360.6, "load": 5.42919921875}
{"event": "step", "step": 320000, "loss": 4.8802, "lr": 0.0004089559510315524, "gnorm": 3.29, "tok_per_s": 202420.4, "load": 5.208984375}
eval 320000 {'bpb': 1.6892941191158501, 'nats_per_token': 5.09342517476647, 'tokens': 16379, 'bytes': 71247}
{"event": "step", "step": 320200, "loss": 4.8488, "lr": 0.0004080276322892971, "gnorm": 3.501, "tok_per_s": 171619.8, "load": 5.0224609375}
{"event": "step", "step": 320400, "loss": 5.0694, "lr": 0.0004071031203335826, "gnorm": 9.875, "tok_per_s": 202508.3, "load": 4.9453125}
{"event": "step", "step": 320600, "loss": 5.0197, "lr": 0.0004061824179981439, "gnorm": 3.62, "tok_per_s": 202668.3, "load": 4.869140625}
{"event": "step", "step": 320800, "loss": 5.0002, "lr": 0.00040526552810503825, "gnorm": 7.875, "tok_per_s": 202262.9, "load": 4.73486328125}
{"event": "step", "step": 321000, "loss": 4.907, "lr": 0.0004043524534646372, "gnorm": 5.733, "tok_per_s": 202435.0, "load": 4.67578125}
{"event": "step", "step": 321200, "loss": 4.946, "lr": 0.0004034431968756188, "gnorm": 15.662, "tok_per_s": 202438.1, "load": 4.57177734375}
{"event": "step", "step": 321400, "loss": 5.0144, "lr": 0.0004025377611249576, "gnorm": 11.698, "tok_per_s": 202277.6, "load": 4.63818359375}
{"event": "step", "step": 321600, "loss": 4.905, "lr": 0.00040163614898791714, "gnorm": 5.811, "tok_per_s": 202311.1, "load": 4.5869140625}
{"event": "step", "step": 321800, "loss": 5.1525, "lr": 0.00040073836322804105, "gnorm": 10.156, "tok_per_s": 202461.4, "load": 4.5703125}
{"event": "step", "step": 322000, "loss": 4.977, "lr": 0.00039984440659714506, "gnorm": 5.87, "tok_per_s": 202311.8, "load": 4.48193359375}
{"event": "step", "step": 322200, "loss": 4.9792, "lr": 0.0003989542818353075, "gnorm": 8.555, "tok_per_s": 172182.5, "load": 4.44287109375}
{"event": "step", "step": 322400, "loss": 4.9497, "lr": 0.0003980679916708626, "gnorm": 7.373, "tok_per_s": 202586.7, "load": 4.37451171875}
{"event": "step", "step": 322600, "loss": 4.9105, "lr": 0.00039718553882038993, "gnorm": 5.285, "tok_per_s": 202410.8, "load": 4.31640625}
{"event": "step", "step": 322800, "loss": 5.0831, "lr": 0.0003963069259887077, "gnorm": 5.46, "tok_per_s": 202376.0, "load": 4.291015625}
{"event": "step", "step": 323000, "loss": 4.9691, "lr": 0.0003954321558688649, "gnorm": 10.571, "tok_per_s": 202289.7, "load": 4.24609375}
{"event": "step", "step": 323200, "loss": 5.2471, "lr": 0.0003945612311421312, "gnorm": 14.36, "tok_per_s": 202249.4, "load": 4.20751953125}
{"event": "step", "step": 323400, "loss": 5.0852, "lr": 0.0003936941544779895, "gnorm": 7.027, "tok_per_s": 202371.4, "load": 4.1904296875}
{"event": "step", "step": 323600, "loss": 4.8649, "lr": 0.00039283092853412865, "gnorm": 3.57, "tok_per_s": 202354.7, "load": 4.16064453125}
{"event": "step", "step": 323800, "loss": 5.244, "lr": 0.00039197155595643407, "gnorm": 4.655, "tok_per_s": 202616.4, "load": 4.30810546875}
{"event": "step", "step": 324000, "loss": 4.9608, "lr": 0.0003911160393789807, "gnorm": 7.662, "tok_per_s": 202408.7, "load": 4.26025390625}
{"event": "step", "step": 324200, "loss": 5.0572, "lr": 0.00039026438142402434, "gnorm": 5.129, "tok_per_s": 172234.1, "load": 4.2939453125}
{"event": "step", "step": 324400, "loss": 5.0894, "lr": 0.00038941658470199316, "gnorm": 9.738, "tok_per_s": 202508.1, "load": 4.248046875}
{"event": "step", "step": 324600, "loss": 5.0222, "lr": 0.0003885726518114809, "gnorm": 6.653, "tok_per_s": 202491.0, "load": 4.22802734375}
{"event": "step", "step": 324800, "loss": 5.1967, "lr": 0.000387732585339237, "gnorm": 13.491, "tok_per_s": 202410.1, "load": 4.1923828125}
{"event": "step", "step": 325000, "loss": 5.0278, "lr": 0.00038689638786016143, "gnorm": 8.432, "tok_per_s": 202205.6, "load": 4.3232421875}
eval 325000 {'bpb': 1.689143911153001, 'nats_per_token': 5.092972279672141, 'tokens': 16379, 'bytes': 71247}
{"event": "step", "step": 325200, "loss": 5.0244, "lr": 0.00038606406193729436, "gnorm": 4.683, "tok_per_s": 200621.4, "load": 4.53759765625}
{"event": "step", "step": 325400, "loss": 5.0144, "lr": 0.0003852356101218096, "gnorm": 7.162, "tok_per_s": 202506.9, "load": 4.60888671875}
{"event": "step", "step": 325600, "loss": 5.1355, "lr": 0.00038441103495300585, "gnorm": 7.391, "tok_per_s": 202544.4, "load": 4.56005859375}
{"event": "step", "step": 325800, "loss": 4.9495, "lr": 0.00038359033895830007, "gnorm": 7.374, "tok_per_s": 202448.2, "load": 4.4736328125}
{"event": "step", "step": 326000, "loss": 4.9591, "lr": 0.0003827735246532185, "gnorm": 5.881, "tok_per_s": 202353.5, "load": 4.400390625}
{"event": "step", "step": 326200, "loss": 5.0831, "lr": 0.0003819605945413901, "gnorm": 12.779, "tok_per_s": 172135.3, "load": 4.6591796875}
{"event": "step", "step": 326400, "loss": 4.9041, "lr": 0.000381151551114538, "gnorm": 3.941, "tok_per_s": 202317.7, "load": 4.60595703125}
{"event": "step", "step": 326600, "loss": 5.0655, "lr": 0.0003803463968524724, "gnorm": 4.942, "tok_per_s": 202411.1, "load": 4.51220703125}
{"event": "step", "step": 326800, "loss": 5.0469, "lr": 0.00037954513422308264, "gnorm": 5.712, "tok_per_s": 202505.3, "load": 4.470703125}
{"event": "step", "step": 327000, "loss": 4.9755, "lr": 0.00037874776568232936, "gnorm": 8.629, "tok_per_s": 202298.1, "load": 4.39794921875}
{"event": "step", "step": 327200, "loss": 4.9446, "lr": 0.0003779542936742387, "gnorm": 6.542, "tok_per_s": 202334.1, "load": 4.4970703125}
{"event": "step", "step": 327400, "loss": 4.8926, "lr": 0.0003771647206308922, "gnorm": 4.58, "tok_per_s": 202487.5, "load": 4.45703125}
{"event": "step", "step": 327600, "loss": 4.8172, "lr": 0.0003763790489724208, "gnorm": 4.703, "tok_per_s": 202315.4, "load": 4.46728515625}
{"event": "step", "step": 327800, "loss": 4.9305, "lr": 0.0003755972811069975, "gnorm": 5.77, "tok_per_s": 201298.4, "load": 4.9375}
{"event": "step", "step": 328000, "loss": 4.8912, "lr": 0.0003748194194308298, "gnorm": 8.713, "tok_per_s": 202487.7, "load": 4.8623046875}
{"event": "step", "step": 328200, "loss": 4.9023, "lr": 0.0003740454663281523, "gnorm": 10.883, "tok_per_s": 171996.2, "load": 8.12451171875}
{"event": "step", "step": 328400, "loss": 4.9821, "lr": 0.0003732754241712193, "gnorm": 4.167, "tok_per_s": 202464.0, "load": 7.48974609375}
{"event": "step", "step": 328600, "loss": 5.0698, "lr": 0.00037250929532029744, "gnorm": 6.254, "tok_per_s": 202464.7, "load": 7.2099609375}
{"event": "step", "step": 328800, "loss": 4.9724, "lr": 0.00037174708212365896, "gnorm": 5.907, "tok_per_s": 202286.1, "load": 6.7158203125}
{"event": "step", "step": 329000, "loss": 5.1178, "lr": 0.0003709887869175735, "gnorm": 8.121, "tok_per_s": 202428.6, "load": 6.2978515625}
{"event": "step", "step": 329200, "loss": 4.819, "lr": 0.00037023441202630255, "gnorm": 9.854, "tok_per_s": 202328.7, "load": 6.19384765625}
{"event": "step", "step": 329400, "loss": 5.0069, "lr": 0.0003694839597620908, "gnorm": 9.967, "tok_per_s": 202235.9, "load": 5.8564453125}
{"event": "step", "step": 329600, "loss": 5.0999, "lr": 0.00036873743242516, "gnorm": 12.267, "tok_per_s": 202332.8, "load": 5.70751953125}
{"event": "step", "step": 329800, "loss": 5.037, "lr": 0.00036799483230370096, "gnorm": 8.046, "tok_per_s": 202288.0, "load": 5.4443359375}
{"event": "step", "step": 330000, "loss": 4.9043, "lr": 0.00036725616167386765, "gnorm": 10.389, "tok_per_s": 202032.2, "load": 5.22216796875}
eval 330000 {'bpb': 1.6834383815183431, 'nats_per_token': 5.0757694208285, 'tokens': 16379, 'bytes': 71247}
{"event": "step", "step": 330200, "loss": 5.0232, "lr": 0.00036652142279976966, "gnorm": 3.677, "tok_per_s": 171289.0, "load": 5.1943359375}
{"event": "step", "step": 330400, "loss": 4.9399, "lr": 0.00036579061793346504, "gnorm": 4.002, "tok_per_s": 202186.6, "load": 5.89990234375}
{"event": "step", "step": 330600, "loss": 4.9582, "lr": 0.00036506374931495394, "gnorm": 4.255, "tok_per_s": 202303.4, "load": 5.90869140625}
{"event": "step", "step": 330800, "loss": 5.0383, "lr": 0.00036434081917217123, "gnorm": 5.013, "tok_per_s": 202255.2, "load": 5.61474609375}
{"event": "step", "step": 331000, "loss": 4.8968, "lr": 0.0003636218297209801, "gnorm": 9.83, "tok_per_s": 202325.2, "load": 5.4853515625}
{"event": "step", "step": 331200, "loss": 5.0805, "lr": 0.00036290678316516474, "gnorm": 6.731, "tok_per_s": 202298.8, "load": 5.330078125}
{"event": "step", "step": 331400, "loss": 5.0573, "lr": 0.00036219568169642446, "gnorm": 15.171, "tok_per_s": 202279.6, "load": 5.22314453125}
{"event": "step", "step": 331600, "loss": 4.9546, "lr": 0.00036148852749436615, "gnorm": 7.294, "tok_per_s": 202326.8, "load": 5.03466796875}
{"event": "step", "step": 331800, "loss": 4.9826, "lr": 0.0003607853227264976, "gnorm": 7.046, "tok_per_s": 202289.2, "load": 4.875}
{"event": "step", "step": 332000, "loss": 4.9147, "lr": 0.0003600860695482215, "gnorm": 6.792, "tok_per_s": 202297.6, "load": 4.8046875}
{"event": "step", "step": 332200, "loss": 5.2421, "lr": 0.00035939077010282825, "gnorm": 4.086, "tok_per_s": 171894.1, "load": 4.6806640625}
{"event": "step", "step": 332400, "loss": 4.9585, "lr": 0.00035869942652148987, "gnorm": 6.623, "tok_per_s": 202334.8, "load": 4.57568359375}
{"event": "step", "step": 332600, "loss": 4.9502, "lr": 0.00035801204092325307, "gnorm": 5.895, "tok_per_s": 202261.8, "load": 4.529296875}
{"event": "step", "step": 332800, "loss": 4.8443, "lr": 0.0003573286154150329, "gnorm": 5.965, "tok_per_s": 202319.9, "load": 4.81640625}
{"event": "step", "step": 333000, "loss": 4.943, "lr": 0.00035664915209160613, "gnorm": 5.409, "tok_per_s": 202421.8, "load": 4.7646484375}
{"event": "step", "step": 333200, "loss": 4.8757, "lr": 0.00035597365303560507, "gnorm": 6.795, "tok_per_s": 202552.6, "load": 4.703125}
{"event": "step", "step": 333400, "loss": 4.7996, "lr": 0.0003553021203175114, "gnorm": 8.153, "tok_per_s": 202432.7, "load": 4.59423828125}
{"event": "step", "step": 333600, "loss": 5.1119, "lr": 0.000354634555995649, "gnorm": 4.528, "tok_per_s": 202387.3, "load": 4.50244140625}
{"event": "step", "step": 333800, "loss": 5.0629, "lr": 0.00035397096211617856, "gnorm": 5.144, "tok_per_s": 202368.5, "load": 4.4619140625}
{"event": "step", "step": 334000, "loss": 4.7975, "lr": 0.00035331134071309075, "gnorm": 4.863, "tok_per_s": 202597.2, "load": 4.390625}
{"event": "step", "step": 334200, "loss": 5.0839, "lr": 0.0003526556938082002, "gnorm": 5.375, "tok_per_s": 172560.6, "load": 4.330078125}
{"event": "step", "step": 334400, "loss": 4.9804, "lr": 0.00035200402341113924, "gnorm": 7.495, "tok_per_s": 202485.9, "load": 4.30322265625}
{"event": "step", "step": 334600, "loss": 5.1289, "lr": 0.0003513563315193518, "gnorm": 8.821, "tok_per_s": 202412.4, "load": 4.3369140625}
{"event": "step", "step": 334800, "loss": 4.8713, "lr": 0.00035071262011808697, "gnorm": 5.462, "tok_per_s": 202379.8, "load": 4.28466796875}
{"event": "step", "step": 335000, "loss": 4.8852, "lr": 0.0003500728911803936, "gnorm": 6.095, "tok_per_s": 202238.0, "load": 4.26171875}
eval 335000 {'bpb': 1.677566824230173, 'nats_per_token': 5.058065968618353, 'tokens': 16379, 'bytes': 71247}
{"event": "step", "step": 335200, "loss": 4.8702, "lr": 0.0003494371466671135, "gnorm": 3.286, "tok_per_s": 201162.3, "load": 4.22119140625}
{"event": "step", "step": 335400, "loss": 4.9618, "lr": 0.00034880538852687603, "gnorm": 6.887, "tok_per_s": 202222.7, "load": 4.1865234375}
{"event": "step", "step": 335600, "loss": 4.8982, "lr": 0.0003481776186960915, "gnorm": 4.648, "tok_per_s": 202324.9, "load": 4.17138671875}
{"event": "step", "step": 335800, "loss": 5.095, "lr": 0.0003475538390989462, "gnorm": 5.261, "tok_per_s": 202181.8, "load": 4.14453125}
{"event": "step", "step": 336000, "loss": 4.8424, "lr": 0.00034693405164739537, "gnorm": 3.147, "tok_per_s": 202107.5, "load": 4.1328125}
{"event": "step", "step": 336200, "loss": 4.9407, "lr": 0.00034631825824115787, "gnorm": 4.068, "tok_per_s": 171919.3, "load": 4.1923828125}
{"event": "step", "step": 336400, "loss": 5.0892, "lr": 0.00034570646076771065, "gnorm": 6.276, "tok_per_s": 202260.9, "load": 4.16259765625}
{"event": "step", "step": 336600, "loss": 4.9581, "lr": 0.00034509866110228246, "gnorm": 3.824, "tok_per_s": 202290.4, "load": 4.3720703125}
{"event": "step", "step": 336800, "loss": 4.8765, "lr": 0.00034449486110784853, "gnorm": 4.448, "tok_per_s": 202247.5, "load": 4.50244140625}
{"event": "step", "step": 337000, "loss": 4.8256, "lr": 0.00034389506263512434, "gnorm": 5.831, "tok_per_s": 202042.0, "load": 4.4990234375}
{"event": "step", "step": 337200, "loss": 5.0349, "lr": 0.0003432992675225606, "gnorm": 9.71, "tok_per_s": 202171.6, "load": 4.458984375}
{"event": "step", "step": 337400, "loss": 4.8811, "lr": 0.00034270747759633714, "gnorm": 7.144, "tok_per_s": 202189.7, "load": 4.46826171875}
{"event": "step", "step": 337600, "loss": 5.1522, "lr": 0.00034211969467035693, "gnorm": 7.211, "tok_per_s": 202088.4, "load": 4.70458984375}
{"event": "step", "step": 337800, "loss": 4.8485, "lr": 0.0003415359205462419, "gnorm": 4.114, "tok_per_s": 202019.2, "load": 4.80859375}
{"event": "step", "step": 338000, "loss": 4.8693, "lr": 0.00034095615701332596, "gnorm": 4.059, "tok_per_s": 202348.3, "load": 4.68408203125}
{"event": "step", "step": 338200, "loss": 4.8692, "lr": 0.00034038040584865036, "gnorm": 5.399, "tok_per_s": 171953.2, "load": 4.65869140625}
{"event": "step", "step": 338400, "loss": 4.9699, "lr": 0.00033980866881695796, "gnorm": 5.978, "tok_per_s": 202491.0, "load": 4.60546875}
{"event": "step", "step": 338600, "loss": 4.9041, "lr": 0.00033924094767068757, "gnorm": 7.397, "tok_per_s": 202467.4, "load": 4.51171875}
{"event": "step", "step": 338800, "loss": 4.9152, "lr": 0.000338677244149969, "gnorm": 7.224, "tok_per_s": 202288.2, "load": 4.58740234375}
{"event": "step", "step": 339000, "loss": 5.0446, "lr": 0.00033811755998261803, "gnorm": 6.551, "tok_per_s": 202473.1, "load": 4.5400390625}
{"event": "step", "step": 339200, "loss": 5.0375, "lr": 0.00033756189688412995, "gnorm": 7.29, "tok_per_s": 202339.3, "load": 4.45654296875}
{"event": "step", "step": 339400, "loss": 4.8824, "lr": 0.00033701025655767555, "gnorm": 4.445, "tok_per_s": 202257.4, "load": 4.38623046875}
{"event": "step", "step": 339600, "loss": 5.0515, "lr": 0.00033646264069409494, "gnorm": 5.582, "tok_per_s": 202407.0, "load": 4.35498046875}
{"event": "step", "step": 339800, "loss": 4.9286, "lr": 0.000335919050971893, "gnorm": 4.983, "tok_per_s": 202494.5, "load": 4.2998046875}
{"event": "step", "step": 340000, "loss": 4.8427, "lr": 0.0003353794890572345, "gnorm": 4.16, "tok_per_s": 202223.5, "load": 4.275390625}
eval 340000 {'bpb': 1.6901812082697996, 'nats_per_token': 5.096099855378839, 'tokens': 16379, 'bytes': 71247}
{"event": "step", "step": 340200, "loss": 4.94, "lr": 0.0003348439566039377, "gnorm": 4.662, "tok_per_s": 171282.4, "load": 4.306640625}
{"event": "step", "step": 340400, "loss": 5.0578, "lr": 0.00033431245525347036, "gnorm": 11.45, "tok_per_s": 202428.5, "load": 4.3330078125}
{"event": "step", "step": 340600, "loss": 5.1043, "lr": 0.00033378498663494475, "gnorm": 4.929, "tok_per_s": 202294.0, "load": 4.51611328125}
{"event": "step", "step": 340800, "loss": 4.9598, "lr": 0.0003332615523651121, "gnorm": 12.511, "tok_per_s": 201717.7, "load": 4.79541015625}
{"event": "step", "step": 341000, "loss": 5.0201, "lr": 0.00033274215404835797, "gnorm": 6.242, "tok_per_s": 202092.7, "load": 4.8203125}
{"event": "step", "step": 341200, "loss": 4.959, "lr": 0.0003322267932766975, "gnorm": 8.837, "tok_per_s": 202245.2, "load": 4.69384765625}
{"event": "step", "step": 341400, "loss": 5.0299, "lr": 0.00033171547162976975, "gnorm": 6.437, "tok_per_s": 202255.1, "load": 4.63818359375}
{"event": "step", "step": 341600, "loss": 4.9702, "lr": 0.0003312081906748339, "gnorm": 7.295, "tok_per_s": 202107.3, "load": 4.53955078125}
{"event": "step", "step": 341800, "loss": 4.8654, "lr": 0.00033070495196676347, "gnorm": 6.128, "tok_per_s": 202362.3, "load": 4.49609375}
{"event": "step", "step": 342000, "loss": 4.9126, "lr": 0.0003302057570480426, "gnorm": 11.762, "tok_per_s": 202249.2, "load": 4.41943359375}
{"event": "step", "step": 342200, "loss": 4.9398, "lr": 0.00032971060744876055, "gnorm": 9.476, "tok_per_s": 171605.0, "load": 4.3544921875}
{"event": "step", "step": 342400, "loss": 4.7762, "lr": 0.000329219504686607, "gnorm": 4.753, "tok_per_s": 202325.1, "load": 4.29931640625}
{"event": "step", "step": 342600, "loss": 4.9725, "lr": 0.0003287324502668678, "gnorm": 4.016, "tok_per_s": 202314.4, "load": 4.27490234375}
{"event": "step", "step": 342800, "loss": 4.8486, "lr": 0.00032824944568242014, "gnorm": 3.879, "tok_per_s": 202156.1, "load": 4.23193359375}
{"event": "step", "step": 343000, "loss": 4.9901, "lr": 0.0003277704924137279, "gnorm": 7.957, "tok_per_s": 202372.3, "load": 4.212890625}
{"event": "step", "step": 343200, "loss": 5.0135, "lr": 0.0003272955919288374, "gnorm": 6.838, "tok_per_s": 201784.1, "load": 4.57470703125}
{"event": "step", "step": 343400, "loss": 4.9499, "lr": 0.00032682474568337266, "gnorm": 6.897, "tok_per_s": 202307.1, "load": 4.6337890625}
{"event": "step", "step": 343600, "loss": 4.9639, "lr": 0.00032635795512053094, "gnorm": 9.709, "tok_per_s": 202518.8, "load": 4.5830078125}
{"event": "step", "step": 343800, "loss": 4.9987, "lr": 0.00032589522167107845, "gnorm": 5.82, "tok_per_s": 202295.9, "load": 4.56689453125}
{"event": "step", "step": 344000, "loss": 5.0292, "lr": 0.00032543654675334563, "gnorm": 6.981, "tok_per_s": 202312.8, "load": 4.4794921875}
{"event": "step", "step": 344200, "loss": 5.0779, "lr": 0.0003249819317732234, "gnorm": 12.002, "tok_per_s": 173232.6, "load": 4.44091796875}
{"event": "step", "step": 344400, "loss": 5.1221, "lr": 0.0003245313781241584, "gnorm": 4.427, "tok_per_s": 202381.0, "load": 4.44677734375}
{"event": "step", "step": 344600, "loss": 4.9507, "lr": 0.0003240848871871489, "gnorm": 7.969, "tok_per_s": 202586.3, "load": 4.37744140625}
{"event": "step", "step": 344800, "loss": 4.8216, "lr": 0.00032364246033074034, "gnorm": 4.753, "tok_per_s": 202312.0, "load": 4.828125}
{"event": "step", "step": 345000, "loss": 4.8659, "lr": 0.000323204098911021, "gnorm": 6.263, "tok_per_s": 201701.0, "load": 5.08251953125}
eval 345000 {'bpb': 1.6610863450877738, 'nats_per_token': 5.008375339611698, 'tokens': 16379, 'bytes': 71247}
{"event": "step", "step": 345200, "loss": 4.9985, "lr": 0.0003227698042716189, "gnorm": 5.213, "tok_per_s": 201418.6, "load": 4.9892578125}
{"event": "step", "step": 345400, "loss": 5.0684, "lr": 0.0003223395777436964, "gnorm": 8.742, "tok_per_s": 202289.3, "load": 4.90966796875}
{"event": "step", "step": 345600, "loss": 5.0409, "lr": 0.0003219134206459467, "gnorm": 7.917, "tok_per_s": 202396.7, "load": 4.84326171875}
{"event": "step", "step": 345800, "loss": 4.9734, "lr": 0.0003214913342845897, "gnorm": 5.272, "tok_per_s": 202469.2, "load": 4.712890625}
{"event": "step", "step": 346000, "loss": 4.9619, "lr": 0.0003210733199533681, "gnorm": 5.725, "tok_per_s": 202352.2, "load": 4.65576171875}
{"event": "step", "step": 346200, "loss": 4.9998, "lr": 0.0003206593789335435, "gnorm": 6.204, "tok_per_s": 172053.0, "load": 4.5546875}
{"event": "step", "step": 346400, "loss": 5.1026, "lr": 0.0003202495124938921, "gnorm": 10.318, "tok_per_s": 202447.2, "load": 4.46923828125}
{"event": "step", "step": 346600, "loss": 5.0184, "lr": 0.0003198437218907012, "gnorm": 7.701, "tok_per_s": 202483.7, "load": 4.51220703125}
{"event": "step", "step": 346800, "loss": 4.9788, "lr": 0.00031944200836776505, "gnorm": 7.125, "tok_per_s": 202453.3, "load": 4.4326171875}
{"event": "step", "step": 347000, "loss": 4.9834, "lr": 0.0003190443731563812, "gnorm": 6.409, "tok_per_s": 202450.3, "load": 4.36572265625}
{"event": "step", "step": 347200, "loss": 4.8478, "lr": 0.0003186508174753472, "gnorm": 4.633, "tok_per_s": 202393.8, "load": 4.33642578125}
{"event": "step", "step": 347400, "loss": 5.0028, "lr": 0.00031826134253095555, "gnorm": 5.378, "tok_per_s": 202365.4, "load": 4.2841796875}
{"event": "step", "step": 347600, "loss": 4.976, "lr": 0.0003178759495169914, "gnorm": 7.233, "tok_per_s": 202140.4, "load": 4.341796875}
{"event": "step", "step": 347800, "loss": 4.9127, "lr": 0.0003174946396147281, "gnorm": 9.491, "tok_per_s": 202350.1, "load": 4.8046875}
{"event": "step", "step": 348000, "loss": 4.8597, "lr": 0.000317117413992924, "gnorm": 5.188, "tok_per_s": 202340.7, "load": 4.6806640625}
{"event": "step", "step": 348200, "loss": 4.968, "lr": 0.00031674427380781837, "gnorm": 4.655, "tok_per_s": 172323.9, "load": 4.57568359375}
{"event": "step", "step": 348400, "loss": 4.7579, "lr": 0.0003163752202031282, "gnorm": 5.607, "tok_per_s": 202408.1, "load": 4.529296875}
{"event": "step", "step": 348600, "loss": 4.9264, "lr": 0.00031601025431004517, "gnorm": 5.054, "tok_per_s": 202298.9, "load": 4.44775390625}
{"event": "step", "step": 348800, "loss": 4.8684, "lr": 0.00031564937724723105, "gnorm": 10.062, "tok_per_s": 202326.2, "load": 4.41162109375}
{"event": "step", "step": 349000, "loss": 4.9453, "lr": 0.00031529259012081496, "gnorm": 5.742, "tok_per_s": 202269.8, "load": 4.34765625}
{"event": "step", "step": 349200, "loss": 4.911, "lr": 0.0003149398940243901, "gnorm": 5.436, "tok_per_s": 202213.8, "load": 4.7744140625}
{"event": "step", "step": 349400, "loss": 5.0576, "lr": 0.00031459129003901003, "gnorm": 8.079, "tok_per_s": 202244.3, "load": 4.7119140625}
{"event": "step", "step": 349600, "loss": 5.0698, "lr": 0.0003142467792331857, "gnorm": 7.629, "tok_per_s": 202460.0, "load": 4.67626953125}
{"event": "step", "step": 349800, "loss": 4.9525, "lr": 0.00031390636266288207, "gnorm": 5.946, "tok_per_s": 202302.6, "load": 4.64599609375}
{"event": "step", "step": 350000, "loss": 4.9022, "lr": 0.00031357004137151423, "gnorm": 8.596, "tok_per_s": 202124.0, "load": 4.59423828125}
eval 350000 {'bpb': 1.6665973716257254, 'nats_per_token': 5.0249917481989135, 'tokens': 16379, 'bytes': 71247}
{"event": "step", "step": 350200, "loss": 4.9942, "lr": 0.0003132378163899456, "gnorm": 5.672, "tok_per_s": 167614.5, "load": 4.80419921875}
{"event": "step", "step": 350400, "loss": 5.0544, "lr": 0.00031290968873648315, "gnorm": 6.166, "tok_per_s": 202320.2, "load": 4.68017578125}
{"event": "step", "step": 350600, "loss": 4.9679, "lr": 0.0003125856594168758, "gnorm": 5.268, "tok_per_s": 202394.3, "load": 4.62548828125}
{"event": "step", "step": 350800, "loss": 5.0669, "lr": 0.0003122657294243101, "gnorm": 7.863, "tok_per_s": 202390.4, "load": 4.52880859375}
{"event": "step", "step": 351000, "loss": 4.8002, "lr": 0.0003119498997394078, "gnorm": 4.654, "tok_per_s": 202329.2, "load": 4.447265625}
{"event": "step", "step": 351200, "loss": 4.9049, "lr": 0.0003116381713302228, "gnorm": 6.503, "tok_per_s": 202219.2, "load": 4.4111328125}
{"event": "step", "step": 351400, "loss": 4.8602, "lr": 0.00031133054515223836, "gnorm": 5.325, "tok_per_s": 202220.1, "load": 4.34765625}
{"event": "step", "step": 351600, "loss": 5.1144, "lr": 0.00031102702214836335, "gnorm": 4.119, "tok_per_s": 202289.2, "load": 4.3740234375}
{"event": "step", "step": 351800, "loss": 4.9551, "lr": 0.0003107276032489306, "gnorm": 6.803, "tok_per_s": 202386.9, "load": 4.34375}
{"event": "step", "step": 352000, "loss": 5.0476, "lr": 0.00031043228937169287, "gnorm": 6.182, "tok_per_s": 202216.1, "load": 4.37109375}
{"event": "step", "step": 352200, "loss": 4.9654, "lr": 0.00031014108142182094, "gnorm": 10.363, "tok_per_s": 172170.9, "load": 4.31396484375}
{"event": "step", "step": 352400, "loss": 5.0773, "lr": 0.0003098539802919002, "gnorm": 8.657, "tok_per_s": 202485.4, "load": 4.28857421875}
{"event": "step", "step": 352600, "loss": 4.9943, "lr": 0.0003095709868619281, "gnorm": 7.024, "tok_per_s": 202275.2, "load": 4.24365234375}
{"event": "step", "step": 352800, "loss": 5.0282, "lr": 0.000309292101999312, "gnorm": 6.45, "tok_per_s": 202156.5, "load": 4.2060546875}
{"event": "step", "step": 353000, "loss": 4.9467, "lr": 0.00030901732655886575, "gnorm": 4.341, "tok_per_s": 202372.1, "load": 4.189453125}
{"event": "step", "step": 353200, "loss": 4.9753, "lr": 0.0003087466613828069, "gnorm": 4.912, "tok_per_s": 202206.6, "load": 4.23388671875}
{"event": "step", "step": 353400, "loss": 5.1682, "lr": 0.0003084801073007554, "gnorm": 5.287, "tok_per_s": 202224.5, "load": 4.21484375}
{"event": "step", "step": 353600, "loss": 5.0562, "lr": 0.00030821766512972957, "gnorm": 5.442, "tok_per_s": 202440.1, "load": 4.18115234375}
{"event": "step", "step": 353800, "loss": 4.8761, "lr": 0.0003079593356741446, "gnorm": 4.609, "tok_per_s": 201326.4, "load": 4.68212890625}
{"event": "step", "step": 354000, "loss": 4.9257, "lr": 0.00030770511972580964, "gnorm": 9.09, "tok_per_s": 202287.6, "load": 4.7080078125}
{"event": "step", "step": 354200, "loss": 4.9065, "lr": 0.0003074550180639255, "gnorm": 4.756, "tok_per_s": 172692.1, "load": 4.67919921875}
{"event": "step", "step": 354400, "loss": 5.1853, "lr": 0.0003072090314550824, "gnorm": 9.04, "tok_per_s": 202417.7, "load": 4.57421875}
{"event": "step", "step": 354600, "loss": 4.7749, "lr": 0.0003069671606532568, "gnorm": 9.946, "tok_per_s": 202320.5, "load": 4.4853515625}
{"event": "step", "step": 354800, "loss": 5.0204, "lr": 0.00030672940639981067, "gnorm": 7.873, "tok_per_s": 202428.9, "load": 4.4462890625}
{"event": "step", "step": 355000, "loss": 5.1603, "lr": 0.00030649576942348754, "gnorm": 6.049, "tok_per_s": 202344.8, "load": 4.52490234375}
eval 355000 {'bpb': 1.675879021433296, 'nats_per_token': 5.052977039959704, 'tokens': 16379, 'bytes': 71247}
{"event": "step", "step": 355200, "loss": 4.9038, "lr": 0.0003062662504404115, "gnorm": 9.448, "tok_per_s": 201159.3, "load": 4.482421875}
{"event": "step", "step": 355400, "loss": 4.8518, "lr": 0.00030604085015408417, "gnorm": 6.627, "tok_per_s": 202270.2, "load": 4.40771484375}
{"event": "step", "step": 355600, "loss": 5.0999, "lr": 0.0003058195692553832, "gnorm": 26.006, "tok_per_s": 202349.2, "load": 4.3447265625}
{"event": "step", "step": 355800, "loss": 4.813, "lr": 0.0003056024084225597, "gnorm": 9.162, "tok_per_s": 202299.5, "load": 4.31689453125}
{"event": "step", "step": 356000, "loss": 5.0292, "lr": 0.00030538936832123624, "gnorm": 7.152, "tok_per_s": 202217.3, "load": 4.42236328125}
{"event": "step", "step": 356200, "loss": 4.797, "lr": 0.0003051804496044049, "gnorm": 3.637, "tok_per_s": 170504.3, "load": 4.5849609375}
{"event": "step", "step": 356400, "loss": 4.7963, "lr": 0.00030497565291242554, "gnorm": 13.989, "tok_per_s": 202524.5, "load": 4.69873046875}
{"event": "step", "step": 356600, "loss": 5.0253, "lr": 0.0003047749788730231, "gnorm": 4.152, "tok_per_s": 202402.9, "load": 4.67138671875}
{"event": "step", "step": 356800, "loss": 4.9787, "lr": 0.00030457842810128636, "gnorm": 4.656, "tok_per_s": 202209.6, "load": 4.80224609375}
{"event": "step", "step": 357000, "loss": 5.2465, "lr": 0.0003043860011996659, "gnorm": 8.661, "tok_per_s": 202382.7, "load": 4.818359375}
{"event": "step", "step": 357200, "loss": 5.2607, "lr": 0.00030419769875797187, "gnorm": 5.819, "tok_per_s": 202281.1, "load": 4.69189453125}
{"event": "step", "step": 357400, "loss": 5.0603, "lr": 0.00030401352135337297, "gnorm": 6.341, "tok_per_s": 202322.1, "load": 4.5849609375}
{"event": "step", "step": 357600, "loss": 5.0151, "lr": 0.00030383346955039357, "gnorm": 8.164, "tok_per_s": 202289.2, "load": 4.85888671875}
{"event": "step", "step": 357800, "loss": 4.8451, "lr": 0.00030365754390091295, "gnorm": 4.419, "tok_per_s": 202221.8, "load": 5.021484375}
{"event": "step", "step": 358000, "loss": 5.1936, "lr": 0.00030348574494416347, "gnorm": 5.625, "tok_per_s": 202378.3, "load": 4.939453125}
{"event": "step", "step": 358200, "loss": 5.0906, "lr": 0.0003033180732067282, "gnorm": 8.332, "tok_per_s": 171632.8, "load": 4.79443359375}
{"event": "step", "step": 358400, "loss": 5.05, "lr": 0.0003031545292025404, "gnorm": 6.257, "tok_per_s": 202437.3, "load": 4.671875}
{"event": "step", "step": 358600, "loss": 4.9463, "lr": 0.0003029951134328807, "gnorm": 6.316, "tok_per_s": 202469.1, "load": 4.56787109375}
{"event": "step", "step": 358800, "loss": 4.895, "lr": 0.0003028398263863767, "gnorm": 4.718, "tok_per_s": 202643.8, "load": 4.6025390625}
{"event": "step", "step": 359000, "loss": 4.8522, "lr": 0.000302688668539001, "gnorm": 7.84, "tok_per_s": 202333.0, "load": 4.59033203125}
{"event": "step", "step": 359200, "loss": 4.8587, "lr": 0.00030254164035406933, "gnorm": 8.071, "tok_per_s": 202365.3, "load": 4.97998046875}
{"event": "step", "step": 359400, "loss": 5.0112, "lr": 0.0003023987422822399, "gnorm": 7.503, "tok_per_s": 202105.4, "load": 8.90576171875}
{"event": "step", "step": 359600, "loss": 4.8081, "lr": 0.0003022599747615117, "gnorm": 4.744, "tok_per_s": 203049.1, "load": 8.3720703125}
{"event": "step", "step": 359800, "loss": 4.9647, "lr": 0.0003021253382172229, "gnorm": 6.013, "tok_per_s": 202297.6, "load": 8.021484375}
{"event": "step", "step": 360000, "loss": 5.0025, "lr": 0.00030199483306204966, "gnorm": 4.522, "tok_per_s": 202293.4, "load": 7.40283203125}
eval 360000 {'bpb': 1.6727309820897347, 'nats_per_token': 5.043485322287686, 'tokens': 16379, 'bytes': 71247}
{"event": "step", "step": 360200, "loss": 5.0044, "lr": 0.00030186845969600517, "gnorm": 18.456, "tok_per_s": 171814.1, "load": 6.87890625}
{"event": "step", "step": 360400, "loss": 4.9317, "lr": 0.00030174621850643824, "gnorm": 6.268, "tok_per_s": 202561.2, "load": 6.435546875}
{"event": "step", "step": 360600, "loss": 4.7996, "lr": 0.00030162810986803196, "gnorm": 5.816, "tok_per_s": 202491.2, "load": 6.240234375}
{"event": "step", "step": 360800, "loss": 4.8273, "lr": 0.0003015141341428028, "gnorm": 8.574, "tok_per_s": 202502.6, "load": 5.96875}
{"event": "step", "step": 361000, "loss": 5.086, "lr": 0.0003014042916800993, "gnorm": 7.531, "tok_per_s": 202390.0, "load": 5.9716796875}
{"event": "step", "step": 361200, "loss": 4.8434, "lr": 0.0003012985828166011, "gnorm": 4.633, "tok_per_s": 202444.8, "load": 5.66796875}
{"event": "step", "step": 361400, "loss": 5.1467, "lr": 0.0003011970078763179, "gnorm": 6.603, "tok_per_s": 202266.7, "load": 5.4111328125}
{"event": "step", "step": 361600, "loss": 4.8347, "lr": 0.0003010995671705885, "gnorm": 13.364, "tok_per_s": 202344.6, "load": 5.2978515625}
{"event": "step", "step": 361800, "loss": 4.9455, "lr": 0.00030100626099807947, "gnorm": 6.668, "tok_per_s": 202237.9, "load": 5.09814453125}
{"event": "step", "step": 362000, "loss": 4.9707, "lr": 0.0003009170896447852, "gnorm": 8.915, "tok_per_s": 202346.3, "load": 5.00244140625}
{"event": "step", "step": 362200, "loss": 4.8907, "lr": 0.0003008320533840256, "gnorm": 5.355, "tok_per_s": 171811.1, "load": 4.921875}
{"event": "step", "step": 362400, "loss": 5.0284, "lr": 0.000300751152476447, "gnorm": 6.5, "tok_per_s": 202620.7, "load": 4.85986328125}
{"event": "step", "step": 362600, "loss": 4.9345, "lr": 0.00030067438717001953, "gnorm": 6.498, "tok_per_s": 201564.6, "load": 4.9619140625}
{"event": "step", "step": 362800, "loss": 5.0155, "lr": 0.0003006017577000377, "gnorm": 6.048, "tok_per_s": 202485.0, "load": 4.96533203125}
{"event": "step", "step": 363000, "loss": 4.8717, "lr": 0.00030053326428911904, "gnorm": 4.713, "tok_per_s": 202500.8, "load": 4.81640625}
{"event": "step", "step": 363200, "loss": 5.1445, "lr": 0.0003004689071472038, "gnorm": 8.309, "tok_per_s": 202381.7, "load": 4.6904296875}
{"event": "step", "step": 363400, "loss": 4.9367, "lr": 0.00030040868647155365, "gnorm": 7.979, "tok_per_s": 202566.4, "load": 4.634765625}
{"event": "step", "step": 363600, "loss": 4.8031, "lr": 0.00030035260244675214, "gnorm": 6.821, "tok_per_s": 202447.6, "load": 4.53662109375}
{"event": "step", "step": 363800, "loss": 4.9561, "lr": 0.00030030065524470277, "gnorm": 6.455, "tok_per_s": 202338.9, "load": 4.57373046875}
{"event": "step", "step": 364000, "loss": 4.9328, "lr": 0.00030025284502463006, "gnorm": 5.893, "tok_per_s": 202535.0, "load": 4.48486328125}
{"event": "step", "step": 364200, "loss": 4.9586, "lr": 0.00030020917193307754, "gnorm": 9.076, "tok_per_s": 172327.8, "load": 4.40966796875}
{"event": "step", "step": 364400, "loss": 5.1226, "lr": 0.0003001696361039082, "gnorm": 9.373, "tok_per_s": 202507.7, "load": 4.34619140625}
{"event": "step", "step": 364600, "loss": 4.9386, "lr": 0.00030013423765830387, "gnorm": 5.785, "tok_per_s": 202523.9, "load": 4.318359375}
{"event": "step", "step": 364800, "loss": 4.9029, "lr": 0.0003001029767047649, "gnorm": 4.523, "tok_per_s": 202563.9, "load": 4.3427734375}
{"event": "step", "step": 365000, "loss": 4.9601, "lr": 0.0003000758533391096, "gnorm": 5.647, "tok_per_s": 202390.5, "load": 6.13134765625}
eval 365000 {'bpb': 1.6960296688096015, 'nats_per_token': 5.113733668111606, 'tokens': 16379, 'bytes': 71247}
{"event": "step", "step": 365200, "loss": 4.87, "lr": 0.00030005286764447415, "gnorm": 12.262, "tok_per_s": 201124.2, "load": 6.04052734375}
{"event": "step", "step": 365400, "loss": 4.9928, "lr": 0.0003000340196913123, "gnorm": 7.528, "tok_per_s": 202373.0, "load": 5.88037109375}
{"event": "step", "step": 365600, "loss": 5.0722, "lr": 0.00030001930953739523, "gnorm": 5.418, "tok_per_s": 202273.4, "load": 5.8095703125}
{"event": "step", "step": 365800, "loss": 5.1927, "lr": 0.00030000873722781123, "gnorm": 5.882, "tok_per_s": 202108.4, "load": 5.6044921875}
{"event": "step", "step": 366000, "loss": 5.1269, "lr": 0.0003000023027949656, "gnorm": 19.143, "tok_per_s": 202257.1, "load": 8.96728515625}
{"event": "step", "step": 366200, "loss": 5.1147, "lr": 0.0003000000062585807, "gnorm": 13.935, "tok_per_s": 172200.1, "load": 8.3505859375}
{"event": "step", "step": 366210, "loss": 5.0833, "lr": 0.0003000000000517238, "gnorm": 13.025, "tok_per_s": 4382916.0, "load": 8.3505859375}
FINAL vast_VD_nostore_d512_s0_3B {"bpb": 1.480461196658676, "nats_per_token": 4.97412508065849, "tokens": 995323, "bytes": 4824566}
NEXT -> python3 track4_sdmllm_evaluate_floors_and_samples.py
END 2026-10-01T10:46:08Z rc=0
