/bin/bash: warning: setlocale: LC_ALL: cannot change locale (en_AU.UTF-8)
START 2026-10-01T06:31:56Z gpu=0 run=vast_VA_d512_s0_3B driver=570.181 load=54.54 21.35 10.26
/root/settle/sdmllm/track4_sdmllm_train_one_arm.py:221: UserWarning: Converting a tensor with requires_grad=True to a scalar may lead to unexpected behavior.
Consider using tensor.detach() first. (Triggered internally at /pytorch/torch/csrc/autograd/generated/python_variable_methods.cpp:835.)
  rec = {"event": "step", "step": step, "loss": round(float(loss), 4), "lr": lr, "gnorm": round(float(gn), 3),
{"run": "vast_VA_d512_s0_3B", "arm": "sdm_ngram", "seed": 0, "cfg": {"d": 512, "T": 256, "seed": 0, "M": 3600, "k": 32, "hops": 2, "softness": 0.5, "n_layer": 4, "M_big": 16384, "value_init": "s0", "qgrad": 1.0, "ngram_orders": [1], "f": 1376, "train_name": "train_big"}, "B": 32, "T": 256, "tokens_target": 3000000000, "steps": 366210, "lr": 0.003, "loss_path": "chunked", "store_lr_mult": 3.0, "store_wd": 0.0, "params": {"embedding": 66191360, "non_embedding_trainable": 7640064, "frozen_store_values": 0, "total_trainable": 73831424}, "flops_per_token_fwd": {"head": 132382720, "body": 7634944.0, "total": 140017664.0}, "device": "cuda", "stamp_start": {"utc": "2026-10-01T06:32:03Z", "load": [55.14, 22.02, 10.54], "ncpu": 128, "powermode": "unknown", "torch": "2.8.0+cu128", "host": "41ac7b578b34", "cuda": "12.8", "gpu": "NVIDIA GeForce RTX 5090", "driver": "570.181\n570.181\n570.181\n570.181", "mem_available_gb": 484.1}, "resumed_from_step": 0, "init": null, "train_name": "train_big"}
{"event": "step", "step": 200, "loss": 7.9562, "lr": 8.192244675040961e-05, "gnorm": 0.718, "tok_per_s": 129143.1, "load": 56.796875}
{"event": "step", "step": 400, "loss": 6.8916, "lr": 0.00016384489350081922, "gnorm": 0.483, "tok_per_s": 203426.0, "load": 57.2138671875}
{"event": "step", "step": 600, "loss": 6.4699, "lr": 0.00024576734025122886, "gnorm": 0.519, "tok_per_s": 203008.4, "load": 53.06494140625}
{"event": "step", "step": 800, "loss": 6.1075, "lr": 0.00032768978700163843, "gnorm": 0.566, "tok_per_s": 202768.6, "load": 45.14013671875}
{"event": "step", "step": 1000, "loss": 6.0694, "lr": 0.00040961223375204805, "gnorm": 0.563, "tok_per_s": 202604.9, "load": 41.685546875}
{"event": "step", "step": 1200, "loss": 5.9329, "lr": 0.0004915346805024577, "gnorm": 0.608, "tok_per_s": 201654.8, "load": 35.58349609375}
{"event": "step", "step": 1400, "loss": 5.7243, "lr": 0.0005734571272528673, "gnorm": 0.623, "tok_per_s": 201709.3, "load": 32.97412109375}
{"event": "step", "step": 1600, "loss": 5.7415, "lr": 0.0006553795740032769, "gnorm": 0.655, "tok_per_s": 201384.0, "load": 28.2119140625}
{"event": "step", "step": 1800, "loss": 5.6302, "lr": 0.0007373020207536865, "gnorm": 0.613, "tok_per_s": 201085.3, "load": 24.26171875}
{"event": "step", "step": 2000, "loss": 5.8783, "lr": 0.0008192244675040961, "gnorm": 0.787, "tok_per_s": 200489.0, "load": 22.63916015625}
{"event": "step", "step": 2200, "loss": 5.5767, "lr": 0.0009011469142545058, "gnorm": 0.717, "tok_per_s": 168434.2, "load": 19.77978515625}
{"event": "step", "step": 2400, "loss": 5.4407, "lr": 0.0009830693610049155, "gnorm": 0.687, "tok_per_s": 200643.0, "load": 17.19970703125}
{"event": "step", "step": 2600, "loss": 5.3201, "lr": 0.001064991807755325, "gnorm": 0.688, "tok_per_s": 201935.2, "load": 15.08984375}
{"event": "step", "step": 2800, "loss": 5.4931, "lr": 0.0011469142545057346, "gnorm": 0.633, "tok_per_s": 201997.3, "load": 14.20166015625}
{"event": "step", "step": 3000, "loss": 5.5864, "lr": 0.0012288367012561442, "gnorm": 0.65, "tok_per_s": 201794.3, "load": 12.63232421875}
{"event": "step", "step": 3200, "loss": 5.384, "lr": 0.0013107591480065537, "gnorm": 0.651, "tok_per_s": 201736.5, "load": 11.94091796875}
{"event": "step", "step": 3400, "loss": 5.4052, "lr": 0.0013926815947569635, "gnorm": 0.62, "tok_per_s": 201832.8, "load": 10.7197265625}
{"event": "step", "step": 3600, "loss": 5.2406, "lr": 0.001474604041507373, "gnorm": 0.654, "tok_per_s": 201792.8, "load": 9.759765625}
{"event": "step", "step": 3800, "loss": 5.4624, "lr": 0.0015565264882577826, "gnorm": 0.621, "tok_per_s": 201709.9, "load": 9.29833984375}
{"event": "step", "step": 4000, "loss": 5.4946, "lr": 0.0016384489350081922, "gnorm": 0.606, "tok_per_s": 201565.0, "load": 8.630859375}
{"event": "step", "step": 4200, "loss": 5.5523, "lr": 0.0017203713817586018, "gnorm": 1.206, "tok_per_s": 175612.1, "load": 7.91845703125}
{"event": "step", "step": 4400, "loss": 5.4065, "lr": 0.0018022938285090116, "gnorm": 0.576, "tok_per_s": 201476.7, "load": 7.6044921875}
{"event": "step", "step": 4600, "loss": 5.2993, "lr": 0.0018842162752594211, "gnorm": 0.549, "tok_per_s": 201385.6, "load": 7.0498046875}
{"event": "step", "step": 4800, "loss": 5.3278, "lr": 0.001966138722009831, "gnorm": 0.538, "tok_per_s": 201319.9, "load": 6.580078125}
{"event": "step", "step": 5000, "loss": 5.3716, "lr": 0.0020480611687602405, "gnorm": 0.542, "tok_per_s": 201295.8, "load": 6.373046875}
eval 5000 {'bpb': 1.7982797648216986, 'nats_per_token': 5.422030019384578, 'tokens': 16379, 'bytes': 71247}
{"event": "step", "step": 5200, "loss": 5.207, "lr": 0.00212998361551065, "gnorm": 0.492, "tok_per_s": 194844.0, "load": 6.0078125}
{"event": "step", "step": 5400, "loss": 5.4898, "lr": 0.0022119060622610596, "gnorm": 0.5, "tok_per_s": 201236.1, "load": 5.69873046875}
{"event": "step", "step": 5600, "loss": 5.1242, "lr": 0.002293828509011469, "gnorm": 0.477, "tok_per_s": 201221.6, "load": 5.5625}
{"event": "step", "step": 5800, "loss": 5.3715, "lr": 0.002375750955761879, "gnorm": 0.463, "tok_per_s": 201156.9, "load": 5.3955078125}
{"event": "step", "step": 6000, "loss": 5.3307, "lr": 0.0024576734025122883, "gnorm": 0.415, "tok_per_s": 201430.9, "load": 5.25439453125}
{"event": "step", "step": 6200, "loss": 5.2353, "lr": 0.0025395958492626983, "gnorm": 0.442, "tok_per_s": 175452.1, "load": 5.15380859375}
{"event": "step", "step": 6400, "loss": 5.5453, "lr": 0.0026215182960131075, "gnorm": 0.491, "tok_per_s": 201289.3, "load": 4.9755859375}
{"event": "step", "step": 6600, "loss": 5.1941, "lr": 0.0027034407427635175, "gnorm": 0.398, "tok_per_s": 201362.9, "load": 4.8251953125}
{"event": "step", "step": 6800, "loss": 5.4921, "lr": 0.002785363189513927, "gnorm": 0.428, "tok_per_s": 201364.5, "load": 4.7587890625}
{"event": "step", "step": 7000, "loss": 5.282, "lr": 0.0028672856362643366, "gnorm": 0.374, "tok_per_s": 201025.2, "load": 4.6416015625}
{"event": "step", "step": 7200, "loss": 5.2425, "lr": 0.002949208083014746, "gnorm": 0.341, "tok_per_s": 201044.8, "load": 4.61669921875}
{"event": "step", "step": 7400, "loss": 5.1378, "lr": 0.002999999709053595, "gnorm": 0.382, "tok_per_s": 201317.3, "load": 4.56689453125}
{"event": "step", "step": 7600, "loss": 5.1432, "lr": 0.0029999960883889698, "gnorm": 0.346, "tok_per_s": 201335.9, "load": 4.4794921875}
{"event": "step", "step": 7800, "loss": 5.152, "lr": 0.0029999883298328146, "gnorm": 0.349, "tok_per_s": 201241.9, "load": 4.4052734375}
{"event": "step", "step": 8000, "loss": 5.1046, "lr": 0.0029999764334089113, "gnorm": 0.318, "tok_per_s": 200118.2, "load": 4.37255859375}
{"event": "step", "step": 8200, "loss": 5.2401, "lr": 0.0029999603991537234, "gnorm": 0.338, "tok_per_s": 169396.2, "load": 4.314453125}
{"event": "step", "step": 8400, "loss": 5.0516, "lr": 0.0029999402271163973, "gnorm": 0.314, "tok_per_s": 200198.8, "load": 4.265625}
{"event": "step", "step": 8600, "loss": 5.1237, "lr": 0.0029999159173587633, "gnorm": 0.333, "tok_per_s": 200147.5, "load": 4.244140625}
{"event": "step", "step": 8800, "loss": 5.1074, "lr": 0.0029998874699553326, "gnorm": 0.322, "tok_per_s": 200040.4, "load": 4.2060546875}
{"event": "step", "step": 9000, "loss": 5.1222, "lr": 0.0029998548849933, "gnorm": 0.332, "tok_per_s": 200174.8, "load": 4.173828125}
{"event": "step", "step": 9200, "loss": 5.1866, "lr": 0.0029998181625725436, "gnorm": 0.369, "tok_per_s": 200218.9, "load": 4.15966796875}
{"event": "step", "step": 9400, "loss": 5.0001, "lr": 0.0029997773028056195, "gnorm": 0.356, "tok_per_s": 200098.8, "load": 4.20849609375}
{"event": "step", "step": 9600, "loss": 5.0961, "lr": 0.0029997323058177693, "gnorm": 0.338, "tok_per_s": 200026.8, "load": 4.3974609375}
{"event": "step", "step": 9800, "loss": 5.2189, "lr": 0.0029996831717469135, "gnorm": 0.431, "tok_per_s": 200210.4, "load": 4.365234375}
{"event": "step", "step": 10000, "loss": 4.9201, "lr": 0.0029996299007436526, "gnorm": 0.296, "tok_per_s": 200188.5, "load": 4.3828125}
eval 10000 {'bpb': 1.7387974906319947, 'nats_per_token': 5.24268380052201, 'tokens': 16379, 'bytes': 71247}
{"event": "step", "step": 10200, "loss": 5.2144, "lr": 0.0029995724929712695, "gnorm": 0.383, "tok_per_s": 168913.5, "load": 4.32373046875}
{"event": "step", "step": 10400, "loss": 5.2098, "lr": 0.0029995109486057243, "gnorm": 0.331, "tok_per_s": 200215.1, "load": 4.2734375}
{"event": "step", "step": 10600, "loss": 5.1751, "lr": 0.002999445267835659, "gnorm": 0.332, "tok_per_s": 200232.5, "load": 4.25146484375}
{"event": "step", "step": 10800, "loss": 5.1811, "lr": 0.0029993754508623916, "gnorm": 0.333, "tok_per_s": 200221.0, "load": 4.21240234375}
{"event": "step", "step": 11000, "loss": 5.1703, "lr": 0.00299930149789992, "gnorm": 0.31, "tok_per_s": 200189.4, "load": 4.1953125}
{"event": "step", "step": 11200, "loss": 5.1655, "lr": 0.002999223409174917, "gnorm": 0.315, "tok_per_s": 200952.6, "load": 4.3125}
{"event": "step", "step": 11400, "loss": 5.2348, "lr": 0.0029991411849267344, "gnorm": 0.339, "tok_per_s": 201449.0, "load": 4.263671875}
{"event": "step", "step": 11600, "loss": 5.1222, "lr": 0.0029990548254073992, "gnorm": 0.395, "tok_per_s": 201302.7, "load": 4.2421875}
{"event": "step", "step": 11800, "loss": 5.1429, "lr": 0.002998964330881612, "gnorm": 0.324, "tok_per_s": 201311.7, "load": 4.20458984375}
{"event": "step", "step": 12000, "loss": 5.143, "lr": 0.0029988697016267497, "gnorm": 0.344, "tok_per_s": 201435.0, "load": 4.1728515625}
{"event": "step", "step": 12200, "loss": 5.0563, "lr": 0.0029987709379328616, "gnorm": 0.315, "tok_per_s": 174928.9, "load": 4.1455078125}
{"event": "step", "step": 12400, "loss": 5.2109, "lr": 0.0029986680401026694, "gnorm": 0.347, "tok_per_s": 200956.8, "load": 4.1337890625}
{"event": "step", "step": 12600, "loss": 5.1419, "lr": 0.002998561008451566, "gnorm": 0.334, "tok_per_s": 201153.1, "load": 8.60693359375}
{"event": "step", "step": 12800, "loss": 5.292, "lr": 0.002998449843307617, "gnorm": 0.341, "tok_per_s": 201405.7, "load": 8.23779296875}
{"event": "step", "step": 13000, "loss": 5.0753, "lr": 0.002998334545011556, "gnorm": 0.376, "tok_per_s": 201327.5, "load": 7.7333984375}
{"event": "step", "step": 13200, "loss": 5.0532, "lr": 0.0029982151139167847, "gnorm": 0.345, "tok_per_s": 201360.3, "load": 7.30615234375}
{"event": "step", "step": 13400, "loss": 5.1489, "lr": 0.002998091550389373, "gnorm": 0.366, "tok_per_s": 201314.4, "load": 7.041015625}
{"event": "step", "step": 13600, "loss": 5.1317, "lr": 0.0029979638548080574, "gnorm": 0.365, "tok_per_s": 201332.3, "load": 6.5732421875}
{"event": "step", "step": 13800, "loss": 5.243, "lr": 0.0029978320275642393, "gnorm": 0.471, "tok_per_s": 201071.8, "load": 6.1767578125}
{"event": "step", "step": 14000, "loss": 5.0366, "lr": 0.0029976960690619846, "gnorm": 0.44, "tok_per_s": 201127.4, "load": 6.00244140625}
{"event": "step", "step": 14200, "loss": 5.0589, "lr": 0.0029975559797180214, "gnorm": 0.359, "tok_per_s": 175500.3, "load": 5.69384765625}
{"event": "step", "step": 14400, "loss": 5.0042, "lr": 0.0029974117599617387, "gnorm": 0.334, "tok_per_s": 201229.0, "load": 5.43310546875}
{"event": "step", "step": 14600, "loss": 4.9962, "lr": 0.002997263410235188, "gnorm": 0.356, "tok_per_s": 201343.6, "load": 5.31787109375}
{"event": "step", "step": 14800, "loss": 5.086, "lr": 0.002997110930993076, "gnorm": 0.348, "tok_per_s": 201314.3, "load": 5.1884765625}
{"event": "step", "step": 15000, "loss": 4.9816, "lr": 0.0029969543227027703, "gnorm": 0.398, "tok_per_s": 201331.6, "load": 5.00537109375}
eval 15000 {'bpb': 1.722687983235652, 'nats_per_token': 5.1941116959979245, 'tokens': 16379, 'bytes': 71247}
{"event": "step", "step": 15200, "loss": 5.1293, "lr": 0.0029967935858442934, "gnorm": 0.372, "tok_per_s": 200224.0, "load": 4.9248046875}
{"event": "step", "step": 15400, "loss": 5.0437, "lr": 0.0029966287209103213, "gnorm": 0.348, "tok_per_s": 201147.1, "load": 4.7822265625}
{"event": "step", "step": 15600, "loss": 5.1293, "lr": 0.0029964597284061843, "gnorm": 0.635, "tok_per_s": 201292.3, "load": 4.66162109375}
{"event": "step", "step": 15800, "loss": 5.0465, "lr": 0.002996286608849863, "gnorm": 0.428, "tok_per_s": 201349.0, "load": 4.6083984375}
{"event": "step", "step": 16000, "loss": 5.0586, "lr": 0.0029961093627719885, "gnorm": 0.411, "tok_per_s": 201260.4, "load": 4.5146484375}
{"event": "step", "step": 16200, "loss": 5.1502, "lr": 0.002995927990715841, "gnorm": 0.374, "tok_per_s": 175252.5, "load": 4.595703125}
{"event": "step", "step": 16400, "loss": 5.1172, "lr": 0.002995742493237346, "gnorm": 0.528, "tok_per_s": 201115.7, "load": 4.5478515625}
{"event": "step", "step": 16600, "loss": 5.0325, "lr": 0.0029955528709050745, "gnorm": 0.354, "tok_per_s": 200241.6, "load": 4.5439453125}
{"event": "step", "step": 16800, "loss": 5.0898, "lr": 0.00299535912430024, "gnorm": 0.347, "tok_per_s": 200173.4, "load": 4.4599609375}
{"event": "step", "step": 17000, "loss": 5.004, "lr": 0.002995161254016699, "gnorm": 0.378, "tok_per_s": 200137.4, "load": 4.4228515625}
{"event": "step", "step": 17200, "loss": 5.0987, "lr": 0.0029949592606609452, "gnorm": 0.455, "tok_per_s": 200156.0, "load": 4.357421875}
{"event": "step", "step": 17400, "loss": 5.0401, "lr": 0.0029947531448521122, "gnorm": 0.311, "tok_per_s": 200115.5, "load": 4.30224609375}
{"event": "step", "step": 17600, "loss": 5.1897, "lr": 0.002994542907221967, "gnorm": 0.456, "tok_per_s": 199989.6, "load": 4.27783203125}
{"event": "step", "step": 17800, "loss": 5.2088, "lr": 0.0029943285484149134, "gnorm": 0.342, "tok_per_s": 200203.6, "load": 4.23486328125}
{"event": "step", "step": 18000, "loss": 5.0926, "lr": 0.0029941100690879844, "gnorm": 0.36, "tok_per_s": 200160.6, "load": 4.2158203125}
{"event": "step", "step": 18200, "loss": 5.0218, "lr": 0.0029938874699108452, "gnorm": 0.409, "tok_per_s": 169448.1, "load": 4.18212890625}
{"event": "step", "step": 18400, "loss": 5.1584, "lr": 0.0029936607515657866, "gnorm": 0.528, "tok_per_s": 200313.7, "load": 4.22802734375}
{"event": "step", "step": 18600, "loss": 5.1814, "lr": 0.002993429914747726, "gnorm": 0.431, "tok_per_s": 200378.8, "load": 4.1923828125}
{"event": "step", "step": 18800, "loss": 5.2109, "lr": 0.0029931949601642053, "gnorm": 0.821, "tok_per_s": 200323.6, "load": 4.1767578125}
{"event": "step", "step": 19000, "loss": 5.1366, "lr": 0.0029929558885353857, "gnorm": 0.414, "tok_per_s": 200295.2, "load": 4.2236328125}
{"event": "step", "step": 19200, "loss": 5.1503, "lr": 0.0029927127005940505, "gnorm": 0.9, "tok_per_s": 200454.3, "load": 4.18896484375}
{"event": "step", "step": 19400, "loss": 5.0236, "lr": 0.002992465397085598, "gnorm": 0.481, "tok_per_s": 200446.3, "load": 4.173828125}
{"event": "step", "step": 19600, "loss": 5.0677, "lr": 0.0029922139787680407, "gnorm": 0.487, "tok_per_s": 200361.5, "load": 4.220703125}
{"event": "step", "step": 19800, "loss": 5.151, "lr": 0.0029919584464120053, "gnorm": 0.536, "tok_per_s": 200290.5, "load": 4.18603515625}
{"event": "step", "step": 20000, "loss": 5.1035, "lr": 0.0029916988008007266, "gnorm": 0.403, "tok_per_s": 200253.5, "load": 4.25146484375}
eval 20000 {'bpb': 1.6983428239784022, 'nats_per_token': 5.120708109469443, 'tokens': 16379, 'bytes': 71247}
{"event": "step", "step": 20200, "loss": 5.0583, "lr": 0.002991435042730049, "gnorm": 0.404, "tok_per_s": 168823.6, "load": 4.2861328125}
{"event": "step", "step": 20400, "loss": 5.0065, "lr": 0.00299116717300842, "gnorm": 0.395, "tok_per_s": 200516.2, "load": 4.3896484375}
{"event": "step", "step": 20600, "loss": 4.9731, "lr": 0.0029908951924568915, "gnorm": 0.29, "tok_per_s": 200511.9, "load": 4.43896484375}
{"event": "step", "step": 20800, "loss": 5.0436, "lr": 0.0029906191019091143, "gnorm": 0.686, "tok_per_s": 200462.2, "load": 4.45166015625}
{"event": "step", "step": 21000, "loss": 5.1726, "lr": 0.0029903389022113377, "gnorm": 0.361, "tok_per_s": 200429.8, "load": 4.38134765625}
{"event": "step", "step": 21200, "loss": 5.2543, "lr": 0.0029900545942224055, "gnorm": 0.433, "tok_per_s": 200274.9, "load": 4.3505859375}
{"event": "step", "step": 21400, "loss": 4.9673, "lr": 0.002989766178813754, "gnorm": 0.33, "tok_per_s": 200279.7, "load": 4.29638671875}
{"event": "step", "step": 21600, "loss": 5.1236, "lr": 0.0029894736568694094, "gnorm": 0.335, "tok_per_s": 200384.3, "load": 4.25048828125}
{"event": "step", "step": 21800, "loss": 5.0434, "lr": 0.002989177029285984, "gnorm": 0.602, "tok_per_s": 200363.1, "load": 4.310546875}
{"event": "step", "step": 22000, "loss": 5.1183, "lr": 0.002988876296972676, "gnorm": 0.467, "tok_per_s": 200310.8, "load": 4.2626953125}
{"event": "step", "step": 22200, "loss": 5.1626, "lr": 0.0029885714608512636, "gnorm": 0.459, "tok_per_s": 170378.8, "load": 4.2216796875}
{"event": "step", "step": 22400, "loss": 5.0158, "lr": 0.0029882625218561045, "gnorm": 0.48, "tok_per_s": 200473.4, "load": 4.26123046875}
{"event": "step", "step": 22600, "loss": 5.1179, "lr": 0.0029879494809341317, "gnorm": 0.483, "tok_per_s": 200365.6, "load": 4.240234375}
{"event": "step", "step": 22800, "loss": 5.1611, "lr": 0.0029876323390448513, "gnorm": 0.384, "tok_per_s": 200521.1, "load": 4.20263671875}
{"event": "step", "step": 23000, "loss": 5.1222, "lr": 0.0029873110971603387, "gnorm": 0.636, "tok_per_s": 200450.1, "load": 4.2666015625}
{"event": "step", "step": 23200, "loss": 4.917, "lr": 0.0029869857562652377, "gnorm": 0.579, "tok_per_s": 200333.1, "load": 4.3056640625}
{"event": "step", "step": 23400, "loss": 5.1645, "lr": 0.0029866563173567545, "gnorm": 0.594, "tok_per_s": 200178.3, "load": 4.2578125}
{"event": "step", "step": 23600, "loss": 5.0463, "lr": 0.0029863227814446573, "gnorm": 0.663, "tok_per_s": 200373.8, "load": 4.3974609375}
{"event": "step", "step": 23800, "loss": 5.02, "lr": 0.0029859851495512707, "gnorm": 0.504, "tok_per_s": 200172.4, "load": 4.3359375}
{"event": "step", "step": 24000, "loss": 5.0533, "lr": 0.0029856434227114766, "gnorm": 0.329, "tok_per_s": 200270.7, "load": 4.3642578125}
{"event": "step", "step": 24200, "loss": 4.9528, "lr": 0.002985297601972705, "gnorm": 0.35, "tok_per_s": 170019.9, "load": 4.3818359375}
{"event": "step", "step": 24400, "loss": 5.0705, "lr": 0.0029849476883949356, "gnorm": 0.556, "tok_per_s": 200471.7, "load": 4.35107421875}
{"event": "step", "step": 24600, "loss": 5.1165, "lr": 0.002984593683050695, "gnorm": 0.46, "tok_per_s": 200387.0, "load": 4.296875}
{"event": "step", "step": 24800, "loss": 5.1275, "lr": 0.002984235587025048, "gnorm": 0.661, "tok_per_s": 199990.1, "load": 4.33154296875}
{"event": "step", "step": 25000, "loss": 5.0662, "lr": 0.002983873401415601, "gnorm": 0.471, "tok_per_s": 200229.9, "load": 4.38525390625}
eval 25000 {'bpb': 1.7106027678487157, 'nats_per_token': 5.157673316441786, 'tokens': 16379, 'bytes': 71247}
{"event": "step", "step": 25200, "loss": 5.0141, "lr": 0.0029835071273324933, "gnorm": 0.487, "tok_per_s": 199175.3, "load": 4.3251953125}
{"event": "step", "step": 25400, "loss": 5.0388, "lr": 0.002983136765898397, "gnorm": 0.379, "tok_per_s": 200462.3, "load": 4.298828125}
{"event": "step", "step": 25600, "loss": 5.2576, "lr": 0.0029827623182485117, "gnorm": 0.414, "tok_per_s": 200309.7, "load": 4.251953125}
{"event": "step", "step": 25800, "loss": 5.0353, "lr": 0.0029823837855305624, "gnorm": 0.448, "tok_per_s": 200367.4, "load": 4.212890625}
{"event": "step", "step": 26000, "loss": 5.2205, "lr": 0.002982001168904795, "gnorm": 0.481, "tok_per_s": 200288.4, "load": 4.2763671875}
{"event": "step", "step": 26200, "loss": 5.1776, "lr": 0.0029816144695439723, "gnorm": 0.428, "tok_per_s": 169700.9, "load": 4.2333984375}
{"event": "step", "step": 26400, "loss": 5.1279, "lr": 0.002981223688633373, "gnorm": 0.423, "tok_per_s": 200230.2, "load": 4.27099609375}
{"event": "step", "step": 26600, "loss": 5.1982, "lr": 0.002980828827370783, "gnorm": 0.434, "tok_per_s": 200315.8, "load": 4.302734375}
{"event": "step", "step": 26800, "loss": 4.9786, "lr": 0.002980429886966499, "gnorm": 0.431, "tok_per_s": 199709.7, "load": 4.2783203125}
{"event": "step", "step": 27000, "loss": 5.1142, "lr": 0.0029800268686433176, "gnorm": 0.409, "tok_per_s": 199978.9, "load": 7.8515625}
{"event": "step", "step": 27200, "loss": 5.0721, "lr": 0.002979619773636537, "gnorm": 1.136, "tok_per_s": 200369.8, "load": 7.33251953125}
{"event": "step", "step": 27400, "loss": 5.1807, "lr": 0.002979208603193948, "gnorm": 0.805, "tok_per_s": 200487.0, "load": 7.1455078125}
{"event": "step", "step": 27600, "loss": 5.2538, "lr": 0.0029787933585758357, "gnorm": 0.399, "tok_per_s": 200575.8, "load": 6.66162109375}
{"event": "step", "step": 27800, "loss": 4.8642, "lr": 0.0029783740410549717, "gnorm": 0.484, "tok_per_s": 200638.6, "load": 6.4482421875}
{"event": "step", "step": 28000, "loss": 5.0921, "lr": 0.0029779506519166123, "gnorm": 0.358, "tok_per_s": 200620.3, "load": 6.298828125}
{"event": "step", "step": 28200, "loss": 5.0653, "lr": 0.0029775231924584937, "gnorm": 0.608, "tok_per_s": 169208.4, "load": 6.171875}
{"event": "step", "step": 28400, "loss": 5.0751, "lr": 0.0029770916639908266, "gnorm": 0.351, "tok_per_s": 200213.6, "load": 6.078125}
{"event": "step", "step": 28600, "loss": 4.8803, "lr": 0.002976656067836296, "gnorm": 0.52, "tok_per_s": 200339.9, "load": 5.91162109375}
{"event": "step", "step": 28800, "loss": 5.1812, "lr": 0.002976216405330053, "gnorm": 0.647, "tok_per_s": 200357.8, "load": 5.6171875}
{"event": "step", "step": 29000, "loss": 5.121, "lr": 0.002975772677819713, "gnorm": 0.517, "tok_per_s": 200431.0, "load": 5.3681640625}
{"event": "step", "step": 29200, "loss": 5.1683, "lr": 0.002975324886665352, "gnorm": 0.45, "tok_per_s": 200497.8, "load": 5.25830078125}
{"event": "step", "step": 29400, "loss": 5.1325, "lr": 0.0029748730332395, "gnorm": 0.83, "tok_per_s": 200373.7, "load": 5.064453125}
{"event": "step", "step": 29600, "loss": 5.0889, "lr": 0.0029744171189271394, "gnorm": 0.56, "tok_per_s": 199530.3, "load": 5.04833984375}
{"event": "step", "step": 29800, "loss": 5.1716, "lr": 0.0029739571451257002, "gnorm": 0.575, "tok_per_s": 200275.1, "load": 4.96435546875}
{"event": "step", "step": 30000, "loss": 5.3035, "lr": 0.002973493113245053, "gnorm": 0.743, "tok_per_s": 200525.7, "load": 4.89599609375}
eval 30000 {'bpb': 1.7083604848940868, 'nats_per_token': 5.150912563343305, 'tokens': 16379, 'bytes': 71247}
{"event": "step", "step": 30200, "loss": 5.1346, "lr": 0.0029730250247075097, "gnorm": 0.686, "tok_per_s": 169188.8, "load": 4.99267578125}
{"event": "step", "step": 30400, "loss": 4.9631, "lr": 0.0029725528809478132, "gnorm": 0.461, "tok_per_s": 200485.8, "load": 4.99365234375}
{"event": "step", "step": 30600, "loss": 5.1463, "lr": 0.00297207668341314, "gnorm": 0.858, "tok_per_s": 200821.0, "load": 4.8408203125}
{"event": "step", "step": 30800, "loss": 5.0636, "lr": 0.0029715964335630877, "gnorm": 0.582, "tok_per_s": 200541.1, "load": 4.71142578125}
{"event": "step", "step": 31000, "loss": 5.1097, "lr": 0.0029711121328696776, "gnorm": 0.542, "tok_per_s": 200442.3, "load": 4.654296875}
{"event": "step", "step": 31200, "loss": 5.1578, "lr": 0.0029706237828173473, "gnorm": 0.866, "tok_per_s": 200540.7, "load": 4.70068359375}
{"event": "step", "step": 31400, "loss": 5.1956, "lr": 0.0029701313849029437, "gnorm": 0.569, "tok_per_s": 200389.2, "load": 4.67333984375}
{"event": "step", "step": 31600, "loss": 5.0049, "lr": 0.0029696349406357226, "gnorm": 0.503, "tok_per_s": 200293.1, "load": 4.619140625}
{"event": "step", "step": 31800, "loss": 5.1182, "lr": 0.0029691344515373427, "gnorm": 0.629, "tok_per_s": 200542.4, "load": 4.5234375}
{"event": "step", "step": 32000, "loss": 4.9968, "lr": 0.00296862991914186, "gnorm": 0.353, "tok_per_s": 200045.8, "load": 4.44287109375}
{"event": "step", "step": 32200, "loss": 5.1868, "lr": 0.002968121344995723, "gnorm": 0.999, "tok_per_s": 169530.0, "load": 4.4072265625}
{"event": "step", "step": 32400, "loss": 4.99, "lr": 0.0029676087306577704, "gnorm": 0.561, "tok_per_s": 200427.0, "load": 4.34423828125}
{"event": "step", "step": 32600, "loss": 5.0488, "lr": 0.0029670920776992227, "gnorm": 0.509, "tok_per_s": 200579.3, "load": 4.291015625}
{"event": "step", "step": 32800, "loss": 4.9744, "lr": 0.0029665713877036802, "gnorm": 0.43, "tok_per_s": 200578.0, "load": 4.267578125}
{"event": "step", "step": 33000, "loss": 4.9569, "lr": 0.0029660466622671165, "gnorm": 0.912, "tok_per_s": 200646.2, "load": 4.306640625}
{"event": "step", "step": 33200, "loss": 5.1504, "lr": 0.0029655179029978752, "gnorm": 0.792, "tok_per_s": 200819.9, "load": 4.2587890625}
{"event": "step", "step": 33400, "loss": 5.0622, "lr": 0.002964985111516664, "gnorm": 0.825, "tok_per_s": 200232.0, "load": 4.3984375}
{"event": "step", "step": 33600, "loss": 5.2354, "lr": 0.002964448289456548, "gnorm": 0.581, "tok_per_s": 201543.9, "load": 4.4169921875}
{"event": "step", "step": 33800, "loss": 5.1222, "lr": 0.0029639074384629487, "gnorm": 0.78, "tok_per_s": 200745.5, "load": 4.3525390625}
{"event": "step", "step": 34000, "loss": 5.1268, "lr": 0.0029633625601936365, "gnorm": 0.627, "tok_per_s": 200450.9, "load": 4.32421875}
{"event": "step", "step": 34200, "loss": 5.3254, "lr": 0.0029628136563187237, "gnorm": 0.537, "tok_per_s": 169496.0, "load": 4.2001953125}
{"event": "step", "step": 34400, "loss": 5.1975, "lr": 0.002962260728520665, "gnorm": 0.612, "tok_per_s": 200658.8, "load": 4.2431640625}
{"event": "step", "step": 34600, "loss": 4.9426, "lr": 0.0029617037784942456, "gnorm": 0.553, "tok_per_s": 200763.0, "load": 4.2236328125}
{"event": "step", "step": 34800, "loss": 5.1482, "lr": 0.002961142807946581, "gnorm": 0.946, "tok_per_s": 200825.4, "load": 4.18896484375}
{"event": "step", "step": 35000, "loss": 5.1442, "lr": 0.0029605778185971105, "gnorm": 1.026, "tok_per_s": 200296.5, "load": 4.3203125}
eval 35000 {'bpb': 1.7103626249444455, 'nats_per_token': 5.156949256670126, 'tokens': 16379, 'bytes': 71247}
{"event": "step", "step": 35200, "loss": 5.0911, "lr": 0.002960008812177589, "gnorm": 0.908, "tok_per_s": 199183.9, "load": 4.455078125}
{"event": "step", "step": 35400, "loss": 5.2342, "lr": 0.0029594357904320877, "gnorm": 0.515, "tok_per_s": 200636.5, "load": 4.384765625}
{"event": "step", "step": 35600, "loss": 5.0812, "lr": 0.0029588587551169824, "gnorm": 1.386, "tok_per_s": 200656.8, "load": 4.40576171875}
{"event": "step", "step": 35800, "loss": 5.1037, "lr": 0.002958277708000952, "gnorm": 0.655, "tok_per_s": 200517.5, "load": 4.373046875}
{"event": "step", "step": 36000, "loss": 5.1648, "lr": 0.002957692650864972, "gnorm": 0.44, "tok_per_s": 200521.6, "load": 4.3955078125}
{"event": "step", "step": 36200, "loss": 5.0983, "lr": 0.00295710358550231, "gnorm": 1.267, "tok_per_s": 170009.4, "load": 4.4150390625}
{"event": "step", "step": 36400, "loss": 5.1764, "lr": 0.002956510513718517, "gnorm": 0.487, "tok_per_s": 201653.8, "load": 4.38134765625}
{"event": "step", "step": 36600, "loss": 5.1176, "lr": 0.002955913437331426, "gnorm": 0.953, "tok_per_s": 201578.8, "load": 4.98583984375}
{"event": "step", "step": 36800, "loss": 5.1311, "lr": 0.002955312358171144, "gnorm": 0.51, "tok_per_s": 201458.4, "load": 4.833984375}
{"event": "step", "step": 37000, "loss": 5.0712, "lr": 0.002954707278080047, "gnorm": 0.864, "tok_per_s": 201620.5, "load": 4.76708984375}
{"event": "step", "step": 37200, "loss": 5.1313, "lr": 0.002954098198912774, "gnorm": 1.251, "tok_per_s": 201632.3, "load": 4.64892578125}
{"event": "step", "step": 37400, "loss": 5.1553, "lr": 0.002953485122536223, "gnorm": 0.365, "tok_per_s": 201686.1, "load": 4.548828125}
{"event": "step", "step": 37600, "loss": 5.1449, "lr": 0.0029528680508295415, "gnorm": 0.423, "tok_per_s": 201614.5, "load": 4.50439453125}
{"event": "step", "step": 37800, "loss": 5.0008, "lr": 0.0029522469856841245, "gnorm": 0.516, "tok_per_s": 201657.9, "load": 4.5068359375}
{"event": "step", "step": 38000, "loss": 4.9673, "lr": 0.002951621929003609, "gnorm": 0.503, "tok_per_s": 201557.1, "load": 4.5087890625}
{"event": "step", "step": 38200, "loss": 5.056, "lr": 0.002950992882703862, "gnorm": 0.475, "tok_per_s": 175616.0, "load": 4.4677734375}
{"event": "step", "step": 38400, "loss": 5.2907, "lr": 0.002950359848712985, "gnorm": 0.662, "tok_per_s": 201723.2, "load": 4.4697265625}
{"event": "step", "step": 38600, "loss": 5.13, "lr": 0.002949722828971297, "gnorm": 0.838, "tok_per_s": 201708.6, "load": 4.39697265625}
{"event": "step", "step": 38800, "loss": 5.2422, "lr": 0.0029490818254313367, "gnorm": 0.495, "tok_per_s": 201346.6, "load": 4.36474609375}
{"event": "step", "step": 39000, "loss": 5.0801, "lr": 0.0029484368400578527, "gnorm": 0.572, "tok_per_s": 201407.1, "load": 4.52978515625}
{"event": "step", "step": 39200, "loss": 4.991, "lr": 0.002947787874827799, "gnorm": 0.522, "tok_per_s": 201481.6, "load": 4.9228515625}
{"event": "step", "step": 39400, "loss": 5.0015, "lr": 0.0029471349317303267, "gnorm": 0.755, "tok_per_s": 200434.6, "load": 4.92919921875}
{"event": "step", "step": 39600, "loss": 5.1973, "lr": 0.0029464780127667818, "gnorm": 0.661, "tok_per_s": 200475.4, "load": 4.78564453125}
{"event": "step", "step": 39800, "loss": 4.9935, "lr": 0.002945817119950695, "gnorm": 0.713, "tok_per_s": 200479.0, "load": 4.66455078125}
{"event": "step", "step": 40000, "loss": 5.0288, "lr": 0.0029451522553077783, "gnorm": 0.663, "tok_per_s": 200042.2, "load": 4.69189453125}
eval 40000 {'bpb': 1.6989097225933247, 'nats_per_token': 5.122417377052933, 'tokens': 16379, 'bytes': 71247}
{"event": "step", "step": 40200, "loss": 5.1943, "lr": 0.002944483420875917, "gnorm": 1.805, "tok_per_s": 168981.4, "load": 4.5849609375}
{"event": "step", "step": 40400, "loss": 5.1195, "lr": 0.002943810618705165, "gnorm": 1.15, "tok_per_s": 200576.2, "load": 4.49462890625}
{"event": "step", "step": 40600, "loss": 4.8421, "lr": 0.0029431338508577377, "gnorm": 0.629, "tok_per_s": 200569.2, "load": 4.45458984375}
{"event": "step", "step": 40800, "loss": 5.1868, "lr": 0.0029424531194080054, "gnorm": 1.069, "tok_per_s": 200586.3, "load": 4.38427734375}
{"event": "step", "step": 41000, "loss": 5.0652, "lr": 0.0029417684264424868, "gnorm": 0.688, "tok_per_s": 200533.4, "load": 4.32470703125}
{"event": "step", "step": 41200, "loss": 5.0227, "lr": 0.002941079774059844, "gnorm": 1.016, "tok_per_s": 200575.0, "load": 4.37890625}
{"event": "step", "step": 41400, "loss": 5.0728, "lr": 0.0029403871643708755, "gnorm": 0.696, "tok_per_s": 200632.0, "load": 4.31982421875}
{"event": "step", "step": 41600, "loss": 5.116, "lr": 0.0029396905994985077, "gnorm": 0.456, "tok_per_s": 200607.9, "load": 4.27001953125}
{"event": "step", "step": 41800, "loss": 5.078, "lr": 0.002938990081577792, "gnorm": 0.4, "tok_per_s": 200559.7, "load": 4.248046875}
{"event": "step", "step": 42000, "loss": 5.132, "lr": 0.0029382856127558956, "gnorm": 1.329, "tok_per_s": 200557.6, "load": 4.20947265625}
{"event": "step", "step": 42200, "loss": 4.9801, "lr": 0.0029375771951920945, "gnorm": 1.235, "tok_per_s": 169371.2, "load": 4.1767578125}
{"event": "step", "step": 42400, "loss": 5.2188, "lr": 0.0029368648310577703, "gnorm": 1.476, "tok_per_s": 199478.9, "load": 4.3232421875}
{"event": "step", "step": 42600, "loss": 5.16, "lr": 0.002936148522536399, "gnorm": 1.133, "tok_per_s": 200476.4, "load": 4.5810546875}
{"event": "step", "step": 42800, "loss": 5.1754, "lr": 0.0029354282718235484, "gnorm": 0.507, "tok_per_s": 200624.5, "load": 4.4912109375}
{"event": "step", "step": 43000, "loss": 5.0322, "lr": 0.002934704081126869, "gnorm": 1.142, "tok_per_s": 200640.3, "load": 4.45166015625}
{"event": "step", "step": 43200, "loss": 5.1498, "lr": 0.0029339759526660863, "gnorm": 1.51, "tok_per_s": 199786.4, "load": 4.68994140625}
{"event": "step", "step": 43400, "loss": 5.1598, "lr": 0.0029332438886729988, "gnorm": 0.777, "tok_per_s": 200666.0, "load": 4.6572265625}
{"event": "step", "step": 43600, "loss": 5.0857, "lr": 0.0029325078913914645, "gnorm": 0.791, "tok_per_s": 200514.0, "load": 4.6044921875}
{"event": "step", "step": 43800, "loss": 5.1622, "lr": 0.002931767963077399, "gnorm": 0.783, "tok_per_s": 200702.2, "load": 4.5849609375}
{"event": "step", "step": 44000, "loss": 5.2305, "lr": 0.0029310241059987674, "gnorm": 0.792, "tok_per_s": 200774.3, "load": 4.71630859375}
{"event": "step", "step": 44200, "loss": 5.1082, "lr": 0.002930276322435575, "gnorm": 0.715, "tok_per_s": 170286.1, "load": 4.6796875}
{"event": "step", "step": 44400, "loss": 5.201, "lr": 0.002929524614679865, "gnorm": 0.498, "tok_per_s": 200730.1, "load": 4.625}
{"event": "step", "step": 44600, "loss": 5.1864, "lr": 0.0029287689850357058, "gnorm": 1.355, "tok_per_s": 200870.8, "load": 4.5283203125}
{"event": "step", "step": 44800, "loss": 5.1773, "lr": 0.0029280094358191885, "gnorm": 1.317, "tok_per_s": 200609.9, "load": 4.48583984375}
{"event": "step", "step": 45000, "loss": 5.051, "lr": 0.0029272459693584184, "gnorm": 1.367, "tok_per_s": 200702.0, "load": 4.41064453125}
eval 45000 {'bpb': 1.7122395521432032, 'nats_per_token': 5.16260841817266, 'tokens': 16379, 'bytes': 71247}
{"event": "step", "step": 45200, "loss": 5.0204, "lr": 0.0029264785879935065, "gnorm": 0.869, "tok_per_s": 199574.2, "load": 4.34716796875}
{"event": "step", "step": 45400, "loss": 5.2723, "lr": 0.0029257072940765644, "gnorm": 1.09, "tok_per_s": 201450.4, "load": 4.3193359375}
{"event": "step", "step": 45600, "loss": 4.9131, "lr": 0.002924932089971695, "gnorm": 0.479, "tok_per_s": 201813.3, "load": 4.26953125}
{"event": "step", "step": 45800, "loss": 5.0357, "lr": 0.002924152978054988, "gnorm": 0.573, "tok_per_s": 201783.2, "load": 4.2275390625}
{"event": "step", "step": 46000, "loss": 5.1246, "lr": 0.0029233699607145083, "gnorm": 0.523, "tok_per_s": 201738.6, "load": 4.208984375}
{"event": "step", "step": 46200, "loss": 5.1609, "lr": 0.0029225830403502955, "gnorm": 0.998, "tok_per_s": 175829.3, "load": 4.17626953125}
{"event": "step", "step": 46400, "loss": 5.1606, "lr": 0.0029217922193743484, "gnorm": 0.532, "tok_per_s": 201863.3, "load": 4.22314453125}
{"event": "step", "step": 46600, "loss": 5.1719, "lr": 0.0029209975002106228, "gnorm": 0.943, "tok_per_s": 201580.3, "load": 4.205078125}
{"event": "step", "step": 46800, "loss": 5.1527, "lr": 0.002920198885295025, "gnorm": 0.942, "tok_per_s": 201193.9, "load": 4.17333984375}
{"event": "step", "step": 47000, "loss": 5.1642, "lr": 0.002919396377075399, "gnorm": 0.742, "tok_per_s": 200719.2, "load": 4.14599609375}
{"event": "step", "step": 47200, "loss": 5.0423, "lr": 0.0029185899780115243, "gnorm": 0.948, "tok_per_s": 200584.8, "load": 4.13427734375}
{"event": "step", "step": 47400, "loss": 5.0358, "lr": 0.002917779690575106, "gnorm": 0.47, "tok_per_s": 200650.1, "load": 4.11279296875}
{"event": "step", "step": 47600, "loss": 5.1185, "lr": 0.002916965517249767, "gnorm": 0.862, "tok_per_s": 200384.2, "load": 4.31640625}
{"event": "step", "step": 47800, "loss": 5.1429, "lr": 0.0029161474605310413, "gnorm": 2.22, "tok_per_s": 200192.7, "load": 4.291015625}
{"event": "step", "step": 48000, "loss": 5.107, "lr": 0.0029153255229263653, "gnorm": 0.672, "tok_per_s": 200089.9, "load": 4.916015625}
{"event": "step", "step": 48200, "loss": 5.1775, "lr": 0.002914499706955072, "gnorm": 0.841, "tok_per_s": 169866.4, "load": 4.93505859375}
{"event": "step", "step": 48400, "loss": 5.2847, "lr": 0.00291367001514838, "gnorm": 2.106, "tok_per_s": 200517.2, "load": 4.85986328125}
{"event": "step", "step": 48600, "loss": 5.1942, "lr": 0.002912836450049391, "gnorm": 0.993, "tok_per_s": 200544.7, "load": 4.80126953125}
{"event": "step", "step": 48800, "loss": 5.0036, "lr": 0.0029119990142130745, "gnorm": 0.972, "tok_per_s": 200752.7, "load": 4.677734375}
{"event": "step", "step": 49000, "loss": 5.1689, "lr": 0.002911157710206268, "gnorm": 1.491, "tok_per_s": 200437.6, "load": 4.623046875}
{"event": "step", "step": 49200, "loss": 5.279, "lr": 0.002910312540607664, "gnorm": 1.223, "tok_per_s": 200567.4, "load": 4.52685546875}
{"event": "step", "step": 49400, "loss": 5.0007, "lr": 0.0029094635080078035, "gnorm": 1.08, "tok_per_s": 200577.0, "load": 4.51953125}
{"event": "step", "step": 49600, "loss": 5.0535, "lr": 0.002908610615009067, "gnorm": 0.97, "tok_per_s": 200542.3, "load": 4.4775390625}
{"event": "step", "step": 49800, "loss": 5.0038, "lr": 0.0029077538642256692, "gnorm": 0.609, "tok_per_s": 200444.8, "load": 4.40380859375}
{"event": "step", "step": 50000, "loss": 4.9524, "lr": 0.0029068932582836486, "gnorm": 2.788, "tok_per_s": 200567.0, "load": 4.34130859375}
eval 50000 {'bpb': 1.7073712796369052, 'nats_per_token': 5.1479299903840285, 'tokens': 16379, 'bytes': 71247}
{"event": "step", "step": 50200, "loss": 5.1033, "lr": 0.0029060287998208603, "gnorm": 1.179, "tok_per_s": 169090.9, "load": 4.31396484375}
{"event": "step", "step": 50400, "loss": 5.1556, "lr": 0.002905160491486968, "gnorm": 1.733, "tok_per_s": 200557.9, "load": 4.26513671875}
{"event": "step", "step": 50600, "loss": 5.2065, "lr": 0.002904288335943435, "gnorm": 0.47, "tok_per_s": 200630.2, "load": 4.37158203125}
{"event": "step", "step": 50800, "loss": 5.0824, "lr": 0.0029034123358635173, "gnorm": 0.967, "tok_per_s": 200622.8, "load": 4.341796875}
{"event": "step", "step": 51000, "loss": 5.1773, "lr": 0.002902532493932255, "gnorm": 2.813, "tok_per_s": 200556.2, "load": 4.369140625}
{"event": "step", "step": 51200, "loss": 5.0341, "lr": 0.002901648812846464, "gnorm": 0.75, "tok_per_s": 200672.0, "load": 4.31201171875}
{"event": "step", "step": 51400, "loss": 4.989, "lr": 0.002900761295314726, "gnorm": 0.559, "tok_per_s": 200672.9, "load": 4.28662109375}
{"event": "step", "step": 51600, "loss": 5.1074, "lr": 0.002899869944057385, "gnorm": 0.912, "tok_per_s": 200468.9, "load": 4.322265625}
{"event": "step", "step": 51800, "loss": 5.0014, "lr": 0.0028989747618065327, "gnorm": 0.628, "tok_per_s": 199967.9, "load": 11.49853515625}
{"event": "step", "step": 52000, "loss": 5.1692, "lr": 0.0028980757513060048, "gnorm": 1.092, "tok_per_s": 200601.7, "load": 10.89794921875}
{"event": "step", "step": 52200, "loss": 5.3046, "lr": 0.002897172915311371, "gnorm": 1.245, "tok_per_s": 169879.3, "load": 9.91064453125}
{"event": "step", "step": 52400, "loss": 4.9164, "lr": 0.002896266256589926, "gnorm": 1.219, "tok_per_s": 200593.3, "load": 9.00146484375}
{"event": "step", "step": 52600, "loss": 5.0573, "lr": 0.002895355777920682, "gnorm": 1.534, "tok_per_s": 200632.7, "load": 8.6005859375}
{"event": "step", "step": 52800, "loss": 5.1429, "lr": 0.002894441482094359, "gnorm": 0.931, "tok_per_s": 200146.7, "load": 8.052734375}
{"event": "step", "step": 53000, "loss": 5.2646, "lr": 0.0028935233719133793, "gnorm": 0.833, "tok_per_s": 200514.1, "load": 7.5029296875}
{"event": "step", "step": 53200, "loss": 5.2226, "lr": 0.0028926014501918533, "gnorm": 1.204, "tok_per_s": 200637.7, "load": 7.22216796875}
{"event": "step", "step": 53400, "loss": 4.9915, "lr": 0.0028916757197555766, "gnorm": 1.02, "tok_per_s": 200692.8, "load": 6.72607421875}
{"event": "step", "step": 53600, "loss": 5.1761, "lr": 0.0028907461834420185, "gnorm": 0.946, "tok_per_s": 200782.4, "load": 6.30615234375}
{"event": "step", "step": 53800, "loss": 5.3195, "lr": 0.0028898128441003134, "gnorm": 1.51, "tok_per_s": 200663.8, "load": 6.12109375}
{"event": "step", "step": 54000, "loss": 5.2218, "lr": 0.0028888757045912516, "gnorm": 2.087, "tok_per_s": 200647.5, "load": 5.794921875}
{"event": "step", "step": 54200, "loss": 5.0319, "lr": 0.0028879347677872734, "gnorm": 0.845, "tok_per_s": 170878.9, "load": 5.5185546875}
{"event": "step", "step": 54400, "loss": 5.0637, "lr": 0.002886990036572457, "gnorm": 2.28, "tok_per_s": 200657.3, "load": 5.2841796875}
{"event": "step", "step": 54600, "loss": 5.0876, "lr": 0.0028860415138425113, "gnorm": 0.655, "tok_per_s": 200538.9, "load": 5.18115234375}
{"event": "step", "step": 54800, "loss": 4.9435, "lr": 0.0028850892025047647, "gnorm": 0.696, "tok_per_s": 200626.2, "load": 4.9990234375}
{"event": "step", "step": 55000, "loss": 5.2624, "lr": 0.0028841331054781615, "gnorm": 3.348, "tok_per_s": 200632.5, "load": 4.9189453125}
eval 55000 {'bpb': 1.7088148264099394, 'nats_per_token': 5.1522824577202515, 'tokens': 16379, 'bytes': 71247}
{"event": "step", "step": 55200, "loss": 4.9867, "lr": 0.002883173225693247, "gnorm": 1.112, "tok_per_s": 199478.7, "load": 4.77734375}
{"event": "step", "step": 55400, "loss": 5.2268, "lr": 0.002882209566092162, "gnorm": 0.457, "tok_per_s": 200541.3, "load": 4.6572265625}
{"event": "step", "step": 55600, "loss": 5.0882, "lr": 0.002881242129628633, "gnorm": 2.518, "tok_per_s": 200542.3, "load": 4.6044921875}
{"event": "step", "step": 55800, "loss": 4.9489, "lr": 0.0028802709192679624, "gnorm": 0.535, "tok_per_s": 200546.6, "load": 4.5107421875}
{"event": "step", "step": 56000, "loss": 5.2817, "lr": 0.0028792959379870206, "gnorm": 0.534, "tok_per_s": 200032.5, "load": 4.67236328125}
{"event": "step", "step": 56200, "loss": 4.9833, "lr": 0.0028783171887742363, "gnorm": 0.658, "tok_per_s": 167170.4, "load": 4.642578125}
{"event": "step", "step": 56400, "loss": 5.0135, "lr": 0.002877334674629587, "gnorm": 2.149, "tok_per_s": 200583.5, "load": 4.5908203125}
{"event": "step", "step": 56600, "loss": 4.9508, "lr": 0.0028763483985645892, "gnorm": 0.75, "tok_per_s": 200710.4, "load": 4.49951171875}
{"event": "step", "step": 56800, "loss": 4.9514, "lr": 0.0028753583636022934, "gnorm": 2.096, "tok_per_s": 200152.3, "load": 7.767578125}
{"event": "step", "step": 57000, "loss": 5.1932, "lr": 0.0028743645727772674, "gnorm": 1.066, "tok_per_s": 200785.9, "load": 7.6259765625}
{"event": "step", "step": 57200, "loss": 5.26, "lr": 0.0028733670291355945, "gnorm": 1.577, "tok_per_s": 200665.7, "load": 7.06787109375}
{"event": "step", "step": 57400, "loss": 5.1427, "lr": 0.0028723657357348584, "gnorm": 1.066, "tok_per_s": 200811.0, "load": 6.82177734375}
{"event": "step", "step": 57600, "loss": 5.1495, "lr": 0.0028713606956441377, "gnorm": 0.68, "tok_per_s": 200585.7, "load": 6.3876953125}
{"event": "step", "step": 57800, "loss": 5.0798, "lr": 0.002870351911943994, "gnorm": 0.555, "tok_per_s": 200646.5, "load": 6.02001953125}
{"event": "step", "step": 58000, "loss": 5.0042, "lr": 0.002869339387726465, "gnorm": 1.388, "tok_per_s": 200616.6, "load": 5.85791015625}
{"event": "step", "step": 58200, "loss": 5.091, "lr": 0.0028683231260950514, "gnorm": 1.594, "tok_per_s": 168750.7, "load": 5.6455078125}
{"event": "step", "step": 58400, "loss": 5.3726, "lr": 0.0028673031301647118, "gnorm": 0.795, "tok_per_s": 200694.9, "load": 5.4658203125}
{"event": "step", "step": 58600, "loss": 5.1048, "lr": 0.002866279403061849, "gnorm": 0.831, "tok_per_s": 200730.6, "load": 5.23974609375}
{"event": "step", "step": 58800, "loss": 5.1863, "lr": 0.002865251947924304, "gnorm": 1.126, "tok_per_s": 200706.1, "load": 5.14013671875}
{"event": "step", "step": 59000, "loss": 5.1034, "lr": 0.0028642207679013426, "gnorm": 0.751, "tok_per_s": 200685.0, "load": 4.96435546875}
{"event": "step", "step": 59200, "loss": 5.0731, "lr": 0.0028631858661536487, "gnorm": 0.729, "tok_per_s": 200771.7, "load": 4.8154296875}
{"event": "step", "step": 59400, "loss": 5.1743, "lr": 0.0028621472458533145, "gnorm": 0.531, "tok_per_s": 200705.1, "load": 4.75}
{"event": "step", "step": 59600, "loss": 4.9947, "lr": 0.002861104910183829, "gnorm": 1.594, "tok_per_s": 200752.8, "load": 4.63427734375}
{"event": "step", "step": 59800, "loss": 5.1295, "lr": 0.0028600588623400695, "gnorm": 1.141, "tok_per_s": 200090.2, "load": 4.5830078125}
{"event": "step", "step": 60000, "loss": 5.0488, "lr": 0.002859009105528292, "gnorm": 0.77, "tok_per_s": 200411.9, "load": 4.4931640625}
eval 60000 {'bpb': 1.7152673618377228, 'nats_per_token': 5.171737628976128, 'tokens': 16379, 'bytes': 71247}
{"event": "step", "step": 60200, "loss": 5.1382, "lr": 0.00285795564296612, "gnorm": 1.68, "tok_per_s": 169221.8, "load": 4.49755859375}
{"event": "step", "step": 60400, "loss": 5.2538, "lr": 0.0028568984778825366, "gnorm": 1.145, "tok_per_s": 200673.8, "load": 4.42041015625}
{"event": "step", "step": 60600, "loss": 5.0814, "lr": 0.0028558376135178727, "gnorm": 1.271, "tok_per_s": 200361.6, "load": 4.46728515625}
{"event": "step", "step": 60800, "loss": 5.2317, "lr": 0.0028547730531237976, "gnorm": 0.67, "tok_per_s": 200331.5, "load": 6.169921875}
{"event": "step", "step": 61000, "loss": 5.1221, "lr": 0.002853704799963311, "gnorm": 2.941, "tok_per_s": 200770.6, "load": 5.90966796875}
{"event": "step", "step": 61200, "loss": 4.9472, "lr": 0.00285263285731073, "gnorm": 1.084, "tok_per_s": 200482.3, "load": 5.75634765625}
{"event": "step", "step": 61400, "loss": 5.0188, "lr": 0.0028515572284516805, "gnorm": 0.844, "tok_per_s": 200573.5, "load": 5.48583984375}
{"event": "step", "step": 61600, "loss": 5.2149, "lr": 0.002850477916683087, "gnorm": 0.714, "tok_per_s": 200591.0, "load": 5.2568359375}
{"event": "step", "step": 61800, "loss": 5.1967, "lr": 0.002849394925313164, "gnorm": 2.225, "tok_per_s": 200713.9, "load": 5.15576171875}
{"event": "step", "step": 62000, "loss": 5.2621, "lr": 0.0028483082576614025, "gnorm": 1.064, "tok_per_s": 200709.8, "load": 4.9775390625}
{"event": "step", "step": 62200, "loss": 5.2392, "lr": 0.0028472179170585614, "gnorm": 2.211, "tok_per_s": 169599.7, "load": 4.9873046875}
{"event": "step", "step": 62400, "loss": 5.2495, "lr": 0.00284612390684666, "gnorm": 1.244, "tok_per_s": 200907.3, "load": 4.908203125}
{"event": "step", "step": 62600, "loss": 5.1631, "lr": 0.002845026230378964, "gnorm": 1.282, "tok_per_s": 200750.2, "load": 4.76806640625}
{"event": "step", "step": 62800, "loss": 5.1808, "lr": 0.002843924891019976, "gnorm": 1.28, "tok_per_s": 200825.9, "load": 4.64990234375}
{"event": "step", "step": 63000, "loss": 4.9871, "lr": 0.002842819892145426, "gnorm": 0.615, "tok_per_s": 200769.7, "load": 4.59765625}
{"event": "step", "step": 63200, "loss": 5.1067, "lr": 0.0028417112371422622, "gnorm": 1.63, "tok_per_s": 200716.5, "load": 4.5048828125}
{"event": "step", "step": 63400, "loss": 5.2577, "lr": 0.002840598929408638, "gnorm": 1.706, "tok_per_s": 200798.1, "load": 4.4267578125}
{"event": "step", "step": 63600, "loss": 5.1435, "lr": 0.002839482972353902, "gnorm": 2.498, "tok_per_s": 200704.3, "load": 4.392578125}
{"event": "step", "step": 63800, "loss": 5.1139, "lr": 0.0028383633693985916, "gnorm": 3.774, "tok_per_s": 200558.0, "load": 4.33154296875}
{"event": "step", "step": 64000, "loss": 5.0353, "lr": 0.0028372401239744154, "gnorm": 1.502, "tok_per_s": 200289.1, "load": 4.3046875}
{"event": "step", "step": 64200, "loss": 4.9276, "lr": 0.002836113239524249, "gnorm": 0.503, "tok_per_s": 168499.9, "load": 4.48583984375}
{"event": "step", "step": 64400, "loss": 5.0344, "lr": 0.002834982719502121, "gnorm": 2.26, "tok_per_s": 200617.6, "load": 4.41064453125}
{"event": "step", "step": 64600, "loss": 5.0769, "lr": 0.0028338485673732043, "gnorm": 1.773, "tok_per_s": 200573.9, "load": 4.34716796875}
{"event": "step", "step": 64800, "loss": 5.0135, "lr": 0.002832710786613804, "gnorm": 2.78, "tok_per_s": 200641.3, "load": 4.3193359375}
{"event": "step", "step": 65000, "loss": 5.2652, "lr": 0.0028315693807113474, "gnorm": 1.986, "tok_per_s": 200644.3, "load": 4.26953125}
eval 65000 {'bpb': 1.7178392480473232, 'nats_per_token': 5.179492175575432, 'tokens': 16379, 'bytes': 71247}
{"event": "step", "step": 65200, "loss": 5.2576, "lr": 0.002830424353164374, "gnorm": 2.865, "tok_per_s": 199410.8, "load": 4.54248046875}
{"event": "step", "step": 65400, "loss": 5.0291, "lr": 0.0028292757074825227, "gnorm": 0.962, "tok_per_s": 200504.2, "load": 4.4990234375}
{"event": "step", "step": 65600, "loss": 5.0828, "lr": 0.002828123447186523, "gnorm": 2.272, "tok_per_s": 200639.2, "load": 4.421875}
{"event": "step", "step": 65800, "loss": 5.2436, "lr": 0.0028269675758081847, "gnorm": 2.229, "tok_per_s": 200597.2, "load": 4.3564453125}
{"event": "step", "step": 66000, "loss": 5.1532, "lr": 0.0028258080968903837, "gnorm": 1.745, "tok_per_s": 200548.0, "load": 4.32763671875}
{"event": "step", "step": 66200, "loss": 5.0727, "lr": 0.002824645013987056, "gnorm": 1.868, "tok_per_s": 169639.9, "load": 4.27685546875}
{"event": "step", "step": 66400, "loss": 5.078, "lr": 0.002823478330663182, "gnorm": 0.839, "tok_per_s": 200546.9, "load": 4.23388671875}
{"event": "step", "step": 66600, "loss": 5.1389, "lr": 0.0028223080504947793, "gnorm": 1.039, "tok_per_s": 200486.0, "load": 4.21484375}
{"event": "step", "step": 66800, "loss": 4.958, "lr": 0.0028211341770688902, "gnorm": 0.842, "tok_per_s": 200563.9, "load": 4.18115234375}
{"event": "step", "step": 67000, "loss": 5.0716, "lr": 0.002819956713983569, "gnorm": 1.251, "tok_per_s": 200577.7, "load": 4.15283203125}
{"event": "step", "step": 67200, "loss": 5.1638, "lr": 0.002818775664847875, "gnorm": 0.991, "tok_per_s": 201074.2, "load": 4.14013671875}
{"event": "step", "step": 67400, "loss": 5.0733, "lr": 0.0028175910332818577, "gnorm": 1.802, "tok_per_s": 201092.4, "load": 4.1181640625}
{"event": "step", "step": 67600, "loss": 4.881, "lr": 0.002816402822916547, "gnorm": 1.312, "tok_per_s": 200702.3, "load": 4.173828125}
{"event": "step", "step": 67800, "loss": 5.0859, "lr": 0.0028152110373939436, "gnorm": 1.329, "tok_per_s": 200765.0, "load": 4.15966796875}
{"event": "step", "step": 68000, "loss": 5.2046, "lr": 0.0028140156803670054, "gnorm": 1.623, "tok_per_s": 200777.5, "load": 4.13427734375}
{"event": "step", "step": 68200, "loss": 5.1822, "lr": 0.0028128167554996378, "gnorm": 1.303, "tok_per_s": 169453.4, "load": 4.11279296875}
{"event": "step", "step": 68400, "loss": 5.0102, "lr": 0.0028116142664666817, "gnorm": 1.488, "tok_per_s": 200783.4, "load": 4.103515625}
{"event": "step", "step": 68600, "loss": 5.0108, "lr": 0.0028104082169539027, "gnorm": 1.107, "tok_per_s": 200807.3, "load": 4.08740234375}
{"event": "step", "step": 68800, "loss": 5.0719, "lr": 0.002809198610657979, "gnorm": 0.648, "tok_per_s": 200611.1, "load": 4.15380859375}
{"event": "step", "step": 69000, "loss": 5.0669, "lr": 0.002807985451286493, "gnorm": 1.035, "tok_per_s": 200237.5, "load": 4.5419921875}
{"event": "step", "step": 69200, "loss": 5.073, "lr": 0.002806768742557915, "gnorm": 1.417, "tok_per_s": 200776.0, "load": 4.60595703125}
{"event": "step", "step": 69400, "loss": 5.2759, "lr": 0.0028055484882015956, "gnorm": 1.873, "tok_per_s": 200299.1, "load": 4.51220703125}
{"event": "step", "step": 69600, "loss": 5.0889, "lr": 0.0028043246919577536, "gnorm": 1.146, "tok_per_s": 200428.2, "load": 4.470703125}
{"event": "step", "step": 69800, "loss": 5.0518, "lr": 0.002803097357577464, "gnorm": 1.343, "tok_per_s": 200504.5, "load": 4.39794921875}
{"event": "step", "step": 70000, "loss": 5.2233, "lr": 0.0028018664888226456, "gnorm": 2.487, "tok_per_s": 200571.7, "load": 4.33642578125}
eval 70000 {'bpb': 1.707329594752007, 'nats_per_token': 5.14780430543684, 'tokens': 16379, 'bytes': 71247}
{"event": "step", "step": 70200, "loss": 4.9308, "lr": 0.002800632089466051, "gnorm": 1.49, "tok_per_s": 169410.0, "load": 4.2841796875}
{"event": "step", "step": 70400, "loss": 5.2786, "lr": 0.0027993941632912553, "gnorm": 0.843, "tok_per_s": 200686.6, "load": 4.26123046875}
{"event": "step", "step": 70600, "loss": 5.1544, "lr": 0.0027981527140926417, "gnorm": 1.733, "tok_per_s": 200584.5, "load": 4.294921875}
{"event": "step", "step": 70800, "loss": 5.0732, "lr": 0.0027969077456753946, "gnorm": 1.559, "tok_per_s": 200653.6, "load": 4.27099609375}
{"event": "step", "step": 71000, "loss": 5.0203, "lr": 0.0027956592618554833, "gnorm": 2.855, "tok_per_s": 200589.8, "load": 4.22900390625}
{"event": "step", "step": 71200, "loss": 5.0166, "lr": 0.0027944072664596526, "gnorm": 0.776, "tok_per_s": 200129.8, "load": 4.421875}
{"event": "step", "step": 71400, "loss": 5.0698, "lr": 0.002793151763325411, "gnorm": 1.358, "tok_per_s": 200640.5, "load": 4.3876953125}
{"event": "step", "step": 71600, "loss": 5.1851, "lr": 0.0027918927563010177, "gnorm": 0.771, "tok_per_s": 200654.1, "load": 4.40185546875}
{"event": "step", "step": 71800, "loss": 5.1907, "lr": 0.002790630249245473, "gnorm": 1.657, "tok_per_s": 200840.6, "load": 4.33984375}
{"event": "step", "step": 72000, "loss": 5.1186, "lr": 0.0027893642460285043, "gnorm": 3.189, "tok_per_s": 200705.1, "load": 4.3125}
{"event": "step", "step": 72200, "loss": 5.1144, "lr": 0.0027880947505305557, "gnorm": 2.605, "tok_per_s": 169513.0, "load": 4.34423828125}
{"event": "step", "step": 72400, "loss": 5.1026, "lr": 0.0027868217666427754, "gnorm": 1.11, "tok_per_s": 200819.6, "load": 4.291015625}
{"event": "step", "step": 72600, "loss": 5.13, "lr": 0.002785545298267003, "gnorm": 1.775, "tok_per_s": 200787.5, "load": 4.40673828125}
{"event": "step", "step": 72800, "loss": 5.1745, "lr": 0.00278426534931576, "gnorm": 0.86, "tok_per_s": 200779.1, "load": 4.3740234375}
{"event": "step", "step": 73000, "loss": 5.1575, "lr": 0.0027829819237122355, "gnorm": 1.097, "tok_per_s": 200912.1, "load": 4.396484375}
{"event": "step", "step": 73200, "loss": 4.9582, "lr": 0.0027816950253902743, "gnorm": 1.657, "tok_per_s": 200696.7, "load": 4.3642578125}
{"event": "step", "step": 73400, "loss": 4.875, "lr": 0.0027804046582943667, "gnorm": 1.189, "tok_per_s": 199999.2, "load": 4.46875}
{"event": "step", "step": 73600, "loss": 5.0303, "lr": 0.002779110826379634, "gnorm": 2.173, "tok_per_s": 200447.0, "load": 4.9931640625}
{"event": "step", "step": 73800, "loss": 5.2201, "lr": 0.002777813533611819, "gnorm": 1.443, "tok_per_s": 200625.4, "load": 4.91357421875}
{"event": "step", "step": 74000, "loss": 5.123, "lr": 0.0027765127839672705, "gnorm": 1.45, "tok_per_s": 200740.3, "load": 4.77294921875}
{"event": "step", "step": 74200, "loss": 5.0968, "lr": 0.0027752085814329347, "gnorm": 2.041, "tok_per_s": 170228.5, "load": 4.65380859375}
{"event": "step", "step": 74400, "loss": 5.031, "lr": 0.0027739009300063408, "gnorm": 1.349, "tok_per_s": 200783.1, "load": 4.626953125}
{"event": "step", "step": 74600, "loss": 5.1448, "lr": 0.002772589833695589, "gnorm": 1.23, "tok_per_s": 200668.0, "load": 4.57666015625}
{"event": "step", "step": 74800, "loss": 5.0743, "lr": 0.0027712752965193383, "gnorm": 0.621, "tok_per_s": 200713.3, "load": 4.48779296875}
{"event": "step", "step": 75000, "loss": 4.9854, "lr": 0.002769957322506795, "gnorm": 1.896, "tok_per_s": 200789.7, "load": 4.44873046875}
eval 75000 {'bpb': 1.7098378067066875, 'nats_per_token': 5.1553668664906285, 'tokens': 16379, 'bytes': 71247}
{"event": "step", "step": 75200, "loss": 5.0913, "lr": 0.002768635915697699, "gnorm": 2.116, "tok_per_s": 199521.8, "load": 4.37939453125}
{"event": "step", "step": 75400, "loss": 5.195, "lr": 0.0027673110801423127, "gnorm": 1.227, "tok_per_s": 200753.0, "load": 4.40087890625}
{"event": "step", "step": 75600, "loss": 5.0505, "lr": 0.0027659828199014078, "gnorm": 2.279, "tok_per_s": 200701.0, "load": 4.36865234375}
{"event": "step", "step": 75800, "loss": 5.2304, "lr": 0.0027646511390462527, "gnorm": 0.597, "tok_per_s": 200614.3, "load": 4.3115234375}
{"event": "step", "step": 76000, "loss": 5.0683, "lr": 0.0027633160416586, "gnorm": 0.891, "tok_per_s": 200524.8, "load": 4.26318359375}
{"event": "step", "step": 76200, "loss": 5.1782, "lr": 0.0027619775318306772, "gnorm": 2.616, "tok_per_s": 170061.9, "load": 4.22216796875}
{"event": "step", "step": 76400, "loss": 5.1604, "lr": 0.002760635613665167, "gnorm": 1.232, "tok_per_s": 200064.7, "load": 4.36474609375}
{"event": "step", "step": 76600, "loss": 5.1415, "lr": 0.002759290291275202, "gnorm": 4.441, "tok_per_s": 200530.5, "load": 4.53662109375}
{"event": "step", "step": 76800, "loss": 5.0454, "lr": 0.002757941568784349, "gnorm": 1.618, "tok_per_s": 200792.7, "load": 4.45361328125}
{"event": "step", "step": 77000, "loss": 5.2684, "lr": 0.0027565894503265936, "gnorm": 1.548, "tok_per_s": 200747.7, "load": 4.4169921875}
{"event": "step", "step": 77200, "loss": 5.0052, "lr": 0.0027552339400463348, "gnorm": 1.28, "tok_per_s": 200603.6, "load": 4.3525390625}
{"event": "step", "step": 77400, "loss": 5.1063, "lr": 0.002753875042098365, "gnorm": 0.838, "tok_per_s": 200693.3, "load": 4.32421875}
{"event": "step", "step": 77600, "loss": 5.2024, "lr": 0.002752512760647861, "gnorm": 0.636, "tok_per_s": 200652.1, "load": 4.27392578125}
{"event": "step", "step": 77800, "loss": 5.1343, "lr": 0.0027511470998703704, "gnorm": 3.478, "tok_per_s": 200466.6, "load": 4.3056640625}
{"event": "step", "step": 78000, "loss": 5.0224, "lr": 0.0027497780639517987, "gnorm": 1.009, "tok_per_s": 200583.0, "load": 4.28076171875}
{"event": "step", "step": 78200, "loss": 4.959, "lr": 0.0027484056570883965, "gnorm": 1.332, "tok_per_s": 169464.2, "load": 4.23681640625}
{"event": "step", "step": 78400, "loss": 5.1797, "lr": 0.002747029883486747, "gnorm": 1.425, "tok_per_s": 201009.5, "load": 4.2001953125}
{"event": "step", "step": 78600, "loss": 4.9794, "lr": 0.0027456507473637534, "gnorm": 0.566, "tok_per_s": 200822.5, "load": 4.2431640625}
{"event": "step", "step": 78800, "loss": 5.1944, "lr": 0.002744268252946624, "gnorm": 1.08, "tok_per_s": 200740.9, "load": 4.2236328125}
{"event": "step", "step": 79000, "loss": 5.0417, "lr": 0.002742882404472861, "gnorm": 1.02, "tok_per_s": 200761.1, "load": 4.18896484375}
{"event": "step", "step": 79200, "loss": 5.0728, "lr": 0.0027414932061902483, "gnorm": 4.685, "tok_per_s": 200787.7, "load": 4.15966796875}
{"event": "step", "step": 79400, "loss": 5.1921, "lr": 0.0027401006623568366, "gnorm": 6.115, "tok_per_s": 200685.2, "load": 4.146484375}
{"event": "step", "step": 79600, "loss": 5.1503, "lr": 0.002738704777240931, "gnorm": 1.153, "tok_per_s": 200732.6, "load": 4.123046875}
{"event": "step", "step": 79800, "loss": 5.2443, "lr": 0.0027373055551210787, "gnorm": 2.185, "tok_per_s": 200667.9, "load": 4.11279296875}
{"event": "step", "step": 80000, "loss": 5.0519, "lr": 0.002735903000286053, "gnorm": 1.366, "tok_per_s": 200583.7, "load": 4.09521484375}
eval 80000 {'bpb': 1.7163344790714217, 'nats_per_token': 5.174955115925881, 'tokens': 16379, 'bytes': 71247}
{"event": "step", "step": 80200, "loss": 5.0305, "lr": 0.0027344971170348456, "gnorm": 0.49, "tok_per_s": 169028.5, "load": 4.080078125}
{"event": "step", "step": 80400, "loss": 5.1383, "lr": 0.0027330879096766473, "gnorm": 1.228, "tok_per_s": 200591.2, "load": 4.06689453125}
{"event": "step", "step": 80600, "loss": 5.4232, "lr": 0.00273167538253084, "gnorm": 3.028, "tok_per_s": 200726.9, "load": 4.0615234375}
{"event": "step", "step": 80800, "loss": 5.1471, "lr": 0.0027302595399269795, "gnorm": 2.346, "tok_per_s": 200640.0, "load": 4.05126953125}
{"event": "step", "step": 81000, "loss": 5.1072, "lr": 0.0027288403862047845, "gnorm": 4.658, "tok_per_s": 200656.5, "load": 4.12353515625}
{"event": "step", "step": 81200, "loss": 5.0014, "lr": 0.0027274179257141223, "gnorm": 2.45, "tok_per_s": 200776.2, "load": 4.11328125}
{"event": "step", "step": 81400, "loss": 5.1942, "lr": 0.002725992162814996, "gnorm": 2.506, "tok_per_s": 200635.2, "load": 4.09521484375}
{"event": "step", "step": 81600, "loss": 5.1126, "lr": 0.0027245631018775317, "gnorm": 1.269, "tok_per_s": 200645.3, "load": 4.16796875}
{"event": "step", "step": 81800, "loss": 5.1382, "lr": 0.002723130747281963, "gnorm": 4.49, "tok_per_s": 200192.4, "load": 13.35107421875}
{"event": "step", "step": 82000, "loss": 5.0824, "lr": 0.00272169510341862, "gnorm": 3.0, "tok_per_s": 201427.2, "load": 12.14697265625}
{"event": "step", "step": 82200, "loss": 5.0849, "lr": 0.002720256174687914, "gnorm": 2.278, "tok_per_s": 170631.3, "load": 10.8935546875}
{"event": "step", "step": 82400, "loss": 5.1452, "lr": 0.0027188139655003256, "gnorm": 0.977, "tok_per_s": 200781.9, "load": 10.34130859375}
{"event": "step", "step": 82600, "loss": 4.9935, "lr": 0.00271736848027639, "gnorm": 0.778, "tok_per_s": 200698.8, "load": 9.3662109375}
{"event": "step", "step": 82800, "loss": 5.1157, "lr": 0.0027159197234466834, "gnorm": 1.623, "tok_per_s": 200652.9, "load": 8.54052734375}
{"event": "step", "step": 83000, "loss": 5.1196, "lr": 0.00271446769945181, "gnorm": 2.317, "tok_per_s": 200803.3, "load": 8.1767578125}
{"event": "step", "step": 83200, "loss": 5.0138, "lr": 0.0027130124127423896, "gnorm": 0.934, "tok_per_s": 200778.1, "load": 7.5341796875}
{"event": "step", "step": 83400, "loss": 5.1951, "lr": 0.0027115538677790403, "gnorm": 2.232, "tok_per_s": 200769.0, "load": 6.990234375}
{"event": "step", "step": 83600, "loss": 5.1217, "lr": 0.002710092069032369, "gnorm": 2.198, "tok_per_s": 200782.1, "load": 6.75048828125}
{"event": "step", "step": 83800, "loss": 5.055, "lr": 0.0027086270209829544, "gnorm": 1.632, "tok_per_s": 200283.5, "load": 6.55419921875}
{"event": "step", "step": 84000, "loss": 4.9914, "lr": 0.002707158728121336, "gnorm": 1.106, "tok_per_s": 200394.7, "load": 6.4296875}
{"event": "step", "step": 84200, "loss": 5.1736, "lr": 0.0027056871949479983, "gnorm": 2.425, "tok_per_s": 169722.4, "load": 6.0556640625}
{"event": "step", "step": 84400, "loss": 5.2715, "lr": 0.0027042124259733574, "gnorm": 1.084, "tok_per_s": 200705.3, "load": 5.8125}
{"event": "step", "step": 84600, "loss": 5.0415, "lr": 0.002702734425717749, "gnorm": 1.582, "tok_per_s": 200579.3, "load": 5.61328125}
{"event": "step", "step": 84800, "loss": 5.1305, "lr": 0.002701253198711411, "gnorm": 1.625, "tok_per_s": 200593.9, "load": 5.48388671875}
{"event": "step", "step": 85000, "loss": 5.2855, "lr": 0.0026997687494944717, "gnorm": 3.425, "tok_per_s": 200322.1, "load": 5.25537109375}
eval 85000 {'bpb': 1.7245805719281666, 'nats_per_token': 5.199818078789914, 'tokens': 16379, 'bytes': 71247}
{"event": "step", "step": 85200, "loss": 5.1232, "lr": 0.0026982810826169388, "gnorm": 0.814, "tok_per_s": 199384.0, "load": 5.06201171875}
{"event": "step", "step": 85400, "loss": 5.0315, "lr": 0.0026967902026386794, "gnorm": 3.283, "tok_per_s": 200358.7, "load": 5.056640625}
{"event": "step", "step": 85600, "loss": 5.0876, "lr": 0.00269529611412941, "gnorm": 2.793, "tok_per_s": 200260.4, "load": 5.12158203125}
{"event": "step", "step": 85800, "loss": 4.9582, "lr": 0.002693798821668682, "gnorm": 1.773, "tok_per_s": 200182.0, "load": 4.94873046875}
{"event": "step", "step": 86000, "loss": 5.044, "lr": 0.0026922983298458677, "gnorm": 2.181, "tok_per_s": 200072.6, "load": 4.87255859375}
{"event": "step", "step": 86200, "loss": 5.139, "lr": 0.0026907946432601438, "gnorm": 1.76, "tok_per_s": 169486.8, "load": 4.978515625}
{"event": "step", "step": 86400, "loss": 5.216, "lr": 0.0026892877665204823, "gnorm": 0.678, "tok_per_s": 200630.9, "load": 4.90185546875}
{"event": "step", "step": 86600, "loss": 5.2927, "lr": 0.0026877777042456303, "gnorm": 1.405, "tok_per_s": 200863.6, "load": 4.82958984375}
{"event": "step", "step": 86800, "loss": 5.0757, "lr": 0.0026862644610641012, "gnorm": 2.629, "tok_per_s": 200917.2, "load": 4.701171875}
{"event": "step", "step": 87000, "loss": 5.148, "lr": 0.0026847480416141573, "gnorm": 2.31, "tok_per_s": 200400.9, "load": 4.59326171875}
{"event": "step", "step": 87200, "loss": 5.1615, "lr": 0.0026832284505437965, "gnorm": 1.271, "tok_per_s": 200422.2, "load": 4.54541015625}
{"event": "step", "step": 87400, "loss": 5.1585, "lr": 0.0026817056925107384, "gnorm": 2.833, "tok_per_s": 200304.0, "load": 4.53515625}
{"event": "step", "step": 87600, "loss": 5.0522, "lr": 0.00268017977218241, "gnorm": 2.226, "tok_per_s": 200511.7, "load": 4.533203125}
{"event": "step", "step": 87800, "loss": 5.0045, "lr": 0.0026786506942359295, "gnorm": 2.649, "tok_per_s": 200634.7, "load": 4.490234375}
{"event": "step", "step": 88000, "loss": 5.2393, "lr": 0.002677118463358095, "gnorm": 2.348, "tok_per_s": 200639.6, "load": 4.41455078125}
{"event": "step", "step": 88200, "loss": 5.0127, "lr": 0.00267558308424537, "gnorm": 4.531, "tok_per_s": 169978.9, "load": 4.3505859375}
{"event": "step", "step": 88400, "loss": 5.0013, "lr": 0.0026740445616038637, "gnorm": 3.115, "tok_per_s": 200638.4, "load": 4.322265625}
{"event": "step", "step": 88600, "loss": 5.1245, "lr": 0.002672502900149324, "gnorm": 2.803, "tok_per_s": 200787.8, "load": 4.2724609375}
{"event": "step", "step": 88800, "loss": 5.1509, "lr": 0.0026709581046071187, "gnorm": 1.998, "tok_per_s": 199821.7, "load": 11.677734375}
{"event": "step", "step": 89000, "loss": 4.9743, "lr": 0.002669410179712222, "gnorm": 0.948, "tok_per_s": 200248.0, "load": 11.22265625}
{"event": "step", "step": 89200, "loss": 5.0784, "lr": 0.002667859130209199, "gnorm": 2.269, "tok_per_s": 200608.3, "load": 10.11181640625}
{"event": "step", "step": 89400, "loss": 5.0362, "lr": 0.002666304960852194, "gnorm": 2.8, "tok_per_s": 200618.9, "load": 9.17138671875}
{"event": "step", "step": 89600, "loss": 5.1454, "lr": 0.0026647476764049115, "gnorm": 2.17, "tok_per_s": 200776.0, "load": 8.7568359375}
{"event": "step", "step": 89800, "loss": 5.0395, "lr": 0.0026631872816406063, "gnorm": 0.751, "tok_per_s": 200870.5, "load": 8.02490234375}
{"event": "step", "step": 90000, "loss": 5.1098, "lr": 0.0026616237813420654, "gnorm": 2.473, "tok_per_s": 200622.3, "load": 7.4052734375}
eval 90000 {'bpb': 1.7491199178883097, 'nats_per_token': 5.273807161609378, 'tokens': 16379, 'bytes': 71247}
{"event": "step", "step": 90200, "loss": 5.1382, "lr": 0.002660057180301595, "gnorm": 1.472, "tok_per_s": 169002.3, "load": 7.18212890625}
{"event": "step", "step": 90400, "loss": 5.0423, "lr": 0.0026584874833210054, "gnorm": 3.112, "tok_per_s": 200873.5, "load": 6.92724609375}
{"event": "step", "step": 90600, "loss": 5.2225, "lr": 0.0026569146952115964, "gnorm": 0.92, "tok_per_s": 200897.9, "load": 6.556640625}
{"event": "step", "step": 90800, "loss": 5.0934, "lr": 0.002655338820794143, "gnorm": 2.785, "tok_per_s": 200824.9, "load": 6.3515625}
{"event": "step", "step": 91000, "loss": 5.0319, "lr": 0.0026537598648988785, "gnorm": 1.435, "tok_per_s": 200797.3, "load": 5.98974609375}
{"event": "step", "step": 91200, "loss": 5.2185, "lr": 0.002652177832365483, "gnorm": 0.663, "tok_per_s": 200785.1, "load": 5.68310546875}
{"event": "step", "step": 91400, "loss": 5.2331, "lr": 0.0026505927280430657, "gnorm": 7.419, "tok_per_s": 200742.9, "load": 5.5478515625}
{"event": "step", "step": 91600, "loss": 5.1423, "lr": 0.0026490045567901517, "gnorm": 2.676, "tok_per_s": 200618.5, "load": 5.3095703125}
{"event": "step", "step": 91800, "loss": 5.0182, "lr": 0.0026474133234746663, "gnorm": 2.591, "tok_per_s": 200717.7, "load": 5.10791015625}
{"event": "step", "step": 92000, "loss": 5.11, "lr": 0.0026458190329739215, "gnorm": 3.82, "tok_per_s": 200875.2, "load": 5.01904296875}
{"event": "step", "step": 92200, "loss": 5.0417, "lr": 0.002644221690174598, "gnorm": 3.996, "tok_per_s": 169963.3, "load": 4.86181640625}
{"event": "step", "step": 92400, "loss": 5.0693, "lr": 0.002642621299972734, "gnorm": 1.608, "tok_per_s": 200978.2, "load": 4.8095703125}
{"event": "step", "step": 92600, "loss": 5.2452, "lr": 0.0026410178672737063, "gnorm": 2.3, "tok_per_s": 200718.2, "load": 4.74462890625}
{"event": "step", "step": 92800, "loss": 5.0354, "lr": 0.002639411396992219, "gnorm": 2.559, "tok_per_s": 200765.2, "load": 4.7841796875}
{"event": "step", "step": 93000, "loss": 5.296, "lr": 0.0026378018940522866, "gnorm": 0.829, "tok_per_s": 200752.3, "load": 4.6630859375}
{"event": "step", "step": 93200, "loss": 4.9328, "lr": 0.0026361893633872185, "gnorm": 4.707, "tok_per_s": 200706.1, "load": 4.60986328125}
{"event": "step", "step": 93400, "loss": 5.1803, "lr": 0.002634573809939604, "gnorm": 1.929, "tok_per_s": 200682.6, "load": 4.515625}
{"event": "step", "step": 93600, "loss": 5.4203, "lr": 0.0026329552386612984, "gnorm": 1.394, "tok_per_s": 200842.8, "load": 4.43603515625}
{"event": "step", "step": 93800, "loss": 5.1794, "lr": 0.002631333654513407, "gnorm": 1.294, "tok_per_s": 200852.4, "load": 4.40087890625}
{"event": "step", "step": 94000, "loss": 5.188, "lr": 0.002629709062466269, "gnorm": 0.768, "tok_per_s": 200745.5, "load": 4.3388671875}
{"event": "step", "step": 94200, "loss": 5.2095, "lr": 0.0026280814674994454, "gnorm": 5.249, "tok_per_s": 170057.9, "load": 4.44677734375}
{"event": "step", "step": 94400, "loss": 5.2757, "lr": 0.0026264508746016977, "gnorm": 1.265, "tok_per_s": 200182.0, "load": 4.37744140625}
{"event": "step", "step": 94600, "loss": 4.9937, "lr": 0.0026248172887709796, "gnorm": 1.572, "tok_per_s": 200002.8, "load": 4.34716796875}
{"event": "step", "step": 94800, "loss": 5.0775, "lr": 0.0026231807150144176, "gnorm": 0.786, "tok_per_s": 199880.9, "load": 4.52197265625}
{"event": "step", "step": 95000, "loss": 5.0737, "lr": 0.0026215411583482965, "gnorm": 1.034, "tok_per_s": 200493.1, "load": 4.47998046875}
eval 95000 {'bpb': 1.7110373347512389, 'nats_per_token': 5.158983587978509, 'tokens': 16379, 'bytes': 71247}
{"event": "step", "step": 95200, "loss": 4.9976, "lr": 0.002619898623798043, "gnorm": 2.468, "tok_per_s": 199527.7, "load": 4.40576171875}
{"event": "step", "step": 95400, "loss": 5.2381, "lr": 0.0026182531163982128, "gnorm": 4.34, "tok_per_s": 200649.7, "load": 4.42333984375}
{"event": "step", "step": 95600, "loss": 5.0861, "lr": 0.0026166046411924735, "gnorm": 1.829, "tok_per_s": 200805.0, "load": 4.38916015625}
{"event": "step", "step": 95800, "loss": 5.2538, "lr": 0.002614953203233589, "gnorm": 4.645, "tok_per_s": 200796.2, "load": 4.3291015625}
{"event": "step", "step": 96000, "loss": 5.1726, "lr": 0.002613298807583404, "gnorm": 3.809, "tok_per_s": 200600.9, "load": 4.2783203125}
{"event": "step", "step": 96200, "loss": 5.2152, "lr": 0.0026116414593128296, "gnorm": 4.904, "tok_per_s": 170174.1, "load": 4.30908203125}
{"event": "step", "step": 96400, "loss": 5.0993, "lr": 0.0026099811635018266, "gnorm": 3.38, "tok_per_s": 200718.9, "load": 4.52490234375}
{"event": "step", "step": 96600, "loss": 5.0757, "lr": 0.0026083179252393905, "gnorm": 0.743, "tok_per_s": 200700.6, "load": 4.443359375}
{"event": "step", "step": 96800, "loss": 5.1849, "lr": 0.002606651749623536, "gnorm": 0.812, "tok_per_s": 200637.9, "load": 4.40771484375}
{"event": "step", "step": 97000, "loss": 5.1318, "lr": 0.0026049826417612804, "gnorm": 1.003, "tok_per_s": 200708.0, "load": 4.3447265625}
{"event": "step", "step": 97200, "loss": 5.1355, "lr": 0.0026033106067686303, "gnorm": 2.032, "tok_per_s": 200683.1, "load": 4.29150390625}
{"event": "step", "step": 97400, "loss": 5.2965, "lr": 0.002601635649770561, "gnorm": 2.612, "tok_per_s": 200555.3, "load": 4.26806640625}
{"event": "step", "step": 97600, "loss": 5.0533, "lr": 0.002599957775901007, "gnorm": 1.027, "tok_per_s": 200758.7, "load": 4.2265625}
{"event": "step", "step": 97800, "loss": 5.1299, "lr": 0.0025982769903028437, "gnorm": 3.431, "tok_per_s": 200555.2, "load": 4.19091796875}
{"event": "step", "step": 98000, "loss": 5.2004, "lr": 0.0025965932981278687, "gnorm": 1.556, "tok_per_s": 200738.0, "load": 4.17529296875}
{"event": "step", "step": 98200, "loss": 5.1016, "lr": 0.0025949067045367906, "gnorm": 1.653, "tok_per_s": 170195.3, "load": 4.14794921875}
{"event": "step", "step": 98400, "loss": 5.2137, "lr": 0.0025932172146992108, "gnorm": 1.714, "tok_per_s": 200693.8, "load": 4.12451171875}
{"event": "step", "step": 98600, "loss": 5.1273, "lr": 0.0025915248337936066, "gnorm": 1.375, "tok_per_s": 200619.1, "load": 4.10498046875}
{"event": "step", "step": 98800, "loss": 5.1251, "lr": 0.0025898295670073192, "gnorm": 2.303, "tok_per_s": 200737.3, "load": 4.09619140625}
{"event": "step", "step": 99000, "loss": 5.1822, "lr": 0.0025881314195365336, "gnorm": 1.325, "tok_per_s": 199750.2, "load": 4.24169921875}
{"event": "step", "step": 99200, "loss": 5.0065, "lr": 0.0025864303965862645, "gnorm": 2.718, "tok_per_s": 200070.8, "load": 4.302734375}
{"event": "step", "step": 99400, "loss": 5.1354, "lr": 0.002584726503370342, "gnorm": 1.805, "tok_per_s": 200644.6, "load": 4.330078125}
{"event": "step", "step": 99600, "loss": 5.116, "lr": 0.002583019745111391, "gnorm": 0.788, "tok_per_s": 200636.4, "load": 4.27880859375}
{"event": "step", "step": 99800, "loss": 5.2517, "lr": 0.0025813101270408204, "gnorm": 2.421, "tok_per_s": 200306.6, "load": 4.4169921875}
{"event": "step", "step": 100000, "loss": 5.2728, "lr": 0.0025795976543988037, "gnorm": 7.8, "tok_per_s": 199764.6, "load": 12.66845703125}
eval 100000 {'bpb': 1.7476758965245554, 'nats_per_token': 5.26945326332499, 'tokens': 16379, 'bytes': 71247}
{"event": "step", "step": 100200, "loss": 5.2874, "lr": 0.0025778823324342647, "gnorm": 2.448, "tok_per_s": 169091.1, "load": 11.33544921875}
{"event": "step", "step": 100400, "loss": 4.9605, "lr": 0.00257616416640486, "gnorm": 2.934, "tok_per_s": 200654.7, "load": 10.20703125}
{"event": "step", "step": 100600, "loss": 5.0328, "lr": 0.0025744431615769645, "gnorm": 1.43, "tok_per_s": 200590.9, "load": 9.7099609375}
{"event": "step", "step": 100800, "loss": 5.0083, "lr": 0.0025727193232256526, "gnorm": 1.301, "tok_per_s": 200662.3, "load": 8.83154296875}
{"event": "step", "step": 101000, "loss": 5.053, "lr": 0.0025709926566346857, "gnorm": 5.687, "tok_per_s": 200686.0, "load": 8.08837890625}
{"event": "step", "step": 101200, "loss": 5.0658, "lr": 0.002569263167096493, "gnorm": 4.802, "tok_per_s": 200361.3, "load": 8.0009765625}
{"event": "step", "step": 101400, "loss": 5.3516, "lr": 0.002567530859912156, "gnorm": 11.276, "tok_per_s": 200677.8, "load": 7.458984375}
{"event": "step", "step": 101600, "loss": 5.1727, "lr": 0.002565795740391394, "gnorm": 1.411, "tok_per_s": 200703.1, "load": 7.181640625}
{"event": "step", "step": 101800, "loss": 5.0993, "lr": 0.002564057813852546, "gnorm": 0.711, "tok_per_s": 200803.2, "load": 6.6923828125}
{"event": "step", "step": 102000, "loss": 5.1761, "lr": 0.002562317085622554, "gnorm": 1.992, "tok_per_s": 200728.4, "load": 6.27783203125}
{"event": "step", "step": 102200, "loss": 5.049, "lr": 0.0025605735610369474, "gnorm": 1.949, "tok_per_s": 170256.1, "load": 5.92724609375}
{"event": "step", "step": 102400, "loss": 5.1707, "lr": 0.002558827245439828, "gnorm": 0.978, "tok_per_s": 200784.2, "load": 5.7724609375}
{"event": "step", "step": 102600, "loss": 5.1336, "lr": 0.0025570781441838514, "gnorm": 1.642, "tok_per_s": 200793.8, "load": 5.57958984375}
{"event": "step", "step": 102800, "loss": 5.1457, "lr": 0.0025553262626302124, "gnorm": 1.566, "tok_per_s": 200809.7, "load": 5.3359375}
{"event": "step", "step": 103000, "loss": 5.0683, "lr": 0.0025535716061486262, "gnorm": 1.869, "tok_per_s": 200824.3, "load": 5.228515625}
{"event": "step", "step": 103200, "loss": 5.3097, "lr": 0.002551814180117315, "gnorm": 0.999, "tok_per_s": 200714.8, "load": 5.0390625}
{"event": "step", "step": 103400, "loss": 5.1381, "lr": 0.0025500539899229895, "gnorm": 0.726, "tok_per_s": 200752.1, "load": 4.87890625}
{"event": "step", "step": 103600, "loss": 5.1216, "lr": 0.0025482910409608335, "gnorm": 3.217, "tok_per_s": 200874.9, "load": 4.80810546875}
{"event": "step", "step": 103800, "loss": 5.1679, "lr": 0.0025465253386344846, "gnorm": 1.21, "tok_per_s": 200747.4, "load": 4.68359375}
{"event": "step", "step": 104000, "loss": 5.2004, "lr": 0.002544756888356022, "gnorm": 1.727, "tok_per_s": 200655.1, "load": 4.62841796875}
{"event": "step", "step": 104200, "loss": 4.9666, "lr": 0.002542985695545947, "gnorm": 5.012, "tok_per_s": 169322.0, "load": 4.85205078125}
{"event": "step", "step": 104400, "loss": 5.0657, "lr": 0.002541211765633167, "gnorm": 0.753, "tok_per_s": 200829.1, "load": 4.720703125}
{"event": "step", "step": 104600, "loss": 5.0508, "lr": 0.0025394351040549782, "gnorm": 4.638, "tok_per_s": 200694.9, "load": 4.609375}
{"event": "step", "step": 104800, "loss": 4.9009, "lr": 0.0025376557162570513, "gnorm": 2.638, "tok_per_s": 201921.0, "load": 4.560546875}
{"event": "step", "step": 105000, "loss": 4.9779, "lr": 0.0025358736076934118, "gnorm": 3.097, "tok_per_s": 201950.5, "load": 4.47412109375}
eval 105000 {'bpb': 1.7320832184221857, 'nats_per_token': 5.222439461352952, 'tokens': 16379, 'bytes': 71247}
{"event": "step", "step": 105200, "loss": 4.9548, "lr": 0.002534088783826425, "gnorm": 3.793, "tok_per_s": 200813.3, "load": 4.40087890625}
{"event": "step", "step": 105400, "loss": 5.2309, "lr": 0.0025323012501267794, "gnorm": 3.857, "tok_per_s": 201932.4, "load": 4.36865234375}
{"event": "step", "step": 105600, "loss": 5.1105, "lr": 0.0025305110120734686, "gnorm": 3.346, "tok_per_s": 201958.9, "load": 4.3857421875}
{"event": "step", "step": 105800, "loss": 5.2424, "lr": 0.002528718075153776, "gnorm": 4.816, "tok_per_s": 201872.4, "load": 4.3544921875}
{"event": "step", "step": 106000, "loss": 5.1254, "lr": 0.0025269224448632574, "gnorm": 2.419, "tok_per_s": 201735.4, "load": 4.29931640625}
{"event": "step", "step": 106200, "loss": 5.2184, "lr": 0.0025251241267057237, "gnorm": 2.065, "tok_per_s": 175982.9, "load": 4.25244140625}
{"event": "step", "step": 106400, "loss": 4.9586, "lr": 0.002523323126193224, "gnorm": 1.221, "tok_per_s": 201840.1, "load": 4.29345703125}
{"event": "step", "step": 106600, "loss": 4.9731, "lr": 0.002521519448846031, "gnorm": 1.893, "tok_per_s": 201800.0, "load": 4.26953125}
{"event": "step", "step": 106800, "loss": 5.0951, "lr": 0.002519713100192619, "gnorm": 6.429, "tok_per_s": 201894.1, "load": 4.2275390625}
{"event": "step", "step": 107000, "loss": 5.1807, "lr": 0.002517904085769654, "gnorm": 0.821, "tok_per_s": 201796.4, "load": 4.208984375}
{"event": "step", "step": 107200, "loss": 5.1506, "lr": 0.0025160924111219695, "gnorm": 1.395, "tok_per_s": 201112.1, "load": 4.17626953125}
{"event": "step", "step": 107400, "loss": 5.1163, "lr": 0.0025142780818025547, "gnorm": 1.129, "tok_per_s": 200722.4, "load": 4.14892578125}
{"event": "step", "step": 107600, "loss": 5.023, "lr": 0.0025124611033725363, "gnorm": 2.984, "tok_per_s": 200413.1, "load": 4.29736328125}
{"event": "step", "step": 107800, "loss": 5.1464, "lr": 0.002510641481401158, "gnorm": 1.539, "tok_per_s": 200487.7, "load": 4.4794921875}
{"event": "step", "step": 108000, "loss": 5.2209, "lr": 0.002508819221465769, "gnorm": 3.528, "tok_per_s": 200668.3, "load": 4.4052734375}
{"event": "step", "step": 108200, "loss": 5.0857, "lr": 0.0025069943291518033, "gnorm": 1.831, "tok_per_s": 170266.3, "load": 4.34228515625}
{"event": "step", "step": 108400, "loss": 5.2459, "lr": 0.002505166810052764, "gnorm": 2.803, "tok_per_s": 200541.8, "load": 4.39501953125}
{"event": "step", "step": 108600, "loss": 5.5081, "lr": 0.0025033366697702034, "gnorm": 8.18, "tok_per_s": 200572.8, "load": 4.333984375}
{"event": "step", "step": 108800, "loss": 5.1814, "lr": 0.0025015039139137107, "gnorm": 3.2, "tok_per_s": 200552.5, "load": 4.30712890625}
{"event": "step", "step": 109000, "loss": 5.1043, "lr": 0.0024996685481008907, "gnorm": 0.958, "tok_per_s": 200400.5, "load": 4.25927734375}
{"event": "step", "step": 109200, "loss": 5.0514, "lr": 0.0024978305779573486, "gnorm": 4.412, "tok_per_s": 200439.9, "load": 4.21875}
{"event": "step", "step": 109400, "loss": 5.2131, "lr": 0.0024959900091166714, "gnorm": 5.251, "tok_per_s": 200502.3, "load": 4.201171875}
{"event": "step", "step": 109600, "loss": 4.8587, "lr": 0.002494146847220412, "gnorm": 1.316, "tok_per_s": 200589.8, "load": 4.244140625}
{"event": "step", "step": 109800, "loss": 5.2329, "lr": 0.002492301097918072, "gnorm": 3.887, "tok_per_s": 200500.2, "load": 4.2060546875}
{"event": "step", "step": 110000, "loss": 5.213, "lr": 0.0024904527668670818, "gnorm": 0.758, "tok_per_s": 200702.7, "load": 4.189453125}
eval 110000 {'bpb': 1.7212641319774937, 'nats_per_token': 5.189818613010562, 'tokens': 16379, 'bytes': 71247}
{"event": "step", "step": 110200, "loss": 5.1549, "lr": 0.0024886018597327867, "gnorm": 2.979, "tok_per_s": 169729.9, "load": 4.15966796875}
{"event": "step", "step": 110400, "loss": 5.116, "lr": 0.0024867483821884276, "gnorm": 8.129, "tok_per_s": 200559.3, "load": 4.13427734375}
{"event": "step", "step": 110600, "loss": 5.1373, "lr": 0.002484892339915124, "gnorm": 5.003, "tok_per_s": 200661.5, "load": 4.11279296875}
{"event": "step", "step": 110800, "loss": 5.2342, "lr": 0.0024830337386018567, "gnorm": 0.807, "tok_per_s": 200619.2, "load": 4.103515625}
{"event": "step", "step": 111000, "loss": 5.2534, "lr": 0.0024811725839454495, "gnorm": 2.307, "tok_per_s": 200653.4, "load": 4.16796875}
{"event": "step", "step": 111200, "loss": 5.0007, "lr": 0.0024793088816505537, "gnorm": 2.618, "tok_per_s": 200604.8, "load": 4.23486328125}
{"event": "step", "step": 111400, "loss": 5.0598, "lr": 0.0024774426374296285, "gnorm": 1.059, "tok_per_s": 200680.3, "load": 4.2724609375}
{"event": "step", "step": 111600, "loss": 5.4495, "lr": 0.0024755738570029244, "gnorm": 1.373, "tok_per_s": 200655.6, "load": 4.22998046875}
{"event": "step", "step": 111800, "loss": 5.0891, "lr": 0.0024737025460984663, "gnorm": 2.015, "tok_per_s": 200292.1, "load": 4.21142578125}
{"event": "step", "step": 112000, "loss": 4.971, "lr": 0.0024718287104520346, "gnorm": 1.733, "tok_per_s": 200296.4, "load": 4.40673828125}
{"event": "step", "step": 112200, "loss": 4.9706, "lr": 0.0024699523558071495, "gnorm": 3.388, "tok_per_s": 170227.2, "load": 4.34375}
{"event": "step", "step": 112400, "loss": 5.2019, "lr": 0.00246807348791505, "gnorm": 7.393, "tok_per_s": 200626.7, "load": 4.29052734375}
{"event": "step", "step": 112600, "loss": 5.0922, "lr": 0.0024661921125346807, "gnorm": 9.907, "tok_per_s": 200637.8, "load": 4.26708984375}
{"event": "step", "step": 112800, "loss": 5.2157, "lr": 0.002464308235432671, "gnorm": 4.724, "tok_per_s": 200541.2, "load": 4.30615234375}
{"event": "step", "step": 113000, "loss": 5.2555, "lr": 0.002462421862383318, "gnorm": 1.564, "tok_per_s": 200701.2, "load": 4.25830078125}
{"event": "step", "step": 113200, "loss": 4.9817, "lr": 0.002460532999168571, "gnorm": 2.164, "tok_per_s": 200556.0, "load": 4.2373046875}
{"event": "step", "step": 113400, "loss": 5.0155, "lr": 0.002458641651578009, "gnorm": 1.74, "tok_per_s": 200485.9, "load": 4.361328125}
{"event": "step", "step": 113600, "loss": 5.0411, "lr": 0.0024567478254088277, "gnorm": 2.543, "tok_per_s": 200207.6, "load": 4.49267578125}
{"event": "step", "step": 113800, "loss": 4.9909, "lr": 0.0024548515264658202, "gnorm": 3.012, "tok_per_s": 199608.8, "load": 4.64501953125}
{"event": "step", "step": 114000, "loss": 5.2191, "lr": 0.0024529527605613587, "gnorm": 1.725, "tok_per_s": 200422.4, "load": 4.54541015625}
{"event": "step", "step": 114200, "loss": 5.1437, "lr": 0.002451051533515375, "gnorm": 3.02, "tok_per_s": 169444.3, "load": 4.69580078125}
{"event": "step", "step": 114400, "loss": 5.4514, "lr": 0.002449147851155348, "gnorm": 3.384, "tok_per_s": 200594.7, "load": 4.72021484375}
{"event": "step", "step": 114600, "loss": 5.039, "lr": 0.0024472417193162795, "gnorm": 2.639, "tok_per_s": 200535.7, "load": 4.60888671875}
{"event": "step", "step": 114800, "loss": 5.1128, "lr": 0.0024453331438406816, "gnorm": 1.873, "tok_per_s": 200567.0, "load": 4.5888671875}
{"event": "step", "step": 115000, "loss": 5.0955, "lr": 0.0024434221305785534, "gnorm": 1.803, "tok_per_s": 200627.9, "load": 4.54150390625}
eval 115000 {'bpb': 1.7116497940752722, 'nats_per_token': 5.1608302265858725, 'tokens': 16379, 'bytes': 71247}
{"event": "step", "step": 115200, "loss": 4.9491, "lr": 0.002441508685387369, "gnorm": 1.846, "tok_per_s": 199443.7, "load": 4.5322265625}
{"event": "step", "step": 115400, "loss": 5.0842, "lr": 0.0024395928141320556, "gnorm": 1.112, "tok_per_s": 200591.7, "load": 4.52392578125}
{"event": "step", "step": 115600, "loss": 5.0324, "lr": 0.002437674522684976, "gnorm": 2.22, "tok_per_s": 200715.4, "load": 4.48193359375}
{"event": "step", "step": 115800, "loss": 5.0554, "lr": 0.0024357538169259116, "gnorm": 1.209, "tok_per_s": 200733.2, "load": 4.4072265625}
{"event": "step", "step": 116000, "loss": 5.1651, "lr": 0.0024338307027420444, "gnorm": 1.798, "tok_per_s": 200655.0, "load": 4.37451171875}
{"event": "step", "step": 116200, "loss": 5.2498, "lr": 0.0024319051860279377, "gnorm": 2.706, "tok_per_s": 170071.0, "load": 4.31640625}
{"event": "step", "step": 116400, "loss": 5.2952, "lr": 0.0024299772726855194, "gnorm": 4.209, "tok_per_s": 200694.3, "load": 4.267578125}
{"event": "step", "step": 116600, "loss": 5.1889, "lr": 0.002428046968624063, "gnorm": 2.564, "tok_per_s": 200788.7, "load": 4.22607421875}
{"event": "step", "step": 116800, "loss": 5.2493, "lr": 0.0024261142797601695, "gnorm": 8.437, "tok_per_s": 200799.7, "load": 4.3681640625}
{"event": "step", "step": 117000, "loss": 5.1468, "lr": 0.0024241792120177513, "gnorm": 4.408, "tok_per_s": 200716.2, "load": 4.31103515625}
{"event": "step", "step": 117200, "loss": 5.2541, "lr": 0.0024222417713280105, "gnorm": 6.155, "tok_per_s": 200735.8, "load": 4.58349609375}
{"event": "step", "step": 117400, "loss": 5.152, "lr": 0.0024203019636294225, "gnorm": 1.998, "tok_per_s": 200726.2, "load": 4.6171875}
{"event": "step", "step": 117600, "loss": 5.1214, "lr": 0.0024183597948677187, "gnorm": 1.469, "tok_per_s": 200668.1, "load": 4.521484375}
{"event": "step", "step": 117800, "loss": 5.0827, "lr": 0.002416415270995868, "gnorm": 2.594, "tok_per_s": 200840.0, "load": 4.4794921875}
{"event": "step", "step": 118000, "loss": 5.077, "lr": 0.002414468397974056, "gnorm": 0.976, "tok_per_s": 200685.4, "load": 4.4052734375}
{"event": "step", "step": 118200, "loss": 5.1738, "lr": 0.002412519181769671, "gnorm": 1.811, "tok_per_s": 170157.9, "load": 4.34228515625}
{"event": "step", "step": 118400, "loss": 5.0713, "lr": 0.002410567628357282, "gnorm": 3.931, "tok_per_s": 200895.7, "load": 4.2890625}
{"event": "step", "step": 118600, "loss": 5.0258, "lr": 0.0024086137437186223, "gnorm": 1.531, "tok_per_s": 200786.6, "load": 4.265625}
{"event": "step", "step": 118800, "loss": 4.9518, "lr": 0.0024066575338425695, "gnorm": 3.468, "tok_per_s": 200655.6, "load": 4.22412109375}
{"event": "step", "step": 119000, "loss": 5.2648, "lr": 0.002404699004725131, "gnorm": 1.233, "tok_per_s": 200680.2, "load": 4.189453125}
{"event": "step", "step": 119200, "loss": 5.104, "lr": 0.0024027381623694197, "gnorm": 1.227, "tok_per_s": 200741.2, "load": 4.173828125}
{"event": "step", "step": 119400, "loss": 5.13, "lr": 0.002400775012785641, "gnorm": 0.447, "tok_per_s": 200585.3, "load": 4.146484375}
{"event": "step", "step": 119600, "loss": 5.0968, "lr": 0.0023988095619910717, "gnorm": 2.721, "tok_per_s": 200507.7, "load": 4.123046875}
{"event": "step", "step": 119800, "loss": 5.1795, "lr": 0.0023968418160100423, "gnorm": 5.974, "tok_per_s": 200613.2, "load": 4.11279296875}
{"event": "step", "step": 120000, "loss": 5.1301, "lr": 0.0023948717808739174, "gnorm": 3.175, "tok_per_s": 200535.8, "load": 4.09521484375}
eval 120000 {'bpb': 1.7276022910417805, 'nats_per_token': 5.208928925758594, 'tokens': 16379, 'bytes': 71247}
{"event": "step", "step": 120200, "loss": 5.0039, "lr": 0.0023928994626210786, "gnorm": 0.998, "tok_per_s": 169658.1, "load": 4.24072265625}
{"event": "step", "step": 120400, "loss": 5.0808, "lr": 0.0023909248672969066, "gnorm": 0.94, "tok_per_s": 200582.0, "load": 4.22119140625}
{"event": "step", "step": 120600, "loss": 5.0698, "lr": 0.0023889480009537593, "gnorm": 2.181, "tok_per_s": 200447.4, "load": 12.6650390625}
{"event": "step", "step": 120800, "loss": 5.0305, "lr": 0.002386968869650958, "gnorm": 3.804, "tok_per_s": 200598.5, "load": 11.33203125}
{"event": "step", "step": 121000, "loss": 5.0928, "lr": 0.0023849874794547657, "gnorm": 4.584, "tok_per_s": 200856.5, "load": 10.74462890625}
{"event": "step", "step": 121200, "loss": 5.094, "lr": 0.0023830038364383663, "gnorm": 1.926, "tok_per_s": 200671.6, "load": 9.70703125}
{"event": "step", "step": 121400, "loss": 5.0606, "lr": 0.002381017946681853, "gnorm": 4.388, "tok_per_s": 200605.2, "load": 8.82958984375}
{"event": "step", "step": 121600, "loss": 5.1186, "lr": 0.002379029816272204, "gnorm": 1.522, "tok_per_s": 200747.3, "load": 8.4423828125}
{"event": "step", "step": 121800, "loss": 5.0429, "lr": 0.002377039451303264, "gnorm": 4.326, "tok_per_s": 200640.3, "load": 7.7587890625}
{"event": "step", "step": 122000, "loss": 5.2034, "lr": 0.0023750468578757284, "gnorm": 2.765, "tok_per_s": 200585.3, "load": 7.18017578125}
{"event": "step", "step": 122200, "loss": 5.1789, "lr": 0.0023730520420971227, "gnorm": 1.537, "tok_per_s": 170401.8, "load": 6.92529296875}
{"event": "step", "step": 122400, "loss": 4.9526, "lr": 0.0023710550100817843, "gnorm": 3.708, "tok_per_s": 200725.3, "load": 6.47509765625}
{"event": "step", "step": 122600, "loss": 5.1478, "lr": 0.0023690557679508437, "gnorm": 1.924, "tok_per_s": 200813.9, "load": 6.09423828125}
{"event": "step", "step": 122800, "loss": 5.075, "lr": 0.002367054321832204, "gnorm": 1.483, "tok_per_s": 200792.8, "load": 5.92626953125}
{"event": "step", "step": 123000, "loss": 5.0354, "lr": 0.0023650506778605264, "gnorm": 6.616, "tok_per_s": 200720.2, "load": 5.6298828125}
{"event": "step", "step": 123200, "loss": 5.2464, "lr": 0.0023630448421772072, "gnorm": 1.977, "tok_per_s": 200711.5, "load": 5.37890625}
{"event": "step", "step": 123400, "loss": 5.0564, "lr": 0.002361036820930361, "gnorm": 2.385, "tok_per_s": 200703.1, "load": 5.26806640625}
{"event": "step", "step": 123600, "loss": 5.1434, "lr": 0.0023590266202748013, "gnorm": 1.679, "tok_per_s": 200613.9, "load": 5.15283203125}
{"event": "step", "step": 123800, "loss": 5.0195, "lr": 0.0023570142463720215, "gnorm": 0.692, "tok_per_s": 200545.2, "load": 4.97509765625}
{"event": "step", "step": 124000, "loss": 5.2005, "lr": 0.002354999705390176, "gnorm": 10.239, "tok_per_s": 200678.7, "load": 4.89697265625}
{"event": "step", "step": 124200, "loss": 5.272, "lr": 0.002352983003504063, "gnorm": 2.258, "tok_per_s": 169506.6, "load": 4.9189453125}
{"event": "step", "step": 124400, "loss": 5.0696, "lr": 0.002350964146895102, "gnorm": 1.052, "tok_per_s": 200662.8, "load": 4.77734375}
{"event": "step", "step": 124600, "loss": 5.1221, "lr": 0.002348943141751319, "gnorm": 1.924, "tok_per_s": 200449.5, "load": 4.79541015625}
{"event": "step", "step": 124800, "loss": 5.2503, "lr": 0.002346919994267325, "gnorm": 6.663, "tok_per_s": 200387.2, "load": 4.90087890625}
{"event": "step", "step": 125000, "loss": 5.0934, "lr": 0.0023448947106442953, "gnorm": 3.748, "tok_per_s": 200521.2, "load": 4.8427734375}
eval 125000 {'bpb': 1.7229563642877563, 'nats_per_token': 5.19492089718542, 'tokens': 16379, 'bytes': 71247}
{"event": "step", "step": 125200, "loss": 5.4203, "lr": 0.0023428672970899557, "gnorm": 6.263, "tok_per_s": 199514.2, "load": 4.77490234375}
{"event": "step", "step": 125400, "loss": 5.1568, "lr": 0.0023408377598185598, "gnorm": 3.502, "tok_per_s": 200555.1, "load": 4.6552734375}
{"event": "step", "step": 125600, "loss": 5.0807, "lr": 0.0023388061050508696, "gnorm": 1.589, "tok_per_s": 200596.4, "load": 4.55419921875}
{"event": "step", "step": 125800, "loss": 5.0602, "lr": 0.0023367723390141375, "gnorm": 7.006, "tok_per_s": 200505.5, "load": 4.509765625}
{"event": "step", "step": 126000, "loss": 5.1733, "lr": 0.002334736467942088, "gnorm": 3.435, "tok_per_s": 199803.5, "load": 4.591796875}
{"event": "step", "step": 126200, "loss": 5.2533, "lr": 0.002332698498074898, "gnorm": 1.463, "tok_per_s": 168291.8, "load": 4.57421875}
{"event": "step", "step": 126400, "loss": 5.1239, "lr": 0.0023306584356591765, "gnorm": 1.095, "tok_per_s": 200555.3, "load": 4.4853515625}
{"event": "step", "step": 126600, "loss": 4.9385, "lr": 0.002328616286947946, "gnorm": 2.579, "tok_per_s": 200670.1, "load": 4.4462890625}
{"event": "step", "step": 126800, "loss": 5.0275, "lr": 0.002326572058200625, "gnorm": 4.404, "tok_per_s": 200725.1, "load": 4.376953125}
{"event": "step", "step": 127000, "loss": 5.1416, "lr": 0.002324525755683009, "gnorm": 7.193, "tok_per_s": 200676.9, "load": 4.3466796875}
{"event": "step", "step": 127200, "loss": 5.1359, "lr": 0.002322477385667245, "gnorm": 2.301, "tok_per_s": 200538.0, "load": 4.3671875}
{"event": "step", "step": 127400, "loss": 5.0723, "lr": 0.0023204269544318218, "gnorm": 1.467, "tok_per_s": 200701.1, "load": 4.38427734375}
{"event": "step", "step": 127600, "loss": 5.0114, "lr": 0.002318374468261544, "gnorm": 4.68, "tok_per_s": 200160.5, "load": 4.43359375}
{"event": "step", "step": 127800, "loss": 5.0369, "lr": 0.0023163199334475144, "gnorm": 1.791, "tok_per_s": 200181.4, "load": 4.3662109375}
{"event": "step", "step": 128000, "loss": 4.9944, "lr": 0.0023142633562871166, "gnorm": 0.85, "tok_per_s": 200237.5, "load": 4.4638671875}
{"event": "step", "step": 128200, "loss": 5.0059, "lr": 0.002312204743083993, "gnorm": 1.778, "tok_per_s": 169090.7, "load": 4.39208984375}
{"event": "step", "step": 128400, "loss": 5.0539, "lr": 0.002310144100148028, "gnorm": 1.721, "tok_per_s": 200563.4, "load": 4.3603515625}
{"event": "step", "step": 128600, "loss": 5.0274, "lr": 0.0023080814337953256, "gnorm": 0.847, "tok_per_s": 199417.2, "load": 5.00048828125}
{"event": "step", "step": 128800, "loss": 5.1219, "lr": 0.0023060167503481926, "gnorm": 9.516, "tok_per_s": 200505.9, "load": 5.21484375}
{"event": "step", "step": 129000, "loss": 4.9481, "lr": 0.0023039500561351195, "gnorm": 1.774, "tok_per_s": 200343.1, "load": 5.1171875}
{"event": "step", "step": 129200, "loss": 5.2974, "lr": 0.0023018813574907588, "gnorm": 3.299, "tok_per_s": 200463.7, "load": 4.94482421875}
{"event": "step", "step": 129400, "loss": 5.2604, "lr": 0.002299810660755907, "gnorm": 3.483, "tok_per_s": 200478.6, "load": 4.869140625}
{"event": "step", "step": 129600, "loss": 5.316, "lr": 0.002297737972277484, "gnorm": 4.666, "tok_per_s": 200530.0, "load": 4.73486328125}
{"event": "step", "step": 129800, "loss": 5.2129, "lr": 0.0022956632984085174, "gnorm": 2.663, "tok_per_s": 200406.6, "load": 4.62158203125}
{"event": "step", "step": 130000, "loss": 5.0263, "lr": 0.0022935866455081177, "gnorm": 4.337, "tok_per_s": 200431.9, "load": 4.65234375}
eval 130000 {'bpb': 1.732121739368951, 'nats_per_token': 5.222555606645705, 'tokens': 16379, 'bytes': 71247}
{"event": "step", "step": 130200, "loss": 5.1182, "lr": 0.0022915080199414624, "gnorm": 7.949, "tok_per_s": 169503.1, "load": 4.5517578125}
{"event": "step", "step": 130400, "loss": 5.0728, "lr": 0.002289427428079775, "gnorm": 2.833, "tok_per_s": 200689.0, "load": 4.46630859375}
{"event": "step", "step": 130600, "loss": 5.3439, "lr": 0.002287344876300306, "gnorm": 2.436, "tok_per_s": 200608.5, "load": 4.39404296875}
{"event": "step", "step": 130800, "loss": 4.9875, "lr": 0.002285260370986314, "gnorm": 2.131, "tok_per_s": 200618.3, "load": 4.44287109375}
{"event": "step", "step": 131000, "loss": 5.1486, "lr": 0.0022831739185270442, "gnorm": 0.852, "tok_per_s": 200676.7, "load": 4.37451171875}
{"event": "step", "step": 131200, "loss": 5.1923, "lr": 0.002281085525317712, "gnorm": 4.011, "tok_per_s": 200601.5, "load": 4.34423828125}
{"event": "step", "step": 131400, "loss": 5.099, "lr": 0.002278995197759478, "gnorm": 4.759, "tok_per_s": 200620.2, "load": 4.291015625}
{"event": "step", "step": 131600, "loss": 5.1844, "lr": 0.0022769029422594353, "gnorm": 4.14, "tok_per_s": 200500.4, "load": 4.32666015625}
{"event": "step", "step": 131800, "loss": 5.0976, "lr": 0.0022748087652305848, "gnorm": 5.208, "tok_per_s": 200516.8, "load": 4.30029296875}
{"event": "step", "step": 132000, "loss": 5.1634, "lr": 0.0022727126730918163, "gnorm": 0.777, "tok_per_s": 200487.9, "load": 4.25341796875}
{"event": "step", "step": 132200, "loss": 5.0253, "lr": 0.002270614672267892, "gnorm": 8.545, "tok_per_s": 170312.5, "load": 4.2138671875}
{"event": "step", "step": 132400, "loss": 5.0449, "lr": 0.002268514769189422, "gnorm": 2.476, "tok_per_s": 200765.3, "load": 4.18017578125}
{"event": "step", "step": 132600, "loss": 5.0511, "lr": 0.0022664129702928484, "gnorm": 4.299, "tok_per_s": 200618.3, "load": 4.16552734375}
{"event": "step", "step": 132800, "loss": 5.1347, "lr": 0.002264309282020424, "gnorm": 6.033, "tok_per_s": 200641.1, "load": 4.1396484375}
{"event": "step", "step": 133000, "loss": 4.9764, "lr": 0.0022622037108201917, "gnorm": 2.702, "tok_per_s": 200634.4, "load": 4.11767578125}
{"event": "step", "step": 133200, "loss": 5.1241, "lr": 0.0022600962631459678, "gnorm": 1.422, "tok_per_s": 200636.1, "load": 4.1884765625}
{"event": "step", "step": 133400, "loss": 5.4264, "lr": 0.0022579869454573184, "gnorm": 11.439, "tok_per_s": 199970.6, "load": 4.31982421875}
{"event": "step", "step": 133600, "loss": 5.2016, "lr": 0.0022558757642195423, "gnorm": 8.168, "tok_per_s": 200559.4, "load": 4.37451171875}
{"event": "step", "step": 133800, "loss": 5.1393, "lr": 0.00225376272590365, "gnorm": 2.455, "tok_per_s": 201194.5, "load": 4.31640625}
{"event": "step", "step": 134000, "loss": 5.1268, "lr": 0.002251647836986344, "gnorm": 0.696, "tok_per_s": 201490.1, "load": 4.267578125}
{"event": "step", "step": 134200, "loss": 5.2972, "lr": 0.00224953110395, "gnorm": 3.953, "tok_per_s": 175874.7, "load": 4.22607421875}
{"event": "step", "step": 134400, "loss": 4.9688, "lr": 0.002247412533282645, "gnorm": 3.547, "tok_per_s": 201766.9, "load": 4.3681640625}
{"event": "step", "step": 134600, "loss": 5.2473, "lr": 0.0022452921314779386, "gnorm": 6.154, "tok_per_s": 201229.1, "load": 4.31103515625}
{"event": "step", "step": 134800, "loss": 5.3397, "lr": 0.002243169905035155, "gnorm": 2.785, "tok_per_s": 201565.9, "load": 4.33642578125}
{"event": "step", "step": 135000, "loss": 5.0245, "lr": 0.0022410458604591576, "gnorm": 1.165, "tok_per_s": 201563.9, "load": 4.30908203125}
eval 135000 {'bpb': 1.7381513353668485, 'nats_per_token': 5.2407355645949085, 'tokens': 16379, 'bytes': 71247}
{"event": "step", "step": 135200, "loss": 5.2148, "lr": 0.0022389200042603856, "gnorm": 7.48, "tok_per_s": 201368.3, "load": 4.26123046875}
{"event": "step", "step": 135400, "loss": 5.2769, "lr": 0.00223679234295483, "gnorm": 7.405, "tok_per_s": 202185.4, "load": 4.32080078125}
{"event": "step", "step": 135600, "loss": 5.1395, "lr": 0.0022346628830640144, "gnorm": 1.764, "tok_per_s": 200986.1, "load": 4.27099609375}
{"event": "step", "step": 135800, "loss": 5.157, "lr": 0.002232531631114976, "gnorm": 2.161, "tok_per_s": 200405.8, "load": 4.22900390625}
{"event": "step", "step": 136000, "loss": 5.1338, "lr": 0.0022303985936402435, "gnorm": 1.681, "tok_per_s": 199863.7, "load": 4.21044921875}
{"event": "step", "step": 136200, "loss": 5.2166, "lr": 0.0022282637771778202, "gnorm": 8.615, "tok_per_s": 169286.3, "load": 4.177734375}
{"event": "step", "step": 136400, "loss": 5.1335, "lr": 0.0022261271882711613, "gnorm": 2.455, "tok_per_s": 200340.2, "load": 4.14990234375}
{"event": "step", "step": 136600, "loss": 5.174, "lr": 0.002223988833469154, "gnorm": 5.021, "tok_per_s": 200443.3, "load": 4.12646484375}
{"event": "step", "step": 136800, "loss": 4.9831, "lr": 0.0022218487193260993, "gnorm": 0.781, "tok_per_s": 200434.7, "load": 4.1162109375}
{"event": "step", "step": 137000, "loss": 5.1658, "lr": 0.0022197068524016906, "gnorm": 2.93, "tok_per_s": 200542.9, "load": 4.09765625}
{"event": "step", "step": 137200, "loss": 5.212, "lr": 0.0022175632392609935, "gnorm": 0.715, "tok_per_s": 200459.6, "load": 4.08935546875}
{"event": "step", "step": 137400, "loss": 5.2651, "lr": 0.002215417886474426, "gnorm": 3.695, "tok_per_s": 199704.3, "load": 4.23583984375}
{"event": "step", "step": 137600, "loss": 5.0139, "lr": 0.002213270800617739, "gnorm": 2.494, "tok_per_s": 200687.2, "load": 4.5009765625}
{"event": "step", "step": 137800, "loss": 5.1513, "lr": 0.0022111219882719937, "gnorm": 1.991, "tok_per_s": 201061.6, "load": 4.46044921875}
{"event": "step", "step": 138000, "loss": 5.1028, "lr": 0.0022089714560235446, "gnorm": 1.498, "tok_per_s": 200436.5, "load": 4.38916015625}
{"event": "step", "step": 138200, "loss": 5.2146, "lr": 0.0022068192104640182, "gnorm": 3.16, "tok_per_s": 169651.1, "load": 4.3291015625}
{"event": "step", "step": 138400, "loss": 5.2153, "lr": 0.002204665258190292, "gnorm": 3.278, "tok_per_s": 199672.3, "load": 4.5869140625}
{"event": "step", "step": 138600, "loss": 5.2313, "lr": 0.002202509605804473, "gnorm": 0.977, "tok_per_s": 200668.9, "load": 4.6201171875}
{"event": "step", "step": 138800, "loss": 5.0315, "lr": 0.0022003522599138826, "gnorm": 2.714, "tok_per_s": 200470.3, "load": 4.5244140625}
{"event": "step", "step": 139000, "loss": 4.9482, "lr": 0.0021981932271310308, "gnorm": 0.848, "tok_per_s": 200583.1, "load": 4.44287109375}
{"event": "step", "step": 139200, "loss": 5.1606, "lr": 0.002196032514073598, "gnorm": 0.727, "tok_per_s": 200563.1, "load": 4.48779296875}
{"event": "step", "step": 139400, "loss": 5.139, "lr": 0.0021938701273644164, "gnorm": 3.564, "tok_per_s": 200258.3, "load": 4.41259765625}
{"event": "step", "step": 139600, "loss": 5.0877, "lr": 0.0021917060736314467, "gnorm": 4.315, "tok_per_s": 200329.2, "load": 4.37939453125}
{"event": "step", "step": 139800, "loss": 5.1848, "lr": 0.0021895403595077597, "gnorm": 1.937, "tok_per_s": 200242.0, "load": 4.3203125}
{"event": "step", "step": 140000, "loss": 5.1189, "lr": 0.0021873729916315155, "gnorm": 2.755, "tok_per_s": 200328.9, "load": 4.2705078125}
eval 140000 {'bpb': 1.7331709803522004, 'nats_per_token': 5.225719194547897, 'tokens': 16379, 'bytes': 71247}
{"event": "step", "step": 140200, "loss": 5.2524, "lr": 0.0021852039766459435, "gnorm": 10.65, "tok_per_s": 169919.6, "load": 4.3759765625}
{"event": "step", "step": 140400, "loss": 4.8835, "lr": 0.0021830333211993206, "gnorm": 2.868, "tok_per_s": 200414.1, "load": 4.42626953125}
{"event": "step", "step": 140600, "loss": 5.1088, "lr": 0.0021808610319449524, "gnorm": 4.466, "tok_per_s": 200472.6, "load": 4.3603515625}
{"event": "step", "step": 140800, "loss": 5.0352, "lr": 0.002178687115541154, "gnorm": 4.103, "tok_per_s": 200367.9, "load": 4.30419921875}
{"event": "step", "step": 141000, "loss": 5.0815, "lr": 0.002176511578651224, "gnorm": 5.561, "tok_per_s": 200430.5, "load": 4.3603515625}
{"event": "step", "step": 141200, "loss": 5.0485, "lr": 0.002174334427943433, "gnorm": 1.455, "tok_per_s": 200458.1, "load": 4.30419921875}
{"event": "step", "step": 141400, "loss": 5.0731, "lr": 0.0021721556700909934, "gnorm": 2.972, "tok_per_s": 200504.7, "load": 4.49169921875}
{"event": "step", "step": 141600, "loss": 5.2001, "lr": 0.0021699753117720467, "gnorm": 4.27, "tok_per_s": 200458.4, "load": 4.4521484375}
{"event": "step", "step": 141800, "loss": 5.128, "lr": 0.002167793359669639, "gnorm": 1.957, "tok_per_s": 200688.0, "load": 4.3818359375}
{"event": "step", "step": 142000, "loss": 5.1985, "lr": 0.002165609820471702, "gnorm": 5.997, "tok_per_s": 200532.6, "load": 4.35107421875}
{"event": "step", "step": 142200, "loss": 5.244, "lr": 0.0021634247008710306, "gnorm": 2.495, "tok_per_s": 168849.7, "load": 4.296875}
{"event": "step", "step": 142400, "loss": 5.1848, "lr": 0.002161238007565266, "gnorm": 1.679, "tok_per_s": 200681.1, "load": 4.2509765625}
{"event": "step", "step": 142600, "loss": 5.199, "lr": 0.0021590497472568715, "gnorm": 2.111, "tok_per_s": 200559.8, "load": 4.2119140625}
{"event": "step", "step": 142800, "loss": 5.1073, "lr": 0.0021568599266531133, "gnorm": 2.575, "tok_per_s": 200252.1, "load": 4.275390625}
{"event": "step", "step": 143000, "loss": 5.2437, "lr": 0.0021546685524660406, "gnorm": 4.015, "tok_per_s": 199318.0, "load": 4.53466796875}
{"event": "step", "step": 143200, "loss": 5.2536, "lr": 0.0021524756314124658, "gnorm": 2.305, "tok_per_s": 200314.6, "load": 4.4521484375}
{"event": "step", "step": 143400, "loss": 5.0727, "lr": 0.0021502811702139397, "gnorm": 2.189, "tok_per_s": 200478.1, "load": 4.41552734375}
{"event": "step", "step": 143600, "loss": 5.1059, "lr": 0.0021480851755967356, "gnorm": 1.384, "tok_per_s": 200423.3, "load": 4.431640625}
{"event": "step", "step": 143800, "loss": 5.1685, "lr": 0.002145887654291828, "gnorm": 2.213, "tok_per_s": 200449.6, "load": 4.43896484375}
{"event": "step", "step": 144000, "loss": 5.1307, "lr": 0.0021436886130348685, "gnorm": 3.475, "tok_per_s": 200508.5, "load": 4.40380859375}
{"event": "step", "step": 144200, "loss": 5.1028, "lr": 0.0021414880585661684, "gnorm": 2.878, "tok_per_s": 170339.8, "load": 4.34130859375}
{"event": "step", "step": 144400, "loss": 5.2652, "lr": 0.0021392859976306785, "gnorm": 4.817, "tok_per_s": 200570.0, "load": 4.28857421875}
{"event": "step", "step": 144600, "loss": 5.3713, "lr": 0.0021370824369779653, "gnorm": 1.768, "tok_per_s": 200628.0, "load": 4.26513671875}
{"event": "step", "step": 144800, "loss": 5.1735, "lr": 0.002134877383362193, "gnorm": 0.836, "tok_per_s": 200521.9, "load": 4.2978515625}
{"event": "step", "step": 145000, "loss": 5.2179, "lr": 0.002132670843542101, "gnorm": 11.184, "tok_per_s": 200496.0, "load": 4.251953125}
eval 145000 {'bpb': 1.7400635404757858, 'nats_per_token': 5.246501093244398, 'tokens': 16379, 'bytes': 71247}
{"event": "step", "step": 145200, "loss": 5.1851, "lr": 0.002130462824280985, "gnorm": 6.69, "tok_per_s": 199230.7, "load": 4.2314453125}
{"event": "step", "step": 145400, "loss": 5.0877, "lr": 0.0021282533323466763, "gnorm": 2.196, "tok_per_s": 200475.0, "load": 4.19580078125}
{"event": "step", "step": 145600, "loss": 5.1191, "lr": 0.0021260423745115176, "gnorm": 0.843, "tok_per_s": 200540.9, "load": 4.1650390625}
{"event": "step", "step": 145800, "loss": 5.0307, "lr": 0.0021238299575523463, "gnorm": 2.948, "tok_per_s": 200195.9, "load": 4.1513671875}
{"event": "step", "step": 146000, "loss": 5.3238, "lr": 0.002121616088250473, "gnorm": 7.522, "tok_per_s": 200435.3, "load": 4.275390625}
{"event": "step", "step": 146200, "loss": 5.2048, "lr": 0.0021194007733916576, "gnorm": 1.635, "tok_per_s": 170295.9, "load": 4.46728515625}
{"event": "step", "step": 146400, "loss": 5.2214, "lr": 0.0021171840197660922, "gnorm": 0.981, "tok_per_s": 200296.6, "load": 4.67041015625}
{"event": "step", "step": 146600, "loss": 5.1934, "lr": 0.0021149658341683792, "gnorm": 1.436, "tok_per_s": 200623.3, "load": 4.79541015625}
{"event": "step", "step": 146800, "loss": 5.0816, "lr": 0.0021127462233975105, "gnorm": 1.864, "tok_per_s": 200721.8, "load": 4.75341796875}
{"event": "step", "step": 147000, "loss": 5.1776, "lr": 0.002110525194256844, "gnorm": 4.429, "tok_per_s": 200761.2, "load": 4.853515625}
{"event": "step", "step": 147200, "loss": 5.2069, "lr": 0.002108302753554087, "gnorm": 1.718, "tok_per_s": 200579.5, "load": 4.86962890625}
{"event": "step", "step": 147400, "loss": 5.3361, "lr": 0.002106078908101273, "gnorm": 3.215, "tok_per_s": 200706.2, "load": 4.8095703125}
{"event": "step", "step": 147600, "loss": 5.2005, "lr": 0.0021038536647147426, "gnorm": 1.351, "tok_per_s": 200548.1, "load": 4.8251953125}
{"event": "step", "step": 147800, "loss": 5.1238, "lr": 0.0021016270302151177, "gnorm": 3.012, "tok_per_s": 200614.2, "load": 4.69775390625}
{"event": "step", "step": 148000, "loss": 5.1142, "lr": 0.002099399011427287, "gnorm": 2.631, "tok_per_s": 200549.5, "load": 4.58984375}
{"event": "step", "step": 148200, "loss": 5.3382, "lr": 0.002097169615180382, "gnorm": 1.359, "tok_per_s": 170430.8, "load": 4.4990234375}
{"event": "step", "step": 148400, "loss": 5.1892, "lr": 0.002094938848307755, "gnorm": 2.844, "tok_per_s": 200545.4, "load": 4.458984375}
{"event": "step", "step": 148600, "loss": 4.9585, "lr": 0.0020927067176469607, "gnorm": 4.979, "tok_per_s": 200621.1, "load": 4.3876953125}
{"event": "step", "step": 148800, "loss": 4.9711, "lr": 0.002090473230039733, "gnorm": 1.118, "tok_per_s": 200654.6, "load": 4.43701171875}
{"event": "step", "step": 149000, "loss": 5.2415, "lr": 0.0020882383923319665, "gnorm": 2.755, "tok_per_s": 200510.2, "load": 4.36962890625}
{"event": "step", "step": 149200, "loss": 5.0125, "lr": 0.002086002211373691, "gnorm": 1.947, "tok_per_s": 200443.8, "load": 4.3125}
{"event": "step", "step": 149400, "loss": 5.124, "lr": 0.0020837646940190567, "gnorm": 1.502, "tok_per_s": 200528.0, "load": 4.287109375}
{"event": "step", "step": 149600, "loss": 4.9834, "lr": 0.0020815258471263086, "gnorm": 2.717, "tok_per_s": 200489.3, "load": 4.2421875}
{"event": "step", "step": 149800, "loss": 5.1404, "lr": 0.002079285677557767, "gnorm": 4.389, "tok_per_s": 200397.7, "load": 4.20458984375}
{"event": "step", "step": 150000, "loss": 5.1214, "lr": 0.002077044192179806, "gnorm": 3.873, "tok_per_s": 200551.6, "load": 4.18798828125}
eval 150000 {'bpb': 1.7445519031108025, 'nats_per_token': 5.26003404702668, 'tokens': 16379, 'bytes': 71247}
{"event": "step", "step": 150200, "loss": 5.153, "lr": 0.0020748013978628336, "gnorm": 2.514, "tok_per_s": 168942.0, "load": 4.3994140625}
{"event": "step", "step": 150400, "loss": 5.1483, "lr": 0.0020725573014812697, "gnorm": 3.822, "tok_per_s": 200442.1, "load": 4.41162109375}
{"event": "step", "step": 150600, "loss": 5.2187, "lr": 0.0020703119099135235, "gnorm": 5.972, "tok_per_s": 200634.4, "load": 4.34765625}
{"event": "step", "step": 150800, "loss": 5.1608, "lr": 0.0020680652300419772, "gnorm": 1.613, "tok_per_s": 199912.1, "load": 4.47998046875}
{"event": "step", "step": 151000, "loss": 4.9868, "lr": 0.0020658172687529593, "gnorm": 3.208, "tok_per_s": 200357.4, "load": 4.47998046875}
{"event": "step", "step": 151200, "loss": 5.112, "lr": 0.0020635680329367267, "gnorm": 5.078, "tok_per_s": 200345.9, "load": 4.44140625}
{"event": "step", "step": 151400, "loss": 5.1139, "lr": 0.0020613175294874435, "gnorm": 3.832, "tok_per_s": 200507.9, "load": 4.373046875}
{"event": "step", "step": 151600, "loss": 5.1828, "lr": 0.0020590657653031578, "gnorm": 9.371, "tok_per_s": 200274.0, "load": 4.38916015625}
{"event": "step", "step": 151800, "loss": 4.9934, "lr": 0.002056812747285784, "gnorm": 3.519, "tok_per_s": 200274.5, "load": 4.35791015625}
{"event": "step", "step": 152000, "loss": 5.0621, "lr": 0.0020545584823410774, "gnorm": 1.645, "tok_per_s": 200350.8, "load": 4.302734375}
{"event": "step", "step": 152200, "loss": 5.1712, "lr": 0.0020523029773786166, "gnorm": 2.14, "tok_per_s": 169646.2, "load": 4.255859375}
{"event": "step", "step": 152400, "loss": 5.0835, "lr": 0.0020500462393117824, "gnorm": 4.498, "tok_per_s": 200424.0, "load": 4.21630859375}
{"event": "step", "step": 152600, "loss": 4.948, "lr": 0.0020477882750577314, "gnorm": 6.653, "tok_per_s": 200472.6, "load": 4.19873046875}
{"event": "step", "step": 152800, "loss": 4.9613, "lr": 0.0020455290915373818, "gnorm": 5.271, "tok_per_s": 200333.3, "load": 4.24853515625}
{"event": "step", "step": 153000, "loss": 5.0458, "lr": 0.0020432686956753884, "gnorm": 4.056, "tok_per_s": 200382.7, "load": 4.2099609375}
{"event": "step", "step": 153200, "loss": 5.316, "lr": 0.0020410070944001206, "gnorm": 7.297, "tok_per_s": 200397.4, "load": 4.19287109375}
{"event": "step", "step": 153400, "loss": 5.0624, "lr": 0.0020387442946436444, "gnorm": 3.718, "tok_per_s": 200283.3, "load": 4.16259765625}
{"event": "step", "step": 153600, "loss": 5.1021, "lr": 0.0020364803033416975, "gnorm": 0.804, "tok_per_s": 200307.1, "load": 4.1494140625}
{"event": "step", "step": 153800, "loss": 5.2374, "lr": 0.002034215127433671, "gnorm": 1.305, "tok_per_s": 200458.3, "load": 4.20654296875}
{"event": "step", "step": 154000, "loss": 5.0832, "lr": 0.0020319487738625877, "gnorm": 6.181, "tok_per_s": 200417.6, "load": 4.17431640625}
{"event": "step", "step": 154200, "loss": 5.185, "lr": 0.002029681249575078, "gnorm": 3.366, "tok_per_s": 169796.6, "load": 4.14697265625}
{"event": "step", "step": 154400, "loss": 4.9566, "lr": 0.0020274125615213612, "gnorm": 1.343, "tok_per_s": 200555.1, "load": 4.21533203125}
{"event": "step", "step": 154600, "loss": 5.3406, "lr": 0.0020251427166552254, "gnorm": 3.816, "tok_per_s": 200462.9, "load": 4.181640625}
{"event": "step", "step": 154800, "loss": 5.3121, "lr": 0.0020228717219340025, "gnorm": 5.79, "tok_per_s": 200340.7, "load": 4.1533203125}
{"event": "step", "step": 155000, "loss": 5.0013, "lr": 0.0020205995843185502, "gnorm": 5.134, "tok_per_s": 200503.4, "load": 4.140625}
eval 155000 {'bpb': 1.7414275933032366, 'nats_per_token': 5.2506138767629285, 'tokens': 16379, 'bytes': 71247}
{"event": "step", "step": 155200, "loss": 5.1486, "lr": 0.0020183263107732274, "gnorm": 11.336, "tok_per_s": 199262.8, "load": 4.19873046875}
{"event": "step", "step": 155400, "loss": 5.2849, "lr": 0.0020160519082658775, "gnorm": 0.978, "tok_per_s": 200378.4, "load": 4.16796875}
{"event": "step", "step": 155600, "loss": 5.1638, "lr": 0.0020137763837678015, "gnorm": 3.052, "tok_per_s": 200449.2, "load": 4.154296875}
{"event": "step", "step": 155800, "loss": 5.0267, "lr": 0.002011499744253742, "gnorm": 3.213, "tok_per_s": 200571.0, "load": 4.1298828125}
{"event": "step", "step": 156000, "loss": 5.2191, "lr": 0.0020092219967018567, "gnorm": 5.788, "tok_per_s": 200294.5, "load": 4.119140625}
{"event": "step", "step": 156200, "loss": 5.035, "lr": 0.0020069431480937024, "gnorm": 3.29, "tok_per_s": 170075.8, "load": 4.1005859375}
{"event": "step", "step": 156400, "loss": 5.2125, "lr": 0.002004663205414208, "gnorm": 2.428, "tok_per_s": 200565.0, "load": 4.08447265625}
{"event": "step", "step": 156600, "loss": 4.9148, "lr": 0.0020023821756516577, "gnorm": 3.478, "tok_per_s": 200501.7, "load": 4.23193359375}
{"event": "step", "step": 156800, "loss": 4.998, "lr": 0.002000100065797667, "gnorm": 1.703, "tok_per_s": 200522.0, "load": 4.37353515625}
{"event": "step", "step": 157000, "loss": 5.2373, "lr": 0.0019978168828471616, "gnorm": 4.254, "tok_per_s": 200525.0, "load": 4.39599609375}
{"event": "step", "step": 157200, "loss": 5.094, "lr": 0.0019955326337983575, "gnorm": 2.926, "tok_per_s": 200124.0, "load": 14.90576171875}
{"event": "step", "step": 157400, "loss": 5.0514, "lr": 0.0019932473256527375, "gnorm": 3.501, "tok_per_s": 200150.8, "load": 14.1123046875}
{"event": "step", "step": 157600, "loss": 5.234, "lr": 0.0019909609654150313, "gnorm": 9.036, "tok_per_s": 200463.3, "load": 12.55712890625}
{"event": "step", "step": 157800, "loss": 5.0759, "lr": 0.0019886735600931926, "gnorm": 3.753, "tok_per_s": 200353.9, "load": 11.87158203125}
{"event": "step", "step": 158000, "loss": 4.9871, "lr": 0.001986385116698379, "gnorm": 6.126, "tok_per_s": 200329.3, "load": 10.6611328125}
{"event": "step", "step": 158200, "loss": 5.3647, "lr": 0.0019840956422449304, "gnorm": 8.263, "tok_per_s": 170299.1, "load": 9.63671875}
{"event": "step", "step": 158400, "loss": 5.0674, "lr": 0.001981805143750345, "gnorm": 1.08, "tok_per_s": 200547.9, "load": 8.76953125}
{"event": "step", "step": 158600, "loss": 5.2464, "lr": 0.001979513628235262, "gnorm": 2.664, "tok_per_s": 200454.8, "load": 8.38720703125}
{"event": "step", "step": 158800, "loss": 5.0568, "lr": 0.001977221102723437, "gnorm": 3.811, "tok_per_s": 200519.5, "load": 7.71240234375}
{"event": "step", "step": 159000, "loss": 5.0032, "lr": 0.001974927574241721, "gnorm": 1.97, "tok_per_s": 200393.3, "load": 7.14111328125}
{"event": "step", "step": 159200, "loss": 5.0422, "lr": 0.00197263304982004, "gnorm": 8.937, "tok_per_s": 199891.8, "load": 7.04931640625}
{"event": "step", "step": 159400, "loss": 5.124, "lr": 0.0019703375364913726, "gnorm": 2.714, "tok_per_s": 200643.5, "load": 6.8134765625}
{"event": "step", "step": 159600, "loss": 5.2386, "lr": 0.0019680410412917277, "gnorm": 2.185, "tok_per_s": 200486.3, "load": 6.38037109375}
{"event": "step", "step": 159800, "loss": 5.2209, "lr": 0.001965743571260124, "gnorm": 9.119, "tok_per_s": 200427.1, "load": 6.189453125}
{"event": "step", "step": 160000, "loss": 5.177, "lr": 0.001963445133438569, "gnorm": 1.12, "tok_per_s": 200507.8, "load": 5.92578125}
eval 160000 {'bpb': 1.7214340354552184, 'nats_per_token': 5.190330892453752, 'tokens': 16379, 'bytes': 71247}
{"event": "step", "step": 160200, "loss": 5.1073, "lr": 0.0019611457348720353, "gnorm": 0.96, "tok_per_s": 169837.1, "load": 5.62939453125}
{"event": "step", "step": 160400, "loss": 5.325, "lr": 0.001958845382608442, "gnorm": 1.825, "tok_per_s": 200577.9, "load": 5.57861328125}
{"event": "step", "step": 160600, "loss": 5.2388, "lr": 0.00195654408369863, "gnorm": 2.33, "tok_per_s": 200516.0, "load": 5.33544921875}
{"event": "step", "step": 160800, "loss": 5.1074, "lr": 0.0019542418451963407, "gnorm": 5.416, "tok_per_s": 200364.1, "load": 5.12939453125}
{"event": "step", "step": 161000, "loss": 5.3686, "lr": 0.0019519386741581994, "gnorm": 2.289, "tok_per_s": 200456.0, "load": 5.03857421875}
{"event": "step", "step": 161200, "loss": 5.1747, "lr": 0.001949634577643685, "gnorm": 5.5, "tok_per_s": 200499.3, "load": 4.87841796875}
{"event": "step", "step": 161400, "loss": 5.1324, "lr": 0.0019473295627151174, "gnorm": 1.177, "tok_per_s": 200464.6, "load": 4.8232421875}
{"event": "step", "step": 161600, "loss": 5.1104, "lr": 0.0019450236364376278, "gnorm": 1.083, "tok_per_s": 200397.8, "load": 4.7568359375}
{"event": "step", "step": 161800, "loss": 5.093, "lr": 0.0019427168058791433, "gnorm": 15.055, "tok_per_s": 200467.7, "load": 4.6396484375}
{"event": "step", "step": 162000, "loss": 5.0691, "lr": 0.0019404090781103616, "gnorm": 1.923, "tok_per_s": 200530.4, "load": 4.62158203125}
{"event": "step", "step": 162200, "loss": 5.1001, "lr": 0.001938100460204731, "gnorm": 3.417, "tok_per_s": 171135.4, "load": 4.57177734375}
{"event": "step", "step": 162400, "loss": 4.8746, "lr": 0.0019357909592384274, "gnorm": 1.009, "tok_per_s": 200719.3, "load": 4.4833984375}
{"event": "step", "step": 162600, "loss": 5.0366, "lr": 0.0019334805822903347, "gnorm": 6.442, "tok_per_s": 200693.3, "load": 4.40869140625}
{"event": "step", "step": 162800, "loss": 5.1088, "lr": 0.0019311693364420198, "gnorm": 7.119, "tok_per_s": 200455.9, "load": 4.37548828125}
{"event": "step", "step": 163000, "loss": 5.1972, "lr": 0.0019288572287777153, "gnorm": 3.493, "tok_per_s": 199797.6, "load": 4.47802734375}
{"event": "step", "step": 163200, "loss": 5.008, "lr": 0.0019265442663842934, "gnorm": 4.341, "tok_per_s": 200301.1, "load": 4.7861328125}
{"event": "step", "step": 163400, "loss": 5.2558, "lr": 0.001924230456351247, "gnorm": 3.749, "tok_per_s": 200398.1, "load": 4.72314453125}
{"event": "step", "step": 163600, "loss": 5.2183, "lr": 0.0019219158057706672, "gnorm": 8.386, "tok_per_s": 200032.9, "load": 4.75927734375}
{"event": "step", "step": 163800, "loss": 5.2549, "lr": 0.0019196003217372209, "gnorm": 6.796, "tok_per_s": 200485.6, "load": 4.64208984375}
{"event": "step", "step": 164000, "loss": 4.9858, "lr": 0.0019172840113481303, "gnorm": 1.741, "tok_per_s": 200559.7, "load": 4.59033203125}
{"event": "step", "step": 164200, "loss": 5.0559, "lr": 0.00191496688170315, "gnorm": 4.47, "tok_per_s": 170732.5, "load": 4.4990234375}
{"event": "step", "step": 164400, "loss": 4.977, "lr": 0.0019126489399045451, "gnorm": 0.81, "tok_per_s": 200557.9, "load": 4.58251953125}
{"event": "step", "step": 164600, "loss": 5.1752, "lr": 0.0019103301930570723, "gnorm": 4.974, "tok_per_s": 200592.2, "load": 4.53564453125}
{"event": "step", "step": 164800, "loss": 5.1305, "lr": 0.0019080106482679538, "gnorm": 8.693, "tok_per_s": 200445.8, "load": 4.453125}
{"event": "step", "step": 165000, "loss": 5.1755, "lr": 0.0019056903126468572, "gnorm": 1.987, "tok_per_s": 200452.6, "load": 4.3828125}
eval 165000 {'bpb': 1.733418716707989, 'nats_per_token': 5.226466149490201, 'tokens': 16379, 'bytes': 71247}
{"event": "step", "step": 165200, "loss": 5.076, "lr": 0.0019033691933058765, "gnorm": 1.207, "tok_per_s": 199386.3, "load": 4.35205078125}
{"event": "step", "step": 165400, "loss": 5.1235, "lr": 0.0019010472973595054, "gnorm": 2.063, "tok_per_s": 200417.8, "load": 4.29736328125}
{"event": "step", "step": 165600, "loss": 5.1378, "lr": 0.0018987246319246195, "gnorm": 5.042, "tok_per_s": 200490.8, "load": 4.25146484375}
{"event": "step", "step": 165800, "loss": 5.1036, "lr": 0.0018964012041204521, "gnorm": 5.11, "tok_per_s": 200461.8, "load": 4.23095703125}
{"event": "step", "step": 166000, "loss": 5.0278, "lr": 0.0018940770210685738, "gnorm": 1.665, "tok_per_s": 200510.7, "load": 4.1953125}
{"event": "step", "step": 166200, "loss": 5.2211, "lr": 0.0018917520898928707, "gnorm": 4.901, "tok_per_s": 170206.7, "load": 4.16455078125}
{"event": "step", "step": 166400, "loss": 5.2383, "lr": 0.00188942641771952, "gnorm": 2.514, "tok_per_s": 200576.4, "load": 4.13916015625}
{"event": "step", "step": 166600, "loss": 5.0975, "lr": 0.0018871000116769717, "gnorm": 4.171, "tok_per_s": 200530.3, "load": 4.1279296875}
{"event": "step", "step": 166800, "loss": 4.9992, "lr": 0.0018847728788959257, "gnorm": 4.328, "tok_per_s": 200533.7, "load": 4.18212890625}
{"event": "step", "step": 167000, "loss": 4.867, "lr": 0.001882445026509308, "gnorm": 7.924, "tok_per_s": 200669.7, "load": 4.16748046875}
{"event": "step", "step": 167200, "loss": 5.0903, "lr": 0.0018801164616522505, "gnorm": 2.271, "tok_per_s": 200544.7, "load": 4.14111328125}
{"event": "step", "step": 167400, "loss": 5.1894, "lr": 0.00187778719146207, "gnorm": 7.308, "tok_per_s": 200565.6, "load": 4.11865234375}
{"event": "step", "step": 167600, "loss": 5.2064, "lr": 0.001875457223078244, "gnorm": 11.466, "tok_per_s": 201636.0, "load": 4.10888671875}
{"event": "step", "step": 167800, "loss": 5.1188, "lr": 0.0018731265636423916, "gnorm": 1.152, "tok_per_s": 201504.7, "load": 4.091796875}
{"event": "step", "step": 168000, "loss": 5.0393, "lr": 0.0018707952202982475, "gnorm": 7.464, "tok_per_s": 201511.8, "load": 4.0771484375}
{"event": "step", "step": 168200, "loss": 5.0473, "lr": 0.0018684632001916448, "gnorm": 3.668, "tok_per_s": 176007.3, "load": 4.07080078125}
{"event": "step", "step": 168400, "loss": 4.9113, "lr": 0.0018661305104704904, "gnorm": 2.169, "tok_per_s": 201583.7, "load": 4.0595703125}
{"event": "step", "step": 168600, "loss": 5.0423, "lr": 0.0018637971582847435, "gnorm": 2.644, "tok_per_s": 201575.4, "load": 4.05029296875}
{"event": "step", "step": 168800, "loss": 5.1505, "lr": 0.001861463150786394, "gnorm": 6.257, "tok_per_s": 201687.0, "load": 4.0458984375}
{"event": "step", "step": 169000, "loss": 5.1127, "lr": 0.0018591284951294405, "gnorm": 9.824, "tok_per_s": 201613.4, "load": 4.03857421875}
{"event": "step", "step": 169200, "loss": 5.0801, "lr": 0.0018567931984698673, "gnorm": 1.446, "tok_per_s": 201474.3, "load": 4.1796875}
{"event": "step", "step": 169400, "loss": 4.8748, "lr": 0.001854457267965625, "gnorm": 1.128, "tok_per_s": 201530.2, "load": 4.1650390625}
{"event": "step", "step": 169600, "loss": 5.1229, "lr": 0.0018521207107766058, "gnorm": 1.139, "tok_per_s": 201524.3, "load": 4.2197265625}
{"event": "step", "step": 169800, "loss": 4.855, "lr": 0.0018497835340646233, "gnorm": 1.099, "tok_per_s": 201411.4, "load": 4.265625}
{"event": "step", "step": 170000, "loss": 5.1897, "lr": 0.0018474457449933906, "gnorm": 2.248, "tok_per_s": 201432.2, "load": 4.244140625}
eval 170000 {'bpb': 1.716964972842811, 'nats_per_token': 5.176856130563526, 'tokens': 16379, 'bytes': 71247}
{"event": "step", "step": 170200, "loss": 5.276, "lr": 0.0018451073507284959, "gnorm": 3.643, "tok_per_s": 175215.1, "load": 4.2060546875}
{"event": "step", "step": 170400, "loss": 5.0157, "lr": 0.0018427683584373838, "gnorm": 5.349, "tok_per_s": 201615.4, "load": 4.173828125}
{"event": "step", "step": 170600, "loss": 5.1171, "lr": 0.0018404287752893326, "gnorm": 1.315, "tok_per_s": 201451.6, "load": 4.240234375}
{"event": "step", "step": 170800, "loss": 5.1853, "lr": 0.0018380886084554291, "gnorm": 14.074, "tok_per_s": 201443.3, "load": 4.20263671875}
{"event": "step", "step": 171000, "loss": 5.1064, "lr": 0.0018357478651085525, "gnorm": 13.064, "tok_per_s": 201385.4, "load": 4.41162109375}
{"event": "step", "step": 171200, "loss": 5.1523, "lr": 0.001833406552423346, "gnorm": 1.491, "tok_per_s": 201480.6, "load": 4.37841796875}
{"event": "step", "step": 171400, "loss": 5.021, "lr": 0.0018310646775762, "gnorm": 6.081, "tok_per_s": 201422.7, "load": 4.3193359375}
{"event": "step", "step": 171600, "loss": 5.2226, "lr": 0.001828722247745227, "gnorm": 8.995, "tok_per_s": 201337.1, "load": 4.3740234375}
{"event": "step", "step": 171800, "loss": 5.1223, "lr": 0.0018263792701102405, "gnorm": 2.536, "tok_per_s": 201387.0, "load": 4.6181640625}
{"event": "step", "step": 172000, "loss": 5.1827, "lr": 0.001824035751852734, "gnorm": 3.083, "tok_per_s": 201077.4, "load": 4.60302734375}
{"event": "step", "step": 172200, "loss": 5.1387, "lr": 0.0018216917001558565, "gnorm": 1.532, "tok_per_s": 174502.8, "load": 4.818359375}
{"event": "step", "step": 172400, "loss": 5.0719, "lr": 0.001819347122204394, "gnorm": 1.441, "tok_per_s": 200347.6, "load": 4.75244140625}
{"event": "step", "step": 172600, "loss": 5.0993, "lr": 0.0018170020251847448, "gnorm": 9.617, "tok_per_s": 200126.8, "load": 4.71044921875}
{"event": "step", "step": 172800, "loss": 4.9971, "lr": 0.0018146564162848965, "gnorm": 1.189, "tok_per_s": 200170.3, "load": 4.6005859375}
{"event": "step", "step": 173000, "loss": 5.2809, "lr": 0.0018123103026944079, "gnorm": 5.506, "tok_per_s": 200361.0, "load": 4.55224609375}
{"event": "step", "step": 173200, "loss": 5.0931, "lr": 0.0018099636916043844, "gnorm": 8.136, "tok_per_s": 200330.8, "load": 4.466796875}
{"event": "step", "step": 173400, "loss": 5.241, "lr": 0.0018076165902074553, "gnorm": 4.024, "tok_per_s": 200272.3, "load": 4.42919921875}
{"event": "step", "step": 173600, "loss": 5.3051, "lr": 0.001805269005697753, "gnorm": 3.73, "tok_per_s": 200248.2, "load": 4.36279296875}
{"event": "step", "step": 173800, "loss": 5.3399, "lr": 0.0018029209452708917, "gnorm": 5.229, "tok_per_s": 200272.3, "load": 4.38720703125}
{"event": "step", "step": 174000, "loss": 5.137, "lr": 0.0018005724161239435, "gnorm": 5.563, "tok_per_s": 200226.0, "load": 4.35595703125}
{"event": "step", "step": 174200, "loss": 5.3069, "lr": 0.001798223425455417, "gnorm": 2.926, "tok_per_s": 170143.1, "load": 4.375}
{"event": "step", "step": 174400, "loss": 5.255, "lr": 0.001795873980465236, "gnorm": 5.116, "tok_per_s": 200274.8, "load": 4.39111328125}
{"event": "step", "step": 174600, "loss": 4.9564, "lr": 0.0017935240883547162, "gnorm": 3.09, "tok_per_s": 200332.7, "load": 4.404296875}
{"event": "step", "step": 174800, "loss": 5.0627, "lr": 0.0017911737563265446, "gnorm": 1.309, "tok_per_s": 200422.6, "load": 4.37158203125}
{"event": "step", "step": 175000, "loss": 4.9641, "lr": 0.0017888229915847555, "gnorm": 2.329, "tok_per_s": 200423.5, "load": 4.39453125}
eval 175000 {'bpb': 1.7426832021511898, 'nats_per_token': 5.254399688625679, 'tokens': 16379, 'bytes': 71247}
{"event": "step", "step": 175200, "loss": 5.023, "lr": 0.0017864718013347104, "gnorm": 1.089, "tok_per_s": 199160.6, "load": 4.33349609375}
{"event": "step", "step": 175400, "loss": 5.1728, "lr": 0.0017841201927830757, "gnorm": 3.34, "tok_per_s": 200393.6, "load": 4.306640625}
{"event": "step", "step": 175600, "loss": 5.1056, "lr": 0.0017817681731377977, "gnorm": 1.895, "tok_per_s": 199667.4, "load": 4.49365234375}
{"event": "step", "step": 175800, "loss": 5.2109, "lr": 0.0017794157496080847, "gnorm": 1.13, "tok_per_s": 200052.7, "load": 4.65234375}
{"event": "step", "step": 176000, "loss": 5.2811, "lr": 0.0017770629294043827, "gnorm": 2.506, "tok_per_s": 199953.4, "load": 4.6806640625}
{"event": "step", "step": 176200, "loss": 4.9374, "lr": 0.0017747097197383522, "gnorm": 4.537, "tok_per_s": 170009.2, "load": 4.65625}
{"event": "step", "step": 176400, "loss": 5.125, "lr": 0.0017723561278228494, "gnorm": 3.719, "tok_per_s": 200464.1, "load": 4.55517578125}
{"event": "step", "step": 176600, "loss": 5.2316, "lr": 0.0017700021608719008, "gnorm": 4.871, "tok_per_s": 200433.5, "load": 4.51025390625}
{"event": "step", "step": 176800, "loss": 5.2352, "lr": 0.0017676478261006822, "gnorm": 9.381, "tok_per_s": 200403.9, "load": 4.431640625}
{"event": "step", "step": 177000, "loss": 5.0927, "lr": 0.0017652931307254986, "gnorm": 1.064, "tok_per_s": 200389.9, "load": 4.36474609375}
{"event": "step", "step": 177200, "loss": 5.2918, "lr": 0.0017629380819637577, "gnorm": 9.047, "tok_per_s": 200352.3, "load": 4.33544921875}
{"event": "step", "step": 177400, "loss": 5.1788, "lr": 0.0017605826870339533, "gnorm": 4.224, "tok_per_s": 200294.1, "load": 4.283203125}
{"event": "step", "step": 177600, "loss": 5.0184, "lr": 0.0017582269531556376, "gnorm": 0.654, "tok_per_s": 199835.8, "load": 4.2392578125}
{"event": "step", "step": 177800, "loss": 5.0868, "lr": 0.001755870887549403, "gnorm": 2.606, "tok_per_s": 200132.5, "load": 4.2197265625}
{"event": "step", "step": 178000, "loss": 5.0986, "lr": 0.0017535144974368587, "gnorm": 7.827, "tok_per_s": 200248.7, "load": 4.345703125}
{"event": "step", "step": 178200, "loss": 5.1241, "lr": 0.0017511577900406082, "gnorm": 3.385, "tok_per_s": 169735.8, "load": 4.2919921875}
{"event": "step", "step": 178400, "loss": 5.3949, "lr": 0.0017488007725842282, "gnorm": 5.226, "tok_per_s": 200353.5, "load": 4.34912109375}
{"event": "step", "step": 178600, "loss": 5.1197, "lr": 0.0017464434522922445, "gnorm": 8.654, "tok_per_s": 200431.4, "load": 4.37548828125}
{"event": "step", "step": 178800, "loss": 5.2718, "lr": 0.0017440858363901126, "gnorm": 19.771, "tok_per_s": 200345.0, "load": 4.759765625}
{"event": "step", "step": 179000, "loss": 5.087, "lr": 0.0017417279321041926, "gnorm": 4.58, "tok_per_s": 200473.9, "load": 4.779296875}
{"event": "step", "step": 179200, "loss": 5.0031, "lr": 0.0017393697466617298, "gnorm": 4.486, "tok_per_s": 200474.4, "load": 4.6591796875}
{"event": "step", "step": 179400, "loss": 5.1649, "lr": 0.0017370112872908303, "gnorm": 4.929, "tok_per_s": 200339.4, "load": 4.7177734375}
{"event": "step", "step": 179600, "loss": 5.2515, "lr": 0.0017346525612204405, "gnorm": 3.093, "tok_per_s": 200253.4, "load": 4.66015625}
{"event": "step", "step": 179800, "loss": 5.0699, "lr": 0.0017322935756803241, "gnorm": 3.523, "tok_per_s": 200382.5, "load": 4.638671875}
{"event": "step", "step": 180000, "loss": 5.087, "lr": 0.0017299343379010399, "gnorm": 1.164, "tok_per_s": 200289.8, "load": 4.62060546875}
eval 180000 {'bpb': 1.7415861066036837, 'nats_per_token': 5.25109181345015, 'tokens': 16379, 'bytes': 71247}
{"event": "step", "step": 180200, "loss": 5.0108, "lr": 0.0017275748551139204, "gnorm": 1.041, "tok_per_s": 169010.1, "load": 4.83349609375}
{"event": "step", "step": 180400, "loss": 5.196, "lr": 0.0017252151345510482, "gnorm": 6.417, "tok_per_s": 200270.6, "load": 4.7666015625}
{"event": "step", "step": 180600, "loss": 5.2344, "lr": 0.0017228551834452355, "gnorm": 1.354, "tok_per_s": 199672.0, "load": 15.05908203125}
{"event": "step", "step": 180800, "loss": 5.0259, "lr": 0.0017204950090300005, "gnorm": 3.147, "tok_per_s": 200294.8, "load": 14.17333984375}
{"event": "step", "step": 181000, "loss": 5.0922, "lr": 0.0017181346185395463, "gnorm": 2.25, "tok_per_s": 200011.0, "load": 15.01171875}
{"event": "step", "step": 181200, "loss": 5.2659, "lr": 0.0017157740192087379, "gnorm": 2.367, "tok_per_s": 200426.4, "load": 17.931640625}
{"event": "step", "step": 181400, "loss": 5.2437, "lr": 0.0017134132182730813, "gnorm": 2.052, "tok_per_s": 200169.9, "load": 19.21875}
{"event": "step", "step": 181600, "loss": 5.2984, "lr": 0.0017110522229686993, "gnorm": 2.155, "tok_per_s": 199906.3, "load": 21.65185546875}
{"event": "step", "step": 181800, "loss": 5.1628, "lr": 0.0017086910405323113, "gnorm": 1.413, "tok_per_s": 199681.0, "load": 23.62451171875}
{"event": "step", "step": 182000, "loss": 5.0624, "lr": 0.0017063296782012095, "gnorm": 5.82, "tok_per_s": 200073.3, "load": 24.45556640625}
{"event": "step", "step": 182200, "loss": 4.9522, "lr": 0.0017039681432132383, "gnorm": 2.555, "tok_per_s": 174268.1, "load": 30.64794921875}
{"event": "step", "step": 182400, "loss": 5.0107, "lr": 0.0017016064428067715, "gnorm": 6.449, "tok_per_s": 201029.0, "load": 26.55029296875}
{"event": "step", "step": 182600, "loss": 5.1324, "lr": 0.0016992445842206887, "gnorm": 12.02, "tok_per_s": 201212.9, "load": 24.744140625}
{"event": "step", "step": 182800, "loss": 5.1278, "lr": 0.0016968825746943553, "gnorm": 3.149, "tok_per_s": 201294.7, "load": 21.6279296875}
{"event": "step", "step": 183000, "loss": 5.2122, "lr": 0.0016945204214675992, "gnorm": 4.107, "tok_per_s": 201341.8, "load": 18.91748046875}
{"event": "step", "step": 183200, "loss": 5.0989, "lr": 0.0016921581317806884, "gnorm": 10.576, "tok_per_s": 201317.9, "load": 17.72265625}
{"event": "step", "step": 183400, "loss": 5.1296, "lr": 0.0016897957128743097, "gnorm": 1.727, "tok_per_s": 201220.7, "load": 15.6123046875}
{"event": "step", "step": 183600, "loss": 5.1412, "lr": 0.0016874331719895453, "gnorm": 6.05, "tok_per_s": 200281.6, "load": 13.82666015625}
{"event": "step", "step": 183800, "loss": 5.2436, "lr": 0.001685070516367852, "gnorm": 17.398, "tok_per_s": 200062.2, "load": 13.03955078125}
{"event": "step", "step": 184000, "loss": 5.0141, "lr": 0.001682707753251038, "gnorm": 5.4, "tok_per_s": 200035.5, "load": 11.72314453125}
{"event": "step", "step": 184200, "loss": 5.3088, "lr": 0.0016803448898812406, "gnorm": 7.564, "tok_per_s": 169806.0, "load": 10.53515625}
{"event": "step", "step": 184400, "loss": 5.0924, "lr": 0.001677981933500905, "gnorm": 1.543, "tok_per_s": 200225.8, "load": 9.6103515625}
{"event": "step", "step": 184600, "loss": 4.9386, "lr": 0.0016756188913527618, "gnorm": 1.604, "tok_per_s": 200112.7, "load": 9.16064453125}
{"event": "step", "step": 184800, "loss": 5.3226, "lr": 0.0016732557706798025, "gnorm": 5.249, "tok_per_s": 200149.7, "load": 8.4404296875}
{"event": "step", "step": 185000, "loss": 4.9475, "lr": 0.0016708925787252617, "gnorm": 0.939, "tok_per_s": 199561.4, "load": 8.32470703125}
eval 185000 {'bpb': 1.711811471313852, 'nats_per_token': 5.161317702927529, 'tokens': 16379, 'bytes': 71247}
{"event": "step", "step": 185200, "loss": 5.0792, "lr": 0.0016685293227325915, "gnorm": 4.137, "tok_per_s": 199046.8, "load": 11.1220703125}
{"event": "step", "step": 185400, "loss": 5.261, "lr": 0.0016661660099454398, "gnorm": 9.464, "tok_per_s": 200004.8, "load": 10.1064453125}
{"event": "step", "step": 185600, "loss": 5.2099, "lr": 0.0016638026476076294, "gnorm": 1.751, "tok_per_s": 200103.6, "load": 9.6171875}
{"event": "step", "step": 185800, "loss": 4.9628, "lr": 0.001661439242963134, "gnorm": 6.331, "tok_per_s": 200082.4, "load": 8.82666015625}
{"event": "step", "step": 186000, "loss": 5.2283, "lr": 0.001659075803256059, "gnorm": 2.2, "tok_per_s": 199055.9, "load": 8.3916015625}
{"event": "step", "step": 186200, "loss": 5.1494, "lr": 0.0016567123357306144, "gnorm": 2.032, "tok_per_s": 170822.5, "load": 7.86328125}
{"event": "step", "step": 186400, "loss": 5.057, "lr": 0.001654348847631097, "gnorm": 2.067, "tok_per_s": 200140.7, "load": 7.5537109375}
{"event": "step", "step": 186600, "loss": 5.1159, "lr": 0.001651985346201868, "gnorm": 3.25, "tok_per_s": 200187.7, "load": 7.0068359375}
{"event": "step", "step": 186800, "loss": 5.1496, "lr": 0.0016496218386873264, "gnorm": 7.649, "tok_per_s": 200179.0, "load": 6.5439453125}
{"event": "step", "step": 187000, "loss": 5.0886, "lr": 0.0016472583323318927, "gnorm": 2.56, "tok_per_s": 200163.4, "load": 6.58056640625}
{"event": "step", "step": 187200, "loss": 4.9779, "lr": 0.001644894834379982, "gnorm": 4.585, "tok_per_s": 200106.8, "load": 6.18310546875}
{"event": "step", "step": 187400, "loss": 5.0879, "lr": 0.001642531352075984, "gnorm": 2.453, "tok_per_s": 200186.9, "load": 6.0078125}
{"event": "step", "step": 187600, "loss": 5.1425, "lr": 0.0016401678926642419, "gnorm": 2.1, "tok_per_s": 200205.9, "load": 5.69873046875}
{"event": "step", "step": 187800, "loss": 5.0371, "lr": 0.0016378044633890265, "gnorm": 9.692, "tok_per_s": 200062.8, "load": 5.51708984375}
{"event": "step", "step": 188000, "loss": 5.0668, "lr": 0.001635441071494518, "gnorm": 8.932, "tok_per_s": 199064.7, "load": 5.55615234375}
{"event": "step", "step": 188200, "loss": 5.1793, "lr": 0.001633077724224781, "gnorm": 7.31, "tok_per_s": 169643.5, "load": 5.4638671875}
{"event": "step", "step": 188400, "loss": 5.0174, "lr": 0.0016307144288237427, "gnorm": 1.975, "tok_per_s": 200223.4, "load": 5.23828125}
{"event": "step", "step": 188600, "loss": 5.2024, "lr": 0.001628351192535174, "gnorm": 2.244, "tok_per_s": 199377.1, "load": 15.37158203125}
{"event": "step", "step": 188800, "loss": 5.0345, "lr": 0.0016259880226026618, "gnorm": 1.811, "tok_per_s": 200070.1, "load": 14.62109375}
{"event": "step", "step": 189000, "loss": 5.2104, "lr": 0.0016236249262695911, "gnorm": 2.302, "tok_per_s": 200155.9, "load": 12.98779296875}
{"event": "step", "step": 189200, "loss": 5.1337, "lr": 0.001621261910779121, "gnorm": 5.817, "tok_per_s": 200213.1, "load": 11.67919921875}
{"event": "step", "step": 189400, "loss": 5.1106, "lr": 0.0016188989833741617, "gnorm": 3.238, "tok_per_s": 200281.5, "load": 11.06396484375}
{"event": "step", "step": 189600, "loss": 4.9369, "lr": 0.0016165361512973553, "gnorm": 4.044, "tok_per_s": 200329.1, "load": 10.125}
{"event": "step", "step": 189800, "loss": 5.1141, "lr": 0.0016141734217910507, "gnorm": 4.387, "tok_per_s": 200269.0, "load": 9.1826171875}
{"event": "step", "step": 190000, "loss": 5.0643, "lr": 0.0016118108020972825, "gnorm": 2.16, "tok_per_s": 200307.5, "load": 8.767578125}
eval 190000 {'bpb': 1.7085115629399221, 'nats_per_token': 5.1513680818426035, 'tokens': 16379, 'bytes': 71247}
{"event": "step", "step": 190200, "loss": 5.1591, "lr": 0.0016094482994577482, "gnorm": 19.854, "tok_per_s": 168283.8, "load": 8.1943359375}
{"event": "step", "step": 190400, "loss": 5.0623, "lr": 0.001607085921113788, "gnorm": 3.033, "tok_per_s": 200369.0, "load": 7.54931640625}
{"event": "step", "step": 190600, "loss": 5.282, "lr": 0.0016047236743063598, "gnorm": 7.171, "tok_per_s": 200444.3, "load": 7.2646484375}
{"event": "step", "step": 190800, "loss": 5.1099, "lr": 0.0016023615662760183, "gnorm": 4.512, "tok_per_s": 200302.9, "load": 6.84228515625}
{"event": "step", "step": 191000, "loss": 5.0125, "lr": 0.0015999996042628936, "gnorm": 5.419, "tok_per_s": 200485.1, "load": 6.478515625}
{"event": "step", "step": 191200, "loss": 5.1453, "lr": 0.0015976377955066673, "gnorm": 4.219, "tok_per_s": 200500.2, "load": 6.35986328125}
{"event": "step", "step": 191400, "loss": 5.0048, "lr": 0.0015952761472465527, "gnorm": 2.235, "tok_per_s": 200530.2, "load": 5.99658203125}
{"event": "step", "step": 191600, "loss": 5.1648, "lr": 0.00159291466672127, "gnorm": 3.148, "tok_per_s": 200426.4, "load": 5.849609375}
{"event": "step", "step": 191800, "loss": 5.263, "lr": 0.0015905533611690252, "gnorm": 1.382, "tok_per_s": 200546.2, "load": 5.701171875}
{"event": "step", "step": 192000, "loss": 5.0831, "lr": 0.0015881922378274892, "gnorm": 6.231, "tok_per_s": 200372.2, "load": 5.439453125}
{"event": "step", "step": 192200, "loss": 5.0028, "lr": 0.001585831303933772, "gnorm": 0.826, "tok_per_s": 172582.2, "load": 5.21728515625}
{"event": "step", "step": 192400, "loss": 5.0884, "lr": 0.0015834705667244057, "gnorm": 6.826, "tok_per_s": 200764.8, "load": 5.2802734375}
{"event": "step", "step": 192600, "loss": 5.2391, "lr": 0.001581110033435318, "gnorm": 2.401, "tok_per_s": 200900.6, "load": 5.0830078125}
{"event": "step", "step": 192800, "loss": 5.0934, "lr": 0.0015787497113018112, "gnorm": 3.344, "tok_per_s": 200331.6, "load": 5.28466796875}
{"event": "step", "step": 193000, "loss": 4.9844, "lr": 0.0015763896075585426, "gnorm": 1.287, "tok_per_s": 200593.6, "load": 5.26171875}
{"event": "step", "step": 193200, "loss": 5.1798, "lr": 0.001574029729439497, "gnorm": 9.78, "tok_per_s": 200510.6, "load": 5.44970703125}
{"event": "step", "step": 193400, "loss": 4.9593, "lr": 0.0015716700841779702, "gnorm": 5.308, "tok_per_s": 200232.0, "load": 5.2265625}
{"event": "step", "step": 193600, "loss": 5.0762, "lr": 0.0015693106790065435, "gnorm": 7.194, "tok_per_s": 200370.8, "load": 5.2080078125}
{"event": "step", "step": 193800, "loss": 5.0917, "lr": 0.0015669515211570602, "gnorm": 2.123, "tok_per_s": 200333.9, "load": 5.1015625}
{"event": "step", "step": 194000, "loss": 5.1583, "lr": 0.0015645926178606095, "gnorm": 8.991, "tok_per_s": 200302.5, "load": 5.486328125}
{"event": "step", "step": 194200, "loss": 5.1188, "lr": 0.0015622339763474969, "gnorm": 5.325, "tok_per_s": 169211.3, "load": 5.25732421875}
{"event": "step", "step": 194400, "loss": 5.112, "lr": 0.0015598756038472275, "gnorm": 1.147, "tok_per_s": 200499.8, "load": 5.15625}
{"event": "step", "step": 194600, "loss": 5.103, "lr": 0.0015575175075884812, "gnorm": 1.323, "tok_per_s": 200284.6, "load": 5.0517578125}
{"event": "step", "step": 194800, "loss": 5.1025, "lr": 0.0015551596947990908, "gnorm": 1.753, "tok_per_s": 200312.3, "load": 4.96728515625}
{"event": "step", "step": 195000, "loss": 4.9908, "lr": 0.0015528021727060216, "gnorm": 3.581, "tok_per_s": 200345.7, "load": 4.97900390625}
eval 195000 {'bpb': 1.703434154123054, 'nats_per_token': 5.136059082895781, 'tokens': 16379, 'bytes': 71247}
{"event": "step", "step": 195200, "loss": 5.2364, "lr": 0.0015504449485353455, "gnorm": 9.034, "tok_per_s": 199142.4, "load": 4.828125}
{"event": "step", "step": 195400, "loss": 5.0183, "lr": 0.0015480880295122232, "gnorm": 4.264, "tok_per_s": 200224.5, "load": 4.76171875}
{"event": "step", "step": 195600, "loss": 5.0972, "lr": 0.00154573142286088, "gnorm": 2.466, "tok_per_s": 200245.5, "load": 4.64453125}
{"event": "step", "step": 195800, "loss": 5.0236, "lr": 0.001543375135804583, "gnorm": 8.477, "tok_per_s": 200262.3, "load": 4.544921875}
{"event": "step", "step": 196000, "loss": 4.9671, "lr": 0.0015410191755656191, "gnorm": 4.065, "tok_per_s": 200222.4, "load": 4.5009765625}
{"event": "step", "step": 196200, "loss": 5.1842, "lr": 0.001538663549365276, "gnorm": 2.136, "tok_per_s": 168930.2, "load": 4.42333984375}
{"event": "step", "step": 196400, "loss": 5.0572, "lr": 0.001536308264423815, "gnorm": 4.78, "tok_per_s": 200385.9, "load": 4.35791015625}
{"event": "step", "step": 196600, "loss": 5.1034, "lr": 0.0015339533279604522, "gnorm": 4.042, "tok_per_s": 200312.5, "load": 4.302734375}
{"event": "step", "step": 196800, "loss": 5.0961, "lr": 0.0015315987471933358, "gnorm": 1.132, "tok_per_s": 200350.7, "load": 4.2783203125}
{"event": "step", "step": 197000, "loss": 5.0154, "lr": 0.0015292445293395229, "gnorm": 3.459, "tok_per_s": 200259.5, "load": 4.4697265625}
{"event": "step", "step": 197200, "loss": 4.9702, "lr": 0.0015268906816149602, "gnorm": 3.465, "tok_per_s": 200252.5, "load": 4.431640625}
{"event": "step", "step": 197400, "loss": 4.9482, "lr": 0.0015245372112344582, "gnorm": 6.306, "tok_per_s": 200361.0, "load": 4.43896484375}
{"event": "step", "step": 197600, "loss": 5.2241, "lr": 0.0015221841254116704, "gnorm": 5.337, "tok_per_s": 200290.6, "load": 4.4453125}
{"event": "step", "step": 197800, "loss": 5.247, "lr": 0.0015198314313590747, "gnorm": 6.79, "tok_per_s": 199782.3, "load": 4.48974609375}
{"event": "step", "step": 198000, "loss": 5.1507, "lr": 0.0015174791362879431, "gnorm": 9.128, "tok_per_s": 200143.3, "load": 4.93701171875}
{"event": "step", "step": 198200, "loss": 5.0955, "lr": 0.0015151272474083289, "gnorm": 3.818, "tok_per_s": 169074.1, "load": 4.79248046875}
{"event": "step", "step": 198400, "loss": 5.0962, "lr": 0.0015127757719290388, "gnorm": 3.262, "tok_per_s": 200344.0, "load": 4.74462890625}
{"event": "step", "step": 198600, "loss": 5.1218, "lr": 0.0015104247170576125, "gnorm": 6.966, "tok_per_s": 200375.8, "load": 4.6845703125}
{"event": "step", "step": 198800, "loss": 5.1142, "lr": 0.0015080740900003007, "gnorm": 7.597, "tok_per_s": 200463.9, "load": 4.6591796875}
{"event": "step", "step": 199000, "loss": 5.2903, "lr": 0.0015057238979620427, "gnorm": 4.557, "tok_per_s": 200320.2, "load": 4.55712890625}
{"event": "step", "step": 199200, "loss": 5.1373, "lr": 0.0015033741481464444, "gnorm": 3.078, "tok_per_s": 200234.3, "load": 9.3173828125}
{"event": "step", "step": 199400, "loss": 5.1294, "lr": 0.001501024847755756, "gnorm": 2.042, "tok_per_s": 200452.7, "load": 8.646484375}
{"event": "step", "step": 199600, "loss": 5.0718, "lr": 0.0014986760039908498, "gnorm": 2.053, "tok_per_s": 200417.8, "load": 8.27392578125}
{"event": "step", "step": 199800, "loss": 5.1538, "lr": 0.0014963276240512, "gnorm": 1.91, "tok_per_s": 200387.4, "load": 7.61669921875}
{"event": "step", "step": 200000, "loss": 5.2403, "lr": 0.0014939797151348575, "gnorm": 5.099, "tok_per_s": 200475.0, "load": 7.06005859375}
eval 200000 {'bpb': 1.729077318999235, 'nats_per_token': 5.21337631265645, 'tokens': 16379, 'bytes': 71247}
{"event": "step", "step": 200200, "loss": 5.0379, "lr": 0.0014916322844384302, "gnorm": 4.577, "tok_per_s": 167976.9, "load": 6.830078125}
{"event": "step", "step": 200400, "loss": 5.0531, "lr": 0.0014892853391570606, "gnorm": 3.671, "tok_per_s": 199379.7, "load": 6.84375}
{"event": "step", "step": 200600, "loss": 4.9423, "lr": 0.001486938886484403, "gnorm": 2.406, "tok_per_s": 200349.0, "load": 6.55322265625}
{"event": "step", "step": 200800, "loss": 5.2829, "lr": 0.0014845929336126011, "gnorm": 5.59, "tok_per_s": 200210.1, "load": 6.16015625}
{"event": "step", "step": 201000, "loss": 5.1135, "lr": 0.0014822474877322672, "gnorm": 3.9, "tok_per_s": 200053.0, "load": 5.98681640625}
{"event": "step", "step": 201200, "loss": 4.8794, "lr": 0.0014799025560324596, "gnorm": 7.254, "tok_per_s": 200219.3, "load": 5.82861328125}
{"event": "step", "step": 201400, "loss": 5.0814, "lr": 0.001477558145700661, "gnorm": 1.176, "tok_per_s": 199322.9, "load": 6.00244140625}
{"event": "step", "step": 201600, "loss": 4.832, "lr": 0.0014752142639227561, "gnorm": 4.059, "tok_per_s": 200124.7, "load": 6.08251953125}
{"event": "step", "step": 201800, "loss": 5.1156, "lr": 0.0014728709178830081, "gnorm": 1.878, "tok_per_s": 200128.2, "load": 5.76171875}
{"event": "step", "step": 202000, "loss": 5.0524, "lr": 0.0014705281147640394, "gnorm": 3.157, "tok_per_s": 200170.6, "load": 5.49072265625}
{"event": "step", "step": 202200, "loss": 5.1568, "lr": 0.001468185861746808, "gnorm": 1.514, "tok_per_s": 169406.3, "load": 5.37109375}
{"event": "step", "step": 202400, "loss": 5.3666, "lr": 0.0014658441660105861, "gnorm": 4.263, "tok_per_s": 200212.2, "load": 5.16015625}
{"event": "step", "step": 202600, "loss": 4.9517, "lr": 0.0014635030347329373, "gnorm": 2.179, "tok_per_s": 200180.3, "load": 5.0615234375}
{"event": "step", "step": 202800, "loss": 5.1106, "lr": 0.0014611624750896946, "gnorm": 1.428, "tok_per_s": 200054.0, "load": 4.97607421875}
{"event": "step", "step": 203000, "loss": 5.1527, "lr": 0.00145882249425494, "gnorm": 4.192, "tok_per_s": 200152.9, "load": 4.8251953125}
{"event": "step", "step": 203200, "loss": 5.2428, "lr": 0.0014564830994009813, "gnorm": 15.962, "tok_per_s": 200120.7, "load": 4.69775390625}
{"event": "step", "step": 203400, "loss": 5.134, "lr": 0.001454144297698329, "gnorm": 6.592, "tok_per_s": 200119.8, "load": 4.72216796875}
{"event": "step", "step": 203600, "loss": 5.091, "lr": 0.0014518060963156763, "gnorm": 3.946, "tok_per_s": 200222.7, "load": 4.61083984375}
{"event": "step", "step": 203800, "loss": 5.0322, "lr": 0.0014494685024198767, "gnorm": 3.393, "tok_per_s": 200065.8, "load": 4.6767578125}
{"event": "step", "step": 204000, "loss": 5.0718, "lr": 0.0014471315231759211, "gnorm": 2.237, "tok_per_s": 200047.5, "load": 4.62255859375}
{"event": "step", "step": 204200, "loss": 4.9313, "lr": 0.0014447951657469166, "gnorm": 1.4, "tok_per_s": 169533.6, "load": 4.5263671875}
{"event": "step", "step": 204400, "loss": 5.1391, "lr": 0.001442459437294065, "gnorm": 6.05, "tok_per_s": 200117.1, "load": 4.44482421875}
{"event": "step", "step": 204600, "loss": 5.0929, "lr": 0.0014401243449766385, "gnorm": 1.58, "tok_per_s": 200182.3, "load": 4.4091796875}
{"event": "step", "step": 204800, "loss": 5.1963, "lr": 0.0014377898959519616, "gnorm": 5.369, "tok_per_s": 200198.7, "load": 4.345703125}
{"event": "step", "step": 205000, "loss": 5.0113, "lr": 0.001435456097375386, "gnorm": 1.546, "tok_per_s": 200151.6, "load": 4.2919921875}
eval 205000 {'bpb': 1.7257274995012624, 'nats_per_token': 5.203276203522804, 'tokens': 16379, 'bytes': 71247}
{"event": "step", "step": 205200, "loss": 5.0434, "lr": 0.001433122956400269, "gnorm": 2.979, "tok_per_s": 198987.0, "load": 4.2685546875}
{"event": "step", "step": 205400, "loss": 4.9449, "lr": 0.0014307904801779537, "gnorm": 1.418, "tok_per_s": 200088.0, "load": 4.2265625}
{"event": "step", "step": 205600, "loss": 5.1748, "lr": 0.0014284586758577442, "gnorm": 5.663, "tok_per_s": 200115.4, "load": 4.486328125}
{"event": "step", "step": 205800, "loss": 4.9438, "lr": 0.0014261275505868868, "gnorm": 4.176, "tok_per_s": 200156.9, "load": 4.447265625}
{"event": "step", "step": 206000, "loss": 5.1849, "lr": 0.0014237971115105444, "gnorm": 4.821, "tok_per_s": 200200.0, "load": 4.45849609375}
{"event": "step", "step": 206200, "loss": 5.2487, "lr": 0.001421467365771779, "gnorm": 1.653, "tok_per_s": 169363.8, "load": 4.38720703125}
{"event": "step", "step": 206400, "loss": 5.064, "lr": 0.0014191383205115265, "gnorm": 3.591, "tok_per_s": 200188.5, "load": 4.40771484375}
{"event": "step", "step": 206600, "loss": 5.0593, "lr": 0.0014168099828685736, "gnorm": 7.409, "tok_per_s": 200129.9, "load": 4.375}
{"event": "step", "step": 206800, "loss": 4.9554, "lr": 0.0014144823599795415, "gnorm": 6.954, "tok_per_s": 200221.4, "load": 4.39111328125}
{"event": "step", "step": 207000, "loss": 4.927, "lr": 0.0014121554589788584, "gnorm": 2.177, "tok_per_s": 200218.4, "load": 4.33056640625}
{"event": "step", "step": 207200, "loss": 5.0301, "lr": 0.0014098292869987408, "gnorm": 3.073, "tok_per_s": 200075.7, "load": 4.46435546875}
{"event": "step", "step": 207400, "loss": 5.058, "lr": 0.0014075038511691701, "gnorm": 2.084, "tok_per_s": 200114.8, "load": 4.46630859375}
{"event": "step", "step": 207600, "loss": 5.1457, "lr": 0.0014051791586178718, "gnorm": 1.979, "tok_per_s": 200142.8, "load": 4.4287109375}
{"event": "step", "step": 207800, "loss": 5.0186, "lr": 0.0014028552164702935, "gnorm": 7.179, "tok_per_s": 200082.2, "load": 4.4365234375}
{"event": "step", "step": 208000, "loss": 5.0846, "lr": 0.0014005320318495808, "gnorm": 2.508, "tok_per_s": 199966.2, "load": 4.369140625}
{"event": "step", "step": 208200, "loss": 5.0956, "lr": 0.0013982096118765588, "gnorm": 5.803, "tok_per_s": 169494.4, "load": 4.31201171875}
{"event": "step", "step": 208400, "loss": 5.1317, "lr": 0.0013958879636697104, "gnorm": 8.384, "tok_per_s": 200137.3, "load": 4.447265625}
{"event": "step", "step": 208600, "loss": 4.9283, "lr": 0.0013935670943451503, "gnorm": 9.141, "tok_per_s": 200019.2, "load": 4.45849609375}
{"event": "step", "step": 208800, "loss": 4.9176, "lr": 0.0013912470110166062, "gnorm": 1.46, "tok_per_s": 200217.7, "load": 4.4677734375}
{"event": "step", "step": 209000, "loss": 5.1675, "lr": 0.0013889277207953987, "gnorm": 3.927, "tok_per_s": 200084.8, "load": 4.43017578125}
{"event": "step", "step": 209200, "loss": 5.2457, "lr": 0.0013866092307904159, "gnorm": 3.565, "tok_per_s": 200093.6, "load": 4.4375}
{"event": "step", "step": 209400, "loss": 5.0772, "lr": 0.0013842915481080927, "gnorm": 1.387, "tok_per_s": 200217.3, "load": 4.61083984375}
{"event": "step", "step": 209600, "loss": 5.1377, "lr": 0.00138197467985239, "gnorm": 2.597, "tok_per_s": 200103.5, "load": 4.5615234375}
{"event": "step", "step": 209800, "loss": 5.0757, "lr": 0.001379658633124773, "gnorm": 6.841, "tok_per_s": 200084.2, "load": 4.474609375}
{"event": "step", "step": 210000, "loss": 5.0002, "lr": 0.0013773434150241878, "gnorm": 1.387, "tok_per_s": 200127.7, "load": 4.51708984375}
eval 210000 {'bpb': 1.6985000717035963, 'nats_per_token': 5.12118223029489, 'tokens': 16379, 'bytes': 71247}
{"event": "step", "step": 210200, "loss": 5.1048, "lr": 0.001375029032647042, "gnorm": 5.964, "tok_per_s": 168817.6, "load": 4.4375}
{"event": "step", "step": 210400, "loss": 5.1238, "lr": 0.0013727154930871796, "gnorm": 5.273, "tok_per_s": 200055.0, "load": 4.3701171875}
{"event": "step", "step": 210600, "loss": 5.1056, "lr": 0.001370402803435864, "gnorm": 3.64, "tok_per_s": 200265.8, "load": 4.4736328125}
{"event": "step", "step": 210800, "loss": 5.2515, "lr": 0.0013680909707817505, "gnorm": 8.466, "tok_per_s": 199315.0, "load": 4.67626953125}
{"event": "step", "step": 211000, "loss": 4.9357, "lr": 0.0013657800022108695, "gnorm": 2.08, "tok_per_s": 200239.3, "load": 4.7197265625}
{"event": "step", "step": 211200, "loss": 5.0027, "lr": 0.0013634699048066027, "gnorm": 6.155, "tok_per_s": 200305.1, "load": 4.6083984375}
{"event": "step", "step": 211400, "loss": 5.1486, "lr": 0.0013611606856496607, "gnorm": 9.469, "tok_per_s": 200260.0, "load": 4.64013671875}
{"event": "step", "step": 211600, "loss": 5.1189, "lr": 0.0013588523518180639, "gnorm": 1.536, "tok_per_s": 200269.1, "load": 4.6220703125}
{"event": "step", "step": 211800, "loss": 4.9361, "lr": 0.0013565449103871178, "gnorm": 1.848, "tok_per_s": 200194.5, "load": 4.6064453125}
{"event": "step", "step": 212000, "loss": 4.9534, "lr": 0.001354238368429392, "gnorm": 1.463, "tok_per_s": 200161.1, "load": 4.5576171875}
{"event": "step", "step": 212200, "loss": 5.1448, "lr": 0.0013519327330147005, "gnorm": 2.332, "tok_per_s": 169843.4, "load": 4.47119140625}
{"event": "step", "step": 212400, "loss": 5.0193, "lr": 0.0013496280112100774, "gnorm": 2.514, "tok_per_s": 200233.2, "load": 4.39794921875}
{"event": "step", "step": 212600, "loss": 5.0, "lr": 0.0013473242100797578, "gnorm": 4.082, "tok_per_s": 200191.0, "load": 4.36572265625}
{"event": "step", "step": 212800, "loss": 5.2212, "lr": 0.0013450213366851538, "gnorm": 5.346, "tok_per_s": 199874.8, "load": 4.611328125}
{"event": "step", "step": 213000, "loss": 5.0945, "lr": 0.0013427193980848344, "gnorm": 10.273, "tok_per_s": 200145.8, "load": 4.5166015625}
{"event": "step", "step": 213200, "loss": 5.0607, "lr": 0.001340418401334503, "gnorm": 2.209, "tok_per_s": 200167.4, "load": 4.6357421875}
{"event": "step", "step": 213400, "loss": 5.0918, "lr": 0.001338118353486977, "gnorm": 4.758, "tok_per_s": 200244.0, "load": 4.53759765625}
{"event": "step", "step": 213600, "loss": 5.1305, "lr": 0.001335819261592164, "gnorm": 13.43, "tok_per_s": 200072.8, "load": 4.4541015625}
{"event": "step", "step": 213800, "loss": 5.2803, "lr": 0.0013335211326970418, "gnorm": 2.723, "tok_per_s": 200285.1, "load": 8.90234375}
{"event": "step", "step": 214000, "loss": 5.0709, "lr": 0.001331223973845637, "gnorm": 1.958, "tok_per_s": 200053.6, "load": 8.1484375}
{"event": "step", "step": 214200, "loss": 5.2412, "lr": 0.001328927792079003, "gnorm": 3.463, "tok_per_s": 169033.5, "load": 13.58349609375}
{"event": "step", "step": 214400, "loss": 5.06, "lr": 0.001326632594435198, "gnorm": 4.61, "tok_per_s": 200291.3, "load": 12.18359375}
{"event": "step", "step": 214600, "loss": 5.0606, "lr": 0.0013243383879492639, "gnorm": 3.46, "tok_per_s": 199344.1, "load": 12.08837890625}
{"event": "step", "step": 214800, "loss": 5.0638, "lr": 0.0013220451796532042, "gnorm": 8.851, "tok_per_s": 200253.6, "load": 10.91796875}
{"event": "step", "step": 215000, "loss": 4.9354, "lr": 0.0013197529765759627, "gnorm": 3.52, "tok_per_s": 200200.4, "load": 10.36376953125}
eval 215000 {'bpb': 1.7079280536498032, 'nats_per_token': 5.149608731073325, 'tokens': 16379, 'bytes': 71247}
{"event": "step", "step": 215200, "loss": 5.2361, "lr": 0.001317461785743403, "gnorm": 5.397, "tok_per_s": 199107.8, "load": 9.46484375}
{"event": "step", "step": 215400, "loss": 4.9393, "lr": 0.0013151716141782859, "gnorm": 6.595, "tok_per_s": 200066.4, "load": 8.69775390625}
{"event": "step", "step": 215600, "loss": 5.0132, "lr": 0.001312882468900247, "gnorm": 3.071, "tok_per_s": 200314.8, "load": 8.3212890625}
{"event": "step", "step": 215800, "loss": 5.1394, "lr": 0.001310594356925777, "gnorm": 1.734, "tok_per_s": 200317.7, "load": 8.0576171875}
{"event": "step", "step": 216000, "loss": 5.0471, "lr": 0.0013083072852681998, "gnorm": 5.714, "tok_per_s": 200204.4, "load": 7.43310546875}
{"event": "step", "step": 216200, "loss": 5.1947, "lr": 0.0013060212609376503, "gnorm": 6.189, "tok_per_s": 169529.9, "load": 6.978515625}
{"event": "step", "step": 216400, "loss": 4.8831, "lr": 0.0013037362909410516, "gnorm": 14.413, "tok_per_s": 200424.2, "load": 6.73974609375}
{"event": "step", "step": 216600, "loss": 5.2474, "lr": 0.001301452382282098, "gnorm": 2.512, "tok_per_s": 200377.7, "load": 6.55859375}
{"event": "step", "step": 216800, "loss": 5.0821, "lr": 0.0012991695419612285, "gnorm": 2.448, "tok_per_s": 200305.3, "load": 6.318359375}
{"event": "step", "step": 217000, "loss": 5.1265, "lr": 0.0012968877769756085, "gnorm": 3.671, "tok_per_s": 200386.7, "load": 6.13232421875}
{"event": "step", "step": 217200, "loss": 5.0963, "lr": 0.0012946070943191076, "gnorm": 7.725, "tok_per_s": 200236.4, "load": 5.80419921875}
{"event": "step", "step": 217400, "loss": 5.0612, "lr": 0.0012923275009822763, "gnorm": 9.371, "tok_per_s": 200300.2, "load": 5.73974609375}
{"event": "step", "step": 217600, "loss": 4.9797, "lr": 0.0012900490039523288, "gnorm": 3.433, "tok_per_s": 200388.0, "load": 9.37646484375}
{"event": "step", "step": 217800, "loss": 5.0213, "lr": 0.0012877716102131173, "gnorm": 8.702, "tok_per_s": 200260.6, "load": 8.54931640625}
{"event": "step", "step": 218000, "loss": 5.0447, "lr": 0.0012854953267451119, "gnorm": 5.509, "tok_per_s": 200258.3, "load": 8.1845703125}
{"event": "step", "step": 218200, "loss": 5.2761, "lr": 0.0012832201605253808, "gnorm": 7.385, "tok_per_s": 168883.7, "load": 7.54052734375}
{"event": "step", "step": 218400, "loss": 5.1686, "lr": 0.0012809461185275667, "gnorm": 8.675, "tok_per_s": 200105.5, "load": 6.99560546875}
{"event": "step", "step": 218600, "loss": 4.7988, "lr": 0.0012786732077218676, "gnorm": 2.078, "tok_per_s": 199923.4, "load": 6.61474609375}
{"event": "step", "step": 218800, "loss": 5.0667, "lr": 0.0012764014350750133, "gnorm": 5.849, "tok_per_s": 200182.1, "load": 6.4052734375}
{"event": "step", "step": 219000, "loss": 4.9916, "lr": 0.001274130807550245, "gnorm": 2.62, "tok_per_s": 200062.5, "load": 6.34228515625}
{"event": "step", "step": 219200, "loss": 5.1602, "lr": 0.0012718613321072954, "gnorm": 4.587, "tok_per_s": 200179.4, "load": 5.9814453125}
{"event": "step", "step": 219400, "loss": 5.0859, "lr": 0.001269593015702363, "gnorm": 2.261, "tok_per_s": 200179.1, "load": 5.82275390625}
{"event": "step", "step": 219600, "loss": 5.3658, "lr": 0.001267325865288097, "gnorm": 20.964, "tok_per_s": 200146.8, "load": 5.54248046875}
{"event": "step", "step": 219800, "loss": 4.8385, "lr": 0.001265059887813571, "gnorm": 1.543, "tok_per_s": 200138.5, "load": 5.458984375}
{"event": "step", "step": 220000, "loss": 5.3653, "lr": 0.0012627950902242625, "gnorm": 2.876, "tok_per_s": 200221.9, "load": 5.341796875}
eval 220000 {'bpb': 1.7213455242859568, 'nats_per_token': 5.190064020620917, 'tokens': 16379, 'bytes': 71247}
{"event": "step", "step": 220200, "loss": 4.9536, "lr": 0.0012605314794620352, "gnorm": 3.571, "tok_per_s": 168979.7, "load": 5.134765625}
{"event": "step", "step": 220400, "loss": 4.9623, "lr": 0.0012582690624651127, "gnorm": 2.089, "tok_per_s": 200159.3, "load": 4.95947265625}
{"event": "step", "step": 220600, "loss": 4.9279, "lr": 0.001256007846168061, "gnorm": 2.655, "tok_per_s": 200274.3, "load": 4.962890625}
{"event": "step", "step": 220800, "loss": 5.0858, "lr": 0.001253747837501764, "gnorm": 4.311, "tok_per_s": 200207.0, "load": 5.0361328125}
{"event": "step", "step": 221000, "loss": 5.1697, "lr": 0.001251489043393406, "gnorm": 5.662, "tok_per_s": 200128.7, "load": 4.87646484375}
{"event": "step", "step": 221200, "loss": 5.2317, "lr": 0.001249231470766448, "gnorm": 4.989, "tok_per_s": 200168.2, "load": 4.80615234375}
{"event": "step", "step": 221400, "loss": 5.0768, "lr": 0.0012469751265406063, "gnorm": 1.478, "tok_per_s": 200193.8, "load": 4.681640625}
{"event": "step", "step": 221600, "loss": 5.2865, "lr": 0.001244720017631833, "gnorm": 4.9, "tok_per_s": 200109.6, "load": 4.57666015625}
{"event": "step", "step": 221800, "loss": 5.0204, "lr": 0.0012424661509522932, "gnorm": 2.836, "tok_per_s": 200081.6, "load": 4.5302734375}
{"event": "step", "step": 222000, "loss": 5.0143, "lr": 0.0012402135334103454, "gnorm": 4.165, "tok_per_s": 200172.6, "load": 4.44873046875}
{"event": "step", "step": 222200, "loss": 5.0252, "lr": 0.0012379621719105166, "gnorm": 1.225, "tok_per_s": 169102.8, "load": 4.37939453125}
{"event": "step", "step": 222400, "loss": 5.0182, "lr": 0.0012357120733534875, "gnorm": 5.206, "tok_per_s": 200334.4, "load": 4.3486328125}
{"event": "step", "step": 222600, "loss": 5.0529, "lr": 0.001233463244636065, "gnorm": 2.556, "tok_per_s": 200378.6, "load": 4.29443359375}
{"event": "step", "step": 222800, "loss": 5.0344, "lr": 0.0012312156926511655, "gnorm": 4.865, "tok_per_s": 200296.9, "load": 4.24853515625}
{"event": "step", "step": 223000, "loss": 5.1792, "lr": 0.0012289694242877914, "gnorm": 2.406, "tok_per_s": 200083.3, "load": 4.228515625}
{"event": "step", "step": 223200, "loss": 4.9684, "lr": 0.00122672444643101, "gnorm": 2.28, "tok_per_s": 200200.1, "load": 4.2734375}
{"event": "step", "step": 223400, "loss": 5.0759, "lr": 0.0012244807659619354, "gnorm": 2.465, "tok_per_s": 200166.8, "load": 4.30517578125}
{"event": "step", "step": 223600, "loss": 4.8992, "lr": 0.001222238389757701, "gnorm": 2.396, "tok_per_s": 199701.2, "load": 4.52099609375}
{"event": "step", "step": 223800, "loss": 5.1514, "lr": 0.001219997324691447, "gnorm": 2.934, "tok_per_s": 200361.1, "load": 4.58837890625}
{"event": "step", "step": 224000, "loss": 5.0687, "lr": 0.001217757577632291, "gnorm": 4.406, "tok_per_s": 200363.4, "load": 4.57177734375}
{"event": "step", "step": 224200, "loss": 4.9652, "lr": 0.0012155191554453133, "gnorm": 3.619, "tok_per_s": 168587.1, "load": 4.5576171875}
{"event": "step", "step": 224400, "loss": 5.0736, "lr": 0.0012132820649915325, "gnorm": 4.268, "tok_per_s": 200463.0, "load": 4.5126953125}
{"event": "step", "step": 224600, "loss": 5.09, "lr": 0.0012110463131278855, "gnorm": 1.831, "tok_per_s": 200237.8, "load": 4.43310546875}
{"event": "step", "step": 224800, "loss": 5.0773, "lr": 0.0012088119067072054, "gnorm": 4.005, "tok_per_s": 200342.6, "load": 4.39794921875}
{"event": "step", "step": 225000, "loss": 5.0944, "lr": 0.0012065788525782023, "gnorm": 5.208, "tok_per_s": 199703.9, "load": 4.57080078125}
eval 225000 {'bpb': 1.701995115961859, 'nats_per_token': 5.131720209567129, 'tokens': 16379, 'bytes': 71247}
{"event": "step", "step": 225200, "loss": 4.7955, "lr": 0.0012043471575854403, "gnorm": 4.96, "tok_per_s": 198750.4, "load": 4.556640625}
{"event": "step", "step": 225400, "loss": 4.9031, "lr": 0.0012021168285693193, "gnorm": 3.389, "tok_per_s": 200232.0, "load": 4.51171875}
{"event": "step", "step": 225600, "loss": 5.124, "lr": 0.001199887872366051, "gnorm": 4.333, "tok_per_s": 200201.8, "load": 4.5068359375}
{"event": "step", "step": 225800, "loss": 5.0742, "lr": 0.0011976602958076394, "gnorm": 5.903, "tok_per_s": 199703.9, "load": 4.50244140625}
{"event": "step", "step": 226000, "loss": 5.1763, "lr": 0.0011954341057218603, "gnorm": 2.217, "tok_per_s": 200054.4, "load": 4.4619140625}
{"event": "step", "step": 226200, "loss": 5.288, "lr": 0.0011932093089322398, "gnorm": 2.823, "tok_per_s": 169785.0, "load": 4.390625}
{"event": "step", "step": 226400, "loss": 5.021, "lr": 0.0011909859122580324, "gnorm": 7.322, "tok_per_s": 200345.6, "load": 4.70556640625}
{"event": "step", "step": 226600, "loss": 5.1549, "lr": 0.0011887639225142022, "gnorm": 1.953, "tok_per_s": 200384.1, "load": 4.5966796875}
{"event": "step", "step": 226800, "loss": 5.1532, "lr": 0.0011865433465113994, "gnorm": 1.982, "tok_per_s": 199964.1, "load": 4.62939453125}
{"event": "step", "step": 227000, "loss": 4.9001, "lr": 0.0011843241910559435, "gnorm": 4.218, "tok_per_s": 199897.1, "load": 9.80517578125}
{"event": "step", "step": 227200, "loss": 4.9797, "lr": 0.0011821064629497977, "gnorm": 1.873, "tok_per_s": 200277.6, "load": 8.98583984375}
{"event": "step", "step": 227400, "loss": 5.2054, "lr": 0.0011798901689905506, "gnorm": 24.324, "tok_per_s": 200238.4, "load": 8.58642578125}
{"event": "step", "step": 227600, "loss": 4.8226, "lr": 0.0011776753159713957, "gnorm": 5.194, "tok_per_s": 200062.0, "load": 7.880859375}
{"event": "step", "step": 227800, "loss": 5.0483, "lr": 0.0011754619106811085, "gnorm": 9.269, "tok_per_s": 200129.9, "load": 7.56982421875}
{"event": "step", "step": 228000, "loss": 5.0785, "lr": 0.0011732499599040286, "gnorm": 5.664, "tok_per_s": 200226.7, "load": 7.1005859375}
{"event": "step", "step": 228200, "loss": 4.9877, "lr": 0.0011710394704200367, "gnorm": 1.626, "tok_per_s": 169824.3, "load": 6.62353515625}
{"event": "step", "step": 228400, "loss": 4.9865, "lr": 0.001168830449004534, "gnorm": 1.291, "tok_per_s": 200347.7, "load": 6.29345703125}
{"event": "step", "step": 228600, "loss": 5.0867, "lr": 0.0011666229024284228, "gnorm": 1.723, "tok_per_s": 200219.1, "load": 6.109375}
{"event": "step", "step": 228800, "loss": 5.2384, "lr": 0.0011644168374580841, "gnorm": 5.884, "tok_per_s": 200212.3, "load": 5.78466796875}
{"event": "step", "step": 229000, "loss": 4.8518, "lr": 0.0011622122608553583, "gnorm": 4.508, "tok_per_s": 199658.0, "load": 5.73779296875}
{"event": "step", "step": 229200, "loss": 5.0697, "lr": 0.0011600091793775233, "gnorm": 2.457, "tok_per_s": 200380.6, "load": 5.5986328125}
{"event": "step", "step": 229400, "loss": 5.1191, "lr": 0.0011578075997772735, "gnorm": 6.01, "tok_per_s": 200081.8, "load": 9.4169921875}
{"event": "step", "step": 229600, "loss": 4.992, "lr": 0.0011556075288027018, "gnorm": 4.893, "tok_per_s": 200130.9, "load": 8.66357421875}
{"event": "step", "step": 229800, "loss": 4.9391, "lr": 0.0011534089731972755, "gnorm": 2.742, "tok_per_s": 200214.7, "load": 8.2900390625}
{"event": "step", "step": 230000, "loss": 5.1199, "lr": 0.0011512119396998176, "gnorm": 4.483, "tok_per_s": 200181.0, "load": 7.70361328125}
eval 230000 {'bpb': 1.7050601810278905, 'nats_per_token': 5.140961749801575, 'tokens': 16379, 'bytes': 71247}
{"event": "step", "step": 230200, "loss": 5.1406, "lr": 0.0011490164350444851, "gnorm": 6.348, "tok_per_s": 168396.0, "load": 7.20751953125}
{"event": "step", "step": 230400, "loss": 5.1382, "lr": 0.0011468224659607507, "gnorm": 2.838, "tok_per_s": 200255.1, "load": 6.9501953125}
{"event": "step", "step": 230600, "loss": 5.0408, "lr": 0.0011446300391733779, "gnorm": 5.172, "tok_per_s": 200277.2, "load": 6.49609375}
{"event": "step", "step": 230800, "loss": 5.0973, "lr": 0.001142439161402405, "gnorm": 5.175, "tok_per_s": 200201.9, "load": 6.19189453125}
{"event": "step", "step": 231000, "loss": 5.1836, "lr": 0.0011402498393631205, "gnorm": 6.073, "tok_per_s": 200226.4, "load": 6.01611328125}
{"event": "step", "step": 231200, "loss": 5.1069, "lr": 0.001138062079766046, "gnorm": 9.909, "tok_per_s": 200281.2, "load": 5.70556640625}
{"event": "step", "step": 231400, "loss": 4.9762, "lr": 0.0011358758893169141, "gnorm": 3.11, "tok_per_s": 200187.3, "load": 9.84130859375}
{"event": "step", "step": 231600, "loss": 5.0292, "lr": 0.001133691274716646, "gnorm": 2.759, "tok_per_s": 200128.3, "load": 9.37353515625}
{"event": "step", "step": 231800, "loss": 4.9914, "lr": 0.0011315082426613342, "gnorm": 11.996, "tok_per_s": 200184.6, "load": 8.62060546875}
{"event": "step", "step": 232000, "loss": 5.0272, "lr": 0.0011293267998422213, "gnorm": 13.845, "tok_per_s": 200215.2, "load": 7.90966796875}
{"event": "step", "step": 232200, "loss": 5.2876, "lr": 0.001127146952945676, "gnorm": 6.51, "tok_per_s": 169049.5, "load": 7.30810546875}
{"event": "step", "step": 232400, "loss": 4.9708, "lr": 0.0011249687086531774, "gnorm": 8.459, "tok_per_s": 200284.2, "load": 7.04296875}
{"event": "step", "step": 232600, "loss": 5.0437, "lr": 0.0011227920736412926, "gnorm": 1.562, "tok_per_s": 200267.1, "load": 6.57421875}
{"event": "step", "step": 232800, "loss": 5.1777, "lr": 0.0011206170545816545, "gnorm": 4.459, "tok_per_s": 200207.4, "load": 6.36767578125}
{"event": "step", "step": 233000, "loss": 5.1581, "lr": 0.0011184436581409445, "gnorm": 7.717, "tok_per_s": 200186.6, "load": 6.0029296875}
{"event": "step", "step": 233200, "loss": 4.9393, "lr": 0.0011162718909808697, "gnorm": 4.445, "tok_per_s": 200174.0, "load": 5.6943359375}
{"event": "step", "step": 233400, "loss": 5.0896, "lr": 0.0011141017597581437, "gnorm": 5.079, "tok_per_s": 200166.6, "load": 5.55859375}
{"event": "step", "step": 233600, "loss": 5.0566, "lr": 0.0011119332711244654, "gnorm": 2.862, "tok_per_s": 200162.2, "load": 5.39208984375}
{"event": "step", "step": 233800, "loss": 5.059, "lr": 0.0011097664317264982, "gnorm": 2.074, "tok_per_s": 200238.6, "load": 5.177734375}
{"event": "step", "step": 234000, "loss": 4.993, "lr": 0.0011076012482058523, "gnorm": 2.984, "tok_per_s": 200176.9, "load": 5.0830078125}
{"event": "step", "step": 234200, "loss": 4.9813, "lr": 0.0011054377271990606, "gnorm": 7.223, "tok_per_s": 169284.8, "load": 4.99658203125}
{"event": "step", "step": 234400, "loss": 5.3268, "lr": 0.0011032758753375617, "gnorm": 13.484, "tok_per_s": 200295.1, "load": 4.8427734375}
{"event": "step", "step": 234600, "loss": 5.0297, "lr": 0.0011011156992476773, "gnorm": 7.146, "tok_per_s": 200306.6, "load": 4.78662109375}
{"event": "step", "step": 234800, "loss": 5.0331, "lr": 0.0010989572055505928, "gnorm": 3.711, "tok_per_s": 200318.8, "load": 4.72314453125}
{"event": "step", "step": 235000, "loss": 4.8231, "lr": 0.0010968004008623362, "gnorm": 4.494, "tok_per_s": 200241.3, "load": 4.611328125}
eval 235000 {'bpb': 1.7048387844570565, 'nats_per_token': 5.140294212482447, 'tokens': 16379, 'bytes': 71247}
{"event": "step", "step": 235200, "loss": 5.1649, "lr": 0.0010946452917937597, "gnorm": 6.75, "tok_per_s": 198960.5, "load": 4.56201171875}
{"event": "step", "step": 235400, "loss": 5.2622, "lr": 0.0010924918849505173, "gnorm": 8.5, "tok_per_s": 200053.9, "load": 4.8759765625}
{"event": "step", "step": 235600, "loss": 5.112, "lr": 0.0010903401869330465, "gnorm": 4.408, "tok_per_s": 199797.6, "load": 5.1357421875}
{"event": "step", "step": 235800, "loss": 5.3099, "lr": 0.0010881902043365457, "gnorm": 7.968, "tok_per_s": 199817.4, "load": 9.9296875}
{"event": "step", "step": 236000, "loss": 4.9892, "lr": 0.0010860419437509568, "gnorm": 9.864, "tok_per_s": 200019.5, "load": 9.017578125}
{"event": "step", "step": 236200, "loss": 5.1177, "lr": 0.0010838954117609418, "gnorm": 11.024, "tok_per_s": 168981.9, "load": 8.24609375}
{"event": "step", "step": 236400, "loss": 5.0165, "lr": 0.0010817506149458664, "gnorm": 4.818, "tok_per_s": 199732.3, "load": 7.90673828125}
{"event": "step", "step": 236600, "loss": 5.0886, "lr": 0.0010796075598797762, "gnorm": 8.863, "tok_per_s": 200213.7, "load": 7.673828125}
{"event": "step", "step": 236800, "loss": 5.175, "lr": 0.0010774662531313783, "gnorm": 6.653, "tok_per_s": 200373.2, "load": 7.1083984375}
{"event": "step", "step": 237000, "loss": 5.1846, "lr": 0.001075326701264022, "gnorm": 4.361, "tok_per_s": 200265.1, "load": 6.63037109375}
{"event": "step", "step": 237200, "loss": 5.1968, "lr": 0.0010731889108356774, "gnorm": 2.839, "tok_per_s": 200235.1, "load": 6.41943359375}
{"event": "step", "step": 237400, "loss": 4.9624, "lr": 0.0010710528883989138, "gnorm": 9.677, "tok_per_s": 199289.6, "load": 6.28076171875}
{"event": "step", "step": 237600, "loss": 5.0252, "lr": 0.0010689186405008846, "gnorm": 13.056, "tok_per_s": 200061.8, "load": 6.0029296875}
{"event": "step", "step": 237800, "loss": 5.1591, "lr": 0.0010667861736833012, "gnorm": 12.514, "tok_per_s": 200079.2, "load": 5.84228515625}
{"event": "step", "step": 238000, "loss": 5.1671, "lr": 0.0010646554944824173, "gnorm": 12.201, "tok_per_s": 200099.9, "load": 5.55859375}
{"event": "step", "step": 238200, "loss": 5.1185, "lr": 0.001062526609429007, "gnorm": 11.346, "tok_per_s": 168119.5, "load": 9.37060546875}
{"event": "step", "step": 238400, "loss": 5.2537, "lr": 0.001060399525048344, "gnorm": 5.31, "tok_per_s": 200277.0, "load": 8.9404296875}
{"event": "step", "step": 238600, "loss": 5.0085, "lr": 0.001058274247860186, "gnorm": 2.943, "tok_per_s": 200404.5, "load": 8.25390625}
{"event": "step", "step": 238800, "loss": 4.9428, "lr": 0.0010561507843787476, "gnorm": 1.238, "tok_per_s": 200357.3, "load": 7.599609375}
{"event": "step", "step": 239000, "loss": 4.9338, "lr": 0.001054029141112687, "gnorm": 6.079, "tok_per_s": 200125.2, "load": 7.31103515625}
{"event": "step", "step": 239200, "loss": 5.2276, "lr": 0.0010519093245650807, "gnorm": 4.75, "tok_per_s": 200135.0, "load": 7.1826171875}
{"event": "step", "step": 239400, "loss": 5.0815, "lr": 0.0010497913412334076, "gnorm": 3.994, "tok_per_s": 200298.8, "load": 6.69287109375}
{"event": "step", "step": 239600, "loss": 5.1581, "lr": 0.0010476751976095286, "gnorm": 4.773, "tok_per_s": 199895.5, "load": 6.7177734375}
{"event": "step", "step": 239800, "loss": 5.0803, "lr": 0.001045560900179664, "gnorm": 14.042, "tok_per_s": 199685.2, "load": 6.60693359375}
{"event": "step", "step": 240000, "loss": 4.9298, "lr": 0.0010434484554243757, "gnorm": 18.421, "tok_per_s": 200365.3, "load": 6.50732421875}
eval 240000 {'bpb': 1.716670252005752, 'nats_per_token': 5.175967511752854, 'tokens': 16379, 'bytes': 71247}
{"event": "step", "step": 240200, "loss": 5.3024, "lr": 0.0010413378698185473, "gnorm": 5.404, "tok_per_s": 168679.4, "load": 6.38623046875}
{"event": "step", "step": 240400, "loss": 5.0575, "lr": 0.0010392291498313633, "gnorm": 2.469, "tok_per_s": 200320.3, "load": 7.380859375}
{"event": "step", "step": 240600, "loss": 5.1246, "lr": 0.0010371223019262912, "gnorm": 6.241, "tok_per_s": 200149.3, "load": 6.93408203125}
{"event": "step", "step": 240800, "loss": 5.2103, "lr": 0.0010350173325610582, "gnorm": 4.226, "tok_per_s": 200039.3, "load": 6.69873046875}
{"event": "step", "step": 241000, "loss": 5.2079, "lr": 0.0010329142481876356, "gnorm": 7.341, "tok_per_s": 200178.4, "load": 6.60400390625}
{"event": "step", "step": 241200, "loss": 5.0907, "lr": 0.0010308130552522158, "gnorm": 7.059, "tok_per_s": 200255.6, "load": 6.283203125}
{"event": "step", "step": 241400, "loss": 5.1753, "lr": 0.0010287137601951942, "gnorm": 6.987, "tok_per_s": 199442.0, "load": 6.26025390625}
{"event": "step", "step": 241600, "loss": 5.1557, "lr": 0.0010266163694511484, "gnorm": 3.687, "tok_per_s": 201181.4, "load": 6.07275390625}
{"event": "step", "step": 241800, "loss": 4.952, "lr": 0.001024520889448821, "gnorm": 3.036, "tok_per_s": 200386.6, "load": 5.75390625}
{"event": "step", "step": 242000, "loss": 4.9133, "lr": 0.0010224273266110952, "gnorm": 5.165, "tok_per_s": 200066.4, "load": 5.61328125}
{"event": "step", "step": 242200, "loss": 5.1432, "lr": 0.0010203356873549796, "gnorm": 10.172, "tok_per_s": 168778.5, "load": 5.36474609375}
{"event": "step", "step": 242400, "loss": 5.0257, "lr": 0.0010182459780915861, "gnorm": 3.639, "tok_per_s": 200224.0, "load": 5.15478515625}
{"event": "step", "step": 242600, "loss": 4.9819, "lr": 0.0010161582052261107, "gnorm": 9.538, "tok_per_s": 200123.1, "load": 5.056640625}
{"event": "step", "step": 242800, "loss": 5.0863, "lr": 0.0010140723751578162, "gnorm": 7.88, "tok_per_s": 200082.6, "load": 4.9716796875}
{"event": "step", "step": 243000, "loss": 4.9927, "lr": 0.0010119884942800077, "gnorm": 6.983, "tok_per_s": 200129.3, "load": 4.82177734375}
{"event": "step", "step": 243200, "loss": 4.9269, "lr": 0.001009906568980018, "gnorm": 1.823, "tok_per_s": 199175.8, "load": 4.83642578125}
{"event": "step", "step": 243400, "loss": 5.2008, "lr": 0.0010078266056391845, "gnorm": 5.935, "tok_per_s": 200054.3, "load": 4.935546875}
{"event": "step", "step": 243600, "loss": 4.9525, "lr": 0.0010057486106328302, "gnorm": 1.19, "tok_per_s": 200182.7, "load": 4.791015625}
{"event": "step", "step": 243800, "loss": 5.0385, "lr": 0.0010036725903302477, "gnorm": 6.242, "tok_per_s": 200245.3, "load": 4.7275390625}
{"event": "step", "step": 244000, "loss": 4.766, "lr": 0.001001598551094675, "gnorm": 3.176, "tok_per_s": 200139.8, "load": 4.615234375}
{"event": "step", "step": 244200, "loss": 5.0785, "lr": 0.0009995264992832778, "gnorm": 5.057, "tok_per_s": 168732.1, "load": 4.5205078125}
{"event": "step", "step": 244400, "loss": 5.0624, "lr": 0.0009974564412471305, "gnorm": 3.676, "tok_per_s": 200384.2, "load": 6.5029296875}
{"event": "step", "step": 244600, "loss": 5.006, "lr": 0.0009953883833311967, "gnorm": 8.454, "tok_per_s": 200317.5, "load": 6.38232421875}
{"event": "step", "step": 244800, "loss": 5.1956, "lr": 0.0009933223318743091, "gnorm": 10.94, "tok_per_s": 200307.6, "load": 6.08935546875}
{"event": "step", "step": 245000, "loss": 5.0019, "lr": 0.0009912582932091502, "gnorm": 10.203, "tok_per_s": 200266.5, "load": 5.767578125}
eval 245000 {'bpb': 1.7035240890644754, 'nats_per_token': 5.136330247573112, 'tokens': 16379, 'bytes': 71247}
{"event": "step", "step": 245200, "loss": 4.8254, "lr": 0.0009891962736622334, "gnorm": 1.224, "tok_per_s": 198952.4, "load": 5.6259765625}
{"event": "step", "step": 245400, "loss": 5.106, "lr": 0.0009871362795538822, "gnorm": 1.824, "tok_per_s": 200091.3, "load": 5.37548828125}
{"event": "step", "step": 245600, "loss": 5.2754, "lr": 0.0009850783171982144, "gnorm": 7.181, "tok_per_s": 200217.0, "load": 5.26513671875}
{"event": "step", "step": 245800, "loss": 4.9958, "lr": 0.0009830223929031174, "gnorm": 6.142, "tok_per_s": 200181.8, "load": 5.0703125}
{"event": "step", "step": 246000, "loss": 4.811, "lr": 0.0009809685129702327, "gnorm": 2.236, "tok_per_s": 200212.6, "load": 4.9052734375}
{"event": "step", "step": 246200, "loss": 4.9145, "lr": 0.0009789166836949377, "gnorm": 2.887, "tok_per_s": 168700.5, "load": 4.765625}
{"event": "step", "step": 246400, "loss": 5.1764, "lr": 0.000976866911366321, "gnorm": 4.23, "tok_per_s": 200403.7, "load": 4.7041015625}
{"event": "step", "step": 246600, "loss": 5.0613, "lr": 0.0009748192022671679, "gnorm": 1.658, "tok_per_s": 200314.6, "load": 4.59521484375}
{"event": "step", "step": 246800, "loss": 5.096, "lr": 0.00097277356267394, "gnorm": 7.945, "tok_per_s": 200204.8, "load": 4.50341796875}
{"event": "step", "step": 247000, "loss": 5.0219, "lr": 0.0009707299988567544, "gnorm": 4.201, "tok_per_s": 200287.9, "load": 4.462890625}
{"event": "step", "step": 247200, "loss": 4.9869, "lr": 0.0009686885170793682, "gnorm": 1.592, "tok_per_s": 200188.4, "load": 4.3916015625}
{"event": "step", "step": 247400, "loss": 5.0056, "lr": 0.0009666491235991542, "gnorm": 3.473, "tok_per_s": 200222.2, "load": 4.33056640625}
{"event": "step", "step": 247600, "loss": 4.948, "lr": 0.0009646118246670862, "gnorm": 5.74, "tok_per_s": 200198.5, "load": 4.3037109375}
{"event": "step", "step": 247800, "loss": 4.9618, "lr": 0.0009625766265277156, "gnorm": 4.048, "tok_per_s": 200154.7, "load": 4.33056640625}
{"event": "step", "step": 248000, "loss": 4.8509, "lr": 0.0009605435354191568, "gnorm": 3.184, "tok_per_s": 200176.3, "load": 4.35302734375}
{"event": "step", "step": 248200, "loss": 4.9324, "lr": 0.0009585125575730656, "gnorm": 4.798, "tok_per_s": 168640.4, "load": 4.32470703125}
{"event": "step", "step": 248400, "loss": 5.03, "lr": 0.0009564836992146201, "gnorm": 4.404, "tok_per_s": 200412.0, "load": 4.2744140625}
{"event": "step", "step": 248600, "loss": 5.1456, "lr": 0.0009544569665625014, "gnorm": 3.633, "tok_per_s": 200354.5, "load": 4.3056640625}
{"event": "step", "step": 248800, "loss": 5.016, "lr": 0.0009524323658288759, "gnorm": 7.376, "tok_per_s": 200236.7, "load": 4.28076171875}
{"event": "step", "step": 249000, "loss": 5.0581, "lr": 0.0009504099032193748, "gnorm": 3.905, "tok_per_s": 200311.5, "load": 4.31103515625}
{"event": "step", "step": 249200, "loss": 5.0861, "lr": 0.0009483895849330763, "gnorm": 2.459, "tok_per_s": 200255.5, "load": 4.42333984375}
{"event": "step", "step": 249400, "loss": 5.1308, "lr": 0.0009463714171624855, "gnorm": 2.072, "tok_per_s": 199130.8, "load": 4.5498046875}
{"event": "step", "step": 249600, "loss": 5.1365, "lr": 0.0009443554060935161, "gnorm": 10.207, "tok_per_s": 199677.7, "load": 4.53857421875}
{"event": "step", "step": 249800, "loss": 5.1427, "lr": 0.0009423415579054717, "gnorm": 6.446, "tok_per_s": 198943.9, "load": 4.68359375}
{"event": "step", "step": 250000, "loss": 5.2126, "lr": 0.0009403298787710254, "gnorm": 5.351, "tok_per_s": 200035.0, "load": 4.62841796875}
eval 250000 {'bpb': 1.70400089454107, 'nats_per_token': 5.137767873496551, 'tokens': 16379, 'bytes': 71247}
{"event": "step", "step": 250200, "loss": 5.0559, "lr": 0.0009383203748562022, "gnorm": 4.981, "tok_per_s": 168176.8, "load": 4.53125}
{"event": "step", "step": 250400, "loss": 5.0233, "lr": 0.0009363130523203617, "gnorm": 3.33, "tok_per_s": 200087.2, "load": 4.44873046875}
{"event": "step", "step": 250600, "loss": 5.0184, "lr": 0.0009343079173161744, "gnorm": 8.329, "tok_per_s": 200078.6, "load": 4.37939453125}
{"event": "step", "step": 250800, "loss": 5.2613, "lr": 0.0009323049759896071, "gnorm": 8.823, "tok_per_s": 200152.3, "load": 4.3486328125}
{"event": "step", "step": 251000, "loss": 5.1471, "lr": 0.0009303042344799033, "gnorm": 8.067, "tok_per_s": 200127.1, "load": 4.29443359375}
{"event": "step", "step": 251200, "loss": 5.0037, "lr": 0.0009283056989195627, "gnorm": 6.454, "tok_per_s": 200110.6, "load": 4.2705078125}
{"event": "step", "step": 251400, "loss": 4.952, "lr": 0.0009263093754343245, "gnorm": 8.535, "tok_per_s": 200207.8, "load": 4.228515625}
{"event": "step", "step": 251600, "loss": 5.0198, "lr": 0.0009243152701431471, "gnorm": 7.506, "tok_per_s": 200116.2, "load": 4.19287109375}
{"event": "step", "step": 251800, "loss": 5.3049, "lr": 0.0009223233891581902, "gnorm": 3.068, "tok_per_s": 200408.8, "load": 8.822265625}
{"event": "step", "step": 252000, "loss": 5.0187, "lr": 0.0009203337385847957, "gnorm": 1.937, "tok_per_s": 200221.1, "load": 8.16064453125}
{"event": "step", "step": 252200, "loss": 5.0898, "lr": 0.0009183463245214673, "gnorm": 13.928, "tok_per_s": 168569.3, "load": 7.5205078125}
{"event": "step", "step": 252400, "loss": 5.019, "lr": 0.0009163611530598569, "gnorm": 1.681, "tok_per_s": 199920.8, "load": 7.52685546875}
{"event": "step", "step": 252600, "loss": 5.196, "lr": 0.0009143782302847401, "gnorm": 7.304, "tok_per_s": 200043.1, "load": 7.32421875}
{"event": "step", "step": 252800, "loss": 5.0806, "lr": 0.0009123975622740007, "gnorm": 3.507, "tok_per_s": 200106.8, "load": 6.8125}
{"event": "step", "step": 253000, "loss": 5.0121, "lr": 0.0009104191550986116, "gnorm": 1.255, "tok_per_s": 200030.8, "load": 6.45947265625}
{"event": "step", "step": 253200, "loss": 5.1012, "lr": 0.0009084430148226153, "gnorm": 3.71, "tok_per_s": 200074.4, "load": 6.26220703125}
{"event": "step", "step": 253400, "loss": 5.0639, "lr": 0.0009064691475031072, "gnorm": 5.297, "tok_per_s": 200135.3, "load": 5.91357421875}
{"event": "step", "step": 253600, "loss": 5.0992, "lr": 0.0009044975591902144, "gnorm": 6.182, "tok_per_s": 199967.6, "load": 5.76025390625}
{"event": "step", "step": 253800, "loss": 4.9325, "lr": 0.0009025282559270796, "gnorm": 1.795, "tok_per_s": 200158.2, "load": 5.4892578125}
{"event": "step", "step": 254000, "loss": 4.9951, "lr": 0.0009005612437498413, "gnorm": 1.425, "tok_per_s": 200291.2, "load": 5.33984375}
{"event": "step", "step": 254200, "loss": 4.9877, "lr": 0.000898596528687615, "gnorm": 1.917, "tok_per_s": 168713.6, "load": 5.13330078125}
{"event": "step", "step": 254400, "loss": 5.1818, "lr": 0.000896634116762476, "gnorm": 8.982, "tok_per_s": 200319.5, "load": 5.04248046875}
{"event": "step", "step": 254600, "loss": 5.0466, "lr": 0.0008946740139894407, "gnorm": 4.457, "tok_per_s": 200280.8, "load": 4.8818359375}
{"event": "step", "step": 254800, "loss": 5.0914, "lr": 0.0008927162263764471, "gnorm": 9.071, "tok_per_s": 200141.2, "load": 4.74560546875}
{"event": "step", "step": 255000, "loss": 4.9974, "lr": 0.0008907607599243357, "gnorm": 7.378, "tok_per_s": 200058.5, "load": 4.685546875}
eval 255000 {'bpb': 1.7168680772374978, 'nats_per_token': 5.1765639786464375, 'tokens': 16379, 'bytes': 71247}
{"event": "step", "step": 255200, "loss": 4.9133, "lr": 0.0008888076206268341, "gnorm": 3.651, "tok_per_s": 198711.1, "load": 4.57958984375}
{"event": "step", "step": 255400, "loss": 4.9104, "lr": 0.0008868568144705358, "gnorm": 4.353, "tok_per_s": 200059.9, "load": 6.77392578125}
{"event": "step", "step": 255600, "loss": 5.1658, "lr": 0.0008849083474348848, "gnorm": 5.764, "tok_per_s": 200527.0, "load": 6.5517578125}
{"event": "step", "step": 255800, "loss": 4.8666, "lr": 0.0008829622254921532, "gnorm": 13.611, "tok_per_s": 201258.4, "load": 6.38037109375}
{"event": "step", "step": 256000, "loss": 5.0616, "lr": 0.0008810184546074263, "gnorm": 2.163, "tok_per_s": 201352.8, "load": 6.189453125}
{"event": "step", "step": 256200, "loss": 5.168, "lr": 0.0008790770407385834, "gnorm": 5.878, "tok_per_s": 174942.2, "load": 6.1474609375}
{"event": "step", "step": 256400, "loss": 5.0474, "lr": 0.0008771379898362775, "gnorm": 11.75, "tok_per_s": 201410.2, "load": 5.81689453125}
{"event": "step", "step": 256600, "loss": 4.9415, "lr": 0.0008752013078439212, "gnorm": 8.681, "tok_per_s": 201347.8, "load": 5.61083984375}
{"event": "step", "step": 256800, "loss": 5.0782, "lr": 0.0008732670006976647, "gnorm": 4.395, "tok_per_s": 201294.1, "load": 7.56396484375}
{"event": "step", "step": 257000, "loss": 5.194, "lr": 0.0008713350743263796, "gnorm": 5.83, "tok_per_s": 201267.9, "load": 7.015625}
{"event": "step", "step": 257200, "loss": 5.0905, "lr": 0.0008694055346516393, "gnorm": 3.752, "tok_per_s": 201298.0, "load": 6.7724609375}
{"event": "step", "step": 257400, "loss": 5.1222, "lr": 0.0008674783875877032, "gnorm": 5.79, "tok_per_s": 201219.7, "load": 6.55029296875}
{"event": "step", "step": 257600, "loss": 5.133, "lr": 0.0008655536390414954, "gnorm": 4.838, "tok_per_s": 200670.5, "load": 6.46533203125}
{"event": "step", "step": 257800, "loss": 4.9506, "lr": 0.0008636312949125898, "gnorm": 2.495, "tok_per_s": 201316.0, "load": 6.427734375}
{"event": "step", "step": 258000, "loss": 5.0288, "lr": 0.0008617113610931891, "gnorm": 3.123, "tok_per_s": 201254.1, "load": 6.0537109375}
{"event": "step", "step": 258200, "loss": 5.0362, "lr": 0.0008597938434681091, "gnorm": 3.795, "tok_per_s": 175050.2, "load": 5.73779296875}
{"event": "step", "step": 258400, "loss": 5.0193, "lr": 0.0008578787479147595, "gnorm": 2.354, "tok_per_s": 200846.2, "load": 5.47021484375}
{"event": "step", "step": 258600, "loss": 5.0744, "lr": 0.0008559660803031257, "gnorm": 1.716, "tok_per_s": 200254.3, "load": 5.35205078125}
{"event": "step", "step": 258800, "loss": 5.2766, "lr": 0.000854055846495751, "gnorm": 1.7, "tok_per_s": 200168.4, "load": 5.21728515625}
{"event": "step", "step": 259000, "loss": 5.1606, "lr": 0.0008521480523477208, "gnorm": 12.384, "tok_per_s": 200223.3, "load": 5.10986328125}
{"event": "step", "step": 259200, "loss": 5.009, "lr": 0.0008502427037066397, "gnorm": 5.243, "tok_per_s": 200166.7, "load": 5.0205078125}
{"event": "step", "step": 259400, "loss": 5.0087, "lr": 0.0008483398064126184, "gnorm": 5.805, "tok_per_s": 200245.6, "load": 4.94384765625}
{"event": "step", "step": 259600, "loss": 5.1616, "lr": 0.0008464393662982533, "gnorm": 3.25, "tok_per_s": 200260.8, "load": 4.8681640625}
{"event": "step", "step": 259800, "loss": 5.0133, "lr": 0.000844541389188609, "gnorm": 5.365, "tok_per_s": 200195.0, "load": 4.734375}
{"event": "step", "step": 260000, "loss": 4.9995, "lr": 0.0008426458809012024, "gnorm": 4.868, "tok_per_s": 200054.2, "load": 4.62109375}
eval 260000 {'bpb': 1.694823180101158, 'nats_per_token': 5.110095959383967, 'tokens': 16379, 'bytes': 71247}
{"event": "step", "step": 260200, "loss": 5.1345, "lr": 0.0008407528472459813, "gnorm": 4.442, "tok_per_s": 167400.2, "load": 4.525390625}
{"event": "step", "step": 260400, "loss": 5.1808, "lr": 0.0008388622940253099, "gnorm": 12.018, "tok_per_s": 200074.1, "load": 4.5634765625}
{"event": "step", "step": 260600, "loss": 5.0717, "lr": 0.0008369742270339474, "gnorm": 5.161, "tok_per_s": 200359.7, "load": 4.4765625}
{"event": "step", "step": 260800, "loss": 5.1435, "lr": 0.0008350886520590337, "gnorm": 7.045, "tok_per_s": 200244.5, "load": 4.4833984375}
{"event": "step", "step": 261000, "loss": 5.038, "lr": 0.0008332055748800724, "gnorm": 7.193, "tok_per_s": 200224.8, "load": 4.4443359375}
{"event": "step", "step": 261200, "loss": 4.9459, "lr": 0.0008313250012689079, "gnorm": 6.802, "tok_per_s": 200284.4, "load": 4.37548828125}
{"event": "step", "step": 261400, "loss": 5.0276, "lr": 0.0008294469369897122, "gnorm": 13.556, "tok_per_s": 200097.0, "load": 4.3173828125}
{"event": "step", "step": 261600, "loss": 5.1242, "lr": 0.0008275713877989665, "gnorm": 6.438, "tok_per_s": 200253.9, "load": 4.29150390625}
{"event": "step", "step": 261800, "loss": 4.8907, "lr": 0.0008256983594454417, "gnorm": 2.54, "tok_per_s": 200193.0, "load": 8.4912109375}
{"event": "step", "step": 262000, "loss": 5.1625, "lr": 0.0008238278576701829, "gnorm": 6.941, "tok_per_s": 199776.1, "load": 8.04052734375}
{"event": "step", "step": 262200, "loss": 5.1693, "lr": 0.0008219598882064907, "gnorm": 3.097, "tok_per_s": 167141.6, "load": 8.19775390625}
{"event": "step", "step": 262400, "loss": 5.154, "lr": 0.0008200944567799043, "gnorm": 2.343, "tok_per_s": 200211.7, "load": 7.85302734375}
{"event": "step", "step": 262600, "loss": 5.0918, "lr": 0.0008182315691081828, "gnorm": 2.145, "tok_per_s": 200101.6, "load": 7.26025390625}
{"event": "step", "step": 262800, "loss": 5.0347, "lr": 0.0008163712309012887, "gnorm": 3.535, "tok_per_s": 200084.8, "load": 6.9990234375}
{"event": "step", "step": 263000, "loss": 5.086, "lr": 0.0008145134478613698, "gnorm": 3.261, "tok_per_s": 199998.5, "load": 6.61767578125}
{"event": "step", "step": 263200, "loss": 5.3279, "lr": 0.0008126582256827434, "gnorm": 8.086, "tok_per_s": 200123.0, "load": 6.294921875}
{"event": "step", "step": 263400, "loss": 4.9872, "lr": 0.0008108055700518765, "gnorm": 4.829, "tok_per_s": 200206.4, "load": 6.11083984375}
{"event": "step", "step": 263600, "loss": 4.9944, "lr": 0.0008089554866473681, "gnorm": 3.399, "tok_per_s": 200163.9, "load": 5.78564453125}
{"event": "step", "step": 263800, "loss": 4.9257, "lr": 0.0008071079811399349, "gnorm": 9.871, "tok_per_s": 200282.1, "load": 5.5107421875}
{"event": "step", "step": 264000, "loss": 4.9524, "lr": 0.0008052630591923908, "gnorm": 3.827, "tok_per_s": 200176.8, "load": 5.4697265625}
{"event": "step", "step": 264200, "loss": 4.9046, "lr": 0.0008034207264596324, "gnorm": 3.852, "tok_per_s": 168438.1, "load": 5.2431640625}
{"event": "step", "step": 264400, "loss": 5.0316, "lr": 0.0008015809885886182, "gnorm": 6.849, "tok_per_s": 200315.5, "load": 5.0517578125}
{"event": "step", "step": 264600, "loss": 4.9172, "lr": 0.0007997438512183547, "gnorm": 5.654, "tok_per_s": 200223.2, "load": 11.5302734375}
{"event": "step", "step": 264800, "loss": 5.1628, "lr": 0.0007979093199798765, "gnorm": 2.753, "tok_per_s": 200278.3, "load": 10.92724609375}
{"event": "step", "step": 265000, "loss": 5.2146, "lr": 0.0007960774004962299, "gnorm": 2.891, "tok_per_s": 200219.4, "load": 9.861328125}
eval 265000 {'bpb': 1.6943212213164087, 'nats_per_token': 5.108582493207766, 'tokens': 16379, 'bytes': 71247}
{"event": "step", "step": 265200, "loss": 5.1638, "lr": 0.0007942480983824573, "gnorm": 3.692, "tok_per_s": 198129.2, "load": 9.87255859375}
{"event": "step", "step": 265400, "loss": 5.0081, "lr": 0.0007924214192455772, "gnorm": 1.696, "tok_per_s": 200092.5, "load": 9.27001953125}
{"event": "step", "step": 265600, "loss": 5.1243, "lr": 0.0007905973686845692, "gnorm": 5.383, "tok_per_s": 200360.3, "load": 8.458984375}
{"event": "step", "step": 265800, "loss": 5.0136, "lr": 0.0007887759522903554, "gnorm": 7.578, "tok_per_s": 200216.7, "load": 8.1015625}
{"event": "step", "step": 266000, "loss": 5.2217, "lr": 0.0007869571756457843, "gnorm": 17.548, "tok_per_s": 200301.2, "load": 7.470703125}
{"event": "step", "step": 266200, "loss": 4.9031, "lr": 0.0007851410443256131, "gnorm": 16.841, "tok_per_s": 168886.9, "load": 6.9365234375}
{"event": "step", "step": 266400, "loss": 5.138, "lr": 0.0007833275638964911, "gnorm": 8.825, "tok_per_s": 200255.8, "load": 6.48486328125}
{"event": "step", "step": 266600, "loss": 5.1358, "lr": 0.0007815167399169416, "gnorm": 3.239, "tok_per_s": 200195.1, "load": 6.28564453125}
{"event": "step", "step": 266800, "loss": 4.9448, "lr": 0.0007797085779373461, "gnorm": 2.54, "tok_per_s": 200198.4, "load": 6.087890625}
{"event": "step", "step": 267000, "loss": 5.1143, "lr": 0.0007779030834999274, "gnorm": 6.49, "tok_per_s": 201033.0, "load": 5.7666015625}
{"event": "step", "step": 267200, "loss": 5.0166, "lr": 0.0007761002621387295, "gnorm": 5.745, "tok_per_s": 201292.5, "load": 5.705078125}
{"event": "step", "step": 267400, "loss": 5.0491, "lr": 0.0007743001193796069, "gnorm": 2.15, "tok_per_s": 201260.2, "load": 5.51611328125}
{"event": "step", "step": 267600, "loss": 5.0666, "lr": 0.0007725026607402017, "gnorm": 1.637, "tok_per_s": 201146.8, "load": 5.39453125}
{"event": "step", "step": 267800, "loss": 4.9878, "lr": 0.0007707078917299276, "gnorm": 3.815, "tok_per_s": 200852.0, "load": 5.1796875}
{"event": "step", "step": 268000, "loss": 5.0721, "lr": 0.0007689158178499565, "gnorm": 5.007, "tok_per_s": 201044.2, "load": 4.998046875}
{"event": "step", "step": 268200, "loss": 5.063, "lr": 0.0007671264445931983, "gnorm": 16.078, "tok_per_s": 174063.1, "load": 4.91845703125}
{"event": "step", "step": 268400, "loss": 4.8464, "lr": 0.0007653397774442861, "gnorm": 1.404, "tok_per_s": 200822.9, "load": 4.8447265625}
{"event": "step", "step": 268600, "loss": 5.1984, "lr": 0.0007635558218795576, "gnorm": 5.529, "tok_per_s": 201180.8, "load": 4.794921875}
{"event": "step", "step": 268800, "loss": 4.9672, "lr": 0.0007617745833670396, "gnorm": 8.518, "tok_per_s": 200362.2, "load": 4.67236328125}
{"event": "step", "step": 269000, "loss": 5.0085, "lr": 0.0007599960673664311, "gnorm": 5.494, "tok_per_s": 200095.0, "load": 4.6181640625}
{"event": "step", "step": 269200, "loss": 5.1653, "lr": 0.0007582202793290845, "gnorm": 7.099, "tok_per_s": 200133.8, "load": 4.5224609375}
{"event": "step", "step": 269400, "loss": 4.9811, "lr": 0.0007564472246979931, "gnorm": 1.861, "tok_per_s": 200015.2, "load": 4.48046875}
{"event": "step", "step": 269600, "loss": 4.9664, "lr": 0.0007546769089077712, "gnorm": 5.812, "tok_per_s": 200137.6, "load": 4.40625}
{"event": "step", "step": 269800, "loss": 4.761, "lr": 0.0007529093373846375, "gnorm": 3.693, "tok_per_s": 200041.8, "load": 4.41748046875}
{"event": "step", "step": 270000, "loss": 4.9503, "lr": 0.0007511445155463998, "gnorm": 6.116, "tok_per_s": 200106.9, "load": 4.3837890625}
eval 270000 {'bpb': 1.6959228067991703, 'nats_per_token': 5.113411466283045, 'tokens': 16379, 'bytes': 71247}
{"event": "step", "step": 270200, "loss": 5.1687, "lr": 0.0007493824488024379, "gnorm": 7.009, "tok_per_s": 168065.3, "load": 4.47900390625}
{"event": "step", "step": 270400, "loss": 5.0203, "lr": 0.0007476231425536865, "gnorm": 11.364, "tok_per_s": 200021.8, "load": 4.40478515625}
{"event": "step", "step": 270600, "loss": 5.2209, "lr": 0.0007458666021926195, "gnorm": 3.837, "tok_per_s": 200200.9, "load": 4.341796875}
{"event": "step", "step": 270800, "loss": 5.0, "lr": 0.0007441128331032328, "gnorm": 10.186, "tok_per_s": 200176.5, "load": 4.31396484375}
{"event": "step", "step": 271000, "loss": 5.0687, "lr": 0.0007423618406610282, "gnorm": 6.72, "tok_per_s": 200051.8, "load": 4.666015625}
{"event": "step", "step": 271200, "loss": 5.2724, "lr": 0.0007406136302329964, "gnorm": 6.809, "tok_per_s": 200096.4, "load": 4.56298828125}
{"event": "step", "step": 271400, "loss": 5.1486, "lr": 0.0007388682071776014, "gnorm": 17.756, "tok_per_s": 200260.6, "load": 4.517578125}
{"event": "step", "step": 271600, "loss": 5.0033, "lr": 0.0007371255768447629, "gnorm": 2.984, "tok_per_s": 199978.6, "load": 4.4375}
{"event": "step", "step": 271800, "loss": 5.1029, "lr": 0.0007353857445758421, "gnorm": 5.728, "tok_per_s": 199887.0, "load": 4.40234375}
{"event": "step", "step": 272000, "loss": 5.0819, "lr": 0.0007336487157036217, "gnorm": 2.868, "tok_per_s": 199670.5, "load": 4.568359375}
{"event": "step", "step": 272200, "loss": 5.2812, "lr": 0.0007319144955522931, "gnorm": 3.197, "tok_per_s": 170463.2, "load": 4.71533203125}
{"event": "step", "step": 272400, "loss": 5.0396, "lr": 0.0007301830894374384, "gnorm": 2.864, "tok_per_s": 200711.0, "load": 4.6787109375}
{"event": "step", "step": 272600, "loss": 5.1712, "lr": 0.0007284545026660135, "gnorm": 3.992, "tok_per_s": 201346.2, "load": 4.70458984375}
{"event": "step", "step": 272800, "loss": 4.9339, "lr": 0.0007267287405363346, "gnorm": 5.801, "tok_per_s": 201182.2, "load": 4.67626953125}
{"event": "step", "step": 273000, "loss": 5.0496, "lr": 0.0007250058083380582, "gnorm": 3.414, "tok_per_s": 201307.6, "load": 4.57177734375}
{"event": "step", "step": 273200, "loss": 5.2965, "lr": 0.000723285711352168, "gnorm": 5.974, "tok_per_s": 201365.8, "load": 4.52587890625}
{"event": "step", "step": 273400, "loss": 5.1648, "lr": 0.0007215684548509559, "gnorm": 4.654, "tok_per_s": 200993.8, "load": 4.4443359375}
{"event": "step", "step": 273600, "loss": 5.0254, "lr": 0.0007198540440980084, "gnorm": 14.0, "tok_per_s": 201183.9, "load": 4.37548828125}
{"event": "step", "step": 273800, "loss": 4.909, "lr": 0.0007181424843481903, "gnorm": 13.701, "tok_per_s": 200909.5, "load": 4.34521484375}
{"event": "step", "step": 274000, "loss": 5.0076, "lr": 0.0007164337808476263, "gnorm": 17.477, "tok_per_s": 200801.2, "load": 8.9365234375}
{"event": "step", "step": 274200, "loss": 5.1615, "lr": 0.0007147279388336872, "gnorm": 7.942, "tok_per_s": 173625.7, "load": 8.33740234375}
{"event": "step", "step": 274400, "loss": 5.2027, "lr": 0.0007130249635349725, "gnorm": 8.611, "tok_per_s": 199738.8, "load": 8.14990234375}
{"event": "step", "step": 274600, "loss": 5.1139, "lr": 0.0007113248601712956, "gnorm": 12.504, "tok_per_s": 199912.5, "load": 7.88623046875}
{"event": "step", "step": 274800, "loss": 5.0109, "lr": 0.000709627633953666, "gnorm": 3.956, "tok_per_s": 200108.7, "load": 7.2880859375}
{"event": "step", "step": 275000, "loss": 5.0703, "lr": 0.0007079332900842755, "gnorm": 5.014, "tok_per_s": 199597.6, "load": 7.42529296875}
eval 275000 {'bpb': 1.6931442363310525, 'nats_per_token': 5.1050337417577385, 'tokens': 16379, 'bytes': 71247}
{"event": "step", "step": 275200, "loss": 5.0428, "lr": 0.0007062418337564806, "gnorm": 7.704, "tok_per_s": 198718.6, "load": 7.19921875}
{"event": "step", "step": 275400, "loss": 4.9069, "lr": 0.0007045532701547874, "gnorm": 3.932, "tok_per_s": 200129.9, "load": 10.83251953125}
{"event": "step", "step": 275600, "loss": 4.9629, "lr": 0.0007028676044548351, "gnorm": 10.276, "tok_per_s": 200087.2, "load": 10.28515625}
{"event": "step", "step": 275800, "loss": 4.9682, "lr": 0.0007011848418233805, "gnorm": 3.008, "tok_per_s": 200124.3, "load": 9.5458984375}
{"event": "step", "step": 276000, "loss": 5.0617, "lr": 0.0006995049874182834, "gnorm": 11.487, "tok_per_s": 200198.8, "load": 8.69287109375}
{"event": "step", "step": 276200, "loss": 4.9019, "lr": 0.0006978280463884883, "gnorm": 3.892, "tok_per_s": 169264.9, "load": 8.31689453125}
{"event": "step", "step": 276400, "loss": 4.9401, "lr": 0.0006961540238740096, "gnorm": 2.218, "tok_per_s": 200185.4, "load": 7.80029296875}
{"event": "step", "step": 276600, "loss": 5.1319, "lr": 0.0006944829250059169, "gnorm": 4.091, "tok_per_s": 200242.1, "load": 7.21533203125}
{"event": "step", "step": 276800, "loss": 5.0914, "lr": 0.0006928147549063179, "gnorm": 16.865, "tok_per_s": 200118.3, "load": 6.95751953125}
{"event": "step", "step": 277000, "loss": 5.1704, "lr": 0.0006911495186883445, "gnorm": 6.243, "tok_per_s": 200107.5, "load": 6.501953125}
{"event": "step", "step": 277200, "loss": 4.9583, "lr": 0.0006894872214561347, "gnorm": 5.92, "tok_per_s": 200143.5, "load": 6.19677734375}
{"event": "step", "step": 277400, "loss": 5.0969, "lr": 0.0006878278683048185, "gnorm": 6.417, "tok_per_s": 200083.7, "load": 6.0205078125}
{"event": "step", "step": 277600, "loss": 5.2525, "lr": 0.0006861714643205024, "gnorm": 3.549, "tok_per_s": 200063.5, "load": 5.70947265625}
{"event": "step", "step": 277800, "loss": 4.9712, "lr": 0.0006845180145802518, "gnorm": 3.79, "tok_per_s": 200360.2, "load": 5.4462890625}
{"event": "step", "step": 278000, "loss": 5.0025, "lr": 0.0006828675241520792, "gnorm": 6.397, "tok_per_s": 199791.2, "load": 6.05126953125}
{"event": "step", "step": 278200, "loss": 5.045, "lr": 0.0006812199980949252, "gnorm": 4.954, "tok_per_s": 168498.2, "load": 5.9697265625}
{"event": "step", "step": 278400, "loss": 5.0615, "lr": 0.0006795754414586448, "gnorm": 3.459, "tok_per_s": 200327.6, "load": 5.666015625}
{"event": "step", "step": 278600, "loss": 4.9352, "lr": 0.0006779338592839907, "gnorm": 2.867, "tok_per_s": 200343.8, "load": 5.5322265625}
{"event": "step", "step": 278800, "loss": 5.1511, "lr": 0.000676295256602599, "gnorm": 8.696, "tok_per_s": 200324.1, "load": 5.2958984375}
{"event": "step", "step": 279000, "loss": 5.0987, "lr": 0.0006746596384369734, "gnorm": 8.441, "tok_per_s": 200273.9, "load": 5.09619140625}
{"event": "step", "step": 279200, "loss": 5.0654, "lr": 0.0006730270098004698, "gnorm": 3.517, "tok_per_s": 200256.7, "load": 5.00830078125}
{"event": "step", "step": 279400, "loss": 4.8634, "lr": 0.00067139737569728, "gnorm": 4.386, "tok_per_s": 200258.6, "load": 4.92626953125}
{"event": "step", "step": 279600, "loss": 4.8751, "lr": 0.0006697707411224183, "gnorm": 9.35, "tok_per_s": 200225.4, "load": 4.78369140625}
{"event": "step", "step": 279800, "loss": 5.0675, "lr": 0.0006681471110617044, "gnorm": 11.138, "tok_per_s": 200173.6, "load": 4.720703125}
{"event": "step", "step": 280000, "loss": 4.9623, "lr": 0.0006665264904917491, "gnorm": 4.965, "tok_per_s": 200171.4, "load": 4.68359375}
eval 280000 {'bpb': 1.688544661270672, 'nats_per_token': 5.091165469122046, 'tokens': 16379, 'bytes': 71247}
{"event": "step", "step": 280200, "loss": 4.824, "lr": 0.0006649088843799389, "gnorm": 3.432, "tok_per_s": 168571.7, "load": 4.57763671875}
{"event": "step", "step": 280400, "loss": 4.9948, "lr": 0.0006632942976844212, "gnorm": 9.04, "tok_per_s": 200323.2, "load": 4.48828125}
{"event": "step", "step": 280600, "loss": 4.9558, "lr": 0.0006616827353540864, "gnorm": 5.162, "tok_per_s": 200165.8, "load": 4.44873046875}
{"event": "step", "step": 280800, "loss": 4.9279, "lr": 0.000660074202328557, "gnorm": 9.118, "tok_per_s": 200245.2, "load": 4.4599609375}
{"event": "step", "step": 281000, "loss": 4.9689, "lr": 0.0006584687035381694, "gnorm": 11.46, "tok_per_s": 200310.1, "load": 4.388671875}
{"event": "step", "step": 281200, "loss": 5.0634, "lr": 0.0006568662439039604, "gnorm": 3.402, "tok_per_s": 200133.3, "load": 4.357421875}
{"event": "step", "step": 281400, "loss": 5.2037, "lr": 0.0006552668283376508, "gnorm": 4.907, "tok_per_s": 200333.0, "load": 4.30224609375}
{"event": "step", "step": 281600, "loss": 5.0712, "lr": 0.0006536704617416312, "gnorm": 2.488, "tok_per_s": 200250.3, "load": 4.27783203125}
{"event": "step", "step": 281800, "loss": 5.0611, "lr": 0.0006520771490089471, "gnorm": 2.285, "tok_per_s": 200236.7, "load": 4.30859375}
{"event": "step", "step": 282000, "loss": 5.0377, "lr": 0.000650486895023282, "gnorm": 3.552, "tok_per_s": 200221.3, "load": 4.2607421875}
{"event": "step", "step": 282200, "loss": 5.1519, "lr": 0.0006488997046589465, "gnorm": 4.118, "tok_per_s": 169377.3, "load": 4.22021484375}
{"event": "step", "step": 282400, "loss": 4.9361, "lr": 0.0006473155827808592, "gnorm": 7.693, "tok_per_s": 200315.8, "load": 4.2021484375}
{"event": "step", "step": 282600, "loss": 5.0653, "lr": 0.0006457345342445337, "gnorm": 3.465, "tok_per_s": 200298.3, "load": 4.24462890625}
{"event": "step", "step": 282800, "loss": 5.1002, "lr": 0.0006441565638960635, "gnorm": 3.679, "tok_per_s": 200284.7, "load": 4.36083984375}
{"event": "step", "step": 283000, "loss": 5.1183, "lr": 0.0006425816765721073, "gnorm": 4.925, "tok_per_s": 200237.3, "load": 4.33154296875}
{"event": "step", "step": 283200, "loss": 5.0173, "lr": 0.0006410098770998736, "gnorm": 5.751, "tok_per_s": 200042.8, "load": 4.2802734375}
{"event": "step", "step": 283400, "loss": 4.9191, "lr": 0.0006394411702971069, "gnorm": 3.44, "tok_per_s": 200050.3, "load": 4.31103515625}
{"event": "step", "step": 283600, "loss": 5.1463, "lr": 0.0006378755609720715, "gnorm": 12.742, "tok_per_s": 200121.4, "load": 4.28564453125}
{"event": "step", "step": 283800, "loss": 5.0222, "lr": 0.0006363130539235384, "gnorm": 5.453, "tok_per_s": 200053.3, "load": 4.3154296875}
{"event": "step", "step": 284000, "loss": 5.1069, "lr": 0.0006347536539407692, "gnorm": 6.784, "tok_per_s": 200005.3, "load": 4.2900390625}
{"event": "step", "step": 284200, "loss": 5.0932, "lr": 0.0006331973658035022, "gnorm": 9.532, "tok_per_s": 168915.9, "load": 4.2451171875}
{"event": "step", "step": 284400, "loss": 5.0574, "lr": 0.0006316441942819371, "gnorm": 5.681, "tok_per_s": 200169.6, "load": 4.36767578125}
{"event": "step", "step": 284600, "loss": 5.0613, "lr": 0.0006300941441367226, "gnorm": 7.139, "tok_per_s": 200035.5, "load": 4.384765625}
{"event": "step", "step": 284800, "loss": 5.0775, "lr": 0.0006285472201189372, "gnorm": 5.309, "tok_per_s": 200276.0, "load": 4.353515625}
{"event": "step", "step": 285000, "loss": 4.9915, "lr": 0.0006270034269700796, "gnorm": 7.286, "tok_per_s": 200372.6, "load": 4.298828125}
eval 285000 {'bpb': 1.6834364040570102, 'nats_per_token': 5.075763458544477, 'tokens': 16379, 'bytes': 71247}
{"event": "step", "step": 285200, "loss": 5.0655, "lr": 0.000625462769422051, "gnorm": 7.239, "tok_per_s": 198907.2, "load": 4.33251953125}
{"event": "step", "step": 285400, "loss": 4.8733, "lr": 0.0006239252521971421, "gnorm": 8.977, "tok_per_s": 200237.8, "load": 4.3056640625}
{"event": "step", "step": 285600, "loss": 4.852, "lr": 0.0006223908800080184, "gnorm": 5.869, "tok_per_s": 200078.9, "load": 4.2578125}
{"event": "step", "step": 285800, "loss": 4.9395, "lr": 0.0006208596575577049, "gnorm": 4.335, "tok_per_s": 200141.7, "load": 4.37841796875}
{"event": "step", "step": 286000, "loss": 5.0785, "lr": 0.0006193315895395724, "gnorm": 4.578, "tok_per_s": 199974.6, "load": 4.34765625}
{"event": "step", "step": 286200, "loss": 5.0389, "lr": 0.0006178066806373238, "gnorm": 10.174, "tok_per_s": 169252.5, "load": 4.4541015625}
{"event": "step", "step": 286400, "loss": 5.1515, "lr": 0.000616284935524977, "gnorm": 3.792, "tok_per_s": 200178.9, "load": 4.4580078125}
{"event": "step", "step": 286600, "loss": 5.023, "lr": 0.0006147663588668548, "gnorm": 16.328, "tok_per_s": 200278.6, "load": 4.4208984375}
{"event": "step", "step": 286800, "loss": 4.9503, "lr": 0.0006132509553175673, "gnorm": 3.013, "tok_per_s": 199743.6, "load": 4.51611328125}
{"event": "step", "step": 287000, "loss": 5.1215, "lr": 0.0006117387295219986, "gnorm": 10.76, "tok_per_s": 200092.4, "load": 4.9912109375}
{"event": "step", "step": 287200, "loss": 4.9793, "lr": 0.0006102296861152924, "gnorm": 3.178, "tok_per_s": 200139.1, "load": 4.9921875}
{"event": "step", "step": 287400, "loss": 5.0173, "lr": 0.0006087238297228388, "gnorm": 2.955, "tok_per_s": 200217.5, "load": 4.83935546875}
{"event": "step", "step": 287600, "loss": 5.1978, "lr": 0.0006072211649602587, "gnorm": 18.542, "tok_per_s": 200277.7, "load": 4.7099609375}
{"event": "step", "step": 287800, "loss": 4.871, "lr": 0.0006057216964333904, "gnorm": 4.029, "tok_per_s": 200189.0, "load": 4.7333984375}
{"event": "step", "step": 288000, "loss": 5.1369, "lr": 0.0006042254287382756, "gnorm": 4.12, "tok_per_s": 199689.4, "load": 5.162109375}
{"event": "step", "step": 288200, "loss": 5.1694, "lr": 0.0006027323664611448, "gnorm": 4.294, "tok_per_s": 170873.7, "load": 5.28466796875}
{"event": "step", "step": 288400, "loss": 5.0119, "lr": 0.0006012425141784036, "gnorm": 5.577, "tok_per_s": 200227.7, "load": 5.6767578125}
{"event": "step", "step": 288600, "loss": 5.1541, "lr": 0.0005997558764566185, "gnorm": 4.249, "tok_per_s": 200238.0, "load": 5.54248046875}
{"event": "step", "step": 288800, "loss": 5.0856, "lr": 0.0005982724578525039, "gnorm": 3.459, "tok_per_s": 200180.5, "load": 5.30517578125}
{"event": "step", "step": 289000, "loss": 4.9944, "lr": 0.0005967922629129067, "gnorm": 4.889, "tok_per_s": 200338.3, "load": 5.2001953125}
{"event": "step", "step": 289200, "loss": 5.0528, "lr": 0.0005953152961747913, "gnorm": 6.581, "tok_per_s": 200500.4, "load": 5.01513671875}
{"event": "step", "step": 289400, "loss": 4.9664, "lr": 0.0005938415621652298, "gnorm": 25.679, "tok_per_s": 202002.0, "load": 4.8583984375}
{"event": "step", "step": 289600, "loss": 4.9689, "lr": 0.0005923710654013838, "gnorm": 5.189, "tok_per_s": 202866.9, "load": 4.78955078125}
{"event": "step", "step": 289800, "loss": 5.0327, "lr": 0.0005909038103904938, "gnorm": 4.649, "tok_per_s": 202914.2, "load": 4.748046875}
{"event": "step", "step": 290000, "loss": 5.1898, "lr": 0.0005894398016298632, "gnorm": 4.708, "tok_per_s": 202904.9, "load": 4.6328125}
eval 290000 {'bpb': 1.7076958205908646, 'nats_per_token': 5.148908520437756, 'tokens': 16379, 'bytes': 71247}
{"event": "step", "step": 290200, "loss": 4.9946, "lr": 0.000587979043606845, "gnorm": 5.561, "tok_per_s": 178403.5, "load": 4.58203125}
{"event": "step", "step": 290400, "loss": 4.8646, "lr": 0.0005865215407988292, "gnorm": 2.705, "tok_per_s": 201091.7, "load": 4.4921875}
{"event": "step", "step": 290600, "loss": 4.9221, "lr": 0.0005850672976732267, "gnorm": 3.893, "tok_per_s": 200458.3, "load": 8.58056640625}
{"event": "step", "step": 290800, "loss": 4.8966, "lr": 0.0005836163186874587, "gnorm": 4.754, "tok_per_s": 199479.0, "load": 8.6142578125}
{"event": "step", "step": 291000, "loss": 5.1323, "lr": 0.0005821686082889408, "gnorm": 4.735, "tok_per_s": 200258.0, "load": 8.1318359375}
{"event": "step", "step": 291200, "loss": 4.9929, "lr": 0.0005807241709150697, "gnorm": 2.384, "tok_per_s": 200238.7, "load": 7.49609375}
{"event": "step", "step": 291400, "loss": 5.0547, "lr": 0.0005792830109932107, "gnorm": 5.722, "tok_per_s": 200219.3, "load": 7.2158203125}
{"event": "step", "step": 291600, "loss": 5.0508, "lr": 0.0005778451329406822, "gnorm": 6.865, "tok_per_s": 200138.8, "load": 6.79443359375}
{"event": "step", "step": 291800, "loss": 5.0239, "lr": 0.0005764105411647446, "gnorm": 14.473, "tok_per_s": 200115.0, "load": 6.3642578125}
{"event": "step", "step": 292000, "loss": 5.0023, "lr": 0.0005749792400625844, "gnorm": 2.018, "tok_per_s": 200281.8, "load": 6.1748046875}
{"event": "step", "step": 292200, "loss": 5.0173, "lr": 0.0005735512340213024, "gnorm": 5.421, "tok_per_s": 168708.9, "load": 5.91357421875}
{"event": "step", "step": 292400, "loss": 5.0328, "lr": 0.0005721265274178996, "gnorm": 3.609, "tok_per_s": 200259.1, "load": 5.619140625}
{"event": "step", "step": 292600, "loss": 5.0089, "lr": 0.0005707051246192634, "gnorm": 4.716, "tok_per_s": 200240.5, "load": 5.4892578125}
{"event": "step", "step": 292800, "loss": 4.9939, "lr": 0.000569287029982155, "gnorm": 5.161, "tok_per_s": 200347.5, "load": 5.33984375}
{"event": "step", "step": 293000, "loss": 4.9785, "lr": 0.0005678722478531963, "gnorm": 3.641, "tok_per_s": 200327.1, "load": 5.13330078125}
{"event": "step", "step": 293200, "loss": 5.0898, "lr": 0.0005664607825688554, "gnorm": 5.588, "tok_per_s": 200227.4, "load": 5.12255859375}
{"event": "step", "step": 293400, "loss": 4.8291, "lr": 0.0005650526384554334, "gnorm": 5.334, "tok_per_s": 200328.2, "load": 4.94921875}
{"event": "step", "step": 293600, "loss": 5.0573, "lr": 0.000563647819829052, "gnorm": 8.827, "tok_per_s": 200137.1, "load": 4.802734375}
{"event": "step", "step": 293800, "loss": 4.9207, "lr": 0.0005622463309956403, "gnorm": 3.759, "tok_per_s": 200232.0, "load": 7.46142578125}
{"event": "step", "step": 294000, "loss": 4.9939, "lr": 0.0005608481762509212, "gnorm": 3.467, "tok_per_s": 200371.6, "load": 7.32958984375}
{"event": "step", "step": 294200, "loss": 4.9983, "lr": 0.000559453359880398, "gnorm": 8.433, "tok_per_s": 169094.2, "load": 6.81689453125}
{"event": "step", "step": 294400, "loss": 4.9818, "lr": 0.000558061886159341, "gnorm": 4.642, "tok_per_s": 200322.6, "load": 6.3837890625}
{"event": "step", "step": 294600, "loss": 5.1126, "lr": 0.0005566737593527762, "gnorm": 3.033, "tok_per_s": 200350.2, "load": 6.19287109375}
{"event": "step", "step": 294800, "loss": 5.0527, "lr": 0.0005552889837154688, "gnorm": 3.404, "tok_per_s": 200444.2, "load": 5.935546875}
{"event": "step", "step": 295000, "loss": 5.0387, "lr": 0.0005539075634919149, "gnorm": 8.027, "tok_per_s": 200226.6, "load": 5.7802734375}
eval 295000 {'bpb': 1.6915205823798156, 'nats_per_token': 5.100138229592771, 'tokens': 16379, 'bytes': 71247}
{"event": "step", "step": 295200, "loss": 5.0349, "lr": 0.000552529502916324, "gnorm": 5.324, "tok_per_s": 199133.4, "load": 5.580078125}
{"event": "step", "step": 295400, "loss": 5.2701, "lr": 0.0005511548062126085, "gnorm": 6.839, "tok_per_s": 200348.9, "load": 5.41650390625}
{"event": "step", "step": 295600, "loss": 4.9364, "lr": 0.0005497834775943704, "gnorm": 7.062, "tok_per_s": 200259.8, "load": 5.302734375}
{"event": "step", "step": 295800, "loss": 4.9336, "lr": 0.0005484155212648873, "gnorm": 3.102, "tok_per_s": 200262.1, "load": 5.10205078125}
{"event": "step", "step": 296000, "loss": 5.0526, "lr": 0.0005470509414171015, "gnorm": 2.357, "tok_per_s": 200263.0, "load": 4.93212890625}
{"event": "step", "step": 296200, "loss": 5.1612, "lr": 0.0005456897422336051, "gnorm": 2.45, "tok_per_s": 169877.5, "load": 4.78857421875}
{"event": "step", "step": 296400, "loss": 4.9241, "lr": 0.0005443319278866284, "gnorm": 5.901, "tok_per_s": 200257.7, "load": 4.72509765625}
{"event": "step", "step": 296600, "loss": 5.1277, "lr": 0.0005429775025380268, "gnorm": 5.311, "tok_per_s": 200326.8, "load": 9.25244140625}
{"event": "step", "step": 296800, "loss": 4.8863, "lr": 0.0005416264703392682, "gnorm": 7.773, "tok_per_s": 200263.3, "load": 8.4443359375}
{"event": "step", "step": 297000, "loss": 4.8687, "lr": 0.0005402788354314196, "gnorm": 3.797, "tok_per_s": 200171.8, "load": 8.08837890625}
{"event": "step", "step": 297200, "loss": 4.8466, "lr": 0.0005389346019451353, "gnorm": 6.255, "tok_per_s": 200204.9, "load": 7.45947265625}
{"event": "step", "step": 297400, "loss": 5.1049, "lr": 0.0005375937740006442, "gnorm": 5.178, "tok_per_s": 200281.2, "load": 7.26220703125}
{"event": "step", "step": 297600, "loss": 4.9829, "lr": 0.0005362563557077361, "gnorm": 7.618, "tok_per_s": 200346.1, "load": 6.759765625}
{"event": "step", "step": 297800, "loss": 4.9362, "lr": 0.0005349223511657503, "gnorm": 11.105, "tok_per_s": 200210.4, "load": 6.48876953125}
{"event": "step", "step": 298000, "loss": 4.8989, "lr": 0.0005335917644635619, "gnorm": 3.533, "tok_per_s": 200175.9, "load": 6.369140625}
{"event": "step", "step": 298200, "loss": 5.0065, "lr": 0.0005322645996795709, "gnorm": 2.194, "tok_per_s": 170055.6, "load": 6.00439453125}
{"event": "step", "step": 298400, "loss": 5.024, "lr": 0.0005309408608816886, "gnorm": 4.192, "tok_per_s": 200266.6, "load": 5.77587890625}
{"event": "step", "step": 298600, "loss": 4.7878, "lr": 0.0005296205521273243, "gnorm": 5.611, "tok_per_s": 200195.4, "load": 5.50244140625}
{"event": "step", "step": 298800, "loss": 5.0725, "lr": 0.0005283036774633749, "gnorm": 4.209, "tok_per_s": 200313.7, "load": 5.3818359375}
{"event": "step", "step": 299000, "loss": 4.922, "lr": 0.0005269902409262113, "gnorm": 4.312, "tok_per_s": 200256.6, "load": 5.48974609375}
{"event": "step", "step": 299200, "loss": 4.8988, "lr": 0.0005256802465416647, "gnorm": 2.801, "tok_per_s": 199720.6, "load": 5.6484375}
{"event": "step", "step": 299400, "loss": 5.0512, "lr": 0.000524373698325018, "gnorm": 3.163, "tok_per_s": 200224.7, "load": 5.9169921875}
{"event": "step", "step": 299600, "loss": 5.0166, "lr": 0.0005230706002809895, "gnorm": 3.248, "tok_per_s": 200149.5, "load": 5.7822265625}
{"event": "step", "step": 299800, "loss": 4.9391, "lr": 0.000521770956403723, "gnorm": 3.035, "tok_per_s": 200116.6, "load": 5.7998046875}
{"event": "step", "step": 300000, "loss": 4.8987, "lr": 0.0005204747706767749, "gnorm": 2.251, "tok_per_s": 200146.5, "load": 5.5224609375}
eval 300000 {'bpb': 1.6834246183874662, 'nats_per_token': 5.075727923331705, 'tokens': 16379, 'bytes': 71247}
{"event": "step", "step": 300200, "loss": 4.8345, "lr": 0.0005191820470731017, "gnorm": 2.313, "tok_per_s": 168915.3, "load": 5.67626953125}
{"event": "step", "step": 300400, "loss": 4.7574, "lr": 0.0005178927895550485, "gnorm": 2.816, "tok_per_s": 200034.1, "load": 5.41845703125}
{"event": "step", "step": 300600, "loss": 4.9479, "lr": 0.0005166070020743358, "gnorm": 5.503, "tok_per_s": 199381.3, "load": 5.46533203125}
{"event": "step", "step": 300800, "loss": 4.9996, "lr": 0.0005153246885720488, "gnorm": 2.823, "tok_per_s": 199454.6, "load": 5.4736328125}
{"event": "step", "step": 301000, "loss": 4.93, "lr": 0.0005140458529786239, "gnorm": 13.007, "tok_per_s": 200433.7, "load": 5.39453125}
{"event": "step", "step": 301200, "loss": 5.0812, "lr": 0.000512770499213838, "gnorm": 5.063, "tok_per_s": 200257.8, "load": 5.28271484375}
{"event": "step", "step": 301400, "loss": 5.0806, "lr": 0.0005114986311867947, "gnorm": 9.17, "tok_per_s": 200146.0, "load": 5.0849609375}
{"event": "step", "step": 301600, "loss": 5.1407, "lr": 0.000510230252795915, "gnorm": 3.86, "tok_per_s": 200214.6, "load": 4.99853515625}
{"event": "step", "step": 301800, "loss": 5.0709, "lr": 0.0005089653679289228, "gnorm": 4.182, "tok_per_s": 200202.7, "load": 4.91845703125}
{"event": "step", "step": 302000, "loss": 5.1762, "lr": 0.0005077039804628336, "gnorm": 8.347, "tok_per_s": 200193.4, "load": 4.77685546875}
{"event": "step", "step": 302200, "loss": 5.0447, "lr": 0.0005064460942639436, "gnorm": 6.707, "tok_per_s": 169076.1, "load": 4.65673828125}
{"event": "step", "step": 302400, "loss": 5.0155, "lr": 0.0005051917131878168, "gnorm": 3.922, "tok_per_s": 200329.2, "load": 4.60400390625}
{"event": "step", "step": 302600, "loss": 4.9856, "lr": 0.0005039408410792745, "gnorm": 7.61, "tok_per_s": 200298.9, "load": 4.5908203125}
{"event": "step", "step": 302800, "loss": 5.2247, "lr": 0.0005026934817723814, "gnorm": 6.513, "tok_per_s": 200312.7, "load": 4.57373046875}
{"event": "step", "step": 303000, "loss": 5.0429, "lr": 0.0005014496390904358, "gnorm": 7.369, "tok_per_s": 200284.1, "load": 4.52734375}
{"event": "step", "step": 303200, "loss": 4.9867, "lr": 0.0005002093168459574, "gnorm": 4.171, "tok_per_s": 200266.0, "load": 4.44580078125}
{"event": "step", "step": 303400, "loss": 5.1184, "lr": 0.0004989725188406741, "gnorm": 4.865, "tok_per_s": 200141.4, "load": 4.45703125}
{"event": "step", "step": 303600, "loss": 4.8549, "lr": 0.0004977392488655126, "gnorm": 4.328, "tok_per_s": 199055.2, "load": 4.5810546875}
{"event": "step", "step": 303800, "loss": 5.0517, "lr": 0.0004965095107005862, "gnorm": 4.396, "tok_per_s": 200228.1, "load": 4.64599609375}
{"event": "step", "step": 304000, "loss": 5.1588, "lr": 0.0004952833081151818, "gnorm": 4.162, "tok_per_s": 200201.8, "load": 4.54638671875}
{"event": "step", "step": 304200, "loss": 4.9628, "lr": 0.0004940606448677499, "gnorm": 5.099, "tok_per_s": 169693.3, "load": 4.4619140625}
{"event": "step", "step": 304400, "loss": 4.8306, "lr": 0.0004928415247058921, "gnorm": 5.679, "tok_per_s": 200270.1, "load": 4.4248046875}
{"event": "step", "step": 304600, "loss": 4.9819, "lr": 0.0004916259513663508, "gnorm": 5.78, "tok_per_s": 200306.0, "load": 4.35888671875}
{"event": "step", "step": 304800, "loss": 4.9137, "lr": 0.000490413928574996, "gnorm": 4.439, "tok_per_s": 200125.3, "load": 4.330078125}
{"event": "step", "step": 305000, "loss": 4.8766, "lr": 0.0004892054600468159, "gnorm": 6.095, "tok_per_s": 200245.5, "load": 4.27880859375}
eval 305000 {'bpb': 1.674849080472656, 'nats_per_token': 5.04987164394957, 'tokens': 16379, 'bytes': 71247}
{"event": "step", "step": 305200, "loss": 5.0507, "lr": 0.0004880005494859035, "gnorm": 5.674, "tok_per_s": 198959.5, "load": 4.2353515625}
{"event": "step", "step": 305400, "loss": 4.9543, "lr": 0.00048679920058544707, "gnorm": 8.663, "tok_per_s": 200062.5, "load": 6.05859375}
{"event": "step", "step": 305600, "loss": 5.0354, "lr": 0.000485601417027717, "gnorm": 11.249, "tok_per_s": 200308.2, "load": 5.82177734375}
{"event": "step", "step": 305800, "loss": 4.8804, "lr": 0.00048440720248405704, "gnorm": 4.921, "tok_per_s": 200110.4, "load": 5.68896484375}
{"event": "step", "step": 306000, "loss": 4.847, "lr": 0.0004832165606148702, "gnorm": 6.051, "tok_per_s": 200153.9, "load": 5.5537109375}
{"event": "step", "step": 306200, "loss": 4.9883, "lr": 0.0004820294950696088, "gnorm": 4.84, "tok_per_s": 169464.2, "load": 5.314453125}
{"event": "step", "step": 306400, "loss": 4.922, "lr": 0.0004808460094867642, "gnorm": 7.162, "tok_per_s": 200362.6, "load": 5.259765625}
{"event": "step", "step": 306600, "loss": 4.9314, "lr": 0.0004796661074938535, "gnorm": 15.246, "tok_per_s": 200252.1, "load": 7.5419921875}
{"event": "step", "step": 306800, "loss": 4.9901, "lr": 0.0004784897927074116, "gnorm": 9.266, "tok_per_s": 200303.9, "load": 7.25830078125}
{"event": "step", "step": 307000, "loss": 5.0374, "lr": 0.0004773170687329766, "gnorm": 7.215, "tok_per_s": 200141.4, "load": 6.7568359375}
{"event": "step", "step": 307200, "loss": 4.9207, "lr": 0.00047614793916508067, "gnorm": 2.656, "tok_per_s": 200018.1, "load": 6.61572265625}
{"event": "step", "step": 307400, "loss": 5.1153, "lr": 0.0004749824075872393, "gnorm": 10.4, "tok_per_s": 200436.8, "load": 6.21337890625}
{"event": "step", "step": 307600, "loss": 5.1765, "lr": 0.0004738204775719386, "gnorm": 16.805, "tok_per_s": 200357.7, "load": 5.873046875}
{"event": "step", "step": 307800, "loss": 4.9156, "lr": 0.0004726621526806269, "gnorm": 4.499, "tok_per_s": 200048.5, "load": 5.72265625}
{"event": "step", "step": 308000, "loss": 5.2752, "lr": 0.00047150743646370136, "gnorm": 18.128, "tok_per_s": 200170.1, "load": 5.45751953125}
{"event": "step", "step": 308200, "loss": 4.9196, "lr": 0.00047035633246049865, "gnorm": 7.076, "tok_per_s": 169455.1, "load": 5.23291015625}
{"event": "step", "step": 308400, "loss": 5.1134, "lr": 0.0004692088441992835, "gnorm": 4.311, "tok_per_s": 200162.0, "load": 5.04296875}
{"event": "step", "step": 308600, "loss": 5.0119, "lr": 0.00046806497519723766, "gnorm": 6.559, "tok_per_s": 200174.8, "load": 4.958984375}
{"event": "step", "step": 308800, "loss": 4.9875, "lr": 0.0004669247289604499, "gnorm": 3.619, "tok_per_s": 200066.0, "load": 4.81103515625}
{"event": "step", "step": 309000, "loss": 5.3034, "lr": 0.00046578810898390466, "gnorm": 4.232, "tok_per_s": 200112.6, "load": 6.822265625}
{"event": "step", "step": 309200, "loss": 4.9071, "lr": 0.00046465511875147113, "gnorm": 15.621, "tok_per_s": 200125.3, "load": 6.59619140625}
{"event": "step", "step": 309400, "loss": 4.9111, "lr": 0.00046352576173589344, "gnorm": 6.9, "tok_per_s": 200150.0, "load": 6.19677734375}
{"event": "step", "step": 309600, "loss": 4.9872, "lr": 0.0004624000413987793, "gnorm": 3.675, "tok_per_s": 199950.6, "load": 5.8583984375}
{"event": "step", "step": 309800, "loss": 5.0044, "lr": 0.0004612779611905895, "gnorm": 7.426, "tok_per_s": 200152.1, "load": 5.70947265625}
{"event": "step", "step": 310000, "loss": 5.0511, "lr": 0.00046015952455062713, "gnorm": 6.766, "tok_per_s": 200203.3, "load": 5.4462890625}
eval 310000 {'bpb': 1.6754386012452271, 'nats_per_token': 5.051649120062275, 'tokens': 16379, 'bytes': 71247}
{"event": "step", "step": 310200, "loss": 4.9129, "lr": 0.00045904473490702833, "gnorm": 2.399, "tok_per_s": 169130.8, "load": 5.451171875}
{"event": "step", "step": 310400, "loss": 4.8845, "lr": 0.0004579335956767501, "gnorm": 3.062, "tok_per_s": 200075.5, "load": 5.3349609375}
{"event": "step", "step": 310600, "loss": 4.9791, "lr": 0.00045682611026556, "gnorm": 2.934, "tok_per_s": 200158.4, "load": 5.12939453125}
{"event": "step", "step": 310800, "loss": 4.9074, "lr": 0.0004557222820680268, "gnorm": 4.607, "tok_per_s": 200092.4, "load": 4.955078125}
{"event": "step", "step": 311000, "loss": 5.0008, "lr": 0.0004546221144675096, "gnorm": 4.173, "tok_per_s": 200160.2, "load": 4.87841796875}
{"event": "step", "step": 311200, "loss": 4.9213, "lr": 0.0004535256108361474, "gnorm": 4.059, "tok_per_s": 200244.5, "load": 4.74267578125}
{"event": "step", "step": 311400, "loss": 4.8878, "lr": 0.0004524327745348484, "gnorm": 6.134, "tok_per_s": 200070.1, "load": 4.6279296875}
{"event": "step", "step": 311600, "loss": 5.0108, "lr": 0.0004513436089132801, "gnorm": 3.278, "tok_per_s": 199317.9, "load": 4.818359375}
{"event": "step", "step": 311800, "loss": 5.1058, "lr": 0.00045025811730985935, "gnorm": 4.36, "tok_per_s": 200218.7, "load": 4.76611328125}
{"event": "step", "step": 312000, "loss": 4.9674, "lr": 0.0004491763030517404, "gnorm": 6.39, "tok_per_s": 200292.2, "load": 4.728515625}
{"event": "step", "step": 312200, "loss": 4.9425, "lr": 0.00044809816945480784, "gnorm": 5.396, "tok_per_s": 170048.7, "load": 4.669921875}
{"event": "step", "step": 312400, "loss": 5.1191, "lr": 0.0004470237198236636, "gnorm": 15.193, "tok_per_s": 200324.8, "load": 4.80712890625}
{"event": "step", "step": 312600, "loss": 4.9153, "lr": 0.0004459529574516179, "gnorm": 4.502, "tok_per_s": 200391.0, "load": 4.6826171875}
{"event": "step", "step": 312800, "loss": 5.0272, "lr": 0.000444885885620679, "gnorm": 6.613, "tok_per_s": 200294.1, "load": 4.6279296875}
{"event": "step", "step": 313000, "loss": 5.062, "lr": 0.0004438225076015436, "gnorm": 9.401, "tok_per_s": 200224.3, "load": 4.53125}
{"event": "step", "step": 313200, "loss": 5.1699, "lr": 0.0004427628266535863, "gnorm": 7.294, "tok_per_s": 200212.9, "load": 4.5966796875}
{"event": "step", "step": 313400, "loss": 5.0715, "lr": 0.00044170684602484945, "gnorm": 4.282, "tok_per_s": 200211.3, "load": 4.548828125}
{"event": "step", "step": 313600, "loss": 4.9951, "lr": 0.00044065456895203404, "gnorm": 16.002, "tok_per_s": 199800.8, "load": 4.62451171875}
{"event": "step", "step": 313800, "loss": 5.1276, "lr": 0.0004396059986604889, "gnorm": 5.716, "tok_per_s": 199811.7, "load": 4.91015625}
{"event": "step", "step": 314000, "loss": 5.0232, "lr": 0.000438561138364201, "gnorm": 5.07, "tok_per_s": 200079.7, "load": 4.8369140625}
{"event": "step", "step": 314200, "loss": 5.0091, "lr": 0.00043751999126578607, "gnorm": 3.83, "tok_per_s": 169645.9, "load": 4.7880859375}
{"event": "step", "step": 314400, "loss": 5.0809, "lr": 0.00043648256055647843, "gnorm": 6.982, "tok_per_s": 200189.0, "load": 4.740234375}
{"event": "step", "step": 314600, "loss": 5.0271, "lr": 0.00043544884941612165, "gnorm": 4.616, "tok_per_s": 200166.3, "load": 4.6806640625}
{"event": "step", "step": 314800, "loss": 5.0331, "lr": 0.00043441886101315726, "gnorm": 7.823, "tok_per_s": 199685.0, "load": 4.65625}
{"event": "step", "step": 315000, "loss": 5.1059, "lr": 0.0004333925985046168, "gnorm": 4.505, "tok_per_s": 199809.1, "load": 4.783203125}
eval 315000 {'bpb': 1.6558012237324953, 'nats_per_token': 4.992440062351181, 'tokens': 16379, 'bytes': 71247}
{"event": "step", "step": 315200, "loss": 5.1306, "lr": 0.00043237006503611165, "gnorm": 8.555, "tok_per_s": 199058.2, "load": 5.041015625}
{"event": "step", "step": 315400, "loss": 4.9768, "lr": 0.00043135126374182364, "gnorm": 10.475, "tok_per_s": 200290.9, "load": 5.0283203125}
{"event": "step", "step": 315600, "loss": 5.204, "lr": 0.0004303361977444941, "gnorm": 2.352, "tok_per_s": 200283.8, "load": 4.86962890625}
{"event": "step", "step": 315800, "loss": 5.1502, "lr": 0.0004293248701554161, "gnorm": 18.227, "tok_per_s": 200238.1, "load": 4.7998046875}
{"event": "step", "step": 316000, "loss": 4.969, "lr": 0.00042831728407442365, "gnorm": 3.249, "tok_per_s": 200210.8, "load": 4.67626953125}
{"event": "step", "step": 316200, "loss": 5.1228, "lr": 0.00042731344258988214, "gnorm": 5.361, "tok_per_s": 169030.4, "load": 4.65234375}
{"event": "step", "step": 316400, "loss": 4.9032, "lr": 0.00042631334877868047, "gnorm": 11.768, "tok_per_s": 199811.0, "load": 4.8603515625}
{"event": "step", "step": 316600, "loss": 5.1047, "lr": 0.0004253170057062196, "gnorm": 9.046, "tok_per_s": 200225.4, "load": 4.791015625}
{"event": "step", "step": 316800, "loss": 4.9888, "lr": 0.00042432441642640455, "gnorm": 3.196, "tok_per_s": 200114.7, "load": 4.82958984375}
{"event": "step", "step": 317000, "loss": 5.0138, "lr": 0.0004233355839816342, "gnorm": 4.214, "tok_per_s": 200172.9, "load": 4.701171875}
{"event": "step", "step": 317200, "loss": 5.0404, "lr": 0.0004223505114027925, "gnorm": 2.897, "tok_per_s": 200169.1, "load": 4.64501953125}
{"event": "step", "step": 317400, "loss": 5.0203, "lr": 0.00042136920170923904, "gnorm": 8.644, "tok_per_s": 200147.8, "load": 4.54541015625}
{"event": "step", "step": 317600, "loss": 5.0236, "lr": 0.00042039165790879927, "gnorm": 9.403, "tok_per_s": 200045.8, "load": 4.50146484375}
{"event": "step", "step": 317800, "loss": 5.0395, "lr": 0.0004194178829977565, "gnorm": 4.366, "tok_per_s": 200127.4, "load": 4.58447265625}
{"event": "step", "step": 318000, "loss": 5.1662, "lr": 0.0004184478799608412, "gnorm": 15.185, "tok_per_s": 200153.6, "load": 6.17041015625}
{"event": "step", "step": 318200, "loss": 5.0036, "lr": 0.00041748165177122335, "gnorm": 10.725, "tok_per_s": 169568.6, "load": 5.83642578125}
{"event": "step", "step": 318400, "loss": 4.9988, "lr": 0.0004165192013905017, "gnorm": 2.676, "tok_per_s": 200245.0, "load": 5.68896484375}
{"event": "step", "step": 318600, "loss": 4.9017, "lr": 0.00041556053176869677, "gnorm": 3.945, "tok_per_s": 200209.6, "load": 5.42919921875}
{"event": "step", "step": 318800, "loss": 5.0958, "lr": 0.00041460564584423987, "gnorm": 4.43, "tok_per_s": 200175.4, "load": 5.208984375}
{"event": "step", "step": 319000, "loss": 5.1639, "lr": 0.00041365454654396455, "gnorm": 5.134, "tok_per_s": 200144.8, "load": 5.11181640625}
{"event": "step", "step": 319200, "loss": 5.0311, "lr": 0.00041270723678309856, "gnorm": 6.985, "tok_per_s": 200170.6, "load": 4.9404296875}
{"event": "step", "step": 319400, "loss": 5.0215, "lr": 0.0004117637194652535, "gnorm": 6.638, "tok_per_s": 200100.0, "load": 4.869140625}
{"event": "step", "step": 319600, "loss": 5.0359, "lr": 0.00041082399748241827, "gnorm": 7.418, "tok_per_s": 200095.2, "load": 4.79931640625}
{"event": "step", "step": 319800, "loss": 5.0713, "lr": 0.000409888073714947, "gnorm": 4.114, "tok_per_s": 200111.8, "load": 4.67578125}
{"event": "step", "step": 320000, "loss": 4.8862, "lr": 0.0004089559510315524, "gnorm": 2.916, "tok_per_s": 199972.7, "load": 4.62158203125}
eval 320000 {'bpb': 1.6918497110440673, 'nats_per_token': 5.10113059214543, 'tokens': 16379, 'bytes': 71247}
{"event": "step", "step": 320200, "loss": 4.8667, "lr": 0.0004080276322892971, "gnorm": 7.021, "tok_per_s": 168737.8, "load": 4.6064453125}
{"event": "step", "step": 320400, "loss": 5.1041, "lr": 0.0004071031203335826, "gnorm": 9.038, "tok_per_s": 200162.7, "load": 4.5869140625}
{"event": "step", "step": 320600, "loss": 5.0506, "lr": 0.0004061824179981439, "gnorm": 3.603, "tok_per_s": 200217.6, "load": 4.5703125}
{"event": "step", "step": 320800, "loss": 4.9916, "lr": 0.00040526552810503825, "gnorm": 8.089, "tok_per_s": 200043.6, "load": 4.5244140625}
{"event": "step", "step": 321000, "loss": 4.902, "lr": 0.0004043524534646372, "gnorm": 2.312, "tok_per_s": 200165.0, "load": 4.44287109375}
{"event": "step", "step": 321200, "loss": 4.9328, "lr": 0.0004034431968756188, "gnorm": 9.144, "tok_per_s": 200157.3, "load": 4.37451171875}
{"event": "step", "step": 321400, "loss": 5.0278, "lr": 0.0004025377611249576, "gnorm": 5.385, "tok_per_s": 199925.9, "load": 4.34423828125}
{"event": "step", "step": 321600, "loss": 4.9267, "lr": 0.00040163614898791714, "gnorm": 3.256, "tok_per_s": 200091.9, "load": 4.291015625}
{"event": "step", "step": 321800, "loss": 5.1144, "lr": 0.00040073836322804105, "gnorm": 3.954, "tok_per_s": 200201.7, "load": 4.24609375}
{"event": "step", "step": 322000, "loss": 4.9362, "lr": 0.00039984440659714506, "gnorm": 3.767, "tok_per_s": 200045.3, "load": 4.22607421875}
{"event": "step", "step": 322200, "loss": 4.9406, "lr": 0.0003989542818353075, "gnorm": 6.785, "tok_per_s": 169491.5, "load": 4.1904296875}
{"event": "step", "step": 322400, "loss": 4.9486, "lr": 0.0003980679916708626, "gnorm": 5.57, "tok_per_s": 200126.0, "load": 4.16064453125}
{"event": "step", "step": 322600, "loss": 4.9499, "lr": 0.00039718553882038993, "gnorm": 9.422, "tok_per_s": 200331.1, "load": 4.30810546875}
{"event": "step", "step": 322800, "loss": 5.0725, "lr": 0.0003963069259887077, "gnorm": 6.679, "tok_per_s": 200123.9, "load": 4.26025390625}
{"event": "step", "step": 323000, "loss": 4.9672, "lr": 0.0003954321558688649, "gnorm": 5.898, "tok_per_s": 200133.9, "load": 4.2939453125}
{"event": "step", "step": 323200, "loss": 5.182, "lr": 0.0003945612311421312, "gnorm": 8.827, "tok_per_s": 199937.9, "load": 4.27001953125}
{"event": "step", "step": 323400, "loss": 5.0832, "lr": 0.0003936941544779895, "gnorm": 8.557, "tok_per_s": 200063.9, "load": 4.22802734375}
{"event": "step", "step": 323600, "loss": 4.8722, "lr": 0.00039283092853412865, "gnorm": 3.771, "tok_per_s": 200104.7, "load": 4.1923828125}
{"event": "step", "step": 323800, "loss": 5.2456, "lr": 0.00039197155595643407, "gnorm": 5.279, "tok_per_s": 200080.3, "load": 4.1767578125}
{"event": "step", "step": 324000, "loss": 4.9558, "lr": 0.0003911160393789807, "gnorm": 11.695, "tok_per_s": 199341.2, "load": 4.53759765625}
{"event": "step", "step": 324200, "loss": 5.0643, "lr": 0.00039026438142402434, "gnorm": 9.795, "tok_per_s": 169963.3, "load": 4.60888671875}
{"event": "step", "step": 324400, "loss": 5.072, "lr": 0.00038941658470199316, "gnorm": 5.53, "tok_per_s": 200271.1, "load": 4.51513671875}
{"event": "step", "step": 324600, "loss": 5.0369, "lr": 0.0003885726518114809, "gnorm": 4.42, "tok_per_s": 200158.8, "load": 4.4736328125}
{"event": "step", "step": 324800, "loss": 5.2089, "lr": 0.000387732585339237, "gnorm": 8.453, "tok_per_s": 200277.0, "load": 4.400390625}
{"event": "step", "step": 325000, "loss": 5.0039, "lr": 0.00038689638786016143, "gnorm": 8.605, "tok_per_s": 200219.4, "load": 4.3681640625}
eval 325000 {'bpb': 1.6808519411933323, 'nats_per_token': 5.067970991818792, 'tokens': 16379, 'bytes': 71247}
{"event": "step", "step": 325200, "loss": 5.0266, "lr": 0.00038606406193729436, "gnorm": 9.026, "tok_per_s": 198834.6, "load": 4.60595703125}
{"event": "step", "step": 325400, "loss": 5.0162, "lr": 0.0003852356101218096, "gnorm": 2.575, "tok_per_s": 200212.7, "load": 4.51220703125}
{"event": "step", "step": 325600, "loss": 5.105, "lr": 0.00038441103495300585, "gnorm": 2.472, "tok_per_s": 200131.5, "load": 4.470703125}
{"event": "step", "step": 325800, "loss": 4.9265, "lr": 0.00038359033895830007, "gnorm": 5.933, "tok_per_s": 200051.2, "load": 4.39794921875}
{"event": "step", "step": 326000, "loss": 4.934, "lr": 0.0003827735246532185, "gnorm": 4.884, "tok_per_s": 200066.4, "load": 4.4970703125}
{"event": "step", "step": 326200, "loss": 5.055, "lr": 0.0003819605945413901, "gnorm": 6.005, "tok_per_s": 169631.8, "load": 4.42041015625}
{"event": "step", "step": 326400, "loss": 4.9205, "lr": 0.000381151551114538, "gnorm": 11.394, "tok_per_s": 200034.0, "load": 4.46728515625}
{"event": "step", "step": 326600, "loss": 5.0916, "lr": 0.0003803463968524724, "gnorm": 8.424, "tok_per_s": 199535.5, "load": 4.9375}
{"event": "step", "step": 326800, "loss": 5.0779, "lr": 0.00037954513422308264, "gnorm": 3.551, "tok_per_s": 200329.7, "load": 8.39697265625}
{"event": "step", "step": 327000, "loss": 4.9691, "lr": 0.00037874776568232936, "gnorm": 7.797, "tok_per_s": 200295.5, "load": 8.12451171875}
{"event": "step", "step": 327200, "loss": 4.931, "lr": 0.0003779542936742387, "gnorm": 7.104, "tok_per_s": 200233.4, "load": 7.48974609375}
{"event": "step", "step": 327400, "loss": 4.9027, "lr": 0.0003771647206308922, "gnorm": 4.31, "tok_per_s": 200206.1, "load": 6.95263671875}
{"event": "step", "step": 327600, "loss": 4.7891, "lr": 0.0003763790489724208, "gnorm": 4.974, "tok_per_s": 200074.0, "load": 6.7158203125}
{"event": "step", "step": 327800, "loss": 4.9641, "lr": 0.0003755972811069975, "gnorm": 3.967, "tok_per_s": 200121.6, "load": 6.2978515625}
{"event": "step", "step": 328000, "loss": 4.875, "lr": 0.0003748194194308298, "gnorm": 6.844, "tok_per_s": 200166.1, "load": 6.19384765625}
{"event": "step", "step": 328200, "loss": 4.8852, "lr": 0.0003740454663281523, "gnorm": 5.096, "tok_per_s": 169941.4, "load": 5.8564453125}
{"event": "step", "step": 328400, "loss": 4.9772, "lr": 0.0003732754241712193, "gnorm": 3.36, "tok_per_s": 200184.0, "load": 5.5703125}
{"event": "step", "step": 328600, "loss": 5.0392, "lr": 0.00037250929532029744, "gnorm": 5.871, "tok_per_s": 200260.4, "load": 5.32861328125}
{"event": "step", "step": 328800, "loss": 4.9774, "lr": 0.00037174708212365896, "gnorm": 4.445, "tok_per_s": 200344.1, "load": 5.22216796875}
{"event": "step", "step": 329000, "loss": 5.1038, "lr": 0.0003709887869175735, "gnorm": 6.561, "tok_per_s": 200033.4, "load": 5.1943359375}
{"event": "step", "step": 329200, "loss": 4.7844, "lr": 0.00037023441202630255, "gnorm": 4.252, "tok_per_s": 199103.8, "load": 5.98828125}
{"event": "step", "step": 329400, "loss": 4.9969, "lr": 0.0003694839597620908, "gnorm": 4.33, "tok_per_s": 200353.7, "load": 5.90869140625}
{"event": "step", "step": 329600, "loss": 5.0542, "lr": 0.00036873743242516, "gnorm": 6.881, "tok_per_s": 200169.9, "load": 5.61474609375}
{"event": "step", "step": 329800, "loss": 5.0472, "lr": 0.00036799483230370096, "gnorm": 10.512, "tok_per_s": 200021.0, "load": 5.4462890625}
{"event": "step", "step": 330000, "loss": 4.884, "lr": 0.00036725616167386765, "gnorm": 4.765, "tok_per_s": 200104.5, "load": 5.330078125}
eval 330000 {'bpb': 1.6731110501579227, 'nats_per_token': 5.044631273276757, 'tokens': 16379, 'bytes': 71247}
{"event": "step", "step": 330200, "loss": 5.0236, "lr": 0.00036652142279976966, "gnorm": 5.289, "tok_per_s": 168337.1, "load": 5.125}
{"event": "step", "step": 330400, "loss": 4.9508, "lr": 0.00036579061793346504, "gnorm": 4.593, "tok_per_s": 200128.6, "load": 4.95166015625}
{"event": "step", "step": 330600, "loss": 4.9101, "lr": 0.00036506374931495394, "gnorm": 5.398, "tok_per_s": 200220.8, "load": 4.875}
{"event": "step", "step": 330800, "loss": 5.0297, "lr": 0.00036434081917217123, "gnorm": 6.546, "tok_per_s": 200045.5, "load": 4.740234375}
{"event": "step", "step": 331000, "loss": 4.8752, "lr": 0.0003636218297209801, "gnorm": 6.668, "tok_per_s": 200105.7, "load": 4.6259765625}
{"event": "step", "step": 331200, "loss": 5.1018, "lr": 0.00036290678316516474, "gnorm": 3.885, "tok_per_s": 200145.7, "load": 4.57568359375}
{"event": "step", "step": 331400, "loss": 5.0156, "lr": 0.00036219568169642446, "gnorm": 5.744, "tok_per_s": 200052.5, "load": 4.8876953125}
{"event": "step", "step": 331600, "loss": 4.9364, "lr": 0.00036148852749436615, "gnorm": 7.068, "tok_per_s": 200109.9, "load": 4.83154296875}
{"event": "step", "step": 331800, "loss": 4.9891, "lr": 0.0003607853227264976, "gnorm": 6.498, "tok_per_s": 200129.2, "load": 4.7646484375}
{"event": "step", "step": 332000, "loss": 4.8836, "lr": 0.0003600860695482215, "gnorm": 4.147, "tok_per_s": 200051.1, "load": 4.646484375}
{"event": "step", "step": 332200, "loss": 5.2451, "lr": 0.00035939077010282825, "gnorm": 4.459, "tok_per_s": 169704.6, "load": 4.54638671875}
{"event": "step", "step": 332400, "loss": 4.9811, "lr": 0.00035869942652148987, "gnorm": 9.195, "tok_per_s": 200287.9, "load": 4.4619140625}
{"event": "step", "step": 332600, "loss": 4.9669, "lr": 0.00035801204092325307, "gnorm": 4.034, "tok_per_s": 200265.5, "load": 4.4248046875}
{"event": "step", "step": 332800, "loss": 4.8446, "lr": 0.0003573286154150329, "gnorm": 3.847, "tok_per_s": 200452.9, "load": 4.35888671875}
{"event": "step", "step": 333000, "loss": 4.9462, "lr": 0.00035664915209160613, "gnorm": 10.162, "tok_per_s": 200367.2, "load": 4.330078125}
{"event": "step", "step": 333200, "loss": 4.8675, "lr": 0.00035597365303560507, "gnorm": 5.343, "tok_per_s": 200319.2, "load": 4.27880859375}
{"event": "step", "step": 333400, "loss": 4.8108, "lr": 0.0003553021203175114, "gnorm": 6.857, "tok_per_s": 200188.3, "load": 4.3095703125}
{"event": "step", "step": 333600, "loss": 5.1583, "lr": 0.000354634555995649, "gnorm": 17.882, "tok_per_s": 200159.0, "load": 4.28466796875}
{"event": "step", "step": 333800, "loss": 5.0579, "lr": 0.00035397096211617856, "gnorm": 7.074, "tok_per_s": 200126.4, "load": 4.24072265625}
{"event": "step", "step": 334000, "loss": 4.8033, "lr": 0.00035331134071309075, "gnorm": 4.717, "tok_per_s": 199985.8, "load": 4.203125}
{"event": "step", "step": 334200, "loss": 5.0962, "lr": 0.0003526556938082002, "gnorm": 9.763, "tok_per_s": 169775.0, "load": 4.17138671875}
{"event": "step", "step": 334400, "loss": 5.0266, "lr": 0.00035200402341113924, "gnorm": 16.96, "tok_per_s": 200108.1, "load": 4.1572265625}
{"event": "step", "step": 334600, "loss": 5.1158, "lr": 0.0003513563315193518, "gnorm": 7.614, "tok_per_s": 200037.6, "load": 4.1328125}
{"event": "step", "step": 334800, "loss": 4.9215, "lr": 0.00035071262011808697, "gnorm": 6.168, "tok_per_s": 200078.7, "load": 4.1923828125}
{"event": "step", "step": 335000, "loss": 4.8939, "lr": 0.0003500728911803936, "gnorm": 8.624, "tok_per_s": 200105.6, "load": 4.1767578125}
eval 335000 {'bpb': 1.6766630453025735, 'nats_per_token': 5.055340966328836, 'tokens': 16379, 'bytes': 71247}
{"event": "step", "step": 335200, "loss": 4.91, "lr": 0.0003494371466671135, "gnorm": 6.619, "tok_per_s": 199018.6, "load": 4.22998046875}
{"event": "step", "step": 335400, "loss": 4.9949, "lr": 0.00034880538852687603, "gnorm": 8.584, "tok_per_s": 200026.5, "load": 4.3720703125}
{"event": "step", "step": 335600, "loss": 4.9651, "lr": 0.0003481776186960915, "gnorm": 8.056, "tok_per_s": 200223.2, "load": 4.54248046875}
{"event": "step", "step": 335800, "loss": 5.1242, "lr": 0.0003475538390989462, "gnorm": 19.359, "tok_per_s": 200068.8, "load": 4.458984375}
{"event": "step", "step": 336000, "loss": 4.8934, "lr": 0.00034693405164739537, "gnorm": 19.775, "tok_per_s": 200027.6, "load": 4.421875}
{"event": "step", "step": 336200, "loss": 4.9656, "lr": 0.00034631825824115787, "gnorm": 5.079, "tok_per_s": 169392.9, "load": 4.59130859375}
{"event": "step", "step": 336400, "loss": 5.1212, "lr": 0.00034570646076771065, "gnorm": 11.799, "tok_per_s": 199547.7, "load": 4.80859375}
{"event": "step", "step": 336600, "loss": 4.966, "lr": 0.00034509866110228246, "gnorm": 7.579, "tok_per_s": 200127.7, "load": 4.68408203125}
{"event": "step", "step": 336800, "loss": 4.9174, "lr": 0.00034449486110784853, "gnorm": 10.126, "tok_per_s": 200152.6, "load": 4.62890625}
{"event": "step", "step": 337000, "loss": 4.8306, "lr": 0.00034389506263512434, "gnorm": 13.839, "tok_per_s": 200046.6, "load": 4.60546875}
{"event": "step", "step": 337200, "loss": 5.0307, "lr": 0.0003432992675225606, "gnorm": 8.061, "tok_per_s": 200005.5, "load": 4.51171875}
{"event": "step", "step": 337400, "loss": 4.8845, "lr": 0.00034270747759633714, "gnorm": 5.121, "tok_per_s": 200179.7, "load": 4.55126953125}
{"event": "step", "step": 337600, "loss": 5.1376, "lr": 0.00034211969467035693, "gnorm": 7.172, "tok_per_s": 200093.3, "load": 4.5400390625}
{"event": "step", "step": 337800, "loss": 4.8814, "lr": 0.0003415359205462419, "gnorm": 12.812, "tok_per_s": 200007.4, "load": 4.49658203125}
{"event": "step", "step": 338000, "loss": 4.9264, "lr": 0.00034095615701332596, "gnorm": 8.805, "tok_per_s": 200110.3, "load": 4.419921875}
{"event": "step", "step": 338200, "loss": 4.8886, "lr": 0.00034038040584865036, "gnorm": 10.758, "tok_per_s": 169261.1, "load": 4.35498046875}
{"event": "step", "step": 338400, "loss": 4.959, "lr": 0.00033980866881695796, "gnorm": 9.216, "tok_per_s": 200100.1, "load": 4.2998046875}
{"event": "step", "step": 338600, "loss": 4.9113, "lr": 0.00033924094767068757, "gnorm": 10.578, "tok_per_s": 200099.6, "load": 4.275390625}
{"event": "step", "step": 338800, "loss": 4.9437, "lr": 0.000338677244149969, "gnorm": 10.119, "tok_per_s": 200263.6, "load": 4.306640625}
{"event": "step", "step": 339000, "loss": 5.0682, "lr": 0.00033811755998261803, "gnorm": 7.45, "tok_per_s": 200046.5, "load": 4.3330078125}
{"event": "step", "step": 339200, "loss": 5.0448, "lr": 0.00033756189688412995, "gnorm": 9.614, "tok_per_s": 200054.1, "load": 4.38671875}
{"event": "step", "step": 339400, "loss": 4.916, "lr": 0.00033701025655767555, "gnorm": 12.021, "tok_per_s": 199441.3, "load": 4.79541015625}
{"event": "step", "step": 339600, "loss": 5.0698, "lr": 0.00033646264069409494, "gnorm": 5.042, "tok_per_s": 200017.8, "load": 4.8203125}
{"event": "step", "step": 339800, "loss": 4.9367, "lr": 0.000335919050971893, "gnorm": 14.469, "tok_per_s": 199896.3, "load": 4.75439453125}
{"event": "step", "step": 340000, "loss": 4.8806, "lr": 0.0003353794890572345, "gnorm": 3.904, "tok_per_s": 200075.3, "load": 4.63818359375}
eval 340000 {'bpb': 1.6774978503788804, 'nats_per_token': 5.057858004151657, 'tokens': 16379, 'bytes': 71247}
{"event": "step", "step": 340200, "loss": 4.9596, "lr": 0.0003348439566039377, "gnorm": 4.797, "tok_per_s": 168815.7, "load": 4.53955078125}
{"event": "step", "step": 340400, "loss": 5.0304, "lr": 0.00033431245525347036, "gnorm": 14.944, "tok_per_s": 200131.3, "load": 4.49609375}
{"event": "step", "step": 340600, "loss": 5.1413, "lr": 0.00033378498663494475, "gnorm": 12.798, "tok_per_s": 200137.4, "load": 4.41943359375}
{"event": "step", "step": 340800, "loss": 4.9625, "lr": 0.0003332615523651121, "gnorm": 5.081, "tok_per_s": 200140.0, "load": 4.3544921875}
{"event": "step", "step": 341000, "loss": 5.0269, "lr": 0.00033274215404835797, "gnorm": 4.586, "tok_per_s": 200095.1, "load": 4.32568359375}
{"event": "step", "step": 341200, "loss": 4.9771, "lr": 0.0003322267932766975, "gnorm": 3.986, "tok_per_s": 200082.4, "load": 4.27490234375}
{"event": "step", "step": 341400, "loss": 5.0498, "lr": 0.00033171547162976975, "gnorm": 5.295, "tok_per_s": 200117.6, "load": 4.23193359375}
{"event": "step", "step": 341600, "loss": 5.072, "lr": 0.0003312081906748339, "gnorm": 30.14, "tok_per_s": 199970.7, "load": 4.212890625}
{"event": "step", "step": 341800, "loss": 4.8565, "lr": 0.00033070495196676347, "gnorm": 5.33, "tok_per_s": 199258.4, "load": 4.57470703125}
{"event": "step", "step": 342000, "loss": 4.9203, "lr": 0.0003302057570480426, "gnorm": 12.461, "tok_per_s": 200056.4, "load": 4.6337890625}
{"event": "step", "step": 342200, "loss": 4.965, "lr": 0.00032971060744876055, "gnorm": 12.384, "tok_per_s": 169500.9, "load": 4.61669921875}
{"event": "step", "step": 342400, "loss": 4.7794, "lr": 0.000329219504686607, "gnorm": 6.755, "tok_per_s": 200146.1, "load": 4.56689453125}
{"event": "step", "step": 342600, "loss": 5.0108, "lr": 0.0003287324502668678, "gnorm": 13.928, "tok_per_s": 200380.4, "load": 4.4794921875}
{"event": "step", "step": 342800, "loss": 4.8571, "lr": 0.00032824944568242014, "gnorm": 7.303, "tok_per_s": 200081.4, "load": 4.48583984375}
{"event": "step", "step": 343000, "loss": 5.0259, "lr": 0.0003277704924137279, "gnorm": 13.802, "tok_per_s": 200145.8, "load": 4.44677734375}
{"event": "step", "step": 343200, "loss": 5.0071, "lr": 0.0003272955919288374, "gnorm": 4.165, "tok_per_s": 200172.2, "load": 4.37744140625}
{"event": "step", "step": 343400, "loss": 4.9528, "lr": 0.00032682474568337266, "gnorm": 14.462, "tok_per_s": 200154.6, "load": 4.828125}
{"event": "step", "step": 343600, "loss": 4.9475, "lr": 0.00032635795512053094, "gnorm": 9.943, "tok_per_s": 199567.4, "load": 5.08251953125}
{"event": "step", "step": 343800, "loss": 5.0202, "lr": 0.00032589522167107845, "gnorm": 5.957, "tok_per_s": 200234.8, "load": 4.9892578125}
{"event": "step", "step": 344000, "loss": 5.0792, "lr": 0.00032543654675334563, "gnorm": 22.314, "tok_per_s": 200268.4, "load": 4.90966796875}
{"event": "step", "step": 344200, "loss": 5.1101, "lr": 0.0003249819317732234, "gnorm": 10.353, "tok_per_s": 168747.8, "load": 4.84326171875}
{"event": "step", "step": 344400, "loss": 5.1404, "lr": 0.0003245313781241584, "gnorm": 7.06, "tok_per_s": 200159.9, "load": 4.712890625}
{"event": "step", "step": 344600, "loss": 4.9547, "lr": 0.0003240848871871489, "gnorm": 8.903, "tok_per_s": 200220.3, "load": 4.60302734375}
{"event": "step", "step": 344800, "loss": 4.8751, "lr": 0.00032364246033074034, "gnorm": 17.832, "tok_per_s": 200150.6, "load": 4.5546875}
{"event": "step", "step": 345000, "loss": 4.8998, "lr": 0.000323204098911021, "gnorm": 6.025, "tok_per_s": 200128.2, "load": 4.46923828125}
eval 345000 {'bpb': 1.659019502502602, 'nats_per_token': 5.00214356035167, 'tokens': 16379, 'bytes': 71247}
{"event": "step", "step": 345200, "loss": 5.0232, "lr": 0.0003227698042716189, "gnorm": 4.584, "tok_per_s": 198943.3, "load": 4.470703125}
{"event": "step", "step": 345400, "loss": 5.0589, "lr": 0.0003223395777436964, "gnorm": 4.482, "tok_per_s": 200172.5, "load": 4.4326171875}
{"event": "step", "step": 345600, "loss": 5.0701, "lr": 0.0003219134206459467, "gnorm": 12.108, "tok_per_s": 200027.8, "load": 4.36572265625}
{"event": "step", "step": 345800, "loss": 5.0043, "lr": 0.0003214913342845897, "gnorm": 8.734, "tok_per_s": 200088.2, "load": 4.33642578125}
{"event": "step", "step": 346000, "loss": 4.9785, "lr": 0.0003210733199533681, "gnorm": 6.192, "tok_per_s": 200090.5, "load": 4.2841796875}
{"event": "step", "step": 346200, "loss": 4.9987, "lr": 0.0003206593789335435, "gnorm": 9.267, "tok_per_s": 168556.3, "load": 4.875}
{"event": "step", "step": 346400, "loss": 5.1309, "lr": 0.0003202495124938921, "gnorm": 4.552, "tok_per_s": 200240.1, "load": 4.740234375}
{"event": "step", "step": 346600, "loss": 4.9882, "lr": 0.0003198437218907012, "gnorm": 5.029, "tok_per_s": 200138.8, "load": 4.6806640625}
{"event": "step", "step": 346800, "loss": 5.0206, "lr": 0.00031944200836776505, "gnorm": 10.44, "tok_per_s": 200151.4, "load": 4.57568359375}
{"event": "step", "step": 347000, "loss": 5.0278, "lr": 0.0003190443731563812, "gnorm": 6.078, "tok_per_s": 200180.3, "load": 4.48681640625}
{"event": "step", "step": 347200, "loss": 4.8679, "lr": 0.0003186508174753472, "gnorm": 4.036, "tok_per_s": 200250.2, "load": 4.44775390625}
{"event": "step", "step": 347400, "loss": 5.0407, "lr": 0.00031826134253095555, "gnorm": 12.262, "tok_per_s": 199987.5, "load": 4.37841796875}
{"event": "step", "step": 347600, "loss": 4.9723, "lr": 0.0003178759495169914, "gnorm": 4.142, "tok_per_s": 200070.7, "load": 4.3193359375}
{"event": "step", "step": 347800, "loss": 4.9659, "lr": 0.0003174946396147281, "gnorm": 12.881, "tok_per_s": 200169.7, "load": 4.7744140625}
{"event": "step", "step": 348000, "loss": 4.8903, "lr": 0.000317117413992924, "gnorm": 16.956, "tok_per_s": 200049.4, "load": 4.7353515625}
{"event": "step", "step": 348200, "loss": 5.0136, "lr": 0.00031674427380781837, "gnorm": 6.363, "tok_per_s": 168978.2, "load": 4.70263671875}
{"event": "step", "step": 348400, "loss": 4.7935, "lr": 0.0003163752202031282, "gnorm": 25.111, "tok_per_s": 200283.0, "load": 4.64599609375}
{"event": "step", "step": 348600, "loss": 4.9348, "lr": 0.00031601025431004517, "gnorm": 6.897, "tok_per_s": 199456.2, "load": 4.787109375}
{"event": "step", "step": 348800, "loss": 4.8792, "lr": 0.00031564937724723105, "gnorm": 6.013, "tok_per_s": 200028.1, "load": 4.73974609375}
{"event": "step", "step": 349000, "loss": 4.9761, "lr": 0.00031529259012081496, "gnorm": 3.782, "tok_per_s": 200151.8, "load": 4.68017578125}
{"event": "step", "step": 349200, "loss": 4.9639, "lr": 0.0003149398940243901, "gnorm": 18.529, "tok_per_s": 200067.3, "load": 4.5751953125}
{"event": "step", "step": 349400, "loss": 5.0472, "lr": 0.00031459129003901003, "gnorm": 5.784, "tok_per_s": 200004.8, "load": 4.486328125}
{"event": "step", "step": 349600, "loss": 5.111, "lr": 0.0003142467792331857, "gnorm": 5.861, "tok_per_s": 200140.1, "load": 4.447265625}
{"event": "step", "step": 349800, "loss": 4.9839, "lr": 0.00031390636266288207, "gnorm": 5.738, "tok_per_s": 200121.1, "load": 4.3779296875}
{"event": "step", "step": 350000, "loss": 4.8802, "lr": 0.00031357004137151423, "gnorm": 6.511, "tok_per_s": 200094.7, "load": 4.3193359375}
eval 350000 {'bpb': 1.6641604273774835, 'nats_per_token': 5.017644067861286, 'tokens': 16379, 'bytes': 71247}
{"event": "step", "step": 350200, "loss": 4.9935, "lr": 0.0003132378163899456, "gnorm": 11.68, "tok_per_s": 168740.0, "load": 4.34375}
{"event": "step", "step": 350400, "loss": 5.0607, "lr": 0.00031290968873648315, "gnorm": 6.662, "tok_per_s": 200189.0, "load": 4.31591796875}
{"event": "step", "step": 350600, "loss": 4.9941, "lr": 0.0003125856594168758, "gnorm": 5.536, "tok_per_s": 200175.1, "load": 4.34130859375}
{"event": "step", "step": 350800, "loss": 5.0504, "lr": 0.0003122657294243101, "gnorm": 7.009, "tok_per_s": 200079.8, "load": 4.31396484375}
{"event": "step", "step": 351000, "loss": 4.8253, "lr": 0.0003119498997394078, "gnorm": 8.689, "tok_per_s": 200065.4, "load": 4.26513671875}
{"event": "step", "step": 351200, "loss": 4.9012, "lr": 0.0003116381713302228, "gnorm": 3.872, "tok_per_s": 200075.5, "load": 4.22412109375}
{"event": "step", "step": 351400, "loss": 4.8639, "lr": 0.00031133054515223836, "gnorm": 7.216, "tok_per_s": 199986.5, "load": 4.2060546875}
{"event": "step", "step": 351600, "loss": 5.1026, "lr": 0.00031102702214836335, "gnorm": 4.201, "tok_per_s": 200003.1, "load": 4.25439453125}
{"event": "step", "step": 351800, "loss": 4.9791, "lr": 0.0003107276032489306, "gnorm": 5.894, "tok_per_s": 200080.5, "load": 4.21484375}
{"event": "step", "step": 352000, "loss": 5.0606, "lr": 0.00031043228937169287, "gnorm": 9.152, "tok_per_s": 200106.2, "load": 4.197265625}
{"event": "step", "step": 352200, "loss": 4.9865, "lr": 0.00031014108142182094, "gnorm": 8.623, "tok_per_s": 168935.7, "load": 4.5673828125}
{"event": "step", "step": 352400, "loss": 5.0941, "lr": 0.0003098539802919002, "gnorm": 8.241, "tok_per_s": 199874.7, "load": 4.7080078125}
{"event": "step", "step": 352600, "loss": 5.0186, "lr": 0.0003095709868619281, "gnorm": 5.034, "tok_per_s": 200238.6, "load": 4.67919921875}
{"event": "step", "step": 352800, "loss": 5.0483, "lr": 0.000309292101999312, "gnorm": 7.689, "tok_per_s": 200012.2, "load": 4.62451171875}
{"event": "step", "step": 353000, "loss": 4.9767, "lr": 0.00030901732655886575, "gnorm": 6.851, "tok_per_s": 200037.2, "load": 4.52783203125}
{"event": "step", "step": 353200, "loss": 4.9916, "lr": 0.0003087466613828069, "gnorm": 8.813, "tok_per_s": 200100.7, "load": 4.4462890625}
{"event": "step", "step": 353400, "loss": 5.1705, "lr": 0.0003084801073007554, "gnorm": 4.23, "tok_per_s": 199964.5, "load": 4.57080078125}
{"event": "step", "step": 353600, "loss": 5.0917, "lr": 0.00030821766512972957, "gnorm": 9.452, "tok_per_s": 199750.1, "load": 4.482421875}
{"event": "step", "step": 353800, "loss": 4.8772, "lr": 0.0003079593356741446, "gnorm": 6.576, "tok_per_s": 199801.1, "load": 4.443359375}
{"event": "step", "step": 354000, "loss": 4.9095, "lr": 0.00030770511972580964, "gnorm": 7.591, "tok_per_s": 199920.3, "load": 4.375}
{"event": "step", "step": 354200, "loss": 4.9015, "lr": 0.0003074550180639255, "gnorm": 8.246, "tok_per_s": 169282.8, "load": 4.31689453125}
{"event": "step", "step": 354400, "loss": 5.1639, "lr": 0.0003072090314550824, "gnorm": 4.319, "tok_per_s": 199990.8, "load": 4.42236328125}
{"event": "step", "step": 354600, "loss": 4.7677, "lr": 0.0003069671606532568, "gnorm": 3.909, "tok_per_s": 199696.1, "load": 4.548828125}
{"event": "step", "step": 354800, "loss": 5.04, "lr": 0.00030672940639981067, "gnorm": 5.86, "tok_per_s": 200290.1, "load": 4.69873046875}
{"event": "step", "step": 355000, "loss": 5.23, "lr": 0.00030649576942348754, "gnorm": 9.522, "tok_per_s": 200088.4, "load": 4.67138671875}
eval 355000 {'bpb': 1.6832869079802413, 'nats_per_token': 5.075312709872398, 'tokens': 16379, 'bytes': 71247}
{"event": "step", "step": 355200, "loss": 4.9108, "lr": 0.0003062662504404115, "gnorm": 5.623, "tok_per_s": 198901.1, "load": 4.69775390625}
{"event": "step", "step": 355400, "loss": 4.8819, "lr": 0.00030604085015408417, "gnorm": 10.945, "tok_per_s": 200168.8, "load": 4.818359375}
{"event": "step", "step": 355600, "loss": 4.9974, "lr": 0.0003058195692553832, "gnorm": 8.159, "tok_per_s": 200012.6, "load": 4.69189453125}
{"event": "step", "step": 355800, "loss": 4.7996, "lr": 0.0003056024084225597, "gnorm": 10.65, "tok_per_s": 200027.7, "load": 4.63623046875}
{"event": "step", "step": 356000, "loss": 5.0542, "lr": 0.00030538936832123624, "gnorm": 11.391, "tok_per_s": 200122.5, "load": 4.85888671875}
{"event": "step", "step": 356200, "loss": 4.8375, "lr": 0.0003051804496044049, "gnorm": 9.932, "tok_per_s": 169785.3, "load": 5.021484375}
{"event": "step", "step": 356400, "loss": 4.8164, "lr": 0.00030497565291242554, "gnorm": 11.41, "tok_per_s": 200101.3, "load": 4.939453125}
{"event": "step", "step": 356600, "loss": 5.0461, "lr": 0.0003047749788730231, "gnorm": 9.384, "tok_per_s": 200249.9, "load": 4.79443359375}
{"event": "step", "step": 356800, "loss": 5.0207, "lr": 0.00030457842810128636, "gnorm": 10.125, "tok_per_s": 200145.8, "load": 4.671875}
{"event": "step", "step": 357000, "loss": 5.2655, "lr": 0.0003043860011996659, "gnorm": 5.436, "tok_per_s": 200057.5, "load": 4.61767578125}
{"event": "step", "step": 357200, "loss": 5.2789, "lr": 0.00030419769875797187, "gnorm": 4.596, "tok_per_s": 200106.3, "load": 4.6025390625}
{"event": "step", "step": 357400, "loss": 5.1689, "lr": 0.00030401352135337297, "gnorm": 23.311, "tok_per_s": 200130.3, "load": 4.59033203125}
{"event": "step", "step": 357600, "loss": 5.0013, "lr": 0.00030383346955039357, "gnorm": 4.171, "tok_per_s": 200143.9, "load": 4.54296875}
{"event": "step", "step": 357800, "loss": 4.8698, "lr": 0.00030365754390091295, "gnorm": 5.053, "tok_per_s": 199578.2, "load": 8.90576171875}
{"event": "step", "step": 358000, "loss": 5.2427, "lr": 0.00030348574494416347, "gnorm": 9.51, "tok_per_s": 199920.8, "load": 8.3720703125}
{"event": "step", "step": 358200, "loss": 5.0845, "lr": 0.0003033180732067282, "gnorm": 5.055, "tok_per_s": 169012.3, "load": 7.69921875}
{"event": "step", "step": 358400, "loss": 5.0767, "lr": 0.0003031545292025404, "gnorm": 6.75, "tok_per_s": 200112.0, "load": 7.40283203125}
{"event": "step", "step": 358600, "loss": 4.9639, "lr": 0.0003029951134328807, "gnorm": 6.599, "tok_per_s": 200160.5, "load": 6.87890625}
{"event": "step", "step": 358800, "loss": 4.9168, "lr": 0.0003028398263863767, "gnorm": 7.161, "tok_per_s": 200115.3, "load": 6.64794921875}
{"event": "step", "step": 359000, "loss": 4.8773, "lr": 0.000302688668539001, "gnorm": 8.071, "tok_per_s": 200113.9, "load": 6.240234375}
{"event": "step", "step": 359200, "loss": 4.8696, "lr": 0.00030254164035406933, "gnorm": 4.725, "tok_per_s": 200224.0, "load": 5.96875}
{"event": "step", "step": 359400, "loss": 5.0218, "lr": 0.0003023987422822399, "gnorm": 6.9, "tok_per_s": 200106.4, "load": 5.9716796875}
{"event": "step", "step": 359600, "loss": 4.8196, "lr": 0.0003022599747615117, "gnorm": 5.437, "tok_per_s": 200108.4, "load": 5.66796875}
{"event": "step", "step": 359800, "loss": 4.9895, "lr": 0.0003021253382172229, "gnorm": 3.847, "tok_per_s": 200103.3, "load": 5.4111328125}
{"event": "step", "step": 360000, "loss": 5.011, "lr": 0.00030199483306204966, "gnorm": 7.998, "tok_per_s": 200035.5, "load": 5.2978515625}
eval 360000 {'bpb': 1.66313230568127, 'nats_per_token': 5.014544157152451, 'tokens': 16379, 'bytes': 71247}
{"event": "step", "step": 360200, "loss": 4.9963, "lr": 0.00030186845969600517, "gnorm": 12.866, "tok_per_s": 167971.7, "load": 5.09814453125}
{"event": "step", "step": 360400, "loss": 4.9463, "lr": 0.00030174621850643824, "gnorm": 6.071, "tok_per_s": 200220.6, "load": 5.00244140625}
{"event": "step", "step": 360600, "loss": 4.8325, "lr": 0.00030162810986803196, "gnorm": 8.027, "tok_per_s": 200208.7, "load": 4.84765625}
{"event": "step", "step": 360800, "loss": 4.8293, "lr": 0.0003015141341428028, "gnorm": 8.904, "tok_per_s": 200155.8, "load": 4.85986328125}
{"event": "step", "step": 361000, "loss": 5.1381, "lr": 0.0003014042916800993, "gnorm": 13.054, "tok_per_s": 199055.7, "load": 4.9619140625}
{"event": "step", "step": 361200, "loss": 4.8707, "lr": 0.0003012985828166011, "gnorm": 9.047, "tok_per_s": 200297.7, "load": 4.8876953125}
{"event": "step", "step": 361400, "loss": 5.162, "lr": 0.0003011970078763179, "gnorm": 5.123, "tok_per_s": 200038.4, "load": 4.81640625}
{"event": "step", "step": 361600, "loss": 4.8063, "lr": 0.0003010995671705885, "gnorm": 6.22, "tok_per_s": 200165.0, "load": 4.6904296875}
{"event": "step", "step": 361800, "loss": 4.9468, "lr": 0.00030100626099807947, "gnorm": 5.339, "tok_per_s": 200219.8, "load": 4.634765625}
{"event": "step", "step": 362000, "loss": 4.9477, "lr": 0.0003009170896447852, "gnorm": 4.348, "tok_per_s": 200043.3, "load": 4.53662109375}
{"event": "step", "step": 362200, "loss": 4.9534, "lr": 0.0003008320533840256, "gnorm": 6.694, "tok_per_s": 169897.6, "load": 4.52734375}
{"event": "step", "step": 362400, "loss": 5.0172, "lr": 0.000300751152476447, "gnorm": 5.177, "tok_per_s": 200288.7, "load": 4.44580078125}
{"event": "step", "step": 362600, "loss": 4.905, "lr": 0.00030067438717001953, "gnorm": 8.48, "tok_per_s": 200297.9, "load": 4.40966796875}
{"event": "step", "step": 362800, "loss": 5.0432, "lr": 0.0003006017577000377, "gnorm": 11.68, "tok_per_s": 200151.3, "load": 4.34619140625}
{"event": "step", "step": 363000, "loss": 4.8915, "lr": 0.00030053326428911904, "gnorm": 7.931, "tok_per_s": 200245.7, "load": 4.373046875}
{"event": "step", "step": 363200, "loss": 5.1276, "lr": 0.0003004689071472038, "gnorm": 4.88, "tok_per_s": 200249.5, "load": 4.3427734375}
{"event": "step", "step": 363400, "loss": 4.9333, "lr": 0.00030040868647155365, "gnorm": 5.134, "tok_per_s": 200141.2, "load": 6.13134765625}
{"event": "step", "step": 363600, "loss": 4.7947, "lr": 0.00030035260244675214, "gnorm": 5.434, "tok_per_s": 200182.8, "load": 5.95703125}
{"event": "step", "step": 363800, "loss": 4.9873, "lr": 0.00030030065524470277, "gnorm": 12.235, "tok_per_s": 200184.6, "load": 5.88037109375}
{"event": "step", "step": 364000, "loss": 4.9322, "lr": 0.00030025284502463006, "gnorm": 4.867, "tok_per_s": 199984.2, "load": 5.74462890625}
{"event": "step", "step": 364200, "loss": 4.9571, "lr": 0.00030020917193307754, "gnorm": 6.437, "tok_per_s": 169750.7, "load": 9.39990234375}
{"event": "step", "step": 364400, "loss": 5.1271, "lr": 0.0003001696361039082, "gnorm": 8.611, "tok_per_s": 200368.8, "load": 8.96728515625}
{"event": "step", "step": 364600, "loss": 4.9687, "lr": 0.00030013423765830387, "gnorm": 9.674, "tok_per_s": 200204.6, "load": 8.3505859375}
{"event": "step", "step": 364800, "loss": 4.9218, "lr": 0.0003001029767047649, "gnorm": 8.752, "tok_per_s": 200030.4, "load": 8.40234375}
{"event": "step", "step": 365000, "loss": 4.9687, "lr": 0.0003000758533391096, "gnorm": 5.38, "tok_per_s": 199777.9, "load": 7.9697265625}
eval 365000 {'bpb': 1.6772248816164836, 'nats_per_token': 5.05703497046523, 'tokens': 16379, 'bytes': 71247}
{"event": "step", "step": 365200, "loss": 4.8651, "lr": 0.00030005286764447415, "gnorm": 9.098, "tok_per_s": 198609.5, "load": 7.5126953125}
{"event": "step", "step": 365400, "loss": 5.036, "lr": 0.0003000340196913123, "gnorm": 7.354, "tok_per_s": 200203.1, "load": 6.89208984375}
{"event": "step", "step": 365600, "loss": 5.0588, "lr": 0.00030001930953739523, "gnorm": 6.041, "tok_per_s": 200186.1, "load": 6.580078125}
{"event": "step", "step": 365800, "loss": 5.1954, "lr": 0.00030000873722781123, "gnorm": 6.995, "tok_per_s": 200200.8, "load": 6.02880859375}
{"event": "step", "step": 366000, "loss": 5.0837, "lr": 0.0003000023027949656, "gnorm": 7.174, "tok_per_s": 199057.2, "load": 5.931640625}
{"event": "step", "step": 366200, "loss": 5.0376, "lr": 0.0003000000062585807, "gnorm": 6.7, "tok_per_s": 170047.8, "load": 9.96533203125}
{"event": "step", "step": 366210, "loss": 5.0734, "lr": 0.0003000000000517238, "gnorm": 7.99, "tok_per_s": 4338123.5, "load": 9.96533203125}
FINAL vast_VA_d512_s0_3B {"bpb": 1.4692215913080324, "nats_per_token": 4.936361711380376, "tokens": 995323, "bytes": 4824566}
NEXT -> python3 track4_sdmllm_evaluate_floors_and_samples.py
END 2026-10-01T10:47:23Z rc=0
